group,iteration,AUC,Precision,Recall,F1,Accuracy
Overall,0,0.5737061970633157,0.607428987618354,0.7527075812274369,0.6723095525997581,0.5809278350515464
Gender: F,0,0.6148444718201417,0.6605890603085554,0.7915966386554621,0.7201834862385321,0.6253838280450358
Gender: M,0,0.5188910547974874,0.55,0.7076023391812866,0.618925831202046,0.5358255451713395
Age: Adult,0,0.5344349018711427,0.5432432432432432,0.7416974169741697,0.6271450858034321,0.5191146881287726
Age: Senior,0,0.5388905043455785,0.6641901931649331,0.8232044198895028,0.7351973684210527,0.6111111111111112
Age: Young,0,0.6284040095789094,0.5636363636363636,0.6326530612244898,0.5961538461538461,0.5902439024390244
Race: black,0,0.5089896979374001,0.727069351230425,0.9312320916905444,0.8165829145728644,0.6958333333333333
Race: others,0,0.5143608363590836,0.6051873198847262,0.8571428571428571,0.7094594594594594,0.5784313725490197
Race: white,0,0.5326363675813287,0.5164075993091537,0.5817120622568094,0.5471180237877402,0.529467680608365
Overall,1,0.5787015725223329,0.6150474799123448,0.7477797513321492,0.6749498997995992,0.5828189300411523
Gender: F,1,0.6038697747014115,0.6648575305291723,0.7980456026058632,0.7253886010362695,0.6282565130260521
Gender: M,1,0.5368123559907833,0.5569620253164557,0.6875,0.6153846153846154,0.5348837209302325
Age: Adult,1,0.5153313195243575,0.5622895622895623,0.7046413502109705,0.6254681647940075,0.5157384987893463
Age: Senior,1,0.5675003735245779,0.6797752808988764,0.8417391304347827,0.7521367521367521,0.6316397228637414
Age: Young,1,0.6134338650262217,0.5305555555555556,0.60828025477707,0.5667655786350149,0.5609022556390978
Race: black,1,0.4301336434957125,0.7256235827664399,0.9195402298850575,0.8111533586818758,0.6856540084388185
Race: others,1,0.4641423473939085,0.6314102564102564,0.8347457627118644,0.718978102189781,0.5826558265582655
Race: white,1,0.5710893200166349,0.5275974025974026,0.5996309963099631,0.5613126079447323,0.5386012715712988
Overall,2,0.5530642725062146,0.6217616580310881,0.7453416149068323,0.6779661016949152,0.5828541557762676
Gender: F,2,0.612337386502416,0.6423017107309487,0.8113948919449901,0.7170138888888888,0.6291240045506257
Gender: M,2,0.4949297516803584,0.6031073446327684,0.6909385113268608,0.6440422322775264,0.5435203094777563
Age: Adult,2,0.5609825373448348,0.5808383233532934,0.7918367346938775,0.6701208981001727,0.5649202733485194
Age: Senior,2,0.48834070341423286,0.6822995461422088,0.7884615384615384,0.7315490673154906,0.6078199052132701
Age: Young,2,0.600498991935484,0.547752808988764,0.6290322580645161,0.5855855855855856,0.5619047619047619
Race: black,2,0.3608508771929824,0.7106299212598425,0.95,0.8130630630630631,0.6867924528301886
Race: others,2,0.5013615912858157,0.6127819548872181,0.7912621359223301,0.690677966101695,0.5562310030395137
Race: white,2,0.5680009224128302,0.5476603119584056,0.5841035120147874,0.5652951699463328,0.538899430740038
Overall,3,0.5966536402528306,0.662589928057554,0.76814011676397,0.7114716106604867,0.6180981595092024
Gender: F,3,0.6228618897435072,0.6955958549222798,0.8338509316770186,0.7584745762711864,0.6679611650485436
Gender: M,3,0.5546732716544037,0.6213592233009708,0.6918918918918919,0.6547314578005116,0.562634989200864
Age: Adult,3,0.6243543388429752,0.6984536082474226,0.8212121212121212,0.754874651810585,0.6521739130434783
Age: Senior,3,0.5017130997607993,0.6591639871382636,0.7961165048543689,0.7211961301671064,0.5992414664981036
Age: Young,3,0.6506761137352969,0.631578947368421,0.6779661016949152,0.6539509536784741,0.6145675265553869
Race: black,3,0.5220313398504889,0.7690631808278867,0.9388297872340425,0.8455089820359282,0.7351129363449692
Race: others,3,0.5770601050877867,0.6705882352941176,0.8941176470588236,0.7663865546218488,0.6593137254901961
Race: white,3,0.5425909922006685,0.5752961082910322,0.5985915492957746,0.5867126833477135,0.5485391140433553
Overall,4,0.5726673315602836,0.6221098265895953,0.7632978723404256,0.6855095541401274,0.5936213991769548
Gender: F,4,0.6087050104291483,0.6340136054421769,0.8396396396396396,0.7224806201550388,0.627471383975026
Gender: M,4,0.5331375303281828,0.6086286594761171,0.6893542757417103,0.646481178396072,0.560528992878942
Age: Adult,4,0.5713811420982736,0.5828402366863905,0.7848605577689243,0.6689303904923599,0.5714285714285714
Age: Senior,4,0.516897193775768,0.6483180428134556,0.8233009708737864,0.7254063301967494,0.6022304832713755
Age: Young,4,0.6184349102209944,0.6122448979591837,0.6629834254143646,0.636604774535809,0.5982404692082112
Race: black,4,0.4615915119363395,0.7489626556016598,0.9575596816976127,0.840512223515716,0.7270916334661355
Race: others,4,0.47701448973209626,0.5491525423728814,0.8950276243093923,0.680672268907563,0.5529411764705883
Race: white,4,0.5576688431605329,0.556836902800659,0.5929824561403508,0.5743415463041631,0.5453720508166969
Overall,5,0.5681198317133324,0.5975702353834472,0.6964601769911505,0.6432366162648141,0.5599798387096774
Gender: F,5,0.6089576508285707,0.6329479768786127,0.7436332767402377,0.6838407494145199,0.6009852216748769
Gender: M,5,0.5146189990844231,0.5584,0.6451016635859519,0.5986277873070326,0.5170278637770898
Age: Adult,5,0.534920704716677,0.5248618784530387,0.6934306569343066,0.5974842767295597,0.5105162523900574
Age: Senior,5,0.5356240352536972,0.6397415185783522,0.7443609022556391,0.6880973066898349,0.5695443645083933
Age: Young,5,0.6052846025343274,0.5982142857142857,0.6203703703703703,0.6090909090909091,0.5885167464114832
Race: black,5,0.49743618450515004,0.6923076923076923,0.9592476489028213,0.8042049934296978,0.6753812636165577
Race: others,5,0.5297514985014985,0.519298245614035,0.8131868131868132,0.6338329764453962,0.5223463687150838
Race: white,5,0.5543436504512386,0.5644067796610169,0.5294117647058824,0.5463494667760459,0.5261353898886033
Overall,6,0.6018907896267417,0.6305031446540881,0.7284287011807448,0.6759376316898441,0.5896478121664888
Gender: F,6,0.6241971891543276,0.6694560669456067,0.8040201005025126,0.730593607305936,0.635427394438723
Gender: M,6,0.560717269363886,0.5801801801801801,0.6388888888888888,0.6081208687440982,0.540420819490587
Age: Adult,6,0.5875054736534814,0.5612535612535613,0.7943548387096774,0.657762938230384,0.5628997867803838
Age: Senior,6,0.5675688244047619,0.6848381601362862,0.7976190476190477,0.7369385884509624,0.6223684210526316
Age: Young,6,0.646160845659413,0.6077844311377245,0.5816618911174785,0.5944363103953147,0.5705426356589147
Race: black,6,0.5301117243235968,0.8079470198675497,0.9360613810741688,0.8672985781990521,0.7695473251028807
Race: others,6,0.48349068771603976,0.5329153605015674,0.7981220657276995,0.6390977443609023,0.5139240506329114
Race: white,6,0.5657675894074121,0.532,0.5352112676056338,0.5336008024072216,0.5317220543806647
Overall,7,0.5775624487553176,0.6508379888268156,0.772162386081193,0.7063281546040167,0.608388074785245
Gender: F,7,0.596558086132694,0.6989247311827957,0.8216292134831461,0.7553260167850226,0.6557674841053588
Gender: M,7,0.5368040720521139,0.5831932773109244,0.701010101010101,0.636697247706422,0.5489749430523918
Age: Adult,7,0.5793697168010595,0.5896656534954408,0.751937984496124,0.6609880749574105,0.5645514223194749
Age: Senior,7,0.5190354006299935,0.6880733944954128,0.8166969147005445,0.7468879668049793,0.624384236453202
Age: Young,7,0.622886064940085,0.6414253897550112,0.7236180904522613,0.680047225501771,0.6183098591549295
Race: black,7,0.46426551960903106,0.7484276729559748,0.9444444444444444,0.8350877192982457,0.7229862475442044
Race: others,7,0.5111347962382445,0.6657381615598886,0.8690909090909091,0.7539432176656151,0.6285714285714286
Race: white,7,0.5416308809828811,0.5637583892617449,0.6064981949458483,0.5843478260869566,0.5447619047619048
Overall,8,0.5851779624893436,0.6351648351648351,0.7391304347826086,0.6832151300236406,0.59249873289407
Gender: F,8,0.6432854940617061,0.6671348314606742,0.8147512864493996,0.7335907335907336,0.647239263803681
Gender: M,8,0.5156873822975518,0.6003062787136294,0.6644067796610169,0.6307320997586484,0.5386934673366834
Age: Adult,8,0.5723701701524282,0.6006191950464397,0.782258064516129,0.6795096322241682,0.5744186046511628
Age: Senior,8,0.4814162930225985,0.6692307692307692,0.7740213523131673,0.7178217821782178,0.5923718712753278
Age: Young,8,0.6697123191391386,0.6071428571428571,0.6556473829201102,0.6304635761589404,0.6036931818181818
Race: black,8,0.480891014569771,0.7604166666666666,0.9455958549222798,0.8429561200923787,0.7296222664015904
Race: others,8,0.5262822554953807,0.6116838487972509,0.827906976744186,0.7035573122529645,0.5844875346260388
Race: white,8,0.5542267322993579,0.5454545454545454,0.5664335664335665,0.5557461406518011,0.5329125338142471
Overall,9,0.5506096336523014,0.6006006006006006,0.7194244604316546,0.6546644844517185,0.5640495867768595
Gender: F,9,0.5919171679290813,0.6292286874154263,0.7921635434412265,0.7013574660633484,0.61328125
Gender: M,9,0.4957745785652763,0.5649241146711635,0.638095238095238,0.5992844364937389,0.5087719298245614
Age: Adult,9,0.5806691628264209,0.5779036827195467,0.7311827956989247,0.6455696202531646,0.5546719681908548
Age: Senior,9,0.4855951584114235,0.634584013050571,0.7811244979919679,0.7002700270027002,0.5763358778625954
Age: Young,9,0.5897675086107922,0.5655737704918032,0.6179104477611941,0.5905848787446505,0.5564142194744977
Race: black,9,0.34718095089146067,0.7103594080338267,0.9130434782608695,0.7990487514863258,0.6666666666666666
Race: others,9,0.4926501860712388,0.5514018691588785,0.8045454545454546,0.6543438077634011,0.5217391304347826
Race: white,9,0.5569140404550451,0.533457249070632,0.5477099236641222,0.5404896421845574,0.5298651252408478
Overall,10,0.6091449460608616,0.6192969334330591,0.7610294117647058,0.6828865979381443,0.6005194805194806
Gender: F,10,0.6468112158691538,0.6331444759206799,0.8156934306569343,0.7129186602870813,0.6326530612244898
Gender: M,10,0.5633882030178327,0.6038034865293186,0.7055555555555556,0.6507258753202391,0.5671957671957671
Age: Adult,10,0.6085311411149826,0.5267857142857143,0.7901785714285714,0.6321428571428571,0.5617021276595745
Age: Senior,10,0.5219224641529474,0.6612903225806451,0.780952380952381,0.7161572052401747,0.5906801007556675
Age: Young,10,0.6772568203887943,0.6325459317585301,0.7109144542772862,0.6694444444444444,0.6399394856278366
Race: black,10,0.5090939153439153,0.7520661157024794,0.9629629629629629,0.8445475638051044,0.7351778656126482
Race: others,10,0.5114975845410629,0.560126582278481,0.855072463768116,0.6768642447418738,0.5575916230366492
Race: white,10,0.5822183006827946,0.5344506517690876,0.5705765407554672,0.551923076923077,0.5506268081002893
Overall,11,0.5364340016672167,0.5986078886310905,0.6813380281690141,0.6372993001235077,0.5475089881869543
Gender: F,11,0.579879245012586,0.6110304789550073,0.759927797833935,0.6773934030571199,0.58098223615465
Gender: M,11,0.4910720301866451,0.5844370860927153,0.6065292096219931,0.5952782462057336,0.5151515151515151
Age: Adult,11,0.5504777131409638,0.5645645645645646,0.7315175097276264,0.6372881355932203,0.5337690631808278
Age: Senior,11,0.4384214948731078,0.6416938110749185,0.7060931899641577,0.6723549488054608,0.5379061371841155
Age: Young,11,0.5945241803886663,0.5549132947976878,0.5981308411214953,0.5757121439280359,0.5692541856925418
Race: black,11,0.5404633093063202,0.7122736418511066,0.9490616621983914,0.8137931034482758,0.7
Race: others,11,0.4545058139534884,0.5426356589147286,0.813953488372093,0.6511627906976745,0.5192307692307693
Race: white,11,0.5003390809228373,0.5204460966542751,0.47377326565143824,0.49601417183348095,0.480365296803653
Overall,12,0.5634158904268594,0.5813295615275813,0.7513711151736746,0.6555023923444976,0.562753036437247
Gender: F,12,0.5983193277310923,0.613314447592068,0.8033395176252319,0.695582329317269,0.6068464730290456
Gender: M,12,0.5198513612080352,0.5494350282485876,0.7009009009009008,0.615993665874901,0.5207509881422925
Age: Adult,12,0.5656260899895361,0.5066666666666667,0.8085106382978723,0.6229508196721312,0.5198329853862212
Age: Senior,12,0.5108952480966132,0.6417445482866043,0.7923076923076923,0.7091222030981067,0.5842558425584256
Age: Young,12,0.6154375614552605,0.5541561712846348,0.6489675516224189,0.5978260869565217,0.5672514619883041
Race: black,12,0.48316223996523816,0.7066115702479339,0.9473684210526315,0.8094674556213017,0.6867704280155642
Race: others,12,0.46987725088298304,0.5403726708074534,0.8613861386138614,0.6641221374045801,0.5281501340482574
Race: white,12,0.545521738250005,0.5032894736842105,0.576271186440678,0.5373134328358209,0.5160697887970616
Overall,13,0.5923821353065539,0.5861818181818181,0.7497674418604651,0.6579591836734694,0.5713554987212276
Gender: F,13,0.6213551755545008,0.6328233657858137,0.7996485061511424,0.7065217391304348,0.6142857142857143
Gender: M,13,0.5421888299889598,0.5350609756097561,0.6936758893280632,0.6041308089500861,0.5282051282051282
Age: Adult,13,0.6368744787322769,0.5339233038348082,0.8302752293577982,0.6499102333931778,0.5547945205479452
Age: Senior,13,0.5145226152860332,0.6215827338129496,0.7970479704797048,0.698464025869038,0.5742009132420092
Age: Young,13,0.6493572889278412,0.5659824046920822,0.6126984126984127,0.5884146341463414,0.5787831513260531
Race: black,13,0.43051681706316647,0.7489082969432315,0.9245283018867925,0.827503015681544,0.7057613168724279
Race: others,13,0.49299893022702956,0.584045584045584,0.8723404255319149,0.6996587030716723,0.5748792270531401
Race: white,13,0.5526899874105825,0.4558303886925795,0.5501066098081023,0.4985507246376812,0.5080568720379147
Overall,14,0.5890278682845147,0.6358974358974359,0.7374681393372983,0.6829268292682927,0.5972013993003499
Gender: F,14,0.5926905493055279,0.6520051746442432,0.7912087912087912,0.7148936170212766,0.6242990654205608
Gender: M,14,0.5779909065075306,0.6148648648648649,0.674074074074074,0.6431095406360424,0.5660580021482277
Age: Adult,14,0.6174908424908425,0.6326530612244898,0.8037037037037037,0.7079934747145188,0.6039823008849557
Age: Senior,14,0.4844949628454783,0.6577708006279435,0.7162393162393162,0.6857610474631751,0.5616438356164384
Age: Young,14,0.6697368653890393,0.6025974025974026,0.7204968944099379,0.6562942008486563,0.6389301634472511
Race: black,14,0.4691283292978208,0.7422222222222222,0.9542857142857143,0.835,0.717948717948718
Race: others,14,0.47064007049587436,0.5871559633027523,0.8767123287671232,0.7032967032967034,0.5846153846153846
Race: white,14,0.5971855017215937,0.5816326530612245,0.5625,0.5719063545150501,0.5520559930008749
Overall,15,0.5563868315150647,0.5900297619047619,0.7255260750228728,0.6508001641362331,0.554683411826269
Gender: F,15,0.5904576481359155,0.6248348745046235,0.8057921635434412,0.7038690476190477,0.6128404669260701
Gender: M,15,0.5048384898459861,0.545144804088586,0.6324110671936759,0.585544373284538,0.4869762174405436
Age: Adult,15,0.5839345013168442,0.5377643504531722,0.7235772357723578,0.6169844020797227,0.5185185185185185
Age: Senior,15,0.4819605960382659,0.6302003081664098,0.7490842490842491,0.6845188284518828,0.5590643274853802
Age: Young,15,0.6197640747059352,0.5659340659340659,0.6843853820598007,0.6195488721804512,0.576214405360134
Race: black,15,0.4723850979388043,0.7780269058295964,0.9506849315068493,0.8557336621454994,0.7521186440677966
Race: others,15,0.5076562202324251,0.5630026809651475,0.9051724137931034,0.6942148760330579,0.5520581113801453
Race: white,15,0.4733985088253196,0.44952380952380955,0.47580645161290325,0.4622918707149853,0.4649122807017544
Overall,16,0.5760953160109853,0.59,0.724952741020794,0.6505513146734521,0.5676810073452256
Gender: F,16,0.622587713732159,0.6468023255813954,0.7793345008756567,0.7069102462271644,0.6253807106598985
Gender: M,16,0.5098860700801483,0.5261437908496732,0.6611909650924025,0.5859872611464968,0.505971769815418
Age: Adult,16,0.5535190615835777,0.6024844720496895,0.766798418972332,0.6747826086956522,0.5740318906605922
Age: Senior,16,0.5484341646626496,0.6099173553719008,0.7752100840336135,0.6827012025901943,0.5641677255400254
Age: Young,16,0.6056815524900631,0.546916890080429,0.6200607902735562,0.5811965811965812,0.5676470588235294
Race: black,16,0.47903453136011276,0.6953316953316954,0.9188311688311688,0.7916083916083916,0.6590389016018307
Race: others,16,0.4601239669421488,0.636085626911315,0.859504132231405,0.7311072056239016,0.599476439790576
Race: white,16,0.5536085839011056,0.4876325088339223,0.5433070866141733,0.5139664804469274,0.5197792088316467
Overall,17,0.5407951196255202,0.5933429811866859,0.7321428571428571,0.6554756195043965,0.5565843621399177
Gender: F,17,0.5857817634173056,0.5726495726495726,0.8072289156626506,0.67,0.5778251599147122
Gender: M,17,0.5046808011789925,0.6147058823529412,0.6720257234726688,0.642089093701997,0.536779324055666
Age: Adult,17,0.4952344682778212,0.5125786163522013,0.7180616740088106,0.5981651376146789,0.5034013605442177
Age: Senior,17,0.49006145985305083,0.637223974763407,0.781431334622824,0.7019982623805386,0.5765432098765432
Age: Young,17,0.6196850459762399,0.5883720930232558,0.6728723404255319,0.6277915632754343,0.5670995670995671
Race: black,17,0.5107650327776113,0.7063492063492064,0.9417989417989417,0.8072562358276644,0.6834264432029795
Race: others,17,0.41709401709401706,0.5419161676646707,0.8044444444444444,0.6475849731663685,0.5
Race: white,17,0.5304915143195857,0.5202205882352942,0.5473887814313346,0.5334590009425071,0.5113524185587365
Overall,18,0.5417640704772192,0.6197085357390701,0.7380165289256199,0.6737080347038853,0.5719940623453735
Gender: F,18,0.5839383561643836,0.6215846994535519,0.7791095890410958,0.6914893617021277,0.5873983739837398
Gender: M,18,0.49650194724936453,0.6177715091678421,0.6996805111821086,0.6561797752808989,0.5573770491803278
Age: Adult,18,0.5804374186679285,0.6275,0.7943037974683544,0.7011173184357542,0.5962264150943396
Age: Senior,18,0.4654824649048309,0.6404320987654321,0.767097966728281,0.6980656013456686,0.5710872162485066
Age: Young,18,0.5849905414435357,0.5776081424936387,0.6430594900849859,0.6085790884718498,0.5535168195718655
Race: black,18,0.38398299345323206,0.7330595482546202,0.9201030927835051,0.816,0.6933333333333334
Race: others,18,0.4845877659574468,0.5946745562130178,0.8553191489361702,0.7015706806282722,0.5670886075949367
Race: white,18,0.5392038260892622,0.5438311688311688,0.5706984667802385,0.5569409808811305,0.5158946412352406
Overall,19,0.5484398969975893,0.5767195767195767,0.724596391263058,0.6422558922558923,0.5490716180371353
Gender: F,19,0.5946850741002118,0.6269070735090153,0.8293577981651377,0.7140600315955766,0.6233090530697191
Gender: M,19,0.48206579345851,0.5166112956810631,0.6122047244094488,0.5603603603603604,0.47186147186147187
Age: Adult,19,0.5336350501444842,0.5111111111111111,0.7252252252252253,0.5996275605214153,0.5046082949308756
Age: Senior,19,0.48134046094104593,0.6037441497659907,0.7709163346613546,0.6771653543307087,0.5488997555012225
Age: Young,19,0.608652615581507,0.5858310626702997,0.6534954407294833,0.617816091954023,0.5797788309636651
Race: black,19,0.43829842543077835,0.7235772357723578,0.9518716577540107,0.8221709006928406,0.7027027027027027
Race: others,19,0.5312187812187812,0.5257352941176471,0.7857142857142857,0.6299559471365639,0.515850144092219
Race: white,19,0.5032143145680971,0.47227191413237923,0.5311871227364185,0.5,0.4823529411764706
Overall,20,0.5786816222621001,0.6210078069552875,0.7569204152249135,0.682261208576998,0.5846075433231397
Gender: F,20,0.5732665243833945,0.6402048655569782,0.8103727714748784,0.7153075822603719,0.6101860920666013
Gender: M,20,0.5760667903525047,0.5971337579617835,0.6957328385899815,0.6426735218508998,0.5568544102019128
Age: Adult,20,0.5530810752064919,0.5718232044198895,0.7723880597014925,0.6571428571428571,0.5443037974683544
Age: Senior,20,0.5628661487519104,0.6434108527131783,0.7980769230769231,0.7124463519313304,0.5924574209245742
Age: Young,20,0.6144860665304932,0.6293532338308457,0.6875,0.6571428571428571,0.6036036036036037
Race: black,20,0.45037729658792647,0.7417355371900827,0.9422572178477691,0.8300578034682081,0.7111984282907662
Race: others,20,0.4808593376470214,0.6270096463022508,0.851528384279476,0.7222222222222222,0.5901639344262295
Race: white,20,0.5620747090248015,0.5228013029315961,0.5879120879120879,0.553448275862069,0.5234590616375345
Overall,21,0.5576016088910287,0.6397212543554007,0.7403225806451613,0.6863551401869159,0.5895303326810176
Gender: F,21,0.599430494542066,0.6662087912087912,0.7747603833865815,0.7163958641063516,0.6198019801980198
Gender: M,21,0.5025632076935008,0.6124469589816125,0.7052117263843648,0.6555639666919001,0.5599613152804642
Age: Adult,21,0.5358495670995671,0.5446927374301676,0.6770833333333334,0.6037151702786377,0.5067437379576107
Age: Senior,21,0.48904562870080115,0.6823855755894591,0.8282828282828283,0.7482889733840304,0.6255656108597285
Age: Young,21,0.6375229484572714,0.648876404494382,0.6452513966480447,0.6470588235294118,0.6068642745709828
Race: black,21,0.4734399776140285,0.7642857142857142,0.9448123620309051,0.8450148075024679,0.7361344537815127
Race: others,21,0.4608842697738718,0.6165644171779141,0.8137651821862348,0.7015706806282722,0.583941605839416
Race: white,21,0.5223263424066636,0.5264116575591985,0.5351851851851852,0.5307621671258035,0.5077071290944123
Overall,22,0.563766181089382,0.6224340175953079,0.7421328671328671,0.6770334928229665,0.5846153846153846
Gender: F,22,0.6037352398147349,0.6153846153846154,0.8043875685557587,0.6973058637083994,0.5978947368421053
Gender: M,22,0.5280517558844678,0.6302003081664098,0.6850921273031826,0.6565008025682183,0.572
Age: Adult,22,0.6048329069395586,0.5533707865168539,0.8347457627118644,0.6655405405405406,0.5580357142857143
Age: Senior,22,0.45045042221205267,0.6798825256975036,0.7807757166947723,0.7268445839874411,0.5962877030162413
Age: Young,22,0.6402393162393163,0.5779816513761468,0.6,0.5887850467289719,0.5875
Race: black,22,0.48138123359580054,0.7713675213675214,0.9401041666666666,0.8474178403755869,0.7455968688845401
Race: others,22,0.4802100826500708,0.5226480836236934,0.7853403141361257,0.6276150627615062,0.49142857142857144
Race: white,22,0.542687914019197,0.555008210180624,0.5940246045694201,0.5738539898132428,0.5390266299357208
Overall,23,0.5908832015753559,0.631189948263119,0.7484662576687117,0.6848436246992783,0.5937984496124031
Gender: F,23,0.6294511316812833,0.6636828644501279,0.8277511961722488,0.7366926898509581,0.6432692307692308
Gender: M,23,0.5386475280084153,0.5866900175131349,0.6517509727626459,0.6175115207373272,0.5363128491620112
Age: Adult,23,0.5546940569921266,0.5747126436781609,0.7633587786259542,0.6557377049180327,0.5364238410596026
Age: Senior,23,0.5605573752366737,0.6847133757961783,0.8052434456928839,0.7401032702237521,0.6248447204968944
Age: Young,23,0.629059717129387,0.5941644562334217,0.6492753623188405,0.6204986149584487,0.5952732644017725
Race: black,23,0.5496071004579117,0.7656565656565657,0.949874686716792,0.8478747203579419,0.7443609022556391
Race: others,23,0.515458789316599,0.5671641791044776,0.867579908675799,0.6859205776173285,0.5628140703517588
Race: white,23,0.554122402672104,0.5449330783938815,0.5449330783938815,0.5449330783938815,0.5263681592039801
Overall,24,0.5810461227503521,0.6173913043478261,0.7428073234524848,0.6743173723783142,0.582233502538071
Gender: F,24,0.619333187122479,0.6657223796033994,0.8117443868739206,0.7315175097276264,0.6394984326018809
Gender: M,24,0.532695046684602,0.5667655786350149,0.6725352112676056,0.6151368760064412,0.5281342546890424
Age: Adult,24,0.5593148549742477,0.5317919075144508,0.7419354838709677,0.6195286195286195,0.5349794238683128
Age: Senior,24,0.5214792032806093,0.6565217391304348,0.7961335676625659,0.7196187450357426,0.5937859608745685
Age: Young,24,0.658989898989899,0.625,0.6515151515151515,0.6379821958456974,0.6032520325203252
Race: black,24,0.5235516894490798,0.7578288100208769,0.937984496124031,0.8383371824480369,0.7297297297297297
Race: others,24,0.506214956427751,0.6411960132890365,0.8539823008849557,0.7324478178368121,0.6050420168067226
Race: white,24,0.5215606160748263,0.49333333333333335,0.5543071161048689,0.5220458553791887,0.5050228310502283
Overall,25,0.6054619828938895,0.6503340757238307,0.7657342657342657,0.7033319951826575,0.6140992167101827
Gender: F,25,0.6345046948356807,0.6775106082036775,0.8433098591549296,0.7513725490196078,0.6638388123011665
Gender: M,25,0.5638218118686869,0.6203125,0.6892361111111112,0.6529605263157895,0.565843621399177
Age: Adult,25,0.618770921493084,0.5548387096774193,0.7713004484304933,0.6454033771106942,0.5665137614678899
Age: Senior,25,0.5475922781576491,0.7122861586314152,0.8091872791519434,0.7576509511993383,0.6323713927227101
Age: Young,25,0.6353189473230823,0.6243654822335025,0.6929577464788732,0.6568758344459279,0.6231671554252199
Race: black,25,0.4669561423555565,0.7468354430379747,0.9340369393139841,0.8300117233294255,0.7134387351778656
Race: others,25,0.5240214390125061,0.6466876971608833,0.8723404255319149,0.7427536231884058,0.6120218579234973
Race: white,25,0.5926974143955276,0.5701438848920863,0.5981132075471698,0.583793738489871,0.5666347075743049
Overall,26,0.565788964248136,0.6031390134529148,0.7296564195298373,0.660392798690671,0.5631578947368421
Gender: F,26,0.5826580748057828,0.6312925170068027,0.7877758913412564,0.7009063444108762,0.5979695431472081
Gender: M,26,0.5409324183781578,0.5688225538971807,0.6634429400386848,0.6125,0.5256830601092897
Age: Adult,26,0.5216962524654832,0.6407766990291263,0.7810650887573964,0.704,0.585820895522388
Age: Senior,26,0.5465586243988864,0.599647266313933,0.7744874715261959,0.6759443339960238,0.5515818431911967
Age: Young,26,0.5850422373978605,0.5654596100278552,0.6170212765957447,0.5901162790697675,0.5572998430141287
Race: black,26,0.47260345840678253,0.7219827586206896,0.9279778393351801,0.8121212121212121,0.6855983772819473
Race: others,26,0.47377657297760023,0.5579937304075235,0.827906976744186,0.6666666666666666,0.5291005291005291
Race: white,26,0.5387340719174197,0.5297297297297298,0.5547169811320755,0.5419354838709678,0.5170068027210885
Overall,27,0.5970595833550427,0.6270430906389302,0.7475642161204605,0.682020202020202,0.5953727506426735
Gender: F,27,0.6220788853721958,0.6644295302013423,0.8490566037735849,0.7454819277108434,0.6585858585858586
Gender: M,27,0.5613082923596371,0.5806988352745425,0.6391941391941391,0.6085440278988666,0.5298429319371728
Age: Adult,27,0.5580807070868661,0.6180758017492711,0.7969924812030075,0.6962233169129721,0.5925110132158591
Age: Senior,27,0.5309495623475391,0.6604068857589984,0.7644927536231884,0.7086481947942905,0.5941520467836258
Age: Young,27,0.671412317585951,0.5769230769230769,0.6752411575562701,0.6222222222222222,0.5990566037735849
Race: black,27,0.46863634546980537,0.7422680412371134,0.9424083769633508,0.8304498269896193,0.7134502923976608
Race: others,27,0.5585055969671354,0.592814371257485,0.8571428571428571,0.7008849557522124,0.5775
Race: white,27,0.5727964815816357,0.5426944971537002,0.5542635658914729,0.548418024928092,0.5436046511627907
Overall,28,0.5561490370071595,0.6235045742434905,0.7540425531914894,0.6825885978428351,0.591877166914314
Gender: F,28,0.5773280108317576,0.6362297496318114,0.7926605504587156,0.7058823529411765,0.6162046908315565
Gender: M,28,0.5352444303663816,0.6118598382749326,0.7206349206349206,0.6618075801749271,0.5707678075855689
Age: Adult,28,0.5908629690849876,0.6368563685636857,0.7807308970099668,0.7014925373134329,0.6031746031746031
Age: Senior,28,0.47629629629629633,0.6676136363636364,0.8173913043478261,0.7349491790461298,0.6112385321100917
Age: Young,28,0.5906315625729176,0.5201149425287356,0.6053511705685619,0.5595054095826894,0.5567651632970451
Race: black,28,0.4264589235127479,0.7080745341614907,0.9688385269121813,0.8181818181818182,0.6978131212723658
Race: others,28,0.5142682429677946,0.5863192182410424,0.8071748878923767,0.6792452830188679,0.5618556701030928
Race: white,28,0.5631155896247999,0.5768621236133122,0.6076794657762938,0.591869918699187,0.5549645390070922
Overall,29,0.6017949047573941,0.6373707533234859,0.7610229276895943,0.6937299035369775,0.6022964509394572
Gender: F,29,0.639613573742374,0.6152758132956153,0.8070500927643784,0.6982343499197432,0.6147540983606558
Gender: M,29,0.5732188527584947,0.6615146831530139,0.719327731092437,0.6892109500805152,0.5893617021276596
Age: Adult,29,0.6364370525580583,0.6075581395348837,0.8393574297188755,0.7048903878583473,0.5958429561200924
Age: Senior,29,0.4840405697665747,0.6646706586826348,0.7615780445969125,0.709832134292566,0.5884353741496599
Age: Young,29,0.7053367737934395,0.6140350877192983,0.695364238410596,0.6521739130434783,0.627287853577371
Race: black,29,0.48935632183908045,0.7334754797441365,0.9885057471264368,0.8421052631578947,0.7272727272727273
Race: others,29,0.5021317350469601,0.6576576576576577,0.9201680672268907,0.7670753064798599,0.6443850267379679
Race: white,29,0.5869905571822857,0.5434782608695652,0.5474452554744526,0.5454545454545454,0.5322731524789522
Overall,30,0.6280521851745698,0.6539293439077145,0.7798796216680998,0.7113725490196079,0.6269640141915864
Gender: F,30,0.6437653747780331,0.6195190947666195,0.7920433996383364,0.6952380952380952,0.6148445336008024
Gender: M,30,0.6180932545014781,0.6897058823529412,0.7688524590163934,0.7271317829457364,0.639344262295082
Age: Adult,30,0.576059029450493,0.5994318181818182,0.7250859106529209,0.656298600311042,0.5623762376237624
Age: Senior,30,0.5935031521766216,0.7244897959183674,0.8452380952380952,0.7802197802197802,0.6747967479674797
Age: Young,30,0.6886746173636245,0.5702005730659025,0.7007042253521126,0.6287519747235387,0.6128500823723229
Race: black,30,0.5220490716180372,0.7868561278863233,0.9547413793103449,0.8627069133398247,0.7626262626262627
Race: others,30,0.46495247000155826,0.5798045602605864,0.8599033816425121,0.6926070038910506,0.56353591160221
Race: white,30,0.6157878435927215,0.5531914893617021,0.5813008130081301,0.5668979187314173,0.5703048180924287
Overall,31,0.5946176783320235,0.6350308641975309,0.7381165919282511,0.6827042720862713,0.5954521417239556
Gender: F,31,0.6392397086433489,0.6647398843930635,0.7876712328767124,0.7210031347962382,0.6359918200408998
Gender: M,31,0.529308525847704,0.6009933774834437,0.6836158192090396,0.639647577092511,0.552026286966046
Age: Adult,31,0.5964506172839508,0.5852842809364549,0.6944444444444444,0.6352087114337568,0.5533333333333333
Age: Senior,31,0.499002868005069,0.6525821596244131,0.8065764023210832,0.7214532871972318,0.6009913258983891
Age: Young,31,0.6690299855491328,0.6452513966480447,0.6676300578034682,0.65625,0.6182965299684543
Race: black,31,0.4707394646170156,0.7446300715990454,0.9096209912536443,0.8188976377952756,0.695364238410596
Race: others,31,0.49143255924452106,0.6146496815286624,0.8539823008849557,0.7148148148148148,0.5893333333333334
Race: white,31,0.5802406813045112,0.5648312611012434,0.5824175824175825,0.5734896302975654,0.555032925682032
Overall,32,0.5795113913588872,0.6186046511627907,0.7080745341614907,0.6603227141083988,0.5838824125696909
Gender: F,32,0.6040081755593805,0.6412884333821376,0.7821428571428571,0.7047465808527755,0.6235897435897436
Gender: M,32,0.5519115956084246,0.5930807248764415,0.6349206349206349,0.6132879045996593,0.5450901803607214
Age: Adult,32,0.47783607548473456,0.565359477124183,0.6947791164658634,0.6234234234234234,0.5195402298850574
Age: Senior,32,0.5206997725157688,0.6324503311258278,0.75049115913556,0.6864330637915543,0.5707257072570726
Age: Young,32,0.6781728631893061,0.6394736842105263,0.6585365853658537,0.6488651535380507,0.6372413793103449
Race: black,32,0.42320620692571137,0.729490022172949,0.9320113314447592,0.818407960199005,0.7002053388090349
Race: others,32,0.5146488525286868,0.5482866043613707,0.8461538461538461,0.665406427221172,0.5449871465295629
Race: white,32,0.5777235431514643,0.5656370656370656,0.5176678445229682,0.540590405904059,0.5460346399270738
Overall,33,0.6055274056343849,0.622511485451761,0.7472426470588235,0.6791979949874687,0.6045314109165808
Gender: F,33,0.6098456930351525,0.64,0.7762128325508607,0.7015558698727016,0.6177536231884058
Gender: M,33,0.5960660937473162,0.5969868173258004,0.7060133630289532,0.6469387755102041,0.5871121718377088
Age: Adult,33,0.5466324036802761,0.6151515151515151,0.6858108108108109,0.6485623003194888,0.5454545454545454
Age: Senior,33,0.5213195399467695,0.6247933884297521,0.7991543340380549,0.7012987012987013,0.5882352941176471
Age: Young,33,0.6961442884363777,0.6253369272237197,0.7272727272727273,0.672463768115942,0.665680473372781
Race: black,33,0.520926882203263,0.75,0.9541984732824428,0.8398656215005599,0.7296786389413988
Race: others,33,0.542059748427673,0.6262295081967213,0.9009433962264151,0.7388781431334622,0.6207865168539326
Race: white,33,0.54060351606178,0.4930139720558882,0.5113871635610766,0.5020325203252033,0.5364238410596026
Overall,34,0.5659395226547755,0.6388888888888888,0.7468776019983348,0.6886756238003838,0.5945
Gender: F,34,0.5908747080472786,0.6437768240343348,0.7922535211267606,0.7103393843725335,0.6200828157349897
Gender: M,34,0.5418483806282084,0.6340425531914894,0.7061611374407583,0.6681614349775785,0.5705996131528046
Age: Adult,34,0.5918341708542714,0.6473551637279596,0.803125,0.7168758716875872,0.6088631984585742
Age: Senior,34,0.4342063970274409,0.646875,0.7379679144385026,0.6894254787676936,0.5585798816568047
Age: Young,34,0.6654074367088607,0.6158038147138964,0.70625,0.6579330422125182,0.6305031446540881
Race: black,34,0.43421963843125816,0.7078189300411523,0.9529085872576177,0.8122786304604487,0.6900584795321637
Race: others,34,0.540661938534279,0.6198083067092651,0.8622222222222222,0.7211895910780669,0.5901639344262295
Race: white,34,0.5745701982711526,0.5933884297520661,0.583739837398374,0.5885245901639344,0.552185548617306
Overall,35,0.5694268613412821,0.6363013698630137,0.7735220649458784,0.6982337467117625,0.6000996015936255
Gender: F,35,0.6122702147317447,0.6480304955527318,0.8388157894736842,0.7311827956989247,0.6327130264446621
Gender: M,35,0.5200370652536787,0.6225854383358098,0.7065767284991569,0.6619273301737757,0.5663627152988855
Age: Adult,35,0.5787779787254731,0.6389684813753582,0.7935943060498221,0.707936507936508,0.603448275862069
Age: Senior,35,0.47637788955479454,0.6416893732970027,0.8065068493150684,0.7147192716236722,0.584070796460177
Age: Young,35,0.6477913533834586,0.623342175066313,0.6994047619047619,0.6591865357643759,0.6203125
Race: black,35,0.44722388059701496,0.7941176470588235,0.9786780383795309,0.8767908309455588,0.7828282828282829
Race: others,35,0.5154232055569847,0.5894428152492669,0.8739130434782608,0.7040280210157618,0.5764411027568922
Race: white,35,0.5271584228388592,0.49722735674676527,0.5358565737051793,0.5158197507190796,0.5024630541871922
Overall,36,0.6012436002046243,0.6143977191732003,0.7689562890276539,0.6830427892234548,0.5928753180661578
Gender: F,36,0.6108669108669108,0.6320630749014454,0.8222222222222222,0.7147102526002972,0.6257309941520468
Gender: M,36,0.5812655086848635,0.5934579439252337,0.710820895522388,0.6468590831918506,0.556975505857295
Age: Adult,36,0.5931534590071175,0.5681233933161953,0.8095238095238095,0.6676737160120846,0.5761078998073218
Age: Senior,36,0.5568181818181818,0.6442622950819672,0.7766798418972332,0.7043010752688172,0.5875
Age: Young,36,0.6641370421668207,0.6138613861386139,0.7251461988304093,0.6648793565683646,0.6130030959752322
Race: black,36,0.4345754499307798,0.7693920335429769,0.9314720812182741,0.8427095292766934,0.7281746031746031
Race: others,36,0.5048086056231003,0.5613079019073569,0.9196428571428571,0.6971235194585449,0.5655339805825242
Race: white,36,0.5681424274863639,0.516994633273703,0.5745526838966203,0.544256120527307,0.5386081982840801
Overall,37,0.5845120065144799,0.6371814092953523,0.7136859781696053,0.6732673267326733,0.5915841584158416
Gender: F,37,0.6392454042373005,0.6585695006747638,0.7909238249594813,0.7187039764359352,0.6399622997172478
Gender: M,37,0.5206004796597131,0.6104553119730185,0.6306620209059234,0.6203941730934018,0.5380604796663191
Age: Adult,37,0.5761473520094209,0.6204986149584487,0.7542087542087542,0.6808510638297872,0.58
Age: Senior,37,0.49934232726621625,0.6387959866220736,0.7655310621242485,0.6964448495897904,0.5784810126582278
Age: Young,37,0.6629812960513884,0.6506666666666666,0.6177215189873417,0.6337662337662338,0.6136986301369863
Race: black,37,0.44981904761904756,0.7661290322580645,0.9047619047619048,0.8296943231441049,0.7137614678899082
Race: others,37,0.517501776830135,0.5518394648829431,0.8208955223880597,0.66,0.5392953929539296
Race: white,37,0.5728528410578685,0.5658627087198516,0.5350877192982456,0.5500450856627592,0.5488245931283906
Overall,38,0.5667114958362626,0.5989096573208723,0.675153643546971,0.634750309533636,0.5512170385395537
Gender: F,38,0.6324596774193548,0.6397058823529411,0.7767857142857143,0.7016129032258065,0.6157840083073728
Gender: M,38,0.49196690364300916,0.5529801324503312,0.5768566493955095,0.5646661031276415,0.489593657086224
Age: Adult,38,0.508720011795185,0.5233333333333333,0.6514522821576764,0.5804066543438078,0.4817351598173516
Age: Senior,38,0.4871706694769538,0.6614906832298136,0.7041322314049587,0.6821457165732586,0.5603543743078627
Age: Young,38,0.6699416362057475,0.5470588235294118,0.6348122866894198,0.5876777251184834,0.5863708399366085
Race: black,38,0.5068054346774973,0.7832618025751072,0.9530026109660574,0.8598351001177856,0.7576374745417516
Race: others,38,0.4769580200501253,0.5187713310580204,0.8,0.629399585921325,0.5
Race: white,38,0.515580691615228,0.48,0.4452296819787986,0.461961503208066,0.4772929652715939
Overall,39,0.6273257735398727,0.6482014388489209,0.7841601392515231,0.709728239464356,0.6255081300813008
Gender: F,39,0.6647019285455767,0.6724137931034483,0.8257328990228013,0.7412280701754386,0.6644549763033175
Gender: M,39,0.5759704297087476,0.6194968553459119,0.7364485981308411,0.672929120409906,0.5805038335158818
Age: Adult,39,0.626010118754831,0.5921787709497207,0.7969924812030075,0.6794871794871795,0.5833333333333334
Age: Senior,39,0.532273753372364,0.6536731634182908,0.8241965973534972,0.7290969899665551,0.6133651551312649
Age: Young,39,0.714560429073141,0.6931506849315069,0.7146892655367232,0.7037552155771906,0.6723076923076923
Race: black,39,0.4894172653666325,0.7818181818181819,0.979746835443038,0.8696629213483146,0.7707509881422925
Race: others,39,0.5252265597769258,0.6085626911314985,0.8728070175438597,0.7171171171171171,0.5857519788918206
Race: white,39,0.5959359278044385,0.5545774647887324,0.5988593155893536,0.5758683729433273,0.5715604801477377
Overall,40,0.6007146504961033,0.6373779637377964,0.7825342465753424,0.7025365103766333,0.6063072227873856
Gender: F,40,0.6371502537019778,0.628032345013477,0.8396396396396396,0.7185813415574402,0.6313131313131313
Gender: M,40,0.5661988414472472,0.6473988439306358,0.7308319738988581,0.6865900383141762,0.5809426229508197
Age: Adult,40,0.5632151029748284,0.6136363636363636,0.7993421052631579,0.6942857142857143,0.5812133072407045
Age: Senior,40,0.5300089657718474,0.6595419847328244,0.8059701492537313,0.72544080604534,0.6007326007326007
Age: Young,40,0.6854559312638581,0.6240208877284595,0.7286585365853658,0.6722925457102672,0.6336477987421384
Race: black,40,0.5364112139701241,0.8083333333333333,0.9897959183673469,0.8899082568807339,0.803680981595092
Race: others,40,0.46643292682926835,0.555205047318612,0.8585365853658536,0.6743295019157088,0.5342465753424658
Race: white,40,0.5602536005516153,0.5494505494505495,0.6129597197898424,0.5794701986754967,0.5431654676258992
Overall,41,0.5863014492046751,0.6386785960082588,0.76003276003276,0.694091249065071,0.5964479526393686
Gender: F,41,0.5785509923221787,0.6821885913853318,0.827683615819209,0.7479259731971921,0.6402550091074681
Gender: M,41,0.5734039961013645,0.5757575757575758,0.6666666666666666,0.6178861788617886,0.5446716899892358
Age: Adult,41,0.5339757286872673,0.6291866028708134,0.7781065088757396,0.6957671957671958,0.5848375451263538
Age: Senior,41,0.5767518097536195,0.662828947368421,0.8125,0.730072463768116,0.6026666666666667
Age: Young,41,0.6238272117632582,0.6135831381733021,0.6770025839793282,0.6437346437346437,0.598893499308437
Race: black,41,0.5202212602212603,0.7458333333333333,0.9298701298701298,0.8277456647398844,0.7134615384615385
Race: others,41,0.48381555153707057,0.5744047619047619,0.7877551020408163,0.6643717728055077,0.5161290322580645
Race: white,41,0.5744583304472878,0.5918367346938775,0.637901861252115,0.6140065146579805,0.5706521739130435
Overall,42,0.559481288767381,0.6189111747851003,0.7365728900255755,0.6726352666407163,0.5763224181360201
Gender: F,42,0.5720215160050479,0.6059743954480796,0.799249530956848,0.6893203883495146,0.5844155844155844
Gender: M,42,0.5549398752969121,0.6320346320346321,0.684375,0.6571642910727682,0.5692742695570217
Age: Adult,42,0.5269031915951348,0.5994550408719346,0.7692307692307693,0.6738131699846861,0.5714285714285714
Age: Senior,42,0.5108227604767397,0.6423017107309487,0.7648148148148148,0.6982248520710059,0.5693606755126659
Age: Young,42,0.6221181556195965,0.5984455958549223,0.6657060518731989,0.6302864938608458,0.5887708649468892
Race: black,42,0.4976003226456947,0.7032258064516129,0.956140350877193,0.8104089219330854,0.6858316221765913
Race: others,42,0.5032364973331261,0.6175548589341693,0.8008130081300813,0.6973451327433628,0.575682382133995
Race: white,42,0.5465694653929948,0.5555555555555556,0.5811965811965812,0.5680868838763575,0.5278538812785388
Overall,43,0.5769111017998325,0.6008553100498931,0.7642792384406165,0.6727853152434158,0.582059123343527
Gender: F,43,0.5943925356117887,0.6175637393767706,0.7827648114901257,0.6904196357878069,0.5960743801652892
Gender: M,43,0.553696117870225,0.5839311334289814,0.7454212454212454,0.6548672566371682,0.56841046277666
Age: Adult,43,0.5804613561468158,0.554945054945055,0.7509293680297398,0.6382306477093207,0.5401606425702812
Age: Senior,43,0.5085149156939041,0.6391437308868502,0.8132295719844358,0.7157534246575342,0.5921375921375921
Age: Young,43,0.6360842803030302,0.5792207792207792,0.696875,0.6326241134751773,0.6015384615384616
Race: black,43,0.48232521602513745,0.6889848812095032,0.9522388059701492,0.7994987468671679,0.6714579055441479
Race: others,43,0.5345290476545604,0.6343490304709142,0.9051383399209486,0.745928338762215,0.6213592233009708
Race: white,43,0.5499167316278082,0.5094991364421416,0.5728155339805825,0.5393053016453382,0.5258701787394168
Overall,44,0.5738293336202706,0.6529041287613716,0.735224586288416,0.6916234247590808,0.5873015873015873
Gender: F,44,0.6115454717713192,0.6714285714285714,0.8420195439739414,0.7471098265895953,0.6410256410256411
Gender: M,44,0.5377783490883202,0.6312594840667678,0.6351145038167939,0.6331811263318112,0.5369836695485111
Age: Adult,44,0.5995985243055555,0.6109510086455331,0.828125,0.703150912106136,0.5894495412844036
Age: Senior,44,0.49882667828576766,0.7012987012987013,0.7653543307086614,0.7319277108433735,0.5990990990990991
Age: Young,44,0.6230495736865164,0.6041131105398457,0.6216931216931217,0.6127770534550195,0.5708092485549133
Race: black,44,0.42835151301900065,0.7696969696969697,0.9719387755102041,0.859075535512965,0.7539370078740157
Race: others,44,0.542027417027417,0.6512820512820513,0.8552188552188552,0.7394468704512372,0.6150537634408603
Race: white,44,0.5496816116779623,0.5477941176470589,0.5137931034482759,0.5302491103202847,0.4937679769894535
Overall,45,0.5945353505755103,0.6601671309192201,0.7651331719128329,0.7087850467289719,0.6151185770750988
Gender: F,45,0.59877887239038,0.6340482573726541,0.7728758169934641,0.6966126656848306,0.59765625
Gender: M,45,0.595007504136896,0.6884057971014492,0.7575757575757576,0.721336370539104,0.633
Age: Adult,45,0.5797047920919738,0.6456692913385826,0.75,0.693935119887165,0.609009009009009
Age: Senior,45,0.5794980277388981,0.7027417027417028,0.8396551724137931,0.7651217596229379,0.6486486486486487
Age: Young,45,0.6101297935724286,0.5939226519337016,0.649546827794562,0.6204906204906205,0.5744336569579288
Race: black,45,0.49753743104806936,0.7777777777777778,0.9432624113475178,0.8525641025641025,0.7458563535911602
Race: others,45,0.493705417798913,0.585635359116022,0.828125,0.686084142394822,0.5590909090909091
Race: white,45,0.5797260172260174,0.6007130124777184,0.6017857142857143,0.6012488849241748,0.5706051873198847
Overall,46,0.5810386414605273,0.6079136690647482,0.7497781721384206,0.6714342471195868,0.5791348600508905
Gender: F,46,0.5847774181107513,0.6265734265734266,0.7901234567901234,0.6989079563182528,0.6036960985626283
Gender: M,46,0.5727999668544912,0.5881481481481482,0.7089285714285715,0.642914979757085,0.5549949545913219
Age: Adult,46,0.5700222469410456,0.6096938775510204,0.7709677419354839,0.6809116809116809,0.5633528265107213
Age: Senior,46,0.530419300922898,0.6411092985318108,0.793939393939394,0.7093862815884476,0.5834411384217335
Age: Young,46,0.6248499399759904,0.5532467532467532,0.6614906832298136,0.6025459688826026,0.5861561119293078
Race: black,46,0.49159951651893635,0.7254098360655737,0.9698630136986301,0.8300117233294255,0.7105788423153693
Race: others,46,0.49272930648769586,0.6149068322981367,0.8461538461538461,0.7122302158273381,0.5822454308093995
Race: white,46,0.5475180146857362,0.5051724137931034,0.5549242424242424,0.5288808664259927,0.517113783533765
Overall,47,0.5553508640120209,0.627972027972028,0.7421487603305785,0.6803030303030303,0.5852579852579852
Gender: F,47,0.5940296557580509,0.6266846361185984,0.8201058201058201,0.7104660045836516,0.6206206206206206
Gender: M,47,0.5206945813002822,0.6293604651162791,0.6734059097978227,0.6506386175807664,0.5511583011583011
Age: Adult,47,0.5970464135021096,0.532033426183844,0.8162393162393162,0.6441821247892074,0.5520169851380042
Age: Senior,47,0.49128776277321456,0.7069701280227596,0.7611026033690659,0.7330383480825958,0.6099137931034483
Age: Young,47,0.6136410844815479,0.5706521739130435,0.6501547987616099,0.6078147612156295,0.5738993710691824
Race: black,47,0.41767554479418884,0.7495219885277247,0.9491525423728814,0.8376068376068376,0.7216117216117216
Race: others,47,0.44189179076554663,0.6056338028169014,0.8634538152610441,0.7119205298013245,0.5756097560975609
Race: white,47,0.5338055177533095,0.5271739130434783,0.531021897810219,0.5290909090909091,0.5199258572752549
Overall,48,0.5723663857643144,0.6114599686028257,0.7037037037037037,0.6543469130617388,0.569109947643979
Gender: F,48,0.608733578048273,0.6111111111111112,0.7551020408163265,0.6755186721991702,0.5918580375782881
Gender: M,48,0.5421572403169014,0.6118421052631579,0.6549295774647887,0.6326530612244898,0.5462184873949579
Age: Adult,48,0.5616814533164343,0.6042296072507553,0.7604562737642585,0.6734006734006734,0.579175704989154
Age: Senior,48,0.5040827651815443,0.6296296296296297,0.7142857142857143,0.6692913385826772,0.5465587044534413
Age: Young,48,0.6256234015345268,0.5930521091811415,0.6494565217391305,0.6199740596627756,0.5861581920903954
Race: black,48,0.47509116957541025,0.7098214285714286,0.9111747851002865,0.7979924717691342,0.6652806652806653
Race: others,48,0.5035924018240872,0.5360824742268041,0.8342245989304813,0.6527196652719666,0.5257142857142857
Race: white,48,0.5674858998579645,0.5700934579439252,0.5341506129597198,0.5515370705244123,0.5403151065801668
Overall,49,0.5857598313342847,0.6222222222222222,0.7476313522825151,0.6791862284820032,0.5826972010178118
Gender: F,49,0.6334439744006942,0.6032608695652174,0.8457142857142858,0.704203013481364,0.6130705394190872
Gender: M,49,0.5472538123546136,0.6433990895295902,0.6666666666666666,0.6548262548262548,0.5534465534465535
Age: Adult,49,0.6316215375038904,0.6276595744680851,0.7712418300653595,0.6920821114369502,0.5930232558139535
Age: Senior,49,0.5391982446776967,0.6609642301710731,0.8317025440313112,0.7365684575389948,0.607741935483871
Age: Young,49,0.5743217054263566,0.550531914893617,0.6017441860465116,0.575,0.5459940652818991
Race: black,49,0.4454459121125788,0.7523809523809524,0.9207459207459208,0.8280922431865828,0.7092198581560284
Race: others,49,0.47787656903765685,0.5828220858895705,0.7949790794979079,0.672566371681416,0.5363408521303258
Race: white,49,0.5790875797510928,0.5202205882352942,0.5740365111561866,0.5458052073288332,0.5299401197604791
Overall,50,0.5925352862957828,0.628140703517588,0.7267441860465116,0.6738544474393531,0.5809005442850074
Gender: F,50,0.6477270867430441,0.6722454672245467,0.7888707037643208,0.7259036144578314,0.6399604352126608
Gender: M,50,0.5247653479240217,0.5813609467455622,0.6627318718381113,0.6193853427895981,0.5217821782178218
Age: Adult,50,0.5922028163407473,0.5484764542936288,0.7586206896551724,0.6366559485530546,0.540650406504065
Age: Senior,50,0.5073399697580645,0.6655948553054662,0.7419354838709677,0.7016949152542373,0.5675675675675675
Age: Young,50,0.6709641873278236,0.6414634146341464,0.6831168831168831,0.6616352201257861,0.6237762237762238
Race: black,50,0.5105926724137931,0.7793814432989691,0.945,0.8542372881355932,0.75
Race: others,50,0.5533098945253642,0.5978260869565217,0.8,0.6842923794712286,0.5548245614035088
Race: white,50,0.5451486840191945,0.512962962962963,0.5236294896030246,0.5182413470533208,0.5090562440419447
Overall,51,0.6015904345089962,0.6372980910425844,0.7476313522825151,0.6880697582243361,0.6013171225937184
Gender: F,51,0.6641038977204027,0.6424581005586593,0.8424908424908425,0.7290015847860539,0.6430062630480167
Gender: M,51,0.5408126026397422,0.631578947368421,0.6634146341463415,0.6471054718477399,0.562007874015748
Age: Adult,51,0.6349012093203007,0.6267409470752089,0.800711743772242,0.703125,0.6215139442231076
Age: Senior,51,0.5168849886886083,0.6691729323308271,0.768566493955095,0.7154340836012861,0.589803012746234
Age: Young,51,0.6556877507874186,0.5857988165680473,0.6578073089700996,0.6197183098591549,0.6009852216748769
Race: black,51,0.5452111838191552,0.7520833333333333,0.978319783197832,0.850412249705536,0.741869918699187
Race: others,51,0.488088800769046,0.6,0.8289473684210527,0.6961325966850829,0.5588235294117647
Race: white,51,0.5771390670629953,0.5608465608465608,0.5638297872340425,0.5623342175066313,0.5532490974729242
Overall,52,0.5839768984614562,0.6045977011494252,0.7265193370165746,0.6599749058971142,0.575013068478829
Gender: F,52,0.6210372359761025,0.6595441595441596,0.7860780984719864,0.7172734314484895,0.6298174442190669
Gender: M,52,0.5332155725047962,0.5406301824212272,0.6559356136820925,0.5927272727272728,0.5167206040992449
Age: Adult,52,0.5112554112554113,0.5701754385964912,0.7386363636363636,0.6435643564356436,0.5443037974683544
Age: Senior,52,0.5461078909000391,0.6040955631399317,0.7678958785249458,0.6762177650429799,0.5574412532637075
Age: Young,52,0.6649708786135379,0.636604774535809,0.6648199445983379,0.6504065040650406,0.6166419019316494
Race: black,52,0.5296673189823874,0.7068965517241379,0.9371428571428572,0.8058968058968059,0.6814516129032258
Race: others,52,0.48844071996869703,0.5434782608695652,0.8021390374331551,0.6479481641468683,0.5356125356125356
Race: white,52,0.577892634048895,0.5504424778761062,0.5664845173041895,0.5583482944344704,0.5384615384615384
Overall,53,0.5929049122900134,0.645090909090909,0.7542517006802721,0.6954135633085065,0.6005141388174807
Gender: F,53,0.6212276184058528,0.6786188579017264,0.8034591194968553,0.7357811375089993,0.6429961089494164
Gender: M,53,0.5510364475881717,0.6045016077170418,0.6962962962962963,0.6471600688468159,0.5528898582333697
Age: Adult,53,0.562688533684685,0.6392961876832844,0.7218543046357616,0.6780715396578538,0.5801217038539553
Age: Senior,53,0.54660853432282,0.6904024767801857,0.8274582560296846,0.7527426160337553,0.6286438529784537
Age: Young,53,0.640876410629778,0.5747422680412371,0.6656716417910448,0.6168741355463347,0.5822021116138764
Race: black,53,0.5309310294546515,0.7690839694656488,0.9328703703703703,0.8430962343096234,0.7316636851520573
Race: others,53,0.4410197299482051,0.6666666666666666,0.8669201520912547,0.7537190082644628,0.617948717948718
Race: white,53,0.5380295904567749,0.5029469548133595,0.5322245322245323,0.5171717171717172,0.5200803212851406
Overall,54,0.6145304869601831,0.6464944649446495,0.7558239861949957,0.6968973747016707,0.6092307692307692
Gender: F,54,0.6385238021853834,0.6505867014341591,0.8074433656957929,0.7205776173285199,0.6345609065155807
Gender: M,54,0.5914945867441247,0.641156462585034,0.6968576709796673,0.6678476527900797,0.5791245791245792
Age: Adult,54,0.6200356333009394,0.6548672566371682,0.7551020408163265,0.7014218009478673,0.625
Age: Senior,54,0.5599692515276932,0.6651162790697674,0.7959183673469388,0.7246621621621622,0.6048484848484849
Age: Young,54,0.6629666216075699,0.6064690026954178,0.6901840490797546,0.6456241032998565,0.6022544283413849
Race: black,54,0.5281712342648681,0.7639484978540773,0.9700272479564033,0.8547418967587035,0.7520491803278688
Race: others,54,0.5091164307060706,0.5830388692579506,0.7819905213270142,0.6680161943319838,0.5543478260869565
Race: white,54,0.6043438583070796,0.5858085808580858,0.6110154905335629,0.5981465880370682,0.5639853747714808
Overall,55,0.5674739220021618,0.6324054246966453,0.7644521138912856,0.6921875,0.5958974358974359
Gender: F,55,0.5747744807917535,0.6315049226441631,0.8148820326678766,0.7115689381933439,0.619644723092999
Gender: M,55,0.5592532467532467,0.6333333333333333,0.71875,0.6733436055469953,0.5730110775427996
Age: Adult,55,0.585791151853328,0.5688073394495413,0.7948717948717948,0.6631016042780749,0.5573770491803278
Age: Senior,55,0.4612165557517316,0.665680473372781,0.7537688442211056,0.7069913589945012,0.5823068309070548
Age: Young,55,0.674330681634631,0.628140703517588,0.7621951219512195,0.6887052341597796,0.6412698412698413
Race: black,55,0.5092517448466158,0.781496062992126,0.9826732673267327,0.8706140350877193,0.7756653992395437
Race: others,55,0.41263163919413914,0.5795795795795796,0.8616071428571429,0.6929982046678635,0.55
Race: white,55,0.5366919600738611,0.5285714285714286,0.5574387947269304,0.5426214482126489,0.5220306513409961
Overall,56,0.5945581341438284,0.6,0.7228260869565217,0.6557107641741988,0.5698151950718686
Gender: F,56,0.6521075913967559,0.6464646464646465,0.8086642599277978,0.7185244587008821,0.6418367346938776
Gender: M,56,0.5272335798173119,0.5494505494505495,0.6363636363636364,0.5897219882055602,0.496900826446281
Age: Adult,56,0.5966514844804319,0.5580110497237569,0.7769230769230769,0.6495176848874598,0.5532786885245902
Age: Senior,56,0.543558044519583,0.6422628951747088,0.7423076923076923,0.6886708296164139,0.5598991172761665
Age: Young,56,0.6415613864593458,0.5722070844686649,0.6481481481481481,0.6078147612156295,0.5937031484257871
Race: black,56,0.46017940331053625,0.7414965986394558,0.956140350877193,0.8352490421455939,0.7195652173913043
Race: others,56,0.4808115211328041,0.5848484848484848,0.8177966101694916,0.6819787985865724,0.5431472081218274
Race: white,56,0.5634037112408291,0.49731663685152055,0.5285171102661597,0.5124423963133641,0.5164533820840951
Overall,57,0.5797642984807865,0.6232420429311621,0.7524575513851653,0.6817813765182186,0.590411672746222
Gender: F,57,0.6166457696786732,0.6574074074074074,0.8409475465313029,0.7379361544172235,0.6498015873015873
Gender: M,57,0.5238250652741514,0.5798319327731093,0.6534090909090909,0.6144256455921638,0.5246981339187706
Age: Adult,57,0.6236646918878574,0.6039119804400978,0.8487972508591065,0.7057142857142857,0.59765625
Age: Senior,57,0.48726843821549987,0.6499162479061976,0.7806841046277666,0.7093235831809872,0.5804749340369393
Age: Young,57,0.6285317980581048,0.6,0.6253776435045317,0.6124260355029586,0.5963020030816641
Race: black,57,0.49555867227676487,0.721881390593047,0.9489247311827957,0.8199767711962834,0.696078431372549
Race: others,57,0.49302967793452224,0.6271186440677966,0.8371040723981901,0.7170542635658915,0.5910364145658263
Race: white,57,0.5577787737281152,0.5361552028218695,0.5779467680608364,0.5562671546203111,0.5389733840304183
Overall,58,0.5620736579583164,0.5893508388037928,0.73992673992674,0.6561104344295574,0.5732997481108313
Gender: F,58,0.6010114572144648,0.5971428571428572,0.7857142857142857,0.6785714285714286,0.593011305241521
Gender: M,58,0.5167884797724399,0.5812220566318927,0.6964285714285714,0.6336311941510967,0.5543478260869565
Age: Adult,58,0.49886981933254765,0.5186170212765957,0.7587548638132295,0.6161137440758294,0.5120481927710844
Age: Senior,58,0.5251988316112678,0.6513761467889908,0.7932960893854749,0.7153652392947103,0.5944976076555024
Age: Young,58,0.624165826948305,0.5483870967741935,0.62751677852349,0.5852895148669797,0.5929339477726574
Race: black,58,0.435996491424519,0.6785714285714286,0.9584569732937686,0.7945879458794588,0.6633064516129032
Race: others,58,0.45553152136430614,0.5878378378378378,0.8018433179723502,0.6783625730994152,0.5467032967032966
Race: white,58,0.5634313470928355,0.5191986644407346,0.5780669144981413,0.5470536499560247,0.5422222222222223
Overall,59,0.5522144514924756,0.623587570621469,0.7438921651221567,0.6784479446792163,0.582126809785322
Gender: F,59,0.5957116031800224,0.6516709511568124,0.8325123152709359,0.7310742609949531,0.631786771964462
Gender: M,59,0.5012639836060067,0.5893416927899686,0.6505190311418685,0.618421052631579,0.5313131313131313
Age: Adult,59,0.4892528524107471,0.5501432664756447,0.7384615384615385,0.6305418719211823,0.5202558635394456
Age: Senior,59,0.5117800394123077,0.6921965317919075,0.8244406196213425,0.7525530243519246,0.632438739789965
Age: Young,59,0.5979952150603356,0.5653333333333334,0.6127167630057804,0.5880721220527045,0.5612998522895125
Race: black,59,0.47212121212121205,0.768361581920904,0.96,0.8535564853556485,0.748653500897666
Race: others,59,0.47219600440459336,0.5970149253731343,0.8547008547008547,0.70298769771529,0.5743073047858942
Race: white,59,0.4916226807421625,0.5,0.5208333333333334,0.5102040816326531,0.4966634890371783
Overall,60,0.5823909100898308,0.6121987951807228,0.713784021071115,0.6591001216051885,0.5678314491264131
Gender: F,60,0.6124767637425866,0.6386913229018493,0.784965034965035,0.7043137254901961,0.610134436401241
Gender: M,60,0.539962928716974,0.5824,0.6419753086419753,0.610738255033557,0.526046986721144
Age: Adult,60,0.5114667940754897,0.5576407506702413,0.6956521739130435,0.6190476190476191,0.49705304518664045
Age: Senior,60,0.5216947318590655,0.6476190476190476,0.769811320754717,0.7034482758620689,0.5747836835599506
Age: Young,60,0.6777642523838506,0.6061538461538462,0.635483870967742,0.6204724409448819,0.6162420382165605
Race: black,60,0.5103557312252964,0.7661795407098121,0.9532467532467532,0.8495370370370371,0.74
Race: others,60,0.5082242575983267,0.6190476190476191,0.801762114537445,0.6986564299424184,0.5710382513661202
Race: white,60,0.5109974573741297,0.4756756756756757,0.5009487666034156,0.4879852125693161,0.48703703703703705
Overall,61,0.5801174787584533,0.6431686046511628,0.7577054794520548,0.6957547169811321,0.6046986721144024
Gender: F,61,0.6035697858440333,0.6468253968253969,0.8177257525083612,0.7223042836041359,0.6338851022395326
Gender: M,61,0.548960003887836,0.6387096774193548,0.6947368421052632,0.6655462184873949,0.5725026852846402
Age: Adult,61,0.6137434414819574,0.6449864498644986,0.8409893992932862,0.7300613496932515,0.6340956340956341
Age: Senior,61,0.47983273596176823,0.663109756097561,0.8285714285714286,0.7366638441998307,0.6131840796019901
Age: Young,61,0.6418663471778489,0.603988603988604,0.5888888888888889,0.5963431786216596,0.5735512630014858
Race: black,61,0.4394957983193277,0.7433035714285714,0.9327731092436975,0.8273291925465839,0.7085953878406709
Race: others,61,0.48878853046594983,0.6099071207430341,0.8755555555555555,0.718978102189781,0.5947368421052631
Race: white,61,0.5891348288545015,0.5867768595041323,0.60580204778157,0.5961376994122586,0.5631244323342416
Overall,62,0.5663579051970009,0.6037453183520599,0.717720391807658,0.6558177379983726,0.566376217324449
Gender: F,62,0.6296780033622139,0.6340057636887608,0.7927927927927928,0.7045636509207366,0.6207605344295992
Gender: M,62,0.49715518722088625,0.5709828393135725,0.6443661971830986,0.6054590570719603,0.5122699386503068
Age: Adult,62,0.5563841595922643,0.6253521126760564,0.7184466019417476,0.6686746987951807,0.5736434108527132
Age: Senior,62,0.47934369409660105,0.5955766192733017,0.7306201550387597,0.6562228024369017,0.5229468599033816
Age: Young,62,0.6608294780738907,0.5965417867435159,0.6946308724832215,0.641860465116279,0.6194398682042833
Race: black,62,0.5340327737809752,0.7272727272727273,0.9777777777777777,0.8341232227488151,0.7194388777555111
Race: others,62,0.5025303495685243,0.5805369127516778,0.8046511627906977,0.6744639376218323,0.553475935828877
Race: white,62,0.5165300922737914,0.5081374321880651,0.5127737226277372,0.5104450499545867,0.5
Overall,63,0.5823787610252583,0.5972952667167544,0.7168620378719567,0.6516393442622951,0.5704901465386559
Gender: F,63,0.6281456733486255,0.6221590909090909,0.8081180811808119,0.7030497592295345,0.6247464503042597
Gender: M,63,0.5314582971077493,0.569377990430622,0.6296296296296297,0.5979899497487438,0.5166163141993958
Age: Adult,63,0.6085434173669468,0.5289256198347108,0.7804878048780488,0.6305418719211823,0.5351239669421488
Age: Senior,63,0.496297174783892,0.6547231270358306,0.7389705882352942,0.694300518134715,0.5698663426488457
Age: Young,63,0.637122914206044,0.5677966101694916,0.6300940438871473,0.5973254086181278,0.5967261904761905
Race: black,63,0.4674082268108817,0.697986577181208,0.9203539823008849,0.7938931297709924,0.6645962732919255
Race: others,63,0.5923081299425385,0.5163398692810458,0.8359788359788359,0.6383838383838384,0.5226666666666666
Race: white,63,0.5870975967361509,0.5622837370242214,0.5593803786574871,0.5608283002588438,0.5459411239964318
Overall,64,0.5773062012204982,0.6194563662374821,0.7389078498293515,0.6739299610894942,0.5754812563323202
Gender: F,64,0.6370009737098346,0.650472334682861,0.8239316239316239,0.726998491704374,0.6306122448979592
Gender: M,64,0.5092189913314276,0.5844748858447488,0.6541737649063032,0.617363344051447,0.5211267605633803
Age: Adult,64,0.634577450166113,0.5741239892183289,0.8255813953488372,0.6772655007949125,0.578838174273859
Age: Senior,64,0.5141300215435306,0.670995670995671,0.7660626029654036,0.7153846153846154,0.5916114790286976
Age: Young,64,0.6180635821278881,0.562874251497006,0.6123778501628665,0.5865834633385335,0.5477815699658704
Race: black,64,0.4923018307575076,0.7603143418467584,0.9602977667493796,0.8486842105263158,0.7396226415094339
Race: others,64,0.4984177215189874,0.6050156739811913,0.8143459915611815,0.6942446043165468,0.5584415584415584
Race: white,64,0.5184617140574397,0.5017543859649123,0.5375939849624061,0.5190562613430127,0.4995278564683664
Overall,65,0.560150045681355,0.6167664670658682,0.7383512544802867,0.6721044045676998,0.5838509316770186
Gender: F,65,0.5761798711776707,0.6201438848920864,0.768270944741533,0.6863057324840764,0.5904365904365905
Gender: M,65,0.5421816997720611,0.6131045241809673,0.7081081081081081,0.657190635451505,0.5773195876288659
Age: Adult,65,0.524611044443041,0.5032679738562091,0.6905829596412556,0.5822306238185255,0.49311926605504586
Age: Senior,65,0.5087089902546047,0.6841317365269461,0.8102836879432624,0.7418831168831169,0.6223277909738717
Age: Young,65,0.6206733691840075,0.5883977900552486,0.6474164133738601,0.6164978292329957,0.5948012232415902
Race: black,65,0.40234207968901853,0.7012987012987013,0.9257142857142857,0.7980295566502463,0.670020120724346
Race: others,65,0.5336807595954597,0.60828025477707,0.880184331797235,0.71939736346516,0.592896174863388
Race: white,65,0.5480436457895473,0.5517857142857143,0.5628415300546448,0.5572587917042381,0.5406922357343311
Overall,66,0.5765725621956799,0.6189358372456965,0.7184377838328792,0.6649852879361076,0.5803054239073197
Gender: F,66,0.6077277561148529,0.6354466858789626,0.7538461538461538,0.689601250977326,0.6104023552502453
Gender: M,66,0.5327993227702529,0.5993150684931506,0.6782945736434108,0.6363636363636364,0.5454545454545454
Age: Adult,66,0.5683223058098432,0.6439169139465876,0.735593220338983,0.6867088607594937,0.5892116182572614
Age: Senior,66,0.5525431530494821,0.6484641638225256,0.8016877637130801,0.7169811320754716,0.5994659546061415
Age: Young,66,0.5862781483075157,0.5464788732394367,0.5843373493975904,0.5647743813682679,0.5523952095808383
Race: black,66,0.45863356307435243,0.7540603248259861,0.9502923976608187,0.8408796895213454,0.7290748898678414
Race: others,66,0.46380498145204035,0.5135135135135135,0.7189189189189189,0.5990990990990991,0.47337278106508873
Race: white,66,0.5689526119329807,0.5663265306122449,0.5801393728222997,0.5731497418244407,0.5519421860885275
Overall,67,0.5694060564051466,0.6227544910179641,0.738898756660746,0.6758732737611698,0.5899280575539568
Gender: F,67,0.6155847846384931,0.6596638655462185,0.7915966386554621,0.719633307868602,0.6362735381565907
Gender: M,67,0.5073961203417661,0.5803858520900321,0.67984934086629,0.6261925411968777,0.5400213447171825
Age: Adult,67,0.6605799741450229,0.5710526315789474,0.8097014925373134,0.6697530864197531,0.5900383141762452
Age: Senior,67,0.4754440608341384,0.6535433070866141,0.7934990439770554,0.7167530224525043,0.5930521091811415
Age: Young,67,0.5999947260165602,0.6230529595015576,0.5970149253731343,0.6097560975609756,0.5857605177993528
Race: black,67,0.4165554384732467,0.7575757575757576,0.958904109589041,0.8464328899637243,0.7365145228215768
Race: others,67,0.5069714742735272,0.6226415094339622,0.8181818181818182,0.7071428571428572,0.5869017632241813
Race: white,67,0.5282530272984262,0.5107913669064749,0.5472061657032755,0.5283720930232558,0.5248359887535146
Overall,68,0.5774928252326643,0.6294277929155313,0.7506092607636068,0.6846980363097444,0.5884912959381045
Gender: F,68,0.6260472797420327,0.6717557251908397,0.8024316109422492,0.7313019390581718,0.6423963133640553
Gender: M,68,0.5108883497211936,0.5806451612903226,0.6910994764397905,0.6310756972111554,0.5289928789420142
Age: Adult,68,0.5541095371562761,0.6043360433604336,0.7263843648208469,0.6597633136094675,0.5593869731800766
Age: Senior,68,0.552247982175887,0.6842105263157895,0.8099041533546326,0.7417702999268471,0.6204301075268818
Age: Young,68,0.622430458824026,0.5418994413407822,0.6510067114093959,0.5914634146341463,0.564935064935065
Race: black,68,0.493642483171279,0.7176938369781312,0.9450261780104712,0.8158192090395481,0.6918714555765595
Race: others,68,0.4866049742543477,0.6648501362397821,0.8652482269503546,0.7519260400616333,0.6238317757009346
Race: white,68,0.5470338598402323,0.5334448160535117,0.562610229276896,0.5476394849785408,0.5256525652565257
Overall,69,0.5608189233552895,0.6278388278388278,0.7177554438860971,0.6697928878468151,0.5758032128514057
Gender: F,69,0.6083224945595669,0.6307237813884786,0.7530864197530864,0.6864951768488746,0.6044624746450304
Gender: M,69,0.5089171116806167,0.625,0.6858054226475279,0.6539923954372624,0.547713717693837
Age: Adult,69,0.4981174444519484,0.514792899408284,0.6492537313432836,0.5742574257425742,0.4723926380368098
Age: Senior,69,0.532565216324327,0.6764275256222547,0.8191489361702128,0.7409783480352847,0.6213364595545134
Age: Young,69,0.6326782151626764,0.6424418604651163,0.6104972375690608,0.6260623229461756,0.5938461538461538
Race: black,69,0.40400477736722273,0.7893772893772893,0.9410480349344978,0.8585657370517928,0.7530434782608696
Race: others,69,0.4646456347902289,0.5296052631578947,0.7892156862745098,0.6338582677165354,0.5143603133159269
Race: white,69,0.5326513494892611,0.5145631067961165,0.4981203007518797,0.5062082139446036,0.5
Overall,70,0.5495103484118168,0.6385625431928127,0.7636363636363637,0.6955212645841174,0.5997031172686789
Gender: F,70,0.5978633891618876,0.6611464968152866,0.8225039619651348,0.7330508474576272,0.6393129770992366
Gender: M,70,0.48501924375126027,0.6117824773413897,0.6994818652849741,0.6526994359387591,0.5570400822199383
Age: Adult,70,0.5400795697340308,0.6153846153846154,0.7509025270758123,0.6764227642276422,0.5792811839323467
Age: Senior,70,0.49778399129238937,0.7151162790697675,0.8241206030150754,0.7657587548638133,0.6475409836065574
Age: Young,70,0.5790020617185422,0.5320665083135392,0.6666666666666666,0.5918097754293263,0.5547550432276657
Race: black,70,0.4112906346749226,0.736734693877551,0.95,0.8298850574712644,0.7131782945736435
Race: others,70,0.4261137090819591,0.56657223796034,0.8368200836820083,0.6756756756756757,0.530562347188264
Race: white,70,0.5734348561759729,0.6009933774834437,0.6142131979695431,0.6075313807531381,0.5720802919708029
Overall,71,0.5967857700447559,0.6271428571428571,0.7415540540540541,0.6795665634674922,0.5781966377992868
Gender: F,71,0.6514417065804914,0.6741016109045849,0.8434108527131783,0.7493112947658402,0.6526717557251909
Gender: M,71,0.520144179528678,0.5632377740303541,0.6196660482374768,0.5901060070671378,0.492896174863388
Age: Adult,71,0.6192201440152166,0.6095717884130982,0.7781350482315113,0.6836158192090396,0.5725190839694656
Age: Senior,71,0.5086670374490174,0.6380655226209049,0.7329749103942652,0.6822351959966639,0.5507075471698113
Age: Young,71,0.6786806993328732,0.6270718232044199,0.7206349206349206,0.670605612998523,0.622673434856176
Race: black,71,0.5102946696696696,0.7806691449814126,0.9459459459459459,0.8553971486761711,0.74822695035461
Race: others,71,0.5212888726919339,0.6051779935275081,0.8348214285714286,0.701688555347092,0.5714285714285714
Race: white,71,0.5296034702034884,0.49005424954792043,0.5251937984496124,0.5070159027128157,0.48735408560311283
Overall,72,0.5859519857816048,0.5989345509893456,0.7438563327032136,0.663575042158516,0.5786694825765576
Gender: F,72,0.6518522085259374,0.6336633663366337,0.8484848484848485,0.725506072874494,0.6397449521785334
Gender: M,72,0.5055221017886613,0.5584843492586491,0.6396226415094339,0.5963060686015831,0.5183630640083945
Age: Adult,72,0.5717389138016941,0.5203488372093024,0.8026905829596412,0.6313932980599647,0.5334821428571429
Age: Senior,72,0.5455060240963856,0.6702127659574468,0.7590361445783133,0.711864406779661,0.5909090909090909
Age: Young,72,0.6353600697041683,0.5665024630541872,0.6824925816023739,0.6191117092866757,0.5945558739255015
Race: black,72,0.5341178889906714,0.7107942973523421,0.9721448467966574,0.8211764705882353,0.7007874015748031
Race: others,72,0.4478931140801645,0.574468085106383,0.7714285714285715,0.6585365853658537,0.5186246418338109
Race: white,72,0.5644377024465242,0.5101663585951941,0.5644171779141104,0.5359223300970873,0.5390549662487946
Overall,73,0.5472265940936019,0.6234612599565532,0.7340153452685422,0.6742364917776038,0.5739887352790578
Gender: F,73,0.5866312415654521,0.6597938144329897,0.8205128205128205,0.7314285714285714,0.6254980079681275
Gender: M,73,0.49364298724954464,0.5768595041322314,0.6357012750455373,0.6048526863084922,0.5194942044257113
Age: Adult,73,0.5463333333333333,0.5654761904761905,0.76,0.6484641638225256,0.5401785714285714
Age: Senior,73,0.46331831332087353,0.6530612244897959,0.7482014388489209,0.6974015088013411,0.5686977299880526
Age: Young,73,0.6173065259308209,0.625,0.6948228882833788,0.6580645161290323,0.6032934131736527
Race: black,73,0.4242798764078541,0.7484909456740443,0.9417721518987342,0.8340807174887892,0.7164750957854407
Race: others,73,0.5018489583333333,0.6085714285714285,0.8875,0.7220338983050848,0.59
Race: white,73,0.5049164134311589,0.5168539325842697,0.5130111524163569,0.5149253731343284,0.495635305528613
Overall,74,0.5801600405767073,0.5818042813455657,0.7226970560303894,0.6446421008047437,0.5659596482152095
Gender: F,74,0.6171806355797119,0.5822784810126582,0.7870722433460076,0.6693613581244947,0.5970443349753695
Gender: M,74,0.5402655575884343,0.5812395309882747,0.6584440227703985,0.6174377224199288,0.5315904139433552
Age: Adult,74,0.565078568461858,0.5490196078431373,0.7903225806451613,0.6479338842975206,0.5571725571725572
Age: Senior,74,0.5031697515141224,0.5851449275362319,0.7130242825607064,0.6427860696517413,0.530718954248366
Age: Young,74,0.6589340230664857,0.606516290726817,0.6875,0.644474034620506,0.611353711790393
Race: black,74,0.5175925925925925,0.7201834862385321,0.9515151515151515,0.8198433420365535,0.6973684210526315
Race: others,74,0.47782601293837257,0.47635135135135137,0.7921348314606742,0.5949367088607594,0.48936170212765956
Race: white,74,0.5607204144940928,0.53125,0.5614678899082569,0.5459411239964318,0.5376930063578564
Overall,75,0.6171770459776267,0.6317388003037205,0.7570518653321201,0.6887417218543046,0.6073107049608355
Gender: F,75,0.6727337519221906,0.6769025367156208,0.8464106844741235,0.7522255192878339,0.6757281553398058
Gender: M,75,0.5345012987012988,0.5721830985915493,0.65,0.6086142322097379,0.5276836158192091
Age: Adult,75,0.6051360057265569,0.5920679886685553,0.8228346456692913,0.6886326194398682,0.6012658227848101
Age: Senior,75,0.5764798534798534,0.6621848739495798,0.788,0.719634703196347,0.6028460543337646
Age: Young,75,0.6604118993135011,0.6205962059620597,0.663768115942029,0.6414565826330533,0.6167664670658682
Race: black,75,0.4870022123893805,0.7389277389277389,0.9351032448377581,0.8255208333333334,0.7028824833702882
Race: others,75,0.48212406535585706,0.5987841945288754,0.8565217391304348,0.7048300536672629,0.5736434108527132
Race: white,75,0.6169017971094478,0.5688729874776386,0.6,0.5840220385674931,0.5793871866295265
Overall,76,0.609050673468362,0.6648005598320503,0.7838283828382838,0.7194244604316546,0.6295
Gender: F,76,0.6568909732525293,0.694019471488178,0.8344481605351171,0.7577828397873956,0.6800401203610833
Gender: M,76,0.55793481992581,0.6352112676056338,0.7345276872964169,0.6812688821752266,0.5792622133599202
Age: Adult,76,0.5684931506849316,0.6225490196078431,0.8167202572347267,0.7065368567454798,0.6018867924528302
Age: Senior,76,0.5145671665013517,0.7,0.7935702199661591,0.7438540840602696,0.6208920187793427
Age: Young,76,0.7184645999162128,0.6467236467236467,0.7322580645161291,0.686838124054463,0.6650485436893204
Race: black,76,0.443670531039641,0.7677419354838709,0.9345549738219895,0.8429752066115702,0.7307692307692307
Race: others,76,0.5570179211469533,0.6055045871559633,0.88,0.717391304347826,0.5894736842105263
Race: white,76,0.6185085896480068,0.6200941915227629,0.6528925619834711,0.6360708534621579,0.5985790408525755
Overall,77,0.5879863393590797,0.6550522648083623,0.772391125718981,0.7088989441930619,0.6172533465542885
Gender: F,77,0.6191894040529797,0.6877323420074349,0.8512269938650306,0.7607950651130911,0.6710650329877474
Gender: M,77,0.5423420772695381,0.6130573248407644,0.6814159292035398,0.6454316848281643,0.5575313807531381
Age: Adult,77,0.5236853502724943,0.5753424657534246,0.7806691449814126,0.6624605678233438,0.5494736842105263
Age: Senior,77,0.5485254264307349,0.7187948350071736,0.8146341463414634,0.7637195121951219,0.6436781609195402
Age: Young,77,0.6503848981725089,0.613941018766756,0.6876876876876877,0.6487252124645893,0.6309523809523809
Race: black,77,0.4408672521533525,0.7581967213114754,0.9685863874345549,0.8505747126436781,0.7430830039525692
Race: others,77,0.45546690307328613,0.6276276276276276,0.8708333333333333,0.7294938917975567,0.5931758530183727
Race: white,77,0.590160998979031,0.5879478827361564,0.6067226890756302,0.597187758478081,0.5690265486725664
Overall,78,0.5455854235347024,0.6415770609318996,0.7402812241521919,0.6874039938556068,0.5880566801619433
Gender: F,78,0.5802756561438432,0.6334716459197787,0.8106194690265487,0.7111801242236024,0.6180698151950719
Gender: M,78,0.5155084319372636,0.6502976190476191,0.6785714285714286,0.6641337386018237,0.5588822355289421
Age: Adult,78,0.5709095759706223,0.6240208877284595,0.7913907284768212,0.6978102189781021,0.5964912280701754
Age: Senior,78,0.45504154204054503,0.6837209302325581,0.747457627118644,0.71417004048583,0.5822485207100592
Age: Young,78,0.605783036565811,0.5858310626702997,0.6782334384858044,0.6286549707602339,0.5889967637540453
Race: black,78,0.3963208609685897,0.7384937238493724,0.9644808743169399,0.8364928909952607,0.7223340040241448
Race: others,78,0.5077972709551658,0.6309523809523809,0.8724279835390947,0.7322970639032815,0.6075949367088608
Race: white,78,0.5224311294765841,0.5679862306368331,0.55,0.558848433530906,0.5193726937269373
Overall,79,0.578173821031382,0.5960813865862848,0.7177858439201452,0.6512968299711815,0.5631768953068592
Gender: F,79,0.6239325132568752,0.6510416666666666,0.8169934640522876,0.7246376811594203,0.6332046332046332
Gender: M,79,0.5089415427187824,0.5205724508050089,0.5938775510204082,0.5548141086749285,0.48283499446290146
Age: Adult,79,0.5524144357844799,0.5437158469945356,0.7653846153846153,0.6357827476038339,0.5318275154004107
Age: Senior,79,0.5290528860438106,0.6296296296296297,0.7577519379844961,0.6877748460861918,0.5579078455790785
Age: Young,79,0.6425905525271134,0.5911764705882353,0.6165644171779141,0.6036036036036037,0.5932203389830508
Race: black,79,0.553756152666828,0.7368421052631579,0.9333333333333333,0.8235294117647058,0.7096774193548387
Race: others,79,0.44813694267515924,0.5466666666666666,0.82,0.656,0.5182072829131653
Race: white,79,0.5297439284664343,0.48443579766536965,0.5010060362173038,0.49258160237388726,0.4990234375
Overall,80,0.5736916725927715,0.6008935219657483,0.739010989010989,0.6628336755646818,0.5703819989534276
Gender: F,80,0.6081717652274744,0.6186556927297668,0.8305709023941068,0.7091194968553459,0.6205128205128205
Gender: M,80,0.5345824920103737,0.5798045602605864,0.6484517304189436,0.6122098022355976,0.5181623931623932
Age: Adult,80,0.6092210265401125,0.5876543209876544,0.8561151079136691,0.6969253294289898,0.5988372093023255
Age: Senior,80,0.5035711600631532,0.6397306397306397,0.7350096711798839,0.684068406840684,0.56125
Age: Young,80,0.6211273811944953,0.5494186046511628,0.6363636363636364,0.5897035881435257,0.5579831932773109
Race: black,80,0.5124928432382916,0.7472283813747228,0.9492957746478873,0.8362282878411911,0.7238493723849372
Race: others,80,0.4751500272776868,0.4695121951219512,0.8191489361702128,0.5968992248062015,0.45691906005221933
Race: white,80,0.5581914495235395,0.5602836879432624,0.575591985428051,0.5678346810422282,0.5419047619047619
Overall,81,0.5571492536670845,0.5965865011636928,0.6903052064631957,0.640033291718685,0.5559548254620124
Gender: F,81,0.5812832618218174,0.6197183098591549,0.7871198568872988,0.6934594168636722,0.593945720250522
Gender: M,81,0.5203458631044838,0.5682210708117443,0.5927927927927928,0.5802469135802469,0.5191919191919192
Age: Adult,81,0.5448323860341028,0.5414201183431953,0.7065637065637066,0.6130653266331658,0.5304878048780488
Age: Senior,81,0.4798752333854771,0.6252045826513911,0.7180451127819549,0.668416447944007,0.5433734939759036
Age: Young,81,0.6388233250569639,0.6,0.631578947368421,0.6153846153846154,0.5926517571884984
Race: black,81,0.4974053724053724,0.7176220806794055,0.9629629629629629,0.8223844282238443,0.7026476578411406
Race: others,81,0.48157954891801275,0.5724907063197026,0.7979274611398963,0.6666666666666666,0.5319148936170213
Race: white,81,0.5173237753882916,0.5045537340619308,0.48596491228070177,0.49508489722966936,0.499113475177305
Overall,82,0.5926104061850669,0.6165644171779141,0.7165775401069518,0.6628194558944766,0.5841382816471784
Gender: F,82,0.596870529534474,0.6482479784366577,0.7622820919175911,0.7006554989075018,0.6055662188099808
Gender: M,82,0.5698377241968333,0.5747330960854092,0.6578411405295316,0.6134852801519468,0.56
Age: Adult,82,0.5587274125336409,0.6263440860215054,0.761437908496732,0.6873156342182891,0.5843137254901961
Age: Senior,82,0.5533009724686246,0.6425992779783394,0.7807017543859649,0.7049504950495049,0.5878284923928078
Age: Young,82,0.6223670528817588,0.5687830687830688,0.5972222222222222,0.5826558265582655,0.5803814713896458
Race: black,82,0.5170755968169761,0.7554585152838428,0.9177718832891246,0.8287425149700599,0.7122736418511066
Race: others,82,0.485643111581785,0.5317220543806647,0.7963800904977375,0.6376811594202898,0.511002444987775
Race: white,82,0.5678120602157875,0.5475728155339806,0.5381679389312977,0.5428296438883542,0.5523091423185674
Overall,83,0.588246828458599,0.6299715909090909,0.7523324851569126,0.6857363741785852,0.5967261904761905
Gender: F,83,0.6074470542647211,0.610738255033557,0.7764505119453925,0.6836964688204358,0.5967432950191571
Gender: M,83,0.5702256314878508,0.6515837104072398,0.7284991568296796,0.6878980891719745,0.5967078189300411
Age: Adult,83,0.6072051088247544,0.565989847715736,0.828996282527881,0.6726998491704375,0.5745098039215686
Age: Senior,83,0.5131695397875944,0.6957878315132605,0.7636986301369864,0.7281632653061224,0.6086956521739131
Age: Young,83,0.6454351352863296,0.5844504021447721,0.6687116564417178,0.6237482117310443,0.5984732824427481
Race: black,83,0.432937843439241,0.718,0.9624664879356568,0.8224513172966781,0.6984435797665369
Race: others,83,0.4865695926753261,0.6234939759036144,0.8734177215189873,0.7275922671353251,0.6025641025641025
Race: white,83,0.5837468079115244,0.5572916666666666,0.5641476274165202,0.5606986899563319,0.5476618705035972
Overall,84,0.5587139563722392,0.6099644128113879,0.7432784041630529,0.6700547302580141,0.5720081135902637
Gender: F,84,0.5841458649880618,0.5915875169606513,0.8044280442804428,0.6817826426896012,0.5791106514994829
Gender: M,84,0.5389953226382647,0.6302395209580839,0.6890343698854338,0.6583268178264269,0.5651741293532339
Age: Adult,84,0.6166358024691356,0.5954773869346733,0.8229166666666666,0.6909620991253644,0.5867446393762183
Age: Senior,84,0.4915909090909091,0.6441441441441441,0.78,0.7055921052631579,0.5768321513002365
Age: Young,84,0.5832960477255779,0.5601173020527859,0.6063492063492063,0.5823170731707317,0.5530179445350734
Race: black,84,0.4900038217169064,0.7466367713004485,0.9624277456647399,0.8409090909090909,0.7301927194860813
Race: others,84,0.5134565826330533,0.6129032258064516,0.8941176470588236,0.7272727272727273,0.6023255813953489
Race: white,84,0.5101993100008313,0.504258943781942,0.5362318840579711,0.5197541703248464,0.49116279069767443
Overall,85,0.5600233742973799,0.6236635780470421,0.7322175732217573,0.6735950731331793,0.5806132542037586
Gender: F,85,0.6127229627483176,0.6608108108108108,0.7990196078431373,0.7233727810650887,0.6326129666011788
Gender: M,85,0.49452622401127755,0.5822021116138764,0.6620926243567753,0.6195826645264848,0.5278884462151394
Age: Adult,85,0.4903332176327664,0.5507246376811594,0.7089552238805971,0.6199021207177814,0.5175983436853002
Age: Senior,85,0.49816396882494,0.6767830045523521,0.7743055555555556,0.7222672064777328,0.5983606557377049
Age: Young,85,0.6461094904208677,0.5989974937343359,0.6809116809116809,0.6373333333333333,0.602919708029197
Race: black,85,0.4355571079287461,0.765748031496063,0.9511002444987775,0.8484187568157033,0.7367424242424242
Race: others,85,0.5014853567485147,0.5445859872611465,0.8181818181818182,0.6539196940726577,0.5370843989769821
Race: white,85,0.5231019894432327,0.5421686746987951,0.5459272097053726,0.5440414507772021,0.5213055303717135
Overall,86,0.5766914650440644,0.6076443057722309,0.7307692307692307,0.6635434412265758,0.5779914529914529
Gender: F,86,0.6096627881611604,0.6258992805755396,0.7644991212653779,0.6882911392405063,0.6044176706827309
Gender: M,86,0.5304890026172868,0.58603066439523,0.6921529175050302,0.6346863468634686,0.547945205479452
Age: Adult,86,0.5993618038696388,0.6181818181818182,0.7391304347826086,0.6732673267326733,0.5813953488372093
Age: Senior,86,0.5232495299012422,0.6372881355932203,0.7849686847599165,0.7034611786716558,0.5834428383705651
Age: Young,86,0.59151695723571,0.5497237569060773,0.639871382636656,0.5913818722139673,0.5689655172413793
Race: black,86,0.4109454890318323,0.7381443298969073,0.9521276595744681,0.8315911730545877,0.7128712871287128
Race: others,86,0.43062922992500463,0.6018518518518519,0.8441558441558441,0.7027027027027027,0.5576407506702413
Race: white,86,0.5358174006882087,0.47780126849894294,0.4923747276688453,0.48497854077253216,0.5171026156941649
Overall,87,0.5309716426902824,0.6017699115044248,0.7292225201072386,0.6593939393939394,0.5602503912363067
Gender: F,87,0.5657809734513274,0.6271428571428571,0.7769911504424779,0.6940711462450593,0.5989637305699482
Gender: M,87,0.48934201694392543,0.5746951219512195,0.6805054151624549,0.6231404958677685,0.5210084033613446
Age: Adult,87,0.5122923697968368,0.574025974025974,0.7568493150684932,0.6528803545051699,0.5290581162324649
Age: Senior,87,0.47418839634941323,0.6410256410256411,0.7692307692307693,0.6993006993006993,0.5779141104294478
Age: Young,87,0.5992439915485517,0.5619596541786743,0.6351791530944625,0.5963302752293578,0.5621890547263682
Race: black,87,0.38463119567770726,0.7300613496932515,0.9224806201550387,0.815068493150685,0.6878612716763006
Race: others,87,0.5522542659325084,0.6006191950464397,0.8778280542986425,0.7132352941176471,0.5968992248062015
Race: white,87,0.4801682974559687,0.48713235294117646,0.5185909980430529,0.5023696682464455,0.4807121661721068
Overall,88,0.5655622630913941,0.6286528866714184,0.7519181585677749,0.6847826086956522,0.5962207856787668
Gender: F,88,0.6526713852376136,0.6534914361001317,0.8626086956521739,0.7436281859070465,0.6597014925373135
Gender: M,88,0.4726867335562987,0.5993788819875776,0.6454849498327759,0.6215780998389694,0.532803180914513
Age: Adult,88,0.5719657388936386,0.5521978021978022,0.7701149425287356,0.6432,0.5566600397614314
Age: Senior,88,0.4897298586542338,0.6865248226950355,0.8053244592346089,0.7411944869831547,0.6219239373601789
Age: Young,88,0.6230885146392452,0.5898203592814372,0.6334405144694534,0.6108527131782946,0.5912052117263844
Race: black,88,0.4247252747252747,0.8024691358024691,0.9375,0.8647450110864745,0.7658349328214972
Race: others,88,0.3978249194414608,0.6085626911314985,0.8122448979591836,0.6958041958041958,0.5617128463476071
Race: white,88,0.5398592136402753,0.4966101694915254,0.572265625,0.5317604355716878,0.5279048490393413
Overall,89,0.6129075931889334,0.6372623574144487,0.7604355716878403,0.6934215970211005,0.6126502875065343
Gender: F,89,0.6608218543325329,0.6671289875173371,0.8307426597582038,0.74,0.6582406471183013
Gender: M,89,0.553954501890589,0.601010101010101,0.6826003824091779,0.639212175470009,0.5638528138528138
Age: Adult,89,0.5524601859523153,0.4948805460750853,0.7107843137254902,0.5835010060362174,0.5035971223021583
Age: Senior,89,0.5119573602636931,0.6616766467065869,0.8200371057513914,0.7323943661971831,0.6108433734939759
Age: Young,89,0.7284576229664376,0.7090395480225988,0.6991643454038997,0.7040673211781207,0.6831831831831832
Race: black,89,0.42560797318499505,0.7942754919499105,0.9736842105263158,0.8748768472906404,0.7806563039723662
Race: others,89,0.5444757433489829,0.6114864864864865,0.8497652582159625,0.7111984282907662,0.5950413223140496
Race: white,89,0.5598122376091418,0.46304347826086956,0.49191685912240185,0.47704367301231804,0.5190525231719877
Overall,90,0.57351477419103,0.6176900584795322,0.7531194295900179,0.678714859437751,0.588477366255144
Gender: F,90,0.6235811823962054,0.6864864864864865,0.8566610455311973,0.7621905476369092,0.6738683127572016
Gender: M,90,0.49872198065262197,0.5366242038216561,0.6370510396975425,0.5825410544511668,0.5030864197530864
Age: Adult,90,0.5710666535909255,0.6368563685636857,0.7912457912457912,0.7057057057057057,0.610337972166998
Age: Senior,90,0.5044696969696969,0.6397415185783522,0.8,0.7109515260323159,0.584516129032258
Age: Young,90,0.6181277056277057,0.5631578947368421,0.6484848484848484,0.6028169014084507,0.5765765765765766
Race: black,90,0.455704092984004,0.7556008146639511,0.9321608040201005,0.8346456692913385,0.722117202268431
Race: others,90,0.42294372294372296,0.5709779179810726,0.7835497835497836,0.6605839416058394,0.5181347150259067
Race: white,90,0.5654517725772759,0.5232142857142857,0.5943204868154158,0.5565052231718899,0.5461613216715258
Overall,91,0.5593356409592822,0.6207148067104303,0.7387152777777778,0.6745937376139517,0.5804803270311701
Gender: F,91,0.5981800610044531,0.6626984126984127,0.8253706754530478,0.7351430667644901,0.6429277942631059
Gender: M,91,0.5067629092406598,0.5691056910569106,0.6422018348623854,0.603448275862069,0.5137420718816068
Age: Adult,91,0.5805253198618128,0.6037234042553191,0.8315018315018315,0.699537750385208,0.5971074380165289
Age: Senior,91,0.5205423828524658,0.6537216828478964,0.7440147329650092,0.6959517657192076,0.5752105896510229
Age: Young,91,0.5912795673825084,0.583554376657825,0.6547619047619048,0.6171107994389902,0.5747663551401869
Race: black,91,0.41958874458874457,0.73125,0.9669421487603306,0.8327402135231317,0.7196819085487077
Race: others,91,0.4666901063959888,0.5907590759075908,0.8099547511312217,0.683206106870229,0.5501355013550135
Race: white,91,0.5476867491214209,0.5459183673469388,0.5651408450704225,0.5553633217993079,0.5262672811059907
Overall,92,0.6136947404330463,0.6341647770219199,0.7398589065255732,0.6829466829466829,0.5953246753246754
Gender: F,92,0.6458445328459307,0.6795580110497238,0.7699530516431925,0.7219369038884813,0.6327519379844961
Gender: M,92,0.566027105223085,0.5792988313856428,0.701010101010101,0.6343692870201096,0.5520716685330347
Age: Adult,92,0.620019618334225,0.593167701863354,0.7153558052434457,0.6485568760611206,0.5660377358490566
Age: Senior,92,0.5629245119363749,0.674565560821485,0.7806215722120659,0.7237288135593221,0.6029232643118149
Age: Young,92,0.6720734934853421,0.6005434782608695,0.690625,0.6424418604651163,0.6076555023923444
Race: black,92,0.5195902228612509,0.7789473684210526,0.9487179487179487,0.8554913294797688,0.7484909456740443
Race: others,92,0.5083181367373708,0.5935483870967742,0.8888888888888888,0.7117988394584139,0.5837988826815642
Race: white,92,0.5798334154377212,0.5297397769516728,0.5307262569832403,0.5302325581395348,0.5280373831775701
Overall,93,0.6050057118142885,0.6458333333333334,0.744661921708185,0.6917355371900826,0.6034024455077087
Gender: F,93,0.633823606187025,0.6769456681350955,0.8073555166374781,0.7364217252396166,0.648936170212766
Gender: M,93,0.5718759903804925,0.6113821138211382,0.6799276672694394,0.6438356164383562,0.5579171094580234
Age: Adult,93,0.6310571602969264,0.6685714285714286,0.7878787878787878,0.723338485316847,0.6175213675213675
Age: Senior,93,0.5295484632209047,0.6655518394648829,0.7788649706457925,0.7177637511271415,0.6002554278416348
Age: Young,93,0.6411503265339031,0.5890804597701149,0.6487341772151899,0.6174698795180723,0.5968253968253968
Race: black,93,0.5561731254181463,0.7910112359550562,0.9238845144356955,0.8523002421307506,0.7474120082815735
Race: others,93,0.4349715396362627,0.6226993865030674,0.8285714285714286,0.7110332749562172,0.5790816326530612
Race: white,93,0.5812600796888341,0.5371428571428571,0.5662650602409639,0.5513196480938416,0.5437375745526839
Overall,94,0.6012097558358649,0.6223723723723724,0.7310405643738977,0.6723438767234388,0.5798231929277171
Gender: F,94,0.6347802653399668,0.6530898876404494,0.775,0.7088414634146342,0.6187624750499002
Gender: M,94,0.5525118795304319,0.5870967741935483,0.6816479400749064,0.6308492201039861,0.5374592833876222
Age: Adult,94,0.5691393993724788,0.5584415584415584,0.6798418972332015,0.6131907308377896,0.5145413870246085
Age: Senior,94,0.555632946162298,0.6696969696969697,0.8007246376811594,0.7293729372937293,0.6043425814234017
Age: Young,94,0.6587811358987593,0.5906593406593407,0.6534954407294833,0.6204906204906205,0.5935085007727975
Race: black,94,0.5126004999662185,0.7484008528784648,0.9722991689750693,0.8457831325301205,0.7355371900826446
Race: others,94,0.5692956349206348,0.6267806267806267,0.873015873015873,0.7296849087893864,0.6043689320388349
Race: white,94,0.5425565004969161,0.50390625,0.4952015355086372,0.4995159728944821,0.49659201557935734
Overall,95,0.5749841981791441,0.6272530641672674,0.7323232323232324,0.6757281553398058,0.5864289252105003
Gender: F,95,0.5732593136790217,0.6458923512747875,0.7402597402597403,0.6898638426626323,0.6007789678675755
Gender: M,95,0.5694160006660006,0.6079295154185022,0.7237762237762237,0.6608140462889066,0.5715725806451613
Age: Adult,95,0.5321002489056734,0.6467661691542289,0.7103825136612022,0.6770833333333334,0.5547576301615799
Age: Senior,95,0.5104449082291443,0.6267942583732058,0.7844311377245509,0.6968085106382979,0.5767326732673267
Age: Young,95,0.6445744810230791,0.6061452513966481,0.67601246105919,0.6391752577319587,0.6253822629969419
Race: black,95,0.41727419815361194,0.7535070140280561,0.9518987341772152,0.8411633109619687,0.7310606060606061
Race: others,95,0.5213385354141656,0.6424050632911392,0.8285714285714286,0.7237076648841355,0.5931758530183727
Race: white,95,0.5306777151466348,0.5087412587412588,0.531021897810219,0.5196428571428572,0.5153153153153153
Overall,96,0.5876336042969665,0.5806697108066972,0.74950884086444,0.6543739279588336,0.5735449735449736
Gender: F,96,0.6428670075843311,0.624484181568088,0.8063943161634103,0.703875968992248,0.6276803118908382
Gender: M,96,0.5013756414734409,0.5264054514480409,0.6791208791208792,0.5930902111324377,0.5092592592592593
Age: Adult,96,0.586400399045142,0.562874251497006,0.7401574803149606,0.6394557823129252,0.5536842105263158
Age: Senior,96,0.5335306673110226,0.6303236797274276,0.8314606741573034,0.7170542635658915,0.5966850828729282
Age: Young,96,0.621747227559241,0.5216284987277354,0.6426332288401254,0.5758426966292135,0.5629522431259045
Race: black,96,0.41160042964554244,0.7345679012345679,0.9272727272727272,0.8197474167623421,0.696911196911197
Race: others,96,0.5025978366553233,0.48909657320872274,0.8920454545454546,0.6317907444668008,0.49586776859504134
Race: white,96,0.5748759236355565,0.4911242603550296,0.5448577680525164,0.516597510373444,0.5381565906838454
Overall,97,0.5823008655409401,0.6153846153846154,0.7205882352941176,0.663844199830652,0.578556263269639
Gender: F,97,0.6062104095063421,0.6361185983827493,0.7892976588628763,0.7044776119402985,0.6162790697674418
Gender: M,97,0.5475532754538279,0.5864661654135338,0.636734693877551,0.6105675146771037,0.5328638497652582
Age: Adult,97,0.618155257811965,0.5555555555555556,0.7268722466960352,0.6297709923664122,0.5380952380952381
Age: Senior,97,0.5244457495228307,0.6693418940609952,0.7736549165120594,0.7177280550774526,0.598531211750306
Age: Young,97,0.614314381270903,0.5706214689265536,0.6273291925465838,0.5976331360946746,0.5795981452859351
Race: black,97,0.49760567053078253,0.7162790697674418,0.9418960244648318,0.8137384412153237,0.6907894736842105
Race: others,97,0.5652741957377494,0.625,0.8726415094339622,0.7283464566929134,0.6068376068376068
Race: white,97,0.5424497709333775,0.531021897810219,0.5300546448087432,0.5305378304466728,0.5218198700092851
Overall,98,0.5729658630763567,0.6415094339622641,0.6949685534591195,0.6671698113207547,0.5749397590361446
Gender: F,98,0.60591747616077,0.6825806451612904,0.7700145560407569,0.7236662106703147,0.6255792400370713
Gender: M,98,0.5214028739576184,0.5887230514096186,0.6068376068376068,0.5976430976430976,0.5200803212851406
Age: Adult,98,0.4974169918751199,0.5763157894736842,0.711038961038961,0.6366279069767442,0.5107632093933464
Age: Senior,98,0.5448429086070768,0.6865203761755486,0.7312186978297162,0.7081649151172191,0.5826589595375723
Age: Young,98,0.6328890164875728,0.6305555555555555,0.6219178082191781,0.6262068965517241,0.6123032904148784
Race: black,98,0.5063650169733787,0.7707006369426752,0.9404145077720207,0.8471411901983664,0.7390438247011952
Race: others,98,0.47081712062256814,0.6112759643916914,0.8015564202334631,0.6936026936026936,0.5676959619952494
Race: white,98,0.5365325397380284,0.5526315789473685,0.5007949125596184,0.5254378648874062,0.5060763888888888
Overall,99,0.5828117720602396,0.6444111027756939,0.7236731255265375,0.6817460317460318,0.5928934010152285
Gender: F,99,0.6336754661670042,0.6894736842105263,0.803680981595092,0.7422096317280453,0.6559546313799622
Gender: M,99,0.4993257145690275,0.5846422338568935,0.6261682242990654,0.6046931407942239,0.5197368421052632
Age: Adult,99,0.5529005766206534,0.6162464985994398,0.7457627118644068,0.6748466257668712,0.5664621676891616
Age: Senior,99,0.5053313342170629,0.6677367576243981,0.7441860465116279,0.7038917089678511,0.5818399044205496
Age: Young,99,0.6619062792696233,0.6317280453257791,0.6696696696696697,0.6501457725947521,0.6273291925465838
Race: black,99,0.4685926197234686,0.7162790697674418,0.9447852760736196,0.8148148148148148,0.6956521739130435
Race: others,99,0.5494444444444444,0.6744868035190615,0.8518518518518519,0.7528641571194763,0.6317073170731707
Race: white,99,0.5642562471120507,0.5711743772241993,0.5431472081218274,0.5568083261058109,0.5354545454545454
Overall,100,0.5663076182390989,0.5811103100216294,0.7190008920606601,0.6427432216905901,0.549748743718593
Gender: F,100,0.630070181255526,0.5853994490358126,0.7783882783882784,0.6682389937106918,0.5821782178217821
Gender: M,100,0.49645517981749865,0.5763993948562783,0.662608695652174,0.616504854368932,0.5163265306122449
Age: Adult,100,0.585673465366046,0.608433734939759,0.792156862745098,0.6882453151618398,0.5969162995594713
Age: Senior,100,0.5127213207915752,0.5994020926756353,0.7667304015296367,0.6728187919463087,0.5390070921985816
Age: Young,100,0.6041370850522176,0.5259067357512953,0.5918367346938775,0.5569272976680384,0.5318840579710145
Race: black,100,0.5301355066771406,0.6754385964912281,0.9194029850746268,0.7787610619469026,0.6406570841889117
Race: others,100,0.4447207007092915,0.5681159420289855,0.8558951965065502,0.6829268292682927,0.5472636815920398
Race: white,100,0.5539276190727638,0.515358361774744,0.5421903052064632,0.5284339457567804,0.5104450499545867
Overall,101,0.6022593466409027,0.6484149855907781,0.7705479452054794,0.704225352112676,0.6146788990825688
Gender: F,101,0.6348947648354989,0.6768060836501901,0.8317757009345794,0.7463312368972747,0.6549429657794676
Gender: M,101,0.5544845136248415,0.6110183639398998,0.6958174904942965,0.6506666666666666,0.5681318681318681
Age: Adult,101,0.617429280837102,0.6375,0.8095238095238095,0.7132867132867133,0.6194895591647331
Age: Senior,101,0.5285384707574304,0.6676646706586826,0.7964285714285714,0.7263843648208469,0.6083916083916084
Age: Young,101,0.6601123595505618,0.625,0.702247191011236,0.6613756613756614,0.6196136701337296
Race: black,101,0.454449747332959,0.7557251908396947,0.9519230769230769,0.8425531914893617,0.7323688969258589
Race: others,101,0.49983112257430606,0.64375,0.8728813559322034,0.7410071942446043,0.6149732620320856
Race: white,101,0.587140221953369,0.5477941176470589,0.5775193798449613,0.5622641509433962,0.5516908212560386
Overall,102,0.5985692576408199,0.6617852161785216,0.7868988391376451,0.718939393939394,0.6280701754385964
Gender: F,102,0.6243161094224925,0.6927016645326505,0.8221884498480243,0.7519110493398193,0.6657303370786517
Gender: M,102,0.5585674941740655,0.6248085758039816,0.7445255474452555,0.6794338051623647,0.5846817691477886
Age: Adult,102,0.5146391940834525,0.6139896373056994,0.7429467084639498,0.6723404255319149,0.56
Age: Senior,102,0.5430079754060149,0.7021897810218978,0.8423817863397548,0.7659235668789809,0.6537102473498233
Age: Young,102,0.7026872795185723,0.6363636363636364,0.7310126582278481,0.6804123711340206,0.6505636070853462
Race: black,102,0.5085457024637954,0.8078512396694215,0.9559902200488998,0.8756998880179171,0.783625730994152
Race: others,102,0.5129581435697246,0.6397849462365591,0.8981132075471698,0.7472527472527473,0.6332574031890661
Race: white,102,0.5470127127996115,0.5536332179930796,0.6015037593984962,0.5765765765765766,0.5493767976989453
Overall,103,0.5437574820430966,0.6265682656826568,0.6775738228252195,0.6510736196319018,0.5567462250365319
Gender: F,103,0.5568131285489498,0.6680731364275668,0.7636655948553055,0.7126781695423856,0.6162324649298597
Gender: M,103,0.5169224501390425,0.5807453416149069,0.5927099841521395,0.5866666666666667,0.500473933649289
Age: Adult,103,0.5013337955148299,0.5320855614973262,0.6958041958041958,0.603030303030303,0.4942084942084942
Age: Senior,103,0.4499162479061976,0.6656101426307448,0.7035175879396985,0.6840390879478827,0.5498839907192575
Age: Young,103,0.650900900900901,0.6571428571428571,0.6216216216216216,0.6388888888888888,0.6136701337295691
Race: black,103,0.45550536962736954,0.7819383259911894,0.9125964010282777,0.8422301304863582,0.7318548387096774
Race: others,103,0.45025859446303623,0.5249169435215947,0.7559808612440191,0.6196078431372549,0.49214659685863876
Race: white,103,0.5199324721080447,0.56,0.5129770992366413,0.5354581673306773,0.5038297872340426
Overall,104,0.5639026284925687,0.5785060975609756,0.7073625349487418,0.6364779874213836,0.5512422360248447
Gender: F,104,0.6136448434454191,0.6118421052631579,0.8072916666666666,0.6961077844311377,0.6065891472868217
Gender: M,104,0.49619054276028385,0.532608695652174,0.5915492957746479,0.5605338417540515,0.48777777777777775
Age: Adult,104,0.5575350770829725,0.525065963060686,0.7928286852589641,0.6317460317460317,0.5176715176715176
Age: Senior,104,0.4824329896907216,0.6034782608695652,0.7154639175257732,0.6547169811320754,0.5337579617834395
Age: Young,104,0.6351456170573538,0.5949720670391061,0.6320474777448071,0.6129496402877698,0.5960960960960962
Race: black,104,0.4605629877369008,0.6535087719298246,0.9551282051282052,0.7760416666666666,0.6363636363636364
Race: others,104,0.5470288428124638,0.6,0.8651685393258427,0.7085889570552147,0.5878524945770065
Race: white,104,0.5317600893258787,0.4883227176220807,0.46558704453441296,0.47668393782383417,0.4939879759519038
Overall,105,0.5734182046696809,0.6248256624825662,0.7671232876712328,0.6887009992313605,0.5909090909090909
Gender: F,105,0.5847889456320333,0.6267515923566879,0.8078817733990148,0.7058823529411765,0.6076555023923444
Gender: M,105,0.5532509610626879,0.6224961479198767,0.7227191413237924,0.6688741721854304,0.5721925133689839
Age: Adult,105,0.5904145958459471,0.5614973262032086,0.7581227436823105,0.6451612903225806,0.538
Age: Senior,105,0.4893507313479954,0.685672514619883,0.8389982110912343,0.7546259050683829,0.6253071253071253
Age: Young,105,0.6331162975254312,0.5771276595744681,0.6536144578313253,0.6129943502824858,0.5885885885885885
Race: black,105,0.4718597675290588,0.7265135699373695,0.9133858267716536,0.8093023255813954,0.6852207293666027
Race: others,105,0.46585454216103617,0.5718157181571816,0.8647540983606558,0.6884176182707994,0.5505882352941176
Race: white,105,0.5929099481270605,0.5750853242320819,0.6206261510128913,0.5969884853852967,0.5599613152804642
Overall,106,0.6147956508240113,0.6378454996456414,0.7672634271099744,0.6965944272445821,0.6068204613841525
Gender: F,106,0.638257156056685,0.6404639175257731,0.826955074875208,0.7218591140159768,0.6331417624521073
Gender: M,106,0.5961723461723462,0.6346456692913386,0.7045454545454546,0.6677713338856669,0.5778947368421052
Age: Adult,106,0.619576676668559,0.6263157894736842,0.8067796610169492,0.7051851851851851,0.6051587301587301
Age: Senior,106,0.5386628197442047,0.6622613803230544,0.8111510791366906,0.7291835084882781,0.6030805687203792
Age: Young,106,0.6680229660302123,0.6028571428571429,0.65527950310559,0.6279761904761905,0.6130030959752322
Race: black,106,0.5422445400924597,0.7374517374517374,0.9317073170731708,0.8232758620689655,0.7087033747779752
Race: others,106,0.5125674413778792,0.6151515151515151,0.8319672131147541,0.7073170731707317,0.582089552238806
Race: white,106,0.5972930598058105,0.5595026642984015,0.6069364161849711,0.5822550831792976,0.5607385811467445
Overall,107,0.6138884839972085,0.6546656869948567,0.7654639175257731,0.7057425742574257,0.61740473738414
Gender: F,107,0.6139372314519692,0.6799431009957326,0.8156996587030717,0.7416602017067494,0.649104320337197
Gender: M,107,0.6008650519031142,0.6276595744680851,0.7145328719723183,0.6682847896440129,0.5871097683786506
Age: Adult,107,0.6164803719932039,0.6189024390243902,0.7660377358490567,0.684654300168634,0.6071428571428571
Age: Senior,107,0.5335314091680815,0.6886930983847284,0.7962648556876061,0.7385826771653543,0.6116959064327485
Age: Young,107,0.6798306719537026,0.6221590909090909,0.7064516129032258,0.6616314199395771,0.6333878887070377
Race: black,107,0.48314701539759547,0.7942857142857143,0.9675174013921114,0.8723849372384938,0.7744916820702403
Race: others,107,0.5230364873222016,0.6602564102564102,0.8917748917748918,0.7587476979742173,0.6330532212885154
Race: white,107,0.543229296834801,0.5114503816793893,0.5338645418326693,0.5224171539961013,0.5306513409961686
Overall,108,0.5775514901099285,0.6444444444444445,0.7335581787521079,0.6861198738170347,0.5936702399183257
Gender: F,108,0.6200295449571557,0.684931506849315,0.8038585209003215,0.7396449704142012,0.649402390438247
Gender: M,108,0.5176193974351999,0.5967741935483871,0.6560283687943262,0.625,0.5350785340314136
Age: Adult,108,0.5890493058537283,0.6043956043956044,0.8029197080291971,0.6896551724137931,0.5857740585774058
Age: Senior,108,0.5171055917324573,0.6977099236641221,0.75787728026534,0.7265500794912559,0.6009280742459396
Age: Young,108,0.6261613947176116,0.5830815709969789,0.6245954692556634,0.603125,0.5896607431340872
Race: black,108,0.4598871930988719,0.7862903225806451,0.948905109489051,0.8599779492833517,0.7562380038387716
Race: others,108,0.47540983606557374,0.5893536121673004,0.8469945355191257,0.695067264573991,0.5641025641025641
Race: white,108,0.5521576703107601,0.5499153976311336,0.5489864864864865,0.5494505494505495,0.5266429840142096
Overall,109,0.5814650844850789,0.613603473227207,0.7653429602888087,0.6811244979919678,0.5934459805427548
Gender: F,109,0.6243938101620568,0.6220159151193634,0.8286219081272085,0.7106060606060606,0.6183816183816184
Gender: M,109,0.5300513005130051,0.6035031847133758,0.6992619926199262,0.6478632478632479,0.5672268907563025
Age: Adult,109,0.5656646049360257,0.5660377358490566,0.7608695652173914,0.6491499227202473,0.5592233009708738
Age: Senior,109,0.4724086588903289,0.6470588235294118,0.8065173116089613,0.7180417044424298,0.5880794701986755
Age: Young,109,0.6721501946459502,0.606516290726817,0.7096774193548387,0.654054054054054,0.6251830161054173
Race: black,109,0.47713883196721313,0.7057416267942583,0.9672131147540983,0.8160442600276625,0.6928406466512702
Race: others,109,0.42403922258376575,0.6070460704607046,0.8175182481751825,0.6967340590979783,0.5568181818181818
Race: white,109,0.5950788907605694,0.5529411764705883,0.6219281663516069,0.5854092526690391,0.5685185185185185
Overall,110,0.5813578683529703,0.6382691007437458,0.7699836867862969,0.6979667282809612,0.5985257985257986
Gender: F,110,0.6262649537727691,0.6491994177583698,0.809437386569873,0.7205169628432956,0.6291532690246516
Gender: M,110,0.5397658079625294,0.6287878787878788,0.7377777777777778,0.6789366053169734,0.5725952813067151
Age: Adult,110,0.5616824988942014,0.560126582278481,0.7344398340248963,0.6355475763016158,0.5365296803652968
Age: Senior,110,0.500491581664004,0.6709677419354839,0.8227848101265823,0.7391613361762616,0.6099893730074389
Age: Young,110,0.6661057040548247,0.6365979381443299,0.6997167138810199,0.6666666666666666,0.6234756097560976
Race: black,110,0.4504355400696864,0.7375478927203065,0.9390243902439024,0.8261802575107297,0.7054545454545454
Race: others,110,0.4612908661948097,0.6546052631578947,0.8652173913043478,0.7453183520599251,0.6211699164345403
Race: white,110,0.576975097964859,0.5513016845329249,0.6143344709897611,0.5811138014527845,0.5390763765541741
Overall,111,0.5825780583654175,0.6273199703043801,0.7592093441150045,0.6869918699186992,0.5951629863301787
Gender: F,111,0.6511177638215482,0.6689655172413793,0.8770343580470162,0.758998435054773,0.673036093418259
Gender: M,111,0.5042991071428571,0.5787781350482315,0.6428571428571429,0.6091370558375635,0.51875
Age: Adult,111,0.6209137501154309,0.5873015873015873,0.8371040723981901,0.6902985074626866,0.6019184652278178
Age: Senior,111,0.4499756239669913,0.6523031203566122,0.7542955326460481,0.699601593625498,0.5671641791044776
Age: Young,111,0.6869323005093378,0.6155988857938719,0.7129032258064516,0.6606875934230194,0.6302931596091205
Race: black,111,0.5011306759934874,0.7583732057416268,0.984472049689441,0.8567567567567568,0.7505882352941177
Race: others,111,0.511900704385367,0.5869565217391305,0.875,0.7026022304832714,0.5778364116094987
Race: white,111,0.5432371768226785,0.5584843492586491,0.5895652173913043,0.5736040609137056,0.5409836065573771
Overall,112,0.5478422672296571,0.6048895899053628,0.7181647940074907,0.6566780821917808,0.5671883432271991
Gender: F,112,0.5744868579920126,0.6336633663366337,0.7697594501718213,0.6951124903025602,0.60262891809909
Gender: M,112,0.5100376684738824,0.5686274509803921,0.6563786008230452,0.609360076408787,0.5266203703703703
Age: Adult,112,0.5504765982378259,0.54421768707483,0.7174887892376681,0.6189555125725339,0.533175355450237
Age: Senior,112,0.5188056665965355,0.6323024054982818,0.7510204081632653,0.6865671641791045,0.5697823303457106
Age: Young,112,0.5757269037956553,0.6096938775510204,0.6732394366197183,0.6398929049531459,0.5861538461538461
Race: black,112,0.4688079777365492,0.7047413793103449,0.9289772727272727,0.8014705882352942,0.6753507014028056
Race: others,112,0.4782150665871596,0.6115384615384616,0.8153846153846154,0.6989010989010989,0.5771604938271605
Race: white,112,0.5172292214232115,0.5165441176470589,0.5393474088291746,0.5276995305164319,0.5116504854368932
Overall,113,0.5543279152499065,0.6244952893674294,0.7569331158238173,0.6843657817109144,0.5836575875486382
Gender: F,113,0.6095819565576114,0.6426701570680629,0.8279932546374368,0.7236551215917465,0.6294466403162056
Gender: M,113,0.49564695979059287,0.6052631578947368,0.6903633491311216,0.6450184501845019,0.539272030651341
Age: Adult,113,0.5810781206642228,0.595360824742268,0.7725752508361204,0.6724890829694323,0.5738636363636364
Age: Senior,113,0.48356240502596903,0.6856745479833102,0.7938808373590982,0.735820895522388,0.6088397790055249
Age: Young,113,0.596204201975217,0.5382585751978892,0.6666666666666666,0.5956204379562043,0.5553772070626003
Race: black,113,0.41394107178168876,0.7403651115618661,0.9383033419023136,0.8276643990929705,0.7071290944123314
Race: others,113,0.4955712303422757,0.5558659217877095,0.8652173913043478,0.6768707482993197,0.5454545454545454
Race: white,113,0.5540391397240527,0.573228346456693,0.5996705107084019,0.5861513687600645,0.5406613047363718
Overall,114,0.5674720046522983,0.6545981173062998,0.7226219024780176,0.6869300911854104,0.596078431372549
Gender: F,114,0.6121693722329435,0.6700879765395894,0.7947826086956522,0.7271280827366746,0.6419624217118998
Gender: M,114,0.519075917451249,0.6394849785407726,0.6612426035502958,0.6501818181818182,0.555452865064695
Age: Adult,114,0.5866127946127946,0.6624365482233503,0.7909090909090909,0.7209944751381215,0.6360360360360361
Age: Senior,114,0.49744087821647426,0.6651090342679128,0.7721518987341772,0.7146443514644352,0.5921052631578947
Age: Young,114,0.5912888751353861,0.6260869565217392,0.5869565217391305,0.605890603085554,0.5670261941448382
Race: black,114,0.4594527671165037,0.757700205338809,0.9365482233502538,0.8376844494892168,0.723404255319149
Race: others,114,0.4320347533632287,0.5993265993265994,0.7982062780269058,0.6846153846153846,0.553133514986376
Race: white,114,0.5645796318454864,0.5979899497487438,0.5630914826498423,0.5800162469536961,0.5527681660899654
Overall,115,0.5594388513657023,0.62339514978602,0.7301587301587301,0.672566371681416,0.5793376173999011
Gender: F,115,0.6167746662069832,0.6395663956639567,0.7840531561461794,0.7044776119402985,0.6140350877192983
Gender: M,115,0.490624608052176,0.6054216867469879,0.6756302521008404,0.6386020651310564,0.5436308926780341
Age: Adult,115,0.5643069376974956,0.5524296675191815,0.7912087912087912,0.6506024096385542,0.541501976284585
Age: Senior,115,0.4733812861634066,0.6731927710843374,0.7627986348122867,0.7152,0.5884393063583815
Age: Young,115,0.6314259601251272,0.6080691642651297,0.6242603550295858,0.6160583941605839,0.5966257668711656
Race: black,115,0.47902748877450446,0.7698744769874477,0.9269521410579346,0.8411428571428572,0.728515625
Race: others,115,0.4132014874915483,0.5565217391304348,0.8067226890756303,0.6586620926243568,0.5169902912621359
Race: white,115,0.5321460996573821,0.542314335060449,0.5587188612099644,0.5503943908851884,0.5332120109190173
Overall,116,0.5710746821580551,0.6034607065609229,0.7650822669104205,0.6747279322853688,0.5812143227815257
Gender: F,116,0.5914458399566789,0.5885634588563459,0.8053435114503816,0.6800966962127317,0.586888657648283
Gender: M,116,0.5600766436292752,0.6194029850746269,0.7280701754385965,0.6693548387096774,0.5755693581780539
Age: Adult,116,0.5881450808987041,0.6222826086956522,0.8297101449275363,0.7111801242236024,0.6
Age: Senior,116,0.47492186117827445,0.6301169590643275,0.7879341864716636,0.7002437043054427,0.5694282380396732
Age: Young,116,0.636028680646088,0.5283582089552239,0.6531365313653137,0.5841584158415841,0.5834710743801653
Race: black,116,0.4231619559563031,0.6719817767653758,0.9335443037974683,0.7814569536423841,0.6428571428571429
Race: others,116,0.49770569620253163,0.62,0.9041666666666667,0.735593220338983,0.6080402010050251
Race: white,116,0.5814839670838575,0.5434782608695652,0.604089219330855,0.5721830985915493,0.5445173383317713
Overall,117,0.5986756094097205,0.6212553495007133,0.766725352112676,0.6863672182821119,0.5977766548762001
Gender: F,117,0.6205626457086547,0.6518324607329843,0.8258706467661692,0.7286027798098025,0.6352015732546706
Gender: M,117,0.5626899679432512,0.5846394984326019,0.699812382739212,0.637062339880444,0.5582120582120582
Age: Adult,117,0.5937979797979798,0.5699745547073791,0.7542087542087542,0.6492753623188405,0.5575868372943327
Age: Senior,117,0.5565647564208025,0.6945337620578779,0.8291746641074856,0.7559055118110236,0.6390685640362225
Age: Young,117,0.6285757760194767,0.5555555555555556,0.6761006289308176,0.6099290780141844,0.582701062215478
Race: black,117,0.3954847059681359,0.770949720670391,0.9282511210762332,0.8423194303153612,0.7275922671353251
Race: others,117,0.5181565656565656,0.5476923076923077,0.8090909090909091,0.653211009174312,0.5275
Race: white,117,0.5739361702127659,0.5166666666666667,0.5936170212765958,0.5524752475247525,0.5524752475247525
Overall,118,0.568596726179569,0.5922401171303074,0.7361237488626023,0.6563894523326572,0.5696138211382114
Gender: F,118,0.5810668507197793,0.5864864864864865,0.7890909090909091,0.6728682170542636,0.582591493570722
Gender: M,118,0.5542541697917783,0.5990415335463258,0.6830601092896175,0.6382978723404256,0.5559038662486938
Age: Adult,118,0.5890605265714564,0.5294117647058824,0.7659574468085106,0.6260869565217392,0.526431718061674
Age: Senior,118,0.4528817956237311,0.6458015267175573,0.7580645161290323,0.6974443528441879,0.5651658767772512
Age: Young,118,0.656835811247576,0.555256064690027,0.673202614379085,0.6085672082717873,0.6044776119402985
Race: black,118,0.4808825283243888,0.7149532710280374,0.9415384615384615,0.8127490039840638,0.6894273127753304
Race: others,118,0.4461266274107287,0.5435435435435435,0.8457943925233645,0.6617915904936015,0.5219638242894057
Race: white,118,0.5660556815318721,0.5322314049586777,0.575,0.5527896995708155,0.5377107364685004
Overall,119,0.5616456161424205,0.6254796623177283,0.7250889679715302,0.6716110424392254,0.5844629822732013
Gender: F,119,0.5924390298624667,0.61863173216885,0.7914338919925512,0.6944444444444444,0.6071428571428571
Gender: M,119,0.5297721521263254,0.6331168831168831,0.6643952299829642,0.6483790523690773,0.562111801242236
Age: Adult,119,0.5867346938775511,0.5745341614906833,0.7341269841269841,0.6445993031358885,0.5516483516483517
Age: Senior,119,0.49510794091655086,0.6784,0.7940074906367042,0.731665228645384,0.6117353308364545
Age: Young,119,0.6038927240850317,0.5786516853932584,0.6094674556213018,0.5936599423631124,0.5740181268882175
Race: black,119,0.3946660335549224,0.7366071428571429,0.9401709401709402,0.8260325406758448,0.7085953878406709
Race: others,119,0.4604066082044208,0.528169014084507,0.7537688442211056,0.6211180124223602,0.48011363636363635
Race: white,119,0.5867308277798451,0.5866900175131349,0.5836236933797909,0.5851528384279476,0.5638200183654729
Overall,120,0.5707101042925352,0.6194620253164557,0.7256719184430028,0.6683738796414853,0.5842696629213483
Gender: F,120,0.6107791777331054,0.6310240963855421,0.7773654916512059,0.6965918536990856,0.6237113402061856
Gender: M,120,0.5230578768183225,0.6066666666666667,0.674074074074074,0.6385964912280702,0.5417130144605117
Age: Adult,120,0.5705632716049382,0.5682539682539682,0.7458333333333333,0.645045045045045,0.5679824561403509
Age: Senior,120,0.5013564820463501,0.6495867768595042,0.7813121272365805,0.7093862815884476,0.5871794871794872
Age: Young,120,0.6284571909571909,0.6133720930232558,0.6279761904761905,0.6205882352941177,0.5924170616113744
Race: black,120,0.502219285340249,0.7476190476190476,0.9317507418397626,0.8295904887714664,0.7171052631578947
Race: others,120,0.41459184937445803,0.5876623376623377,0.7735042735042735,0.6678966789667896,0.5161290322580645
Race: white,120,0.55111277717865,0.5373134328358209,0.5669291338582677,0.5517241379310345,0.5504322766570605
Overall,121,0.6018156698070102,0.6456166419019317,0.7364406779661017,0.6880443388756928,0.597753956100051
Gender: F,121,0.618076614926133,0.6568877551020408,0.8059467918622848,0.7238229093464511,0.6281929990539262
Gender: M,121,0.5774496802371724,0.6298932384341637,0.6543438077634011,0.641885766092475,0.5620842572062085
Age: Adult,121,0.5959106313104845,0.6873315363881402,0.7750759878419453,0.7285714285714285,0.6222664015904572
Age: Senior,121,0.5198795623118161,0.6493055555555556,0.7333333333333333,0.6887661141804788,0.564993564993565
Age: Young,121,0.6637543597841364,0.6015037593984962,0.7038123167155426,0.6486486486486487,0.6170839469808542
Race: black,121,0.5375645362293039,0.7833655705996132,0.9854014598540146,0.8728448275862069,0.7790262172284644
Race: others,121,0.5457253886010364,0.5384615384615384,0.7979274611398963,0.6430062630480167,0.5155807365439093
Race: white,121,0.558189474126344,0.570902394106814,0.5381944444444444,0.5540661304736372,0.5345149253731343
Overall,122,0.6021138677010387,0.5995475113122172,0.7381615598885793,0.66167290886392,0.5794102431453699
Gender: F,122,0.6528857624748037,0.6302158273381295,0.7891891891891892,0.7008,0.6233635448136958
Gender: M,122,0.5388228931786101,0.5657686212361331,0.6839080459770115,0.619254119687771,0.5329787234042553
Age: Adult,122,0.5819794364649556,0.5953757225433526,0.7518248175182481,0.6645161290322581,0.5478260869565217
Age: Senior,122,0.5245294234198533,0.6214057507987221,0.7938775510204081,0.6971326164874552,0.5769712140175219
Age: Young,122,0.6631118741868965,0.5649717514124294,0.6389776357827476,0.5997001499250375,0.6038575667655787
Race: black,122,0.5004833736144679,0.6673387096774194,0.9323943661971831,0.7779083431257344,0.6393129770992366
Race: others,122,0.49739278181392077,0.6523076923076923,0.8446215139442231,0.7361111111111112,0.6072351421188631
Race: white,122,0.595414243934017,0.499009900990099,0.535031847133758,0.5163934426229508,0.538160469667319
Overall,123,0.6135221352079051,0.6435087719298246,0.7844311377245509,0.7070161912104858,0.6192384769539078
Gender: F,123,0.6552795592495674,0.6547788873038516,0.8152753108348135,0.7262658227848101,0.6380753138075314
Gender: M,123,0.5698601542181868,0.6325966850828729,0.7557755775577558,0.6887218045112782,0.6019230769230769
Age: Adult,123,0.6300752829882111,0.6458333333333334,0.8641114982578397,0.7391952309985097,0.6354166666666666
Age: Senior,123,0.5330994078761866,0.6626865671641791,0.8207024029574861,0.7332782824112304,0.6136363636363636
Age: Young,123,0.6571250616354812,0.6064690026954178,0.6598240469208211,0.6320224719101124,0.6147058823529412
Race: black,123,0.4824472402597403,0.7582644628099173,0.9532467532467532,0.8446490218642118,0.7368421052631579
Race: others,123,0.5593609091146037,0.656891495601173,0.8582375478927203,0.7441860465116279,0.6225490196078431
Race: white,123,0.5830960595228197,0.5433333333333333,0.6233269598470363,0.5805877114870882,0.5618604651162791
Overall,124,0.5945488840474891,0.6521072796934866,0.734253666954271,0.6907467532467533,0.6068111455108359
Gender: F,124,0.6406907281842454,0.7007978723404256,0.7996965098634294,0.7469879518072289,0.6612903225806451
Gender: M,124,0.5237109375,0.5858951175406871,0.648,0.6153846153846154,0.5418552036199095
Age: Adult,124,0.6201565097954168,0.61198738170347,0.7432950191570882,0.671280276816609,0.5983086680761099
Age: Senior,124,0.45091634202519404,0.6781609195402298,0.7428057553956835,0.7090128755364807,0.580964153275649
Age: Young,124,0.685993779565687,0.6437994722955145,0.7134502923976608,0.6768377253814147,0.6448170731707317
Race: black,124,0.5099012624109573,0.7790697674418605,0.9490084985835694,0.855683269476373,0.7521929824561403
Race: others,124,0.4726326710261569,0.6134185303514377,0.8571428571428571,0.7150837988826816,0.5819672131147541
Race: white,124,0.575779952893934,0.5765124555160143,0.5567010309278351,0.5664335664335665,0.5555555555555556
Overall,125,0.5700634625362236,0.5895295902883156,0.6981132075471698,0.6392431098313451,0.5536895674300254
Gender: F,125,0.6139231669507011,0.6068965517241379,0.7787610619469026,0.6821705426356589,0.5883534136546185
Gender: M,125,0.520463096208194,0.5682967959527825,0.614963503649635,0.5907099035933392,0.5180598555211559
Age: Adult,125,0.5470933956221979,0.5372670807453416,0.6811023622047244,0.6006944444444444,0.5032397408207343
Age: Senior,125,0.4831301725797139,0.6489859594383776,0.763302752293578,0.7015177065767285,0.5740072202166066
Age: Young,125,0.6230619636389587,0.5295774647887324,0.5987261146496815,0.5620328849028401,0.563338301043219
Race: black,125,0.4954503796805446,0.7193763919821826,0.9444444444444444,0.8166877370417194,0.6953781512605042
Race: others,125,0.5219228562602056,0.5782122905027933,0.8313253012048193,0.6820428336079077,0.5522041763341067
Race: white,125,0.5312785926688397,0.48336594911937375,0.4731800766283525,0.4782187802516941,0.4905482041587902
Overall,126,0.5634554860054816,0.6057098765432098,0.7309124767225326,0.6624472573839663,0.572421165152325
Gender: F,126,0.5859522645812969,0.6065573770491803,0.7956989247311828,0.6883720930232559,0.5971943887775552
Gender: M,126,0.5343327253381973,0.6046099290780141,0.6608527131782945,0.6314814814814815,0.5441008018327605
Age: Adult,126,0.5981403776463856,0.5670731707317073,0.7591836734693878,0.6492146596858639,0.5620915032679739
Age: Senior,126,0.47280469418524107,0.6480541455160744,0.7896907216494845,0.7118959107806692,0.5799457994579946
Age: Young,126,0.6079897815362932,0.5729442970822282,0.627906976744186,0.5991678224687933,0.5712166172106825
Race: black,126,0.43240713551607685,0.7309236947791165,0.9285714285714286,0.8179775280898877,0.6949152542372882
Race: others,126,0.4623173343411438,0.5204081632653061,0.8095238095238095,0.6335403726708074,0.5042016806722689
Race: white,126,0.5568365277145342,0.5317460317460317,0.5436105476673428,0.5376128385155466,0.5310274669379451
Overall,127,0.5874823389545547,0.6405463695183321,0.7687661777394306,0.6988235294117647,0.6035105833763552
Gender: F,127,0.6570183791651183,0.6819923371647509,0.8599033816425121,0.7606837606837606,0.6759884281581485
Gender: M,127,0.49978691285505966,0.587171052631579,0.6635687732342007,0.6230366492146597,0.52
Age: Adult,127,0.5991667111799585,0.6442048517520216,0.8213058419243986,0.7220543806646526,0.6198347107438017
Age: Senior,127,0.5420389461626576,0.6578947368421053,0.8095238095238095,0.7258753202391118,0.6066176470588235
Age: Young,127,0.6156115507427461,0.606951871657754,0.6618075801749271,0.6331938633193863,0.5871271585557299
Race: black,127,0.4551518449106261,0.7290322580645161,0.9495798319327731,0.8248175182481752,0.7096774193548387
Race: others,127,0.5090565694261139,0.6825396825396826,0.8571428571428571,0.759941089837997,0.6353467561521253
Race: white,127,0.571751021284004,0.5364963503649635,0.5868263473053892,0.5605338417540515,0.5362173038229376
Overall,128,0.5735571730767515,0.6262548262548262,0.7202486678507993,0.6699710863279636,0.5842872008324662
Gender: F,128,0.6107083955077358,0.6461538461538462,0.7764705882352941,0.7053435114503817,0.6226783968719453
Gender: M,128,0.5260838860230902,0.6017241379310345,0.6572504708097928,0.6282628262826283,0.5406006674082313
Age: Adult,128,0.4979949874686717,0.6288951841359773,0.7789473684210526,0.6959247648902821,0.5845824411134903
Age: Senior,128,0.5728385807096451,0.662751677852349,0.7567049808429118,0.7066189624329159,0.6004872107186358
Age: Young,128,0.6133154202119719,0.5606936416184971,0.6081504702194357,0.5834586466165413,0.5630914826498423
Race: black,128,0.42133152173913047,0.75054704595186,0.9320652173913043,0.8315151515151515,0.7151639344262295
Race: others,128,0.4703953839092519,0.5833333333333334,0.7970297029702971,0.6736401673640168,0.5580736543909348
Race: white,128,0.5645118191161357,0.5462633451957295,0.552158273381295,0.5491949910554562,0.5337650323774283
Overall,129,0.5836482053719991,0.6163701067615658,0.7204658901830283,0.6643651706942846,0.5787193066923447
Gender: F,129,0.6548559415494899,0.6437823834196891,0.8016129032258065,0.7140804597701149,0.6341911764705882
Gender: M,129,0.4888674991767775,0.5829383886255924,0.634020618556701,0.6074074074074074,0.5176946410515673
Age: Adult,129,0.5894159212207774,0.5727554179566563,0.7370517928286853,0.6445993031358885,0.5593952483801296
Age: Senior,129,0.4800425170068027,0.6503597122302158,0.7687074829931972,0.7045985970381917,0.5731981981981982
Age: Young,129,0.6506044669079981,0.5917312661498708,0.6308539944903582,0.6106666666666667,0.5977961432506887
Race: black,129,0.45217738258093937,0.7533980582524272,0.9509803921568627,0.8407367280606717,0.7262569832402235
Race: others,129,0.44967300832342444,0.617948717948718,0.8310344827586207,0.7088235294117647,0.5732758620689655
Race: white,129,0.5452256077256077,0.474,0.47023809523809523,0.4721115537848606,0.5074349442379182
Overall,130,0.5430671828565149,0.5824863174354965,0.711556829035339,0.6405846947549441,0.5576719576719577
Gender: F,130,0.5703702867464441,0.5821325648414986,0.7844660194174757,0.6683209263854425,0.5756613756613757
Gender: M,130,0.5159933732636677,0.582905982905983,0.6409774436090225,0.6105640107430618,0.5396825396825397
Age: Adult,130,0.5110922344481539,0.5091463414634146,0.7488789237668162,0.6061705989110708,0.5177777777777778
Age: Senior,130,0.44226818932701284,0.6360655737704918,0.7607843137254902,0.6928571428571428,0.5606641123882503
Age: Young,130,0.6465571669978273,0.5571847507331378,0.6050955414012739,0.5801526717557252,0.5814307458143074
Race: black,130,0.4289699498032832,0.6895161290322581,0.9047619047619048,0.782608695652174,0.6441947565543071
Race: others,130,0.48402912443745194,0.5333333333333333,0.7955801104972375,0.6385809312638581,0.5090361445783133
Race: white,130,0.5302559946170786,0.5048732943469786,0.5307377049180327,0.5174825174825175,0.5283203125
Overall,131,0.5807424827927189,0.6210448859455482,0.7522281639928698,0.6803708182184603,0.5920781893004116
Gender: F,131,0.5900577227254986,0.656121045392022,0.7936772046589018,0.7183734939759037,0.6282306163021869
Gender: M,131,0.5596413464238206,0.5806962025316456,0.7044145873320538,0.6366001734605378,0.5533049040511727
Age: Adult,131,0.6140099728759693,0.6333333333333333,0.7647058823529411,0.6928471248246845,0.6010928961748634
Age: Senior,131,0.528629959746981,0.6363636363636364,0.8191489361702128,0.7162790697674418,0.6018276762402088
Age: Young,131,0.597613981762918,0.5824175824175825,0.6443768996960486,0.6118326118326118,0.5723370429252782
Race: black,131,0.4264782480693887,0.7462039045553145,0.958217270194986,0.8390243902439024,0.7261410788381742
Race: others,131,0.4898151640890231,0.5931232091690545,0.8589211618257261,0.7016949152542373,0.5665024630541872
Race: white,131,0.5615071677644323,0.5336976320582878,0.5613026819923371,0.5471521942110178,0.540719696969697
Overall,132,0.5847750509672218,0.6224566691785983,0.7151515151515152,0.6655922643029815,0.5845845845845846
Gender: F,132,0.6374143009131651,0.6494413407821229,0.8003442340791739,0.7170393215111797,0.633
Gender: M,132,0.5263974262047203,0.5908346972176759,0.6289198606271778,0.6092827004219409,0.5360721442885772
Age: Adult,132,0.5803912621912964,0.6184971098265896,0.8014981273408239,0.6982055464926591,0.6012931034482759
Age: Senior,132,0.49338540105883527,0.6475279106858054,0.7198581560283688,0.6817800167926112,0.5530660377358491
Age: Young,132,0.6461615851579019,0.5819209039548022,0.6358024691358025,0.6076696165191741,0.6122448979591837
Race: black,132,0.572050555377794,0.7225950782997763,0.9670658682634731,0.8271446862996159,0.7096774193548387
Race: others,132,0.42670987313844455,0.5415282392026578,0.8316326530612245,0.6559356136820925,0.502906976744186
Race: white,132,0.5795886524822695,0.5872193436960277,0.544,0.5647840531561462,0.5592935239697224
Overall,133,0.5377817567625944,0.611353711790393,0.7420494699646644,0.6703910614525139,0.5764102564102564
Gender: F,133,0.5939685314685315,0.6445698166431594,0.798951048951049,0.7135050741608119,0.6216494845360825
Gender: M,133,0.4723086734693878,0.5759398496240602,0.6839285714285714,0.6253061224489795,0.5316326530612245
Age: Adult,133,0.513675799086758,0.5051194539249146,0.6757990867579908,0.578125,0.48448687350835323
Age: Senior,133,0.4867114461023091,0.68188302425107,0.8087986463620981,0.739938080495356,0.6216216216216216
Age: Young,133,0.6002737950117065,0.5631578947368421,0.6645962732919255,0.6096866096866097,0.5738724727838258
Race: black,133,0.3791112427113703,0.7690721649484537,0.951530612244898,0.8506271379703535,0.7400793650793651
Race: others,133,0.49437012263099217,0.5552407932011332,0.8521739130434782,0.6723842195540308,0.5505882352941176
Race: white,133,0.4990905951421665,0.5055970149253731,0.5313725490196078,0.5181644359464627,0.5063663075416258
Overall,134,0.5746636380936185,0.6459363957597173,0.7382875605815832,0.6890312853373539,0.5947937131630648
Gender: F,134,0.6147796175373135,0.6751592356687898,0.828125,0.743859649122807,0.6497120921305183
Gender: M,134,0.5176957704131617,0.6095238095238096,0.6421404682274248,0.6254071661237784,0.5372233400402414
Age: Adult,134,0.505608038474751,0.5768194070080862,0.7535211267605634,0.6534351145038167,0.5357873210633947
Age: Senior,134,0.47580240059221657,0.7006079027355623,0.7800338409475466,0.7381905524419535,0.6139315230224321
Age: Young,134,0.6846343118261111,0.6191709844559585,0.6584022038567493,0.6381842456608812,0.6128571428571429
Race: black,134,0.4826212021333972,0.7565922920892495,0.9164619164619164,0.8288888888888889,0.7094339622641509
Race: others,134,0.4290373303826219,0.5775075987841946,0.852017937219731,0.6884057971014492,0.5437665782493368
Race: white,134,0.5764897338114962,0.5919055649241147,0.5773026315789473,0.5845129059117402,0.5580159433126661
Overall,135,0.5829506308548225,0.6385889128869691,0.7587681779298546,0.6935105551211884,0.6046394351991932
Gender: F,135,0.6206969261526929,0.6586021505376344,0.8112582781456954,0.7270029673590505,0.642023346303502
Gender: M,135,0.5398139323803041,0.6155038759689923,0.7026548672566372,0.656198347107438,0.5643979057591623
Age: Adult,135,0.5903800262982744,0.5771428571428572,0.7509293680297398,0.6526655896607432,0.5682730923694779
Age: Senior,135,0.5280666629067734,0.6812411847672779,0.8117647058823529,0.74079754601227,0.6215005599104143
Age: Young,135,0.6236248357799737,0.6121212121212121,0.6622950819672131,0.6362204724409449,0.6097972972972973
Race: black,135,0.38932957718634936,0.7193396226415094,0.9270516717325228,0.8100929614873837,0.6836283185840708
Race: others,135,0.5817060367454068,0.6834319526627219,0.9094488188976378,0.7804054054054054,0.6782178217821783
Race: white,135,0.5649315828985635,0.5598086124401914,0.5989761092150171,0.5787304204451772,0.546583850931677
Overall,136,0.5665490710738552,0.6280875088214538,0.7422852376980817,0.6804281345565749,0.5836653386454184
Gender: F,136,0.6198689288853223,0.6556962025316456,0.8491803278688524,0.74,0.6496631376323387
Gender: M,136,0.4968881243856671,0.5933014354066986,0.631578947368421,0.6118421052631579,0.5128998968008256
Age: Adult,136,0.5446354413858567,0.5859375,0.7475083056478405,0.656934306569343,0.5523809523809524
Age: Senior,136,0.5028991241234414,0.6646153846153846,0.7897623400365631,0.7218045112781954,0.5914110429447853
Age: Young,136,0.6324696450879417,0.608355091383812,0.6638176638176638,0.6348773841961853,0.5988023952095808
Race: black,136,0.51203007518797,0.700836820083682,0.9571428571428572,0.8091787439613527,0.6852589641434262
Race: others,136,0.41042910352569006,0.6441176470588236,0.7877697841726619,0.7087378640776699,0.5704057279236276
Race: white,136,0.5772546464111649,0.5609348914858097,0.5884413309982487,0.5743589743589743,0.5418583256669733
Overall,137,0.5807230717220575,0.6649819494584838,0.7524509803921569,0.7060176312763511,0.6122345803842265
Gender: F,137,0.6486876396128072,0.6974900924702774,0.8354430379746836,0.7602591792656588,0.6798076923076923
Gender: M,137,0.5008250663958757,0.6257961783439491,0.6638513513513513,0.6442622950819672,0.5373134328358209
Age: Adult,137,0.564025054466231,0.6483516483516484,0.7712418300653595,0.7044776119402985,0.5925925925925926
Age: Senior,137,0.5515698732162146,0.7292993630573248,0.8006993006993007,0.7633333333333333,0.6528117359413202
Age: Young,137,0.6227398491470464,0.5776081424936387,0.6560693641618497,0.6143437077131259,0.5771513353115727
Race: black,137,0.47651882651882654,0.7752577319587629,0.9641025641025641,0.8594285714285714,0.7544910179640718
Race: others,137,0.49900999217203107,0.6017699115044248,0.8031496062992126,0.688026981450253,0.5647058823529412
Race: white,137,0.5780081092928112,0.6078431372549019,0.5879310344827586,0.5977212971078002,0.5636882129277566
Overall,138,0.5803388832601365,0.640087783467447,0.7408975444538527,0.6868131868131868,0.6
Gender: F,138,0.5746120865659452,0.6562922868741543,0.782258064516129,0.7137601177336277,0.6167487684729064
Gender: M,138,0.5771465887287872,0.6210191082802548,0.6951871657754011,0.656013456686291,0.5826530612244898
Age: Adult,138,0.5363648930941263,0.6287425149700598,0.670926517571885,0.6491499227202473,0.564299424184261
Age: Senior,138,0.5258635515749647,0.6855828220858896,0.7953736654804271,0.7364085667215815,0.614921780986763
Age: Young,138,0.6441544966156592,0.5721784776902887,0.7124183006535948,0.6346433770014556,0.609642301710731
Race: black,138,0.4922193877551021,0.7257731958762886,0.967032967032967,0.8292108362779741,0.7123015873015873
Race: others,138,0.4797151424287856,0.6375404530744336,0.8565217391304348,0.7309833024118738,0.6133333333333333
Race: white,138,0.5573178154275207,0.568935427574171,0.555366269165247,0.5620689655172414,0.5448028673835126
Overall,139,0.5645503520509159,0.6440922190201729,0.7123505976095618,0.6765039727582293,0.5829268292682926
Gender: F,139,0.6144578313253013,0.638268156424581,0.7961672473867596,0.7085271317829457,0.6198179979777553
Gender: M,139,0.5187147383878198,0.6502976190476191,0.6417033773861968,0.6459719142645972,0.5485391140433553
Age: Adult,139,0.5632180030027497,0.6640625,0.804416403785489,0.7275320970042796,0.621031746031746
Age: Senior,139,0.4679626269861603,0.6543778801843319,0.6837881219903692,0.6687598116169545,0.546236559139785
Age: Young,139,0.6628170648104204,0.603399433427762,0.6761904761904762,0.6377245508982036,0.6071428571428571
Race: black,139,0.4656776407894142,0.7494692144373672,0.9644808743169399,0.8434886499402628,0.731006160164271
Race: others,139,0.49443840579710147,0.5381944444444444,0.842391304347826,0.6567796610169492,0.5149700598802395
Race: white,139,0.5666977965459368,0.6136724960254372,0.5475177304964539,0.5787106446776612,0.5427176566314077
Overall,140,0.569280303030303,0.6065688329839273,0.7233333333333334,0.6598251615355378,0.5674238762687288
Gender: F,140,0.6208705281666329,0.6231884057971014,0.7706093189964157,0.6891025641025641,0.604887983706721
Gender: M,140,0.514762504812909,0.5910931174089069,0.6822429906542056,0.6334056399132321,0.5335786568537259
Age: Adult,140,0.559281764296831,0.6067415730337079,0.7224080267558528,0.6595419847328244,0.5548902195608783
Age: Senior,140,0.48213526654438527,0.6107784431137725,0.7626168224299066,0.6783042394014963,0.5478971962616822
Age: Young,140,0.650636469882182,0.5995085995085995,0.6666666666666666,0.6313065976714101,0.5997191011235955
Race: black,140,0.44343194312987094,0.7449799196787149,0.948849104859335,0.8346456692913385,0.7162162162162162
Race: others,140,0.532046783625731,0.5498392282958199,0.855,0.6692759295499021,0.5444743935309974
Race: white,140,0.5373857979691665,0.5241157556270096,0.535303776683087,0.529650690495532,0.5093220338983051
Overall,141,0.6057874741779042,0.6253602305475504,0.7560975609756098,0.6845425867507886,0.5863495346432265
Gender: F,141,0.610219059451918,0.6784313725490196,0.7947932618683001,0.7320169252468265,0.62890625
Gender: M,141,0.5752294024583181,0.5601926163723917,0.705050505050505,0.6243291592128801,0.5384615384615384
Age: Adult,141,0.5403728484016698,0.5580736543909348,0.7547892720306514,0.6416938110749185,0.5238095238095238
Age: Senior,141,0.5679959758798161,0.6447761194029851,0.8135593220338984,0.7194004995836802,0.5978520286396182
Age: Young,141,0.6840342332875272,0.6547945205479452,0.6713483146067416,0.6629680998613038,0.6167192429022083
Race: black,141,0.5665210084033614,0.7457943925233644,0.9388235294117647,0.83125,0.7132743362831858
Race: others,141,0.5451659451659452,0.635483870967742,0.8755555555555555,0.7364485981308411,0.6279683377308707
Race: white,141,0.5339263558298234,0.5009208103130756,0.5461847389558233,0.5225744476464937,0.49797979797979797
Overall,142,0.5668189903118377,0.5876811594202899,0.7366030881017257,0.6537686416767432,0.5628498727735369
Gender: F,142,0.6122397501601538,0.609353507565337,0.7910714285714285,0.6884226884226884,0.6013916500994035
Gender: M,142,0.5165474179483325,0.5635528330781011,0.6802218114602587,0.6164154103852596,0.5224191866527633
Age: Adult,142,0.5513750876180266,0.5883838383838383,0.758957654723127,0.662873399715505,0.5643382352941176
Age: Senior,142,0.44894366197183094,0.5977011494252874,0.7323943661971831,0.6582278481012658,0.5257214554579673
Age: Young,142,0.6733646351383356,0.5706666666666667,0.7205387205387206,0.6369047619047619,0.6089743589743589
Race: black,142,0.48165829664992665,0.7581967213114754,0.9711286089238845,0.8515535097813579,0.7460629921259843
Race: others,142,0.45375908984283364,0.5143769968051118,0.8214285714285714,0.6326129666011788,0.4945945945945946
Race: white,142,0.518746695049693,0.4835924006908463,0.5343511450381679,0.5077062556663645,0.500459981600736
Overall,143,0.5722407364978859,0.6264367816091954,0.7446626814688301,0.6804525946156847,0.5886489201406329
Gender: F,143,0.618181410554292,0.6542185338865837,0.7962962962962963,0.718299164768413,0.631578947368421
Gender: M,143,0.5104731326568416,0.5964125560538116,0.6915077989601387,0.6404494382022472,0.5447154471544715
Age: Adult,143,0.5648344494047619,0.5647058823529412,0.75,0.6442953020134228,0.5450643776824035
Age: Senior,143,0.5278124842243425,0.6741405082212257,0.8082437275985663,0.7351263243683781,0.6140142517814727
Age: Young,143,0.6208004674262344,0.597911227154047,0.6414565826330533,0.6189189189189189,0.5871156661786238
Race: black,143,0.4595050618672666,0.7310195227765727,0.9258241758241759,0.816969696969697,0.6924643584521385
Race: others,143,0.43727656332415166,0.603030303030303,0.8805309734513275,0.7158273381294964,0.5809018567639257
Race: white,143,0.5640850169259009,0.5590682196339434,0.5783132530120482,0.5685279187817259,0.5458593054318789
Overall,144,0.5321382428940568,0.5998509687034277,0.6933677863910422,0.6432281262485018,0.5427547363031234
Gender: F,144,0.5634561922697516,0.6352112676056338,0.764406779661017,0.6938461538461539,0.5888429752066116
Gender: M,144,0.4902725957511612,0.560126582278481,0.6199649737302977,0.5885286783042394,0.49746192893401014
Age: Adult,144,0.5063990749269937,0.5591054313099042,0.6756756756756757,0.6118881118881119,0.5131578947368421
Age: Senior,144,0.49318852459016393,0.6572637517630465,0.7639344262295082,0.7065959059893859,0.5747252747252747
Age: Young,144,0.5711574181564895,0.5125,0.5616438356164384,0.5359477124183006,0.5161839863713799
Race: black,144,0.5089285714285714,0.7206982543640897,0.956953642384106,0.8221906116642959,0.6980676328502415
Race: others,144,0.46486448133957714,0.609375,0.8024691358024691,0.6927175843694494,0.5541237113402062
Race: white,144,0.4877230246389125,0.5169082125603864,0.5211038961038961,0.5189975747776879,0.48305821025195483
Overall,145,0.5679431592919582,0.6141975308641975,0.6933797909407665,0.6513911620294599,0.5621788283658787
Gender: F,145,0.6162460313808493,0.6550387596899225,0.8009478672985783,0.720682302771855,0.6239234449760765
Gender: M,145,0.4969666482217415,0.553639846743295,0.5611650485436893,0.5573770491803278,0.49056603773584906
Age: Adult,145,0.5350844565027131,0.5387205387205387,0.6896551724137931,0.6049149338374291,0.5128205128205128
Age: Senior,145,0.4770208164368748,0.6439024390243903,0.7226277372262774,0.6809974204643164,0.5464547677261614
Age: Young,145,0.6562458951792985,0.625,0.6521739130434783,0.6382978723404256,0.6108726752503576
Race: black,145,0.5259416445623342,0.7266009852216748,0.9076923076923077,0.8071135430916553,0.6802721088435374
Race: others,145,0.5518168604651161,0.6598837209302325,0.8798449612403101,0.7541528239202658,0.645933014354067
Race: white,145,0.5058657986640899,0.5018315018315018,0.4849557522123894,0.49324932493249324,0.48206071757129715
Overall,146,0.5835319627369098,0.6185567010309279,0.7420494699646644,0.6746987951807228,0.5861011752682678
Gender: F,146,0.6181436379712242,0.6401617250673854,0.8189655172413793,0.7186081694402421,0.6313181367690783
Gender: M,146,0.5398344861660079,0.5925324675324676,0.6612318840579711,0.625,0.5379746835443038
Age: Adult,146,0.5793920335429769,0.6144278606965174,0.7767295597484277,0.6861111111111111,0.583793738489871
Age: Senior,146,0.45319385727730394,0.6354515050167224,0.7436399217221135,0.6853020739404869,0.5485122897800776
Age: Young,146,0.6807858300622961,0.5949720670391061,0.7029702970297029,0.6444780635400907,0.6333853354134166
Race: black,146,0.43691986030695706,0.7607758620689655,0.9489247311827957,0.8444976076555024,0.7341513292433538
Race: others,146,0.5253232040517126,0.5403726708074534,0.848780487804878,0.6603415559772297,0.538659793814433
Race: white,146,0.5735667095667096,0.5472027972027972,0.563963963963964,0.5554569653948536,0.5361111111111111
Overall,147,0.566962294002614,0.6275303643724697,0.768595041322314,0.6909361069836553,0.5943442223305705
Gender: F,147,0.5971867302955665,0.6706349206349206,0.7921875,0.7263610315186246,0.6347992351816444
Gender: M,147,0.5232143577334141,0.5826446280991735,0.7421052631578947,0.6527777777777778,0.5522388059701493
Age: Adult,147,0.5352493896058598,0.6061320754716981,0.8426229508196721,0.7050754458161865,0.6018518518518519
Age: Senior,147,0.5099418661336714,0.6652298850574713,0.8238434163701067,0.7360890302066773,0.6112412177985949
Age: Young,147,0.6288555458580157,0.580110497237569,0.6122448979591837,0.5957446808510638,0.5662100456621004
Race: black,147,0.42979787002825476,0.7684824902723736,0.9228971962616822,0.8386411889596603,0.7271095152603232
Race: others,147,0.47838081167182234,0.5936599423631124,0.8512396694214877,0.6994906621392191,0.5795724465558195
Race: white,147,0.5434664026127441,0.5297906602254429,0.6092592592592593,0.5667527993109388,0.5312208760484622
Overall,148,0.5959551685500774,0.6120815138282387,0.7502230151650312,0.6741482965931864,0.5910462776659959
Gender: F,148,0.6076642259632435,0.6162624821683309,0.7840290381125227,0.6900958466453674,0.6064908722109533
Gender: M,148,0.5816459551656921,0.6077265973254086,0.7175438596491228,0.6580852775543041,0.5758483033932136
Age: Adult,148,0.6325163740245262,0.6228070175438597,0.7717391304347826,0.6893203883495146,0.6033057851239669
Age: Senior,148,0.5382190414275466,0.6382978723404256,0.8272058823529411,0.7205764611689351,0.5997706422018348
Age: Young,148,0.6274452730575825,0.5443425076452599,0.5913621262458472,0.5668789808917197,0.569620253164557
Race: black,148,0.4688307493540052,0.7282608695652174,0.9305555555555556,0.8170731707317073,0.6932515337423313
Race: others,148,0.5111160714285715,0.5434083601286174,0.845,0.6614481409001957,0.529891304347826
Race: white,148,0.5905447665509586,0.5588723051409619,0.6007130124777184,0.5790378006872853,0.5667550839964633
Overall,149,0.5715559723448073,0.6254886630179828,0.706090026478376,0.6633499170812603,0.5728563913729616
Gender: F,149,0.6191945528211285,0.640117994100295,0.7977941176470589,0.7103109656301145,0.6217948717948718
Gender: M,149,0.5197052342592927,0.6089850249584027,0.6213921901528013,0.6151260504201681,0.5253886010362694
Age: Adult,149,0.5601706994854679,0.6111111111111112,0.7411347517730497,0.6698717948717948,0.5761316872427984
Age: Senior,149,0.4758801845993092,0.6427378964941569,0.7319391634980988,0.6844444444444444,0.549492385786802
Age: Young,149,0.6637340804890474,0.6094674556213018,0.6338461538461538,0.6214177978883861,0.5996810207336523
Race: black,149,0.4689551812731944,0.7239819004524887,0.943952802359882,0.8194622279129321,0.6954643628509719
Race: others,149,0.4970657276995305,0.5945945945945946,0.8262910798122066,0.6915520628683693,0.5552407932011332
Race: white,149,0.5569847416878397,0.5619223659889094,0.5232358003442341,0.5418894830659536,0.5262672811059907
Overall,150,0.5606122723681116,0.6380813953488372,0.7298420615128844,0.680884063590539,0.5909542743538767
Gender: F,150,0.6039779063284082,0.6357142857142857,0.8180147058823529,0.7154340836012861,0.6335403726708074
Gender: M,150,0.5213207702532614,0.6405325443786982,0.6570561456752656,0.648689138576779,0.5516252390057361
Age: Adult,150,0.6296819714004563,0.6408668730650154,0.7931034482758621,0.708904109589041,0.6171171171171171
Age: Senior,150,0.4812749560215564,0.6676384839650146,0.7545304777594728,0.708430007733952,0.582039911308204
Age: Young,150,0.5790638950263787,0.5803814713896458,0.6358208955223881,0.6068376068376068,0.5855855855855856
Race: black,150,0.37001946787800133,0.7716049382716049,0.9328358208955224,0.8445945945945946,0.7330754352030948
Race: others,150,0.448340325941148,0.6123778501628665,0.8209606986899564,0.7014925373134329,0.581151832460733
Race: white,150,0.546844098600106,0.5403087478559176,0.5506993006993007,0.5454545454545454,0.5283018867924528
Overall,151,0.5804798918633568,0.6137404580152672,0.7451343836886005,0.6730849727919631,0.5805585392051558
Gender: F,151,0.6171211614285774,0.6594594594594595,0.8039538714991763,0.7245731254639941,0.6275100401606426
Gender: M,151,0.5255823582551836,0.5543859649122806,0.6694915254237288,0.6065259117082533,0.5265588914549654
Age: Adult,151,0.543131679576429,0.5243553008595988,0.7787234042553192,0.6267123287671232,0.5176991150442478
Age: Senior,151,0.5388269785718671,0.6535714285714286,0.75,0.6984732824427481,0.5814569536423841
Age: Young,151,0.6477302619217618,0.6359102244389028,0.7162921348314607,0.6737120211360634,0.6229007633587786
Race: black,151,0.5147897281517972,0.7200902934537246,0.9166666666666666,0.8065739570164349,0.6772151898734177
Race: others,151,0.46811444809717506,0.6598837209302325,0.8664122137404581,0.7491749174917491,0.6190476190476191
Race: white,151,0.5296498277841561,0.4933078393881453,0.5501066098081023,0.5201612903225806,0.5187057633973711
Overall,152,0.6116344196975538,0.6165594855305466,0.7256385998107853,0.6666666666666666,0.5928874734607219
Gender: F,152,0.6189395680147058,0.631911532385466,0.78125,0.6986899563318777,0.6106094808126411
Gender: M,152,0.5996314073353991,0.6006546644844517,0.673394495412844,0.6349480968858131,0.5771543086172345
Age: Adult,152,0.6151349849736092,0.5817490494296578,0.7611940298507462,0.6594827586206896,0.6030150753768844
Age: Senior,152,0.5496468013133021,0.663961038961039,0.7731568998109641,0.714410480349345,0.5886792452830188
Age: Young,152,0.6434830460059818,0.5616438356164384,0.6269113149847095,0.5924855491329479,0.5918958031837916
Race: black,152,0.5040305954148111,0.7106382978723405,0.9709302325581395,0.8206388206388207,0.6989690721649484
Race: others,152,0.5241193991193991,0.6165413533834586,0.7592592592592593,0.6804979253112033,0.5710306406685237
Race: white,152,0.5821855627318238,0.5295275590551181,0.5412474849094567,0.5353233830845772,0.5509615384615385
Overall,153,0.570046664077174,0.6110304789550073,0.7302688638334779,0.6653496641643619,0.5696138211382114
Gender: F,153,0.5946882086167801,0.6405648267008985,0.792063492063492,0.7083037615330021,0.6085714285714285
Gender: M,153,0.5308976934433769,0.5726210350584308,0.655831739961759,0.6114081996434938,0.5250544662309368
Age: Adult,153,0.497488874761602,0.5475409836065573,0.6900826446280992,0.6106032906764168,0.5125858123569794
Age: Senior,153,0.5616901440895636,0.6497005988023952,0.7848101265822784,0.7108927108927109,0.5928489042675894
Age: Young,153,0.6163782086391354,0.5950617283950618,0.6731843575418994,0.6317169069462647,0.5768072289156626
Race: black,153,0.4669180808715692,0.7404255319148936,0.9405405405405406,0.8285714285714286,0.7114228456913828
Race: others,153,0.44421230942970075,0.5799373040752351,0.8043478260869565,0.6739526411657559,0.5338541666666666
Race: white,153,0.5528406232579641,0.5246179966044142,0.5587703435804702,0.5411558669001751,0.5170506912442396
Overall,154,0.5665943358239005,0.6097560975609756,0.7603686635944701,0.6767842493847416,0.5872184389732844
Gender: F,154,0.5676523721620044,0.608,0.7985989492119089,0.6903860711582135,0.5970443349753695
Gender: M,154,0.56420489453205,0.6119402985074627,0.7178988326848249,0.6606982990152194,0.5760626398210291
Age: Adult,154,0.5455994654448263,0.5870786516853933,0.774074074074074,0.6677316293929713,0.5517241379310345
Age: Senior,154,0.4992972471474465,0.6303630363036303,0.809322033898305,0.7087198515769945,0.596401028277635
Age: Young,154,0.6326440629161718,0.59846547314578,0.6822157434402333,0.6376021798365122,0.6011994002998501
Race: black,154,0.39206136612687204,0.7442827442827443,0.93717277486911,0.8296639629200464,0.7123287671232876
Race: others,154,0.4739884393063583,0.5335463258785943,0.8267326732673267,0.6485436893203883,0.5173333333333333
Race: white,154,0.5674914538738615,0.5366726296958855,0.5988023952095808,0.5660377358490566,0.5503421309872922
Overall,155,0.6013177705826704,0.6340167046317388,0.7482078853046595,0.6863953966296753,0.6032241289651586
Gender: F,155,0.6254650232946248,0.6554621848739496,0.8013698630136986,0.7211093990755008,0.6298568507157464
Gender: M,155,0.5679490797210945,0.6086235489220564,0.6898496240601504,0.6466960352422908,0.5756613756613757
Age: Adult,155,0.5690642967041866,0.5619047619047619,0.759656652360515,0.6459854014598541,0.5640449438202247
Age: Senior,155,0.5595152501324452,0.664167916041979,0.8158379373848987,0.7322314049586777,0.6119760479041916
Age: Young,155,0.6477625703746844,0.6417910447761194,0.6323529411764706,0.6370370370370371,0.6189735614307932
Race: black,155,0.5128599416803354,0.7454128440366973,0.9180790960451978,0.8227848101265823,0.7071129707112971
Race: others,155,0.5288958821233412,0.603399433427762,0.8729508196721312,0.7135678391959799,0.5849514563106796
Race: white,155,0.5829234921467932,0.5625,0.5733590733590733,0.5678776290630975,0.5624394966118103
Overall,156,0.5903067713801179,0.6171389080856945,0.7698275862068965,0.685078634445723,0.5923535253227408
Gender: F,156,0.5908139083139082,0.6164736164736164,0.8188034188034188,0.7033773861967695,0.6058536585365853
Gender: M,156,0.5933732409157739,0.6179104477611941,0.72,0.6650602409638554,0.5783619817997978
Age: Adult,156,0.5553675551853394,0.6337662337662338,0.8299319727891157,0.7187039764359352,0.610204081632653
Age: Senior,156,0.5265323352282322,0.6167146974063401,0.7853211009174312,0.6908797417271993,0.5602755453501722
Age: Young,156,0.6698335397665428,0.6005434782608695,0.6884735202492211,0.6415094339622641,0.6217457886676876
Race: black,156,0.4813312223761462,0.688622754491018,0.9274193548387096,0.7903780068728522,0.6579439252336449
Race: others,156,0.5485227185065187,0.6609195402298851,0.8812260536398467,0.7553366174055829,0.6365853658536585
Race: white,156,0.5752501452908267,0.5317725752508361,0.603415559772296,0.5653333333333334,0.5425631431244153
Overall,157,0.5417995746943115,0.640457469621158,0.7145135566188198,0.6754617414248021,0.5729166666666666
Gender: F,157,0.6044259024124795,0.6695035460992907,0.7919463087248322,0.7255956956187548,0.6304347826086957
Gender: M,157,0.46415389864152345,0.6109510086455331,0.6443768996960486,0.6272189349112426,0.52
Age: Adult,157,0.49412002833721286,0.5116279069767442,0.7302904564315352,0.6017094017094017,0.47757847533632286
Age: Senior,157,0.43206542411563337,0.7043740573152338,0.771900826446281,0.7365930599369085,0.6042654028436019
Age: Young,157,0.6550514860032063,0.6454081632653061,0.6200980392156863,0.6325,0.5950413223140496
Race: black,157,0.4332465277777777,0.7551487414187643,0.9166666666666666,0.8281053952321205,0.7097457627118644
Race: others,157,0.4196854715540282,0.659942363112392,0.7869415807560137,0.7178683385579937,0.5862068965517241
Race: white,157,0.532500540774389,0.5479674796747968,0.5588723051409619,0.5533661740558292,0.5094679891794409
Overall,158,0.5475302723433594,0.6150971599402093,0.7270318021201413,0.6663967611336032,0.5778688524590164
Gender: F,158,0.5796572827417381,0.6220689655172413,0.7912280701754386,0.6965250965250965,0.607
Gender: M,158,0.5129163244821608,0.6068515497553018,0.6619217081850534,0.6331914893617021,0.5472689075630253
Age: Adult,158,0.42987882076324835,0.5754189944134078,0.7228070175438597,0.640746500777605,0.5177453027139874
Age: Senior,158,0.48788641797676735,0.6411960132890365,0.7704590818363274,0.699909338168631,0.5778061224489796
Age: Young,158,0.6487470297780549,0.6111111111111112,0.6676300578034682,0.638121546961326,0.6197387518142236
Race: black,158,0.4269381533101046,0.7368421052631579,0.9166666666666666,0.8169761273209549,0.6993464052287581
Race: others,158,0.4959368774247668,0.5263157894736842,0.8823529411764706,0.6593406593406593,0.5242966751918159
Race: white,158,0.5517686804451511,0.5795847750865052,0.5658783783783784,0.5726495726495726,0.5462794918330308
Overall,159,0.5552516344483118,0.593440122044241,0.7118023787740164,0.6472545757071547,0.55741127348643
Gender: F,159,0.6124962081772195,0.6295793758480326,0.8197879858657244,0.7122026093630084,0.6238716148445336
Gender: M,159,0.4836918638423111,0.5470383275261324,0.5958254269449715,0.5703905540417802,0.485310119695321
Age: Adult,159,0.5471666430995474,0.5481049562682215,0.734375,0.6277128547579299,0.5324947589098532
Age: Senior,159,0.5051098795577382,0.6353135313531353,0.7578740157480315,0.6912028725314183,0.5672955974842767
Age: Young,159,0.6016934433347808,0.5662983425414365,0.6231003039513677,0.5933429811866859,0.5636645962732919
Race: black,159,0.5046741184512082,0.7282377919320594,0.9171122994652406,0.8118343195266272,0.6863905325443787
Race: others,159,0.4941401191401192,0.5570934256055363,0.8131313131313131,0.6611909650924025,0.5338983050847458
Race: white,159,0.5063763865226049,0.49727767695099817,0.525911708253359,0.5111940298507462,0.5033175355450237
Overall,160,0.5581622597493459,0.625366568914956,0.7502198768689534,0.6821271491403439,0.5889348500517063
Gender: F,160,0.6202731092436975,0.6402877697841727,0.8180147058823529,0.718321226795803,0.6299045599151644
Gender: M,160,0.4882189192166566,0.6098654708520179,0.688026981450253,0.6465927099841522,0.549949545913219
Age: Adult,160,0.5518633540372672,0.6030927835051546,0.8478260869565217,0.7048192771084337,0.5967078189300411
Age: Senior,160,0.4534216166564605,0.6488188976377953,0.7463768115942029,0.6941870261162595,0.5657894736842105
Age: Young,160,0.6676599698804832,0.6070381231671554,0.6699029126213593,0.6369230769230769,0.6143790849673203
Race: black,160,0.4609206640593822,0.744421906693712,0.9812834224598931,0.8465974625144176,0.7381889763779528
Race: others,160,0.45454545454545453,0.6111111111111112,0.8333333333333334,0.7051282051282052,0.5727554179566563
Race: white,160,0.5228246208507419,0.5341098169717138,0.5681415929203539,0.5506003430531733,0.5249320036264733
Overall,161,0.5817487407922562,0.6313920454545454,0.7476871320437343,0.6846361185983828,0.588855421686747
Gender: F,161,0.6195254195357275,0.6740547588005215,0.8420195439739414,0.7487328023171614,0.6560951437066402
Gender: M,161,0.5369501278772378,0.5803432137285491,0.6469565217391304,0.6118421052631579,0.5198372329603256
Age: Adult,161,0.5779800939906724,0.6239782016348774,0.7815699658703071,0.693939393939394,0.5826446280991735
Age: Senior,161,0.5228032104637336,0.6676691729323309,0.7655172413793103,0.7132530120481928,0.5896551724137931
Age: Young,161,0.640960374243258,0.574468085106383,0.6835443037974683,0.6242774566473989,0.5924764890282131
Race: black,161,0.49167107350608147,0.7478991596638656,0.956989247311828,0.839622641509434,0.7246963562753036
Race: others,161,0.5419398801717709,0.6616766467065869,0.8467432950191571,0.7428571428571429,0.6268292682926829
Race: white,161,0.5292147860658841,0.5217391304347826,0.5611510791366906,0.5407279029462738,0.5128676470588235
Overall,162,0.5948090645338352,0.6166158536585366,0.7422018348623853,0.6736053288925895,0.5893137768465165
Gender: F,162,0.6144524236983842,0.6342525399129173,0.7845601436265709,0.7014446227929374,0.6137071651090342
Gender: M,162,0.5642555047267739,0.5971107544141252,0.6979362101313321,0.643598615916955,0.5644820295983086
Age: Adult,162,0.5922230530926184,0.5885885885885885,0.7747035573122529,0.6689419795221843,0.5570776255707762
Age: Senior,162,0.5270668627158495,0.6532905296950241,0.812375249500998,0.7241992882562278,0.6035805626598465
Age: Young,162,0.6414449278294887,0.5786516853932584,0.6130952380952381,0.5953757225433526,0.5936139332365747
Race: black,162,0.5042368812713045,0.7876106194690266,0.905852417302799,0.842603550295858,0.7334669338677354
Race: others,162,0.4735444360596738,0.5662251655629139,0.7990654205607477,0.6627906976744186,0.536
Race: white,162,0.5535301707324392,0.5053763440860215,0.5838509316770186,0.5417867435158501,0.5391304347826087
Overall,163,0.5569593914424185,0.6061285500747384,0.7027729636048526,0.6508828250401284,0.5625942684766214
Gender: F,163,0.5797373320051602,0.6321525885558583,0.7918088737201365,0.703030303030303,0.6095617529880478
Gender: M,163,0.5233686290404296,0.5745033112582781,0.6109154929577465,0.5921501706484642,0.5147208121827411
Age: Adult,163,0.5473965168658887,0.5087209302325582,0.7231404958677686,0.5972696245733788,0.5031578947368421
Age: Senior,163,0.47440152691511395,0.6588050314465409,0.7590579710144928,0.7053872053872053,0.5793269230769231
Age: Young,163,0.6290847135955832,0.6061452513966481,0.6027777777777777,0.6044568245125348,0.5835777126099707
Race: black,163,0.3916285641397987,0.7409638554216867,0.9485861182519281,0.8320180383314544,0.7134615384615385
Race: others,163,0.4733859303090073,0.5772870662460567,0.8133333333333334,0.6752767527675276,0.5532994923857868
Race: white,163,0.541858774662513,0.49521988527724664,0.47962962962962963,0.4873000940733772,0.4930232558139535
Overall,164,0.5900551139134281,0.6205089820359282,0.7605504587155963,0.683429513602638,0.5955766192733017
Gender: F,164,0.6080079477924826,0.6398467432950191,0.8146341463414634,0.7167381974248928,0.6267672007540056
Gender: M,164,0.5606234594751341,0.593128390596745,0.6905263157894737,0.6381322957198443,0.5560859188544153
Age: Adult,164,0.6059363916506775,0.6257142857142857,0.8021978021978022,0.7030497592295345,0.5995670995670995
Age: Senior,164,0.5396460423634337,0.6464339908952959,0.8452380952380952,0.7325881341358556,0.6127023661270237
Age: Young,164,0.6204950583738915,0.5626911314984709,0.5878594249201278,0.575,0.5709779179810726
Race: black,164,0.41965909090909087,0.6974248927038627,0.9232954545454546,0.7946210268948656,0.6653386454183267
Race: others,164,0.5907558438222451,0.6599326599326599,0.8558951965065502,0.7452471482889734,0.6328767123287671
Race: white,164,0.5771448534411192,0.537521815008726,0.6051080550098232,0.5693160813308688,0.5484496124031008
Overall,165,0.5446646888142666,0.5857898715041572,0.7222739981360671,0.6469115191986644,0.555205047318612
Gender: F,165,0.5994342203707229,0.6070921985815603,0.8090737240075614,0.6936790923824959,0.604602510460251
Gender: M,165,0.476249268364062,0.5614886731391586,0.6378676470588235,0.5972461273666093,0.5052854122621564
Age: Adult,165,0.5826513911620295,0.559375,0.7617021276595745,0.645045045045045,0.5553047404063205
Age: Senior,165,0.4824861898271038,0.6257668711656442,0.7756653992395437,0.6926994906621392,0.5710900473933649
Age: Young,165,0.5977987221799103,0.5356125356125356,0.6025641025641025,0.5671191553544495,0.5333333333333333
Race: black,165,0.4238139886827214,0.7293233082706767,0.9509803921568627,0.825531914893617,0.7055655296229802
Race: others,165,0.433771850783925,0.50187265917603,0.7486033519553073,0.600896860986547,0.46706586826347307
Race: white,165,0.5176406035665295,0.48282442748091603,0.5205761316872428,0.500990099009901,0.5014836795252225
Overall,166,0.5742475445865013,0.6366830639494027,0.737785016286645,0.6835156544700113,0.5836228287841191
Gender: F,166,0.6128810570402354,0.660904255319149,0.7926634768740032,0.7208121827411168,0.6134538152610441
Gender: M,166,0.5282802187741324,0.6095380029806259,0.6805324459234608,0.6430817610062893,0.5544651619234544
Age: Adult,166,0.577296181630547,0.5693215339233039,0.7568627450980392,0.6498316498316499,0.5325842696629214
Age: Senior,166,0.46640895986305686,0.6803394625176803,0.7610759493670886,0.7184466019417476,0.5870755750273823
Age: Young,166,0.6702225398121682,0.6153846153846154,0.6803519061583577,0.6462395543175488,0.6133942161339422
Race: black,166,0.47564716527265904,0.7893617021276595,0.9251870324189526,0.851894374282434,0.7490272373540856
Race: others,166,0.6254789272030652,0.6328125,0.9310344827586207,0.7534883720930232,0.6293706293706294
Race: white,166,0.5008449838684899,0.5131810193321616,0.5159010600706714,0.5145374449339207,0.48600746268656714
Overall,167,0.5665236716515702,0.6093057607090103,0.7313829787234043,0.6647864625302176,0.5686884396060135
Gender: F,167,0.590018150396443,0.6353741496598639,0.7969283276450512,0.7070401211203634,0.6046986721144024
Gender: M,167,0.5302619202662615,0.5783521809369951,0.6605166051660517,0.6167097329888027,0.531578947368421
Age: Adult,167,0.5390934380625103,0.5885558583106267,0.7422680412371134,0.6565349544072948,0.5489021956087824
Age: Senior,167,0.5260136856664483,0.6205733558178752,0.7634854771784232,0.6846511627906977,0.5580182529335072
Age: Young,167,0.6160867163766915,0.6116751269035533,0.6788732394366197,0.6435246995994659,0.5960665658093798
Race: black,167,0.4404162008771175,0.734251968503937,0.9301745635910225,0.8206820682068207,0.7014652014652014
Race: others,167,0.55,0.6308243727598566,0.8,0.7054108216432866,0.5787965616045845
Race: white,167,0.5102249718364155,0.48677248677248675,0.5443786982248521,0.5139664804469274,0.4951644100580271
Overall,168,0.5758044355900791,0.6175675675675676,0.7572493786246893,0.6803126163007072,0.5854247104247104
Gender: F,168,0.5993698506244509,0.6533665835411472,0.8226059654631083,0.7282835302293259,0.6325187969924813
Gender: M,168,0.5367039173275655,0.5752212389380531,0.6842105263157895,0.625,0.5357142857142857
Age: Adult,168,0.5624183006535948,0.6430205949656751,0.7871148459383753,0.707808564231738,0.5908289241622575
Age: Senior,168,0.5887652899519635,0.6417910447761194,0.8464566929133859,0.7300509337860781,0.6150121065375302
Age: Young,168,0.5579676193450988,0.5442359249329759,0.5935672514619883,0.5678321678321678,0.5449189985272459
Race: black,168,0.45201421800947866,0.7711538461538462,0.9502369668246445,0.851380042462845,0.7482014388489209
Race: others,168,0.412005194995244,0.6277372262773723,0.8164556962025317,0.7097661623108665,0.5685071574642127
Race: white,168,0.5446920543213273,0.4644808743169399,0.5437100213219617,0.5009823182711198,0.5053554040895814
Overall,169,0.5789469674211651,0.6034743202416919,0.7357274401473296,0.6630705394190871,0.5797101449275363
Gender: F,169,0.622514107387141,0.6198224852071006,0.7702205882352942,0.6868852459016394,0.6078028747433265
Gender: M,169,0.5285844805563441,0.5864197530864198,0.7011070110701108,0.6386554621848739,0.5511482254697286
Age: Adult,169,0.5181118684561872,0.5498489425981873,0.6842105263157895,0.609715242881072,0.5145833333333333
Age: Senior,169,0.5283870326544049,0.6462035541195477,0.7677543186180422,0.7017543859649122,0.5903614457831325
Age: Young,169,0.6659660167534713,0.5802139037433155,0.725752508361204,0.6448736998514116,0.6157556270096463
Race: black,169,0.4996064541519088,0.7467248908296943,0.957983193277311,0.8392638036809816,0.7259414225941423
Race: others,169,0.4611039872992612,0.5548172757475083,0.8106796116504854,0.6587771203155819,0.5260273972602739
Race: white,169,0.5546740400921566,0.5132743362831859,0.5544933078393881,0.5330882352941176,0.5335169880624426
Overall,170,0.5798752680213765,0.628158844765343,0.7480653482373173,0.6828885400313972,0.5862775217613927
Gender: F,170,0.6339049530238074,0.6421768707482993,0.8180242634315424,0.7195121951219512,0.6229508196721312
Gender: M,170,0.5237816747117306,0.6123076923076923,0.6791808873720137,0.6440129449838188,0.5496417604912999
Age: Adult,170,0.6286145079829056,0.6161879895561357,0.833922261484099,0.7087087087087087,0.5907172995780591
Age: Senior,170,0.5041496004834486,0.6786833855799373,0.7704626334519573,0.7216666666666667,0.596130592503023
Age: Young,170,0.6112115391857793,0.5521978021978022,0.6320754716981132,0.5894428152492669,0.5705521472392638
Race: black,170,0.48412489006156556,0.7708779443254818,0.9498680738786279,0.851063829787234,0.7474949899799599
Race: others,170,0.5085288669342389,0.5915492957746479,0.8860759493670886,0.7094594594594594,0.571072319201995
Race: white,170,0.5371953378471144,0.5328596802841918,0.5484460694698354,0.5405405405405406,0.5156695156695157
Overall,171,0.5559464221125463,0.6202064896755162,0.7145284621920136,0.6640347414133438,0.5697674418604651
Gender: F,171,0.5749125413742457,0.6312849162011173,0.7915936952714536,0.7024087024087025,0.6091836734693877
Gender: M,171,0.5329191082373543,0.6078125,0.641914191419142,0.6243980738362761,0.531062124248497
Age: Adult,171,0.5425062522329402,0.6279683377308707,0.7652733118971061,0.6898550724637681,0.5641547861507128
Age: Senior,171,0.45417909012215063,0.6489859594383776,0.7495495495495496,0.6956521739130435,0.5645933014354066
Age: Young,171,0.6317855116323056,0.5565476190476191,0.6012861736334405,0.5780525502318392,0.5806451612903226
Race: black,171,0.4665945504334538,0.7398843930635838,0.9121140142517815,0.8170212765957446,0.7024221453287197
Race: others,171,0.4496478989651867,0.5649122807017544,0.7931034482758621,0.6598360655737705,0.5284090909090909
Race: white,171,0.5479898441923758,0.5362318840579711,0.5352622061482821,0.5357466063348416,0.5104961832061069
Overall,172,0.5528161840335469,0.5965417867435159,0.720626631853786,0.6527394560504532,0.5657959586002957
Gender: F,172,0.6068676716917923,0.6412315930388219,0.8023450586264657,0.7127976190476191,0.6277724204435873
Gender: M,172,0.4807518115942029,0.5444617784711389,0.6322463768115942,0.5850796311818944,0.501008064516129
Age: Adult,172,0.543056793056793,0.5294117647058824,0.7297297297297297,0.6136363636363636,0.5172413793103449
Age: Senior,172,0.5129887754813537,0.6548672566371682,0.7858407079646018,0.7144006436041834,0.5956719817767654
Age: Young,172,0.5955185955185955,0.5524079320113314,0.6,0.5752212389380531,0.5623100303951368
Race: black,172,0.3869360258376015,0.7142857142857143,0.9113300492610837,0.8008658008658008,0.6696588868940754
Race: others,172,0.46576472786150214,0.5947712418300654,0.8387096774193549,0.6959847036328872,0.5643835616438356
Race: white,172,0.5406667408362401,0.48936170212765956,0.5247148288973384,0.5064220183486239,0.5140018066847335
Overall,173,0.5870480492302592,0.6239554317548747,0.7750865051903114,0.691358024691358,0.5981918633852336
Gender: F,173,0.6154241797221401,0.6443569553805775,0.8224455611390284,0.7225901398086828,0.6311154598825832
Gender: M,173,0.5513853134953531,0.6008902077151336,0.7245080500894454,0.656934306569343,0.5634674922600619
Age: Adult,173,0.5441319923307208,0.5803814713896458,0.7773722627737226,0.6645865834633385,0.5621181262729125
Age: Senior,173,0.5658943461157615,0.665266106442577,0.8147512864493996,0.7324595219737856,0.6144444444444445
Age: Young,173,0.637384859831776,0.5859154929577465,0.6956521739130435,0.636085626911315,0.6033333333333334
Race: black,173,0.4498898476225445,0.7611650485436893,0.9355608591885441,0.8394004282655246,0.726775956284153
Race: others,173,0.44790782549652014,0.6231155778894473,0.9051094890510949,0.7380952380952381,0.6053811659192825
Race: white,173,0.5489729677160535,0.4894837476099426,0.5529157667386609,0.5192697768762677,0.5240963855421686
Overall,174,0.6250848942929127,0.6724738675958188,0.7701516360734237,0.7180059523809523,0.624380574826561
Gender: F,174,0.644907415626609,0.7131050767414404,0.847124824684432,0.7743589743589744,0.6823104693140795
Gender: M,174,0.5821746746746747,0.6139455782312925,0.6685185185185185,0.6400709219858156,0.5538461538461539
Age: Adult,174,0.5427876408330489,0.5787965616045845,0.696551724137931,0.6322378716744914,0.5223577235772358
Age: Senior,174,0.5793907453986505,0.7163958641063516,0.8164983164983165,0.7631785995279308,0.6446280991735537
Age: Young,174,0.7108269953667279,0.6797066014669927,0.7533875338753387,0.7146529562982005,0.6730486008836525
Race: black,174,0.5525120205959188,0.7850467289719626,0.9699769053117783,0.8677685950413223,0.7693693693693694
Race: others,174,0.47131946068116276,0.6657381615598886,0.8754578754578755,0.7563291139240507,0.6280193236714976
Race: white,174,0.6005702965104845,0.5656192236598891,0.5594149908592322,0.5625,0.546234509056244
Overall,175,0.6003971152343512,0.6012269938650306,0.7186067827681026,0.6546972860125261,0.5688216892596455
Gender: F,175,0.6702139353965837,0.6521164021164021,0.8441780821917808,0.735820895522388,0.6420626895854399
Gender: M,175,0.5124559484749058,0.531021897810219,0.5739644970414202,0.5516587677725119,0.4908503767491927
Age: Adult,175,0.5830336560627017,0.5101449275362319,0.7302904564315352,0.6006825938566553,0.4978540772532189
Age: Senior,175,0.5684877554752226,0.6495176848874598,0.7984189723320159,0.7163120567375887,0.5933926302414231
Age: Young,175,0.6330598420633196,0.6053412462908012,0.5930232558139535,0.5991189427312775,0.5894736842105263
Race: black,175,0.5031163650717803,0.7436440677966102,0.9261213720316622,0.8249118683901293,0.7055335968379447
Race: others,175,0.542198086887206,0.5726495726495726,0.7730769230769231,0.6579378068739771,0.5386313465783664
Race: white,175,0.5630530973451329,0.48232848232848236,0.5132743362831859,0.49732047159699894,0.5109489051094891
Overall,176,0.5605212114337568,0.6368381804623415,0.7362068965517241,0.6829268292682927,0.5869791666666667
Gender: F,176,0.5979533050333535,0.66,0.7764705882352941,0.7135135135135136,0.6225839267548321
Gender: M,176,0.5138738224379105,0.6115444617784711,0.6938053097345133,0.6500829187396352,0.5496264674493063
Age: Adult,176,0.5877730039384175,0.6438746438746439,0.7687074829931972,0.7007751937984497,0.6012396694214877
Age: Senior,176,0.49936644171263755,0.6718027734976888,0.8180112570356473,0.7377326565143824,0.6129837702871411
Age: Young,176,0.5689000258536682,0.5630498533724341,0.5765765765765766,0.56973293768546,0.5433070866141733
Race: black,176,0.5397306397306397,0.7165532879818595,0.9266862170087976,0.8081841432225064,0.6848739495798319
Race: others,176,0.4185796269727403,0.6317567567567568,0.7601626016260162,0.6900369003690037,0.5602094240837696
Race: white,176,0.5550166490005247,0.5811258278145696,0.612565445026178,0.5964316057774002,0.5527306967984934
Overall,177,0.5662294569139844,0.6199701937406855,0.7343336275375111,0.6723232323232323,0.578263130525221
Gender: F,177,0.6063742763654669,0.6388888888888888,0.7931034482758621,0.7076923076923077,0.6165489404641776
Gender: M,177,0.516916602651882,0.5980707395498392,0.6726943942133815,0.6331914893617021,0.5375536480686696
Age: Adult,177,0.5320474481658692,0.5501519756838906,0.7541666666666667,0.6362038664323374,0.5389755011135857
Age: Senior,177,0.5278713911260893,0.6572327044025157,0.761384335154827,0.7054852320675106,0.5825358851674641
Age: Young,177,0.6186026736275906,0.6180371352785146,0.6773255813953488,0.6463245492371706,0.6003134796238244
Race: black,177,0.4356127559287082,0.7128309572301426,0.9408602150537635,0.8111239860950173,0.6853281853281853
Race: others,177,0.4803684120757291,0.6180555555555556,0.8682926829268293,0.7221095334685599,0.6063218390804598
Race: white,177,0.5572685564123551,0.5399644760213144,0.5467625899280576,0.5433422698838248,0.5165562913907285
Overall,178,0.5904478745746915,0.6135517498138496,0.7416741674167416,0.6715566422167889,0.5881451200817578
Gender: F,178,0.6033189465193057,0.624103299856528,0.7795698924731183,0.6932270916334662,0.6107178968655207
Gender: M,178,0.5712782413560207,0.6021671826625387,0.7034358047016275,0.6488740617180984,0.5650826446280992
Age: Adult,178,0.545069090909091,0.5372750642673522,0.76,0.6295180722891566,0.5314285714285715
Age: Senior,178,0.5209111836400044,0.6655290102389079,0.8024691358024691,0.7276119402985075,0.6091030789825971
Age: Young,178,0.6646183368869936,0.6114130434782609,0.6428571428571429,0.6267409470752089,0.6087591240875913
Race: black,178,0.4587197984655902,0.7405764966740577,0.9408450704225352,0.8287841191066998,0.7112970711297071
Race: others,178,0.5495629370629371,0.5503355704697986,0.841025641025641,0.665314401622718,0.555256064690027
Race: white,178,0.5683765279420727,0.5488215488215489,0.5811051693404634,0.5645021645021645,0.546028880866426
Overall,179,0.5733964026130361,0.5694117647058824,0.7103718199608611,0.632128863735307,0.5601249349297241
Gender: F,179,0.613662011267988,0.5817378497790869,0.7775590551181102,0.6655433866891323,0.5915637860082305
Gender: M,179,0.5299387271344873,0.5553691275167785,0.6439688715953308,0.5963963963963964,0.5279241306638567
Age: Adult,179,0.4504528039010797,0.37735849056603776,0.5747126436781609,0.45558086560364464,0.40987654320987654
Age: Senior,179,0.5535637217567911,0.64576802507837,0.7923076923076923,0.7115716753022453,0.5941676792223572
Age: Young,179,0.6423864016037419,0.5752688172043011,0.6524390243902439,0.6114285714285714,0.6075036075036075
Race: black,179,0.5040493411043232,0.6926829268292682,0.9372937293729373,0.7966339410939691,0.6734234234234234
Race: others,179,0.5124813339970135,0.5170278637770898,0.8146341463414634,0.6325757575757576,0.516209476309227
Race: white,179,0.5629560906711716,0.507380073800738,0.5350194552529183,0.5208333333333334,0.5297397769516728
Overall,180,0.5805765417329029,0.6178623718887262,0.7423043095866315,0.6743907311226528,0.5803295571575695
Gender: F,180,0.6032731219905926,0.6341145833333334,0.8268251273344652,0.7177597641857038,0.6230314960629921
Gender: M,180,0.5487849032557063,0.596989966555184,0.6514598540145985,0.6230366492146597,0.5334773218142549
Age: Adult,180,0.6444357803275036,0.6067073170731707,0.8468085106382979,0.7069271758436945,0.6126760563380281
Age: Senior,180,0.5485310840970318,0.6676557863501483,0.7908611599297012,0.7240547063555913,0.6002331002331003
Age: Young,180,0.5733102333102333,0.5357142857142857,0.5855855855855856,0.5595408895265424,0.5334346504559271
Race: black,180,0.48418095801301003,0.7627906976744186,0.9213483146067416,0.8346055979643766,0.723404255319149
Race: others,180,0.5323345054273048,0.5878594249201278,0.8720379146919431,0.7022900763358778,0.5737704918032787
Race: white,180,0.5477579209217073,0.5329052969502408,0.5824561403508772,0.5565800502933781,0.5216998191681737
Overall,181,0.5837453632523496,0.6407093292212799,0.725130890052356,0.6803110929185427,0.5930171964564878
Gender: F,181,0.5896370945072243,0.6576319543509273,0.7840136054421769,0.7152831652443755,0.6140904311251314
Gender: M,181,0.5667169332983653,0.6208053691275168,0.6630824372759857,0.6412478336221837,0.5723140495867769
Age: Adult,181,0.6001970443349754,0.6046511627906976,0.7563636363636363,0.6720516962843296,0.5753138075313807
Age: Senior,181,0.5179512516469038,0.7072,0.7836879432624113,0.7434819175777965,0.6266829865361077
Age: Young,181,0.6199097812349079,0.551829268292683,0.5895765472312704,0.5700787401574803,0.5625
Race: black,181,0.3907976169818959,0.7644230769230769,0.9380530973451328,0.8423841059602649,0.7301587301587301
Race: others,181,0.5578569647260939,0.6329113924050633,0.8368200836820083,0.7207207207207207,0.6025641025641025
Race: white,181,0.5547789138678222,0.5539823008849557,0.551056338028169,0.5525154457193292,0.5340073529411765
Overall,182,0.5755632087927461,0.6225997045790251,0.75,0.6803874092009685,0.5913312693498453
Gender: F,182,0.5875579318286317,0.6424731182795699,0.8227194492254734,0.7215094339622642,0.6324701195219123
Gender: M,182,0.5556890063255664,0.5983606557377049,0.6721915285451197,0.6331309627059843,0.5471092077087795
Age: Adult,182,0.5499245575401679,0.6012269938650306,0.7313432835820896,0.6599326599326599,0.5521064301552107
Age: Senior,182,0.48619999869256264,0.6408668730650154,0.776735459662289,0.7022900763358778,0.5719512195121951
Age: Young,182,0.6563692490460077,0.6099476439790575,0.7213622291021672,0.6609929078014184,0.6416791604197901
Race: black,182,0.4761687079523892,0.7142857142857143,0.9625668449197861,0.8200455580865603,0.7013232514177694
Race: others,182,0.4488013698630138,0.61,0.8318181818181818,0.7038461538461539,0.5792349726775956
Race: white,182,0.5659972783110817,0.5454545454545454,0.5660377358490566,0.5555555555555556,0.5397890699904123
Overall,183,0.5587900157058682,0.6220059880239521,0.7270341207349081,0.6704316256555063,0.58590978205778
Gender: F,183,0.6102496359475764,0.6427566807313643,0.7947826086956522,0.7107309486780715,0.6253776435045317
Gender: M,183,0.4959169458498564,0.5984,0.6584507042253521,0.6269907795473596,0.5459183673469388
Age: Adult,183,0.5195677570093458,0.5910364145658263,0.7128378378378378,0.6462480857580398,0.5470588235294118
Age: Senior,183,0.44866790315159877,0.6811352253756261,0.7391304347826086,0.7089487402258905,0.5833333333333334
Age: Young,183,0.6597690445148072,0.5578947368421052,0.7186440677966102,0.6281481481481481,0.6191198786039454
Race: black,183,0.3871243169398907,0.7119675456389453,0.9590163934426229,0.8172293364377182,0.692156862745098
Race: others,183,0.5218689142163904,0.5586206896551724,0.8223350253807107,0.6652977412731006,0.5421348314606742
Race: white,183,0.5557858404763463,0.5750452079566004,0.5482758620689655,0.5613415710503089,0.5510388437217706
Overall,184,0.560564822944103,0.6056129985228951,0.7420814479638009,0.6669377795851973,0.570979570455736
Gender: F,184,0.5838202547020501,0.6055944055944056,0.8048327137546468,0.6911412609736632,0.589171974522293
Gender: M,184,0.5358686067019401,0.6056338028169014,0.6825396825396826,0.6417910447761194,0.5532574974146846
Age: Adult,184,0.6081325301204819,0.5741324921135647,0.7309236947791165,0.6431095406360424,0.5501113585746102
Age: Senior,184,0.4845435236060236,0.6483679525222552,0.8003663003663004,0.7163934426229508,0.5851318944844125
Age: Young,184,0.5974020008166598,0.5537190082644629,0.6483870967741936,0.5973254086181278,0.5670926517571885
Race: black,184,0.39478399558933563,0.7322175732217573,0.9234828496042217,0.8168028004667445,0.6939571150097466
Race: others,184,0.4947131064003262,0.562874251497006,0.8430493273542601,0.6750448833034112,0.5463659147869674
Race: white,184,0.5613686303233232,0.5202952029520295,0.5606361829025845,0.539712918660287,0.5175526579739218
Overall,185,0.5491845412558842,0.5946969696969697,0.7268518518518519,0.6541666666666667,0.5663531870428422
Gender: F,185,0.5846160383983969,0.6005788712011577,0.7815442561205274,0.679214402618658,0.5882352941176471
Gender: M,185,0.513434066782219,0.5882352941176471,0.6739526411657559,0.6281833616298812,0.5446985446985447
Age: Adult,185,0.5628720238095238,0.5886524822695035,0.7410714285714286,0.6561264822134387,0.5693069306930693
Age: Senior,185,0.4489925670754968,0.6157205240174672,0.7676950998185118,0.6833602584814217,0.5468208092485549
Age: Young,185,0.6173818707810993,0.5584045584045584,0.6426229508196721,0.5975609756097561,0.5906976744186047
Race: black,185,0.4374419004992253,0.6995884773662552,0.918918918918919,0.794392523364486,0.6660341555977229
Race: others,185,0.46988534842167956,0.5475285171102662,0.782608695652174,0.6442953020134228,0.5181818181818182
Race: white,185,0.5531943459861227,0.5271453590192644,0.5722433460076045,0.5487693710118505,0.5316934720908231
Overall,186,0.5795548798130109,0.5868358445678034,0.7094918504314478,0.6423611111111112,0.5635593220338984
Gender: F,186,0.6056025136442114,0.6063977746870653,0.7884267631103075,0.6855345911949685,0.5979899497487438
Gender: M,186,0.5409403960095205,0.5608856088560885,0.6204081632653061,0.5891472868217055,0.5251959686450168
Age: Adult,186,0.5861836274272823,0.5856697819314641,0.746031746031746,0.6561954624781849,0.5612472160356348
Age: Senior,186,0.5257781255433837,0.5858951175406871,0.7605633802816901,0.6618998978549541,0.5421853388658368
Age: Young,186,0.6252039183546032,0.5891472868217055,0.6246575342465753,0.6063829787234043,0.5865921787709497
Race: black,186,0.47488521579430665,0.7142857142857143,0.9393939393939394,0.8115183246073299,0.6883116883116883
Race: others,186,0.4739195717456587,0.5878136200716846,0.7922705314009661,0.6748971193415638,0.5549295774647888
Race: white,186,0.5424114169785583,0.4854014598540146,0.525691699604743,0.5047438330170778,0.5126050420168067
Overall,187,0.6037704302914593,0.6424945612762871,0.7724498692240628,0.7015043547110056,0.610738255033557
Gender: F,187,0.6369163703108867,0.6827309236947792,0.8528428093645485,0.758364312267658,0.6673490276356192
Gender: M,187,0.5542570211709855,0.5949367088607594,0.6848816029143898,0.6367485182049111,0.553125
Age: Adult,187,0.5263819095477387,0.5743440233236151,0.7943548387096774,0.6666666666666666,0.5592841163310962
Age: Senior,187,0.5326436265097976,0.6786271450858035,0.7967032967032966,0.7329401853411963,0.6110429447852761
Age: Young,187,0.7067988668555241,0.6430379746835443,0.7195467422096318,0.679144385026738,0.6444444444444445
Race: black,187,0.550031525851198,0.7426160337552743,0.9617486338797814,0.8380952380952381,0.7258064516129032
Race: others,187,0.5204147465437788,0.61198738170347,0.8940092165898618,0.7265917602996255,0.6021798365122616
Race: white,187,0.5803608677513559,0.5782312925170068,0.6028368794326241,0.5902777777777778,0.5605214152700186
Overall,188,0.5700509086352687,0.6151026392961877,0.7189374464438731,0.6629790596602133,0.5766749379652606
Gender: F,188,0.6180103909695746,0.6317934782608695,0.7908163265306123,0.702416918429003,0.6222435282837967
Gender: M,188,0.5160494315460102,0.5955414012738853,0.6459412780656304,0.6197183098591549,0.5277777777777778
Age: Adult,188,0.5455938148757965,0.5691906005221932,0.7147540983606557,0.6337209302325582,0.5280898876404494
Age: Senior,188,0.46070726225593484,0.6820428336079077,0.7327433628318584,0.7064846416382252,0.5789473684210527
Age: Young,188,0.6637583831044322,0.553475935828877,0.696969696969697,0.61698956780924,0.6129518072289156
Race: black,188,0.4906502337441564,0.7532188841201717,0.9696132596685083,0.8478260869565217,0.7439024390243902
Race: others,188,0.5483631146471891,0.5314465408805031,0.824390243902439,0.6462715105162524,0.5280612244897959
Race: white,188,0.5403201506591337,0.55,0.5316666666666666,0.5406779661016949,0.5207780725022104
Overall,189,0.5900659235311938,0.6354538956397426,0.7489469250210615,0.6875483372003094,0.5957978989494748
Gender: F,189,0.6085908493745359,0.6419098143236074,0.7869918699186992,0.7070854638422206,0.6151631477927063
Gender: M,189,0.5687857596948507,0.627906976744186,0.708041958041958,0.6655710764174199,0.5747126436781609
Age: Adult,189,0.635991940223323,0.6164021164021164,0.8411552346570397,0.7114503816793893,0.6158536585365854
Age: Senior,189,0.49800527610539264,0.6885813148788927,0.7343173431734318,0.7107142857142857,0.5792207792207792
Age: Young,189,0.6380493696241311,0.582392776523702,0.7010869565217391,0.6362515413070283,0.5997286295793759
Race: black,189,0.43633850407003527,0.7315573770491803,0.9321148825065274,0.8197474167623421,0.697495183044316
Race: others,189,0.5037828571428571,0.589041095890411,0.86,0.6991869918699187,0.5647058823529412
Race: white,189,0.5978962652312703,0.5805860805860806,0.572202166064982,0.5763636363636364,0.5582938388625592
Overall,190,0.5906076132233216,0.6135693215339233,0.7455197132616488,0.6731391585760518,0.5892221657346213
Gender: F,190,0.6195867188916122,0.6312247644683715,0.8242530755711776,0.7149390243902439,0.6315270935960591
Gender: M,190,0.555496874083102,0.5921696574225123,0.6636197440585009,0.6258620689655172,0.5441176470588235
Age: Adult,190,0.5732286421061932,0.5849673202614379,0.7748917748917749,0.6666666666666666,0.5807962529274004
Age: Senior,190,0.5491620766436189,0.6288659793814433,0.8056603773584906,0.706368899917287,0.5833333333333334
Age: Young,190,0.6352662521676606,0.6091644204851752,0.6366197183098592,0.6225895316804407,0.6017441860465116
Race: black,190,0.5128701017635955,0.7340909090909091,0.9444444444444444,0.8260869565217391,0.7100213219616205
Race: others,190,0.48037488826962516,0.5387096774193548,0.7990430622009569,0.6435452793834296,0.5268542199488491
Race: white,190,0.585959899422003,0.5643564356435643,0.6053097345132743,0.5841161400512382,0.5600722673893406
Overall,191,0.5899541529057006,0.6437454279444038,0.7401177460050462,0.6885758998435054,0.6037829766052762
Gender: F,191,0.6199324611332937,0.6661971830985915,0.7936241610738255,0.7243491577335375,0.6367305751765893
Gender: M,191,0.5492808253149489,0.619482496194825,0.6863406408094435,0.6512,0.5717092337917485
Age: Adult,191,0.5739958658540931,0.6235294117647059,0.75177304964539,0.6816720257234726,0.5883575883575883
Age: Senior,191,0.5028014782774028,0.7056277056277056,0.7786624203821656,0.7403482210446631,0.6171875
Age: Young,191,0.6610974037182573,0.5359281437125748,0.6415770609318996,0.5840130505709625,0.5965189873417721
Race: black,191,0.4603299883489308,0.71900826446281,0.9613259668508287,0.8226950354609929,0.7053045186640472
Race: others,191,0.4811643835616438,0.6276923076923077,0.8429752066115702,0.7195767195767195,0.5902061855670103
Race: white,191,0.6041226747109101,0.5878136200716846,0.5606837606837607,0.573928258967629,0.5620503597122302
Overall,192,0.6066612277731879,0.6185344827586207,0.7666963490650045,0.6846918489065607,0.599899091826438
Gender: F,192,0.6634187756055638,0.6348314606741573,0.8278388278388278,0.7186009538950715,0.6406091370558376
Gender: M,192,0.5448564000990345,0.6014705882352941,0.708838821490468,0.6507557677008751,0.559679037111334
Age: Adult,192,0.5958809169149288,0.5488958990536278,0.7631578947368421,0.6385321100917432,0.5522727272727272
Age: Senior,192,0.5206601061477223,0.665266106442577,0.7983193277310925,0.7257448433919023,0.6006674082313682
Age: Young,192,0.685466472303207,0.5872576177285319,0.7066666666666667,0.6414523449319214,0.6314152410575428
Race: black,192,0.5448717948717948,0.7172995780590717,0.9686609686609686,0.8242424242424242,0.7046843177189409
Race: others,192,0.5616279069767443,0.6258278145695364,0.8790697674418605,0.7311411992263056,0.5994236311239193
Race: white,192,0.5681752146293573,0.538961038961039,0.5960502692998204,0.566069906223359,0.5550699300699301
Overall,193,0.5697397086140334,0.625089605734767,0.7352445193929174,0.6757070902750871,0.5759878419452887
Gender: F,193,0.6056669451406294,0.6371428571428571,0.7824561403508772,0.7023622047244095,0.6012658227848101
Gender: M,193,0.5317251346214761,0.6129496402877698,0.6915584415584416,0.6498855835240275,0.5526315789473685
Age: Adult,193,0.5776201105442177,0.6306818181818182,0.7551020408163265,0.6873065015479877,0.5843621399176955
Age: Senior,193,0.43750274664908817,0.6430517711171662,0.767479674796748,0.6997776130467013,0.5554335894621295
Age: Young,193,0.6782972322503007,0.5760517799352751,0.6425992779783394,0.6075085324232082,0.6013864818024264
Race: black,193,0.46479180292129935,0.7875751503006012,0.9424460431654677,0.8580786026200873,0.7533206831119544
Race: others,193,0.48543857221914777,0.5912162162162162,0.8413461538461539,0.6944444444444444,0.5561959654178674
Race: white,193,0.5152077359869567,0.5066666666666667,0.5418894830659536,0.5236864771748493,0.49727272727272726
Overall,194,0.5807110431024042,0.6387195121951219,0.7502238137869293,0.6899958830794566,0.6053459119496856
Gender: F,194,0.6088124063852502,0.635593220338983,0.7950530035335689,0.706436420722135,0.6233635448136958
Gender: M,194,0.548450868550687,0.6423841059602649,0.7041742286751361,0.6718614718614718,0.585792349726776
Age: Adult,194,0.5634248442367602,0.5460526315789473,0.6916666666666667,0.6102941176470589,0.5330396475770925
Age: Senior,194,0.49609353200513423,0.7210884353741497,0.7808471454880295,0.7497789566755084,0.6343669250645995
Age: Young,194,0.6518682288601987,0.5904761904761905,0.7425149700598802,0.6578249336870027,0.6205882352941177
Race: black,194,0.4128925120772947,0.7557894736842106,0.9755434782608695,0.8517200474495848,0.7469635627530364
Race: others,194,0.5614758119909724,0.601123595505618,0.9029535864978903,0.7217537942664418,0.5965770171149144
Race: white,194,0.5460153080628803,0.5509355509355509,0.517578125,0.5337361530715005,0.5393034825870647
Overall,195,0.5916801761296233,0.6173780487804879,0.715547703180212,0.662847790507365,0.5815134586084306
Gender: F,195,0.6417718914049637,0.6469760900140648,0.782312925170068,0.7082371054657429,0.6306042884990254
Gender: M,195,0.5302410437859354,0.5823627287853578,0.6433823529411765,0.611353711790393,0.528101802757158
Age: Adult,195,0.5707487538828289,0.549079754601227,0.7047244094488189,0.6172413793103448,0.5296610169491526
Age: Senior,195,0.5092619047619047,0.6472545757071547,0.7409523809523809,0.6909413854351687,0.5677018633540373
Age: Young,195,0.6662070579190589,0.6285714285714286,0.6855524079320113,0.6558265582655827,0.6329479768786127
Race: black,195,0.591055900621118,0.7334905660377359,0.9658385093167702,0.8337801608579088,0.7225950782997763
Race: others,195,0.5150049261083743,0.636604774535809,0.8275862068965517,0.719640179910045,0.5978494623655914
Race: white,195,0.5434661939550208,0.5068493150684932,0.4980769230769231,0.5024248302618817,0.5146641438032167
Overall,196,0.5713599393423084,0.6535947712418301,0.7431874483897605,0.6955177743431221,0.5997968511934992
Gender: F,196,0.6075651721721042,0.6700898587933247,0.8143525741029641,0.7352112676056338,0.6436018957345971
Gender: M,196,0.5230977152182782,0.6321070234113713,0.6631578947368421,0.6472602739726028,0.5492341356673961
Age: Adult,196,0.5935495626822157,0.6048387096774194,0.8035714285714286,0.6901840490797546,0.5756302521008403
Age: Senior,196,0.49255103467561523,0.722662440570523,0.7651006711409396,0.7432762836185819,0.6232057416267942
Age: Young,196,0.6285482525261888,0.5855614973262032,0.6537313432835821,0.6177715091678421,0.5875190258751902
Race: black,196,0.45656979739010994,0.7883064516129032,0.9399038461538461,0.8574561403508771,0.7537878787878788
Race: others,196,0.4466339833479404,0.5818181818181818,0.8571428571428571,0.6931407942238267,0.5607235142118863
Race: white,196,0.5592763413139565,0.5753176043557169,0.5551663747810858,0.5650623885918004,0.5370018975332068
Overall,197,0.5734122915522863,0.6257352941176471,0.7524314765694076,0.6832597350461662,0.5918261769270564
Gender: F,197,0.6052540360873695,0.6167400881057269,0.8076923076923077,0.6994171523730225,0.6097297297297297
Gender: M,197,0.5486381082340137,0.6347569955817378,0.7054009819967266,0.6682170542635659,0.5753968253968254
Age: Adult,197,0.5349192344237816,0.5822454308093995,0.802158273381295,0.6747352496217852,0.5612244897959183
Age: Senior,197,0.5165789256084452,0.6454689984101749,0.7945205479452054,0.712280701754386,0.5874213836477987
Age: Young,197,0.6406757634827811,0.6379310344827587,0.6491228070175439,0.6434782608695652,0.6203703703703703
Race: black,197,0.5467405791833273,0.7656903765690377,0.9682539682539683,0.8551401869158879,0.756385068762279
Race: others,197,0.46775778333005813,0.5279503105590062,0.8542713567839196,0.6525911708253359,0.5211640211640212
Race: white,197,0.5433396436852455,0.5625,0.5685920577617328,0.5655296229802513,0.5372848948374761
Overall,198,0.6012229531000103,0.6380737396538751,0.7329299913569577,0.6822204344328238,0.5981688708036622
Gender: F,198,0.6121051984760968,0.6754507628294036,0.7880258899676376,0.7274085138162808,0.6396841066140178
Gender: M,198,0.5748680236257876,0.59375,0.6697588126159555,0.6294681778552746,0.5540398740818469
Age: Adult,198,0.5839096872071751,0.6011396011396012,0.6872964169381107,0.6413373860182371,0.5513307984790875
Age: Senior,198,0.5105549654806161,0.6666666666666666,0.7894736842105263,0.7228915662650602,0.5980024968789014
Age: Young,198,0.6825809674954447,0.6235632183908046,0.6823899371069182,0.6516516516516516,0.6369327073552425
Race: black,198,0.548396302842834,0.7278350515463917,0.9489247311827957,0.823803967327888,0.7084942084942085
Race: others,198,0.5521126339098689,0.596551724137931,0.7972350230414746,0.6824457593688363,0.5660377358490566
Race: white,198,0.5867120700628129,0.5812274368231047,0.5669014084507042,0.5739750445632799,0.5561745589600743
Overall,199,0.5855221900126254,0.6435024322446143,0.7768456375838926,0.7039148612694793,0.6105
Gender: F,199,0.6274217462932454,0.6675159235668789,0.8632619439868204,0.7528735632183908,0.6583912611717975
Gender: M,199,0.5379545835428188,0.6146788990825688,0.6871794871794872,0.648910411622276,0.5619335347432024
Age: Adult,199,0.6393346231174841,0.6128048780487805,0.7701149425287356,0.6825127334465195,0.5961123110151187
Age: Senior,199,0.4989796239725381,0.6666666666666666,0.8460176991150442,0.7457098283931357,0.6146572104018913
Age: Young,199,0.6321017234131988,0.6269035532994924,0.674863387978142,0.65,0.6150506512301013
Race: black,199,0.4451355086833725,0.756198347107438,0.9457364341085271,0.8404133180252583,0.7306201550387597
Race: others,199,0.5452126305067481,0.6268656716417911,0.8235294117647058,0.711864406779661,0.5843520782396088
Race: white,199,0.5624051948051948,0.5645161290322581,0.6363636363636364,0.5982905982905983,0.5627906976744186
Overall,200,0.5586839705830664,0.6317280453257791,0.7210994341147938,0.6734616836542091,0.571570084200099
Gender: F,200,0.6070523103407801,0.6415816326530612,0.8245901639344262,0.7216642754662841,0.6229348882410107
Gender: M,200,0.511263131532814,0.6194267515923567,0.620414673046252,0.6199203187250996,0.5181818181818182
Age: Adult,200,0.5497863011679747,0.5316091954022989,0.7429718875502008,0.6197654941373534,0.5139186295503212
Age: Senior,200,0.5288337669554675,0.7281690140845071,0.7966101694915254,0.7608535688005886,0.6360582306830908
Age: Young,200,0.5985757743362831,0.536723163841808,0.56047197640118,0.5483405483405484,0.5250379362670713
Race: black,200,0.44635110294117647,0.7380952380952381,0.93,0.8230088495575221,0.7014925373134329
Race: others,200,0.5115480371671186,0.6239554317548747,0.8265682656826568,0.7111111111111111,0.5835240274599542
Race: white,200,0.5310825235571259,0.5391621129326047,0.5229681978798587,0.5309417040358745,0.5
Overall,201,0.6014444615601853,0.6264880952380952,0.745792736935341,0.6809543065103114,0.5968318855390904
Gender: F,201,0.6351746580985335,0.6511627906976745,0.8235294117647058,0.7272727272727273,0.6422845691382766
Gender: M,201,0.5560166897975162,0.5970636215334421,0.6642468239564429,0.6288659793814433,0.5495307612095933
Age: Adult,201,0.6035566693044931,0.6260162601626016,0.7549019607843137,0.6844444444444444,0.5973534971644613
Age: Senior,201,0.49355578237905445,0.6423611111111112,0.7613168724279835,0.696798493408663,0.5648648648648649
Age: Young,201,0.6815668670268077,0.6040100250626567,0.7151335311572701,0.654891304347826,0.6308139534883721
Race: black,201,0.49108669108669106,0.7484536082474227,0.9307692307692308,0.8297142857142857,0.7112403100775194
Race: others,201,0.4408419243986254,0.543918918918919,0.8298969072164949,0.6571428571428571,0.5116279069767442
Race: white,201,0.6036664007445818,0.5648312611012434,0.5834862385321101,0.5740072202166066,0.5697356426618049
Overall,202,0.585468329867447,0.63732129420617,0.7076023391812866,0.6706254948535234,0.5806451612903226
Gender: F,202,0.6444477239187195,0.6777609682299546,0.7791304347826087,0.7249190938511327,0.6450939457202505
Gender: M,202,0.5175257075546782,0.5973053892215568,0.6414790996784566,0.6186046511627907,0.52046783625731
Age: Adult,202,0.5912378100003653,0.5880597014925373,0.7519083969465649,0.6599664991624791,0.5690021231422505
Age: Senior,202,0.5080529411764705,0.6787878787878788,0.7168,0.6972762645914397,0.5663322185061316
Age: Young,202,0.6523982711364116,0.6047904191616766,0.6516129032258065,0.6273291925465838,0.6103896103896104
Race: black,202,0.4039158729086446,0.7726315789473684,0.9338422391857506,0.8456221198156681,0.7351778656126482
Race: others,202,0.476862757752751,0.610223642172524,0.8197424892703863,0.6996336996336996,0.5519125683060109
Race: white,202,0.569212491623801,0.5341959334565619,0.5061295971978984,0.5197841726618705,0.5197841726618705
Overall,203,0.5874388130965584,0.6291635825314582,0.7609668755595345,0.6888168557536467,0.6002082248828735
Gender: F,203,0.6144861561486655,0.640495867768595,0.8157894736842105,0.7175925925925926,0.6310483870967742
Gender: M,203,0.5504177953042296,0.616,0.7038391224862889,0.6569965870307167,0.5672766415500539
Age: Adult,203,0.6202303396928804,0.6402116402116402,0.7882736156351792,0.7065693430656934,0.6003976143141153
Age: Senior,203,0.4836474257599719,0.6618589743589743,0.8194444444444444,0.7322695035460993,0.6103225806451613
Age: Young,203,0.6416623029033571,0.5587392550143266,0.6372549019607843,0.5954198473282443,0.5878693623639192
Race: black,203,0.4339875011239996,0.7078651685393258,0.9347181008902077,0.8056265984654731,0.67590618336887
Race: others,203,0.5044829995342337,0.5970149253731343,0.8849557522123894,0.7130124777183601,0.5740740740740741
Race: white,203,0.5940172868647597,0.5866900175131349,0.6046931407942239,0.5955555555555555,0.5763500931098696
Overall,204,0.584675968753212,0.603409933283914,0.7373188405797102,0.6636771300448431,0.5769230769230769
Gender: F,204,0.631101200094801,0.6522988505747126,0.7923211169284468,0.7155240346729709,0.630879345603272
Gender: M,204,0.5259852842580849,0.5513016845329249,0.6779661016949152,0.6081081081081081,0.522633744855967
Age: Adult,204,0.5670100767032638,0.6054054054054054,0.7344262295081967,0.6637037037037037,0.5659655831739961
Age: Senior,204,0.5102438730736301,0.6309904153354633,0.771484375,0.6942003514938488,0.5671641791044776
Age: Young,204,0.6360544217687075,0.5524079320113314,0.6794425087108014,0.609375,0.5987158908507223
Race: black,204,0.47006631391668013,0.774390243902439,0.9947780678851175,0.8708571428571429,0.7721774193548387
Race: others,204,0.47870826491516155,0.5278688524590164,0.7931034482758621,0.6338582677165354,0.5143603133159269
Race: white,204,0.5358591606331209,0.4927536231884058,0.525096525096525,0.508411214953271,0.5088702147525677
Overall,205,0.5928267666428342,0.645021645021645,0.7531592249368155,0.6949086669257676,0.6035353535353535
Gender: F,205,0.6557001406331765,0.6892067620286085,0.8320251177394035,0.7539118065433855,0.6611165523996082
Gender: M,205,0.5145321182484996,0.5899513776337115,0.6618181818181819,0.62382176520994,0.5422314911366006
Age: Adult,205,0.5276612053272013,0.5586592178770949,0.8163265306122449,0.6633499170812603,0.5567685589519651
Age: Senior,205,0.5237966449845943,0.6973886328725039,0.7895652173913044,0.7406199021207178,0.6164053075995175
Age: Young,205,0.6813618963240334,0.636604774535809,0.6539509536784741,0.6451612903225806,0.6190476190476191
Race: black,205,0.3939936630389861,0.7749510763209393,0.927400468384075,0.8443496801705757,0.7326007326007326
Race: others,205,0.5394625922023183,0.6491228070175439,0.8538461538461538,0.7375415282392026,0.6108374384236454
Race: white,205,0.5624128787878787,0.5178236397748592,0.552,0.5343659244917716,0.5321011673151751
Overall,206,0.5415649313027645,0.5914893617021276,0.7446428571428572,0.6592885375494071,0.5653050932929904
Gender: F,206,0.5545495977776491,0.602827763496144,0.7922297297297297,0.6846715328467153,0.5920679886685553
Gender: M,206,0.5258527509947963,0.5775316455696202,0.6912878787878788,0.6293103448275862,0.5346320346320347
Age: Adult,206,0.5029275298276624,0.6147308781869688,0.7431506849315068,0.6728682170542636,0.5585774058577406
Age: Senior,206,0.5357854494902687,0.618421052631579,0.8134615384615385,0.7026578073089701,0.57981220657277
Age: Young,206,0.5582298136645962,0.5201072386058981,0.6298701298701299,0.5697503671071953,0.5513016845329249
Race: black,206,0.3889340626848019,0.6955602536997886,0.9241573033707865,0.7937273823884198,0.6633858267716536
Race: others,206,0.45979729729729735,0.56797583081571,0.8468468468468469,0.6799276672694394,0.5366492146596858
Race: white,206,0.5374578927277477,0.523102310231023,0.584870848708487,0.5522648083623694,0.5297346752058555
Overall,207,0.6018467478070588,0.6585024492652204,0.7751235584843492,0.7120696178584941,0.6200698951572641
Gender: F,207,0.6270244821092279,0.6709401709401709,0.7983050847457627,0.7291021671826625,0.6450304259634888
Gender: M,207,0.5732265772819208,0.6464924346629987,0.7532051282051282,0.695780903034789,0.5958702064896755
Age: Adult,207,0.5390594912334042,0.6436781609195402,0.7491638795986622,0.6924265842349304,0.5711206896551724
Age: Senior,207,0.5436854096647912,0.6821589205397302,0.8333333333333334,0.7502061005770816,0.6379928315412187
Age: Young,207,0.6758221636270416,0.6328502415458938,0.7100271002710027,0.669220945083014,0.6310541310541311
Race: black,207,0.5395668395668396,0.7539370078740157,0.941031941031941,0.8371584699453551,0.7250922509225092
Race: others,207,0.5124154589371981,0.5657492354740061,0.8222222222222222,0.6702898550724637,0.5550122249388753
Race: white,207,0.6078452877092929,0.6279461279461279,0.6408934707903781,0.6343537414965986,0.591254752851711
Overall,208,0.5646383289903286,0.6476054324517513,0.7371847030105777,0.6894977168949772,0.5958395245170877
Gender: F,208,0.6059014655728638,0.6561151079136691,0.7985989492119089,0.7203791469194313,0.6277602523659306
Gender: M,208,0.527311142412336,0.6392045454545454,0.6838905775075987,0.6607929515418502,0.5674157303370787
Age: Adult,208,0.5269296854348401,0.5810055865921788,0.7147766323024055,0.6409861325115562,0.533066132264529
Age: Senior,208,0.48613523032395306,0.7254901960784313,0.7950413223140496,0.7586750788643533,0.6365795724465558
Age: Young,208,0.6450885668276972,0.5740740740740741,0.6516516516516516,0.6104078762306611,0.5914454277286135
Race: black,208,0.4136324181095527,0.7611940298507462,0.9622641509433962,0.85,0.7423312883435583
Race: others,208,0.5372576268943153,0.6237288135593221,0.8401826484018264,0.7159533073929961,0.5910364145658263
Race: white,208,0.552031498185953,0.5748031496062992,0.5712050078247262,0.5729984301412873,0.5362318840579711
Overall,209,0.5333668691103889,0.6509240246406571,0.7343629343629343,0.6901306240928883,0.5788954635108481
Gender: F,209,0.5513499528201382,0.6707768187422934,0.7782546494992847,0.7205298013245033,0.6074418604651163
Gender: M,209,0.4983174477844829,0.6261538461538462,0.6828859060402684,0.6532905296950241,0.546694648478489
Age: Adult,209,0.536978127079175,0.6280487804878049,0.7152777777777778,0.6688311688311688,0.5516483516483517
Age: Senior,209,0.4980976093470435,0.6968503937007874,0.8069908814589666,0.747887323943662,0.6191489361702127
Age: Young,209,0.5637989830098067,0.5768194070080862,0.6131805157593123,0.5944444444444444,0.5387045813586098
Race: black,209,0.4432663368734217,0.7546468401486989,0.9620853080568721,0.8458333333333333,0.7352415026833632
Race: others,209,0.45767260908105983,0.6406685236768802,0.8098591549295775,0.7153965785381027,0.5714285714285714
Race: white,209,0.49413268270012783,0.5585106382978723,0.534804753820034,0.546400693842151,0.4980806142034549
Overall,210,0.5762220810559238,0.5907715582450832,0.7312734082397003,0.6535564853556486,0.568075117370892
Gender: F,210,0.6102063737189387,0.6041979010494752,0.7901960784313725,0.6847918436703483,0.6006458557588805
Gender: M,210,0.541995915645578,0.5770992366412214,0.6774193548387096,0.6232481450948063,0.5374493927125507
Age: Adult,210,0.5629787961696306,0.5795148247978437,0.7904411764705882,0.6687402799377916,0.5626283367556468
Age: Senior,210,0.4938903097470873,0.6061120543293718,0.7391304347826086,0.6660447761194029,0.5462610899873257
Age: Young,210,0.6541630951453284,0.5773480662983426,0.6677316293929713,0.6192592592592593,0.5990639625585024
Race: black,210,0.4541746150701731,0.6831275720164609,0.9273743016759777,0.7867298578199052,0.6551724137931034
Race: others,210,0.5668575087573919,0.5925925925925926,0.837696335078534,0.6941431670281996,0.5727272727272728
Race: white,210,0.559917282460635,0.5106007067137809,0.5568400770712909,0.5327188940092166,0.523943661971831
Overall,211,0.5824595081625343,0.5972222222222222,0.7160037002775208,0.6512410601598654,0.5739979445015416
Gender: F,211,0.6296766138205603,0.628698224852071,0.7855822550831792,0.6984387838948234,0.6165099268547545
Gender: M,211,0.5221851026973522,0.5629032258064516,0.6462962962962963,0.6017241379310345,0.5328614762386249
Age: Adult,211,0.5978056222813738,0.552901023890785,0.7397260273972602,0.6328125,0.5627906976744186
Age: Senior,211,0.5064854133002643,0.6426380368098159,0.7846441947565543,0.7065767284991569,0.5822328931572629
Age: Young,211,0.6175669872895911,0.5498575498575499,0.5884146341463414,0.5684830633284241,0.5710102489019033
Race: black,211,0.4258482887123664,0.6961722488038278,0.941747572815534,0.8005502063273727,0.671201814058957
Race: others,211,0.5323660714285714,0.5761589403973509,0.7767857142857143,0.6615969581749049,0.5459183673469388
Race: white,211,0.5789855306504748,0.5364583333333334,0.5638686131386861,0.5498220640569395,0.5453728661275831
Overall,212,0.6164965432056405,0.6134779240898528,0.7436619718309859,0.6723259762308998,0.5906680805938495
Gender: F,212,0.6426022727272728,0.6043956043956044,0.77,0.6772207563764292,0.6095744680851064
Gender: M,212,0.5911922514110515,0.6223241590214067,0.720353982300885,0.667760459392945,0.5718816067653277
Age: Adult,212,0.5835382474600179,0.5808580858085809,0.6743295019157088,0.624113475177305,0.5411255411255411
Age: Senior,212,0.5847649122807017,0.6442953020134228,0.8084210526315789,0.7170868347338936,0.6090322580645161
Age: Young,212,0.6687974924012159,0.5918367346938775,0.7051671732522796,0.6435506241331485,0.6040061633281972
Race: black,212,0.5324915469146239,0.7452380952380953,0.9260355029585798,0.8258575197889182,0.7066666666666667
Race: others,212,0.5231809591306402,0.5643564356435643,0.8382352941176471,0.6745562130177515,0.5540540540540541
Race: white,212,0.6039318424305167,0.5422535211267606,0.5889101338432122,0.5646196150320807,0.5544090056285178
Overall,213,0.609126959181963,0.6508172362555721,0.7121951219512195,0.6801242236024845,0.5892323030907278
Gender: F,213,0.624828379531708,0.6903820816864296,0.7583212735166426,0.7227586206896551,0.6281221091581869
Gender: M,213,0.5794577369336806,0.5996592844974447,0.6530612244897959,0.6252220248667851,0.5437837837837838
Age: Adult,213,0.5332893978087158,0.6028169014084507,0.7016393442622951,0.6484848484848484,0.5396825396825397
Age: Senior,213,0.5414484301123977,0.6895424836601307,0.7377622377622378,0.7128378378378378,0.5848595848595849
Age: Young,213,0.7050948579277191,0.633245382585752,0.6798866855524079,0.6557377049180327,0.6310395314787701
Race: black,213,0.532681242807825,0.7758985200845666,0.9291139240506329,0.8456221198156681,0.7346534653465346
Race: others,213,0.5578893050989986,0.625,0.8737864077669902,0.728744939271255,0.5975975975975976
Race: white,213,0.5623497556270666,0.5623931623931624,0.5230524642289348,0.5420098846787479,0.523972602739726
Overall,214,0.5980372432710738,0.612289685442575,0.7622950819672131,0.6791075050709939,0.5922680412371134
Gender: F,214,0.5905326112854311,0.6319444444444444,0.7698815566835872,0.6941266209000763,0.602970297029703
Gender: M,214,0.6058957106420282,0.5904173106646059,0.7534516765285996,0.6620450606585788,0.5806451612903226
Age: Adult,214,0.5549404512538153,0.6089108910891089,0.7987012987012987,0.6910112359550562,0.580952380952381
Age: Senior,214,0.5427223401745694,0.6162988115449916,0.7707006369426752,0.6849056603773584,0.5750636132315522
Age: Young,214,0.6807867327333401,0.6096256684491979,0.7147335423197492,0.658008658008658,0.6232114467408585
Race: black,214,0.43256536880004726,0.725,0.9380053908355795,0.81786133960047,0.6948818897637795
Race: others,214,0.5743464052287582,0.6078431372549019,0.9117647058823529,0.7294117647058823,0.5892857142857143
Race: white,214,0.5575382325755225,0.5215146299483648,0.5793499043977055,0.5489130434782609,0.5456204379562044
Overall,215,0.564595266183607,0.6174785100286533,0.7424633936261843,0.6742276104810324,0.5788675429726997
Gender: F,215,0.5942108930437813,0.676985195154778,0.7691131498470948,0.7201145311381532,0.6272640610104862
Gender: M,215,0.5134374678669247,0.5497702909647779,0.7080867850098619,0.6189655172413793,0.5242195909580194
Age: Adult,215,0.5750150753768843,0.5545171339563862,0.712,0.6234676007005254,0.5211581291759465
Age: Senior,215,0.5257022281478804,0.669054441260745,0.7888513513513513,0.724031007751938,0.6004489337822672
Age: Young,215,0.5919851416554476,0.5755968169761273,0.6802507836990596,0.6235632183908046,0.5893416927899686
Race: black,215,0.37894652061855666,0.754601226993865,0.9510309278350515,0.8415051311288484,0.7306201550387597
Race: others,215,0.5102764375016661,0.5925925925925926,0.8240343347639485,0.6894075403949731,0.5609137055837563
Race: white,215,0.5431274551066219,0.516295025728988,0.5574074074074075,0.5360641139804097,0.5121722846441947
Overall,216,0.5543162460326816,0.6131782945736434,0.7087813620071685,0.657522859517872,0.5745998967475477
Gender: F,216,0.5881166479578277,0.6140845070422535,0.7799642218246869,0.6871552403467297,0.6069306930693069
Gender: M,216,0.5100174680964626,0.6120689655172413,0.6373429084380611,0.6244503078276166,0.5393743257820928
Age: Adult,216,0.5699245541838135,0.5611111111111111,0.7481481481481481,0.6412698412698413,0.5349794238683128
Age: Senior,216,0.48029144179959327,0.6867671691792295,0.7414104882459313,0.7130434782608696,0.5925925925925926
Age: Young,216,0.5991575458004785,0.5375375375375375,0.6109215017064846,0.5718849840255591,0.5819032761310452
Race: black,216,0.4531687018214066,0.714622641509434,0.9439252336448598,0.8134228187919463,0.6965065502183406
Race: others,216,0.4728024022108844,0.6545454545454545,0.84375,0.7372013651877133,0.6178660049627791
Race: white,216,0.5229907097425054,0.5074626865671642,0.5046382189239332,0.5060465116279069,0.5065055762081785
Overall,217,0.5950317879531751,0.6323099415204678,0.773011617515639,0.6956172094893446,0.6067532467532467
Gender: F,217,0.6521553678137235,0.6439499304589708,0.8052173913043478,0.7156105100463679,0.6308926780341023
Gender: M,217,0.5284830729166667,0.6194144838212635,0.7389705882352942,0.6739312657166806,0.5808189655172413
Age: Adult,217,0.6227650808457711,0.5859872611464968,0.71875,0.6456140350877193,0.5579868708971554
Age: Senior,217,0.5040902278593434,0.6769706336939721,0.8326996197718631,0.7468030690537084,0.62875
Age: Young,217,0.6536347907160212,0.597051597051597,0.7210682492581603,0.6532258064516129,0.6137724550898204
Race: black,217,0.4548622981956315,0.7619047619047619,0.9481481481481482,0.8448844884488449,0.7364485981308411
Race: others,217,0.5691537761601455,0.6,0.8839285714285714,0.7148014440433214,0.5853018372703412
Race: white,217,0.5595336400456136,0.5299625468164794,0.5775510204081633,0.552734375,0.5460852329038652
Overall,218,0.5715820511445879,0.613619541080681,0.7208695652173913,0.6629348260695722,0.5701172870984191
Gender: F,218,0.6301914778856527,0.6464379947229552,0.7928802588996764,0.7122093023255814,0.6228571428571429
Gender: M,218,0.48938391493244976,0.5716694772344013,0.6372180451127819,0.6026666666666667,0.5093304061470911
Age: Adult,218,0.5329400646302055,0.5476190476190477,0.7288732394366197,0.6253776435045317,0.5184466019417475
Age: Senior,218,0.5321290595194977,0.6698717948717948,0.7916666666666666,0.7256944444444444,0.5943517329910141
Age: Young,218,0.6084108199492815,0.5845272206303725,0.6035502958579881,0.5938864628820961,0.5817091454272864
Race: black,218,0.48614852566436106,0.7594433399602386,0.9317073170731708,0.836801752464403,0.7261029411764706
Race: others,218,0.4769728879206004,0.5855263157894737,0.8240740740740741,0.6846153846153846,0.5555555555555556
Race: white,218,0.5151233174057456,0.4944852941176471,0.5133587786259542,0.5037453183520599,0.49427480916030536
Overall,219,0.6147792746992035,0.6297872340425532,0.7900355871886121,0.7008681925808997,0.6140529531568228
Gender: F,219,0.6441020288581264,0.696969696969697,0.8288288288288288,0.757201646090535,0.671003717472119
Gender: M,219,0.5554534375952066,0.5436893203883495,0.7336244541484717,0.6245353159851301,0.545045045045045
Age: Adult,219,0.5679779158040028,0.4966442953020134,0.714975845410628,0.5861386138613861,0.5150812064965197
Age: Senior,219,0.5655831408084846,0.7034013605442176,0.8602329450915142,0.7739520958083832,0.6564277588168373
Age: Young,219,0.6681521983372032,0.5915119363395226,0.7056962025316456,0.6435786435786436,0.6223241590214067
Race: black,219,0.47474139468521487,0.7377398720682303,0.9719101123595506,0.8387878787878787,0.7240663900414938
Race: others,219,0.5582514560085361,0.6521739130434783,0.8856088560885609,0.7511737089201878,0.6361556064073226
Race: white,219,0.5826161347647931,0.5270506108202443,0.607645875251509,0.5644859813084112,0.554066985645933
Overall,220,0.6013381326706668,0.6457399103139013,0.7309644670050761,0.6857142857142857,0.6030075187969924
Gender: F,220,0.621948914569608,0.6745562130177515,0.7715736040609137,0.7198105761641673,0.6328852119958635
Gender: M,220,0.5672269395625458,0.6163141993957704,0.6903553299492385,0.6512370311252993,0.5749027237354085
Age: Adult,220,0.5896573509736881,0.5396825396825397,0.6854838709677419,0.6039076376554174,0.5204301075268817
Age: Senior,220,0.5350700818836145,0.7087087087087087,0.767479674796748,0.7369242779078845,0.6230425055928411
Age: Young,220,0.666351868516559,0.6218487394957983,0.6959247648902821,0.6568047337278107,0.6352201257861635
Race: black,220,0.46968221250764464,0.754880694143167,0.9380053908355795,0.8365384615384616,0.7224489795918367
Race: others,220,0.5105989764326784,0.6624605678233438,0.8823529411764706,0.7567567567567568,0.6361185983827493
Race: white,220,0.5714676795674639,0.5464285714285714,0.5340314136125655,0.5401588702559577,0.5405643738977073
Overall,221,0.5772406869446343,0.5989773557341125,0.7321428571428571,0.6588991562876657,0.5659509202453987
Gender: F,221,0.602678644277998,0.6648721399730821,0.7980613893376414,0.7254038179148311,0.6315270935960591
Gender: M,221,0.5339616222101251,0.5207667731629393,0.6506986027944112,0.5785270629991127,0.4952178533475027
Age: Adult,221,0.5162538079204746,0.5177514792899408,0.8101851851851852,0.631768953068592,0.5436241610738255
Age: Senior,221,0.5153011252334746,0.6045801526717557,0.7306273062730627,0.6616541353383458,0.5323325635103926
Age: Young,221,0.6870342698727906,0.6622340425531915,0.6878453038674033,0.6747967479674797,0.6267496111975117
Race: black,221,0.4706956595600102,0.75,0.9326424870466321,0.8314087759815243,0.7125984251968503
Race: others,221,0.4586852351003295,0.5718849840255591,0.8523809523809524,0.6845124282982792,0.5528455284552846
Race: white,221,0.5356577951997799,0.4878472222222222,0.5362595419847328,0.5109090909090909,0.5013901760889713
Overall,222,0.588962146498918,0.617757712565839,0.7490875912408759,0.6771134020618557,0.5861522198731501
Gender: F,222,0.6189271299755362,0.630527817403709,0.8080438756855576,0.7083333333333334,0.6212278876170656
Gender: M,222,0.5525539057210158,0.6035031847133758,0.6903460837887068,0.6440101954120646,0.5499462943071965
Age: Adult,222,0.547433748403576,0.6275659824046921,0.7430555555555556,0.6804451510333863,0.564935064935065
Age: Senior,222,0.5254599871444642,0.6325878594249201,0.7795275590551181,0.6984126984126984,0.57356608478803
Age: Young,222,0.6654420731707318,0.5828729281767956,0.7033333333333334,0.6374622356495468,0.6178343949044586
Race: black,222,0.5528958619020731,0.6883408071748879,0.953416149068323,0.7994791666666666,0.6764705882352942
Race: others,222,0.5145781637717121,0.5910543130990416,0.8525345622119815,0.6981132075471698,0.5710455764075067
Race: white,222,0.5762683689075071,0.5771929824561404,0.5906642728904847,0.5838509316770186,0.5503355704697986
Overall,223,0.5800692102407694,0.6069455406471981,0.7153488372093023,0.6567036720751495,0.569593147751606
Gender: F,223,0.6295915178571428,0.6229281767955801,0.8053571428571429,0.7024922118380063,0.6020833333333333
Gender: M,223,0.526836137256355,0.585635359116022,0.6174757281553398,0.6011342155009451,0.5352422907488987
Age: Adult,223,0.5972873190018592,0.5451388888888888,0.7440758293838863,0.6292585170340681,0.5280612244897959
Age: Senior,223,0.48173707688270795,0.6518010291595198,0.7378640776699029,0.692167577413479,0.5633074935400517
Age: Young,223,0.6426252262636267,0.5858585858585859,0.664756446991404,0.6228187919463087,0.5997150997150997
Race: black,223,0.45599236241891616,0.7298578199052133,0.9506172839506173,0.8257372654155496,0.7058823529411765
Race: others,223,0.492119391222972,0.6080691642651297,0.8210116731517509,0.6986754966887417,0.5614457831325301
Race: white,223,0.5519170079640404,0.5020080321285141,0.5060728744939271,0.5040322580645161,0.5133531157270029
Overall,224,0.5825820253439985,0.673972602739726,0.7633824670287044,0.7158966897053474,0.6193957115009746
Gender: F,224,0.597351993556182,0.6779874213836478,0.8292307692307692,0.7460207612456747,0.6443798449612403
Gender: M,224,0.5681860190011461,0.6691729323308271,0.6964006259780907,0.6825153374233128,0.5941176470588235
Age: Adult,224,0.6127100533493228,0.6330749354005168,0.8249158249158249,0.716374269005848,0.624031007751938
Age: Senior,224,0.5428949841920876,0.7158469945355191,0.7891566265060241,0.7507163323782235,0.6321353065539113
Age: Young,224,0.6059625768013406,0.6304985337243402,0.6554878048780488,0.6427503736920778,0.5949152542372881
Race: black,224,0.4214701427090808,0.7992633517495396,0.9601769911504425,0.8723618090452261,0.7744227353463587
Race: others,224,0.4808795622048634,0.6174863387978142,0.8278388278388278,0.7073552425665102,0.5740318906605922
Race: white,224,0.5702361147593614,0.588021778584392,0.574468085106383,0.5811659192825112,0.5552380952380952
Overall,225,0.6290178561764966,0.6626161543959972,0.7896081771720613,0.7205596579867859,0.633350331463539
Gender: F,225,0.6603429239997363,0.6948051948051948,0.8573717948717948,0.7675753228120517,0.6801579466929911
Gender: M,225,0.5852169940612152,0.6232114467408585,0.7127272727272728,0.6649703138252756,0.5833333333333334
Age: Adult,225,0.5788043478260869,0.65,0.7932203389830509,0.7145038167938931,0.6096033402922756
Age: Senior,225,0.5594747474747475,0.6510500807754442,0.806,0.7202859696157283,0.6072772898368883
Age: Young,225,0.7127804507906945,0.6904761904761905,0.7651715039577837,0.7259073842302879,0.6802919708029197
Race: black,225,0.48118770764119606,0.7876447876447876,0.9488372093023256,0.8607594936708861,0.7564575645756457
Race: others,225,0.46496692816489776,0.5899280575539568,0.8324873096446701,0.6905263157894737,0.5531914893617021
Race: white,225,0.6132798691001647,0.5887230514096186,0.6489945155393053,0.6173913043478261,0.5963302752293578
Overall,226,0.5932710757049522,0.6343772760378733,0.7368866328257191,0.6818003913894325,0.5971258671952429
Gender: F,226,0.6457961808569399,0.6458616010854816,0.8206896551724138,0.7228549734244495,0.6411012782694199
Gender: M,226,0.5372775793303858,0.6210691823899371,0.6561461794019934,0.6381260096930533,0.5524475524475524
Age: Adult,226,0.585956705191708,0.5384615384615384,0.7088607594936709,0.6120218579234973,0.5438972162740899
Age: Senior,226,0.5676202002420508,0.6995645863570392,0.7901639344262295,0.7421093148575828,0.6310572687224669
Age: Young,226,0.634812948245784,0.5940860215053764,0.6597014925373135,0.6251768033946252,0.5878693623639192
Race: black,226,0.4794315706080412,0.7268993839835729,0.946524064171123,0.8222996515679443,0.6994106090373281
Race: others,226,0.525990157018983,0.6213872832369942,0.8565737051792829,0.7202680067001676,0.6033254156769596
Race: white,226,0.5821389810222236,0.5592592592592592,0.5421903052064632,0.5505925250683683,0.546875
Overall,227,0.5797263265689983,0.6269090909090909,0.7305084745762712,0.6747553816046967,0.5826217980914113
Gender: F,227,0.6380344683642434,0.6618229854689565,0.8146341463414634,0.7303206997084548,0.638671875
Gender: M,227,0.5063179676837053,0.5841423948220065,0.6389380530973451,0.610312764158918,0.5232678386763185
Age: Adult,227,0.5637191791510612,0.5684523809523809,0.7153558052434457,0.6334991708126037,0.5185185185185185
Age: Senior,227,0.5180008218737531,0.6798245614035088,0.8003442340791739,0.7351778656126482,0.6149425287356322
Age: Young,227,0.6439850310332238,0.5802816901408451,0.6204819277108434,0.5997088791848617,0.5845921450151057
Race: black,227,0.4087775645293956,0.7741935483870968,0.966824644549763,0.8598524762908325,0.7550644567219152
Race: others,227,0.5114079739541614,0.5649546827794562,0.8165938864628821,0.6678571428571428,0.5326633165829145
Race: white,227,0.5459346392897184,0.5164410058027079,0.504725897920605,0.5105162523900574,0.5123809523809524
Overall,228,0.5779866576245525,0.6332378223495702,0.7574978577549272,0.6898166211470933,0.5988900100908173
Gender: F,228,0.6107531068238884,0.646112600536193,0.8253424657534246,0.724812030075188,0.6394088669950739
Gender: M,228,0.5430357525728987,0.6184615384615385,0.6895368782161235,0.6520681265206812,0.5563598759048604
Age: Adult,228,0.5800541167375339,0.6114285714285714,0.823076923076923,0.7016393442622951,0.6034858387799564
Age: Senior,228,0.5103111579288551,0.6586826347305389,0.7665505226480837,0.7085346215780999,0.5862857142857143
Age: Young,228,0.6453453453453453,0.6084656084656085,0.6906906906906907,0.6469760900140648,0.6126543209876543
Race: black,228,0.46533223711948735,0.7282377919320594,0.9689265536723164,0.8315151515151515,0.7151639344262295
Race: others,228,0.4707813141082,0.6368876080691642,0.9132231404958677,0.7504244482173175,0.6161879895561357
Race: white,228,0.5598414088344037,0.5536332179930796,0.5604203152364273,0.557006092254134,0.5418541854185418
Overall,229,0.5897169937316498,0.6247319513938527,0.7673397717295873,0.6887312844759653,0.5929933024214322
Gender: F,229,0.6513223734121026,0.6366120218579235,0.8048359240069085,0.7109077040427155,0.6236345580933466
Gender: M,229,0.5120392475171887,0.6116941529235382,0.7285714285714285,0.6650366748166259,0.5599571734475375
Age: Adult,229,0.5946116873260815,0.6308539944903582,0.7762711864406779,0.6960486322188449,0.5967741935483871
Age: Senior,229,0.4781294964028777,0.6311605723370429,0.794,0.7032772364924712,0.5694087403598972
Age: Young,229,0.6695361437108504,0.6093366093366094,0.7209302325581395,0.6604527296937417,0.6176911544227887
Race: black,229,0.5576116456945474,0.7586206896551724,0.9689119170984456,0.850967007963595,0.744140625
Race: others,229,0.4481050252312868,0.5780346820809249,0.8620689655172413,0.6920415224913494,0.5505050505050505
Race: white,229,0.5511036468330134,0.5357142857142857,0.5758157389635317,0.5550416281221091,0.5343659244917716
Overall,230,0.6089805772213847,0.6174043510877719,0.7515981735159817,0.6779242174629324,0.5950284826514759
Gender: F,230,0.6332298136645962,0.6369958275382476,0.8178571428571428,0.7161845191555903,0.6273100616016427
Gender: M,230,0.5749656730300748,0.5944625407166124,0.6822429906542056,0.6353350739773717,0.5621734587251829
Age: Adult,230,0.6129599595593657,0.5956112852664577,0.7883817427385892,0.6785714285714286,0.589041095890411
Age: Senior,230,0.5141394671752741,0.6493506493506493,0.7736943907156673,0.706090026478376,0.585820895522388
Age: Young,230,0.6748845090369572,0.585427135678392,0.6913946587537092,0.6340136054421769,0.6095791001451378
Race: black,230,0.46667595689334823,0.7428571428571429,0.9333333333333333,0.8272727272727273,0.7121212121212122
Race: others,230,0.5299943961894088,0.5798816568047337,0.9116279069767442,0.7088607594936709,0.5774278215223098
Race: white,230,0.5913226944913303,0.5207920792079208,0.536734693877551,0.528643216080402,0.541095890410959
Overall,231,0.5675447849805589,0.6370967741935484,0.7284157585917854,0.6797027766914353,0.5884422110552764
Gender: F,231,0.6234254807692308,0.6610878661087866,0.79,0.7198177676537585,0.6368110236220472
Gender: M,231,0.5033350595087923,0.6105100463678517,0.6661045531197302,0.6370967741935484,0.5379876796714579
Age: Adult,231,0.6162383399961927,0.5970588235294118,0.796078431372549,0.6823529411764706,0.5900216919739696
Age: Senior,231,0.4623485895712221,0.696875,0.7347611202635914,0.7153167602245389,0.5910138248847926
Age: Young,231,0.6354572919527602,0.5729166666666666,0.6646525679758308,0.6153846153846154,0.583963691376702
Race: black,231,0.4755098039215686,0.7395833333333334,0.9466666666666667,0.8304093567251462,0.7162426614481409
Race: others,231,0.49355050662240196,0.5594405594405595,0.8465608465608465,0.6736842105263158,0.5467836257309941
Race: white,231,0.5692825757670593,0.5919732441471572,0.5627980922098569,0.5770171149144254,0.5435356200527705
Overall,232,0.5931815222596657,0.6378539493293591,0.7424111014744146,0.6861723446893787,0.596183599793708
Gender: F,232,0.6251514791996814,0.6584362139917695,0.8013355592654424,0.7228915662650602,0.6294058408862034
Gender: M,232,0.5509144993737567,0.6133768352365416,0.6787003610108303,0.6443873179091688,0.5613107822410148
Age: Adult,232,0.5858365019011407,0.5693215339233039,0.7338403041825095,0.6411960132890365,0.5334773218142549
Age: Senior,232,0.5305233050703864,0.6873015873015873,0.7718360071301248,0.727120067170445,0.6055825242718447
Age: Young,232,0.6560785568426699,0.6166219839142091,0.6990881458966566,0.6552706552706553,0.6288343558282209
Race: black,232,0.5922789409027941,0.7785547785547785,0.9515669515669516,0.8564102564102564,0.7565217391304347
Race: others,232,0.48009343597578896,0.6253687315634219,0.8907563025210085,0.7348353552859619,0.5984251968503937
Race: white,232,0.5312508300794221,0.5400696864111498,0.549645390070922,0.5448154657293497,0.5282331511839709
Overall,233,0.592236835988183,0.6488983653162758,0.7678721614802355,0.7033898305084746,0.6120906801007556
Gender: F,233,0.6238168724279834,0.6475409836065574,0.8229166666666666,0.7247706422018348,0.6330275229357798
Gender: M,233,0.5588318737666,0.6503703703703704,0.7161500815660685,0.6816770186335404,0.5916334661354582
Age: Adult,233,0.6716777804239105,0.608433734939759,0.8178137651821862,0.697754749568221,0.6119733924611973
Age: Senior,233,0.47571926489226873,0.6995768688293371,0.8266666666666667,0.7578304048892284,0.6326767091541136
Age: Young,233,0.6259131872233777,0.587431693989071,0.6286549707602339,0.6073446327683616,0.5856929955290611
Race: black,233,0.397280393000937,0.792016806722689,0.9641943734015346,0.8696655132641292,0.7703252032520326
Race: others,233,0.49516170376383134,0.6016483516483516,0.8326996197718631,0.6985645933014354,0.5714285714285714
Race: white,233,0.5776568629223232,0.5590828924162258,0.5925233644859813,0.5753176043557169,0.5551330798479087
Overall,234,0.6190160602646518,0.6364296081277213,0.7652705061082025,0.6949286846275753,0.6022727272727273
Gender: F,234,0.6270634062849281,0.662303664921466,0.7820710973724884,0.7172218284904324,0.625703564727955
Gender: M,234,0.6062826461548434,0.6042345276872965,0.7434869739478958,0.6666666666666666,0.5735632183908046
Age: Adult,234,0.5417360388484218,0.6111111111111112,0.7096774193548387,0.6567164179104478,0.5362903225806451
Age: Senior,234,0.5615580569463792,0.6473988439306358,0.8517110266159695,0.735632183908046,0.6115802171290712
Age: Young,234,0.7189636694888007,0.6411042944785276,0.6741935483870968,0.6572327044025157,0.6432078559738135
Race: black,234,0.5185065479183126,0.7388392857142857,0.9430199430199431,0.8285356695869838,0.7085106382978723
Race: others,234,0.5795427482733985,0.6103542234332425,0.9068825910931174,0.7296416938110749,0.6019184652278178
Race: white,234,0.5949032591750805,0.5719360568383659,0.5875912408759124,0.5796579657965797,0.5548141086749285
Overall,235,0.6055037824268593,0.6398305084745762,0.742014742014742,0.6871444823663254,0.6006776379477251
Gender: F,235,0.6458506625950022,0.6524633821571239,0.831918505942275,0.7313432835820896,0.6525096525096525
Gender: M,235,0.5598622066026333,0.6255639097744361,0.6582278481012658,0.6414803392444102,0.5485436893203883
Age: Adult,235,0.6534889121096017,0.6767955801104972,0.8249158249158249,0.7435508345978755,0.662
Age: Senior,235,0.5200983252869295,0.6280864197530864,0.7413479052823315,0.6800334168755221,0.5536130536130536
Age: Young,235,0.6485125125125125,0.625615763546798,0.6773333333333333,0.6504481434058899,0.614406779661017
Race: black,235,0.5083201142131979,0.7086466165413534,0.9568527918781726,0.8142548596112311,0.6895306859205776
Race: others,235,0.5535714285714286,0.6890756302521008,0.8754448398576512,0.7711598746081505,0.6532066508313539
Race: white,235,0.5758308969318143,0.5370018975332068,0.5183150183150184,0.527493010251631,0.535288725939505
Overall,236,0.579687447480757,0.618909090909091,0.7544326241134752,0.6799840191769876,0.5938133874239351
Gender: F,236,0.6311670569867291,0.6368794326241135,0.8178506375227687,0.7161084529505582,0.6326109391124871
Gender: M,236,0.5265340372144557,0.6,0.694300518134715,0.6437149719775821,0.5563310069790628
Age: Adult,236,0.5871065025200364,0.6063492063492063,0.7732793522267206,0.6797153024911032,0.5936794582392777
Age: Senior,236,0.4963202229400216,0.6615620214395099,0.779783393501805,0.7158243579121789,0.5911799761620977
Age: Young,236,0.6401546743498371,0.5601965601965602,0.6972477064220184,0.6212534059945504,0.5971014492753624
Race: black,236,0.5047999821810407,0.7494553376906318,0.9347826086956522,0.8319226118500604,0.7163265306122449
Race: others,236,0.499540159411404,0.5922619047619048,0.8540772532188842,0.6994727592267135,0.57356608478803
Race: white,236,0.5430901020009727,0.5310344827586206,0.5844402277039848,0.5564588979223125,0.545790934320074
Overall,237,0.6035744455640032,0.6453135536075523,0.7889530090684254,0.7099406528189911,0.6134453781512605
Gender: F,237,0.606179775280899,0.6657963446475196,0.8186195826645265,0.734341252699784,0.6392961876832844
Gender: M,237,0.5932079371641175,0.6234309623430963,0.7576271186440678,0.6840091813312931,0.587
Age: Adult,237,0.5794444535380485,0.628099173553719,0.742671009771987,0.6805970149253732,0.5770750988142292
Age: Senior,237,0.5475168242610102,0.6662068965517242,0.8640429338103757,0.7523364485981309,0.6361556064073226
Age: Young,237,0.6664557208505335,0.6227848101265823,0.7089337175792507,0.6630727762803235,0.6111975116640747
Race: black,237,0.4883021600856477,0.7832764505119454,0.9683544303797469,0.8660377358490566,0.7664473684210527
Race: others,237,0.463876270819814,0.543046357615894,0.8159203980099502,0.6520874751491054,0.5165745856353591
Race: white,237,0.5977280109719565,0.561344537815126,0.620817843866171,0.589585172109444,0.5584045584045584
Overall,238,0.5843494872875403,0.6373467916366258,0.7857777777777778,0.7038216560509554,0.6116910229645094
Gender: F,238,0.5865945680434286,0.6412005457025921,0.8020477815699659,0.7126611068991661,0.6167846309403437
Gender: M,238,0.5751080657192587,0.6330275229357798,0.7680890538033395,0.694048616932104,0.6062567421790723
Age: Adult,238,0.5601196581196581,0.6214099216710183,0.7933333333333333,0.6969253294289898,0.5818181818181818
Age: Senior,238,0.5449874890807065,0.6736672051696284,0.845841784989858,0.75,0.6375488917861799
Age: Young,238,0.6146823318117189,0.5948051948051948,0.6897590361445783,0.6387726638772664,0.6039755351681957
Race: black,238,0.4826438193191849,0.7230142566191446,0.9673024523160763,0.8275058275058275,0.7092337917485265
Race: others,238,0.4817082331730769,0.6323119777158774,0.88671875,0.7382113821138211,0.6092233009708737
Race: white,238,0.5774266019087949,0.5623836126629422,0.601593625498008,0.5813282001924928,0.5628140703517588
Overall,239,0.5539720266081277,0.6285081240768094,0.7009884678747941,0.6627725856697819,0.5687250996015937
Gender: F,239,0.6296047971859904,0.6761133603238867,0.8093699515347335,0.736764705882353,0.6507317073170732
Gender: M,239,0.4607662652689942,0.5709624796084829,0.5882352941176471,0.5794701986754967,0.4832146490335707
Age: Adult,239,0.5871048109965635,0.6312997347480106,0.7933333333333333,0.7031019202363368,0.5931174089068826
Age: Senior,239,0.4956189065778107,0.6541471048513302,0.7531531531531531,0.7001675041876047,0.577331759149941
Age: Young,239,0.5920847954274138,0.5769230769230769,0.5431754874651811,0.5595408895265424,0.5397301349325337
Race: black,239,0.4226304414942883,0.7551440329218106,0.9291139240506329,0.8331441543700341,0.7162162162162162
Race: others,239,0.46786600496277914,0.6216216216216216,0.7961538461538461,0.6981450252951096,0.5686746987951807
Race: white,239,0.53449889753297,0.5177570093457944,0.49552772808586765,0.506398537477148,0.49767441860465117
Overall,240,0.5825584490247849,0.6418672501823487,0.7457627118644068,0.6899255194041553,0.5996963562753036
Gender: F,240,0.5949333481272489,0.6394101876675603,0.7976588628762542,0.7098214285714286,0.6176470588235294
Gender: M,240,0.5686044802175791,0.6448,0.6924398625429553,0.6677713338856669,0.5805439330543933
Age: Adult,240,0.5939696969696969,0.6182336182336182,0.7890909090909091,0.6932907348242812,0.578021978021978
Age: Senior,240,0.5142811175693347,0.6888888888888889,0.7992633517495396,0.7399829497016198,0.624384236453202
Age: Young,240,0.6239909564220548,0.5871794871794872,0.6325966850828729,0.6090425531914894,0.5853314527503526
Race: black,240,0.5295081967213114,0.7637969094922737,0.9351351351351351,0.8408262454434994,0.733739837398374
Race: others,240,0.47385902189265533,0.5490196078431373,0.8305084745762712,0.6610455311973018,0.530373831775701
Race: white,240,0.5851435655731779,0.6024955436720143,0.5888501742160279,0.5955947136563877,0.5653409090909091
Overall,241,0.5859899628035852,0.6053030303030303,0.727024567788899,0.6606035551880942,0.5770221535291087
Gender: F,241,0.6336330078590141,0.6165884194053208,0.7975708502024291,0.6954986760812003,0.6175166297117517
Gender: M,241,0.5384468903530487,0.5947136563876652,0.6694214876033058,0.6298600311041991,0.5418671799807507
Age: Adult,241,0.6151513086150491,0.5823529411764706,0.7557251908396947,0.6578073089700996,0.5761316872427984
Age: Senior,241,0.4851488048742384,0.627172195892575,0.7649325626204239,0.6892361111111112,0.5607361963190184
Age: Young,241,0.6612367670612134,0.5878962536023055,0.6415094339622641,0.6135338345864662,0.5984375
Race: black,241,0.500481537160575,0.7639198218262806,0.9346049046321526,0.8406862745098039,0.7308488612836439
Race: others,241,0.5167505749269689,0.5400696864111498,0.8333333333333334,0.6553911205073996,0.5459610027855153
Race: white,241,0.5473077254270743,0.5154109589041096,0.5512820512820513,0.5327433628318584,0.5195632393084623
Overall,242,0.5422277478534479,0.5971705137751303,0.7271078875793291,0.6557645134914145,0.5612298071912455
Gender: F,242,0.5902094650809964,0.6039603960396039,0.7679856115107914,0.6761678543151227,0.5897693079237714
Gender: M,242,0.4809067641681901,0.589622641509434,0.6855575868372943,0.6339814032121724,0.5303687635574837
Age: Adult,242,0.5792560444555224,0.5621761658031088,0.7667844522968198,0.648729446935725,0.5515267175572519
Age: Senior,242,0.4271357594528326,0.656084656084656,0.7380952380952381,0.6946778711484594,0.564
Age: Young,242,0.6110288176676542,0.5461538461538461,0.6740506329113924,0.603399433427762,0.5658914728682171
Race: black,242,0.4086595117845118,0.7235421166306696,0.9517045454545454,0.8220858895705522,0.702258726899384
Race: others,242,0.47114187047101447,0.5127388535031847,0.8385416666666666,0.6363636363636364,0.5106382978723404
Race: white,242,0.5458475360211358,0.5406360424028268,0.5474060822898033,0.544,0.5142045454545454
Overall,243,0.5701435800988214,0.6353297952994693,0.7156276686592656,0.6730923694779116,0.5808444902162719
Gender: F,243,0.5954653130287648,0.6574202496532594,0.79,0.7176381529144588,0.6247484909456741
Gender: M,243,0.5342342300491947,0.6086956521739131,0.637478108581436,0.6227544910179641,0.5348101265822784
Age: Adult,243,0.5909876931369027,0.6308724832214765,0.7430830039525692,0.6823956442831216,0.5920745920745921
Age: Senior,243,0.5212930474333983,0.6486042692939245,0.7314814814814815,0.6875543951261966,0.5648484848484848
Age: Young,243,0.6080218467315242,0.6189320388349514,0.6746031746031746,0.6455696202531646,0.5930232558139535
Race: black,243,0.44926400759734086,0.75,0.95,0.8382352941176471,0.7232704402515723
Race: others,243,0.4868965517241379,0.6161290322580645,0.8488888888888889,0.7140186915887851,0.5864864864864865
Race: white,243,0.537794108772471,0.5515370705244123,0.5204778156996587,0.5355575065847235,0.5168949771689497
Overall,244,0.5729454560681997,0.612565445026178,0.7391696750902527,0.6699386503067485,0.5812143227815257
Gender: F,244,0.6156445778216996,0.6246458923512748,0.8136531365313653,0.7067307692307693,0.6143308746048473
Gender: M,244,0.525603365467083,0.5990491283676703,0.6678445229681979,0.631578947368421,0.549079754601227
Age: Adult,244,0.5963912630579298,0.5919732441471572,0.7564102564102564,0.6641651031894934,0.5856481481481481
Age: Senior,244,0.509298789235095,0.6416791604197901,0.7711711711711712,0.7004909983633388,0.5788262370540852
Age: Young,244,0.6170443058009047,0.5768194070080862,0.670846394984326,0.6202898550724638,0.5814696485623003
Race: black,244,0.4919338422391858,0.6928746928746928,0.94,0.7977369165487977,0.6682134570765661
Race: others,244,0.4766389432485323,0.6416184971098265,0.8809523809523809,0.7424749163879598,0.6130653266331658
Race: white,244,0.5531703788260904,0.5393835616438356,0.5665467625899281,0.5526315789473685,0.5355191256830601
Overall,245,0.5766715460899325,0.6261061946902655,0.7395470383275261,0.6781150159744409,0.5955845459106874
Gender: F,245,0.5600768412863951,0.6629901960784313,0.7920937042459737,0.7218145430286858,0.625673249551167
Gender: M,245,0.5766401745363877,0.5703703703703704,0.6623655913978495,0.6129353233830845,0.5574516496018203
Age: Adult,245,0.49239971850809283,0.5771428571428572,0.7214285714285714,0.6412698412698413,0.5320910973084886
Age: Senior,245,0.5300836060998199,0.6602870813397129,0.7931034482758621,0.720626631853786,0.6104368932038835
Age: Young,245,0.6615436926215573,0.6147757255936676,0.6734104046242775,0.6427586206896552,0.6224489795918368
Race: black,245,0.4352575812933869,0.7910447761194029,0.948849104859335,0.8627906976744186,0.7620967741935484
Race: others,245,0.4964874700571218,0.5331412103746398,0.8564814814814815,0.6571936056838366,0.5371702637889688
Race: white,245,0.5662588006131708,0.5425925925925926,0.5415896487985212,0.5420906567992599,0.5416666666666666
Overall,246,0.6063234717431798,0.6190119760479041,0.7545620437956204,0.6800986842105263,0.593733681462141
Gender: F,246,0.6501749847202337,0.6412005457025921,0.8145580589254766,0.7175572519083969,0.6266397578203835
Gender: M,246,0.5526320797354838,0.5920398009950248,0.6878612716763006,0.6363636363636364,0.5584415584415584
Age: Adult,246,0.6090178571428572,0.5925925925925926,0.7619047619047619,0.6666666666666666,0.5752212389380531
Age: Senior,246,0.5244384206434259,0.6845528455284553,0.7696526508226691,0.7246127366609294,0.6039603960396039
Age: Young,246,0.6791612587701973,0.5390428211586902,0.7205387205387206,0.6167146974063401,0.5938931297709924
Race: black,246,0.5337895637296834,0.7264367816091954,0.9461077844311377,0.8218465539661899,0.7066381156316917
Race: others,246,0.5526753128258602,0.6394984326018809,0.9107142857142857,0.7513812154696132,0.6260387811634349
Race: white,246,0.5713971330096628,0.5274914089347079,0.570631970260223,0.5482142857142858,0.5344986200551978
Overall,247,0.5995079818370351,0.6505139500734214,0.7483108108108109,0.6959937156323645,0.6114457831325302
Gender: F,247,0.6189752526071216,0.6536231884057971,0.8082437275985663,0.7227564102564102,0.6380753138075314
Gender: M,247,0.5794046598612951,0.6473214285714286,0.694888178913738,0.6702619414483821,0.5868725868725869
Age: Adult,247,0.5633614521352716,0.6335227272727273,0.7852112676056338,0.7012578616352201,0.5966029723991507
Age: Senior,247,0.5043587871526543,0.6879756468797564,0.7700170357751278,0.7266881028938906,0.6046511627906976
Age: Young,247,0.6870799823730308,0.5977337110481586,0.6741214057507987,0.6336336336336337,0.6308623298033282
Race: black,247,0.42608142493638673,0.7700205338809035,0.9541984732824428,0.8522727272727273,0.746588693957115
Race: others,247,0.5349876847290641,0.591715976331361,0.8620689655172413,0.7017543859649122,0.5823095823095823
Race: white,247,0.5927041814434715,0.5791433891992551,0.556350626118068,0.5675182481751825,0.5578358208955224
Overall,248,0.5583793928837867,0.6387323943661972,0.741618969746525,0.6863412788497919,0.5900098911968348
Gender: F,248,0.5979878700317547,0.6533864541832669,0.7922705314009661,0.7161572052401747,0.6282173498570067
Gender: M,248,0.5047975750194769,0.6221889055472264,0.6893687707641196,0.6540583136327817,0.5488180883864338
Age: Adult,248,0.5332776676060259,0.5911764705882353,0.7027972027972028,0.6421725239616614,0.5400410677618069
Age: Senior,248,0.47379959172805547,0.6722222222222223,0.8161888701517707,0.7372429550647372,0.6070615034168565
Age: Young,248,0.6417406568095697,0.6166666666666667,0.6453488372093024,0.6306818181818182,0.604261796042618
Race: black,248,0.42199382784084644,0.765625,0.9289099526066351,0.8394004282655246,0.7277676950998185
Race: others,248,0.4829545454545454,0.6538461538461539,0.816,0.7259786476868327,0.5968586387434555
Race: white,248,0.5317452553316376,0.5218120805369127,0.5644283121597096,0.5422842197035745,0.5179063360881543
Overall,249,0.6039609607913015,0.6191165821868212,0.76544315129812,0.6845476381104884,0.5940236991241628
Gender: F,249,0.6350213166353023,0.66005291005291,0.837248322147651,0.7381656804733728,0.6456456456456456
Gender: M,249,0.5574881121176616,0.5696,0.6833013435700576,0.6212914485165794,0.5392781316348195
Age: Adult,249,0.6517481999740872,0.5770308123249299,0.789272030651341,0.6666666666666666,0.5598290598290598
Age: Senior,249,0.5329098336036523,0.648936170212766,0.7951582867783985,0.7146443514644352,0.5974025974025974
Age: Young,249,0.6556165950190437,0.6065573770491803,0.6959247648902821,0.6481751824817519,0.6150159744408946
Race: black,249,0.44530894530894527,0.7911646586345381,0.9680589680589681,0.8707182320441988,0.7728155339805826
Race: others,249,0.46131726489798275,0.5775075987841946,0.867579908675799,0.6934306569343066,0.5543766578249337
Race: white,249,0.5719875318456227,0.4891696750902527,0.5519348268839104,0.5186602870813397,0.5204957102001907
Overall,250,0.5767118200224307,0.6166902404526167,0.7737355811889973,0.6863439590712318,0.595020325203252
Gender: F,250,0.6283035658035657,0.637466307277628,0.8269230769230769,0.7199391171993912,0.6377952755905512
Gender: M,250,0.5139719064152314,0.59375,0.7189189189189189,0.6503667481662592,0.5493697478991597
Age: Adult,250,0.6057367829021372,0.5584045584045584,0.7716535433070866,0.6479338842975206,0.5670731707317073
Age: Senior,250,0.5100136949777002,0.6761768901569187,0.8272251308900523,0.7441130298273155,0.6213704994192799
Age: Young,250,0.6099576719576718,0.5580110497237569,0.6733333333333333,0.6102719033232629,0.5804878048780487
Race: black,250,0.4136991543956845,0.6987704918032787,0.9445983379501385,0.8032979976442874,0.6744639376218323
Race: others,250,0.4874614305750351,0.6077844311377245,0.8826086956521739,0.7198581560283688,0.5896103896103896
Race: white,250,0.5874821817876907,0.5540540540540541,0.6119402985074627,0.5815602836879432,0.5588785046728972
Overall,251,0.5703541806048754,0.6216987865810135,0.7620297462817148,0.684748427672956,0.5906074527820316
Gender: F,251,0.6005907576878267,0.6623376623376623,0.8010471204188482,0.7251184834123223,0.6274089935760171
Gender: M,251,0.5262984384037015,0.5819209039548022,0.7228070175438597,0.6447574334898278,0.5570731707317074
Age: Adult,251,0.5475039252069654,0.5497237569060773,0.8024193548387096,0.6524590163934426,0.5527426160337553
Age: Senior,251,0.5235331582915226,0.6904761904761905,0.8111888111888111,0.7459807073954984,0.6242568370986921
Age: Young,251,0.6147488016357552,0.5667574931880109,0.6439628482972136,0.6028985507246377,0.5745341614906833
Race: black,251,0.39209347434535635,0.7516198704103672,0.9482288828337875,0.8385542168674699,0.7237113402061855
Race: others,251,0.5182907537767936,0.6,0.8252788104089219,0.6948356807511737,0.5733041575492341
Race: white,251,0.5529083033607921,0.5299295774647887,0.5936883629191322,0.56,0.5349065880039331
Overall,252,0.5530626305854147,0.582942097026604,0.696913002806361,0.6348530038346826,0.5498949579831933
Gender: F,252,0.5903643565981228,0.6191904047976012,0.7662337662337663,0.6849087893864013,0.5983086680761099
Gender: M,252,0.5077080761770411,0.5433715220949263,0.6264150943396226,0.581945661700263,0.5020876826722338
Age: Adult,252,0.5417333710016636,0.5792349726775956,0.7386759581881533,0.6493108728943339,0.550098231827112
Age: Senior,252,0.509631641306229,0.6197654941373534,0.7240704500978473,0.6678700361010831,0.5428571428571428
Age: Young,252,0.5841710141239342,0.5174603174603175,0.6014760147601476,0.5563139931740614,0.559322033898305
Race: black,252,0.46933347807207987,0.7024070021881839,0.9756838905775076,0.816793893129771,0.6929637526652452
Race: others,252,0.5232054270515808,0.5389830508474577,0.803030303030303,0.6450304259634888,0.5231607629427792
Race: white,252,0.5159650218175185,0.5038022813688213,0.488929889298893,0.49625468164794007,0.49625468164794007
Overall,253,0.5634842892390356,0.6214285714285714,0.7317073170731707,0.6720741599073001,0.5823905558288244
Gender: F,253,0.5839373155624736,0.5969101123595506,0.7855822550831792,0.6783719074221868,0.5957873620862588
Gender: M,253,0.550589840269823,0.6468023255813954,0.6867283950617284,0.6661676646706587,0.5694980694980695
Age: Adult,253,0.5908206049715483,0.6214833759590793,0.7641509433962265,0.685472496473907,0.5938069216757741
Age: Senior,253,0.5178908889046371,0.6450151057401813,0.7791970802919708,0.7057851239669422,0.5845974329054843
Age: Young,253,0.582537273912335,0.5763688760806917,0.6191950464396285,0.5970149253731343,0.569377990430622
Race: black,253,0.4606212215968314,0.746268656716418,0.948509485094851,0.8353221957040573,0.7234468937875751
Race: others,253,0.4765113636363636,0.5653409090909091,0.796,0.6611295681063123,0.5211267605633803
Race: white,253,0.5517299289114981,0.5544041450777202,0.5631578947368421,0.5587467362924282,0.5424187725631769
Overall,254,0.5973347803099868,0.6030368763557483,0.7658402203856749,0.6747572815533981,0.5799373040752351
Gender: F,254,0.6503328479301019,0.6420911528150134,0.8330434782608696,0.7252081756245269,0.6344410876132931
Gender: M,254,0.5255284467346724,0.5572998430141287,0.6906614785992218,0.6168549087749783,0.5211726384364821
Age: Adult,254,0.5809861932938857,0.5816023738872403,0.7538461538461538,0.6566164154103853,0.5494505494505495
Age: Senior,254,0.5346237923982794,0.6110260336906586,0.8159509202453987,0.6987740805604203,0.5742574257425742
Age: Young,254,0.6629799508227728,0.6081424936386769,0.7029411764705882,0.6521145975443383,0.6082949308755761
Race: black,254,0.5293714178333176,0.7237687366167024,0.9209809264305178,0.8105515587529976,0.69140625
Race: others,254,0.543610195942431,0.5945945945945946,0.9041095890410958,0.717391304347826,0.5862068965517241
Race: white,254,0.5595602629434123,0.5111492281303602,0.5924453280318092,0.5488029465930019,0.5219512195121951
Overall,255,0.5584748923394821,0.632398753894081,0.7129060579455663,0.6702434997936443,0.5788086452293094
Gender: F,255,0.5973373714429933,0.6470588235294118,0.8057921635434412,0.7177541729893778,0.625
Gender: M,255,0.5128428172599253,0.6130198915009042,0.6141304347826086,0.6135746606334842,0.5281767955801105
Age: Adult,255,0.525418769658401,0.6187845303867403,0.7619047619047619,0.6829268292682927,0.5666666666666667
Age: Senior,255,0.5417126821076838,0.6684118673647469,0.7706237424547284,0.7158878504672898,0.601572739187418
Age: Young,255,0.584197280444745,0.5873925501432665,0.5890804597701149,0.5882352941176471,0.5611620795107034
Race: black,255,0.42133410260962184,0.7186813186813187,0.9505813953488372,0.818523153942428,0.6947368421052632
Race: others,255,0.5254204552207762,0.6463022508038585,0.8481012658227848,0.7335766423357665,0.6147757255936676
Race: white,255,0.5269944204264124,0.5482625482625483,0.5089605734767025,0.5278810408921933,0.5129434324065196
Overall,256,0.6199068227370114,0.627007299270073,0.7717879604672058,0.6919049536850584,0.6118721461187214
Gender: F,256,0.6807642231515821,0.6595744680851063,0.8551724137931035,0.7447447447447447,0.6656833824975418
Gender: M,256,0.5467416541514218,0.587378640776699,0.6810506566604128,0.630755864465682,0.5545073375262054
Age: Adult,256,0.6243214692020154,0.626984126984127,0.8088737201365188,0.706408345752608,0.6083499005964215
Age: Senior,256,0.5673877165265475,0.6560402684563759,0.8162839248434238,0.7274418604651163,0.6219354838709678
Age: Young,256,0.6582453012529992,0.5833333333333334,0.6774193548387096,0.6268656716417911,0.6031746031746031
Race: black,256,0.511339305221761,0.7780040733197556,0.9597989949748744,0.859392575928009,0.7563352826510721
Race: others,256,0.48160660660660665,0.5967213114754099,0.8088888888888889,0.6867924528301886,0.5549597855227882
Race: white,256,0.5905539358600583,0.5139372822299652,0.6020408163265306,0.5545112781954887,0.5631336405529954
Overall,257,0.5965025246932718,0.6146230007616146,0.7542056074766356,0.6772975241292488,0.5982236154649948
Gender: F,257,0.6430008139331723,0.647226173541963,0.8318098720292505,0.728,0.6516393442622951
Gender: M,257,0.539061024211569,0.5770491803278689,0.6730401529636711,0.6213592233009708,0.5426439232409381
Age: Adult,257,0.5393897066723972,0.5517241379310345,0.775330396475771,0.6446886446886447,0.5509259259259259
Age: Senior,257,0.518974025974026,0.629746835443038,0.796,0.7031802120141343,0.5841584158415841
Age: Young,257,0.6954585891326751,0.643646408839779,0.6793002915451894,0.6609929078014184,0.6454005934718101
Race: black,257,0.49928289288065464,0.7252252252252253,0.9387755102040817,0.818297331639136,0.6937901498929336
Race: others,257,0.45339934667211107,0.6144927536231884,0.8548387096774194,0.715008431703204,0.583743842364532
Race: white,257,0.5785889939746952,0.5209923664122137,0.569937369519833,0.5443668993020937,0.5609990393852066
Overall,258,0.5517508138345767,0.6005809731299927,0.70926243567753,0.6504128981517893,0.5572709163346613
Gender: F,258,0.603763508949679,0.6192528735632183,0.7696428571428572,0.6863057324840764,0.5991861648016277
Gender: M,258,0.4939959986452106,0.5814977973568282,0.6534653465346535,0.6153846153846154,0.5170731707317073
Age: Adult,258,0.5449127288207748,0.48179271708683474,0.7413793103448276,0.5840407470288624,0.4842105263157895
Age: Senior,258,0.46489498672245916,0.6666666666666666,0.7408637873754153,0.7018095987411487,0.574635241301908
Age: Young,258,0.6484696851923824,0.5954415954415955,0.6295180722891566,0.6120058565153733,0.5872274143302181
Race: black,258,0.43198706619537275,0.7520161290322581,0.9588688946015425,0.8429378531073446,0.7311411992263056
Race: others,258,0.49183340635801565,0.5825825825825826,0.7886178861788617,0.6701208981001727,0.5375302663438256
Race: white,258,0.5087293472011347,0.4744525547445255,0.4896421845574388,0.4819277108433735,0.48144712430426717
Overall,259,0.5633836933504611,0.5982339955849889,0.7520814061054579,0.6663934426229509,0.5771428571428572
Gender: F,259,0.5803394041495965,0.6148648648648649,0.8110516934046346,0.6994619523443505,0.6010204081632653
Gender: M,259,0.5402805429864254,0.5783521809369951,0.6884615384615385,0.6286215978928885,0.5523809523809524
Age: Adult,259,0.5474276839448651,0.5798816568047337,0.7686274509803922,0.6610455311973018,0.5601750547045952
Age: Senior,259,0.5216547116914606,0.6666666666666666,0.8138686131386861,0.7329498767460969,0.6117084826762246
Age: Young,259,0.5941671591904947,0.48579545454545453,0.6151079136690647,0.5428571428571428,0.5435816164817749
Race: black,259,0.49510609019886365,0.740174672489083,0.9630681818181818,0.837037037037037,0.725
Race: others,259,0.4574331656308572,0.5250737463126843,0.8165137614678899,0.6391382405745063,0.5024752475247525
Race: white,259,0.5445482405937303,0.5266903914590747,0.5792563600782779,0.5517241379310345,0.5379442843419788
Overall,260,0.5745926484738152,0.6305533904910366,0.6980155306298533,0.6625716625716626,0.5715028601144045
Gender: F,260,0.6045163396026274,0.6648199445983379,0.7559055118110236,0.707442888725129,0.6111655239960823
Gender: M,260,0.5335660769821076,0.5864527629233511,0.6278625954198473,0.6064516129032258,0.5266075388026608
Age: Adult,260,0.5597219314772173,0.5866261398176292,0.6868327402135231,0.6327868852459017,0.5381443298969072
Age: Senior,260,0.5241928046214084,0.6528028933092225,0.7536534446764092,0.6996124031007752,0.5741758241758241
Age: Young,260,0.6241165615002137,0.6359102244389028,0.6390977443609023,0.6375,0.5915492957746479
Race: black,260,0.46483018867924525,0.7644444444444445,0.9173333333333333,0.833939393939394,0.7151767151767152
Race: others,260,0.5138101146165662,0.5824915824915825,0.7972350230414746,0.6731517509727627,0.5495978552278821
Race: white,260,0.5407259849490925,0.5447761194029851,0.5149911816578483,0.5294650951949229,0.5144995322731525
Overall,261,0.5699214365881033,0.629043358568479,0.7522633744855967,0.6851574212893553,0.5860029571217349
Gender: F,261,0.6105843071786311,0.6400523560209425,0.8163606010016694,0.7175348495964784,0.6146146146146146
Gender: M,261,0.5270170650605434,0.6168359941944848,0.689935064935065,0.6513409961685823,0.558252427184466
Age: Adult,261,0.5049749871257264,0.5870786516853933,0.7572463768115942,0.6613924050632911,0.547568710359408
Age: Senior,261,0.5219316660236479,0.6915351506456241,0.7602523659305994,0.724267468069121,0.5975877192982456
Age: Young,261,0.6478166255621645,0.5575,0.7311475409836066,0.6326241134751773,0.5978260869565217
Race: black,261,0.4442099008662477,0.7279411764705882,0.9473684210526315,0.8232848232848233,0.702276707530648
Race: others,261,0.5846906398730831,0.6482558139534884,0.9139344262295082,0.7585034013605442,0.6441102756892231
Race: white,261,0.5287186671336369,0.5221238938053098,0.5334538878842676,0.5277280858676208,0.5014164305949008
Overall,262,0.5989733278496245,0.6098654708520179,0.7377938517179023,0.6677577741407529,0.5807950438822922
Gender: F,262,0.6589018302828618,0.6621803499327052,0.8186356073211315,0.7321428571428571,0.6439169139465876
Gender: M,262,0.5160320782672091,0.5445378151260504,0.6415841584158416,0.5890909090909091,0.5118790496760259
Age: Adult,262,0.5655977663084863,0.5584795321637427,0.720754716981132,0.6293245469522241,0.5389344262295082
Age: Senior,262,0.4941750919117647,0.6262135922330098,0.80625,0.7049180327868853,0.5691489361702128
Age: Young,262,0.6823349492151431,0.6296296296296297,0.6592797783933518,0.6441136671177267,0.6226685796269728
Race: black,262,0.5253311359335897,0.7561475409836066,0.9534883720930233,0.8434285714285714,0.7334630350194552
Race: others,262,0.4449493670886076,0.5931232091690545,0.828,0.6911519198664441,0.5465686274509803
Race: white,262,0.5672012777556487,0.47904191616766467,0.511727078891258,0.4948453608247423,0.5172413793103449
Overall,263,0.5793825649394806,0.6192626034612491,0.7315555555555555,0.6707416462917686,0.583934088568486
Gender: F,263,0.5987574206263369,0.6425648021828103,0.7810945273631841,0.7050898203592815,0.6125860373647984
Gender: M,263,0.5491619368148846,0.5906040268456376,0.6743295019157088,0.629695885509839,0.5524324324324325
Age: Adult,263,0.5548922113449064,0.5597667638483965,0.7300380228136882,0.6336633663366337,0.5413223140495868
Age: Senior,263,0.5180301069409441,0.666131621187801,0.7830188679245284,0.7198612315698178,0.5997521685254027
Age: Young,263,0.6397156022207955,0.5950413223140496,0.6506024096385542,0.6215827338129496,0.5960061443932412
Race: black,263,0.5576027557464543,0.74235807860262,0.947075208913649,0.8323133414932681,0.7204081632653061
Race: others,263,0.5201977926587301,0.5457627118644067,0.8385416666666666,0.6611909650924025,0.5416666666666666
Race: white,263,0.5341789649280939,0.5590277777777778,0.5609756097560976,0.56,0.5366300366300366
Overall,264,0.5358984438984439,0.6073850791258478,0.7164444444444444,0.6574225122349103,0.5667870036101083
Gender: F,264,0.5767653190717911,0.637956204379562,0.7803571428571429,0.702008032128514,0.6111111111111112
Gender: M,264,0.48970501474926253,0.5747663551401869,0.6530973451327433,0.6114333057166529,0.5238578680203045
Age: Adult,264,0.5236022896573355,0.5229357798165137,0.7307692307692307,0.6096256684491979,0.5154867256637168
Age: Senior,264,0.4554288141436029,0.6590214067278287,0.7534965034965035,0.7030995106035889,0.5747663551401869
Age: Young,264,0.6143547544409613,0.5895953757225434,0.6394984326018809,0.6135338345864662,0.5927099841521395
Race: black,264,0.41699097135740976,0.6939203354297694,0.9403409090909091,0.7985524728588661,0.6646586345381527
Race: others,264,0.43527897476075883,0.5588235294117647,0.7990654205607477,0.6576923076923077,0.5328083989501312
Race: white,264,0.5436550869638184,0.5588235294117647,0.5438282647584973,0.5512239347234814,0.5330188679245284
Overall,265,0.6007430173622345,0.6251885369532428,0.7375444839857651,0.676734693877551,0.5936377629553617
Gender: F,265,0.6534331272372274,0.6649282920469362,0.8095238095238095,0.7301360057265569,0.64733395696913
Gender: M,265,0.526625201904722,0.5706618962432916,0.645748987854251,0.6058879392212726,0.5284090909090909
Age: Adult,265,0.5930091594827587,0.5820433436532507,0.734375,0.6493955094991365,0.5577342047930284
Age: Senior,265,0.5087815624470429,0.6618819776714514,0.7904761904761904,0.7204861111111112,0.6004962779156328
Age: Young,265,0.6794627360789309,0.601063829787234,0.6588921282798834,0.6286509040333796,0.6096491228070176
Race: black,265,0.4952926950400553,0.7366167023554604,0.958217270194986,0.8329297820823245,0.7172131147540983
Race: others,265,0.4893660636498744,0.6140350877192983,0.8502024291497976,0.7130730050933786,0.582716049382716
Race: white,265,0.5807742819824604,0.5319148936170213,0.5308880308880309,0.5314009661835749,0.540719696969697
Overall,266,0.5680937069969302,0.6106194690265486,0.7340425531914894,0.6666666666666666,0.5714285714285714
Gender: F,266,0.5976735862562634,0.6675427069645203,0.8,0.7277936962750716,0.6233894945490585
Gender: M,266,0.5176046039907543,0.5378151260504201,0.6490872210953347,0.5882352941176471,0.514626218851571
Age: Adult,266,0.5357053347654852,0.5325779036827195,0.7673469387755102,0.6287625418060201,0.5306553911205074
Age: Senior,266,0.5217067365734194,0.6709886547811994,0.7568555758683729,0.711340206185567,0.5862068965517241
Age: Young,266,0.6350147374062164,0.5854922279792746,0.6726190476190477,0.6260387811634349,0.5826893353941267
Race: black,266,0.5540058479532165,0.7025862068965517,0.9532163742690059,0.8089330024813896,0.6869918699186992
Race: others,266,0.4936183243508084,0.6306818181818182,0.8538461538461538,0.7254901960784313,0.5971223021582733
Race: white,266,0.5327057401442876,0.5185185185185185,0.532319391634981,0.525328330206379,0.5053763440860215
Overall,267,0.5609369760505463,0.6266952177016417,0.7825311942959001,0.6959968291716211,0.6025906735751295
Gender: F,267,0.5828379587412468,0.5868102288021534,0.8195488721804511,0.683921568627451,0.5841073271413829
Gender: M,267,0.557426104436018,0.6717325227963525,0.7491525423728813,0.7083333333333334,0.6212278876170656
Age: Adult,267,0.5438727039204094,0.6151761517615176,0.8376383763837638,0.709375,0.588495575221239
Age: Senior,267,0.49625888514777405,0.6619718309859155,0.8245614035087719,0.734375,0.6222222222222222
Age: Young,267,0.6210328133405058,0.5801526717557252,0.6745562130177515,0.6238030095759234,0.5883233532934131
Race: black,267,0.37830823382641243,0.7393162393162394,0.9558011049723757,0.8337349397590361,0.7160493827160493
Race: others,267,0.5350788594514801,0.5438066465256798,0.8530805687203792,0.6642066420664207,0.5380710659898477
Race: white,267,0.5575697421186769,0.584717607973422,0.6411657559198543,0.6116420503909644,0.5742857142857143
Overall,268,0.5528621706203571,0.6312106368089573,0.7387387387387387,0.6807547169811321,0.5801488833746898
Gender: F,268,0.5771441505706759,0.6184971098265896,0.7867647058823529,0.6925566343042071,0.5983086680761099
Gender: M,268,0.5349399360926055,0.6431478968792401,0.7001477104874446,0.6704384724186704,0.5640785781103835
Age: Adult,268,0.6206949217258495,0.6283185840707964,0.7888888888888889,0.6995073891625616,0.6056034482758621
Age: Senior,268,0.49068865916691995,0.669889502762431,0.7873376623376623,0.7238805970149254,0.5956284153005464
Age: Young,268,0.5724797937224178,0.5573770491803278,0.608955223880597,0.5820256776034237,0.539308176100629
Race: black,268,0.39045284364414334,0.7327935222672065,0.9164556962025316,0.8143982002249719,0.6927374301675978
Race: others,268,0.5264214046822742,0.6629213483146067,0.9076923076923077,0.7662337662337663,0.6381909547738693
Race: white,268,0.5325531753997607,0.5250431778929189,0.5371024734982333,0.5310043668122271,0.5027777777777778
Overall,269,0.5798189151514357,0.5965177895533686,0.7282809611829945,0.6558468580940491,0.571058091286307
Gender: F,269,0.585881960756952,0.6189151599443672,0.7555178268251274,0.6804281345565749,0.5929892891918208
Gender: M,269,0.5631413315833431,0.5697674418604651,0.6957403651115619,0.6264840182648402,0.5460599334073252
Age: Adult,269,0.5889556836248013,0.6051873198847262,0.7720588235294118,0.678513731825525,0.597165991902834
Age: Senior,269,0.5312901631240732,0.6235679214402619,0.7775510204081633,0.6920980926430518,0.5648267008985879
Age: Young,269,0.5991744402985074,0.5426997245179064,0.615625,0.5768667642752562,0.5587786259541985
Race: black,269,0.5147269730504955,0.7280898876404495,0.9501466275659824,0.8244274809160306,0.7112970711297071
Race: others,269,0.5007075181493785,0.5130718954248366,0.8306878306878307,0.6343434343434343,0.4986149584487535
Race: white,269,0.5628727768331849,0.5385964912280702,0.5561594202898551,0.5472370766488414,0.5335169880624426
Overall,270,0.5753103239479261,0.5957446808510638,0.737511353315168,0.6590909090909091,0.5685670261941448
Gender: F,270,0.6262748392752776,0.6262626262626263,0.8406779661016949,0.7178002894356006,0.6299810246679317
Gender: M,270,0.504820647329433,0.553415061295972,0.6183953033268101,0.5841035120147874,0.49608062709966405
Age: Adult,270,0.5682499775523031,0.5646067415730337,0.7760617760617761,0.6536585365853659,0.5506329113924051
Age: Senior,270,0.5115772846355371,0.6661073825503355,0.7708737864077669,0.7146714671467147,0.5867014341590613
Age: Young,270,0.6067592973622845,0.5206812652068127,0.654434250764526,0.5799457994579946,0.5609065155807366
Race: black,270,0.47107408466819223,0.7734204793028322,0.9646739130434783,0.8585247883917775,0.7572614107883817
Race: others,270,0.47685894850073957,0.49848024316109424,0.8159203980099502,0.6188679245283019,0.47668393782383417
Race: white,270,0.543171227886902,0.5095652173913043,0.5507518796992481,0.5293586269196026,0.5171455050973123
Overall,271,0.5885501164041048,0.6073752711496746,0.7629427792915532,0.6763285024154589,0.5920852359208524
Gender: F,271,0.6062309944358178,0.6122733612273361,0.7952898550724637,0.6918833727344366,0.609
Gender: M,271,0.5668276659846856,0.6021021021021021,0.7304189435336976,0.660082304526749,0.5746652935118435
Age: Adult,271,0.5759208087026478,0.5762195121951219,0.7470355731225297,0.6506024096385542,0.5762004175365344
Age: Senior,271,0.479850924744898,0.6319875776397516,0.794921875,0.7041522491349481,0.575682382133995
Age: Young,271,0.675671768707483,0.5936739659367397,0.7261904761904762,0.6532797858099063,0.6224489795918368
Race: black,271,0.48635094451463956,0.7445652173913043,0.9809069212410502,0.8465499485066942,0.7395104895104895
Race: others,271,0.4559703278296243,0.5475409836065573,0.8391959798994975,0.6626984126984127,0.5367847411444142
Race: white,271,0.5644461792002775,0.49809885931558934,0.5424430641821946,0.5193260654112983,0.5300387596899225
Overall,272,0.5257153071072506,0.599713055954089,0.7411347517730497,0.6629659000793021,0.5593571798859512
Gender: F,272,0.5547680167933332,0.5883940620782726,0.7884267631103075,0.6738794435857806,0.570264765784114
Gender: M,272,0.5013183730715287,0.6125574272588055,0.6956521739130435,0.6514657980456026,0.5480464625131996
Age: Adult,272,0.5176624836111632,0.6101190476190477,0.7295373665480427,0.6645056726094003,0.5605095541401274
Age: Senior,272,0.4587778887778888,0.6351145038167939,0.7923809523809524,0.7050847457627119,0.5709001233045623
Age: Young,272,0.5853177257525083,0.533498759305211,0.6677018633540373,0.593103448275862,0.5440494590417311
Race: black,272,0.4214434386150391,0.6863905325443787,0.925531914893617,0.7882219705549264,0.6517690875232774
Race: others,272,0.4620667016806722,0.6022727272727273,0.8907563025210085,0.7186440677966102,0.5829145728643216
Race: white,272,0.5110651750972762,0.5158878504672897,0.5369649805447471,0.5262154432793136,0.5
Overall,273,0.5930649899846541,0.649895178197065,0.7629204265791633,0.7018867924528301,0.605
Gender: F,273,0.6131210116274518,0.6644649933949802,0.8073836276083467,0.7289855072463768,0.6379477250726041
Gender: M,273,0.5672316792995532,0.6335311572700296,0.7164429530201343,0.6724409448818898,0.5698035160289555
Age: Adult,273,0.5744101830167405,0.5795795795795796,0.7909836065573771,0.6689774696707106,0.558891454965358
Age: Senior,273,0.5444892989875689,0.6923076923076923,0.8096885813148789,0.7464114832535885,0.625
Age: Young,273,0.6435181563590282,0.6374407582938388,0.6775818639798489,0.6568986568986569,0.6091794158553546
Race: black,273,0.49648904185457715,0.7365145228215768,0.9268929503916449,0.8208092485549133,0.6990291262135923
Race: others,273,0.5324409298780489,0.6275659824046921,0.8359375,0.7169179229480737,0.5976190476190476
Race: white,273,0.58709562744401,0.59375,0.6224137931034482,0.6077441077441077,0.5624413145539906
Overall,274,0.5715633686634559,0.620199146514936,0.759581881533101,0.682850430696946,0.5865237366003063
Gender: F,274,0.5829007194244604,0.6508951406649617,0.8144,0.7235252309879175,0.6266794625719769
Gender: M,274,0.5485072453921636,0.5817307692307693,0.6940726577437859,0.6329555361813426,0.5408942202835333
Age: Adult,274,0.5591133004926109,0.5545454545454546,0.782051282051282,0.648936170212766,0.5469107551487414
Age: Senior,274,0.515716056463101,0.6705539358600583,0.8027923211169284,0.7307386814932486,0.6039719626168224
Age: Young,274,0.6369050304534176,0.5871794871794872,0.6715542521994134,0.6265389876880985,0.5900900900900901
Race: black,274,0.4872546346782988,0.7158836689038032,0.9523809523809523,0.8173690932311622,0.6937901498929336
Race: others,274,0.42116182572614114,0.608955223880597,0.8464730290456431,0.7083333333333334,0.5703324808184144
Race: white,274,0.5849271387502892,0.5576923076923077,0.6094570928196147,0.5824267782426779,0.5467756584922797
Overall,275,0.5858838970490274,0.6098484848484849,0.7239208633093526,0.6620065789473685,0.5840080971659919
Gender: F,275,0.6353978506048967,0.6300417246175244,0.7770154373927959,0.695852534562212,0.6173913043478261
Gender: M,275,0.5224594857488943,0.5856905158069884,0.665406427221172,0.6230088495575221,0.5472901168969182
Age: Adult,275,0.5451437142920168,0.5,0.7198067632850241,0.5900990099009901,0.5140845070422535
Age: Senior,275,0.5123271667389314,0.6591928251121076,0.786096256684492,0.7170731707317073,0.5939323220536756
Age: Young,275,0.6545487106017193,0.6090651558073654,0.625,0.6169296987087518,0.6147186147186147
Race: black,275,0.5055938037865748,0.7303102625298329,0.9216867469879518,0.8149134487350199,0.6965065502183406
Race: others,275,0.5277050091291577,0.5816993464052288,0.8054298642533937,0.6755218216318786,0.5637755102040817
Race: white,275,0.5668774234665709,0.5394957983193277,0.5742397137745975,0.5563258232235702,0.5452930728241563
Overall,276,0.6160961538461538,0.6521116678596993,0.7786324786324786,0.7097779509154655,0.6218274111675127
Gender: F,276,0.6460801769289729,0.6644736842105263,0.8305921052631579,0.7383040935672515,0.6490196078431373
Gender: M,276,0.5811855670103093,0.6373626373626373,0.7224199288256228,0.677231025854879,0.5926315789473684
Age: Adult,276,0.5946616916884567,0.660759493670886,0.7744807121661721,0.7131147540983607,0.6103896103896104
Age: Senior,276,0.5556677063899255,0.6834645669291338,0.84765625,0.7567567567567568,0.6423076923076924
Age: Young,276,0.6656754460492779,0.5885558583106267,0.6728971962616822,0.627906976744186,0.6067588325652842
Race: black,276,0.49422006275938857,0.8034351145038168,0.946067415730337,0.868937048503612,0.7715827338129496
Race: others,276,0.5068815748653298,0.6038338658146964,0.8475336322869955,0.7052238805970149,0.5863874345549738
Race: white,276,0.5773528527399834,0.5375,0.599601593625498,0.5668549905838042,0.5542635658914729
Overall,277,0.5806948200540879,0.5791044776119403,0.7425837320574162,0.6507337526205451,0.5659197498697238
Gender: F,277,0.5964802159261205,0.580952380952381,0.7806215722120659,0.6661466458658346,0.577492596248766
Gender: M,277,0.5629798606189463,0.5768595041322314,0.7008032128514057,0.6328195829555757,0.5529801324503312
Age: Adult,277,0.5662822522164261,0.46885245901639344,0.7258883248730964,0.5697211155378487,0.4782608695652174
Age: Senior,277,0.5228442769545222,0.6431852986217458,0.8155339805825242,0.7191780821917808,0.5995115995115995
Age: Young,277,0.6400479799913228,0.5575916230366492,0.6396396396396397,0.5958041958041959,0.5787172011661808
Race: black,277,0.5455993051534452,0.6591928251121076,0.9545454545454546,0.7798408488063661,0.6430107526881721
Race: others,277,0.5479062357760582,0.6142433234421365,0.8846153846153846,0.7250437828371279,0.6104218362282878
Race: white,277,0.5480783184107036,0.49371633752244165,0.5467196819085487,0.5188679245283019,0.5147478591817317
Overall,278,0.6318237113167648,0.6408345752608048,0.7782805429864253,0.7029015120555783,0.6175697001578117
Gender: F,278,0.6991045321637427,0.6858288770053476,0.84375,0.7566371681415929,0.6854146806482364
Gender: M,278,0.535486156374869,0.5841750841750841,0.6981891348088531,0.6361136571952337,0.534037558685446
Age: Adult,278,0.5889881671093938,0.5792682926829268,0.7723577235772358,0.662020905923345,0.5669642857142857
Age: Senior,278,0.5590508903680946,0.6650717703349283,0.8273809523809523,0.7374005305039788,0.6206896551724138
Age: Young,278,0.7209657947686116,0.6537467700258398,0.7126760563380282,0.6819407008086253,0.6477611940298508
Race: black,278,0.5441603642739382,0.7847826086956522,0.9730458221024259,0.8688327316486161,0.770042194092827
Race: others,278,0.5182812255336917,0.6029411764705882,0.8613445378151261,0.7093425605536332,0.5789473684210527
Race: white,278,0.5971626394615571,0.5424354243542435,0.592741935483871,0.5664739884393064,0.5622568093385214
Overall,279,0.5906168288864986,0.6295754026354319,0.7624113475177305,0.6896551724137931,0.6008251676121712
Gender: F,279,0.6097566811535567,0.6515151515151515,0.8169257340241797,0.724904214559387,0.632172131147541
Gender: M,279,0.5663261265542092,0.6046875,0.7049180327868853,0.6509671993271657,0.569055036344756
Age: Adult,279,0.571940781864446,0.5880681818181818,0.7900763358778626,0.6742671009771987,0.5652173913043478
Age: Senior,279,0.5340507577795713,0.6451612903225806,0.8286252354048964,0.7254740313272877,0.6063829787234043
Age: Young,279,0.6598066713412801,0.641566265060241,0.6358208955223881,0.638680659670165,0.6192733017377567
Race: black,279,0.47647406531697944,0.7711442786069652,0.9253731343283582,0.841248303934871,0.731651376146789
Race: others,279,0.4808104204024706,0.5994236311239193,0.8702928870292888,0.7098976109215017,0.5823095823095823
Race: white,279,0.5783566680432148,0.5542949756888168,0.6173285198555957,0.5841161400512382,0.5556569343065694
Overall,280,0.5481931571573164,0.5844748858447488,0.7026532479414456,0.6381387619443291,0.5465903175429464
Gender: F,280,0.5862673926194798,0.6011477761836442,0.7350877192982456,0.6614048934490924,0.573134328358209
Gender: M,280,0.49924588520913304,0.5656401944894651,0.6673040152963671,0.612280701754386,0.517467248908297
Age: Adult,280,0.554170077880639,0.5273311897106109,0.6919831223628692,0.5985401459854015,0.4977168949771689
Age: Senior,280,0.47623038967611336,0.6273291925465838,0.7769230769230769,0.6941580756013745,0.5679611650485437
Age: Young,280,0.6068387881468377,0.5571030640668524,0.5952380952380952,0.5755395683453237,0.5523520485584219
Race: black,280,0.3979965753424657,0.72265625,0.925,0.8114035087719298,0.684981684981685
Race: others,280,0.5045410156250001,0.5178571428571429,0.7552083333333334,0.614406779661017,0.48295454545454547
Race: white,280,0.5273189253676556,0.4846743295019157,0.5049900199600799,0.4946236559139785,0.4946236559139785
Overall,281,0.5561035402775117,0.6131868131868132,0.7367957746478874,0.6693322670931627,0.5748071979434447
Gender: F,281,0.6015300078138786,0.6396148555708391,0.7989690721649485,0.7104660045836516,0.6175580221997982
Gender: M,281,0.4986507220216606,0.5830721003134797,0.6714801444043321,0.6241610738255033,0.5303983228511531
Age: Adult,281,0.6070988035031455,0.5705705705705706,0.7851239669421488,0.6608695652173913,0.5598194130925508
Age: Senior,281,0.47161083604105425,0.6645865834633385,0.7717391304347826,0.7141659681475272,0.5906362545018007
Age: Young,281,0.610234812311104,0.5652173913043478,0.6461988304093568,0.6030013642564802,0.5650224215246636
Race: black,281,0.4345945945945946,0.6856581532416502,0.9432432432432433,0.7940841865756542,0.6616822429906543
Race: others,281,0.5360575547800218,0.5924764890282131,0.8325991189427313,0.6923076923076923,0.5590551181102362
Race: white,281,0.5544716216727879,0.5567970204841713,0.5547309833024119,0.5557620817843866,0.5354713313896987
Overall,282,0.5463948749750837,0.6095526914329037,0.7256317689530686,0.6625463535228677,0.5741029641185648
Gender: F,282,0.5687194018223338,0.6414602346805737,0.7909967845659164,0.7084233261339092,0.6116970278044104
Gender: M,282,0.5105622401871697,0.5652173913043478,0.6419753086419753,0.6011560693641619,0.5295454545454545
Age: Adult,282,0.4693868716776618,0.5626911314984709,0.6594982078853047,0.6072607260726073,0.5102880658436214
Age: Senior,282,0.4637412137412137,0.6535303776683087,0.7683397683397684,0.7062999112688554,0.5815423514538559
Age: Young,282,0.6534097998752221,0.5796344647519582,0.7138263665594855,0.6397694524495677,0.6130030959752322
Race: black,282,0.36846097323947,0.7260579064587973,0.9504373177842566,0.8232323232323232,0.6995708154506438
Race: others,282,0.475153528011029,0.5799373040752351,0.9158415841584159,0.710172744721689,0.5805555555555556
Race: white,282,0.5225800121074236,0.5317604355716878,0.5204262877442274,0.526032315978456,0.5186873290793071
Overall,283,0.5653267897483836,0.6248185776487664,0.7377892030848329,0.6766208251473478,0.5868473895582329
Gender: F,283,0.5728349577598768,0.6282225237449118,0.774247491638796,0.6936329588014981,0.6071085494716618
Gender: M,283,0.547897937964096,0.6209048361934477,0.6994727592267135,0.6578512396694215,0.5646687697160884
Age: Adult,283,0.5780293757649939,0.5669515669515669,0.7713178294573644,0.6535303776683087,0.5481798715203426
Age: Senior,283,0.5038130880175015,0.6756756756756757,0.7495590828924162,0.7107023411371237,0.594847775175644
Age: Young,283,0.6190209566469365,0.5954773869346733,0.6929824561403509,0.6405405405405405,0.6035767511177347
Race: black,283,0.42155259894012853,0.7049180327868853,0.9502762430939227,0.8094117647058824,0.6817288801571709
Race: others,283,0.5256391419335881,0.6155988857938719,0.8875502008032129,0.7269736842105263,0.5980629539951574
Race: white,283,0.558185552725135,0.5574387947269304,0.5323741007194245,0.5446182152713891,0.5373831775700935
Overall,284,0.5917786211084417,0.6515804597701149,0.7564637197664721,0.7001157854110382,0.6087613293051359
Gender: F,284,0.6532415744790326,0.6913229018492176,0.8127090301003345,0.7471176018447349,0.667004048582996
Gender: M,284,0.5176720579051707,0.6110304789550073,0.7004991680532446,0.6527131782945736,0.5511022044088176
Age: Adult,284,0.622366828087167,0.5794392523364486,0.788135593220339,0.6678635547576302,0.5852017937219731
Age: Senior,284,0.5457220943613348,0.7159090909090909,0.7974683544303798,0.7544910179640718,0.6383682469680264
Age: Young,284,0.6283737820371741,0.5912806539509536,0.6555891238670695,0.6217765042979942,0.5829383886255924
Race: black,284,0.5004215103380957,0.7650727650727651,0.9633507853403142,0.8528389339513326,0.746
Race: others,284,0.5213021565869667,0.6253776435045317,0.8734177215189873,0.7288732394366197,0.5958005249343832
Race: white,284,0.5637471264367815,0.5724137931034483,0.5724137931034483,0.5724137931034483,0.551131221719457
Overall,285,0.5354571857597119,0.6418020679468243,0.7164056059356966,0.6770549279314375,0.584877315973961
Gender: F,285,0.539447040175274,0.6438746438746439,0.7558528428093646,0.6953846153846154,0.6043956043956044
Gender: M,285,0.5259885197277169,0.6395705521472392,0.6780487804878049,0.6582478295185478,0.5652610441767069
Age: Adult,285,0.5277986006996501,0.5927152317880795,0.685823754789272,0.6358792184724689,0.5393258426966292
Age: Senior,285,0.46736543290752264,0.7001434720229556,0.7565891472868217,0.7272727272727273,0.6060279870828849
Age: Young,285,0.5934575104110831,0.5690140845070423,0.6579804560260586,0.6102719033232629,0.5858747993579454
Race: black,285,0.4092892892892893,0.7,0.9669669669669669,0.8121059268600253,0.6915113871635611
Race: others,285,0.4918847599768652,0.6258992805755396,0.8365384615384616,0.7160493827160493,0.5953079178885631
Race: white,285,0.5494115934797072,0.6055194805194806,0.5550595238095238,0.5791925465838509,0.5379369138959932
Overall,286,0.5757658281883605,0.6228528752800597,0.7561196736174071,0.683046683046683,0.5909090909090909
Gender: F,286,0.6198068513119533,0.6400560224089635,0.836996336996337,0.7253968253968254,0.6311300639658849
Gender: M,286,0.5251753501349892,0.6032,0.6768402154398564,0.637901861252115,0.5513626834381551
Age: Adult,286,0.6545453039040233,0.6213333333333333,0.8262411347517731,0.7092846270928462,0.6149193548387096
Age: Senior,286,0.47500700869077656,0.638801261829653,0.823170731707317,0.7193605683836589,0.5959079283887468
Age: Young,286,0.6241081426971684,0.593939393939394,0.5957446808510638,0.5948406676783005,0.5651465798045603
Race: black,286,0.4842482806221806,0.7566964285714286,0.9442896935933147,0.8401486988847584,0.7266949152542372
Race: others,286,0.48527568922305764,0.598705501618123,0.8114035087719298,0.6890130353817505,0.56282722513089
Race: white,286,0.5426987733523418,0.5326460481099656,0.6007751937984496,0.5646630236794171,0.5394990366088632
Overall,287,0.5942616827015285,0.5894090560245587,0.735632183908046,0.6544524925436728,0.5738307934839727
Gender: F,287,0.6343084594149243,0.6491228070175439,0.7886323268206039,0.7121090617481957,0.6329243353783232
Gender: M,287,0.53885252196063,0.5234248788368336,0.6735966735966736,0.5890909090909091,0.5113513513513513
Age: Adult,287,0.5914080204946299,0.6048632218844985,0.7803921568627451,0.6815068493150684,0.5903083700440529
Age: Senior,287,0.5499213228086467,0.6233766233766234,0.772635814889336,0.6900269541778976,0.5735475896168108
Age: Young,287,0.6282622815304676,0.5167597765363129,0.6335616438356164,0.5692307692307692,0.5625
Race: black,287,0.47557467327871994,0.7328431372549019,0.9256965944272446,0.8180574555403557,0.694954128440367
Race: others,287,0.49281274281274284,0.5132743362831859,0.8365384615384616,0.6361974405850092,0.5098522167487685
Race: white,287,0.5829153683072238,0.5305755395683454,0.5750487329434698,0.5519176800748363,0.5485391140433553
Overall,288,0.5786487544658152,0.6406779661016949,0.7714285714285715,0.7,0.6066051481301603
Gender: F,288,0.6419644600663933,0.6507042253521127,0.81195079086116,0.7224394057857702,0.6421370967741935
Gender: M,288,0.5061457776986529,0.6313725490196078,0.7362804878048781,0.6798029556650246,0.5735707591377694
Age: Adult,288,0.5883145804031882,0.6567164179104478,0.8354430379746836,0.7353760445682451,0.6237623762376238
Age: Senior,288,0.4758258982396913,0.6724386724386724,0.803448275862069,0.7321288295365279,0.6062355658198614
Age: Young,288,0.6461845213400953,0.5657894736842105,0.6534954407294833,0.6064880112834978,0.5944767441860465
Race: black,288,0.4293247986034079,0.7794117647058824,0.9792147806004619,0.8679631525076765,0.7696428571428572
Race: others,288,0.4785744147157191,0.5629139072847682,0.8173076923076923,0.6666666666666666,0.5392953929539296
Race: white,288,0.5775879371769782,0.5580286168521462,0.601027397260274,0.5787304204451772,0.547787610619469
Overall,289,0.5632085931325195,0.6186685962373372,0.7245762711864406,0.667447306791569,0.5635245901639344
Gender: F,289,0.6213429675815317,0.6713554987212276,0.8015267175572519,0.7306889352818372,0.6307251908396947
Gender: M,289,0.47554717929388113,0.55,0.6285714285714286,0.5866666666666667,0.4856194690265487
Age: Adult,289,0.5542116846738695,0.5449101796407185,0.7428571428571429,0.6286701208981001,0.5211581291759465
Age: Senior,289,0.5144521810617573,0.6730205278592375,0.7832764505119454,0.7239747634069401,0.5930232558139535
Age: Young,289,0.6183897627819036,0.5846994535519126,0.6131805157593123,0.5986013986013986,0.5536547433903577
Race: black,289,0.5129344809745544,0.7635574837310195,0.9436997319034852,0.8441247002398081,0.7330595482546202
Race: others,289,0.4392522290651715,0.5714285714285714,0.8063241106719368,0.6688524590163935,0.5247058823529411
Race: white,289,0.5395811977239976,0.5301418439716312,0.5397111913357401,0.5348837209302325,0.5
Overall,290,0.6009542509084062,0.6348074179743224,0.7665805340223945,0.6944986344127975,0.6081081081081081
Gender: F,290,0.6350855377950704,0.6452036793692509,0.8252100840336134,0.724188790560472,0.631163708086785
Gender: M,290,0.5624270884406648,0.6224648985959438,0.7049469964664311,0.6611433305716653,0.584349593495935
Age: Adult,290,0.5977231289189309,0.5613496932515337,0.8097345132743363,0.6630434782608695,0.5623529411764706
Age: Senior,290,0.5263448673448553,0.6889204545454546,0.8096828046744574,0.7444359171143515,0.6202964652223489
Age: Young,290,0.6497313161375661,0.5967741935483871,0.6607142857142857,0.6271186440677966,0.6206896551724138
Race: black,290,0.4846183953033269,0.7283950617283951,0.9698630136986301,0.8319623971797885,0.7168316831683168
Race: others,290,0.5082532051282052,0.6348773841961853,0.8534798534798534,0.728125,0.5981524249422633
Race: white,290,0.5902453614194003,0.5519125683060109,0.5793499043977055,0.5652985074626866,0.560377358490566
Overall,291,0.5737075380135878,0.609178386380459,0.7481818181818182,0.67156262749898,0.5856922285126094
Gender: F,291,0.60008550792576,0.6002824858757062,0.8079847908745247,0.6888168557536467,0.6016597510373444
Gender: M,291,0.5535423925667828,0.6189735614307932,0.6933797909407665,0.6540673788003287,0.5699693564862104
Age: Adult,291,0.529113220009038,0.5462184873949579,0.7558139534883721,0.6341463414634146,0.5322245322245323
Age: Senior,291,0.5102730449386462,0.6826625386996904,0.8003629764065335,0.7368421052631579,0.6153846153846154
Age: Young,291,0.6469120977819431,0.5373563218390804,0.6426116838487973,0.5852895148669797,0.5878693623639192
Race: black,291,0.4966466131907308,0.7075892857142857,0.9606060606060606,0.8149100257069408,0.6909871244635193
Race: others,291,0.5114704882746121,0.5331325301204819,0.9123711340206185,0.6730038022813688,0.5425531914893617
Race: white,291,0.5718816137566137,0.5761821366024519,0.5711805555555556,0.5736704446381866,0.555858310626703
Overall,292,0.5838886033112725,0.6400862068965517,0.7518987341772152,0.6915017462165308,0.5970603142422707
Gender: F,292,0.6275273349215076,0.6559691912708601,0.8349673202614379,0.7347232207045291,0.6451923076923077
Gender: M,292,0.5278141361256544,0.6199021207177814,0.6631762652705061,0.6408094435075885,0.5434083601286174
Age: Adult,292,0.5720873329568982,0.6061381074168798,0.7926421404682275,0.6869565217391305,0.5924528301886792
Age: Senior,292,0.5033151183970856,0.6792763157894737,0.7522768670309654,0.7139152981849611,0.5857321652065082
Age: Young,292,0.6669260286683614,0.6132315521628499,0.7151335311572701,0.6602739726027397,0.6149068322981367
Race: black,292,0.4370953540166779,0.7719928186714542,0.9576837416481069,0.8548707753479126,0.7474048442906575
Race: others,292,0.48434683331330364,0.5851393188854489,0.8915094339622641,0.7065420560747664,0.5745257452574526
Race: white,292,0.554452039171558,0.53125,0.5190839694656488,0.525096525096525,0.52046783625731
Overall,293,0.5521823111622997,0.6306620209059234,0.7491721854304636,0.6848278471433976,0.5908644400785854
Gender: F,293,0.5807242139128832,0.6285714285714286,0.7612456747404844,0.6885758998435054,0.5983854692230071
Gender: M,293,0.5238362975712373,0.6326530612244898,0.7380952380952381,0.6813186813186813,0.583732057416268
Age: Adult,293,0.4847438793354707,0.6044568245125348,0.7431506849315068,0.6666666666666666,0.5479166666666667
Age: Senior,293,0.5015286900108796,0.6631299734748011,0.8361204013377926,0.7396449704142012,0.621505376344086
Age: Young,293,0.6169443763783387,0.5838509316770186,0.5911949685534591,0.5875,0.5782747603833865
Race: black,293,0.4305882352941177,0.7385892116182573,0.9493333333333334,0.8308051341890315,0.7162426614481409
Race: others,293,0.48844678129884894,0.60062893081761,0.8414096916299559,0.7009174311926606,0.5732984293193717
Race: white,293,0.5399850040870008,0.5637795275590551,0.5907590759075908,0.5769540692989524,0.5406824146981627
Overall,294,0.5782567184005563,0.6236403190717912,0.7184628237259816,0.6677018633540373,0.5724275724275725
Gender: F,294,0.6139060476766647,0.6563342318059299,0.791869918699187,0.7177597641857038,0.6162324649298597
Gender: M,294,0.5271412517711438,0.5855572998430141,0.6408934707903781,0.6119770303527482,0.5288844621513944
Age: Adult,294,0.5597985660635028,0.5852272727272727,0.7103448275862069,0.6417445482866043,0.532520325203252
Age: Senior,294,0.5155602790494876,0.6527777777777778,0.8011363636363636,0.7193877551020408,0.5905707196029777
Age: Young,294,0.6293850213111427,0.6094986807387863,0.6094986807387863,0.6094986807387863,0.5795454545454546
Race: black,294,0.45350985221674867,0.7711267605633803,0.9439655172413793,0.8488372093023255,0.7417218543046358
Race: others,294,0.471261620185923,0.6101694915254238,0.7171314741035857,0.6593406593406593,0.5361596009975063
Race: white,294,0.5343310639326431,0.4689922480620155,0.5020746887966805,0.4849699398797595,0.4844533600802407
Overall,295,0.5937377123817802,0.6607015032211883,0.7325396825396825,0.6947685359427926,0.5999013320177602
Gender: F,295,0.63769436680707,0.6876606683804627,0.8045112781954887,0.7415107415107415,0.6437440305635148
Gender: M,295,0.5361344537815126,0.6268174474959612,0.6521008403361345,0.6392092257001647,0.5530612244897959
Age: Adult,295,0.6111454849498328,0.6379821958456974,0.7190635451505016,0.6761006289308176,0.5871743486973948
Age: Senior,295,0.5268424924393101,0.6911357340720221,0.7858267716535433,0.735445836403832,0.6114718614718615
Age: Young,295,0.6440504038487002,0.6183431952662722,0.6411042944785276,0.6295180722891566,0.5927152317880795
Race: black,295,0.47688244500478216,0.8019607843137255,0.9423963133640553,0.8665254237288136,0.7666666666666667
Race: others,295,0.5402783353405594,0.673352435530086,0.8867924528301887,0.7654723127035831,0.645320197044335
Race: white,295,0.5195101467160291,0.5185873605947955,0.49732620320855614,0.5077343039126478,0.49953746530989823
Overall,296,0.5510683926728921,0.5901398086828551,0.7167113494191242,0.6472962066182405,0.5511042629686698
Gender: F,296,0.5960758256791088,0.6265389876880985,0.7697478991596639,0.6907993966817496,0.6
Gender: M,296,0.4877752311174191,0.5477707006369427,0.6564885496183206,0.5972222222222222,0.4967462039045553
Age: Adult,296,0.5771692076039902,0.5340909090909091,0.7430830039525692,0.6214876033057851,0.5268595041322314
Age: Senior,296,0.4576181923346221,0.6111975116640747,0.7345794392523365,0.66723259762309,0.5344418052256532
Age: Young,296,0.626185019272841,0.6071428571428571,0.6676737160120846,0.6359712230215827,0.5925925925925926
Race: black,296,0.4750263435194942,0.7516483516483516,0.936986301369863,0.8341463414634146,0.7178423236514523
Race: others,296,0.5466401414677278,0.5414012738853503,0.8717948717948718,0.6679764243614931,0.5420054200542005
Race: white,296,0.48831879220342256,0.4915254237288136,0.518783542039356,0.504786771105309,0.48083941605839414
Overall,297,0.5809323440293793,0.6271802325581395,0.7530541012216405,0.6843774781919112,0.5940846506884243
Gender: F,297,0.5939448790325983,0.6442307692307693,0.7895622895622896,0.7095310136157338,0.6132930513595166
Gender: M,297,0.5605534071906354,0.6080246913580247,0.7137681159420289,0.6566666666666666,0.5743801652892562
Age: Adult,297,0.5124395966104069,0.5477707006369427,0.6564885496183206,0.5972222222222222,0.5166666666666667
Age: Senior,297,0.5191961418839796,0.647887323943662,0.8630393996247655,0.7401448109412712,0.6113116726835138
Age: Young,297,0.6516212636613974,0.65625,0.6581196581196581,0.6571834992887624,0.6292307692307693
Race: black,297,0.46005597102676266,0.7702407002188184,0.9436997319034852,0.8481927710843373,0.7412731006160165
Race: others,297,0.49259615384615385,0.6224188790560472,0.8115384615384615,0.7045075125208681,0.5785714285714286
Race: white,297,0.5413986805172717,0.5172413793103449,0.5847953216374269,0.5489478499542544,0.532258064516129
Overall,298,0.55227508678917,0.5977611940298507,0.6869639794168096,0.6392657621707901,0.5484515484515484
Gender: F,298,0.6172199420569773,0.6175243393602226,0.7789473684210526,0.6889061287820015,0.6013916500994035
Gender: M,298,0.47804739932885904,0.5748792270531401,0.5989932885906041,0.5866885784716516,0.49497991967871485
Age: Adult,298,0.5471126415826877,0.5625,0.6923076923076923,0.6206896551724138,0.5285714285714286
Age: Senior,298,0.450856045411046,0.6340640809443507,0.6950092421441775,0.6631393298059964,0.5358444714459295
Age: Young,298,0.6340032371189642,0.5742092457420924,0.6704545454545454,0.6186107470511141,0.5776487663280117
Race: black,298,0.4565639935057511,0.7648305084745762,0.9328165374677002,0.840512223515716,0.726
Race: others,298,0.4891472868217055,0.5051546391752577,0.7538461538461538,0.6049382716049383,0.4768392370572207
Race: white,298,0.5028419685254705,0.5077989601386482,0.5017123287671232,0.5047372954349698,0.4933920704845815
Overall,299,0.6056238298689453,0.6358974358974359,0.7708703374777975,0.6969088719389803,0.603258013662638
Gender: F,299,0.6469504820631622,0.6564171122994652,0.8238255033557047,0.7306547619047619,0.6343434343434343
Gender: M,299,0.5495221439479777,0.6110210696920584,0.7113207547169811,0.6573670444638187,0.5695509309967142
Age: Adult,299,0.6256068173086997,0.6043360433604336,0.8138686131386861,0.6936236391912908,0.5921325051759835
Age: Senior,299,0.5378610271065116,0.6777251184834123,0.806390977443609,0.736480686695279,0.6176836861768369
Age: Young,299,0.6561816077441077,0.5950413223140496,0.675,0.6325036603221084,0.593192868719611
Race: black,299,0.5213164838216915,0.7787234042553192,0.9656992084432717,0.8621908127208481,0.7626774847870182
Race: others,299,0.5130985426786954,0.6211699164345403,0.851145038167939,0.7181964573268921,0.5793269230769231
Race: white,299,0.5594069633200333,0.5205223880597015,0.5752577319587628,0.5465230166503428,0.53420523138833
Overall,300,0.5465082931747719,0.6098430813124108,0.7166806370494552,0.6589595375722543,0.5631786771964462
Gender: F,300,0.6290561480266157,0.6778074866310161,0.7971698113207547,0.7326589595375722,0.6476190476190476
Gender: M,300,0.4440254860036934,0.5321100917431193,0.6247755834829444,0.5747316267547481,0.4723360655737705
Age: Adult,300,0.5274045863382223,0.5796703296703297,0.735191637630662,0.6482334869431644,0.5438247011952191
Age: Senior,300,0.5010367901485854,0.6473354231974922,0.7591911764705882,0.6988155668358714,0.5726290516206483
Age: Young,300,0.5920040638801659,0.5775,0.638121546961326,0.6062992125984252,0.5658465991316932
Race: black,300,0.4639044419559537,0.7226720647773279,0.9394736842105263,0.816933638443936,0.6928982725527831
Race: others,300,0.4564319951237082,0.5774193548387097,0.788546255506608,0.6666666666666666,0.5362694300518135
Race: white,300,0.5311553509339241,0.5334448160535117,0.5443686006825939,0.5388513513513513,0.5120643431635389
Overall,301,0.5622756345291986,0.6072727272727273,0.7324561403508771,0.6640159045725647,0.559666492965086
Gender: F,301,0.5787940379403794,0.620457604306864,0.7760942760942761,0.6896035901271503,0.5866533864541833
Gender: M,301,0.5405511381121137,0.5917721518987342,0.684981684981685,0.634974533106961,0.5300546448087432
Age: Adult,301,0.6078420777723745,0.5994397759103641,0.7670250896057348,0.6729559748427673,0.5648535564853556
Age: Senior,301,0.5216668742665714,0.6493108728943339,0.7866419294990723,0.7114093959731543,0.5815085158150851
Age: Young,301,0.565395152351674,0.5397260273972603,0.6118012422360248,0.5735080058224163,0.5266558966074314
Race: black,301,0.46708640458640455,0.7591743119266054,0.9403409090909091,0.8401015228426396,0.7278617710583153
Race: others,301,0.4909864738805971,0.6027777777777777,0.8097014925373134,0.6910828025477707,0.5467289719626168
Race: white,301,0.5185682919442761,0.49568221070811747,0.551923076923077,0.5222929936305732,0.4892996108949416
Overall,302,0.5679069767441861,0.5884123401053424,0.7274418604651163,0.6505823627287853,0.5576619273301737
Gender: F,302,0.6118885779021725,0.5900962861072903,0.7814207650273224,0.6724137931034483,0.582
Gender: M,302,0.520639863811048,0.5863787375415282,0.6711026615969582,0.625886524822695,0.5305895439377085
Age: Adult,302,0.5827578619545717,0.5454545454545454,0.813953488372093,0.6531881804043546,0.5420944558521561
Age: Senior,302,0.5263637191512613,0.6355633802816901,0.7616033755274262,0.6928982725527831,0.574468085106383
Age: Young,302,0.5967203465433042,0.5611702127659575,0.6151603498542274,0.5869262865090403,0.55
Race: black,302,0.5090140739491389,0.7119341563786008,0.953168044077135,0.8150765606595995,0.692156862745098
Race: others,302,0.5091029460443562,0.5778443113772455,0.8464912280701754,0.6868327402135231,0.5452196382428941
Race: white,302,0.5171172500717955,0.4774066797642436,0.5020661157024794,0.48942598187311176,0.4940119760479042
Overall,303,0.5837785736246021,0.65379113018598,0.7566225165562914,0.7014581734458941,0.6119700748129676
Gender: F,303,0.5916859921619386,0.6766381766381766,0.8133561643835616,0.7387247278382582,0.6518134715025907
Gender: M,303,0.5749487641765286,0.6307471264367817,0.7035256410256411,0.6651515151515152,0.575
Age: Adult,303,0.5905349794238682,0.6571428571428571,0.7808641975308642,0.7136812411847673,0.6240740740740741
Age: Senior,303,0.5039096045197741,0.6837881219903692,0.8022598870056498,0.7383015597920277,0.6133162612035852
Age: Young,303,0.6334782571484814,0.6025641025641025,0.6657223796033994,0.6325706594885598,0.6008771929824561
Race: black,303,0.4595373463845417,0.7782026768642447,0.9621749408983451,0.8604651162790697,0.7573529411764706
Race: others,303,0.5144570286475684,0.5567375886524822,0.8263157894736842,0.6652542372881356,0.5459770114942529
Race: white,303,0.5629895201323772,0.5902192242833052,0.5882352941176471,0.5892255892255892,0.5615453728661276
Overall,304,0.6062804486960796,0.6528189910979229,0.7625649913344887,0.7034372501998402,0.6127348643006263
Gender: F,304,0.6208259921134324,0.6459802538787024,0.7896551724137931,0.7106283941039565,0.6236125126135217
Gender: M,304,0.5950172230660037,0.6604068857589984,0.735191637630662,0.6957955482275351,0.601081081081081
Age: Adult,304,0.57208391771856,0.6231454005934718,0.7608695652173914,0.6851549755301795,0.5822510822510822
Age: Senior,304,0.5474840611503393,0.6704545454545454,0.8210735586481114,0.7381590705987489,0.6305170239596469
Age: Young,304,0.6808624708624709,0.6506329113924051,0.6853333333333333,0.6675324675324675,0.6127080181543116
Race: black,304,0.5214105296392769,0.7749510763209393,0.9611650485436893,0.8580715059588299,0.7551401869158878
Race: others,304,0.45944129507334464,0.617737003058104,0.8381742738589212,0.7112676056338029,0.5718015665796344
Race: white,304,0.5771675963967436,0.5529411764705883,0.562874251497006,0.5578635014836796,0.5521042084168337
Overall,305,0.5701513814770183,0.6286764705882353,0.7221283783783784,0.6721698113207547,0.5764347384459116
Gender: F,305,0.6305786884534512,0.6756756756756757,0.834658187599364,0.7467994310099573,0.6550387596899225
Gender: M,305,0.4844512051318334,0.5660377358490566,0.5945945945945946,0.5799648506151143,0.48986125933831376
Age: Adult,305,0.6251960217893695,0.5719063545150501,0.7339055793991416,0.6428571428571429,0.5691609977324263
Age: Senior,305,0.49351094470046086,0.6786226685796269,0.7629032258064516,0.718299164768413,0.5877777777777777
Age: Young,305,0.596575015004018,0.5796703296703297,0.6374622356495468,0.6071942446043166,0.5652866242038217
Race: black,305,0.4020327759692216,0.7735849056603774,0.9403669724770642,0.8488612836438924,0.7392857142857143
Race: others,305,0.47757197757197756,0.5876623376623377,0.8153153153153153,0.6830188679245283,0.5397260273972603
Race: white,305,0.5375438583613489,0.5057471264367817,0.5019011406844106,0.5038167938931297,0.5019157088122606
Overall,306,0.5498053213842689,0.6167008898015058,0.7527151211361738,0.6779533483822423,0.5766567754698319
Gender: F,306,0.6076352128228771,0.6458598726114649,0.8138041733547352,0.7201704545454546,0.6233269598470363
Gender: M,306,0.4772479068074264,0.5828402366863905,0.686411149825784,0.6304,0.5266393442622951
Age: Adult,306,0.5562227627445018,0.5972602739726027,0.7622377622377622,0.6697388632872504,0.563894523326572
Age: Senior,306,0.48163006756756754,0.6569444444444444,0.7989864864864865,0.7210365853658537,0.5896860986547086
Age: Young,306,0.5922694741822913,0.5585106382978723,0.658307210031348,0.60431654676259,0.5682888540031397
Race: black,306,0.4205900419135713,0.747148288973384,0.9656019656019657,0.842443729903537,0.7292817679558011
Race: others,306,0.5040152155536771,0.5692771084337349,0.84375,0.6798561151079137,0.5470737913486005
Race: white,306,0.512652894808372,0.5290215588723052,0.5636042402826855,0.5457656116338752,0.511049723756906
Overall,307,0.5318406330195865,0.5788701393983859,0.6988485385296723,0.6332263242375602,0.5397784491440081
Gender: F,307,0.5333239126338827,0.6074270557029178,0.7235387045813586,0.6604181687094448,0.5594013096351731
Gender: M,307,0.5200056509079765,0.5435139573070608,0.6673387096774194,0.5990950226244344,0.5169029443838604
Age: Adult,307,0.3940671410891089,0.5543175487465181,0.621875,0.5861561119293078,0.4616858237547893
Age: Senior,307,0.534003204235163,0.6340288924558587,0.8144329896907216,0.7129963898916968,0.5928297055057619
Age: Young,307,0.5990921283400391,0.5118110236220472,0.6018518518518519,0.5531914893617021,0.5387994143484627
Race: black,307,0.45353694581280796,0.7077922077922078,0.9342857142857143,0.8054187192118226,0.6808080808080809
Race: others,307,0.47453547487290226,0.5502793296089385,0.8242677824267782,0.6599664991624791,0.5223529411764706
Race: white,307,0.48666561047739754,0.4880294659300184,0.49074074074074076,0.48938134810710987,0.4812382739212008
Overall,308,0.5563591343907273,0.6176470588235294,0.702928870292887,0.6575342465753424,0.5567375886524822
Gender: F,308,0.6290787429201544,0.623249299719888,0.791814946619217,0.6974921630094044,0.6093117408906883
Gender: M,308,0.4817587010906291,0.6114551083591331,0.6240126382306477,0.617670054730258,0.5040567951318459
Age: Adult,308,0.6465091620000661,0.6266666666666667,0.8020477815699659,0.7035928143712575,0.6032064128256514
Age: Senior,308,0.45499721202688714,0.6215780998389694,0.6929982046678635,0.6553480475382003,0.5223529411764706
Age: Young,308,0.5989182194616977,0.6016483516483516,0.6347826086956522,0.6177715091678421,0.5664
Race: black,308,0.48517904509283816,0.7258771929824561,0.9511494252873564,0.8233830845771144,0.702928870292887
Race: others,308,0.5441261323639721,0.5859872611464968,0.8440366972477065,0.6917293233082706,0.5649867374005305
Race: white,308,0.5241637195418708,0.5508474576271186,0.5166931637519873,0.5332239540607056,0.4915102770330652
Overall,309,0.5983409543266491,0.6318147871545929,0.7473498233215548,0.6847430190206394,0.5980392156862745
Gender: F,309,0.6442879499217528,0.6735483870967742,0.8169014084507042,0.7383309759547383,0.6522556390977443
Gender: M,309,0.5258128230928538,0.574468085106383,0.6572008113590264,0.6130558183538316,0.5320366132723112
Age: Adult,309,0.5636961494471979,0.5727554179566563,0.7581967213114754,0.6525573192239859,0.5708061002178649
Age: Senior,309,0.5006502551274216,0.6535433070866141,0.7844990548204159,0.7130584192439863,0.579874213836478
Age: Young,309,0.6799185772444823,0.6456692913385826,0.6852367688022284,0.6648648648648648,0.6374269005847953
Race: black,309,0.4849394890183774,0.7666666666666667,0.9484536082474226,0.847926267281106,0.7375745526838966
Race: others,309,0.46593291404612164,0.5966101694915255,0.8301886792452831,0.6942800788954635,0.5646067415730337
Race: white,309,0.5757549724402414,0.5354609929078015,0.5676691729323309,0.551094890510949,0.5440222428174235
Overall,310,0.6173520822065982,0.6088560885608856,0.7674418604651163,0.6790123456790124,0.5968992248062015
Gender: F,310,0.6250181959338154,0.6248256624825662,0.8043087971274686,0.7032967032967034,0.6223776223776224
Gender: M,310,0.6059014887139886,0.5909090909090909,0.7277992277992278,0.6522491349480969,0.569593147751606
Age: Adult,310,0.5930876211488455,0.5853658536585366,0.7413127413127413,0.6541737649063032,0.5538461538461539
Age: Senior,310,0.5567213266629609,0.6233382570162481,0.8210116731517509,0.7086481947942905,0.591764705882353
Age: Young,310,0.6867277095784202,0.6028571428571429,0.6986754966887417,0.647239263803681,0.6349206349206349
Race: black,310,0.4434159450582264,0.749003984063745,0.9543147208121827,0.8392857142857143,0.7283018867924528
Race: others,310,0.5732457366508248,0.6254180602006689,0.8538812785388128,0.722007722007722,0.6065573770491803
Race: white,310,0.5831945351009475,0.4729241877256318,0.5670995670995671,0.515748031496063,0.5264677574590952
Overall,311,0.5666476570668187,0.6152716593245228,0.716852010265184,0.6621888581588306,0.5679636179888833
Gender: F,311,0.6063606394938929,0.618798955613577,0.7966386554621848,0.6965466568699485,0.6013513513513513
Gender: M,311,0.5251550947565224,0.610738255033557,0.6341463414634146,0.6222222222222222,0.5312831389183457
Age: Adult,311,0.5781339150864239,0.6243093922651933,0.7661016949152543,0.6879756468797564,0.5875251509054326
Age: Senior,311,0.5107334525939177,0.6438569206842923,0.740608228980322,0.6888519134775375,0.5620608899297423
Age: Young,311,0.5960799229169836,0.5546218487394958,0.6285714285714286,0.5892857142857143,0.5605095541401274
Race: black,311,0.43106370136502925,0.7447257383966245,0.9915730337078652,0.8506024096385543,0.740041928721174
Race: others,311,0.48288126681718363,0.5796178343949044,0.8387096774193549,0.6854990583804144,0.5437158469945356
Race: white,311,0.5313059284116332,0.5278745644599303,0.5083892617449665,0.517948717948718,0.5035211267605634
Overall,312,0.5658460941242546,0.6318373071528752,0.7590564448188711,0.689628779181018,0.5951073389915127
Gender: F,312,0.5789590949062846,0.6428571428571429,0.7876823338735819,0.7079388201019665,0.6099221789883269
Gender: M,312,0.5454104396794455,0.6194029850746269,0.7280701754385965,0.6693548387096774,0.5794871794871795
Age: Adult,312,0.5692511829708364,0.6039119804400978,0.7942122186495176,0.6861111111111111,0.5814814814814815
Age: Senior,312,0.46749502322495023,0.6743119266055045,0.8018181818181818,0.7325581395348837,0.6092233009708737
Age: Young,312,0.632774064564182,0.5867768595041323,0.6533742331288344,0.6182873730043541,0.5884194053208138
Race: black,312,0.4232909461882484,0.758130081300813,0.9301745635910225,0.8353863381858903,0.7183908045977011
Race: others,312,0.44713940370668814,0.5666666666666667,0.8538812785388128,0.6812386156648452,0.5501285347043702
Race: white,312,0.567918031410095,0.5645695364238411,0.6014109347442681,0.5824081981212639,0.5521978021978022
Overall,313,0.5467307632535923,0.6088257292445775,0.7393278837420527,0.667760459392945,0.5714285714285714
Gender: F,313,0.5765091886573668,0.6547945205479452,0.802013422818792,0.7209653092006033,0.621676891615542
Gender: M,313,0.4923978884374924,0.5535420098846787,0.6653465346534654,0.60431654676259,0.5175438596491229
Age: Adult,313,0.5074491279069768,0.5915032679738562,0.70703125,0.6441281138790036,0.5327102803738317
Age: Senior,313,0.5135415907268354,0.6259314456035767,0.813953488372093,0.7076663858466723,0.5844311377245509
Age: Young,313,0.598406805246731,0.5916666666666667,0.6474164133738601,0.6182873730043541,0.580542264752791
Race: black,313,0.4394948129893874,0.7154811715481172,0.9447513812154696,0.8142857142857143,0.688622754491018
Race: others,313,0.49904609409600376,0.5870307167235495,0.8730964467005076,0.7020408163265306,0.5780346820809249
Race: white,313,0.5261856361078581,0.5300353356890459,0.5535055350553506,0.5415162454873647,0.5129434324065196
Overall,314,0.5780469118586465,0.6517168885774351,0.7493956486704271,0.697151424287856,0.5986090412319921
Gender: F,314,0.6251595218652671,0.6782945736434108,0.8164852255054432,0.7410021171489062,0.6409001956947162
Gender: M,314,0.5154756737896466,0.6202143950995406,0.677257525083612,0.6474820143884892,0.5549949545913219
Age: Adult,314,0.5996597996597998,0.6284916201117319,0.7867132867132867,0.6987577639751553,0.5881104033970276
Age: Senior,314,0.5031080949955122,0.6894502228826151,0.7682119205298014,0.7267032106499608,0.6020524515393386
Age: Young,314,0.6286814742228755,0.6085858585858586,0.6866096866096866,0.6452476572958501,0.6015037593984962
Race: black,314,0.41823068111727907,0.7713097713097713,0.9561855670103093,0.85385500575374,0.7485148514851485
Race: others,314,0.5966819221967963,0.6581920903954802,0.9433198380566802,0.7753743760399334,0.6493506493506493
Race: white,314,0.5169740378293148,0.5506756756756757,0.5379537953795379,0.5442404006677797,0.5138023152270703
Overall,315,0.5743432384860834,0.6675567423230975,0.7633587786259542,0.7122507122507122,0.6190476190476191
Gender: F,315,0.613982494195283,0.6965428937259923,0.8143712574850299,0.7508626639061422,0.659433962264151
Gender: M,315,0.526262277042952,0.6359832635983264,0.7102803738317757,0.6710816777041942,0.5786993402450519
Age: Adult,315,0.5365095119933829,0.6294277929155313,0.7451612903225806,0.6824224519940916,0.5742574257425742
Age: Senior,315,0.5158618431821902,0.6929347826086957,0.8292682926829268,0.7549962990377498,0.6374589266155531
Age: Young,315,0.642824471126358,0.6556962025316456,0.6727272727272727,0.6641025641025641,0.6273115220483642
Race: black,315,0.4416633139835623,0.7704280155642024,0.9635036496350365,0.8562162162162162,0.7527881040892194
Race: others,315,0.4396296296296296,0.6127320954907162,0.8555555555555555,0.714064914992272,0.5795454545454546
Race: white,315,0.5879816644293641,0.6144975288303131,0.5930047694753577,0.6035598705501618,0.5713035870516185
Overall,316,0.5540676853388559,0.6102883865939205,0.7060414788097386,0.6546822742474916,0.5693430656934306
Gender: F,316,0.5721820102507923,0.6361149110807114,0.7622950819672131,0.6935123042505593,0.6005830903790087
Gender: M,316,0.5240840655670316,0.5760869565217391,0.6372745490981964,0.6051379638439581,0.5331833520809899
Age: Adult,316,0.5424936250646408,0.5833333333333334,0.7275985663082437,0.6475279106858054,0.5395833333333333
Age: Senior,316,0.4863217922606925,0.6666666666666666,0.7494908350305499,0.7056567593480345,0.5856950067476383
Age: Young,316,0.5983421499316095,0.5535248041775457,0.6253687315634219,0.5872576177285319,0.5724533715925395
Race: black,316,0.42545089243995887,0.7582417582417582,0.9349593495934959,0.837378640776699,0.7237113402061855
Race: others,316,0.4845108695652174,0.5688073394495413,0.808695652173913,0.6678635547576302,0.5443349753694581
Race: white,316,0.5209561193916639,0.5029940119760479,0.49411764705882355,0.49851632047477745,0.5063291139240507
Overall,317,0.5592956149406807,0.602158273381295,0.7602179836512262,0.672019269369731,0.5713536201469045
Gender: F,317,0.5939535279960811,0.6170500676589986,0.8216216216216217,0.7047913446676971,0.6094069529652352
Gender: M,317,0.5164667357075734,0.5852534562211982,0.6978021978021978,0.6365914786967418,0.53125
Age: Adult,317,0.5370223978919632,0.5481283422459893,0.8102766798418972,0.6539074960127592,0.5460251046025104
Age: Senior,317,0.46847392186375236,0.6279434850863422,0.7722007722007722,0.6926406926406926,0.5633456334563346
Age: Young,317,0.6569537480063795,0.6121372031662269,0.703030303030303,0.6544428772919605,0.6016260162601627
Race: black,317,0.4797102897102897,0.7535934291581109,0.9532467532467532,0.841743119266055,0.7320388349514563
Race: others,317,0.45753666841278157,0.5377049180327869,0.8913043478260869,0.6707566462167689,0.54
Race: white,317,0.5285167732691257,0.5117056856187291,0.575187969924812,0.5415929203539823,0.5024015369836695
Overall,318,0.5802089634675573,0.6343115124153499,0.7131979695431472,0.6714456391875747,0.5777891504605936
Gender: F,318,0.587919655667145,0.6232073011734028,0.7772357723577236,0.6917510853835022,0.5903846153846154
Gender: M,318,0.5707347940777334,0.6494661921708185,0.6437389770723104,0.6465899025686448,0.563457330415755
Age: Adult,318,0.5653337196947745,0.5663430420711975,0.6862745098039216,0.6205673758865248,0.5327510917030568
Age: Senior,318,0.49260343154069025,0.6470588235294118,0.7389635316698656,0.6899641577060932,0.5586734693877551
Age: Young,318,0.6563153997231076,0.6658823529411765,0.6970443349753694,0.681107099879663,0.6278089887640449
Race: black,318,0.5187443037974684,0.7621951219512195,0.9493670886075949,0.8455467869222097,0.7365384615384616
Race: others,318,0.4896151178918169,0.5951557093425606,0.8349514563106796,0.694949494949495,0.5635838150289018
Race: white,318,0.5312322833175475,0.5401459854014599,0.5094664371772806,0.5243578387953941,0.5064338235294118
Overall,319,0.5718149024600636,0.5795170691090757,0.6718146718146718,0.6222619579794367,0.5488521089161773
Gender: F,319,0.6001790281329924,0.6028938906752411,0.741106719367589,0.6648936170212766,0.5939849624060151
Gender: M,319,0.535290346217256,0.5544041450777202,0.6056603773584905,0.5788999098286745,0.5042462845010616
Age: Adult,319,0.568359375,0.5749235474006116,0.734375,0.6449399656946827,0.5632911392405063
Age: Senior,319,0.5394658473517534,0.582089552238806,0.697986577181208,0.6347914547304171,0.5245033112582781
Age: Young,319,0.6037194751021118,0.5798816568047337,0.5885885885885885,0.5842026825633383,0.5667701863354038
Race: black,319,0.4808660624370594,0.7129840546697038,0.945619335347432,0.812987012987013,0.6889848812095032
Race: others,319,0.46722440944881893,0.5506072874493927,0.85,0.6683046683046683,0.5296167247386759
Race: white,319,0.5287673407193423,0.4796116504854369,0.45321100917431195,0.4660377358490566,0.4959928762243989
Overall,320,0.5548385213181587,0.600291757840992,0.7348214285714286,0.6607788036932959,0.5690973992860785
Gender: F,320,0.6033103789025106,0.6427622841965471,0.7921440261865794,0.7096774193548387,0.6173913043478261
Gender: M,320,0.49010143555096986,0.5485436893203883,0.6660117878192534,0.6015971606033718,0.5151187904967602
Age: Adult,320,0.5533044155606128,0.5697674418604651,0.697508896797153,0.6272,0.546692607003891
Age: Senior,320,0.515461592670895,0.6811145510835913,0.8,0.7357859531772575,0.6089108910891089
Age: Young,320,0.5744735541275333,0.49081364829396323,0.6470588235294118,0.5582089552238806,0.5367762128325508
Race: black,320,0.44043503039513676,0.724,0.9627659574468085,0.8264840182648402,0.7054263565891473
Race: others,320,0.5349097030915213,0.5604026845637584,0.8434343434343434,0.6733870967741935,0.5537190082644629
Race: white,320,0.5180040730413864,0.5130890052356021,0.5384615384615384,0.5254691689008043,0.5092421441774492
Overall,321,0.5866652930983475,0.6296840558412932,0.7171548117154811,0.6705790297339593,0.5762455963764469
Gender: F,321,0.6332290375667934,0.6475300400534045,0.8178752107925801,0.7228017883755589,0.6309523809523809
Gender: M,321,0.5271905320020798,0.6078431372549019,0.6179401993355482,0.6128500823723229,0.5199182839632278
Age: Adult,321,0.5056820512820512,0.5644171779141104,0.736,0.6388888888888888,0.5325842696629214
Age: Senior,321,0.5174035777721391,0.6536050156739812,0.7406749555950266,0.694421315570358,0.564650059311981
Age: Young,321,0.6857234875386063,0.6448362720403022,0.6701570680628273,0.6572528883183568,0.6180257510729614
Race: black,321,0.5001596633920018,0.7333333333333333,0.9477806788511749,0.826879271070615,0.7088122605363985
Race: others,321,0.4732689623743199,0.6279761904761905,0.8473895582329317,0.7213675213675214,0.5820512820512821
Race: white,321,0.5608972579928951,0.5339622641509434,0.5026642984014209,0.5178408051235133,0.5097674418604651
Overall,322,0.5785527597668403,0.6031294452347084,0.7497789566755084,0.668506109578242,0.5784461152882205
Gender: F,322,0.6302956703043208,0.6199740596627756,0.8269896193771626,0.7086730911786508,0.624282982791587
Gender: M,322,0.5141902752662246,0.5826771653543307,0.6690777576853526,0.622895622895623,0.5279241306638567
Age: Adult,322,0.5938538490527254,0.6443850267379679,0.8339100346020761,0.726998491704374,0.6313645621181263
Age: Senior,322,0.5030092972830907,0.6188197767145136,0.7775551102204409,0.6891651865008881,0.5646766169154229
Age: Young,322,0.6187209577708634,0.5407407407407407,0.6384839650145773,0.5855614973262032,0.5571428571428572
Race: black,322,0.46277373705431263,0.7267080745341615,0.9642857142857143,0.8288075560802833,0.7117296222664016
Race: others,322,0.4189713341442703,0.5327635327635327,0.8025751072961373,0.6404109589041096,0.5
Race: white,322,0.5891514556618354,0.541958041958042,0.5805243445692884,0.5605786618444847,0.5466417910447762
Overall,323,0.5662295886231881,0.5833962264150944,0.7170686456400742,0.6433624635871827,0.559156378600823
Gender: F,323,0.6207118151490965,0.6161473087818697,0.7923497267759563,0.6932270916334662,0.6126760563380281
Gender: M,323,0.49825557117134917,0.5460420032310178,0.6389413988657845,0.5888501742160279,0.5031578947368421
Age: Adult,323,0.5811401483670391,0.5869565217391305,0.7912087912087912,0.6739469578783152,0.5909980430528375
Age: Senior,323,0.4700401809903805,0.5751633986928104,0.7505330490405118,0.6512488436632747,0.5116580310880829
Age: Young,323,0.6304441391941391,0.5942028985507246,0.6101190476190477,0.6020558002936858,0.5900151285930408
Race: black,323,0.4407336495365737,0.7221006564551422,0.9620991253644315,0.825,0.7064989517819706
Race: others,323,0.4817883866180199,0.5589225589225589,0.8058252427184466,0.6600397614314115,0.5289256198347108
Race: white,323,0.5304890276978712,0.4851138353765324,0.5236294896030246,0.5036363636363637,0.5054347826086957
Overall,324,0.5824356321593891,0.5941391941391941,0.7828185328185329,0.675551853394419,0.5986604842864502
Gender: F,324,0.6145010242903133,0.617687074829932,0.8470149253731343,0.7143981117230527,0.6351758793969849
Gender: M,324,0.5410156950672645,0.5666666666666667,0.714,0.631858407079646,0.5602536997885835
Age: Adult,324,0.5798059964726632,0.5497076023391813,0.746031746031746,0.632996632996633,0.551440329218107
Age: Senior,324,0.5583098071290995,0.6588785046728972,0.8426294820717132,0.7395104895104895,0.6293532338308457
Age: Young,324,0.614681235464837,0.5249343832020997,0.7092198581560284,0.6033182503770739,0.5960061443932412
Race: black,324,0.36301135251516925,0.6974595842956121,0.967948717948718,0.810738255033557,0.6817155756207675
Race: others,324,0.45848864791596067,0.5657492354740061,0.8149779735682819,0.6678700361010831,0.5353535353535354
Race: white,324,0.6013120042569466,0.5355371900826447,0.6519114688128773,0.588021778584392,0.588021778584392
Overall,325,0.5722214920378612,0.5952208544532948,0.7425474254742548,0.6607717041800643,0.5722250380131779
Gender: F,325,0.5595730070541233,0.6189839572192514,0.7996545768566494,0.6978146194423511,0.596579476861167
Gender: M,325,0.572269955654102,0.5671406003159558,0.6799242424242424,0.6184323858742463,0.5474974463738509
Age: Adult,325,0.5188330752355143,0.5611702127659575,0.735191637630662,0.6365007541478129,0.5208747514910537
Age: Senior,325,0.5035457842919535,0.6120401337792643,0.7721518987341772,0.6828358208955224,0.5520421607378129
Age: Young,325,0.6496753503840368,0.601965601965602,0.708092485549133,0.650730411686587,0.630098452883263
Race: black,325,0.46661733983286907,0.7316561844863732,0.9721448467966574,0.8349282296650717,0.7166324435318275
Race: others,325,0.5326955782312925,0.5607476635514018,0.8571428571428571,0.6779661016949152,0.5476190476190477
Race: white,325,0.5243804213135068,0.5025728987993139,0.5446096654275093,0.5227475468331847,0.5171480144404332
Overall,326,0.5848594914529557,0.6356304985337243,0.7341236240474175,0.681335952848723,0.5922574157868276
Gender: F,326,0.623921032563724,0.6310679611650486,0.7954545454545454,0.7037896365042536,0.6181455633100698
Gender: M,326,0.5441041320946196,0.640746500777605,0.6765188834154351,0.65814696485623,0.565922920892495
Age: Adult,326,0.5973209404045926,0.6056701030927835,0.7580645161290323,0.673352435530086,0.5824175824175825
Age: Senior,326,0.5052185150684213,0.6614420062695925,0.7917448405253283,0.7207514944491887,0.6007326007326007
Age: Young,326,0.6441273223817602,0.621301775147929,0.621301775147929,0.621301775147929,0.5897435897435898
Race: black,326,0.46046044805709757,0.8212058212058212,0.9495192307692307,0.8807134894091416,0.7914230019493177
Race: others,326,0.4767676767676768,0.5463258785942492,0.7702702702702703,0.6392523364485981,0.5012919896640827
Race: white,326,0.5502887229406567,0.5280701754385965,0.5543278084714549,0.5408805031446541,0.5307621671258035
Overall,327,0.5438136984669831,0.5981104651162791,0.7194055944055944,0.6531746031746032,0.555442522889115
Gender: F,327,0.5964765031807922,0.5952045133991537,0.7672727272727272,0.670373312152502,0.5820745216515609
Gender: M,327,0.4849484288798273,0.6011994002998501,0.6750841750841751,0.6360031720856463,0.5282631038026722
Age: Adult,327,0.5556195024738867,0.5671232876712329,0.7610294117647058,0.6499215070643642,0.5411522633744856
Age: Senior,327,0.47903780068728524,0.6468023255813954,0.7646048109965635,0.7007874015748031,0.5642201834862385
Age: Young,327,0.5906419431793537,0.5294117647058824,0.5896551724137931,0.5579119086460033,0.5542763157894737
Race: black,327,0.4209598645082516,0.7551020408163265,0.9181141439205955,0.8286674132138858,0.7107750472589792
Race: others,327,0.48489537995292903,0.595679012345679,0.9146919431279621,0.7214953271028037,0.5837988826815642
Race: white,327,0.49867512114650997,0.4626334519572954,0.49056603773584906,0.47619047619047616,0.46987951807228917
Overall,328,0.5607126206200383,0.6136534133533383,0.7277580071174378,0.6658526658526659,0.5802658486707567
Gender: F,328,0.5809386858874913,0.6307053941908713,0.7781569965870307,0.6967150496562261,0.6088669950738916
Gender: M,328,0.5344258212108074,0.5934426229508196,0.6728624535315985,0.6306620209059234,0.5494155154091392
Age: Adult,328,0.5672506140829694,0.5561959654178674,0.75390625,0.6401326699834162,0.5525773195876289
Age: Senior,328,0.46930112570356475,0.6797488226059655,0.7543554006968641,0.7151114781172585,0.5863309352517986
Age: Young,328,0.61907241030523,0.5501432664756447,0.6530612244897959,0.5972006220839814,0.5934065934065934
Race: black,328,0.469847972972973,0.7248459958932238,0.9540540540540541,0.823803967327888,0.7062256809338522
Race: others,328,0.5169092210425862,0.5822368421052632,0.8762376237623762,0.6996047430830039,0.5869565217391305
Race: white,328,0.5312621467044256,0.5313653136531366,0.5217391304347826,0.526508226691042,0.5176908752327747
Overall,329,0.561143541463617,0.6024981631153563,0.7056798623063684,0.6500198176773682,0.5567269076305221
Gender: F,329,0.6039381316053383,0.6056149732620321,0.7810344827586206,0.6822289156626506,0.5890944498539435
Gender: M,329,0.5195598144509345,0.598694942903752,0.6305841924398625,0.6142259414225941,0.522279792746114
Age: Adult,329,0.5726870214924822,0.6432584269662921,0.7815699658703071,0.7057010785824345,0.600418410041841
Age: Senior,329,0.4772074516392698,0.6196513470681458,0.6835664335664335,0.6500415627597672,0.5215909090909091
Age: Young,329,0.6257281019892295,0.5347593582887701,0.6734006734006734,0.5961251862891207,0.5725552050473186
Race: black,329,0.48330294906166227,0.7453416149068323,0.9651474530831099,0.8411214953271028,0.7269076305220884
Race: others,329,0.5218361354214649,0.5764331210191083,0.8701923076923077,0.6934865900383141,0.5733333333333334
Race: white,329,0.5028056996973556,0.4946808510638298,0.4802065404475043,0.4873362445414847,0.47542448614834676
Overall,330,0.5887214040545795,0.6240928882438317,0.7570422535211268,0.6841686555290374,0.5967496190959878
Gender: F,330,0.6370710754118826,0.6235795454545454,0.8040293040293041,0.7024,0.625
Gender: M,330,0.5374107651206587,0.6246290801186943,0.7135593220338983,0.6661392405063291,0.5680655066530195
Age: Adult,330,0.5870384261311331,0.5955678670360111,0.7733812949640287,0.672926447574335,0.5725971370143149
Age: Senior,330,0.5105569824522503,0.6554878048780488,0.7918968692449355,0.7172643869891576,0.5973871733966746
Age: Young,330,0.6523907808737529,0.5955678670360111,0.6825396825396826,0.636094674556213,0.6144200626959248
Race: black,330,0.4934628052699228,0.7597535934291582,0.9511568123393316,0.8447488584474886,0.7369439071566731
Race: others,330,0.481414583135279,0.5719063545150501,0.8507462686567164,0.684,0.5586592178770949
Race: white,330,0.5678324108981043,0.5388513513513513,0.5842490842490843,0.5606326889279437,0.5429616087751371
Overall,331,0.55972330840204,0.5822970007315289,0.738404452690167,0.6511247443762781,0.567005076142132
Gender: F,331,0.5743636337257803,0.5975935828877005,0.773356401384083,0.6742081447963801,0.590521327014218
Gender: M,331,0.5312120481927711,0.5638126009693053,0.698,0.6237712243074174,0.5398907103825137
Age: Adult,331,0.5105024294776623,0.510989010989011,0.75,0.6078431372549019,0.5071868583162218
Age: Senior,331,0.5361144819395317,0.634584013050571,0.7733598409542743,0.6971326164874552,0.5832305795314426
Age: Young,331,0.6133670167974118,0.5666666666666667,0.6758409785932722,0.6164574616457462,0.5907738095238095
Race: black,331,0.474894847528917,0.6912751677852349,0.9747634069400631,0.8089005235602095,0.6832971800433839
Race: others,331,0.4068006753191938,0.5790960451977402,0.8760683760683761,0.6972789115646258,0.5505050505050505
Race: white,331,0.5419788745620455,0.49823321554770317,0.5351043643263758,0.5160109789569991,0.5247079964061097
Overall,332,0.592972914990614,0.6205128205128205,0.7495575221238938,0.6789579158316633,0.5902813299232736
Gender: F,332,0.6283112516511227,0.6419098143236074,0.8039867109634552,0.7138643067846607,0.6184857423795477
Gender: M,332,0.5464153732446415,0.5941080196399345,0.6875,0.6374012291483757,0.5597014925373134
Age: Adult,332,0.5739728831708738,0.5452127659574468,0.8102766798418972,0.6518282988871225,0.5654761904761905
Age: Senior,332,0.5317896844977215,0.6688963210702341,0.7604562737642585,0.7117437722419929,0.5888324873096447
Age: Young,332,0.6598181021257945,0.618925831202046,0.6894586894586895,0.6522911051212938,0.6108597285067874
Race: black,332,0.4704855634765419,0.7676348547717843,0.9414758269720102,0.8457142857142858,0.7373540856031129
Race: others,332,0.5502301085324737,0.5777126099706745,0.8678414096916299,0.6936619718309859,0.5714285714285714
Race: white,332,0.5599925303454717,0.5166051660516605,0.5490196078431373,0.532319391634981,0.5246376811594203
Overall,333,0.5647773612568203,0.6179775280898876,0.7405745062836625,0.6737443854634545,0.5864389233954451
Gender: F,333,0.5963404816518401,0.6060191518467852,0.8010849909584087,0.6900311526479751,0.602
Gender: M,333,0.5312255262310757,0.6324503311258278,0.6809269162210339,0.655793991416309,0.5697424892703863
Age: Adult,333,0.576463842417701,0.5655172413793104,0.7522935779816514,0.6456692913385826,0.5734597156398105
Age: Senior,333,0.4663271669091665,0.6632801161103048,0.8074204946996466,0.7282868525896414,0.6011695906432749
Age: Young,333,0.6242890442890442,0.5730337078651685,0.6181818181818182,0.5947521865889213,0.5755725190839694
Race: black,333,0.45342178489333385,0.728051391862955,0.9392265193370166,0.8202653799758746,0.7014028056112225
Race: others,333,0.44968084610725434,0.5949008498583569,0.8267716535433071,0.6919275123558485,0.557919621749409
Race: white,333,0.5577466114457831,0.5339805825242718,0.5522088353413654,0.5429417571569596,0.5415841584158416
Overall,334,0.5790861159929701,0.6252771618625277,0.7434094903339191,0.6792452830188679,0.5942102590147282
Gender: F,334,0.6017426754202988,0.6521739130434783,0.7894736842105263,0.7142857142857143,0.618334892422825
Gender: M,334,0.5404212498007334,0.5884413309982487,0.6829268292682927,0.632173095014111,0.5655555555555556
Age: Adult,334,0.46642841672081436,0.5365079365079365,0.6954732510288066,0.6057347670250897,0.49191685912240185
Age: Senior,334,0.5176484652858723,0.6767676767676768,0.7989778534923339,0.7328125,0.6077981651376146
Age: Young,334,0.665192251568656,0.6028985507246377,0.6753246753246753,0.6370597243491577,0.6430722891566265
Race: black,334,0.5025459717984662,0.734475374732334,0.9475138121546961,0.827503015681544,0.7116935483870968
Race: others,334,0.48088983050847456,0.5887323943661972,0.885593220338983,0.7072758037225042,0.6032110091743119
Race: white,334,0.5573030777256128,0.5536723163841808,0.5444444444444444,0.5490196078431373,0.5342333654773385
Overall,335,0.5745578998755042,0.6108022239872914,0.7166821994408201,0.6595197255574614,0.5756280064136825
Gender: F,335,0.6054412351298716,0.6353276353276354,0.818348623853211,0.7153167602245389,0.6207264957264957
Gender: M,335,0.5407103901422083,0.5798922800718133,0.6117424242424242,0.5953917050691244,0.5304812834224599
Age: Adult,335,0.5158867521367522,0.5341614906832298,0.7350427350427351,0.6187050359712231,0.511520737327189
Age: Senior,335,0.5330240388379923,0.6422628951747088,0.748062015503876,0.6911369740376008,0.5756457564575646
Age: Young,335,0.6497228022175823,0.6279761904761905,0.653250773993808,0.6403641881638846,0.6201923076923077
Race: black,335,0.5093304587375733,0.7540603248259861,0.9420289855072463,0.8376288659793815,0.7296137339055794
Race: others,335,0.5594500279173646,0.5352564102564102,0.8391959798994975,0.6536203522504892,0.5329815303430079
Race: white,335,0.534150080064508,0.5368217054263565,0.5236294896030246,0.5301435406698565,0.5214424951267057
Overall,336,0.5736974468618089,0.6162361623616236,0.7311733800350263,0.6688025630756909,0.5734914904589995
Gender: F,336,0.59151492475264,0.6074766355140186,0.7982456140350878,0.6899166034874905,0.5877016129032258
Gender: M,336,0.5551561771561772,0.6270627062706271,0.6643356643356644,0.6451612903225806,0.5586061246040127
Age: Adult,336,0.6106906338694418,0.6076923076923076,0.7847682119205298,0.684971098265896,0.5855513307984791
Age: Senior,336,0.4675887130248185,0.6348122866894198,0.7545638945233266,0.6895273401297498,0.5545212765957447
Age: Young,336,0.6255300207419373,0.5963060686015831,0.6512968299711815,0.6225895316804407,0.5854765506807866
Race: black,336,0.489093137254902,0.7419354838709677,0.9435897435897436,0.8306997742663657,0.714828897338403
Race: others,336,0.4993091196210028,0.6030769230769231,0.8235294117647058,0.6962699822380106,0.5581395348837209
Race: white,336,0.53261984739786,0.5074906367041199,0.5272373540856031,0.517175572519084,0.50682261208577
Overall,337,0.5542345970646323,0.6062937062937063,0.7558849171752398,0.6728754365541327,0.5742424242424242
Gender: F,337,0.5719097777241609,0.5896414342629482,0.7816901408450704,0.67221801665405,0.5816425120772947
Gender: M,337,0.5377558821031173,0.6248153618906942,0.7305699481865285,0.6735668789808917,0.5661375661375662
Age: Adult,337,0.4794222455894381,0.5974683544303797,0.7444794952681388,0.6629213483146067,0.549718574108818
Age: Senior,337,0.5655651174599781,0.6706408345752608,0.8538899430740038,0.7512520868113522,0.6325524044389642
Age: Young,337,0.584931466119585,0.49725274725274726,0.5973597359735974,0.5427286356821589,0.5204402515723271
Race: black,337,0.43264764992991167,0.7084148727984344,0.9354005167958657,0.8062360801781737,0.6777777777777778
Race: others,337,0.4476399243935735,0.5382262996941896,0.822429906542056,0.6506469500924215,0.5178571428571429
Race: white,337,0.5681979043532829,0.5557432432432432,0.6025641025641025,0.5782073813708261,0.5419847328244275
Overall,338,0.5582216436220372,0.6037151702786377,0.7208872458410351,0.6571187868576243,0.5758207399687337
Gender: F,338,0.5825777043062672,0.6236111111111111,0.7863397548161121,0.6955848179705655,0.6066066066066066
Gender: M,338,0.5269929521193881,0.5786713286713286,0.6477495107632094,0.6112650046168052,0.5423913043478261
Age: Adult,338,0.5450830140485312,0.5803571428571429,0.7471264367816092,0.6532663316582915,0.5605095541401274
Age: Senior,338,0.4915796876156636,0.6203866432337434,0.7447257383966245,0.6768935762224353,0.5559947299077734
Age: Young,338,0.6127542679946745,0.599483204134367,0.6685878962536023,0.6321525885558583,0.6081277213352685
Race: black,338,0.4608092238710367,0.6863636363636364,0.934984520123839,0.7916120576671035,0.6602564102564102
Race: others,338,0.5098872180451127,0.5925925925925926,0.8421052631578947,0.6956521739130435,0.5757575757575758
Race: white,338,0.544852079671939,0.5463917525773195,0.5588752196836555,0.5525629887054735,0.5405887600356825
Overall,339,0.5975225536223879,0.6254767353165522,0.7699530516431925,0.6902356902356902,0.6087187666135034
Gender: F,339,0.6410645718261707,0.6475524475524476,0.8312387791741472,0.7279874213836478,0.6451282051282051
Gender: M,339,0.5399809084794049,0.5989932885906041,0.702755905511811,0.6467391304347826,0.5695364238410596
Age: Adult,339,0.5607794181502388,0.5754716981132075,0.7787234042553192,0.6618444846292948,0.5661252900232019
Age: Senior,339,0.4988965952080706,0.652542372881356,0.7889344262295082,0.7142857142857143,0.59526938239159
Age: Young,339,0.6921777305896826,0.6253101736972705,0.7368421052631579,0.676510067114094,0.6502177068214804
Race: black,339,0.5397213855421688,0.7580645161290323,0.9909638554216867,0.8590078328981723,0.7610619469026548
Race: others,339,0.4424028065332413,0.5766871165644172,0.8703703703703703,0.6937269372693727,0.5596816976127321
Race: white,339,0.5847086896003181,0.5499092558983666,0.586073500967118,0.5674157303370787,0.5608365019011406
Overall,340,0.6157664457692603,0.6272189349112426,0.7557932263814616,0.6855295068714632,0.6026557711950971
Gender: F,340,0.6337704460928434,0.6308345120226309,0.8065099457504521,0.707936507936508,0.6297786720321932
Gender: M,340,0.5924895997864341,0.6232558139534884,0.7065026362038664,0.6622734761120264,0.5746887966804979
Age: Adult,340,0.6429604403806679,0.5877659574468085,0.8007246376811594,0.6779141104294478,0.587426326129666
Age: Senior,340,0.5154484723450241,0.6449912126537786,0.7841880341880342,0.7078109932497589,0.5843621399176955
Age: Young,340,0.6741699928834431,0.6388206388206388,0.6878306878306878,0.6624203821656051,0.6319444444444444
Race: black,340,0.5080341312056739,0.7224489795918367,0.9414893617021277,0.8175519630484989,0.6961538461538461
Race: others,340,0.5600240096038416,0.6592356687898089,0.8697478991596639,0.75,0.628032345013477
Race: white,340,0.5772558562111757,0.5237226277372263,0.5649606299212598,0.5435606060606061,0.5482661668228679
Overall,341,0.5713458153414562,0.5928853754940712,0.7082152974504249,0.6454388984509466,0.5624004248539565
Gender: F,341,0.6237877889027447,0.6098901098901099,0.8117001828153565,0.6964705882352941,0.613
Gender: M,341,0.4979468497304583,0.5698324022346368,0.59765625,0.5834127740705434,0.5050962627406569
Age: Adult,341,0.5129030042132259,0.4875444839857651,0.6462264150943396,0.5557809330628803,0.47607655502392343
Age: Senior,341,0.507332104332988,0.6439522998296422,0.7745901639344263,0.7032558139534884,0.5785997357992074
Age: Young,341,0.6444517164042111,0.5919395465994962,0.6545961002785515,0.6216931216931217,0.596045197740113
Race: black,341,0.5163593421594332,0.7330316742081447,0.9337175792507204,0.8212927756653993,0.70625
Race: others,341,0.3995327102803738,0.5428571428571428,0.7990654205607477,0.6465028355387523,0.5205128205128206
Race: white,341,0.5566011619292706,0.5019685039370079,0.5120481927710844,0.5069582504970179,0.510365251727542
Overall,342,0.5651430870726402,0.6322008862629247,0.7456445993031359,0.6842525979216627,0.5919421487603306
Gender: F,342,0.571552755763282,0.622478386167147,0.7783783783783784,0.6917534027221778,0.5964360587002097
Gender: M,342,0.5601121915058719,0.6424242424242425,0.715008431703204,0.6767757382282522,0.5875763747454175
Age: Adult,342,0.5309411764705882,0.5613496932515337,0.732,0.6354166666666666,0.5374449339207048
Age: Senior,342,0.5084083499912797,0.6928895612708018,0.804920913884007,0.7447154471544716,0.6221419975932612
Age: Young,342,0.6220949989616568,0.5858310626702997,0.6534954407294833,0.617816091954023,0.5913978494623656
Race: black,342,0.45425087108013934,0.7439293598233996,0.9628571428571429,0.8393524283935243,0.7272727272727273
Race: others,342,0.4692289434422894,0.5807560137457045,0.8366336633663366,0.6855983772819473,0.5545977011494253
Race: white,342,0.5533566745548357,0.5737704918032787,0.587248322147651,0.5804311774461028,0.5461883408071749
Overall,343,0.5987846676049342,0.6499272197962155,0.76,0.70066692820714,0.6079136690647482
Gender: F,343,0.6278639432720287,0.6846254927726675,0.8389694041867954,0.7539797395079595,0.6666666666666666
Gender: M,343,0.5532296882884982,0.6068515497553018,0.6714801444043321,0.6375321336760925,0.5431965442764579
Age: Adult,343,0.618233961983962,0.6666666666666666,0.7972972972972973,0.7261538461538461,0.6276150627615062
Age: Senior,343,0.5016042815693861,0.6750741839762612,0.7968476357267951,0.7309236947791165,0.600715137067938
Age: Young,343,0.6574675324675323,0.5838150289017341,0.6558441558441559,0.617737003058104,0.6025437201907791
Race: black,343,0.46532039389182245,0.70995670995671,0.956268221574344,0.8149068322981367,0.6934156378600823
Race: others,343,0.5932234432234432,0.6896551724137931,0.8791208791208791,0.7729468599033816,0.6585956416464891
Race: white,343,0.5790290770990352,0.5762411347517731,0.5813953488372093,0.578806767586821,0.5482330468003821
Overall,344,0.5785159971917156,0.6143170197224251,0.7275086505190311,0.6661386138613862,0.5751008064516129
Gender: F,344,0.6339702319141572,0.6384839650145773,0.8186915887850468,0.7174447174447175,0.6329787234042553
Gender: M,344,0.5199194466333946,0.5900439238653001,0.6489533011272142,0.6180981595092024,0.5229885057471264
Age: Adult,344,0.5827374331267546,0.6363636363636364,0.8448275862068966,0.725925925925926,0.6070796460176991
Age: Senior,344,0.4836247693911928,0.6145038167938931,0.7076923076923077,0.6578140960163432,0.5404663923182441
Age: Young,344,0.6443162044703727,0.587467362924282,0.6373937677053825,0.6114130434782609,0.5855072463768116
Race: black,344,0.5053191489361701,0.7834821428571429,0.9335106382978723,0.8519417475728155,0.7489711934156379
Race: others,344,0.48854362837413684,0.5415384615384615,0.8148148148148148,0.6506469500924215,0.5190839694656488
Race: white,344,0.5404376581324314,0.5268456375838926,0.5567375886524822,0.5413793103448276,0.5185520361990951
Overall,345,0.5802923297348556,0.6461988304093568,0.7293729372937293,0.6852713178294574,0.5958188153310104
Gender: F,345,0.5942459140466789,0.6461538461538462,0.7843803056027164,0.7085889570552147,0.6215139442231076
Gender: M,345,0.5669472153824174,0.6462480857580398,0.6773675762439807,0.6614420062695925,0.5701492537313433
Age: Adult,345,0.630682086381874,0.6121883656509696,0.775438596491228,0.6842105263157895,0.5984251968503937
Age: Senior,345,0.4162601980083036,0.635,0.7134831460674157,0.671957671957672,0.5303030303030303
Age: Young,345,0.6821552807034496,0.6928746928746928,0.7175572519083969,0.705,0.6671368124118476
Race: black,345,0.4553229166666667,0.7474120082815735,0.9626666666666667,0.8414918414918415,0.7296222664015904
Race: others,345,0.4902023895354825,0.6534090909090909,0.8646616541353384,0.7443365695792881,0.616504854368932
Race: white,345,0.5571169294753091,0.549718574108818,0.5131348511383538,0.5307971014492754,0.526508226691042
Overall,346,0.5701382036907001,0.6059190031152648,0.707916287534122,0.6529584557280739,0.5658792650918635
Gender: F,346,0.5913802836936181,0.6288951841359773,0.7914438502673797,0.7008681925808997,0.606029106029106
Gender: M,346,0.5424342558171554,0.5778546712802768,0.620817843866171,0.5985663082437276,0.5249204665959704
Age: Adult,346,0.5650792153904188,0.5479876160990712,0.7344398340248963,0.6276595744680851,0.544468546637744
Age: Senior,346,0.5399942224061336,0.6506238859180036,0.7494866529774127,0.6965648854961832,0.576
Age: Young,346,0.60145786219155,0.59,0.6361185983827493,0.6121919584954605,0.569164265129683
Race: black,346,0.5378230479168583,0.7146118721461188,0.9427710843373494,0.812987012987013,0.6889848812095032
Race: others,346,0.4845283214786356,0.5331230283911672,0.8203883495145631,0.6462715105162524,0.5292620865139949
Race: white,346,0.5586226293796207,0.5595463137996219,0.5276292335115864,0.5431192660550459,0.5252621544327931
Overall,347,0.5945282469817552,0.6502463054187192,0.7837150127226463,0.7107692307692308,0.6105644743656137
Gender: F,347,0.6336917562724014,0.708974358974359,0.8378787878787879,0.7680555555555556,0.6763565891472868
Gender: M,347,0.5329530473582801,0.5787831513260531,0.7148362235067437,0.6396551724137931,0.5350389321468298
Age: Adult,347,0.5581674041297935,0.5270655270655271,0.7708333333333334,0.626057529610829,0.5257510729613734
Age: Senior,347,0.5451188853343928,0.7105263157894737,0.8422876949740035,0.7708168120539255,0.6518072289156627
Age: Young,347,0.6528595713678588,0.655440414507772,0.6988950276243094,0.6764705882352942,0.6188976377952756
Race: black,347,0.4712764416111272,0.7441860465116279,0.9458128078817734,0.8329718004338394,0.7158671586715867
Race: others,347,0.5247716737803478,0.6401028277634961,0.9256505576208178,0.756838905775076,0.62877030162413
Race: white,347,0.5790875638067268,0.563953488372093,0.5773809523809523,0.5705882352941176,0.5427974947807933
Overall,348,0.5884136841993705,0.6466060181945417,0.7687188019966722,0.7023945267958951,0.6059386009058882
Gender: F,348,0.6593911211509501,0.6688227684346701,0.8531353135313532,0.7498187092095722,0.6611001964636543
Gender: M,348,0.5041046655990788,0.6204268292682927,0.6828859060402684,0.6501597444089456,0.5479876160990712
Age: Adult,348,0.5751754553357505,0.5692771084337349,0.7974683544303798,0.664323374340949,0.5619266055045872
Age: Senior,348,0.526541011988371,0.7102941176470589,0.7983471074380165,0.7517509727626459,0.6282051282051282
Age: Young,348,0.6473723723723723,0.60431654676259,0.7,0.6486486486486487,0.6060606060606061
Race: black,348,0.5553364220719593,0.7420718816067653,0.9669421487603306,0.8397129186602871,0.7292929292929293
Race: others,348,0.4953716662001679,0.6103896103896104,0.8362989323843416,0.7057057057057057,0.5729847494553377
Race: white,348,0.575144312393888,0.5919439579684763,0.6057347670250897,0.5987599645704162,0.5614714424007744
Overall,349,0.5376779702927345,0.5921052631578947,0.708041958041958,0.6449044585987261,0.5425641025641026
Gender: F,349,0.5751844559361273,0.6129943502824858,0.768141592920354,0.6818538884524745,0.5841889117043121
Gender: M,349,0.49261081600779594,0.5696969696969697,0.6493955094991365,0.6069410815173527,0.5010245901639344
Age: Adult,349,0.5005364098501353,0.5702702702702702,0.7104377104377104,0.6326836581709145,0.5109780439121756
Age: Senior,349,0.4967577026006999,0.6178451178451179,0.742914979757085,0.6746323529411765,0.5513307984790875
Age: Young,349,0.6017984516152846,0.5742574257425742,0.6572237960339944,0.6129458388375165,0.556060606060606
Race: black,349,0.5488898856245795,0.7086776859504132,0.9423076923076923,0.8089622641509434,0.6829745596868885
Race: others,349,0.43921976114063244,0.5615141955835962,0.777292576419214,0.652014652014652,0.5189873417721519
Race: white,349,0.5009626605507964,0.5097001763668431,0.5245009074410163,0.516994633273703,0.4827586206896552
Overall,350,0.5661520658548773,0.6325648414985591,0.7472340425531915,0.685134607881389,0.5932459677419355
Gender: F,350,0.6035094155050134,0.6587183308494784,0.7836879432624113,0.7157894736842105,0.6269925611052072
Gender: M,350,0.5274538552464085,0.6080892608089261,0.7135842880523732,0.6566265060240963,0.5627996164908916
Age: Adult,350,0.5070028011204483,0.5691823899371069,0.7098039215686275,0.631762652705061,0.532150776053215
Age: Senior,350,0.4857303590955924,0.6734397677793904,0.8241563055062167,0.7412140575079872,0.6161137440758294
Age: Young,350,0.6622920252438323,0.6115485564304461,0.6526610644257703,0.6314363143631436,0.6052249637155298
Race: black,350,0.4541324989210186,0.6912442396313364,0.9063444108761329,0.7843137254901961,0.6496815286624203
Race: others,350,0.5261481481481483,0.6322188449848024,0.832,0.7184801381692574,0.6043689320388349
Race: white,350,0.5779374946041612,0.592,0.622895622895623,0.6070549630844955,0.5649409627611263
Overall,351,0.5864173947905243,0.6101694915254238,0.7564469914040115,0.6754797441364605,0.5901992460958535
Gender: F,351,0.6114981205708273,0.6421356421356421,0.8105646630236795,0.71658615136876,0.6263269639065817
Gender: M,351,0.5521341962574519,0.5735537190082645,0.6967871485943775,0.629193109700816,0.5530054644808743
Age: Adult,351,0.5152298789664456,0.5946745562130178,0.8137651821862348,0.6871794871794872,0.5821917808219178
Age: Senior,351,0.5321601307189543,0.6334913112164297,0.7862745098039216,0.7016622922134733,0.5790123456790124
Age: Young,351,0.6569992433250459,0.581039755351682,0.6551724137931034,0.6158833063209076,0.6108374384236454
Race: black,351,0.5220326289369281,0.7276595744680852,0.9553072625698324,0.8260869565217391,0.7096774193548387
Race: others,351,0.41924721430422396,0.6357827476038339,0.8766519823788547,0.737037037037037,0.6088154269972452
Race: white,351,0.5470718647024617,0.487378640776699,0.5432900432900433,0.5138178096212896,0.5240480961923848
Overall,352,0.5830375424322433,0.6322730799069046,0.7355595667870036,0.6800166875260742,0.5988493723849372
Gender: F,352,0.6288544006534612,0.6638176638176638,0.802065404475043,0.7264224473889321,0.6468812877263581
Gender: M,352,0.5271162833584881,0.5945485519591142,0.6622390891840607,0.6265709156193896,0.5468409586056645
Age: Adult,352,0.6010332103321033,0.6033519553072626,0.7970479704797048,0.6868044515103339,0.6028225806451613
Age: Senior,352,0.4803622616122617,0.6611295681063123,0.7683397683397684,0.7107142857142857,0.5856777493606138
Age: Young,352,0.639254615116684,0.6109422492401215,0.6300940438871473,0.6203703703703703,0.61198738170347
Race: black,352,0.5282571772956388,0.7642857142857142,0.9497041420118343,0.8469656992084432,0.7399103139013453
Race: others,352,0.4829791012965484,0.6718266253869969,0.8543307086614174,0.7521663778162911,0.6304909560723514
Race: white,352,0.5282780508626268,0.5073260073260073,0.5368217054263565,0.5216572504708098,0.5291936978683967
Overall,353,0.5376569762315628,0.6308139534883721,0.7343485617597293,0.6786551993745114,0.5865191146881288
Gender: F,353,0.5308280672675162,0.6296829971181557,0.739424703891709,0.6801556420233463,0.5818921668362157
Gender: M,353,0.5416636013634467,0.6319648093841642,0.7292724196277496,0.6771406127258445,0.591044776119403
Age: Adult,353,0.5310417479516192,0.5449438202247191,0.7054545454545454,0.6148969889064976,0.5216535433070866
Age: Senior,353,0.44360976795353957,0.7070254110612855,0.7805280528052805,0.7419607843137255,0.6192129629629629
Age: Young,353,0.6192427358540316,0.5726495726495726,0.6677740863787376,0.6165644171779141,0.5941558441558441
Race: black,353,0.43422944725028056,0.6795918367346939,0.9460227272727273,0.7909738717339667,0.6575875486381323
Race: others,353,0.5442411329740571,0.6064516129032258,0.9306930693069307,0.734375,0.6222222222222222
Race: white,353,0.5419812062593378,0.6024305555555556,0.552547770700637,0.5764119601328903,0.5421903052064632
Overall,354,0.5931468107839427,0.6351145038167939,0.7191011235955056,0.6745034454803405,0.5852272727272727
Gender: F,354,0.6632231404958677,0.6717032967032966,0.8082644628099174,0.7336834208552138,0.6424974823766365
Gender: M,354,0.5090348048482153,0.5893470790378007,0.6213768115942029,0.6049382716049383,0.5249204665959704
Age: Adult,354,0.5547680412371134,0.5636942675159236,0.7254098360655737,0.6344086021505376,0.5342465753424658
Age: Senior,354,0.5411002760970451,0.6804281345565749,0.75809199318569,0.717163577759871,0.5997719498289624
Age: Young,354,0.6656597691587812,0.6140350877192983,0.6441717791411042,0.6287425149700598,0.6006441223832528
Race: black,354,0.5182744565217391,0.8218527315914489,0.9402173913043478,0.8770595690747782,0.7834821428571429
Race: others,354,0.505977214377407,0.574468085106383,0.8289473684210527,0.6786355475763016,0.5433673469387755
Race: white,354,0.5375281123494428,0.5303571428571429,0.5294117647058824,0.5298840321141838,0.5191605839416058
Overall,355,0.5337303369344863,0.598586017282011,0.6501706484641638,0.6233128834355828,0.5324873096446701
Gender: F,355,0.5960024324670338,0.6262068965517241,0.7773972602739726,0.693659281894576,0.6037549407114624
Gender: M,355,0.4623391248391248,0.5620437956204379,0.5238095238095238,0.5422535211267606,0.4572025052192067
Age: Adult,355,0.5739799422997665,0.5797546012269938,0.7529880478087649,0.6551126516464472,0.5616740088105727
Age: Senior,355,0.4385733733008765,0.635593220338983,0.6613756613756614,0.648228176318064,0.5096385542168674
Age: Young,355,0.5883917024028317,0.5546218487394958,0.559322033898305,0.5569620253164557,0.5408163265306123
Race: black,355,0.5139372045312639,0.6778846153846154,0.9306930693069307,0.7844228094575799,0.656319290465632
Race: others,355,0.4662528538812786,0.6161971830985915,0.7990867579908676,0.6958250497017893,0.5590778097982709
Race: white,355,0.50745505452402,0.5322862129144852,0.46923076923076923,0.4987735077677841,0.47696245733788395
Overall,356,0.5870826465238103,0.6436865021770682,0.7523324851569126,0.6937817755181854,0.6033434650455927
Gender: F,356,0.5978527935049675,0.6624040920716112,0.8043478260869565,0.726507713884993,0.6289248334919124
Gender: M,356,0.5614004239329414,0.6191275167785235,0.6897196261682244,0.6525198938992043,0.5742145178764897
Age: Adult,356,0.5867302946510868,0.6306068601583114,0.7177177177177178,0.6713483146067416,0.5626168224299065
Age: Senior,356,0.5516467390518599,0.6565008025682183,0.8485477178423236,0.7402714932126697,0.6267880364109233
Age: Young,356,0.6153307476836889,0.6356382978723404,0.6565934065934066,0.6459459459459459,0.608955223880597
Race: black,356,0.45766224283812224,0.772,0.9698492462311558,0.8596881959910914,0.7553398058252427
Race: others,356,0.4911432423636617,0.6298342541436464,0.8321167883211679,0.7169811320754716,0.5823665893271461
Race: white,356,0.5441572306329431,0.5290697674418605,0.5384615384615384,0.533724340175953,0.5359922178988327
Overall,357,0.5466452520515828,0.6203890006706908,0.74,0.67493615468807,0.5763195435092725
Gender: F,357,0.5776502701576052,0.6658031088082902,0.7993779160186625,0.7265017667844523,0.6246362754607178
Gender: M,357,0.4973339710545429,0.5716272600834492,0.6771004942339374,0.6199095022624435,0.5298507462686567
Age: Adult,357,0.5206688115433363,0.5745341614906833,0.7034220532319392,0.6324786324786325,0.5305676855895196
Age: Senior,357,0.48250388802488337,0.6527093596059114,0.8242612752721618,0.7285223367697594,0.5981688708036622
Age: Young,357,0.6145010604066111,0.5882352941176471,0.6104651162790697,0.5991440798858774,0.5755287009063444
Race: black,357,0.3603743508841123,0.7826855123674912,0.9609544468546638,0.8627069133398247,0.7622259696458684
Race: others,357,0.4574323262998062,0.6551724137931034,0.8475836431226765,0.7390599675850892,0.6082725060827251
Race: white,357,0.49559585492227987,0.44020797227036396,0.48846153846153845,0.463081130355515,0.4640582347588717
Overall,358,0.5637008496987038,0.6215429403202329,0.7330472103004292,0.6727057896809767,0.575370464997445
Gender: F,358,0.5711651559950237,0.6214099216710183,0.7959866220735786,0.6979472140762464,0.5928853754940712
Gender: M,358,0.5590082397842538,0.6217105263157895,0.6666666666666666,0.6434042553191489,0.5566137566137566
Age: Adult,358,0.566306873776908,0.5912806539509536,0.7431506849315068,0.6585735963581184,0.563953488372093
Age: Senior,358,0.5113740808823529,0.6486486486486487,0.75,0.6956521739130435,0.566747572815534
Age: Young,358,0.6108947568389058,0.6058201058201058,0.6960486322188449,0.6478076379066479,0.5964343598055105
Race: black,358,0.436592845772076,0.7569892473118279,0.9723756906077348,0.8512696493349455,0.74375
Race: others,358,0.4679476047532809,0.573170731707317,0.8068669527896996,0.6702317290552585,0.5443349753694581
Race: white,358,0.5406817943061246,0.540447504302926,0.5508771929824562,0.5456125108601216,0.5116713352007469
Overall,359,0.6068567426340972,0.600312256049961,0.7227443609022557,0.655863539445629,0.5752631578947368
Gender: F,359,0.645208147634611,0.6220028208744711,0.7989130434782609,0.6994448850118953,0.6175580221997982
Gender: M,359,0.5561142159949621,0.5734265734265734,0.640625,0.6051660516605166,0.5291529152915292
Age: Adult,359,0.5881120636391721,0.5718954248366013,0.7028112449799196,0.6306306306306306,0.5514223194748359
Age: Senior,359,0.5472853535353536,0.6417910447761194,0.7818181818181819,0.7049180327868853,0.5862068965517241
Age: Young,359,0.6578768382352941,0.5564516129032258,0.646875,0.5982658959537572,0.5787878787878787
Race: black,359,0.538952517298974,0.7794759825327511,0.937007874015748,0.8510131108462455,0.745417515274949
Race: others,359,0.4738556632141664,0.5620689655172414,0.7951219512195122,0.6585858585858586,0.5185185185185185
Race: white,359,0.5389554176886452,0.46716697936210133,0.5209205020920502,0.49258160237388726,0.5151228733459358
Overall,360,0.6094939697404923,0.6285936285936286,0.7268643306379156,0.6741666666666667,0.5958656330749355
Gender: F,360,0.6523694370200669,0.673352435530086,0.8075601374570447,0.734375,0.6555217831813577
Gender: M,360,0.5528842462752961,0.5755517826825127,0.6384180790960452,0.6053571428571428,0.5337552742616034
Age: Adult,360,0.5918225778208807,0.6329411764705882,0.7935103244837758,0.7041884816753927,0.5949820788530465
Age: Senior,360,0.5194438864336414,0.62890625,0.706140350877193,0.6652892561983471,0.5487465181058496
Age: Young,360,0.6836948302255667,0.6228571428571429,0.6855345911949685,0.6526946107784432,0.6479514415781487
Race: black,360,0.5150144178184349,0.7608200455580866,0.9382022471910112,0.8402515723270441,0.7292110874200426
Race: others,360,0.4981470832534663,0.6060606060606061,0.8108108108108109,0.6936416184971098,0.5619834710743802
Race: white,360,0.5709474134526787,0.5353901996370236,0.5514018691588785,0.5432780847145487,0.5503173164097914
Overall,361,0.5485626910633097,0.5874538745387454,0.7552182163187856,0.6608551266085513,0.5711286089238845
Gender: F,361,0.5815888246577616,0.5981182795698925,0.8380414312617702,0.6980392156862745,0.5997920997920998
Gender: M,361,0.5107165619593917,0.574468085106383,0.6711281070745698,0.6190476190476191,0.5418875927889714
Age: Adult,361,0.603231303663892,0.5059880239520959,0.8086124401913876,0.6224677716390423,0.5210280373831776
Age: Senior,361,0.45359874603932754,0.651017214397496,0.7863894139886578,0.7123287671232876,0.5851851851851851
Age: Young,361,0.6028300696022215,0.5523560209424084,0.6677215189873418,0.6045845272206304,0.5862068965517241
Race: black,361,0.45228126677402036,0.755859375,0.9555555555555556,0.8440567066521265,0.7366482504604052
Race: others,361,0.43738826815642456,0.4967741935483871,0.77,0.6039215686274509,0.46701846965699206
Race: white,361,0.5236689105210913,0.47842401500938087,0.5679287305122495,0.5193482688391039,0.5198372329603256
Overall,362,0.6027559334513148,0.5983667409057164,0.7560975609756098,0.6680480729382512,0.5810669456066946
Gender: F,362,0.6172555333817127,0.6085043988269795,0.7830188679245284,0.6848184818481848,0.5961945031712473
Gender: M,362,0.5835473793821588,0.58796992481203,0.7294776119402985,0.6511240632805995,0.5662525879917184
Age: Adult,362,0.6423681972789116,0.6073619631901841,0.8081632653061225,0.6935201401050788,0.5995423340961098
Age: Senior,362,0.5335464955076662,0.5982532751091703,0.8170974155069582,0.6907563025210084,0.5619047619047619
Age: Young,362,0.6429280003174415,0.5898203592814372,0.6194968553459119,0.6042944785276073,0.5937007874015748
Race: black,362,0.44175000000000003,0.7465346534653465,0.9425,0.8331491712707182,0.7177570093457943
Race: others,362,0.4800329614604463,0.6185897435897436,0.8318965517241379,0.7095588235294118,0.5706521739130435
Race: white,362,0.5510238429172511,0.44528301886792454,0.543778801843318,0.4896265560165975,0.512388503468781
Overall,363,0.5412221013087836,0.6038151137197358,0.7257495590828924,0.6591910292350821,0.5702020202020202
Gender: F,363,0.5893268933600654,0.6211512717536813,0.8126094570928196,0.7040971168437026,0.6150049358341559
Gender: M,363,0.49116516891476003,0.5827922077922078,0.6376554174067496,0.6089906700593724,0.5232678386763185
Age: Adult,363,0.5669150807055423,0.5311572700296736,0.7075098814229249,0.6067796610169491,0.5166666666666667
Age: Senior,363,0.5052022513572896,0.6671664167916042,0.76592082616179,0.7131410256410257,0.5986547085201793
Age: Young,363,0.5718722943722944,0.5543175487465181,0.6633333333333333,0.6039453717754173,0.5707236842105263
Race: black,363,0.47841071053061995,0.7348314606741573,0.9703264094955489,0.8363171355498721,0.7241379310344828
Race: others,363,0.4720522763176792,0.5704918032786885,0.8246445497630331,0.6744186046511628,0.5531914893617021
Race: white,363,0.5066442010325157,0.5252854812398042,0.5494880546075085,0.5371142618849041,0.5131578947368421
Overall,364,0.5831531758773407,0.6173020527859238,0.7392449517120281,0.6727926488214143,0.58
Gender: F,364,0.6134547927000757,0.6675358539765319,0.8050314465408805,0.729864575908767,0.6366251198465963
Gender: M,364,0.5313982441981773,0.5527638190954773,0.6560636182902585,0.6,0.5148842337375965
Age: Adult,364,0.557677276280152,0.5942028985507246,0.7564575645756457,0.6655844155844156,0.5654008438818565
Age: Senior,364,0.5475732225546429,0.6595092024539877,0.7948243992606284,0.7208717518860017,0.5997596153846154
Age: Young,364,0.624620148756982,0.5640326975476839,0.6330275229357798,0.5965417867435159,0.5652173913043478
Race: black,364,0.5157074288679409,0.7612903225806451,0.9490616621983914,0.8448687350835322,0.738430583501006
Race: others,364,0.5043676561533704,0.6561604584527221,0.8674242424242424,0.7471451876019576,0.6228710462287105
Race: white,364,0.5112107127047366,0.4709090909090909,0.5159362549800797,0.4923954372623574,0.4875239923224568
Overall,365,0.5566632291195319,0.6182357301704967,0.7152658662092625,0.663220675944334,0.5724381625441696
Gender: F,365,0.5486225463765794,0.6393229166666666,0.7530674846625767,0.6915492957746479,0.5917986952469712
Gender: M,365,0.5561511189239369,0.5903614457831325,0.6673151750972762,0.6264840182648402,0.5495594713656388
Age: Adult,365,0.5731503210900689,0.5808580858085809,0.701195219123506,0.6353790613718412,0.5702127659574469
Age: Senior,365,0.5036127452915861,0.6632653061224489,0.7724957555178268,0.7137254901960784,0.5898876404494382
Age: Young,365,0.5903972132681709,0.5638888888888889,0.6226993865030674,0.5918367346938775,0.5491143317230274
Race: black,365,0.4079192703084056,0.7142857142857143,0.8536585365853658,0.7777777777777778,0.643652561247216
Race: others,365,0.5334238665002815,0.6045845272206304,0.8828451882845189,0.717687074829932,0.5951219512195122
Race: white,365,0.5498616240579423,0.5641447368421053,0.5726210350584308,0.5683512841756421,0.535650623885918
Overall,366,0.5786330230541534,0.6197604790419161,0.7295154185022027,0.6701740186159449,0.583758937691522
Gender: F,366,0.626118315288876,0.6717241379310345,0.7867528271405493,0.7247023809523809,0.6400778210116731
Gender: M,366,0.5083511215968244,0.55810147299509,0.6608527131782945,0.6051464063886424,0.521505376344086
Age: Adult,366,0.6111841294615352,0.6078431372549019,0.7410358565737052,0.6678635547576302,0.5842696629213483
Age: Senior,366,0.5205459365615616,0.6259904912836767,0.771484375,0.6911636045494314,0.5822485207100592
Age: Young,366,0.6221029497239174,0.6190476190476191,0.6639784946236559,0.6407263294422828,0.5853293413173652
Race: black,366,0.46773129628053445,0.751578947368421,0.941952506596306,0.8360655737704918,0.7216699801192843
Race: others,366,0.4479971795080411,0.5907692307692308,0.7966804979253111,0.6784452296819788,0.5380710659898477
Race: white,366,0.5371492585084819,0.5205223880597015,0.541747572815534,0.5309229305423406,0.5353440150801131
Overall,367,0.5815709269647044,0.6346153846153846,0.7255936675461742,0.6770619614279852,0.5890339425587467
Gender: F,367,0.6201465699735597,0.6502890173410405,0.7785467128027682,0.7086614173228346,0.6243654822335025
Gender: M,367,0.5300907955581059,0.6167763157894737,0.6708407871198568,0.6426735218508998,0.5516129032258065
Age: Adult,367,0.5879334154443325,0.5288461538461539,0.7051282051282052,0.6043956043956044,0.5334773218142549
Age: Senior,367,0.47147800261965306,0.6757188498402555,0.773308957952468,0.7212276214833759,0.5952970297029703
Age: Young,367,0.668446668227216,0.6546961325966851,0.6657303370786517,0.6601671309192201,0.6211180124223602
Race: black,367,0.409185878962536,0.7348314606741573,0.9423631123919308,0.8257575757575758,0.7044967880085653
Race: others,367,0.48634354850394845,0.6088560885608856,0.7710280373831776,0.6804123711340206,0.5481049562682215
Race: white,367,0.5834777357697962,0.5702054794520548,0.578125,0.5741379310344827,0.5529411764705883
Overall,368,0.5880470689841304,0.6422703510082151,0.7288135593220338,0.6828106391425168,0.593384223918575
Gender: F,368,0.6304065452091768,0.6396011396011396,0.787719298245614,0.7059748427672956,0.6206896551724138
Gender: M,368,0.5463658980852104,0.6452119309262166,0.6737704918032786,0.6591820368885325,0.5658835546475995
Age: Adult,368,0.5877892870474057,0.5880758807588076,0.7695035460992907,0.6666666666666666,0.5745098039215686
Age: Senior,368,0.5193639593246855,0.7032374100719424,0.7391304347826086,0.7207373271889401,0.6018396846254928
Age: Young,368,0.6434104648738795,0.6086956521739131,0.6829268292682927,0.6436781609195402,0.5979827089337176
Race: black,368,0.4982433353206712,0.7751004016064257,0.9698492462311558,0.8616071428571429,0.7596899224806202
Race: others,368,0.4866322701688556,0.5963855421686747,0.8048780487804879,0.6851211072664359,0.5472636815920398
Race: white,368,0.5505958465987091,0.5422396856581533,0.5149253731343284,0.5282296650717704,0.5291308500477555
Overall,369,0.5683910813334304,0.6346010439970171,0.7279726261762189,0.6780876494023904,0.5869120654396728
Gender: F,369,0.6200092342834924,0.6169088507265522,0.7668308702791461,0.6837481698389458,0.600739371534196
Gender: M,369,0.5012084849863512,0.6575342465753424,0.6857142857142857,0.6713286713286714,0.5697940503432495
Age: Adult,369,0.5848715057273428,0.5823170731707317,0.7670682730923695,0.6620450606585788,0.5685840707964602
Age: Senior,369,0.48790520514238495,0.6820276497695853,0.7641996557659209,0.7207792207792207,0.5990675990675991
Age: Young,369,0.6320179105051261,0.5966850828729282,0.6371681415929203,0.6162624821683309,0.5835913312693498
Race: black,369,0.5269010416666666,0.7991452991452992,0.9739583333333334,0.8779342723004695,0.7851239669421488
Race: others,369,0.551910569105691,0.5945121951219512,0.8666666666666667,0.705244122965642,0.5809768637532133
Race: white,369,0.48474801966675773,0.5174311926605505,0.5035714285714286,0.5104072398190045,0.5004616805170822
Overall,370,0.5664896358543416,0.5888285492629945,0.7228571428571429,0.648995297135528,0.5678947368421052
Gender: F,370,0.6242253674638764,0.6302864938608458,0.8020833333333334,0.7058823529411765,0.6232876712328768
Gender: M,370,0.4843025441784685,0.5341726618705036,0.6265822784810127,0.5766990291262136,0.5034168564920274
Age: Adult,370,0.5693222548061257,0.4885245901639344,0.7525252525252525,0.5924453280318092,0.5060240963855421
Age: Senior,370,0.4807458230832308,0.659270998415214,0.7675276752767528,0.7092924126172208,0.5891566265060241
Age: Young,370,0.6397755960729313,0.5495750708215298,0.6258064516129033,0.5852187028657617,0.5801526717557252
Race: black,370,0.4629939813763343,0.713216957605985,0.9662162162162162,0.8206599713055954,0.6987951807228916
Race: others,370,0.41813421128223255,0.598314606741573,0.7859778597785978,0.6794258373205742,0.541095890410959
Race: white,370,0.5506750803929343,0.48872180451127817,0.5383022774327122,0.5123152709359606,0.5272206303724928
Overall,371,0.6066391429759368,0.6295731707317073,0.727112676056338,0.6748366013071896,0.5915854284248332
Gender: F,371,0.608691744438575,0.6481481481481481,0.7765451664025357,0.7065609228550829,0.6171213546566322
Gender: M,371,0.5987604272238247,0.60431654676259,0.6653465346534654,0.6333647502356268,0.5609480812641083
Age: Adult,371,0.595190065973313,0.651685393258427,0.755700325732899,0.6998491704374057,0.6051587301587301
Age: Senior,371,0.5872217680359099,0.6619964973730298,0.7842323651452282,0.717948717948718,0.6045272969374168
Age: Young,371,0.617283591758091,0.561038961038961,0.622478386167147,0.5901639344262295,0.5677233429394812
Race: black,371,0.5595411795728225,0.6924643584521385,0.9264305177111717,0.7925407925407926,0.6590038314176245
Race: others,371,0.5441639918295885,0.6187290969899666,0.8043478260869565,0.6994328922495274,0.5804749340369393
Race: white,371,0.6019059525935753,0.5766283524904214,0.5584415584415584,0.5673892554194157,0.5620229007633588
Overall,372,0.6173714693706849,0.6652014652014652,0.7547797173732336,0.7071651090342679,0.624750499001996
Gender: F,372,0.6440536346635897,0.6808803301237965,0.8075040783034257,0.7388059701492538,0.6578690127077224
Gender: M,372,0.5804759634141055,0.6473354231974922,0.7,0.6726384364820847,0.5902140672782875
Age: Adult,372,0.6140949711409497,0.628498727735369,0.8151815181518152,0.7097701149425287,0.6130268199233716
Age: Senior,372,0.5421940047060134,0.6962457337883959,0.758364312267658,0.7259786476868327,0.6173913043478261
Age: Young,372,0.6818731912654565,0.655440414507772,0.6988950276243094,0.6764705882352942,0.6425406203840472
Race: black,372,0.43136861130635606,0.7871939736346516,0.9653579676674365,0.8672199170124482,0.7664233576642335
Race: others,372,0.5015081291841389,0.5910780669144982,0.8071065989847716,0.6824034334763949,0.5582089552238806
Race: white,372,0.6122342390542795,0.5858407079646017,0.5776614310645725,0.5817223198594025,0.5753791257805531
Overall,373,0.5930108372937191,0.6359011627906976,0.7352941176470589,0.6819953234606392,0.5901557006529382
Gender: F,373,0.6526803269444813,0.6433990895295902,0.8045540796963947,0.715008431703204,0.6301969365426696
Gender: M,373,0.5407622357750235,0.6290097629009763,0.6802413273001509,0.6536231884057971,0.5561745589600743
Age: Adult,373,0.5716209262435678,0.5609756097560976,0.7811320754716982,0.6529968454258676,0.5463917525773195
Age: Senior,373,0.5372810675562969,0.6857142857142857,0.7926605504587156,0.7353191489361702,0.61557478368356
Age: Young,373,0.6561638718246721,0.6259946949602122,0.6210526315789474,0.6235138705416117,0.5911047345767575
Race: black,373,0.5352447575147699,0.7514231499051234,0.9383886255924171,0.8345626975763962,0.7235915492957746
Race: others,373,0.5039463533321464,0.6327868852459017,0.7845528455284553,0.7005444646098004,0.5691906005221932
Race: white,373,0.5521364961020133,0.5257352941176471,0.5478927203065134,0.5365853658536586,0.525
Overall,374,0.5861117440064809,0.6281951975213013,0.7151675485008818,0.6688659793814433,0.5923857868020305
Gender: F,374,0.6140558483300156,0.6476190476190476,0.7712665406427222,0.7040552200172563,0.6214128035320088
Gender: M,374,0.558148328201804,0.6096822995461422,0.6661157024793388,0.636650868878357,0.5676691729323309
Age: Adult,374,0.5796536996066863,0.597911227154047,0.7951388888888888,0.6825633383010432,0.585603112840467
Age: Senior,374,0.527965793028091,0.6753022452504318,0.7773359840954275,0.722735674676525,0.6078431372549019
Age: Young,374,0.6264954257565095,0.5805471124620061,0.5568513119533528,0.5684523809523809,0.5803183791606368
Race: black,374,0.47512538580246916,0.7178947368421053,0.9472222222222222,0.8167664670658683,0.6964285714285714
Race: others,374,0.48095270859134903,0.6095238095238096,0.7441860465116279,0.6701570680628273,0.5573770491803278
Race: white,374,0.5927323728637703,0.5548902195608783,0.5387596899224806,0.5467059980334317,0.5563041385948027
Overall,375,0.5425621620963421,0.607681755829904,0.7534013605442177,0.6727410782080486,0.5719960278053625
Gender: F,375,0.5576308161252727,0.6100244498777506,0.8127035830618893,0.696927374301676,0.5866666666666667
Gender: M,375,0.5238398753563145,0.6046875,0.6886120996441281,0.6439267886855241,0.5560165975103735
Age: Adult,375,0.5028103187573504,0.5641646489104116,0.8291814946619217,0.6714697406340058,0.556420233463035
Age: Senior,375,0.45525899189463015,0.6498516320474778,0.7821428571428571,0.7098865478119936,0.5748218527315915
Age: Young,375,0.6328312000369669,0.5795148247978437,0.6417910447761194,0.6090651558073654,0.5805471124620061
Race: black,375,0.47425184763170797,0.7367424242424242,0.9418886198547215,0.8267800212539851,0.7120141342756183
Race: others,375,0.44091954022988505,0.5686274509803921,0.812,0.6688632619439868,0.5259433962264151
Race: white,375,0.5165291463056423,0.5130890052356021,0.5730994152046783,0.5414364640883977,0.513671875
Overall,376,0.609725400457666,0.6374558303886926,0.7843478260869565,0.7033138401559454,0.6093429158110883
Gender: F,376,0.6327514928801102,0.6732804232804233,0.8183279742765274,0.7387518142235123,0.6425024826216484
Gender: M,376,0.576188641866608,0.5963581183611533,0.7443181818181818,0.6621735467565291,0.5738575982996812
Age: Adult,376,0.553197795507706,0.6227390180878553,0.7799352750809061,0.6925287356321839,0.5812133072407045
Age: Senior,376,0.604411219988551,0.6681749622926093,0.8502879078694817,0.7483108108108109,0.630272952853598
Age: Young,376,0.6367564308681672,0.5972602739726027,0.68125,0.6364963503649635,0.6053882725832013
Race: black,376,0.5382497318703078,0.7591093117408907,0.959079283887468,0.847457627118644,0.7378640776699029
Race: others,376,0.5498377793799567,0.6241830065359477,0.8721461187214612,0.7276190476190476,0.6145552560646901
Race: white,376,0.5635979849581383,0.5463414634146342,0.6222222222222222,0.5818181818181818,0.5451977401129944
Overall,377,0.6090104104343664,0.6370262390670554,0.7540983606557377,0.6906361122086132,0.6047450782433115
Gender: F,377,0.6337339642602076,0.6537966537966537,0.8206785137318255,0.7277936962750716,0.6353166986564299
Gender: M,377,0.5735751415575976,0.6151260504201681,0.6777777777777778,0.6449339207048458,0.5708200212992546
Age: Adult,377,0.5962343096234309,0.5454545454545454,0.7384615384615385,0.6274509803921569,0.5430861723446894
Age: Senior,377,0.5758928571428572,0.7316692667706708,0.8375,0.7810158201498751,0.666243654822335
Age: Young,377,0.6254518260002493,0.5620052770448549,0.6283185840707964,0.5933147632311978,0.579250720461095
Race: black,377,0.44881961259079906,0.7672064777327935,0.9023809523809524,0.8293216630196937,0.7100371747211895
Race: others,377,0.5275014293882219,0.5800604229607251,0.8727272727272727,0.6969147005444646,0.5593667546174143
Race: white,377,0.5984797864630289,0.5539305301645339,0.5838150289017341,0.5684803001876173,0.5676691729323309
Overall,378,0.5857570505590217,0.6203768318213538,0.7617823479005998,0.6838461538461539,0.5906374501992032
Gender: F,378,0.5986007738144812,0.6028645833333334,0.801038062283737,0.687964338781575,0.5942028985507246
Gender: M,378,0.5752400785229201,0.6406015037593985,0.7232597623089984,0.6794258373205742,0.5868448098663926
Age: Adult,378,0.5283545588778147,0.6151832460732984,0.7807308970099668,0.6881405563689604,0.5880077369439072
Age: Senior,378,0.5464619249811002,0.6096491228070176,0.8224852071005917,0.7002518891687658,0.5819672131147541
Age: Young,378,0.6648714454620147,0.6457765667574932,0.6601671309192201,0.6528925619834711,0.6043956043956044
Race: black,378,0.5219326128417038,0.76,0.9575596816976127,0.8474178403755869,0.7389558232931727
Race: others,378,0.44917582417582413,0.5177514792899408,0.7954545454545454,0.6272401433691757,0.48258706467661694
Race: white,378,0.5759212156786018,0.5693548387096774,0.6192982456140351,0.5932773109243697,0.5631768953068592
Overall,379,0.5890786189344542,0.6274944567627494,0.7414847161572052,0.6797437950360288,0.5893223819301848
Gender: F,379,0.6381737295614641,0.6639566395663956,0.7980456026058632,0.7248520710059172,0.6352941176470588
Gender: M,379,0.5286541718254137,0.583739837398374,0.6760828625235404,0.6265270506108203,0.5387931034482759
Age: Adult,379,0.5316194734227521,0.633245382585752,0.7868852459016393,0.7017543859649122,0.5944333996023857
Age: Senior,379,0.49653742767324255,0.614853195164076,0.7623126338329764,0.6806883365200764,0.5540720961281709
Age: Young,379,0.6746196432573311,0.640506329113924,0.67828418230563,0.6588541666666666,0.6235632183908046
Race: black,379,0.4560657596371882,0.7877629063097514,0.9342403628117913,0.8547717842323651,0.750445632798574
Race: others,379,0.4663859445331785,0.5663082437275986,0.8144329896907216,0.6680761099365751,0.5327380952380952
Race: white,379,0.5563190895581892,0.5063520871143375,0.5470588235294118,0.525918944392083,0.5214081826831589
Overall,380,0.5927945523197703,0.6323639075316928,0.731665228645384,0.6784,0.5912557193695984
Gender: F,380,0.6349174007710593,0.6639676113360324,0.8,0.7256637168141593,0.6360078277886497
Gender: M,380,0.5400767383013055,0.5933333333333334,0.6544117647058824,0.6223776223776224,0.5428571428571428
Age: Adult,380,0.6077586206896551,0.6420765027322405,0.8103448275862069,0.7164634146341463,0.6188524590163934
Age: Senior,380,0.5197844827586207,0.6447140381282496,0.7153846153846154,0.6782133090246126,0.5641975308641975
Age: Young,380,0.6430694842406877,0.6055276381909548,0.6905444126074498,0.6452476572958501,0.6038863976083707
Race: black,380,0.4371606515490259,0.7655310621242485,0.9455445544554455,0.8460686600221484,0.7367424242424242
Race: others,380,0.5182731101098447,0.593167701863354,0.8268398268398268,0.6907775768535263,0.5476190476190477
Race: white,380,0.5622627830611113,0.5288461538461539,0.5248091603053435,0.5268199233716475,0.53440150801131
Overall,381,0.564610978617583,0.6147248034310222,0.7257383966244726,0.6656346749226006,0.5707898658718331
Gender: F,381,0.6217234210833401,0.6446991404011462,0.779896013864818,0.7058823529411765,0.6165644171779141
Gender: M,381,0.49901007642055956,0.5848787446504993,0.6743421052631579,0.6264323911382735,0.527536231884058
Age: Adult,381,0.5768576661433805,0.5940298507462687,0.7289377289377289,0.6546052631578947,0.5522388059701493
Age: Senior,381,0.4929772072023064,0.6591549295774648,0.7892074198988196,0.718342287029931,0.593576965669989
Age: Young,381,0.610944527736132,0.5451977401129944,0.6050156739811913,0.5735512630014858,0.5522620904836193
Race: black,381,0.4452812925397782,0.7672955974842768,0.9556135770234987,0.8511627906976744,0.744
Race: others,381,0.5255876522231662,0.554858934169279,0.8271028037383178,0.6641651031894934,0.5277044854881267
Race: white,381,0.5267389923002168,0.5257048092868989,0.5391156462585034,0.5323257766582704,0.5088183421516755
Overall,382,0.5766122081766692,0.5622697126013264,0.7458455522971652,0.6411764705882353,0.5509989484752892
Gender: F,382,0.6328416521173531,0.6220689655172413,0.826007326007326,0.7096774193548387,0.6211498973305954
Gender: M,382,0.5003532796906013,0.4936708860759494,0.6540880503144654,0.5626690712353472,0.47737068965517243
Age: Adult,382,0.6538753531073446,0.5433526011560693,0.7833333333333333,0.6416382252559727,0.5588235294117647
Age: Senior,382,0.46851366165716113,0.5703001579778831,0.7864923747276689,0.6611721611721612,0.5213454075032341
Age: Young,382,0.6324627565762317,0.5661375661375662,0.6604938271604939,0.6096866096866097,0.5803981623277182
Race: black,382,0.5219434034001412,0.7090163934426229,0.9584487534626038,0.8150765606595995,0.6945525291828794
Race: others,382,0.5275904828334496,0.5955056179775281,0.8502673796791443,0.7004405286343612,0.5815384615384616
Race: white,382,0.4975402792696026,0.42857142857142855,0.5431578947368421,0.479108635097493,0.4722483537158984
Overall,383,0.5845649348686793,0.6139288417865254,0.7326106594399278,0.6680395387149918,0.5788923719958202
Gender: F,383,0.611628452096829,0.6272855133614628,0.7964285714285714,0.7018095987411487,0.6128702757916241
Gender: M,383,0.5550142294426959,0.5983606557377049,0.6672760511882998,0.6309420916162489,0.5433155080213904
Age: Adult,383,0.5677532147429161,0.5977011494252874,0.7908745247148289,0.6808510638297872,0.577922077922078
Age: Senior,383,0.5497556165323272,0.6318493150684932,0.7752100840336135,0.6962264150943396,0.5818181818181818
Age: Young,383,0.6229879188590418,0.6015424164524421,0.6358695652173914,0.618229854689564,0.5762463343108505
Race: black,383,0.45046992481202996,0.7022222222222222,0.9239766081871345,0.797979797979798,0.6680497925311203
Race: others,383,0.4955530850472485,0.6172106824925816,0.8093385214007782,0.7003367003367004,0.5669099756690997
Race: white,383,0.5862035885865143,0.5374531835205992,0.5649606299212598,0.5508637236084453,0.5416258570029383
Overall,384,0.5641317362717901,0.6104895104895105,0.7644483362521891,0.6788491446345256,0.5794297352342159
Gender: F,384,0.6002745860087867,0.594017094017094,0.775092936802974,0.6725806451612903,0.5848670756646217
Gender: M,384,0.5292833986338893,0.6263736263736264,0.7549668874172185,0.6846846846846847,0.5740365111561866
Age: Adult,384,0.5675164216452925,0.5569948186528497,0.7733812949640287,0.6475903614457831,0.5393700787401575
Age: Senior,384,0.49081632653061225,0.6506024096385542,0.8470588235294118,0.7359454855195912,0.6144278606965174
Age: Young,384,0.6281471580783377,0.5947368421052631,0.6384180790960452,0.6158038147138964,0.5674846625766872
Race: black,384,0.41418069366516685,0.728744939271255,0.9399477806788512,0.8209806157354618,0.700381679389313
Race: others,384,0.5113455414012739,0.5898203592814372,0.8794642857142857,0.7060931899641577,0.5695538057742782
Race: white,384,0.5625401298423344,0.5249169435215947,0.5906542056074766,0.55584872471416,0.5231350330500472
Overall,385,0.5771982794937454,0.6214285714285714,0.7506471095772217,0.6799531066822978,0.5838414634146342
Gender: F,385,0.5963548577641187,0.6421768707482993,0.8040885860306644,0.7140695915279879,0.616243654822335
Gender: M,385,0.5467455294097631,0.5984962406015037,0.6958041958041958,0.6434923201293452,0.5513733468972533
Age: Adult,385,0.606022342645692,0.5342857142857143,0.751004016064257,0.6243739565943238,0.5292887029288703
Age: Senior,385,0.5135272213662044,0.6979768786127167,0.8186440677966101,0.7535101404056163,0.629976580796253
Age: Young,385,0.5915249208860759,0.5586592178770949,0.625,0.5899705014749262,0.5628930817610063
Race: black,385,0.5144856205365759,0.6803455723542117,0.9545454545454546,0.7944514501891551,0.6652977412731006
Race: others,385,0.5401572112098428,0.6695906432748538,0.8674242424242424,0.7557755775577558,0.6272040302267002
Race: white,385,0.5481047623919384,0.5478991596638656,0.5769911504424778,0.5620689655172414,0.5313653136531366
Overall,386,0.5869955596186497,0.6531871144619602,0.7837171052631579,0.7125233644859813,0.6196834817012858
Gender: F,386,0.6203163689595564,0.6567357512953368,0.8073248407643312,0.7242857142857143,0.6277724204435873
Gender: M,386,0.5484715296698024,0.6491994177583698,0.7585034013605442,0.6996078431372549,0.6111675126903553
Age: Adult,386,0.546948594069013,0.5805471124620061,0.7374517374517374,0.6496598639455783,0.5422222222222223
Age: Senior,386,0.541467320261438,0.7324929971988795,0.8545751633986928,0.7888386123680241,0.6751740139211136
Age: Young,386,0.627921381774866,0.5745192307692307,0.6927536231884058,0.6281208935611038,0.6014084507042253
Race: black,386,0.4220825444907232,0.7728055077452668,0.9452631578947368,0.8503787878787878,0.742671009771987
Race: others,386,0.5238565067800041,0.5982905982905983,0.860655737704918,0.7058823529411765,0.5689655172413793
Race: white,386,0.5817259995617269,0.5578747628083491,0.5915492957746479,0.57421875,0.564870259481038
Overall,387,0.5697943513745704,0.6178390137781,0.7319587628865979,0.6700747149036571,0.5728105906313645
Gender: F,387,0.5974418801968437,0.631578947368421,0.823943661971831,0.7150496562261268,0.6205493387589013
Gender: M,387,0.5381395450187396,0.6018808777429467,0.6442953020134228,0.6223662884927067,0.5249745158002038
Age: Adult,387,0.5225639874270319,0.5441595441595442,0.7290076335877863,0.6231647634584013,0.5217391304347826
Age: Senior,387,0.4590614300868317,0.625,0.7486136783733827,0.6812447434819175,0.5444711538461539
Age: Young,387,0.6942568867343799,0.6736842105263158,0.7091412742382271,0.6909581646423751,0.6471494607087828
Race: black,387,0.46241150442477885,0.7809330628803245,0.9625,0.8622620380739082,0.7602339181286549
Race: others,387,0.47375581149619606,0.565625,0.8080357142857143,0.6654411764705882,0.5368956743002544
Race: white,387,0.523015873015873,0.5053003533568905,0.5296296296296297,0.5171790235081374,0.4952741020793951
Overall,388,0.538497194882226,0.5805705474171164,0.7083725305738476,0.638135593220339,0.547908946532557
Gender: F,388,0.5868136390358611,0.6046831955922864,0.7742504409171076,0.6790409899458624,0.591937069813176
Gender: M,388,0.47306376544269046,0.5499124343257443,0.6330645161290323,0.5885660731021556,0.49655963302752293
Age: Adult,388,0.5360120342177759,0.530791788856305,0.7479338842975206,0.6209262435677531,0.5297872340425532
Age: Senior,388,0.45107844272099396,0.6206261510128913,0.689161554192229,0.6531007751937985,0.5251989389920424
Age: Young,388,0.6178543000832157,0.5690072639225182,0.7078313253012049,0.6308724832214765,0.5864661654135338
Race: black,388,0.473327927662293,0.6882494004796164,0.9379084967320261,0.7939142461964038,0.6605922551252847
Race: others,388,0.44418677441384025,0.5030674846625767,0.8586387434554974,0.6344294003868471,0.496
Race: white,388,0.5389352086471777,0.5451263537906137,0.5335689045936396,0.5392857142857143,0.52
Overall,389,0.5801606706252183,0.6294073518379595,0.7220309810671256,0.6725450901803607,0.5873737373737373
Gender: F,389,0.6394087781356141,0.642962962962963,0.7695035460992907,0.7005649717514124,0.6163391933815926
Gender: M,389,0.5185316516903735,0.6155015197568389,0.677257525083612,0.6449044585987261,0.5597235932872655
Age: Adult,389,0.5596064400715564,0.5668604651162791,0.75,0.6456953642384106,0.5494736842105263
Age: Senior,389,0.4818546023060387,0.697428139183056,0.7657807308970099,0.7300079176563737,0.6021003500583431
Age: Young,389,0.6575574712643679,0.5579268292682927,0.61,0.5828025477707006,0.595679012345679
Race: black,389,0.3929619908622533,0.7578740157480315,0.9506172839506173,0.8433734939759037,0.731203007518797
Race: others,389,0.6159327118825673,0.56875,0.8921568627450981,0.6946564885496184,0.58656330749354
Race: white,389,0.5561806752004101,0.5386138613861386,0.4918625678119349,0.5141776937618148,0.5155513666352498
Overall,390,0.5398820752948386,0.601620029455081,0.7185576077396658,0.6549098196392785,0.5602655771195098
Gender: F,390,0.5944353589938061,0.6235294117647059,0.8139931740614335,0.7061435973353072,0.6100196463654224
Gender: M,390,0.4722868913263568,0.5733558178752108,0.617059891107078,0.5944055944055944,0.5063829787234042
Age: Adult,390,0.5512754291163382,0.5646687697160884,0.7396694214876033,0.6404293381037567,0.5533333333333333
Age: Senior,390,0.5064416233232959,0.6470588235294118,0.7633451957295374,0.7004081632653061,0.580091533180778
Age: Young,390,0.5771402631867748,0.5529100529100529,0.6276276276276276,0.5879043600562588,0.5378548895899053
Race: black,390,0.4683068121724917,0.7376681614349776,0.9648093841642229,0.8360864040660737,0.7213822894168467
Race: others,390,0.4315555555555556,0.5435435435435435,0.8044444444444444,0.6487455197132617,0.51
Race: white,390,0.5233001564150213,0.5302245250431779,0.5376532399299475,0.5339130434782609,0.5105022831050229
Overall,391,0.5616494748420591,0.5668168168168168,0.7115928369462771,0.6310071040534894,0.5408216328653146
Gender: F,391,0.596487949623992,0.5889655172413794,0.7544169611307421,0.6615027110766848,0.5773694390715667
Gender: M,391,0.5144952058657642,0.5403624382207578,0.6626262626262627,0.5952813067150635,0.4983127109111361
Age: Adult,391,0.498897092334336,0.554140127388535,0.6566037735849056,0.6010362694300518,0.510593220338983
Age: Senior,391,0.5301387058306659,0.5753205128205128,0.7638297872340426,0.6563071297989032,0.5352286773794809
Age: Young,391,0.6298439077424866,0.5634517766497462,0.6809815950920245,0.6166666666666667,0.5700934579439252
Race: black,391,0.5291218544429361,0.6552511415525114,0.940983606557377,0.7725437415881561,0.6341991341991342
Race: others,391,0.4833733707015436,0.5852272727272727,0.8110236220472441,0.6798679867986799,0.5498839907192575
Race: white,391,0.5347153054448872,0.4833948339483395,0.5219123505976095,0.5019157088122606,0.49514563106796117
Overall,392,0.5719653086525307,0.5882352941176471,0.7352941176470589,0.6535947712418301,0.5646817248459959
Gender: F,392,0.6553122498652335,0.6409537166900421,0.8249097472924187,0.7213891081294396,0.6455823293172691
Gender: M,392,0.47115970467537593,0.5301391035548686,0.6423220973782772,0.5808636748518204,0.4800420168067227
Age: Adult,392,0.5603669879925588,0.5756756756756757,0.7888888888888889,0.665625,0.5623721881390593
Age: Senior,392,0.5099753827841801,0.6179775280898876,0.7889344262295082,0.693069306930693,0.5689001264222503
Age: Young,392,0.6192352519275597,0.5504087193460491,0.6121212121212121,0.5796269727403156,0.561377245508982
Race: black,392,0.4624512629259196,0.7254901960784313,0.9596541786743515,0.826302729528536,0.7101449275362319
Race: others,392,0.49544676214196764,0.6139817629179332,0.7651515151515151,0.6812816188870152,0.5390243902439025
Race: white,392,0.5387623047739258,0.4632867132867133,0.5555555555555556,0.5052430886558628,0.5080568720379147
Overall,393,0.5923384457121481,0.634090909090909,0.7240484429065744,0.6760904684975767,0.5851008794619762
Gender: F,393,0.6139428175218207,0.6376210235131397,0.7709030100334449,0.6979560938682816,0.6041666666666666
Gender: M,393,0.5698900315451252,0.6298157453936348,0.6738351254480287,0.651082251082251,0.5643243243243243
Age: Adult,393,0.6006044905008636,0.5987654320987654,0.7348484848484849,0.6598639455782312,0.562363238512035
Age: Senior,393,0.4924207006955955,0.6821829855537721,0.7616487455197133,0.7197290431837426,0.591861898890259
Age: Young,393,0.6661269605803499,0.5844504021447721,0.6526946107784432,0.6166902404526167,0.5924812030075188
Race: black,393,0.41968667227891504,0.7806324110671937,0.9164733178654292,0.8431163287086446,0.7297794117647058
Race: others,393,0.5510037348272643,0.5806451612903226,0.9183673469387755,0.7114624505928854,0.5816618911174785
Race: white,393,0.565690905929661,0.5198412698412699,0.4952741020793951,0.5072604065827686,0.510576923076923
Overall,394,0.577647356005264,0.6060181945416375,0.7427101200686106,0.6674373795761079,0.5702191235059761
Gender: F,394,0.5971692273775606,0.6174863387978142,0.7971781305114638,0.6959199384141648,0.5981688708036622
Gender: M,394,0.55802315282905,0.593974175035868,0.6911519198664441,0.6388888888888888,0.5434146341463415
Age: Adult,394,0.5848815587355486,0.6,0.7894736842105263,0.6818181818181818,0.5816733067729084
Age: Senior,394,0.5503120511816164,0.6366279069767442,0.7617391304347826,0.6935866983372921,0.5737885462555066
Age: Young,394,0.5920964276121408,0.5546448087431693,0.6633986928104575,0.6041666666666666,0.5551839464882943
Race: black,394,0.4893738489871087,0.7053941908713693,0.9392265193370166,0.8056872037914692,0.6796875
Race: others,394,0.5089120182143438,0.5852842809364549,0.813953488372093,0.6809338521400778,0.5418994413407822
Race: white,394,0.5597397336104232,0.5416666666666666,0.5959252971137521,0.5675020210185934,0.5298769771528998
Overall,395,0.5615773916258847,0.5971492873218305,0.7322907083716651,0.6578512396694215,0.5671719811813904
Gender: F,395,0.5924219619134873,0.6203438395415473,0.7801801801801802,0.6911412609736632,0.6002066115702479
Gender: M,395,0.5202670720384497,0.5716535433070866,0.6823308270676691,0.622107969151671,0.5333333333333333
Age: Adult,395,0.5527682033606204,0.5263157894736842,0.6818181818181818,0.594059405940594,0.5243619489559165
Age: Senior,395,0.496756511502428,0.6480117820324006,0.7985480943738656,0.7154471544715447,0.5867768595041323
Age: Young,395,0.6219693662949883,0.5582655826558266,0.6518987341772152,0.6014598540145986,0.5700787401574803
Race: black,395,0.45732172179216524,0.7099236641221374,0.9489795918367347,0.8122270742358079,0.6853658536585366
Race: others,395,0.511145127011436,0.5994152046783626,0.8506224066390041,0.7032590051457976,0.5728395061728395
Race: white,395,0.5270378775813558,0.5217391304347826,0.5652173913043478,0.542608695652174,0.5209471766848816
Overall,396,0.586943173322163,0.6402985074626866,0.7415730337078652,0.6872246696035242,0.6039553752535497
Gender: F,396,0.5921846463883116,0.6614060258249641,0.7645107794361525,0.7092307692307692,0.6212424849699398
Gender: M,396,0.5721505930892212,0.6174183514774495,0.7166064981949458,0.6633249791144528,0.5862422997946611
Age: Adult,396,0.5289793768356531,0.6648199445983379,0.7317073170731707,0.6966618287373004,0.5973025048169557
Age: Senior,396,0.5746155288822206,0.6598425196850394,0.812015503875969,0.7280625543006082,0.6210653753026635
Age: Young,396,0.6217211696953665,0.5784883720930233,0.6357827476038339,0.6057838660578386,0.5869218500797448
Race: black,396,0.46799020061015073,0.7758985200845666,0.9839142091152815,0.8676122931442081,0.7709611451942741
Race: others,396,0.45981652006597024,0.6124567474048442,0.8271028037383178,0.7037773359840954,0.5742857142857143
Race: white,396,0.5536303013305911,0.5432525951557093,0.5508771929824562,0.5470383275261324,0.5410414827890556
Overall,397,0.5670926709627778,0.6139468008626887,0.7597864768683275,0.6791252485089463,0.5835913312693498
Gender: F,397,0.6007321389073215,0.6195054945054945,0.82,0.7057902973395931,0.6087408949011447
Gender: M,397,0.5360320246236847,0.6078431372549019,0.7020905923344948,0.6515763945028294,0.5588536335721597
Age: Adult,397,0.5424309392265193,0.5994236311239193,0.832,0.6968174204355109,0.580046403712297
Age: Senior,397,0.5207564575645757,0.6519823788546255,0.8191881918819188,0.7260834014717906,0.6021377672209026
Age: Young,397,0.6110658851622707,0.5564738292011019,0.608433734939759,0.581294964028777,0.562406015037594
Race: black,397,0.39713160186871493,0.6866952789699571,0.9248554913294798,0.7881773399014779,0.6504065040650406
Race: others,397,0.5544551798174986,0.6132075471698113,0.8478260869565217,0.7116788321167883,0.5969387755102041
Race: white,397,0.5802288595251147,0.5584843492586491,0.6186131386861314,0.587012987012987,0.547438330170778
Overall,398,0.581172226236352,0.6296296296296297,0.7821180555555556,0.6976384049554781,0.6127912741695587
Gender: F,398,0.5841605769795152,0.6488169364881694,0.8256735340729001,0.7266387726638772,0.6312323612417686
Gender: M,398,0.5613449885413111,0.6050955414012739,0.7293666026871402,0.6614447345517842,0.5922431865828093
Age: Adult,398,0.5797129427564209,0.5905044510385756,0.7683397683397684,0.6677852348993288,0.5950920245398773
Age: Senior,398,0.49864077669902906,0.6507936507936508,0.8757281553398059,0.7466887417218543,0.6268292682926829
Age: Young,398,0.6342031425364758,0.6259351620947631,0.6640211640211641,0.6444159178433889,0.6087570621468926
Race: black,398,0.41410322414569795,0.6872586872586872,0.9393139841688655,0.7937569676700111,0.6593001841620626
Race: others,398,0.5406475527224734,0.6553846153846153,0.891213389121339,0.7553191489361702,0.6443298969072165
Race: white,398,0.5742075123486947,0.564625850340136,0.6217228464419475,0.5918003565062389,0.578268876611418
Overall,399,0.6054911609238379,0.6430722891566265,0.7419635099913119,0.6889874949576442,0.6042094455852156
Gender: F,399,0.6538723404255319,0.6728232189973615,0.816,0.737527114967462,0.6536259541984732
Gender: M,399,0.5361699640104919,0.6035087719298246,0.6539923954372624,0.6277372262773723,0.5466666666666666
Age: Adult,399,0.5902474526928676,0.6086956521739131,0.7854785478547854,0.6858789625360231,0.5902255639097744
Age: Senior,399,0.5389947189739721,0.6583333333333333,0.8195020746887967,0.7301293900184843,0.6085790884718498
Age: Young,399,0.6659341745757837,0.655786350148368,0.6038251366120219,0.6287339971550497,0.6104477611940299
Race: black,399,0.5368765578773267,0.7325842696629213,0.9340974212034384,0.8211586901763224,0.6991525423728814
Race: others,399,0.5124478480456741,0.6392405063291139,0.7984189723320159,0.7100175746924429,0.5843828715365239
Race: white,399,0.5870519297522081,0.5749559082892416,0.5938069216757741,0.5842293906810035,0.5699721964782206
Overall,400,0.5348450620178168,0.5971563981042654,0.6860254083484574,0.6385135135135135,0.5520669806384092
Gender: F,400,0.5745777621393385,0.6326836581709145,0.7535714285714286,0.6878565607171964,0.6035196687370601
Gender: M,400,0.4815154789265014,0.5575959933222037,0.6162361623616236,0.5854513584574934,0.49947089947089945
Age: Adult,400,0.5060450318159568,0.5565217391304348,0.7111111111111111,0.624390243902439,0.5352112676056338
Age: Senior,400,0.474060546917044,0.5954465849387041,0.734341252699784,0.6576402321083172,0.5366492146596858
Age: Young,400,0.6143756811233592,0.64,0.6070460704607046,0.6230876216968011,0.583076923076923
Race: black,400,0.396710732259385,0.7125890736342043,0.9174311926605505,0.8021390374331551,0.6740088105726872
Race: others,400,0.48425933804135124,0.5789473684210527,0.8036529680365296,0.6730401529636711,0.55
Race: white,400,0.5177197972907661,0.5175600739371534,0.5035971223021583,0.5104831358249772,0.5013927576601671
Overall,401,0.5875230697811342,0.6380090497737556,0.7375762859633828,0.6841892438334007,0.5925925925925926
Gender: F,401,0.6186359359424637,0.6890756302521008,0.822742474916388,0.75,0.6572622779519331
Gender: M,401,0.5354814548903336,0.5784313725490197,0.644808743169399,0.6098191214470284,0.528125
Age: Adult,401,0.5778112934362934,0.6360655737704918,0.749034749034749,0.6879432624113475,0.5799522673031027
Age: Senior,401,0.5295945884181178,0.6435045317220544,0.7593582887700535,0.6966475878986099,0.5750286368843069
Age: Young,401,0.6525306323502247,0.6295264623955432,0.691131498470948,0.6588921282798834,0.6256
Race: black,401,0.5600456621004566,0.70625,0.9287671232876712,0.8023668639053254,0.6794625719769674
Race: others,401,0.5328453661602158,0.6448275862068965,0.8779342723004695,0.7435387673956262,0.6205882352941177
Race: white,401,0.5559701627192777,0.5755395683453237,0.562390158172232,0.5688888888888889,0.540719696969697
Overall,402,0.5747011650269616,0.6066350710900474,0.6975476839237057,0.6489226869455006,0.5649214659685864
Gender: F,402,0.6073716211144379,0.6497890295358649,0.7725752508361204,0.7058823529411765,0.6146146146146146
Gender: M,402,0.5287271469223873,0.5513513513513514,0.6083499005964215,0.5784499054820416,0.5104281009879253
Age: Adult,402,0.536583620982598,0.6296296296296297,0.7391304347826086,0.68,0.5720164609053497
Age: Senior,402,0.5225587833936912,0.631404958677686,0.7318007662835249,0.6779059449866903,0.5540540540540541
Age: Young,402,0.6237121212121212,0.532258064516129,0.5892857142857143,0.559322033898305,0.5737704918032787
Race: black,402,0.46823872705506775,0.7568181818181818,0.9301675977653632,0.8345864661654135,0.7191489361702128
Race: others,402,0.5573079473335227,0.587248322147651,0.8454106280193237,0.693069306930693,0.5694444444444444
Race: white,402,0.5101360156935909,0.49242424242424243,0.48507462686567165,0.48872180451127817,0.4962962962962963
Overall,403,0.5877452620019816,0.6309077269317329,0.7262521588946459,0.6752308309915697,0.5912076806467913
Gender: F,403,0.6272516782292412,0.6484149855907781,0.7950530035335689,0.7142857142857143,0.6307692307692307
Gender: M,403,0.5440029683810023,0.6118935837245696,0.660472972972973,0.6352558895207149,0.5527888446215139
Age: Adult,403,0.5905060553633217,0.5104166666666666,0.7205882352941176,0.5975609756097561,0.5147058823529411
Age: Senior,403,0.5023103140015643,0.6881405563689604,0.7484076433121019,0.7170099160945843,0.5936473165388828
Age: Young,403,0.661832914480006,0.6187845303867403,0.6871165644171779,0.6511627906976745,0.6352583586626139
Race: black,403,0.45159543907720867,0.7580993520518359,0.9385026737967914,0.8387096774193549,0.7272727272727273
Race: others,403,0.5129987129987129,0.6253443526170799,0.8764478764478765,0.729903536977492,0.6037735849056604
Race: white,403,0.5511117044948821,0.5187376725838264,0.5009523809523809,0.5096899224806202,0.5226415094339623
Overall,404,0.586520628163157,0.6258253851797505,0.7622877569258266,0.6873489121676067,0.5947780678851174
Gender: F,404,0.6231628808171721,0.6269070735090153,0.8233151183970856,0.7118110236220473,0.6175548589341693
Gender: M,404,0.5525366250678242,0.6246105919003115,0.7035087719298245,0.6617161716171617,0.5720250521920668
Age: Adult,404,0.566941889632107,0.5863874345549738,0.8115942028985508,0.6808510638297872,0.5661157024793388
Age: Senior,404,0.5625047684443427,0.6836902800658978,0.8073929961089494,0.7404103479036575,0.6215864759427828
Age: Young,404,0.6161130735598821,0.5721925133689839,0.6504559270516718,0.6088193456614509,0.5845921450151057
Race: black,404,0.48673988204189544,0.6941431670281996,0.9696969696969697,0.809102402022756,0.6847599164926931
Race: others,404,0.4491478203867585,0.6050955414012739,0.8407079646017699,0.7037037037037037,0.556786703601108
Race: white,404,0.6111945631660746,0.5833333333333334,0.6092362344582594,0.5960034752389227,0.5674418604651162
Overall,405,0.5659338385689456,0.612879348630644,0.6877076411960132,0.6481409001956947,0.5608207132388862
Gender: F,405,0.6036044313766671,0.6471371504660453,0.7800963081861958,0.7074235807860262,0.6175071360608944
Gender: M,405,0.5131990958671173,0.57,0.5886402753872634,0.5791701947502117,0.501004016064257
Age: Adult,405,0.5371794622169435,0.5457142857142857,0.7549407114624506,0.6334991708126037,0.5153508771929824
Age: Senior,405,0.4468639873548922,0.6152542372881356,0.6772388059701493,0.6447602131438721,0.5145631067961165
Age: Young,405,0.6841627875136912,0.6666666666666666,0.6602409638554216,0.6634382566585957,0.6375488917861799
Race: black,405,0.49759576855265264,0.7288135593220338,0.9373297002724795,0.8200238379022646,0.6998011928429424
Race: others,405,0.49847799259563963,0.596875,0.8642533936651584,0.7060998151571165,0.5880829015544041
Race: white,405,0.5284120860689127,0.5241502683363148,0.47564935064935066,0.49872340425531914,0.4913644214162349
Overall,406,0.5840979138569008,0.6430722891566265,0.7530864197530864,0.69374492282697,0.6133333333333333
Gender: F,406,0.5754231962609482,0.6652892561983471,0.7853658536585366,0.7203579418344519,0.6355685131195336
Gender: M,406,0.5852864770559534,0.6162790697674418,0.7148362235067437,0.6619090098126673,0.5884907709011944
Age: Adult,406,0.5361524163568773,0.6049382716049383,0.7286245353159851,0.6610455311973018,0.5714285714285714
Age: Senior,406,0.5379951076591394,0.6564019448946515,0.8003952569169961,0.7212822796081924,0.6047979797979798
Age: Young,406,0.6522199713007513,0.6537467700258398,0.7047353760445683,0.67828418230563,0.6516690856313497
Race: black,406,0.41584429824561403,0.723744292237443,0.9269005847953217,0.8128205128205128,0.6893617021276596
Race: others,406,0.44395833333333334,0.6766666666666666,0.8458333333333333,0.7518518518518519,0.6378378378378379
Race: white,406,0.5793741234221599,0.5661016949152542,0.605072463768116,0.5849387040280211,0.572972972972973
Overall,407,0.5870174425320549,0.632420091324201,0.7554545454545455,0.6884838442419221,0.6014838367779545
Gender: F,407,0.647063856427379,0.6788218793828892,0.8080133555926544,0.7378048780487805,0.6556556556556556
Gender: M,407,0.5040642229752382,0.5773710482529119,0.6926147704590818,0.6297640653357531,0.5405405405405406
Age: Adult,407,0.5410081027044091,0.5251572327044025,0.755656108597285,0.6196660482374768,0.5298165137614679
Age: Senior,407,0.5067445806587394,0.6775193798449612,0.7817531305903399,0.7259136212624585,0.6028880866425993
Age: Young,407,0.6842552083333333,0.6467236467236467,0.709375,0.676602086438152,0.65
Race: black,407,0.46488957902001377,0.7169811320754716,0.9440993788819876,0.8150134048257373,0.6919642857142857
Race: others,407,0.47755890618244706,0.6620498614958449,0.9299610894941635,0.7734627831715211,0.6508728179551122
Race: white,407,0.5751177804920607,0.5444234404536862,0.5527831094049904,0.5485714285714286,0.5433526011560693
Overall,408,0.5677548323875389,0.6206896551724138,0.7236954662104362,0.6682464454976303,0.5843641761504206
Gender: F,408,0.6452221691352127,0.6483221476510067,0.8076923076923077,0.7192851824274014,0.6419753086419753
Gender: M,408,0.4766020989293607,0.587378640776699,0.6357267950963222,0.6105971404541631,0.5216942148760331
Age: Adult,408,0.5846436646702452,0.5885885885885885,0.7747035573122529,0.6689419795221843,0.5975103734439834
Age: Senior,408,0.46694348327566315,0.6847662141779789,0.7630252100840336,0.7217806041335453,0.5882352941176471
Age: Young,408,0.6244751456047677,0.5340599455040872,0.6105919003115264,0.5697674418604651,0.5703918722786647
Race: black,408,0.507585705160054,0.7388663967611336,0.9455958549222798,0.8295454545454546,0.7180451127819549
Race: others,408,0.5200803679271578,0.5736677115987461,0.7991266375545851,0.6678832116788321,0.5635491606714629
Race: white,408,0.5449643170762305,0.5418181818181819,0.5379061371841155,0.5398550724637681,0.5261194029850746
Overall,409,0.5794302420253249,0.6106128550074739,0.7255772646536413,0.6631493506493507,0.5805962607377463
Gender: F,409,0.5700817279626386,0.6174033149171271,0.7828371278458844,0.6903474903474903,0.5953582240161454
Gender: M,409,0.5816303601523001,0.6026058631921825,0.6666666666666666,0.6330196749358425,0.5657894736842105
Age: Adult,409,0.6407709821779068,0.5950413223140496,0.7970479704797048,0.6813880126182965,0.6007905138339921
Age: Senior,409,0.4640337761735705,0.6419354838709678,0.7523629489603024,0.6927763272410792,0.5674019607843137
Age: Young,409,0.6360118992456398,0.571830985915493,0.6226993865030674,0.5961820851688693,0.5814307458143074
Race: black,409,0.3954075425790755,0.7664670658682635,0.9343065693430657,0.8421052631578947,0.7288135593220338
Race: others,409,0.5217831813576495,0.5477031802120141,0.824468085106383,0.6581740976645435,0.547752808988764
Race: white,409,0.5553189702943695,0.5018050541516246,0.5275142314990512,0.5143385753931545,0.5192307692307693
Overall,410,0.6090545681188076,0.6379310344827587,0.7681660899653979,0.6970172684458399,0.606323304436512
Gender: F,410,0.6290886264929424,0.6824769433465085,0.8436482084690554,0.7545520757465404,0.6623246492985972
Gender: M,410,0.5678975554601151,0.584518167456556,0.6826568265682657,0.6297872340425532,0.5482866043613707
Age: Adult,410,0.6138237159162967,0.5973154362416108,0.7807017543859649,0.6768060836501901,0.5685279187817259
Age: Senior,410,0.4916122202056866,0.6469740634005764,0.787719298245614,0.7104430379746836,0.5744186046511628
Age: Young,410,0.6980759072209505,0.6525,0.729050279329609,0.6886543535620053,0.6661951909476662
Race: black,410,0.477925453859377,0.7686116700201208,0.9769820971867008,0.8603603603603603,0.7582846003898636
Race: others,410,0.6057974697842539,0.6408668730650154,0.9118942731277533,0.7527272727272727,0.6449086161879896
Race: white,410,0.5471085544182898,0.5227272727272727,0.5557620817843866,0.5387387387387388,0.5192488262910798
Overall,411,0.5708720999880205,0.6644204851752021,0.777602523659306,0.7165697674418605,0.6209912536443148
Gender: F,411,0.6036241449657987,0.6775884665792923,0.8065522620904836,0.7364672364672364,0.6455938697318008
Gender: M,411,0.53105514549823,0.6504854368932039,0.748006379585327,0.6958456973293768,0.5956607495069034
Age: Adult,411,0.5497117718446602,0.635678391959799,0.790625,0.7047353760445683,0.596958174904943
Age: Senior,411,0.49991134402458726,0.7245762711864406,0.8287560581583199,0.773172569706104,0.6520231213872832
Age: Young,411,0.6135096491070304,0.582010582010582,0.668693009118541,0.6223479490806223,0.5997001499250375
Race: black,411,0.40434238945094925,0.7852112676056338,0.9632829373650108,0.8651794374393792,0.7667785234899329
Race: others,411,0.5420353982300885,0.6478405315614618,0.8628318584070797,0.7400379506641366,0.61731843575419
Race: white,411,0.5406250514022535,0.5609756097560976,0.5958549222797928,0.5778894472361809,0.5434782608695652
Overall,412,0.5438414178481491,0.5807210031347962,0.6970837253057385,0.6336041043180847,0.5441489361702128
Gender: F,412,0.6007710007555463,0.610632183908046,0.769927536231884,0.6810897435897436,0.5913757700205339
Gender: M,412,0.47384131387946193,0.5448275862068965,0.6183953033268101,0.5792850595783685,0.49337748344370863
Age: Adult,412,0.6586015579071136,0.5837988826815642,0.8293650793650794,0.6852459016393443,0.5897435897435898
Age: Senior,412,0.42695315772238845,0.5960854092526691,0.6964656964656964,0.6423777564717162,0.5053050397877984
Age: Young,412,0.5774482631189948,0.5533707865168539,0.5969696969696969,0.5743440233236151,0.5562310030395137
Race: black,412,0.5032894736842105,0.7200902934537246,0.9725609756097561,0.8274967574578469,0.7114967462039046
Race: others,412,0.4635023509975854,0.49523809523809526,0.7255813953488373,0.5886792452830188,0.45226130653266333
Race: white,412,0.5098111469368954,0.5135135135135135,0.5115384615384615,0.51252408477842,0.5044074436826641
Overall,413,0.5646568950373297,0.6103603603603603,0.7364130434782609,0.6674876847290641,0.5800933125972006
Gender: F,413,0.5781996421397343,0.6080332409972299,0.8040293040293041,0.692429022082019,0.6020408163265306
Gender: M,413,0.5522577895113165,0.6131147540983607,0.6702508960573477,0.6404109589041096,0.5574288724973656
Age: Adult,413,0.5856158992522629,0.5612535612535613,0.8140495867768595,0.6644182124789207,0.5597345132743363
Age: Senior,413,0.48334174659262996,0.6698717948717948,0.7385159010600707,0.7025210084033613,0.5745192307692307
Age: Young,413,0.6199517927669791,0.5546218487394958,0.668918918918919,0.6064318529862175,0.6015503875968993
Race: black,413,0.3899433899433899,0.7754677754677755,0.9688311688311688,0.8614318706697459,0.7609561752988048
Race: others,413,0.4835797842710285,0.5357142857142857,0.8294930875576036,0.650994575045208,0.5162907268170426
Race: white,413,0.539706194234469,0.5048543689320388,0.5179282868525896,0.511307767944936,0.5165369649805448
Overall,414,0.5807960152911876,0.6083650190114068,0.7252946509519492,0.6617038875103392,0.5750649350649351
Gender: F,414,0.6243455631749683,0.6175040518638574,0.7665995975855131,0.6840215439856373,0.6040494938132733
Gender: M,414,0.5382339396730371,0.6002865329512894,0.6914191419141914,0.6426380368098159,0.5501930501930502
Age: Adult,414,0.5609771654547774,0.5376344086021505,0.746268656716418,0.625,0.5219123505976095
Age: Senior,414,0.5014768728004022,0.6352201257861635,0.7769230769230769,0.698961937716263,0.5786924939467313
Age: Young,414,0.6783012495778454,0.6384364820846905,0.6222222222222222,0.6302250803858521,0.6147403685092128
Race: black,414,0.4919932258617733,0.7214912280701754,0.9591836734693877,0.8235294117647058,0.7056367432150313
Race: others,414,0.532495853553658,0.5942492012779552,0.8340807174887892,0.6940298507462687,0.5555555555555556
Race: white,414,0.5587626732878129,0.521978021978022,0.5307262569832403,0.5263157894736842,0.5236768802228412
Overall,415,0.566821611903579,0.5903049257232212,0.6932966023875115,0.637668918918919,0.5584148224395266
Gender: F,415,0.6194472371715259,0.6173677069199457,0.8198198198198198,0.7043343653250774,0.6225296442687747
Gender: M,415,0.5055283540410759,0.5535055350553506,0.5617977528089888,0.5576208178438662,0.48872180451127817
Age: Adult,415,0.5860649921952603,0.5850746268656717,0.8065843621399177,0.6782006920415224,0.5829596412556054
Age: Senior,415,0.4805910411755031,0.6142625607779578,0.6903460837887068,0.6500857632933105,0.5188679245283019
Age: Young,415,0.6223934419957147,0.5504587155963303,0.6060606060606061,0.5769230769230769,0.5932203389830508
Race: black,415,0.469974533804321,0.7389162561576355,0.9118541033434651,0.8163265306122449,0.6931818181818182
Race: others,415,0.479551987850518,0.550314465408805,0.8495145631067961,0.6679389312977099,0.548051948051948
Race: white,415,0.5372612463834908,0.5045045045045045,0.5054151624548736,0.5049594229035167,0.5089445438282647
Overall,416,0.5789963286110084,0.5965541995692749,0.7399821905609973,0.6605723370429253,0.5697732997481109
Gender: F,416,0.6294980653921978,0.6331034482758621,0.7941176470588235,0.7045280122793554,0.6153846153846154
Gender: M,416,0.5143758751123279,0.5568862275449101,0.6825688073394496,0.6133553173948887,0.5233739837398373
Age: Adult,416,0.5585388729246488,0.4820359281437126,0.7453703703703703,0.5854545454545454,0.49107142857142855
Age: Senior,416,0.5424700414810263,0.6726998491704375,0.7879858657243817,0.725793327908869,0.5997624703087886
Age: Young,416,0.6288582931557234,0.5656565656565656,0.656891495601173,0.6078697421981004,0.5841726618705037
Race: black,416,0.5010979890374009,0.7151394422310757,0.9373368146214099,0.8112994350282486,0.6872659176029963
Race: others,416,0.4673396825396825,0.5496894409937888,0.7866666666666666,0.6471663619744058,0.5175
Race: white,416,0.5621558469786987,0.5184534270650264,0.5728155339805825,0.544280442804428,0.5299714557564225
Overall,417,0.5907416991373007,0.6238532110091743,0.7647058823529411,0.6871356393315197,0.5903307888040712
Gender: F,417,0.6216982114147134,0.6310935441370223,0.7996661101836394,0.7054491899852725,0.6124031007751938
Gender: M,417,0.547788781084075,0.6155015197568389,0.7271095152603232,0.6666666666666666,0.5659163987138264
Age: Adult,417,0.5979317851959361,0.5710144927536231,0.7576923076923077,0.6512396694214876,0.5529661016949152
Age: Senior,417,0.5630509824747744,0.6839762611275965,0.8232142857142857,0.747163695299838,0.623642943305187
Age: Young,417,0.6123194323461092,0.5678391959798995,0.6726190476190477,0.6158038147138964,0.5753012048192772
Race: black,417,0.5097087378640777,0.7412844036697248,0.9805825242718447,0.8443051201671892,0.7381370826010545
Race: others,417,0.5097254004576659,0.5660919540229885,0.8565217391304348,0.6816608996539792,0.5411471321695761
Race: white,417,0.5696789276555815,0.5400763358778626,0.5505836575875487,0.5452793834296724,0.5256281407035176
Overall,418,0.6046370238916824,0.6296033994334278,0.7888198757763976,0.7002756990941316,0.6125254582484725
Gender: F,418,0.6113294954054762,0.6771978021978022,0.8189368770764119,0.7413533834586467,0.6542713567839196
Gender: M,418,0.5872222222222223,0.5789473684210527,0.7542857142857143,0.6550868486352357,0.5696594427244582
Age: Adult,418,0.5418910963944077,0.5877862595419847,0.7649006622516556,0.6647482014388489,0.5578747628083491
Age: Senior,418,0.5534254826019334,0.6599664991624791,0.8140495867768595,0.72895467160037,0.6119205298013245
Age: Young,418,0.6946018696089644,0.6255924170616114,0.7741935483870968,0.6920052424639581,0.655425219941349
Race: black,418,0.5425803774244277,0.7768595041322314,0.9690721649484536,0.8623853211009175,0.7628458498023716
Race: others,418,0.4790895160260503,0.5463258785942492,0.8952879581151832,0.6785714285714286,0.543661971830986
Race: white,418,0.5651229696850134,0.5560975609756098,0.6240875912408759,0.588134135855546,0.5657298277425205
Overall,419,0.5957564365459102,0.6283118849356548,0.7186147186147186,0.6704361873990307,0.5901557006529382
Gender: F,419,0.6054858940640702,0.6496350364963503,0.740432612312812,0.6920684292379471,0.6055776892430279
Gender: M,419,0.5737195787929066,0.6053459119496856,0.6949458483754513,0.6470588235294118,0.574468085106383
Age: Adult,419,0.5040040650406503,0.5392491467576792,0.6583333333333333,0.5928705440900562,0.5123595505617977
Age: Senior,419,0.5633998968851779,0.6838124054462935,0.7985865724381626,0.7367563162184189,0.6186540731995277
Age: Young,419,0.6493941874744167,0.5994550408719346,0.6303724928366762,0.6145251396648045,0.6051502145922747
Race: black,419,0.4983057704951196,0.75,0.9230769230769231,0.8275862068965517,0.7142857142857143
Race: others,419,0.5085382348678809,0.6167664670658682,0.8110236220472441,0.7006802721088435,0.5779376498800959
Race: white,419,0.5715862478755894,0.5464098073555166,0.5541740674955595,0.5502645502645502,0.5442359249329759
Overall,420,0.5486214773976253,0.5795026375282593,0.7193638914873713,0.6419031719532554,0.551958224543081
Gender: F,420,0.5858507321461811,0.5976253298153035,0.7975352112676056,0.6832579185520362,0.589041095890411
Gender: M,420,0.4997835960731598,0.5553602811950791,0.6307385229540918,0.5906542056074766,0.509518477043673
Age: Adult,420,0.568723012446025,0.522911051212938,0.7637795275590551,0.6208,0.5278884462151394
Age: Senior,420,0.5019815236310081,0.6125827814569537,0.7628865979381443,0.6795224977043158,0.5598991172761665
Age: Young,420,0.5906896551724138,0.5823863636363636,0.6212121212121212,0.6011730205278593,0.5612903225806452
Race: black,420,0.44209274673008325,0.7063829787234043,0.9540229885057471,0.8117359413202934,0.6876267748478702
Race: others,420,0.4954691250028037,0.5574712643678161,0.8398268398268398,0.6701208981001727,0.5495283018867925
Race: white,420,0.5156174674594247,0.4774066797642436,0.4959183673469388,0.4864864864864865,0.48597194388777554
Overall,421,0.5924520143805055,0.6482014388489209,0.7565071368597817,0.6981790003874467,0.6091319618665328
Gender: F,421,0.6076398744427562,0.6476063829787234,0.821247892074199,0.7241635687732342,0.6278836509528586
Gender: M,421,0.5743516915682089,0.6489028213166145,0.6923076923076923,0.6699029126213593,0.5903614457831325
Age: Adult,421,0.6154927855221326,0.5920679886685553,0.7411347517730497,0.658267716535433,0.5778210116731517
Age: Senior,421,0.5123763690673746,0.6987951807228916,0.8069565217391305,0.7489911218724778,0.6284348864994026
Age: Young,421,0.6401936386966328,0.6112600536193029,0.6826347305389222,0.6449787835926449,0.6090342679127726
Race: black,421,0.40913488114980656,0.7529411764705882,0.9552238805970149,0.8421052631578947,0.7272727272727273
Race: others,421,0.5158526490066225,0.63125,0.8416666666666667,0.7214285714285714,0.6010230179028133
Race: white,421,0.5854991759909794,0.5625,0.5737704918032787,0.5680793507664562,0.5540037243947858
Overall,422,0.587027609208716,0.6241299303944315,0.7186108637577916,0.668046357615894,0.5781167806417675
Gender: F,422,0.6051702498249688,0.6870653685674548,0.7866242038216561,0.7334818114328137,0.6413586413586414
Gender: M,422,0.5431924180072328,0.5452961672473867,0.6323232323232323,0.5855940130963517,0.5077777777777778
Age: Adult,422,0.5836153412295544,0.5982404692082112,0.7555555555555555,0.6677577741407529,0.5653104925053534
Age: Senior,422,0.5022282071651392,0.616260162601626,0.7416829745596869,0.6731793960923623,0.547911547911548
Age: Young,422,0.6695170179645757,0.6646884272997032,0.6549707602339181,0.6597938144329897,0.6274193548387097
Race: black,422,0.4852230747371413,0.7665094339622641,0.9420289855072463,0.8452535760728218,0.7337807606263982
Race: others,422,0.45954941116231435,0.6237288135593221,0.847926267281106,0.71875,0.5909090909090909
Race: white,422,0.5514314615108352,0.519163763066202,0.5311942959001783,0.5251101321585903,0.5108892921960072
Overall,423,0.5778798411122146,0.5837173579109063,0.7169811320754716,0.6435224386113463,0.5559071729957806
Gender: F,423,0.6159301465790962,0.6164383561643836,0.8122743682310469,0.7009345794392523,0.6037151702786377
Gender: M,423,0.5229056547088149,0.541958041958042,0.6126482213438735,0.575139146567718,0.505933117583603
Age: Adult,423,0.5220412432755529,0.5047318611987381,0.6694560669456067,0.5755395683453237,0.490280777537797
Age: Senior,423,0.5016530512857447,0.6188976377952756,0.7844311377245509,0.6919014084507042,0.5580808080808081
Age: Young,423,0.6678446261682243,0.5914285714285714,0.646875,0.6179104477611941,0.6006240249609984
Race: black,423,0.5002349072116514,0.7297872340425532,0.9449035812672176,0.8235294117647058,0.7012195121951219
Race: others,423,0.5025721827192415,0.5925925925925926,0.8687782805429864,0.7045871559633028,0.5861182519280206
Race: white,423,0.506337599975055,0.44291338582677164,0.4726890756302521,0.4573170731707317,0.47389162561576353
Overall,424,0.6306644675776276,0.6620305980528511,0.8115942028985508,0.7292225201072386,0.6436491935483871
Gender: F,424,0.6569640980950942,0.6711656441717792,0.866877971473851,0.7565698478561549,0.6746765249537893
Gender: M,424,0.593788437884379,0.6500802568218299,0.7472324723247232,0.6952789699570815,0.606430155210643
Age: Adult,424,0.6061876001479107,0.6293103448275862,0.8233082706766918,0.7133550488599348,0.6080178173719376
Age: Senior,424,0.5665022991488824,0.6850746268656717,0.864406779661017,0.7643630308076603,0.6523341523341524
Age: Young,424,0.6969588344125809,0.6523809523809524,0.7287234042553191,0.6884422110552764,0.6560332871012483
Race: black,424,0.4603345545311808,0.788235294117647,0.9548693586698337,0.8635875402792696,0.764378478664193
Race: others,424,0.4878876879699248,0.6344086021505376,0.8872180451127819,0.7398119122257053,0.6103286384976526
Race: white,424,0.6324303770103227,0.564748201438849,0.6460905349794238,0.6026871401151631,0.5937193326790972
Overall,425,0.6066731672650799,0.662020905923345,0.7673667205169629,0.710811821922933,0.6173267326732673
Gender: F,425,0.6514892258862435,0.688953488372093,0.8047538200339559,0.7423649177760376,0.661522633744856
Gender: M,425,0.5571884256094782,0.6372155287817939,0.7334360554699538,0.6819484240687679,0.5763358778625954
Age: Adult,425,0.6164575254262091,0.6787709497206704,0.7689873417721519,0.7210682492581603,0.6155419222903885
Age: Senior,425,0.5241459654329002,0.6942148760330579,0.8208469055374593,0.7522388059701492,0.6290502793296089
Age: Young,425,0.6557699160595503,0.5783475783475783,0.6590909090909091,0.6160849772382397,0.6022012578616353
Race: black,425,0.4631107885824866,0.7791932059447984,0.941025641025641,0.8524970963995354,0.7439516129032258
Race: others,425,0.52034677990092,0.6059701492537314,0.8675213675213675,0.7135325131810193,0.5831202046035806
Race: white,425,0.5953333584379885,0.604133545310016,0.6188925081433225,0.6114239742558326,0.5736981465136805
Overall,426,0.5710515238433682,0.6515804597701149,0.7520729684908789,0.6982294072363356,0.6060301507537689
Gender: F,426,0.5719267398034729,0.6776315789473685,0.7972136222910217,0.732574679943101,0.6291913214990138
Gender: M,426,0.5571256868131869,0.620253164556962,0.7,0.6577181208053692,0.5819672131147541
Age: Adult,426,0.5382801341880625,0.6505376344086021,0.7515527950310559,0.6974063400576369,0.587426326129666
Age: Senior,426,0.4755430171389784,0.6895522388059702,0.8133802816901409,0.7463651050080775,0.6156670746634026
Age: Young,426,0.6399998181289103,0.58,0.6424050632911392,0.6096096096096096,0.608433734939759
Race: black,426,0.4292623629215807,0.7674418604651163,0.9217877094972067,0.8375634517766497,0.7253218884120172
Race: others,426,0.47225370580260906,0.6492146596858639,0.8763250883392226,0.7458646616541353,0.6176470588235294
Race: white,426,0.5611252802930453,0.5672413793103448,0.5823008849557522,0.5746724890829694,0.5499075785582255
Overall,427,0.5901540669560553,0.6396198830409356,0.7249378624689312,0.6796116504854369,0.5841733870967742
Gender: F,427,0.6215384615384614,0.6679586563307494,0.7953846153846154,0.726123595505618,0.6278625954198473
Gender: M,427,0.5429790197202314,0.6026936026936027,0.6427289048473968,0.6220677671589921,0.5352564102564102
Age: Adult,427,0.5804254344224736,0.6284153005464481,0.782312925170068,0.696969696969697,0.5893223819301848
Age: Senior,427,0.48583808167141496,0.6406015037593985,0.7282051282051282,0.6816,0.5441008018327605
Age: Young,427,0.6891325395517468,0.6498516320474778,0.6676829268292683,0.6586466165413534,0.6362179487179487
Race: black,427,0.532142209734433,0.7548387096774194,0.9385026737967914,0.8367103694874851,0.7215447154471545
Race: others,427,0.5790731769505355,0.6137931034482759,0.839622641509434,0.7091633466135459,0.5944444444444444
Race: white,427,0.5386489186370068,0.564437194127243,0.5571658615136876,0.5607779578606159,0.5212014134275619
Overall,428,0.5727055749275656,0.6205389657683904,0.7319587628865979,0.6716594402837998,0.5792929292929293
Gender: F,428,0.616070876686927,0.627906976744186,0.8038528896672504,0.7050691244239631,0.6144578313253012
Gender: M,428,0.522933801425842,0.6121495327102804,0.6627318718381113,0.6364372469635627,0.5436991869918699
Age: Adult,428,0.6255229283990346,0.5545171339563862,0.8090909090909091,0.6580406654343808,0.5852017937219731
Age: Senior,428,0.5023172844179831,0.6608187134502924,0.7622259696458684,0.7079091620986687,0.5794813979706878
Age: Young,428,0.6194944944944945,0.6032608695652174,0.6324786324786325,0.6175243393602226,0.5749613601236476
Race: black,428,0.4560769230769231,0.7393075356415478,0.9075,0.8148148148148148,0.6886792452830188
Race: others,428,0.4376411576238248,0.6066066066066066,0.8381742738589212,0.7038327526132404,0.5739348370927319
Race: white,428,0.569894692624138,0.5227686703096539,0.5487571701720841,0.5354477611940298,0.5261655566127498
Overall,429,0.5981711010793243,0.6259814418272662,0.765938864628821,0.6889238020424194,0.5987841945288754
Gender: F,429,0.6037646746596728,0.6543367346938775,0.8168789808917197,0.726628895184136,0.6274131274131274
Gender: M,429,0.5701585522174797,0.5899513776337115,0.7040618955512572,0.6419753086419753,0.5671641791044776
Age: Adult,429,0.5756086142322097,0.5283505154639175,0.7677902621722846,0.6259541984732825,0.5386064030131826
Age: Senior,429,0.5360415879017013,0.6967741935483871,0.8166351606805293,0.7519582245430809,0.6341463414634146
Age: Young,429,0.6695092554691409,0.6106870229007634,0.6876790830945558,0.6469002695417789,0.6054216867469879
Race: black,429,0.4519738390665456,0.7568058076225045,0.9675174013921114,0.8492871690427699,0.7398945518453427
Race: others,429,0.4886762925561756,0.5723684210526315,0.8169014084507042,0.6731141199226306,0.5456989247311828
Race: white,429,0.5757807692884906,0.5238095238095238,0.5708582834331337,0.5463228271251194,0.5401742497579864
Overall,430,0.5684296495956872,0.5704647676161919,0.7179245283018868,0.6357560568086884,0.5493540051679586
Gender: F,430,0.5813730893592004,0.5881561238223418,0.7707231040564374,0.667175572519084,0.5835721107927412
Gender: M,430,0.5437851439135235,0.5482233502538071,0.6572008113590264,0.5977859778597786,0.509009009009009
Age: Adult,430,0.5536885245901639,0.522911051212938,0.7185185185185186,0.6053042121684867,0.5077821011673151
Age: Senior,430,0.4789703779065481,0.6082474226804123,0.735966735966736,0.6660395108184384,0.5347313237221494
Age: Young,430,0.6394182175610391,0.5590551181102362,0.6893203883495146,0.6173913043478261,0.5987841945288754
Race: black,430,0.5252213728903352,0.7222222222222222,0.9696132596685083,0.8278301886792453,0.7125984251968503
Race: others,430,0.4379621574597651,0.5301204819277109,0.8421052631578947,0.6506469500924215,0.509090909090909
Race: white,430,0.5218791717976309,0.45348837209302323,0.4785276073619632,0.46567164179104475,0.4846449136276392
Overall,431,0.5856454796431869,0.6509368494101319,0.7790697674418605,0.7092627599243856,0.6125944584382872
Gender: F,431,0.6185163243812534,0.6732283464566929,0.8104265402843602,0.7354838709677419,0.6455331412103746
Gender: M,431,0.5396322711202304,0.625920471281296,0.7443082311733801,0.68,0.576271186440678
Age: Adult,431,0.5880396504499805,0.65,0.7700348432055749,0.7049441786283892,0.609704641350211
Age: Senior,431,0.5303006442376521,0.6801801801801802,0.8236363636363636,0.7450657894736842,0.6144278606965174
Age: Young,431,0.6229043115883955,0.6068965517241379,0.7193460490463215,0.6583541147132169,0.6124469589816125
Race: black,431,0.49447094342319164,0.7401574803149606,0.947103274559194,0.830939226519337,0.7156133828996283
Race: others,431,0.4759933774834436,0.6314363143631436,0.8566176470588235,0.7269890795631825,0.5862884160756501
Race: white,431,0.584469544941995,0.5833333333333334,0.6149532710280374,0.5987261146496815,0.5693359375
Overall,432,0.569454994506815,0.6164189667374381,0.7457191780821918,0.6749321968229368,0.5732451678535097
Gender: F,432,0.5718449296817172,0.638095238095238,0.7976190476190477,0.708994708994709,0.6047227926078029
Gender: M,432,0.5578025610980918,0.5929203539823009,0.6931034482758621,0.6391096979332274,0.5423387096774194
Age: Adult,432,0.5937798900047823,0.6291866028708134,0.801829268292683,0.7050938337801609,0.5864661654135338
Age: Senior,432,0.5308306808962118,0.6453576864535768,0.7779816513761468,0.7054908485856906,0.5780691299165673
Age: Young,432,0.588276836158192,0.5443786982248521,0.6237288135593221,0.5813586097946287,0.5546218487394958
Race: black,432,0.4880855614973262,0.7431578947368421,0.9438502673796791,0.8315665488810365,0.7134268537074149
Race: others,432,0.5059465602452626,0.6149253731343284,0.8547717842323651,0.7152777777777778,0.5879396984924623
Race: white,432,0.5232260257650307,0.5174129353233831,0.5641952983725136,0.5397923875432526,0.5023386342376053
Overall,433,0.5831684922680412,0.6237918215613383,0.7207903780068728,0.6687923475488242,0.5768839103869654
Gender: F,433,0.6214524132514635,0.6826783114992722,0.7869127516778524,0.7310989867498051,0.6450617283950617
Gender: M,433,0.5355019266542651,0.5623100303951368,0.6514084507042254,0.6035889070146819,0.5100806451612904
Age: Adult,433,0.5724168045596616,0.6616161616161617,0.7867867867867868,0.7187928669410151,0.6124763705103969
Age: Senior,433,0.5514525231167826,0.6376306620209059,0.7656903765690377,0.6958174904942965,0.5783926218708827
Age: Young,433,0.6063112288302827,0.5626666666666666,0.5977337110481586,0.5796703296703297,0.5473372781065089
Race: black,433,0.45243386243386247,0.7575057736720554,0.9371428571428572,0.8378033205619413,0.722707423580786
Race: others,433,0.5008770715044084,0.5805555555555556,0.8393574297188755,0.6863711001642037,0.5484633569739953
Race: white,433,0.5659052858167902,0.5471014492753623,0.5345132743362832,0.540734109221128,0.5263157894736842
Overall,434,0.5692045867618386,0.6245325355272999,0.7229437229437229,0.6701444622792937,0.5765069551777434
Gender: F,434,0.6094979446828412,0.65625,0.7866449511400652,0.7155555555555555,0.6201780415430267
Gender: M,434,0.5100546925858521,0.5856905158069884,0.6506469500924215,0.6164623467600701,0.5290322580645161
Age: Adult,434,0.5653227846322475,0.5613577023498695,0.7190635451505016,0.6304985337243402,0.5307262569832403
Age: Senior,434,0.48856310340447157,0.6678082191780822,0.76171875,0.7116788321167883,0.58311345646438
Age: Young,434,0.6341011473894963,0.6216216216216216,0.6686046511627907,0.6442577030812325,0.6068111455108359
Race: black,434,0.4362306298509885,0.7752293577981652,0.9415041782729805,0.8503144654088051,0.7424242424242424
Race: others,434,0.4237342546166076,0.5736677115987461,0.8280542986425339,0.6777777777777778,0.5284552845528455
Race: white,434,0.5529280780170662,0.5395189003436426,0.5460869565217391,0.5427830596369922,0.5234234234234234
Overall,435,0.5707962552515796,0.6163069544364509,0.6945945945945946,0.6531130876747141,0.5749870264660093
Gender: F,435,0.6125164163764062,0.6324404761904762,0.7314974182444062,0.6783719074221868,0.5982053838484547
Gender: M,435,0.5165968749252231,0.5975820379965457,0.6540642722117203,0.6245487364620939,0.5497835497835498
Age: Adult,435,0.5497750377799149,0.5339805825242718,0.6573705179282868,0.5892857142857143,0.5238095238095238
Age: Senior,435,0.46716298466259915,0.6769759450171822,0.720292504570384,0.6979627989371124,0.571608040201005
Age: Young,435,0.6564073946886446,0.5888888888888889,0.6794871794871795,0.6309523809523809,0.6172839506172839
Race: black,435,0.48487261146496813,0.7032710280373832,0.9585987261146497,0.8113207547169812,0.6846846846846847
Race: others,435,0.512734693877551,0.5552147239263804,0.861904761904762,0.6753731343283582,0.548051948051948
Race: white,435,0.5731055354095564,0.5814889336016097,0.4931740614334471,0.5337026777469991,0.5400728597449909
Overall,436,0.5714923902164154,0.6077844311377245,0.7361740707162284,0.6658466584665846,0.5777202072538861
Gender: F,436,0.5928268269109553,0.5965417867435159,0.7811320754716982,0.6764705882352942,0.5955056179775281
Gender: M,436,0.5583695762578833,0.6199376947040498,0.6945898778359512,0.6551440329218107,0.5594111461619348
Age: Adult,436,0.5830677375488695,0.5537974683544303,0.7882882882882883,0.6505576208178439,0.5668202764976958
Age: Senior,436,0.5228640821828662,0.6525679758308157,0.7605633802816901,0.7024390243902439,0.5797933409873708
Age: Young,436,0.6144527729990988,0.5726256983240223,0.6549520766773163,0.6110283159463488,0.5824
Race: black,436,0.4627837837837838,0.7142857142857143,0.9733333333333334,0.8239277652370203,0.7017208413001912
Race: others,436,0.5152844873859367,0.6188925081433225,0.8260869565217391,0.707635009310987,0.5994897959183674
Race: white,436,0.5320430658805434,0.49613899613899615,0.5160642570281124,0.5059055118110236,0.5054187192118227
Overall,437,0.5718461313423487,0.6231578947368421,0.7628865979381443,0.6859791425260718,0.5930930930930931
Gender: F,437,0.5773203241027954,0.6101468624833111,0.7680672268907563,0.6800595238095238,0.5873320537428023
Gender: M,437,0.5659686743595681,0.6375739644970414,0.7574692442882249,0.6923694779116466,0.5993723849372385
Age: Adult,437,0.5961734693877552,0.6587926509186351,0.784375,0.7161198288159771,0.6143410852713178
Age: Senior,437,0.5064994178701478,0.6579710144927536,0.8209764918625678,0.7304907481898633,0.6035502958579881
Age: Young,437,0.5816548477444728,0.5169491525423728,0.6288659793814433,0.5674418604651162,0.5620094191522763
Race: black,437,0.4610850897736144,0.7372881355932204,0.9508196721311475,0.8305489260143198,0.7193675889328063
Race: others,437,0.4769781611842794,0.6484375,0.8498293515358362,0.7355982274741507,0.6074561403508771
Race: white,437,0.5461337659189649,0.5114235500878734,0.5762376237623762,0.5418994413407822,0.525096525096525
Overall,438,0.5854408288598759,0.6315406976744186,0.7582897033158813,0.6891356066613799,0.5950413223140496
Gender: F,438,0.5731913544364,0.6397350993377483,0.8104026845637584,0.7150259067357513,0.6059365404298874
Gender: M,438,0.5908979773282952,0.6215780998389694,0.7018181818181818,0.659265584970111,0.583941605839416
Age: Adult,438,0.5732970732970732,0.6081081081081081,0.7867132867132867,0.6859756097560976,0.5663157894736842
Age: Senior,438,0.49193405227887976,0.6572327044025157,0.806949806949807,0.7244367417677643,0.5917843388960206
Age: Young,438,0.6506449948400413,0.6108108108108108,0.6608187134502924,0.6348314606741573,0.6187683284457478
Race: black,438,0.48100438224484027,0.7421875,0.9669211195928753,0.8397790055248618,0.7299813780260708
Race: others,438,0.5403148281663062,0.6075085324232082,0.7807017543859649,0.6833013435700576,0.5588235294117647
Race: white,438,0.5561142857142857,0.5446584938704028,0.5923809523809523,0.5675182481751825,0.5375609756097561
Overall,439,0.5950570179199177,0.6305828917486752,0.7642201834862385,0.6909995852343426,0.5948885263730288
Gender: F,439,0.6250498676241251,0.63268156424581,0.8296703296703297,0.7179080824088748,0.6252631578947369
Gender: M,439,0.5626971440750214,0.628099173553719,0.6985294117647058,0.6614447345517842,0.562429696287964
Age: Adult,439,0.5958959599189851,0.6283987915407855,0.7849056603773585,0.697986577181208,0.5927601809954751
Age: Senior,439,0.5142113525572173,0.6558139534883721,0.7951127819548872,0.7187765505522515,0.5888198757763975
Age: Young,439,0.6622130651660256,0.5855072463768116,0.689419795221843,0.6332288401253918,0.6047297297297297
Race: black,439,0.47415775150150147,0.7130044843049327,0.954954954954955,0.8164313222079589,0.6898047722342733
Race: others,439,0.5412529626545384,0.6346749226006192,0.8798283261802575,0.737410071942446,0.6021798365122616
Race: white,439,0.5821453203128675,0.5615942028985508,0.5916030534351145,0.5762081784386617,0.5489614243323442
Overall,440,0.5835100173035629,0.6368754398311048,0.7669491525423728,0.6958861976163014,0.6031108881083793
Gender: F,440,0.642944367620466,0.6445086705202312,0.8065099457504521,0.7164658634538152,0.6390593047034765
Gender: M,440,0.5137107647281277,0.6296296296296297,0.7320574162679426,0.6769911504424779,0.5684729064039409
Age: Adult,440,0.5290635570589283,0.5930232558139535,0.7445255474452555,0.6601941747572816,0.5615866388308977
Age: Senior,440,0.5087436039065487,0.6614509246088194,0.8439201451905626,0.7416267942583732,0.6188235294117647
Age: Young,440,0.675851223847942,0.6310160427807486,0.6647887323943662,0.6474622770919067,0.6129518072289156
Race: black,440,0.48856098296396805,0.7579365079365079,0.9502487562189055,0.8432671081677704,0.7340823970037453
Race: others,440,0.4528705047572972,0.5938461538461538,0.8247863247863247,0.6905187835420393,0.5597964376590331
Race: white,440,0.5772094038764932,0.5574324324324325,0.6066176470588235,0.5809859154929577,0.5534709193245778
Overall,441,0.6068824454082308,0.6201248049921997,0.7471804511278195,0.6777493606138107,0.5931108719052745
Gender: F,441,0.6226336251477541,0.6738505747126436,0.8142361111111112,0.7374213836477987,0.6491596638655462
Gender: M,441,0.5700251000078438,0.5563139931740614,0.6680327868852459,0.6070763500931099,0.5342163355408388
Age: Adult,441,0.626405026521849,0.628032345013477,0.7871621621621622,0.6986506746626686,0.6058823529411764
Age: Senior,441,0.5362993228161768,0.5965217391304348,0.7707865168539326,0.6725490196078432,0.5498652291105122
Age: Young,441,0.6666028509227757,0.6517857142857143,0.6780185758513931,0.6646433990895296,0.6353135313531353
Race: black,441,0.47742167890675835,0.734375,0.9481268011527377,0.8276729559748428,0.7091295116772823
Race: others,441,0.555721765145849,0.568561872909699,0.8900523560209425,0.6938775510204082,0.5652173913043478
Race: white,441,0.5817066790461874,0.5532710280373832,0.5627376425855514,0.5579641847313855,0.5499040307101728
Overall,442,0.5945126279246842,0.6224637681159421,0.7649154051647373,0.6863763483819417,0.5976422347514095
Gender: F,442,0.6384725658850792,0.6791946308724832,0.8227642276422764,0.7441176470588236,0.6618075801749271
Gender: M,442,0.5300006656776599,0.5559055118110237,0.6948818897637795,0.6176727909011374,0.5260303687635575
Age: Adult,442,0.5803260828013304,0.5958083832335329,0.7683397683397684,0.6711635750421585,0.5770065075921909
Age: Senior,442,0.5226801988400994,0.6549618320610687,0.8140417457305503,0.7258883248730964,0.6004932182490752
Age: Young,442,0.6606668749023895,0.5907928388746803,0.685459940652819,0.6346153846153846,0.6082474226804123
Race: black,442,0.45943223443223447,0.746938775510204,0.9682539682539683,0.8433179723502304,0.7322834645669292
Race: others,442,0.5077502138579983,0.5172413793103449,0.8571428571428571,0.6451612903225806,0.5175438596491229
Race: white,442,0.6051343046882744,0.5716666666666667,0.6017543859649123,0.5863247863247864,0.5603996366939146
Overall,443,0.5701464666004273,0.5993836671802774,0.7217068645640075,0.6548821548821548,0.5733610822060354
Gender: F,443,0.6216560285352232,0.6356164383561644,0.8111888111888111,0.7127496159754224,0.6329735034347399
Gender: M,443,0.498566322517697,0.5528169014084507,0.6205533596837944,0.5847299813780261,0.5060908084163898
Age: Adult,443,0.5587077826725403,0.525974025974026,0.7136563876651982,0.6056074766355141,0.5331858407079646
Age: Senior,443,0.5408341845198983,0.6703296703296703,0.7806215722120659,0.7212837837837838,0.6014492753623188
Age: Young,443,0.5959251401432576,0.5354107648725213,0.6217105263157895,0.5753424657534246,0.5654205607476636
Race: black,443,0.46289688249400485,0.7272727272727273,0.9386666666666666,0.819557625145518,0.6984435797665369
Race: others,443,0.4059453895985954,0.535593220338983,0.7939698492462312,0.6396761133603239,0.5123287671232877
Race: white,443,0.5613772565303177,0.5163776493256262,0.5317460317460317,0.5239491691104594,0.5330776605944392
Overall,444,0.5716617797252331,0.6401486988847583,0.7205020920502092,0.6779527559055119,0.5820132856412877
Gender: F,444,0.6028140723908455,0.6507503410641201,0.7819672131147541,0.7103499627699181,0.616370808678501
Gender: M,444,0.5298333572076589,0.6274509803921569,0.6564102564102564,0.6416040100250626,0.545068928950159
Age: Adult,444,0.5565870307167237,0.6368876080691642,0.7542662116040956,0.690625,0.5769230769230769
Age: Senior,444,0.48771558364088075,0.6783536585365854,0.7555178268251274,0.714859437751004,0.5813679245283019
Age: Young,444,0.6270503779318943,0.5701754385964912,0.6230031948881789,0.5954198473282443,0.5865834633385335
Race: black,444,0.3771078662270372,0.7629310344827587,0.917098445595855,0.8329411764705882,0.7137096774193549
Race: others,444,0.4810072815533981,0.5620915032679739,0.8349514563106796,0.671875,0.5409836065573771
Race: white,444,0.5855613531259691,0.5826086956521739,0.5555555555555556,0.568760611205433,0.5360730593607306
Overall,445,0.5666998138117807,0.615547703180212,0.7406462585034014,0.672327286761868,0.5797029702970297
Gender: F,445,0.5925799285231335,0.6274007682458387,0.8235294117647058,0.7122093023255814,0.6155339805825243
Gender: M,445,0.5371966384574274,0.6009463722397477,0.6557659208261618,0.6271604938271605,0.5424242424242425
Age: Adult,445,0.5784129959387692,0.5786666666666667,0.7457044673539519,0.6516516516516516,0.5555555555555556
Age: Senior,445,0.4796896695362399,0.6477794793261868,0.8134615384615385,0.7212276214833759,0.589711417816813
Age: Young,445,0.6162345075016308,0.5968992248062015,0.6328767123287671,0.6143617021276596,0.5863052781740371
Race: black,445,0.5154556623228467,0.6914414414414415,0.956386292834891,0.8026143790849674,0.673866090712743
Race: others,445,0.4864175399889686,0.6223277909738717,0.8851351351351351,0.7308228730822873,0.6077235772357723
Race: white,445,0.5618428588600479,0.5490909090909091,0.5402504472271914,0.5446348061316502,0.5258215962441315
Overall,446,0.5735701574689096,0.589010989010989,0.7403314917127072,0.6560587515299877,0.5733805668016194
Gender: F,446,0.6021623231798601,0.60778859527121,0.7693661971830986,0.679098679098679,0.5986394557823129
Gender: M,446,0.5330097830097831,0.5681114551083591,0.7084942084942085,0.6305841924398625,0.545934530095037
Age: Adult,446,0.5510048184275473,0.5299145299145299,0.6940298507462687,0.6009693053311793,0.5268199233716475
Age: Senior,446,0.5131843967110714,0.655223880597015,0.8114602587800369,0.7250206440957886,0.5992779783393501
Age: Young,446,0.6066129671751425,0.5203488372093024,0.6462093862815884,0.5764895330112721,0.5778491171749599
Race: black,446,0.49325073964497035,0.7345537757437071,0.9497041420118343,0.8283870967741935,0.7145922746781116
Race: others,446,0.49005060961582697,0.5141065830721003,0.8677248677248677,0.6456692913385826,0.517426273458445
Race: white,446,0.5540386627133227,0.5238095238095238,0.5706618962432916,0.5462328767123288,0.5338610378188214
Overall,447,0.5602269016806705,0.6354238456237078,0.7545008183306056,0.6898615787504676,0.5914243469689502
Gender: F,447,0.6087784384059751,0.6292749658002736,0.8156028368794326,0.7104247104247104,0.6238716148445336
Gender: M,447,0.5099921980397575,0.6416666666666667,0.7021276595744681,0.6705370101596516,0.560077519379845
Age: Adult,447,0.5293642522146952,0.5880681818181818,0.7263157894736842,0.6499215070643642,0.5420944558521561
Age: Senior,447,0.5203807894605297,0.6876750700280112,0.7881219903691814,0.7344801795063575,0.6107456140350878
Age: Young,447,0.6199256228331854,0.5818181818181818,0.7133757961783439,0.6409155937052933,0.6015873015873016
Race: black,447,0.4665879574970485,0.7760314341846758,0.9404761904761905,0.8503767491926802,0.7430683918669131
Race: others,447,0.49445207919784195,0.5823529411764706,0.8918918918918919,0.7046263345195729,0.5839598997493735
Race: white,447,0.5134459047490008,0.5465116279069767,0.5672413793103448,0.55668358714044,0.5188246097337006
Overall,448,0.5690578684593309,0.6089219330855019,0.7459016393442623,0.670487106017192,0.5833333333333334
Gender: F,448,0.6140906228883839,0.6322147651006711,0.8065068493150684,0.708803611738149,0.6242718446601941
Gender: M,448,0.5135810702394801,0.58,0.6770428015564203,0.6247755834829444,0.5365853658536586
Age: Adult,448,0.5683050447901933,0.6291208791208791,0.7789115646258503,0.6960486322188449,0.5967741935483871
Age: Senior,448,0.5104663835544365,0.6116666666666667,0.8137472283813747,0.698382492863939,0.5750670241286864
Age: Young,448,0.6109985625541144,0.5853018372703412,0.6317280453257791,0.6076294277929155,0.5826086956521739
Race: black,448,0.43637483016304346,0.7430997876857749,0.9510869565217391,0.834326579261025,0.719758064516129
Race: others,448,0.4776342798494697,0.6141479099678456,0.8603603603603603,0.7166979362101313,0.6026315789473684
Race: white,448,0.531959451692626,0.4937833037300178,0.547244094488189,0.5191409897292251,0.5123106060606061
Overall,449,0.5794403297676665,0.6164978292329957,0.7351164797238999,0.6706021251475797,0.5785498489425982
Gender: F,449,0.6151939655172413,0.6396965865992414,0.790625,0.7071977638015374,0.6102325581395349
Gender: M,449,0.5250285085132319,0.5854483925549916,0.6666666666666666,0.6234234234234234,0.5411635565312843
Age: Adult,449,0.5514660777818672,0.5295774647887324,0.7121212121212122,0.6074313408723748,0.5244618395303327
Age: Senior,449,0.5344158682743798,0.6814814814814815,0.7903780068728522,0.7319013524264121,0.6104046242774567
Age: Young,449,0.6306408063596561,0.5795454545454546,0.6517571884984026,0.6135338345864662,0.578688524590164
Race: black,449,0.4943994884572134,0.7198177676537585,0.9266862170087976,0.8102564102564103,0.6877637130801688
Race: others,449,0.488757446094471,0.6161879895561357,0.8613138686131386,0.7184170471841704,0.5870535714285714
Race: white,449,0.5577683116515837,0.5357142857142857,0.5514705882352942,0.5434782608695652,0.5263157894736842
Overall,450,0.573098856707478,0.6284233900814211,0.7158516020236088,0.6692944422546314,0.5773299748110832
Gender: F,450,0.6093262704090991,0.6528704939919893,0.7737341772151899,0.7081824764663287,0.6147227533460803
Gender: M,450,0.5240330067044868,0.5980066445182725,0.6498194945848376,0.6228373702422145,0.5356762513312034
Age: Adult,450,0.490672026386312,0.5872093023255814,0.6801346801346801,0.6302652106084243,0.5192697768762677
Age: Senior,450,0.5637296115688583,0.6602086438152012,0.8039927404718693,0.7250409165302782,0.6111111111111112
Age: Young,450,0.6313150377473985,0.6071428571428571,0.6035502958579881,0.6053412462908012,0.5764331210191083
Race: black,450,0.5385666716365985,0.7557603686635944,0.9291784702549575,0.8335451080050826,0.7194860813704497
Race: others,450,0.48507446808510635,0.5833333333333334,0.812,0.6789297658862876,0.5616438356164384
Race: white,450,0.5455839669233238,0.5588752196836555,0.5454545454545454,0.5520833333333334,0.5222222222222223
Overall,451,0.581274174187525,0.5989465763732129,0.7343173431734318,0.6597596353087443,0.571055381400209
Gender: F,451,0.6293706421215393,0.6333333333333333,0.7864238410596026,0.7016248153618907,0.6181474480151229
Gender: M,451,0.5042691710992908,0.5544041450777202,0.66875,0.6062322946175638,0.5128504672897196
Age: Adult,451,0.5490567496520798,0.531055900621118,0.7370689655172413,0.6173285198555957,0.5340659340659341
Age: Senior,451,0.5215682246190722,0.6236220472440945,0.8,0.7008849557522124,0.5721518987341773
Age: Young,451,0.647256338432809,0.6155913978494624,0.6414565826330533,0.6282578875171467,0.5949177877428998
Race: black,451,0.48385934897123045,0.7074829931972789,0.9341317365269461,0.8051612903225807,0.6766595289079229
Race: others,451,0.5040640659841275,0.5590778097982709,0.8326180257510729,0.6689655172413793,0.5339805825242718
Race: white,451,0.5773582369327049,0.5360443622920518,0.5609284332688588,0.5482041587901701,0.5381642512077295
Overall,452,0.5549374167080405,0.6307911617961511,0.7224489795918367,0.6735159817351598,0.5722831505483549
Gender: F,452,0.5550843656317517,0.6732429099876696,0.8041237113402062,0.7328859060402685,0.6290773532152842
Gender: M,452,0.5360313674267163,0.5726351351351351,0.6208791208791209,0.5957820738137083,0.5069667738478028
Age: Adult,452,0.5153101958390082,0.6192893401015228,0.7601246105919003,0.6825174825174826,0.5634615384615385
Age: Senior,452,0.48176886404734504,0.6458333333333334,0.72875226039783,0.6847918436703483,0.5519323671497585
Age: Young,452,0.6289382592314188,0.6181818181818182,0.6780626780626781,0.6467391304347826,0.6048632218844985
Race: black,452,0.4825638792102206,0.7194244604316546,0.9523809523809523,0.819672131147541,0.6986301369863014
Race: others,452,0.48354814511729405,0.6183745583038869,0.8413461538461539,0.7128309572301426,0.5959885386819485
Race: white,452,0.5230441422800276,0.549645390070922,0.5192629815745393,0.5340223944875108,0.4958061509785648
Overall,453,0.5870831043244835,0.6044609665427509,0.7576887232059646,0.6724565756823822,0.5813953488372093
Gender: F,453,0.6209489365821036,0.627939142461964,0.8269581056466302,0.7138364779874213,0.6220145379023884
Gender: M,453,0.5437093582131751,0.5771704180064309,0.6851145038167938,0.6265270506108203,0.5392895586652314
Age: Adult,453,0.5882761904761905,0.5677966101694916,0.804,0.6655629139072847,0.5608695652173913
Age: Senior,453,0.47345142669139206,0.6,0.7925764192139738,0.6829727187206021,0.5506666666666666
Age: Young,453,0.6770234648459444,0.6450777202072538,0.6821917808219178,0.6631158455392809,0.6290322580645161
Race: black,453,0.4943155317164179,0.735655737704918,0.9348958333333334,0.823394495412844,0.7027027027027027
Race: others,453,0.43049955197132617,0.6258741258741258,0.8287037037037037,0.7131474103585658,0.5764705882352941
Race: white,453,0.5420270356845409,0.4816112084063047,0.5813953488372093,0.5268199233716475,0.5222437137330754
Overall,454,0.588037417679408,0.6332607116920842,0.7696381288614298,0.6948207171314741,0.610178117048346
Gender: F,454,0.6103283778585846,0.6624825662482566,0.7929883138564274,0.7218844984802432,0.6411764705882353
Gender: M,454,0.5550885298486381,0.6015151515151516,0.7434456928838952,0.6649916247906198,0.5767195767195767
Age: Adult,454,0.5660087719298246,0.5741935483870968,0.7807017543859649,0.6617100371747212,0.5645933014354066
Age: Senior,454,0.5144212733090588,0.6637931034482759,0.8105263157894737,0.7298578199052133,0.6148648648648649
Age: Young,454,0.665662428597752,0.6253369272237197,0.6925373134328359,0.6572237960339944,0.6327769347496206
Race: black,454,0.4313387635756057,0.7540603248259861,0.9502923976608187,0.8408796895213454,0.7290748898678414
Race: others,454,0.48913166214995485,0.5653495440729484,0.8611111111111112,0.6825688073394496,0.5447368421052632
Race: white,454,0.5926337191116672,0.5850891410048622,0.6278260869565218,0.6057046979865772,0.5844385499557914
Overall,455,0.5713651769686253,0.6286792452830189,0.7281468531468531,0.6747671121911705,0.5832900882200311
Gender: F,455,0.6122024592937991,0.6885456885456885,0.816793893129771,0.7472067039106145,0.6588124410933082
Gender: M,455,0.5024355448514535,0.5437956204379562,0.6094069529652352,0.5747348119575699,0.4907621247113164
Age: Adult,455,0.6131815044858523,0.5966386554621849,0.7802197802197802,0.6761904761904762,0.575
Age: Senior,455,0.5228679875094218,0.6432078559738135,0.7828685258964143,0.706199460916442,0.5902255639097744
Age: Young,455,0.605652342237708,0.6358543417366946,0.6151761517615176,0.6253443526170799,0.5808936825885979
Race: black,455,0.5044948028841651,0.7516778523489933,0.9281767955801105,0.830655129789864,0.7145833333333333
Race: others,455,0.5038311688311689,0.6329479768786127,0.876,0.7348993288590604,0.6089108910891089
Race: white,455,0.5239192648941337,0.5225563909774437,0.5225563909774437,0.5225563909774437,0.5129434324065196
Overall,456,0.5715815409409285,0.5860749808722264,0.6995433789954338,0.6378018318068276,0.5603840323395655
Gender: F,456,0.5806992989670292,0.5991316931982634,0.7486437613019892,0.6655948553054662,0.5802219979818365
Gender: M,456,0.5560496748465242,0.5714285714285714,0.6494464944649446,0.6079447322970639,0.5404858299595142
Age: Adult,456,0.5760041880830001,0.53,0.7794117647058824,0.6309523809523809,0.5463414634146342
Age: Senior,456,0.4732304131858207,0.5803981623277182,0.7359223300970874,0.648972602739726,0.5227008149010477
Age: Young,456,0.6635717925850427,0.6440677966101694,0.6063829787234043,0.6246575342465753,0.6140845070422535
Race: black,456,0.5136866627839254,0.6958637469586375,0.9438943894389439,0.8011204481792717,0.6765375854214123
Race: others,456,0.5433954583781584,0.5573770491803278,0.8056872037914692,0.6589147286821705,0.5294117647058824
Race: white,456,0.5404048428144814,0.5245346869712352,0.5335628227194492,0.5290102389078498,0.5265866209262435
Overall,457,0.5506883468834689,0.6023477622890683,0.7297777777777777,0.659967845659164,0.5650385604113111
Gender: F,457,0.5654100366224709,0.6333789329685362,0.774247491638796,0.6967644845748683,0.6045142296368989
Gender: M,457,0.5229820281253419,0.5664556962025317,0.6793168880455408,0.6177739430543572,0.521598272138229
Age: Adult,457,0.5165931237359809,0.5628415300546448,0.7953667953667953,0.6592,0.5458422174840085
Age: Senior,457,0.504209145902957,0.6332288401253918,0.7495361781076066,0.6864910790144435,0.5638297872340425
Age: Young,457,0.6158143337269507,0.5877437325905293,0.6452599388379205,0.6151603498542274,0.580952380952381
Race: black,457,0.38146869341867023,0.7362869198312236,0.9331550802139037,0.8231132075471698,0.7005988023952096
Race: others,457,0.4379173508483853,0.541033434650456,0.8768472906403941,0.6691729323308271,0.5404699738903395
Race: white,457,0.5516604772271312,0.525,0.5364963503649635,0.5306859205776173,0.5098963242224317
Overall,458,0.5482952673263262,0.6150914634146342,0.7035745422842197,0.6563643757625051,0.567553735926305
Gender: F,458,0.5901004826112584,0.60625,0.7432950191570882,0.6678141135972461,0.5884861407249466
Gender: M,458,0.5040184143222507,0.6235119047619048,0.6704,0.646106399383192,0.5482283464566929
Age: Adult,458,0.47740334145864094,0.5152439024390244,0.6525096525096525,0.575809199318569,0.47689075630252103
Age: Senior,458,0.4681464714687306,0.687888198757764,0.7358803986710963,0.7110754414125201,0.5885714285714285
Age: Young,458,0.6653118175200194,0.5735294117647058,0.6818181818181818,0.6230031948881789,0.6086235489220564
Race: black,458,0.462002709693312,0.7080610021786492,0.9206798866855525,0.8004926108374384,0.670061099796334
Race: others,458,0.4670946067550543,0.5714285714285714,0.8341232227488151,0.6782273603082851,0.5474254742547425
Race: white,458,0.548436959783561,0.5614678899082569,0.5248713550600344,0.5425531914893617,0.5283363802559415
Overall,459,0.5577533323739935,0.59147685525349,0.7285067873303167,0.6528791565287916,0.5619242579324463
Gender: F,459,0.5826951479678354,0.6325036603221084,0.7955801104972375,0.7047308319738989,0.617740232312566
Gender: M,459,0.525740733335999,0.5501474926253688,0.6637010676156584,0.6016129032258064,0.5094339622641509
Age: Adult,459,0.5640737862960085,0.5717761557177615,0.7912457912457912,0.6638418079096046,0.551789077212806
Age: Senior,459,0.5107380128793405,0.6280276816608996,0.7773019271948608,0.6947368421052632,0.5689189189189189
Age: Young,459,0.5967441820582736,0.5564516129032258,0.6070381231671554,0.5806451612903226,0.5622254758418741
Race: black,459,0.42530032147087027,0.7029914529914529,0.9215686274509803,0.7975757575757576,0.6699604743083004
Race: others,459,0.4645659372300605,0.5214285714285715,0.7934782608695652,0.6293103448275862,0.48656716417910445
Race: white,459,0.5714629435853712,0.5383360522022839,0.5851063829787234,0.5607476635514018,0.5354896675651393
Overall,460,0.5724284300001942,0.5998531571218796,0.755083179297597,0.6685761047463176,0.5822588963383187
Gender: F,460,0.5758475781916873,0.5994475138121547,0.811214953271028,0.6894360603653693,0.5935550935550935
Gender: M,460,0.5698949874580163,0.6003134796238244,0.70018281535649,0.6464135021097046,0.5711361310133061
Age: Adult,460,0.620408547196137,0.6051282051282051,0.8398576512455516,0.7034277198211625,0.6082677165354331
Age: Senior,460,0.5246613593155893,0.6351145038167939,0.7908745247148289,0.7044877222692634,0.5874704491725768
Age: Young,460,0.5824868035190616,0.5205047318611987,0.6,0.5574324324324325,0.5521367521367522
Race: black,460,0.46043854363918063,0.6819221967963387,0.9490445859872612,0.7936085219707057,0.6645021645021645
Race: others,460,0.5077645987844387,0.5692771084337349,0.8552036199095022,0.6835443037974683,0.5512820512820513
Race: white,460,0.5795246800731261,0.5564924114671164,0.603290676416819,0.5789473684210527,0.5584176632934683
Overall,461,0.5764216539044842,0.6421636615811374,0.7907771135781383,0.7087638729429774,0.6101434426229508
Gender: F,461,0.6136215731654233,0.6666666666666666,0.8538587848932676,0.7487401007919366,0.6474747474747474
Gender: M,461,0.5291792704626335,0.6132930513595166,0.7224199288256228,0.6633986928104575,0.5717255717255717
Age: Adult,461,0.5612031445055501,0.5648648648648649,0.7545126353790613,0.6460587326120556,0.5336048879837068
Age: Senior,461,0.5248601869616688,0.7157584683357879,0.8663101604278075,0.7838709677419354,0.6743620899149453
Age: Young,461,0.6218086939398415,0.5877862595419847,0.6936936936936937,0.6363636363636364,0.5862068965517241
Race: black,461,0.43097125694129157,0.7538759689922481,0.930622009569378,0.8329764453961456,0.7189189189189189
Race: others,461,0.47654440154440164,0.6546961325966851,0.8464285714285714,0.7383177570093458,0.6074766355140186
Race: white,461,0.5629177180658801,0.5319148936170213,0.6342494714587738,0.5785920925747348,0.5490196078431373
Overall,462,0.5754152147107704,0.621135873472322,0.7513043478260869,0.680047225501771,0.5854156042835288
Gender: F,462,0.6079858495948876,0.6564245810055865,0.8173913043478261,0.7281177381874516,0.6328451882845189
Gender: M,462,0.5313832153690596,0.5837037037037037,0.6852173913043478,0.6304,0.5402985074626866
Age: Adult,462,0.5492862057103544,0.5376344086021505,0.7843137254901961,0.6379585326953748,0.5300207039337475
Age: Senior,462,0.46832890334695393,0.6474358974358975,0.73992673992674,0.6905982905982906,0.560145808019441
Age: Young,462,0.6927308650298706,0.6582278481012658,0.7449856733524355,0.6989247311827957,0.6580152671755726
Race: black,462,0.4914528171025254,0.7589098532494759,0.9378238341968912,0.8389339513325609,0.7290448343079922
Race: others,462,0.4734481915933529,0.6098901098901099,0.8951612903225806,0.7254901960784313,0.5932203389830508
Race: white,462,0.5401170258846022,0.509090909090909,0.5426356589147286,0.525328330206379,0.5111111111111111
Overall,463,0.5728285641391759,0.6259150805270863,0.7313943541488451,0.6745562130177515,0.5805795627859685
Gender: F,463,0.5766521706809397,0.6737891737891738,0.7779605263157895,0.7221374045801526,0.6216216216216216
Gender: M,463,0.5517134781840665,0.5753012048192772,0.6809269162210339,0.6236734693877551,0.5412935323383085
Age: Adult,463,0.5684143222506394,0.6230366492146597,0.7777777777777778,0.6918604651162791,0.5867446393762183
Age: Senior,463,0.5560427514387504,0.6573208722741433,0.7902621722846442,0.717687074829932,0.5956151035322778
Age: Young,463,0.5771176611742121,0.5701754385964912,0.5927051671732523,0.5812220566318927,0.5560821484992101
Race: black,463,0.41931497821550184,0.7157464212678937,0.9162303664921466,0.8036739380022963,0.6742857142857143
Race: others,463,0.4778205333760889,0.590625,0.8181818181818182,0.6860254083484574,0.5597964376590331
Race: white,463,0.5799921928582895,0.5673249551166966,0.5683453237410072,0.5678346810422282,0.5414680648236415
Overall,464,0.5588125191129484,0.6299625468164795,0.7218884120171674,0.6728,0.5866599292572006
Gender: F,464,0.608024818009471,0.6571018651362984,0.7855917667238422,0.715625,0.6363636363636364
Gender: M,464,0.5046187823249679,0.6003134796238244,0.6580756013745704,0.6278688524590164,0.5357873210633947
Age: Adult,464,0.5864750349077953,0.6449511400651465,0.7674418604651163,0.7008849557522124,0.5966587112171837
Age: Senior,464,0.46937652331158103,0.6634304207119741,0.7414104882459313,0.7002561912894961,0.5765983112183354
Age: Young,464,0.611158566740098,0.5682926829268292,0.6581920903954802,0.6099476439790575,0.5923392612859097
Race: black,464,0.46579253606127036,0.7334963325183375,0.9174311926605505,0.8152173913043478,0.6909090909090909
Race: others,464,0.4637190113500597,0.624,0.8125,0.7058823529411765,0.5886075949367089
Race: white,464,0.551802294792586,0.5571687840290381,0.5581818181818182,0.5576748410535877,0.5427230046948357
Overall,465,0.5825298640542377,0.6429070580013976,0.7547169811320755,0.6943396226415094,0.5976154992548435
Gender: F,465,0.6162841516908446,0.6797829036635007,0.7914691943127962,0.7313868613138687,0.6416747809152873
Gender: M,465,0.5381335324232082,0.6037463976945245,0.7150170648464164,0.6546875,0.5517241379310345
Age: Adult,465,0.5670764764519683,0.5714285714285714,0.7822878228782287,0.660436137071651,0.5477178423236515
Age: Senior,465,0.5362843372610823,0.6985074626865672,0.7918781725888325,0.7422680412371134,0.6255760368663594
Age: Young,465,0.6482717269914501,0.6153846153846154,0.6722689075630253,0.642570281124498,0.5972850678733032
Race: black,465,0.44713760599774344,0.7278225806451613,0.9328165374677002,0.8176670441676104,0.6956521739130435
Race: others,465,0.5427883499651892,0.6656716417910448,0.8991935483870968,0.7650085763293311,0.6459948320413437
Race: white,465,0.5640037117145985,0.56,0.5753424657534246,0.5675675675675675,0.5332725615314494
Overall,466,0.5765557671003803,0.6377730796335448,0.7585917854149203,0.6929555895865237,0.5967823026646556
Gender: F,466,0.5971881337071114,0.6812169312169312,0.7767722473604827,0.7258632840028189,0.6302281368821293
Gender: M,466,0.5488433545037319,0.5882352941176471,0.7358490566037735,0.6538139145012574,0.5592315901814301
Age: Adult,466,0.5650131118881119,0.6231003039513677,0.7884615384615384,0.6960950764006791,0.5894495412844036
Age: Senior,466,0.5116751809280545,0.6713395638629284,0.7981481481481482,0.7292724196277496,0.6004993757802747
Age: Young,466,0.6337011914634232,0.6004464285714286,0.6844783715012722,0.6397146254458977,0.5970744680851063
Race: black,466,0.5431034482758621,0.7278350515463917,0.9363395225464191,0.8190255220417634,0.695906432748538
Race: others,466,0.48530317226609565,0.6149253731343284,0.8547717842323651,0.7152777777777778,0.5858585858585859
Race: white,466,0.5571932845458459,0.5776293823038398,0.6017391304347826,0.5894378194207837,0.5537037037037037
Overall,467,0.5564695231031022,0.603448275862069,0.7200357781753131,0.6566068515497553,0.5655314757481941
Gender: F,467,0.5759011902741751,0.6101694915254238,0.7435456110154905,0.6702870442203258,0.5779543197616683
Gender: M,467,0.5328413162048985,0.5958466453674122,0.6945996275605214,0.641444539982803,0.5520945220193341
Age: Adult,467,0.5708289430501097,0.573134328358209,0.6931407942238267,0.6274509803921569,0.5308641975308642
Age: Senior,467,0.48021181716833894,0.6577708006279435,0.8057692307692308,0.7242869490060502,0.5992462311557789
Age: Young,467,0.5941693402148138,0.5359116022099447,0.6043613707165109,0.568081991215227,0.5503048780487805
Race: black,467,0.48560597884739903,0.7365853658536585,0.9207317073170732,0.8184281842818428,0.6961451247165533
Race: others,467,0.4701852032679101,0.5732899022801303,0.8421052631578947,0.6821705426356589,0.5393258426966292
Race: white,467,0.5280812023604623,0.5299837925445705,0.5628227194492255,0.5459098497495827,0.523225241016652
Overall,468,0.6075419468955799,0.6512110726643598,0.7776859504132232,0.7088512241054614,0.6205203730976927
Gender: F,468,0.6752018043684711,0.6925098554533509,0.844551282051282,0.7610108303249098,0.6783284742468416
Gender: M,468,0.5190645067369749,0.6052631578947368,0.7064846416382252,0.6519685039370079,0.5615079365079365
Age: Adult,468,0.577574823943662,0.5725190839694656,0.7922535211267606,0.6646971935007385,0.566793893129771
Age: Senior,468,0.5389665889665889,0.695067264573991,0.8129370629370629,0.7493956486704271,0.6306413301662708
Age: Young,468,0.6702222459854925,0.6553524804177546,0.7090395480225988,0.6811397557666214,0.6497764530551415
Race: black,468,0.4803862167536664,0.7490842490842491,0.9467592592592593,0.83640081799591,0.7246127366609294
Race: others,468,0.5029506752789196,0.6507936507936508,0.7884615384615384,0.7130434782608696,0.578005115089514
Race: white,468,0.6022883682847119,0.559931506849315,0.6312741312741312,0.5934664246823956,0.5793427230046948
Overall,469,0.5715299480199459,0.6078728236184708,0.7176050044682752,0.6581967213114754,0.575356415478615
Gender: F,469,0.617615590673493,0.6527027027027027,0.8076923076923077,0.7219730941704036,0.6352941176470588
Gender: M,469,0.5120857779411296,0.5507745266781411,0.6142034548944337,0.5807622504537205,0.510593220338983
Age: Adult,469,0.5139442231075697,0.5316091954022989,0.7370517928286853,0.6176961602671118,0.511727078891258
Age: Senior,469,0.5442575531607813,0.6527331189710611,0.7422303473491774,0.6946107784431138,0.5804935370152762
Age: Young,469,0.6365942343489289,0.603988603988604,0.660436137071651,0.6309523809523809,0.6149068322981367
Race: black,469,0.5008886863392958,0.7254464285714286,0.9701492537313433,0.8301404853128991,0.7145922746781116
Race: others,469,0.49902052864618274,0.6338461538461538,0.8015564202334631,0.7079037800687286,0.5771144278606966
Race: white,469,0.5177714489616925,0.49635036496350365,0.5161290322580645,0.5060465116279069,0.5155109489051095
Overall,470,0.5549293898214762,0.6060171919770774,0.752,0.6711622372074574,0.5768249106687086
Gender: F,470,0.5951519631288318,0.6177285318559557,0.818348623853211,0.7040252565114443,0.6122026887280249
Gender: M,470,0.5117111650485437,0.5934718100890207,0.6896551724137931,0.6379585326953748,0.5423387096774194
Age: Adult,470,0.5512889812889812,0.6048632218844985,0.7653846153846153,0.6757215619694398,0.5707865168539326
Age: Senior,470,0.4970555417803124,0.6435045317220544,0.781651376146789,0.7058823529411765,0.5778834720570749
Age: Young,470,0.6078125,0.5456790123456791,0.690625,0.6096551724137931,0.5794947994056464
Race: black,470,0.4426217394517106,0.6868475991649269,0.9481268011527377,0.7966101694915254,0.6660039761431411
Race: others,470,0.5278488434068862,0.5648148148148148,0.8632075471698113,0.6828358208955224,0.5629820051413882
Race: white,470,0.5461761988390711,0.5632377740303541,0.5901060070671378,0.5763589301121657,0.5398313027179007
Overall,471,0.5663366785661066,0.625,0.7180156657963447,0.6682867557715675,0.5810741687979539
Gender: F,471,0.560041914676149,0.6368876080691642,0.7478849407783418,0.6879377431906615,0.5928934010152285
Gender: M,471,0.570242631450743,0.6118210862619808,0.6863799283154122,0.6469594594594594,0.5690721649484536
Age: Adult,471,0.535766780989711,0.6094182825484764,0.7006369426751592,0.6518518518518519,0.5607476635514018
Age: Senior,471,0.508080808080808,0.6385350318471338,0.759469696969697,0.6937716262975778,0.572463768115942
Age: Young,471,0.6478484484827705,0.6163141993957704,0.6644951140065146,0.6394984326018809,0.6114864864864865
Race: black,471,0.41678013052255974,0.7444933920704846,0.9362880886426593,0.8294478527607362,0.7098121085594989
Race: others,471,0.5097873671044403,0.5777027027027027,0.8341463414634146,0.6826347305389222,0.5595567867036011
Race: white,471,0.5431444176478933,0.5543859649122806,0.5420240137221269,0.5481352992194276,0.5327354260089686
Overall,472,0.596217369788445,0.6354679802955665,0.7652542372881356,0.6943483275663207,0.6028971028971029
Gender: F,472,0.6130561619900057,0.675224646983312,0.810477657935285,0.7366946778711485,0.6425855513307985
Gender: M,472,0.5651020949350304,0.5872274143302181,0.7099811676082862,0.6427962489343564,0.5589473684210526
Age: Adult,472,0.596907269546125,0.6050420168067226,0.7632508833922261,0.675,0.5746421267893661
Age: Senior,472,0.5381653560575206,0.6631736526946108,0.8188539741219963,0.7328370554177006,0.6136363636363636
Age: Young,472,0.6444091497777311,0.6161616161616161,0.6853932584269663,0.648936170212766,0.6100443131462334
Race: black,472,0.4714074074074075,0.7665952890792291,0.9546666666666667,0.850356294536817,0.7439024390243902
Race: others,472,0.5667021780303031,0.582089552238806,0.8125,0.6782608695652174,0.5552884615384616
Race: white,472,0.5717065091924989,0.5654281098546042,0.6194690265486725,0.5912162162162162,0.5575868372943327
Overall,473,0.6017176573426574,0.6191145467322557,0.752991452991453,0.679521789433089,0.5946341463414634
Gender: F,473,0.6241976243682228,0.6488340192043895,0.7909698996655519,0.7128862094951017,0.6350574712643678
Gender: M,473,0.5660911668976185,0.5878962536023055,0.7132867132867133,0.6445497630331753,0.5526838966202783
Age: Adult,473,0.5792018272084468,0.5758354755784062,0.7750865051903114,0.6607669616519174,0.5756457564575646
Age: Senior,473,0.5950604604294241,0.6772247360482655,0.8439849624060151,0.7514644351464436,0.6391251518833536
Age: Young,473,0.6247526947741847,0.5606469002695418,0.5959885386819485,0.5777777777777777,0.5562043795620438
Race: black,473,0.5087585745357204,0.7589453860640302,0.9372093023255814,0.8387096774193549,0.7275922671353251
Race: others,473,0.4793459552495697,0.5902140672782875,0.8109243697478992,0.6831858407079646,0.556930693069307
Race: white,473,0.574087995842716,0.504424778761062,0.5677290836653387,0.5342080599812559,0.5385329619312906
Overall,474,0.5569016869568337,0.6072507552870091,0.7362637362637363,0.6655629139072847,0.5765199161425576
Gender: F,474,0.5915296079908644,0.6419939577039275,0.7914338919925512,0.7089241034195163,0.624731182795699
Gender: M,474,0.5189040103933722,0.5725075528700906,0.6828828828828829,0.6228430566967954,0.5306748466257669
Age: Adult,474,0.5807141228336881,0.5710306406685237,0.8102766798418972,0.6699346405228758,0.561822125813449
Age: Senior,474,0.4716177959622259,0.638752052545156,0.7582846003898636,0.6934046345811051,0.5678391959798995
Age: Young,474,0.6187163756488911,0.5898876404494382,0.6441717791411042,0.6158357771260997,0.5975422427035331
Race: black,474,0.44524286190952855,0.7314814814814815,0.948948948948949,0.8261437908496732,0.710239651416122
Race: others,474,0.4589506172839507,0.5714285714285714,0.8518518518518519,0.6840148698884758,0.5538057742782152
Race: white,474,0.5469508024204156,0.5333333333333333,0.5598526703499079,0.5462713387241689,0.5271535580524345
Overall,475,0.5951914234548182,0.6175413371675054,0.7379725085910653,0.6724070450097848,0.5848214285714286
Gender: F,475,0.6369052431385683,0.6473755047106325,0.8166383701188455,0.7222222222222222,0.6407766990291263
Gender: M,475,0.5482682746218133,0.5833333333333334,0.6573913043478261,0.6181520850367948,0.526369168356998
Age: Adult,475,0.5435057176992661,0.5828877005347594,0.7813620071684588,0.667687595712098,0.556237218813906
Age: Senior,475,0.554420531006239,0.6485148514851485,0.751434034416826,0.6961913197519929,0.5775862068965517
Age: Young,475,0.6610622446903417,0.6034063260340633,0.6850828729281768,0.6416558861578266,0.6125874125874126
Race: black,475,0.5229291962821214,0.7445414847161572,0.963276836158192,0.8399014778325123,0.7280334728033473
Race: others,475,0.5074265418146593,0.6124260355029586,0.8380566801619433,0.7076923076923077,0.5829268292682926
Race: white,475,0.5623885946022413,0.5226890756302521,0.5523978685612788,0.5371329879101899,0.524822695035461
Overall,476,0.6103095192804153,0.6655027932960894,0.7779591836734694,0.7173503951825367,0.6199392712550608
Gender: F,476,0.6031113411548195,0.6883435582822086,0.8130434782608695,0.7455149501661129,0.6413857677902621
Gender: M,476,0.6046503470221243,0.6353322528363047,0.7327102803738318,0.6805555555555556,0.5947136563876652
Age: Adult,476,0.616536693694159,0.6353887399463807,0.8200692041522492,0.716012084592145,0.6163265306122448
Age: Senior,476,0.528577831535387,0.6942392909896603,0.7820299500831946,0.7355242566510172,0.6123853211009175
Age: Young,476,0.6913176055207833,0.643979057591623,0.7343283582089553,0.6861924686192469,0.6335504885993485
Race: black,476,0.5228466819221969,0.7761194029850746,0.9519450800915332,0.8550873586844809,0.7491103202846975
Race: others,476,0.5425511853448276,0.6428571428571429,0.9140625,0.7548387096774194,0.6209476309226932
Race: white,476,0.5686598252387725,0.5695488721804511,0.5695488721804511,0.5695488721804511,0.5478775913129319
Overall,477,0.5828311549578987,0.5913897280966768,0.7150684931506849,0.6473749483257545,0.5663446873411286
Gender: F,477,0.6453077389158669,0.616398243045388,0.8003802281368821,0.696443341604632,0.6173096976016684
Gender: M,477,0.518883786845803,0.5647425897035881,0.6362038664323374,0.5983471074380166,0.5178571428571429
Age: Adult,477,0.5789693381906497,0.5538057742782152,0.7814814814814814,0.6482334869431644,0.5544747081712063
Age: Senior,477,0.4863156071366707,0.626970227670753,0.7131474103585658,0.6672879776328052,0.5411311053984575
Age: Young,477,0.6646847734309035,0.5752688172043011,0.6625386996904025,0.6158273381294964,0.6044444444444445
Race: black,477,0.470600965919446,0.7389380530973452,0.943502824858757,0.8287841191066998,0.7112970711297071
Race: others,477,0.4941387957340101,0.46534653465346537,0.7966101694915254,0.5875,0.45604395604395603
Race: white,477,0.5705616869571813,0.5413005272407733,0.5460992907801419,0.5436893203883495,0.5404444444444444
Overall,478,0.6144748154631429,0.6058221872541306,0.7216494845360825,0.6586826347305389,0.5830721003134797
Gender: F,478,0.6645738656754194,0.6671232876712329,0.8076285240464345,0.7306826706676669,0.6554702495201535
Gender: M,478,0.5354256465517241,0.5231053604436229,0.6099137931034483,0.56318407960199,0.49655963302752293
Age: Adult,478,0.6089203354297694,0.5559105431309904,0.7733333333333333,0.6468401486988847,0.5652173913043478
Age: Senior,478,0.5598592769748015,0.6331658291457286,0.7730061349693251,0.6961325966850829,0.5790816326530612
Age: Young,478,0.6701341443092818,0.6038781163434903,0.6175637393767706,0.6106442577030813,0.5988455988455988
Race: black,478,0.510100758180367,0.7556053811659192,0.9413407821229051,0.8383084577114428,0.723404255319149
Race: others,478,0.552091212146679,0.5808580858085809,0.8036529680365296,0.6743295019157088,0.5549738219895288
Race: white,478,0.5813882546025403,0.49233716475095785,0.5244897959183673,0.5079051383399209,0.5310734463276836
Overall,479,0.5740250240297317,0.6213314244810307,0.7337278106508875,0.6728682170542636,0.578
Gender: F,479,0.5969986950848195,0.6614785992217899,0.8133971291866029,0.7296137339055794,0.6264822134387352
Gender: M,479,0.5324719391153744,0.5718849840255591,0.6438848920863309,0.6057529610829103,0.52834008097166
Age: Adult,479,0.5806569047811665,0.6153846153846154,0.7908745247148289,0.6921797004991681,0.5898004434589801
Age: Senior,479,0.5054028328204883,0.6447761194029851,0.7474048442906575,0.6923076923076923,0.5570934256055363
Age: Young,479,0.6209709322325421,0.5861182519280206,0.6666666666666666,0.6238030095759234,0.5967741935483871
Race: black,479,0.45152637485970815,0.788,0.9728395061728395,0.8707182320441988,0.7728155339805826
Race: others,479,0.4879499217527386,0.5391304347826087,0.8732394366197183,0.6666666666666666,0.5267175572519084
Race: white,479,0.5295830464643752,0.5217391304347826,0.5097345132743363,0.5156669650850493,0.5045787545787546
Overall,480,0.5833083582186096,0.6098654708520179,0.7486238532110092,0.6721581548599671,0.5899021123132406
Gender: F,480,0.6364774889029803,0.6675712347354138,0.8092105263157895,0.7315985130111524,0.6471163245356794
Gender: M,480,0.5054294034793864,0.5391014975041597,0.6721991701244814,0.5983379501385041,0.5261437908496732
Age: Adult,480,0.5351334158586067,0.4766081871345029,0.7342342342342343,0.5780141843971631,0.5082644628099173
Age: Senior,480,0.540479288657558,0.6766561514195584,0.8218390804597702,0.7422145328719724,0.6213468869123253
Age: Young,480,0.6421849354171127,0.6187845303867403,0.6473988439306358,0.632768361581921,0.6119402985074627
Race: black,480,0.4752980713658839,0.7196467991169978,0.9560117302052786,0.8211586901763224,0.702928870292887
Race: others,480,0.5461563537221432,0.5981012658227848,0.8289473684210527,0.6948529411764706,0.5585106382978723
Race: white,480,0.550884070454345,0.5289982425307557,0.5777351247600768,0.5522935779816514,0.5510579576816927
Overall,481,0.5743032467046535,0.616793893129771,0.6953528399311532,0.6537216828478964,0.5648195221148958
Gender: F,481,0.6244923405771287,0.6364963503649635,0.7785714285714286,0.7004016064257028,0.6118626430801248
Gender: M,481,0.5249292786421499,0.5952,0.6179401993355482,0.6063569682151589,0.5198807157057654
Age: Adult,481,0.6113103539881782,0.60625,0.8117154811715481,0.6940966010733453,0.6004672897196262
Age: Senior,481,0.5067046369095524,0.6338709677419355,0.7055655296229802,0.6677994902293968,0.538370720188902
Age: Young,481,0.6070267189647659,0.5972972972972973,0.6038251366120219,0.6005434782608695,0.5751445086705202
Race: black,481,0.5413982800041781,0.7099391480730223,0.938337801608579,0.8083140877598153,0.6850094876660342
Race: others,481,0.5194274351366707,0.6099290780141844,0.7926267281105991,0.6893787575150301,0.5730027548209367
Race: white,481,0.5325572941909575,0.5345794392523364,0.5,0.5167118337850045,0.5032497678737233
Overall,482,0.5607600332009781,0.6054371785451874,0.7209098862642169,0.65814696485623,0.563710499490316
Gender: F,482,0.5692016686088733,0.6423751686909581,0.7777777777777778,0.7036215816703622,0.5985985985985987
Gender: M,482,0.5397354746460208,0.5612903225806452,0.655367231638418,0.6046915725456126,0.5275181723779855
Age: Adult,482,0.5279508196721311,0.5155807365439093,0.7459016393442623,0.609715242881072,0.5031982942430704
Age: Senior,482,0.5211571035699795,0.6539050535987749,0.789279112754159,0.7152428810720268,0.5893719806763285
Age: Young,482,0.6151393008570961,0.6056338028169014,0.6005586592178771,0.603085553997195,0.5744360902255639
Race: black,482,0.45810439560439564,0.7317596566523605,0.9368131868131868,0.8216867469879519,0.704
Race: others,482,0.5591838507877664,0.5662650602409639,0.9038461538461539,0.6962962962962963,0.5614973262032086
Race: white,482,0.5247656729007104,0.5239786856127886,0.5166374781085814,0.5202821869488536,0.5
Overall,483,0.5800480835337696,0.6231003039513677,0.6990622335890878,0.6588991562876657,0.5709954522486104
Gender: F,483,0.6231934931506848,0.6567375886524822,0.7928082191780822,0.7183863460046548,0.6310975609756098
Gender: M,483,0.5238339173852318,0.5842880523731587,0.6061120543293718,0.595,0.5115577889447236
Age: Adult,483,0.5761606677099634,0.5359281437125748,0.7103174603174603,0.6109215017064846,0.5096774193548387
Age: Senior,483,0.4727725729707695,0.6590909090909091,0.7504621072088724,0.7018150388936906,0.5708955223880597
Age: Young,483,0.6553229665071769,0.6420765027322405,0.618421052631579,0.6300268096514745,0.6112676056338028
Race: black,483,0.5953059131821807,0.751503006012024,0.9541984732824428,0.8408071748878924,0.7305502846299811
Race: others,483,0.417421973518285,0.624031007751938,0.7740384615384616,0.6909871244635193,0.5636363636363636
Race: white,483,0.5347727272727273,0.5080500894454383,0.4965034965034965,0.502210433244916,0.4982174688057041
Overall,484,0.5756046636874449,0.6213292117465224,0.6997389033942559,0.6582071223905035,0.568698347107438
Gender: F,484,0.6002913885387176,0.6258503401360545,0.7890222984562607,0.6980273141122914,0.6012024048096193
Gender: M,484,0.5537705649910711,0.6153846153846154,0.607773851590106,0.6115555555555555,0.5341151385927505
Age: Adult,484,0.5788697788697789,0.6265822784810127,0.6923076923076923,0.6578073089700996,0.5626326963906582
Age: Senior,484,0.5070804302652487,0.6324237560192616,0.7296296296296296,0.6775580395528805,0.5551601423487544
Age: Young,484,0.6417987719643393,0.5971830985915493,0.6563467492260062,0.6253687315634219,0.5916398713826366
Race: black,484,0.4236333120204604,0.7449392712550608,0.9411764705882353,0.831638418079096,0.7129094412331407
Race: others,484,0.5680592991913747,0.5857605177993528,0.8537735849056604,0.6948176583493282,0.5737265415549598
Race: white,484,0.5326581049472616,0.5193482688391039,0.46703296703296704,0.4918032786885246,0.4952107279693487
Overall,485,0.5969644290057727,0.6369047619047619,0.7372954349698536,0.6834331337325349,0.5994949494949495
Gender: F,485,0.6233050847457627,0.6487603305785123,0.7983050847457627,0.71580547112462,0.631163708086785
Gender: M,485,0.5641734465406018,0.6229773462783171,0.6742556917688266,0.6476030277544155,0.5662525879917184
Age: Adult,485,0.6156229668184775,0.5919540229885057,0.7773584905660378,0.6721044045676998,0.5955734406438632
Age: Senior,485,0.5012759139743267,0.66875,0.7548500881834215,0.7091963545981773,0.5821428571428572
Age: Young,485,0.6645790176756432,0.6235955056179775,0.6747720364741642,0.6481751824817519,0.6251944012441679
Race: black,485,0.46409150796502574,0.755011135857461,0.9338842975206612,0.8349753694581281,0.7196652719665272
Race: others,485,0.4489774276624754,0.5714285714285714,0.8585365853658536,0.6861598440545809,0.5601092896174863
Race: white,485,0.6020096335702906,0.5809199318568995,0.5750421585160203,0.5779661016949152,0.5616197183098591
Overall,486,0.5750418396036953,0.6359447004608295,0.7168831168831169,0.673992673992674,0.585189021232522
Gender: F,486,0.6090543931583365,0.6597938144329897,0.7737478411053541,0.712241653418124,0.6275720164609053
Gender: M,486,0.5297813315926893,0.6099518459069021,0.6597222222222222,0.6338615512927439,0.5422314911366006
Age: Adult,486,0.5727616867682014,0.5848563968668408,0.7296416938110749,0.6492753623188405,0.5425330812854442
Age: Senior,486,0.5307321174019519,0.6996699669966997,0.7779816513761468,0.736750651607298,0.6193467336683417
Age: Young,486,0.6223409469659837,0.5750798722044729,0.594059405940594,0.5844155844155844,0.5775577557755776
Race: black,486,0.4768769349845201,0.731404958677686,0.9315789473684211,0.8194444444444444,0.6976744186046512
Race: others,486,0.46403061224489806,0.5753424657534246,0.8,0.6693227091633466,0.5257142857142857
Race: white,486,0.5759964601769911,0.5817490494296578,0.5415929203539823,0.5609532538955087,0.5502347417840375
Overall,487,0.5759413473540281,0.6358936484490398,0.7506538796861377,0.6885245901639344,0.5963730569948187
Gender: F,487,0.6160814594966213,0.6464088397790055,0.8082901554404145,0.718342287029931,0.6296670030272452
Gender: M,487,0.5315359135947761,0.6238095238095238,0.6919014084507042,0.656093489148581,0.5612353567625133
Age: Adult,487,0.6148075840720417,0.6478494623655914,0.7799352750809061,0.7077826725403817,0.5963488843813387
Age: Senior,487,0.5297793925258099,0.6677966101694915,0.7864271457085829,0.7222731439046746,0.60546875
Age: Young,487,0.5922920167316148,0.576530612244898,0.6706231454005934,0.6200274348422496,0.585949177877429
Race: black,487,0.4698704505479638,0.7258382642998028,0.9460154241645244,0.8214285714285714,0.7042513863216266
Race: others,487,0.570862836703409,0.6302816901408451,0.8689320388349514,0.7306122448979592,0.6106194690265486
Race: white,487,0.5366629561725161,0.5577264653641207,0.5688405797101449,0.5632286995515695,0.5361904761904762
Overall,488,0.5862369072971446,0.5997023809523809,0.7575187969924813,0.6694352159468439,0.5873509590461379
Gender: F,488,0.6470666737842311,0.6418338108882522,0.8549618320610687,0.7332242225859247,0.657922350472193
Gender: M,488,0.5120327896704043,0.5541795665634675,0.662962962962963,0.6037099494097807,0.5184426229508197
Age: Adult,488,0.6242578202829249,0.5987654320987654,0.8117154811715481,0.6891651865008881,0.6102449888641426
Age: Senior,488,0.5407635049946659,0.6123076923076923,0.8105906313645621,0.6976336546888694,0.5828295042321644
Age: Young,488,0.6151145983894282,0.5783783783783784,0.6407185628742516,0.6079545454545454,0.5773353751914242
Race: black,488,0.4578869239705693,0.7347826086956522,0.9234972677595629,0.8184019370460048,0.6957403651115619
Race: others,488,0.5180173444976077,0.5806451612903226,0.861244019138756,0.6936416184971098,0.5691056910569106
Race: white,488,0.5549882890723955,0.5017421602787456,0.588957055214724,0.541862652869238,0.5435801312089972
Overall,489,0.5866969380675886,0.6212553495007133,0.7521588946459413,0.68046875,0.5883241066935078
Gender: F,489,0.6515291547639052,0.6347826086956522,0.8096118299445472,0.7116165718927701,0.6211312700106724
Gender: M,489,0.5212250291023016,0.6081460674157303,0.7017828200972447,0.6516177577125658,0.559047619047619
Age: Adult,489,0.6120689655172412,0.5428571428571428,0.8007662835249042,0.6470588235294118,0.5485148514851486
Age: Senior,489,0.5181615923665394,0.680281690140845,0.8131313131313131,0.74079754601227,0.6145952109464082
Age: Young,489,0.6382860140318667,0.5830618892508144,0.5907590759075908,0.5868852459016394,0.5834710743801653
Race: black,489,0.37473500908540275,0.7568093385214008,0.9350961538461539,0.8365591397849462,0.7200736648250461
Race: others,489,0.5148298705209275,0.6023054755043228,0.8600823045267489,0.7084745762711865,0.5773955773955773
Race: white,489,0.5760293821844432,0.5046210720887245,0.5470941883767535,0.525,0.523625843780135
Overall,490,0.5627054614981343,0.6312056737588653,0.7410491257285595,0.6817311374952125,0.5867727498756837
Gender: F,490,0.5883146227973814,0.6517482517482518,0.7845117845117845,0.7119938884644768,0.611740473738414
Gender: M,490,0.525021782057672,0.6100719424460431,0.6985172981878089,0.6513056835637481,0.5634615384615385
Age: Adult,490,0.5553606563462895,0.5323076923076923,0.7032520325203252,0.6059544658493871,0.5161290322580645
Age: Senior,490,0.4904794152817434,0.7126600284495022,0.7977707006369427,0.7528174305033809,0.6299212598425197
Age: Young,490,0.6284681679177092,0.5654450261780105,0.6605504587155964,0.609308885754584,0.578386605783866
Race: black,490,0.45283036039315616,0.7529880478087649,0.9219512195121952,0.8289473684210527,0.7132352941176471
Race: others,490,0.442052019127118,0.6293103448275862,0.8656126482213439,0.7287853577371048,0.5883838383838383
Race: white,490,0.527302147485301,0.5232142857142857,0.5446096654275093,0.5336976320582878,0.5219421101774043
Overall,491,0.5818749589113141,0.6255673222390318,0.74303683737646,0.6792607802874744,0.5959648215209519
Gender: F,491,0.5931280680186725,0.6416893732970027,0.8037542662116041,0.7136363636363636,0.6154628687690743
Gender: M,491,0.5602612584727324,0.6054421768707483,0.6755218216318786,0.6385650224215247,0.5757894736842105
Age: Adult,491,0.5404818579516212,0.5528455284552846,0.7611940298507462,0.640502354788069,0.542
Age: Senior,491,0.5274468235460391,0.6764705882352942,0.7752808988764045,0.7225130890052356,0.6020025031289111
Age: Young,491,0.6464913939852468,0.6129032258064516,0.6720257234726688,0.6411042944785276,0.6309148264984227
Race: black,491,0.5472254641909815,0.7558386411889597,0.9442970822281167,0.839622641509434,0.7290836653386454
Race: others,491,0.4305116665070701,0.4901315789473684,0.8418079096045198,0.6195426195426196,0.4830508474576271
Race: white,491,0.5768626408161291,0.5886654478976234,0.5760286225402504,0.5822784810126582,0.5710306406685237
Overall,492,0.5684446237407843,0.6073380171740828,0.7305164319248826,0.6632566069906224,0.5770877944325482
Gender: F,492,0.5859920461537089,0.5962910128388017,0.806949806949807,0.6858080393765381,0.5972660357518401
Gender: M,492,0.5540812293097485,0.6206896551724138,0.6581352833638026,0.6388642413487134,0.5561613958560524
Age: Adult,492,0.5215329159552268,0.5530546623794212,0.6852589641434262,0.6120996441281139,0.5045454545454545
Age: Senior,492,0.46816666666666673,0.6266025641025641,0.782,0.6957295373665481,0.565989847715736
Age: Young,492,0.6730686569497089,0.6213872832369942,0.6847133757961783,0.6515151515151515,0.640625
Race: black,492,0.4733107300428159,0.6728110599078341,0.9329073482428115,0.7817938420348058,0.6456521739130435
Race: others,492,0.4627332662867359,0.6112852664576802,0.8552631578947368,0.7129798903107861,0.5922077922077922
Race: white,492,0.5724464195566706,0.5511363636363636,0.5553435114503816,0.5532319391634981,0.5405669599217986
Overall,493,0.5895237594064094,0.6491611962071481,0.7259380097879282,0.6854062379668848,0.591704147926037
Gender: F,493,0.6088015596058833,0.6754270696452037,0.7895545314900153,0.7280453257790368,0.6271844660194175
Gender: M,493,0.5564756258234518,0.6163934426229508,0.6539130434782608,0.6345991561181434,0.5540679711637487
Age: Adult,493,0.582635221271171,0.596816976127321,0.7785467128027682,0.6756756756756757,0.5822050290135397
Age: Senior,493,0.5610943903688524,0.7054380664652568,0.7655737704918033,0.7342767295597484,0.6096997690531177
Age: Young,493,0.619166220036361,0.5963855421686747,0.6055045871559633,0.6009104704097117,0.5744336569579288
Race: black,493,0.4778087110895923,0.7606490872210954,0.9305210918114144,0.8370535714285714,0.7224334600760456
Race: others,493,0.5188585907335908,0.6361031518624641,0.8571428571428571,0.7302631578947368,0.6085918854415274
Race: white,493,0.5663452113244537,0.553875236294896,0.5195035460992907,0.5361390667886551,0.5198863636363636
Overall,494,0.5660756826508329,0.5805722891566265,0.7192164179104478,0.6425,0.5481832543443917
Gender: F,494,0.6015362387214719,0.6021650879566982,0.8135283363802559,0.6920684292379471,0.5963302752293578
Gender: M,494,0.5247594814007028,0.5534804753820034,0.6209523809523809,0.585278276481149,0.49673202614379086
Age: Adult,494,0.5642223819793912,0.5755208333333334,0.8095238095238095,0.6727549467275494,0.5585215605749486
Age: Senior,494,0.49085349986989335,0.5940099833610649,0.7083333333333334,0.6461538461538462,0.5166872682323856
Age: Young,494,0.6327371780761611,0.5626822157434402,0.6542372881355932,0.6050156739811913,0.582089552238806
Race: black,494,0.5472368287996764,0.7517084282460137,0.967741935483871,0.8461538461538461,0.737417943107221
Race: others,494,0.4859217171717171,0.5584795321637427,0.8488888888888889,0.673721340388007,0.5386533665835411
Race: white,494,0.4894998337704555,0.4570383912248629,0.49407114624505927,0.4748338081671415,0.4687800192122959
Overall,495,0.5726422769368251,0.6443514644351465,0.7536704730831973,0.6947368421052632,0.594
Gender: F,495,0.6092514614405354,0.678237650200267,0.8154093097913323,0.7405247813411079,0.644
Gender: M,495,0.527317234148318,0.6072992700729927,0.6898839137645107,0.6459627329192547,0.544
Age: Adult,495,0.5627914695875861,0.6380697050938338,0.7702265372168284,0.6979472140762464,0.5912698412698413
Age: Senior,495,0.5098940914158305,0.6839080459770115,0.7959866220735786,0.7357032457496137,0.6059907834101382
Age: Young,495,0.6275730184334135,0.5753424657534246,0.658307210031348,0.6140350877192983,0.5796178343949044
Race: black,495,0.49249517152579786,0.763671875,0.9421686746987952,0.8435814455231931,0.7344322344322345
Race: others,495,0.5213314642403724,0.6818181818181818,0.8633093525179856,0.7619047619047619,0.6376811594202898
Race: white,495,0.5232985852844418,0.5140350877192983,0.549718574108818,0.5312783318223028,0.5028846153846154
Overall,496,0.5856400837744121,0.6338639652677279,0.7263681592039801,0.6769706336939721,0.5861386138613861
Gender: F,496,0.6222779306060874,0.6637426900584795,0.7694915254237288,0.7127158555729984,0.6234567901234568
Gender: M,496,0.5441393097643098,0.6045845272206304,0.685064935064935,0.6423135464231354,0.5515267175572519
Age: Adult,496,0.5702550955931469,0.5915492957746479,0.7317073170731707,0.6542056074766355,0.5375
Age: Senior,496,0.509504890154645,0.6748554913294798,0.7744610281923715,0.7212355212355213,0.59255079006772
Age: Young,496,0.641070893566025,0.5940298507462687,0.629746835443038,0.6113671274961597,0.6131498470948012
Race: black,496,0.48736453551653974,0.7690631808278867,0.9438502673796791,0.8475390156062425,0.7392197125256673
Race: others,496,0.4823273100089709,0.6424242424242425,0.8313725490196079,0.7247863247863248,0.6053921568627451
Race: white,496,0.5545563511239865,0.524451939291737,0.5389948006932409,0.5316239316239316,0.5128888888888888
Overall,497,0.5952975179196609,0.6369661266568483,0.7716324710080286,0.6978620411456232,0.6092853416797078
Gender: F,497,0.5992546996645357,0.6405835543766578,0.8158783783783784,0.7176820208023774,0.6270853778213935
Gender: M,497,0.5881143026931215,0.6324503311258278,0.722117202268431,0.6743159752868491,0.589086859688196
Age: Adult,497,0.5888708381371623,0.6094182825484764,0.7801418439716312,0.6842923794712286,0.5814432989690722
Age: Senior,497,0.5458801498127341,0.6846846846846847,0.8539325842696629,0.76,0.6422360248447205
Age: Young,497,0.628815802871398,0.5709969788519638,0.6196721311475409,0.5943396226415094,0.5885167464114832
Race: black,497,0.5218592728469968,0.7575757575757576,0.938337801608579,0.8383233532934131,0.7227926078028748
Race: others,497,0.4860615521855486,0.5838323353293413,0.8552631578947368,0.693950177935943,0.5753086419753086
Race: white,497,0.5785929169840062,0.5693950177935944,0.6153846153846154,0.5914972273567468,0.568780487804878
Overall,498,0.6192653129699643,0.6210526315789474,0.7829383886255924,0.6926624737945493,0.6029252437703142
Gender: F,498,0.632204484334257,0.6458055925432756,0.8206429780033841,0.7228017883755589,0.6298507462686567
Gender: M,498,0.5962052958931673,0.5889464594127807,0.7349137931034483,0.6538830297219559,0.5707491082045184
Age: Adult,498,0.6166666666666667,0.5517241379310345,0.8073394495412844,0.6554934823091247,0.5677570093457944
Age: Senior,498,0.5479303688876179,0.6604651162790698,0.8192307692307692,0.7313304721030043,0.6032953105196451
Age: Young,498,0.6664138963034861,0.6120218579234973,0.7066246056782335,0.6559297218155198,0.6263910969793323
Race: black,498,0.5080419402453301,0.7622222222222222,0.9689265536723164,0.8532338308457711,0.7462365591397849
Race: others,498,0.5891736609388653,0.5735294117647058,0.9241706161137441,0.7078039927404719,0.5871794871794872
Race: white,498,0.5682451423683247,0.5333333333333333,0.5877551020408164,0.5592233009708738,0.5418768920282543
Overall,499,0.5708703182615474,0.621900826446281,0.7607413647851727,0.6843501326259946,0.5892504930966469
Gender: F,499,0.6166103222898355,0.6476063829787234,0.795751633986928,0.7140762463343109,0.6275071633237822
Gender: M,499,0.5144613407581924,0.5942857142857143,0.7234782608695652,0.6525490196078432,0.5484199796126402
Age: Adult,499,0.6194232812809567,0.6275071633237822,0.7849462365591398,0.697452229299363,0.602510460251046
Age: Senior,499,0.49129857635210017,0.6381381381381381,0.7841328413284133,0.7036423841059603,0.5763313609467455
Age: Young,499,0.6098336476618792,0.5926773455377574,0.7076502732240437,0.6450809464508095,0.5957446808510638
Race: black,499,0.4285910892542572,0.7613636363636364,0.9663461538461539,0.8516949152542372,0.7440585009140768
Race: others,499,0.4751376511324289,0.5851393188854489,0.8475336322869955,0.6923076923076923,0.5590551181102362
Race: white,499,0.5477031101237703,0.519134775374376,0.5693430656934306,0.5430809399477807,0.5227272727272727
Overall,500,0.5537509129131309,0.6419153365718251,0.7502027575020276,0.6918474195961107,0.5954835542464408
Gender: F,500,0.5739457921150619,0.6100543478260869,0.8148820326678766,0.6977466977466977,0.601842374616172
Gender: M,500,0.551891805924064,0.675177304964539,0.6979472140762464,0.6863734679163662,0.589622641509434
Age: Adult,500,0.510356981909483,0.6479217603911981,0.8359621451104101,0.7300275482093664,0.6179337231968811
Age: Senior,500,0.5114168693203635,0.695139911634757,0.7853577371048253,0.7375,0.6097560975609756
Age: Young,500,0.6062078087940157,0.5325779036827195,0.5968253968253968,0.562874251497006,0.5595776772247361
Race: black,500,0.3992226984837823,0.7309833024118738,0.9704433497536946,0.8338624338624339,0.7196428571428571
Race: others,500,0.4835125448028674,0.5988538681948424,0.842741935483871,0.7001675041876047,0.5817757009345794
Race: white,500,0.5722485576746408,0.5822784810126582,0.5561312607944733,0.568904593639576,0.5347950428979981
Overall,501,0.5624698787672315,0.6338439095550693,0.7193708609271523,0.6739046141915471,0.5805486284289276
Gender: F,501,0.5853640795785171,0.6626984126984127,0.7977707006369427,0.7239884393063584,0.6302032913843175
Gender: M,501,0.5258554714989444,0.5983739837398374,0.6344827586206897,0.6158995815899582,0.5277777777777778
Age: Adult,501,0.5541943653054764,0.5696969696969697,0.6962962962962963,0.6266666666666667,0.5555555555555556
Age: Senior,501,0.4903785285188295,0.6687211093990755,0.768141592920354,0.71499176276771,0.5876042908224076
Age: Young,501,0.6222946835255155,0.6301020408163265,0.6621983914209115,0.6457516339869281,0.5906344410876133
Race: black,501,0.474020202020202,0.7664670658682635,0.9696969696969697,0.8561872909698997,0.7523992322456814
Race: others,501,0.49062058332262626,0.5419354838709678,0.7813953488372093,0.64,0.5227272727272727
Race: white,501,0.5374086999832837,0.5660714285714286,0.5309882747068677,0.5479688850475367,0.5193014705882353
Overall,502,0.5843258084197682,0.6174863387978142,0.7583892617449665,0.6807228915662651,0.579573624194348
Gender: F,502,0.6413472958158231,0.6561314791403287,0.8317307692307693,0.7335689045936395,0.6392344497607656
Gender: M,502,0.5157448403291034,0.5720653789004457,0.6778169014084507,0.6204673650282031,0.5154320987654321
Age: Adult,502,0.6542930125247197,0.6414141414141414,0.8581081081081081,0.7341040462427746,0.6327345309381237
Age: Senior,502,0.46835603786654356,0.6228070175438597,0.75,0.6805111821086262,0.5418098510882016
Age: Young,502,0.6493612078977934,0.5833333333333334,0.6829268292682927,0.6292134831460674,0.5894245723172629
Race: black,502,0.5200868151632541,0.745697896749522,0.9375,0.8306709265175719,0.7135135135135136
Race: others,502,0.5309159589573231,0.5853658536585366,0.8384279475982532,0.6894075403949731,0.5586734693877551
Race: white,502,0.5404553255896057,0.5252854812398042,0.5886654478976234,0.5551724137931034,0.5177570093457944
Overall,503,0.5571509137192409,0.5899613899613899,0.6672489082969433,0.6262295081967213,0.5414781297134238
Gender: F,503,0.6083158502472027,0.6242937853107344,0.7673611111111112,0.6884735202492211,0.6011964107676969
Gender: M,503,0.5008450181858028,0.5485519591141397,0.5659050966608085,0.5570934256055363,0.48073022312373226
Age: Adult,503,0.5718904845888972,0.5789473684210527,0.7482993197278912,0.6528189910979229,0.5642458100558659
Age: Senior,503,0.46694468690395374,0.6161228406909789,0.6537678207739308,0.6343873517786561,0.5020188425302826
Age: Young,503,0.6076806749442852,0.565989847715736,0.6194444444444445,0.5915119363395226,0.5655853314527504
Race: black,503,0.537981781561842,0.7231503579952268,0.9154078549848943,0.808,0.6889848812095032
Race: others,503,0.4743607406590984,0.5395189003436426,0.7440758293838863,0.6254980079681275,0.5091383812010444
Race: white,503,0.527590442847491,0.5196581196581197,0.5041459369817579,0.5117845117845118,0.4925634295713036
Overall,504,0.5728467983966806,0.6339285714285714,0.7473684210526316,0.6859903381642513,0.5855811672388426
Gender: F,504,0.5909042759789556,0.6268472906403941,0.8015748031496063,0.7035245335176227,0.603145235892692
Gender: M,504,0.5584683426443203,0.6428571428571429,0.69,0.6655948553054662,0.5657620041753654
Age: Adult,504,0.554273377010125,0.637883008356546,0.7842465753424658,0.7035330261136713,0.5945378151260504
Age: Senior,504,0.4949909237250402,0.6546762589928058,0.7558139534883721,0.7016191210485736,0.5666293393057111
Age: Young,504,0.6455490288709231,0.5945273631840796,0.7008797653958945,0.6433378196500673,0.6044776119402985
Race: black,504,0.3913556976522237,0.7916666666666666,0.9429280397022333,0.8607021517553793,0.757396449704142
Race: others,504,0.5133434804667681,0.5587392550143266,0.8904109589041096,0.6866197183098591,0.5538847117794486
Race: white,504,0.5567229263395658,0.5550239234449761,0.567699836867863,0.5612903225806452,0.5198587819947044
Overall,505,0.5562100992804113,0.6040570999248686,0.6973113616652211,0.6473429951690821,0.5646123260437376
Gender: F,505,0.6132372671544101,0.6,0.7616580310880829,0.6712328767123288,0.5866028708133971
Gender: M,505,0.4906885301132182,0.6090604026845637,0.632404181184669,0.6205128205128205,0.5408479834539814
Age: Adult,505,0.5736263736263737,0.5671232876712329,0.7582417582417582,0.6489028213166145,0.5590551181102362
Age: Senior,505,0.4182516482950448,0.6478190630048465,0.702276707530648,0.6739495798319328,0.5397390272835113
Age: Young,505,0.6433142100617829,0.5648414985590778,0.6343042071197411,0.5975609756097561,0.6006051437216339
Race: black,505,0.4691151385927505,0.6977777777777778,0.9373134328358209,0.8,0.6694736842105263
Race: others,505,0.4699040090344438,0.5747126436781609,0.7905138339920948,0.6655574043261231,0.530373831775701
Race: white,505,0.5545402785007808,0.5440900562851783,0.5132743362831859,0.5282331511839709,0.5329125338142471
Overall,506,0.6123566578814166,0.6110294117647059,0.7687326549491211,0.6808684965178206,0.5961638154484189
Gender: F,506,0.6403749788181753,0.6706349206349206,0.8366336633663366,0.7444933920704846,0.6571428571428571
Gender: M,506,0.5618367102265915,0.5364238410596026,0.6821052631578948,0.6005560704355886,0.5284463894967177
Age: Adult,506,0.614336978810663,0.6338028169014085,0.8035714285714286,0.7086614173228346,0.621676891615542
Age: Senior,506,0.5380329228284827,0.617741935483871,0.7995824634655533,0.6969972702456779,0.5652741514360313
Age: Young,506,0.6612657044042913,0.5792207792207792,0.6925465838509317,0.6308345120226309,0.612759643916914
Race: black,506,0.556503198294243,0.7149122807017544,0.9731343283582089,0.8242730720606827,0.7116182572614108
Race: others,506,0.46523879707736204,0.6026058631921825,0.8295964125560538,0.6981132075471698,0.5628415300546448
Race: white,506,0.5929689481006326,0.5360134003350083,0.6118546845124283,0.5714285714285714,0.5559666975023126
Overall,507,0.5746131190520778,0.6483180428134556,0.726649528706084,0.6852525252525252,0.5946930280957337
Gender: F,507,0.6053340036652016,0.6816976127320955,0.8210862619808307,0.744927536231884,0.6549019607843137
Gender: M,507,0.5212134090455247,0.6028880866425993,0.6173752310536045,0.6100456621004566,0.5266075388026608
Age: Adult,507,0.6457926829268292,0.6053412462908012,0.8292682926829268,0.6998284734133791,0.6076233183856502
Age: Senior,507,0.48085403726708076,0.7181663837011885,0.7356521739130435,0.7268041237113402,0.6020025031289111
Age: Young,507,0.6071809021532227,0.5785340314136126,0.638728323699422,0.6071428571428571,0.5775480059084195
Race: black,507,0.48129450899550225,0.7592190889370932,0.9510869565217391,0.8443908323281062,0.7334710743801653
Race: others,507,0.4945945945945946,0.5612244897959183,0.868421052631579,0.6818181818181818,0.5443786982248521
Race: white,507,0.5627167504406075,0.6021699819168174,0.5467980295566502,0.5731497418244407,0.5490909090909091
Overall,508,0.5583706317200806,0.6183150183150183,0.7207514944491887,0.6656151419558359,0.5742971887550201
Gender: F,508,0.5846862934969881,0.6486111111111111,0.7693574958813838,0.7038432554634514,0.607
Gender: M,508,0.5205329919798501,0.5844961240310077,0.6684397163120568,0.6236559139784946,0.5413306451612904
Age: Adult,508,0.5561851723982647,0.6096256684491979,0.742671009771987,0.6696035242290749,0.5706106870229007
Age: Senior,508,0.4604181193837409,0.6712121212121213,0.7664359861591695,0.715670436187399,0.5814506539833532
Age: Young,508,0.620931854069684,0.5226586102719033,0.6048951048951049,0.5607779578606159,0.5677830940988836
Race: black,508,0.4773222802634568,0.7557894736842106,0.9702702702702702,0.8497041420118343,0.7402862985685071
Race: others,508,0.47849779086892485,0.5138888888888888,0.7628865979381443,0.6141078838174274,0.4959349593495935
Race: white,508,0.5392198543869904,0.5598006644518272,0.5551894563426688,0.5574855252274608,0.5282186948853616
Overall,509,0.5668188174012491,0.5995475113122172,0.7333948339483395,0.6597510373443983,0.5706806282722513
Gender: F,509,0.5940193732792974,0.6193548387096774,0.7986688851913477,0.6976744186046512,0.6015325670498084
Gender: M,509,0.5273637891982766,0.5716878402903811,0.6521739130434783,0.6092843326885881,0.5334872979214781
Age: Adult,509,0.5719450280112044,0.575,0.7610294117647058,0.6550632911392406,0.5477178423236515
Age: Senior,509,0.5219630831611124,0.6666666666666666,0.7594433399602386,0.7100371747211895,0.5873015873015873
Age: Young,509,0.6017366961762373,0.5241730279898219,0.6666666666666666,0.5868945868945868,0.5684523809523809
Race: black,509,0.4505938003220613,0.7088607594936709,0.9739130434782609,0.8205128205128205,0.6993865030674846
Race: others,509,0.5930358790642133,0.5642633228840125,0.8695652173913043,0.6844106463878327,0.5688311688311688
Race: white,509,0.5312164339419979,0.5234521575984991,0.5244360902255639,0.523943661971831,0.5106177606177607
Overall,510,0.568163064042185,0.6105336105336105,0.7491496598639455,0.6727758686521573,0.5759524987629886
Gender: F,510,0.5955367659598094,0.6038961038961039,0.8058925476603119,0.6904231625835189,0.5887573964497042
Gender: M,510,0.5462822023634162,0.6181277860326895,0.6944908180300501,0.6540880503144654,0.5630585898709036
Age: Adult,510,0.580886794732391,0.6081504702194357,0.7265917602996255,0.6621160409556314,0.5629139072847682
Age: Senior,510,0.5091072384403179,0.6437246963562753,0.8003355704697986,0.7135377711293942,0.5845986984815619
Age: Young,510,0.6232766312638516,0.5483028720626631,0.670926517571885,0.603448275862069,0.5727554179566563
Race: black,510,0.47055837563451786,0.7461832061068703,0.9923857868020305,0.8518518518518519,0.7476808905380334
Race: others,510,0.48619477911646586,0.6153846153846154,0.8405797101449275,0.7105666156202144,0.5723981900452488
Race: white,510,0.5169335020947137,0.47601476014760147,0.5098814229249012,0.49236641221374045,0.48846153846153845
Overall,511,0.5882197662214549,0.6364280652019844,0.7714776632302406,0.6974757281553398,0.6057692307692307
Gender: F,511,0.6252080732417811,0.6560509554140127,0.826645264847512,0.7315340909090909,0.6417061611374407
Gender: M,511,0.5344731977818855,0.6118210862619808,0.7079482439926063,0.6563838903170522,0.5646036916395223
Age: Adult,511,0.5367096042451491,0.5575757575757576,0.7863247863247863,0.6524822695035462,0.5595505617977528
Age: Senior,511,0.5181261338710595,0.6696035242290749,0.815742397137746,0.7354838709677419,0.6104513064133017
Age: Young,511,0.673799352421638,0.645,0.6954177897574124,0.669260700389105,0.6298984034833092
Race: black,511,0.4593316289262235,0.7091633466135459,0.9621621621621622,0.8165137614678899,0.6911196911196911
Race: others,511,0.4403340510210739,0.6343042071197411,0.8376068376068376,0.7219152854511971,0.5863013698630137
Race: white,511,0.6100023452157599,0.5766666666666667,0.6178571428571429,0.596551724137931,0.5718206770356816
Overall,512,0.5497563946406822,0.59625468164794,0.7044247787610619,0.645841784989858,0.5525371604305485
Gender: F,512,0.5648107448107449,0.6120218579234973,0.7658119658119659,0.680334092634776,0.5810945273631841
Gender: M,512,0.5250200187604384,0.5771144278606966,0.6385321100917432,0.6062717770034843,0.5221987315010571
Age: Adult,512,0.5067531867115779,0.5835694050991501,0.7006802721088435,0.6367851622874807,0.53
Age: Senior,512,0.4534541026250747,0.6206322795341098,0.7445109780439122,0.676950998185118,0.5424164524421594
Age: Young,512,0.639547823015102,0.5695538057742782,0.6477611940298508,0.6061452513966481,0.5809806835066865
Race: black,512,0.49911071587372163,0.6989010989010989,0.9190751445086706,0.7940074906367042,0.6625766871165644
Race: others,512,0.44151971326164874,0.5768025078369906,0.8177777777777778,0.6764705882352942,0.5368421052631579
Race: white,512,0.5373669862531083,0.5240641711229946,0.5259391771019678,0.525,0.5083179297597042
Overall,513,0.5822973937381138,0.6417597765363129,0.748371335504886,0.6909774436090226,0.5980440097799511
Gender: F,513,0.6249949535321238,0.6485355648535565,0.7828282828282829,0.7093821510297483,0.6231454005934718
Gender: M,513,0.5382669558359622,0.634965034965035,0.7160883280757098,0.6730911786508524,0.5735009671179884
Age: Adult,513,0.541860465116279,0.5808080808080808,0.7641196013289037,0.6599713055954088,0.5659340659340659
Age: Senior,513,0.5322189193257074,0.7037037037037037,0.7864238410596026,0.7427677873338546,0.6209677419354839
Age: Young,513,0.6434853845844558,0.592797783933518,0.6625386996904025,0.6257309941520468,0.5942947702060222
Race: black,513,0.5063129452223041,0.7551487414187643,0.9565217391304348,0.8439897698209718,0.7365010799136069
Race: others,513,0.49443843878015475,0.5478547854785478,0.7980769230769231,0.649706457925636,0.5251989389920424
Race: white,513,0.5809811320754716,0.611271676300578,0.6266666666666667,0.6188734455010972,0.5676348547717842
Overall,514,0.5886458733651433,0.588646967340591,0.7285851780558229,0.6511827956989247,0.5704449152542372
Gender: F,514,0.6537087912087911,0.6444121915820029,0.7928571428571428,0.710968775020016,0.6301229508196722
Gender: M,514,0.5040307222032044,0.52428810720268,0.6534446764091858,0.5817843866171004,0.506578947368421
Age: Adult,514,0.5471105251593056,0.5047021943573667,0.7252252252252253,0.5951940850277264,0.48711943793911006
Age: Senior,514,0.5104378341764307,0.6027164685908319,0.7751091703056768,0.6781279847182426,0.557161629434954
Age: Young,514,0.670455566537874,0.6375661375661376,0.6713091922005571,0.6540027137042063,0.6357142857142857
Race: black,514,0.5596366345238587,0.6986899563318777,0.9667673716012085,0.8111533586818758,0.6876310272536688
Race: others,514,0.463560919040371,0.56,0.8148148148148148,0.6637931034482759,0.5343283582089552
Race: white,514,0.5617435131086921,0.5117540687160941,0.5452793834296724,0.5279850746268657,0.5297397769516728
Overall,515,0.5613802383698576,0.5910780669144982,0.7361111111111112,0.6556701030927835,0.5711350796096559
Gender: F,515,0.5782059557245782,0.6053412462908012,0.7669172932330827,0.6766169154228856,0.5950155763239875
Gender: M,515,0.5388192258755776,0.5767511177347243,0.7062043795620438,0.6349466776045939,0.5477642276422764
Age: Adult,515,0.4845814305133414,0.5248618784530387,0.6761565836298933,0.5909797822706065,0.4883268482490272
Age: Senior,515,0.47057468743145425,0.6293245469522241,0.7876288659793814,0.6996336996336996,0.5723598435462842
Age: Young,515,0.6793753618992472,0.5930851063829787,0.7101910828025477,0.6463768115942029,0.6336336336336337
Race: black,515,0.5045609912411877,0.6838407494145199,0.9668874172185431,0.8010973936899863,0.6827133479212254
Race: others,515,0.48047475555008917,0.5584415584415584,0.8514851485148515,0.6745098039215687,0.5426997245179064
Race: white,515,0.5584574763057069,0.5426229508196722,0.5746527777777778,0.5581787521079258,0.5350488021295474
Overall,516,0.5543346244747899,0.6034214618973561,0.6928571428571428,0.6450540315876975,0.5588842975206612
Gender: F,516,0.6040655828693177,0.6407355021216408,0.8191681735985533,0.719047619047619,0.6300940438871473
Gender: M,516,0.4964705227650211,0.5578583765112263,0.5696649029982364,0.5636998254799301,0.48927477017364657
Age: Adult,516,0.5554647636687186,0.5672514619883041,0.7432950191570882,0.6434494195688225,0.5444915254237288
Age: Senior,516,0.5147488641400709,0.6535836177474402,0.748046875,0.697632058287796,0.5818639798488665
Age: Young,516,0.5858084777973073,0.5558659217877095,0.5734870317002881,0.5645390070921986,0.5417910447761194
Race: black,516,0.49034123770965876,0.7106481481481481,0.9446153846153846,0.8110964332892999,0.6877729257641921
Race: others,516,0.45964958158995817,0.5865384615384616,0.7656903765690377,0.6642468239564429,0.5363408521303258
Race: white,516,0.5359781008844932,0.5276752767527675,0.5143884892086331,0.5209471766848816,0.5125115848007414
Overall,517,0.5656332909871838,0.6104477611940299,0.7316636851520573,0.6655817737998373,0.5775950668036999
Gender: F,517,0.6077824236417094,0.6393210749646393,0.7943760984182777,0.7084639498432602,0.6246215943491423
Gender: M,517,0.5219454090285068,0.5781990521327014,0.6666666666666666,0.6192893401015228,0.5287958115183246
Age: Adult,517,0.6174657761828816,0.6190476190476191,0.8125,0.7027027027027027,0.6016096579476862
Age: Senior,517,0.5003013773841637,0.618657937806874,0.7354085603112841,0.672,0.5607142857142857
Age: Young,517,0.6071899166198644,0.5868945868945868,0.6518987341772152,0.6176911544227887,0.5812807881773399
Race: black,517,0.4444036921572223,0.7321063394683026,0.9701897018970189,0.8344988344988346,0.7171314741035857
Race: others,517,0.48038025889967634,0.6170212765957447,0.8446601941747572,0.7131147540983607,0.5857988165680473
Race: white,517,0.5161967753648077,0.5026362038664324,0.5267034990791897,0.5143884892086331,0.5117540687160941
Overall,518,0.5648786602398597,0.6213314244810307,0.7667844522968198,0.686437327006722,0.5899689762150983
Gender: F,518,0.5658610220079936,0.6514954486345904,0.8336106489184693,0.7313868613138687,0.627906976744186
Gender: M,518,0.55230310143108,0.5843949044585988,0.6911487758945386,0.633304572907679,0.5502645502645502
Age: Adult,518,0.4898504273504274,0.5777126099706745,0.7216117216117216,0.6416938110749185,0.5268817204301075
Age: Senior,518,0.5157090152674751,0.6466049382716049,0.8167641325536062,0.7217915590008613,0.6017262638717632
Age: Young,518,0.6537118348895805,0.6176470588235294,0.7283236994219653,0.6684350132625995,0.6200607902735562
Race: black,518,0.5075307559970136,0.6988188976377953,0.9391534391534392,0.801354401805869,0.6746765249537893
Race: others,518,0.4803213218706176,0.5870967741935483,0.8544600938967136,0.6959847036328872,0.5667574931880109
Race: white,518,0.5587571698077253,0.5716753022452504,0.6118299445471349,0.5910714285714286,0.5536062378167641
Overall,519,0.565746648965783,0.6372950819672131,0.7591537835638731,0.6929075380616413,0.5920078934385792
Gender: F,519,0.5964304789352375,0.6638036809815951,0.8086696562032885,0.72911051212938,0.6298342541436464
Gender: M,519,0.5143747656542932,0.6040061633281972,0.7,0.6484698097601324,0.5483528161530287
Age: Adult,519,0.5658763212100254,0.5958005249343832,0.7747440273037542,0.6735905044510386,0.5769230769230769
Age: Senior,519,0.49733682266009854,0.6726726726726727,0.7724137931034483,0.7191011235955056,0.5930232558139535
Age: Young,519,0.6358257075562763,0.6187050359712231,0.7247191011235955,0.6675291073738681,0.6027820710973725
Race: black,519,0.4795090493030997,0.7419928825622776,0.954233409610984,0.8348348348348348,0.7208121827411168
Race: others,519,0.45061677291166485,0.648876404494382,0.8988326848249028,0.7536704730831973,0.6206030150753769
Race: white,519,0.5217480165734564,0.521978021978022,0.5327102803738317,0.5272895467160037,0.5077071290944123
Overall,520,0.5738366695867055,0.6137239784117193,0.7094474153297683,0.6581231914014055,0.5737113402061855
Gender: F,520,0.6027598698073112,0.6607629427792916,0.8110367892976589,0.7282282282282282,0.627188465499485
Gender: M,520,0.5203576636075136,0.5523978685612788,0.5935114503816794,0.5722171113155474,0.5201238390092879
Age: Adult,520,0.6134958006817303,0.6281690140845071,0.7797202797202797,0.6957878315132605,0.5979381443298969
Age: Senior,520,0.4584317718940936,0.6006884681583476,0.7107942973523421,0.6511194029850746,0.527180783817952
Age: Young,520,0.6513833992094862,0.6204986149584487,0.6492753623188405,0.6345609065155807,0.6114457831325302
Race: black,520,0.5254856750392465,0.7635135135135135,0.9313186813186813,0.8391089108910891,0.726890756302521
Race: others,520,0.5232181252206284,0.5915032679738562,0.8190045248868778,0.6869070208728653,0.5441988950276243
Race: white,520,0.5030652098679983,0.5045703839122486,0.5139664804469274,0.5092250922509225,0.5172413793103449
Overall,521,0.5635936758524845,0.6309523809523809,0.7558724832214765,0.6877862595419847,0.5877016129032258
Gender: F,521,0.5808502606931369,0.6191780821917808,0.7571189279731994,0.6812358703843255,0.5865102639296188
Gender: M,521,0.5447811911649906,0.6432664756446992,0.7546218487394958,0.6945088940448569,0.5889698231009365
Age: Adult,521,0.5542295978618933,0.6592039800995025,0.7658959537572254,0.7085561497326203,0.5902255639097744
Age: Senior,521,0.4851686909581647,0.6473282442748092,0.8153846153846154,0.7217021276595744,0.5937888198757764
Age: Young,521,0.6133727041645166,0.5714285714285714,0.6503067484662577,0.6083213773314203,0.5780525502318392
Race: black,521,0.4847198641765705,0.7426778242677824,0.9543010752688172,0.8352941176470589,0.7227722772277227
Race: others,521,0.45875016673336005,0.6331168831168831,0.819327731092437,0.7142857142857143,0.5714285714285714
Race: white,521,0.5341837359690013,0.5467289719626168,0.6030927835051546,0.5735294117647058,0.5318385650224215
Overall,522,0.5772573165108262,0.6422475106685633,0.7438220757825371,0.6893129770992367,0.5980246913580247
Gender: F,522,0.6274324147838579,0.6661991584852734,0.78125,0.7191521574564723,0.6330365974282888
Gender: M,522,0.5179779007312495,0.6176046176046176,0.7062706270627063,0.6589684372594303,0.5631163708086785
Age: Adult,522,0.544966141514649,0.6042780748663101,0.7847222222222222,0.6827794561933535,0.5705521472392638
Age: Senior,522,0.47065618618775845,0.6769706336939721,0.7711267605633803,0.7209876543209877,0.5949820788530465
Age: Young,522,0.6596028768492277,0.6207792207792208,0.6675977653631285,0.6433378196500673,0.6208869814020028
Race: black,522,0.46255498183209026,0.761996161228407,0.9566265060240964,0.8482905982905983,0.7375231053604436
Race: others,522,0.5285494539301646,0.5496688741721855,0.8426395939086294,0.6653306613226453,0.5386740331491713
Race: white,522,0.5575038333759265,0.5831903945111492,0.5647840531561462,0.5738396624472574,0.5499108734402852
Overall,523,0.5789329938210415,0.6601398601398601,0.7486122125297383,0.7015979189892233,0.6042385411532775
Gender: F,523,0.6009287965857645,0.6726027397260274,0.8088962108731467,0.7344801795063575,0.6406882591093117
Gender: M,523,0.5509624730341607,0.6471428571428571,0.6926605504587156,0.6691285081240768,0.5696445725264169
Age: Adult,523,0.6049894360474565,0.6190476190476191,0.7986348122866894,0.6974664679582713,0.5964214711729622
Age: Senior,523,0.5263636424636484,0.7043343653250774,0.7968476357267951,0.7477403451109285,0.6310096153846154
Age: Young,523,0.6164584552493872,0.6280788177339901,0.6423173803526449,0.635118306351183,0.5778097982708934
Race: black,523,0.4520326009687711,0.7422303473491774,0.9598108747044918,0.8371134020618557,0.7208480565371025
Race: others,523,0.507864324212272,0.6537396121883656,0.8805970149253731,0.7503974562798092,0.6189320388349514
Race: white,523,0.5614746325272642,0.578544061302682,0.5298245614035088,0.5531135531135531,0.5356803044719315
Overall,524,0.6057711973194665,0.6307803468208093,0.7787689562890276,0.6970059880239521,0.6089644513137558
Gender: F,524,0.6248232601376422,0.6577540106951871,0.8186356073211315,0.7294292068198666,0.6445959104186952
Gender: M,524,0.5714881882077315,0.5990566037735849,0.7326923076923076,0.6591695501730104,0.5689277899343544
Age: Adult,524,0.5258425480570569,0.6226415094339622,0.7674418604651163,0.6875,0.5816733067729084
Age: Senior,524,0.6116182572614107,0.6699186991869919,0.8547717842323651,0.7511394712853237,0.6463730569948186
Age: Young,524,0.6509100555745401,0.5778894472361809,0.6804733727810651,0.625,0.5862068965517241
Race: black,524,0.48696777268935454,0.7269155206286837,0.9511568123393316,0.8240534521158129,0.7074074074074074
Race: others,524,0.44777611194402794,0.5804195804195804,0.8019323671497585,0.6734279918864098,0.5426136363636364
Race: white,524,0.6287259178480552,0.5721561969439728,0.6419047619047619,0.6050269299820467,0.5805529075309819
Overall,525,0.5527814343051092,0.5956651718983558,0.709706144256456,0.6477041852905323,0.5556125064069708
Gender: F,525,0.5830775745520659,0.6416337285902504,0.7681388012618297,0.6992103374012921,0.5971153846153846
Gender: M,525,0.5010370327295283,0.5354058721934369,0.6339468302658486,0.5805243445692884,0.5082327113062569
Age: Adult,525,0.5334363636363636,0.5587392550143266,0.7090909090909091,0.625,0.5073684210526316
Age: Senior,525,0.5135591420683797,0.6507413509060955,0.7745098039215687,0.7072515666965085,0.5844980940279543
Age: Young,525,0.5931320487533505,0.5418848167539267,0.6124260355029586,0.575,0.555878084179971
Race: black,525,0.45438426821405553,0.6997635933806147,0.8996960486322189,0.7872340425531915,0.6529284164859002
Race: others,525,0.48957243495849906,0.5659824046920822,0.7942386831275721,0.660958904109589,0.5285714285714286
Race: white,525,0.5376841545761953,0.5365853658536586,0.558983666061706,0.5475555555555556,0.5242990654205607
Overall,526,0.570230666428143,0.6343390804597702,0.7572898799313894,0.6903831118060985,0.6002019182231196
Gender: F,526,0.5821049266508009,0.6604026845637584,0.8213689482470785,0.7321428571428571,0.6307692307692307
Gender: M,526,0.5458393093169099,0.6043276661514683,0.689594356261023,0.6441515650741351,0.5705765407554672
Age: Adult,526,0.6232126593806921,0.6140939597315436,0.75,0.6752767527675276,0.5849056603773585
Age: Senior,526,0.5048136794712137,0.6752873563218391,0.8047945205479452,0.734375,0.6091954022988506
Age: Young,526,0.5955561960631389,0.5778894472361809,0.6804733727810651,0.625,0.5982532751091703
Race: black,526,0.393017211386939,0.7505197505197505,0.967828418230563,0.8454332552693209,0.7380952380952381
Race: others,526,0.4982633311917764,0.6233766233766234,0.8480565371024735,0.718562874251497,0.5904139433551199
Race: white,526,0.558497375328084,0.5361216730038023,0.5529411764705883,0.5444015444015444,0.5363457760314342
Overall,527,0.5374777653677505,0.6388692579505301,0.738562091503268,0.6851079954528231,0.5873882820258193
Gender: F,527,0.5676387816496421,0.6405405405405405,0.7939698492462312,0.7090501121914734,0.6086519114688129
Gender: M,527,0.5036443178267205,0.6370370370370371,0.6858054226475279,0.6605222734254992,0.5666666666666667
Age: Adult,527,0.5174018961317052,0.5626598465473146,0.7612456747404844,0.6470588235294118,0.53125
Age: Senior,527,0.4874310640286649,0.7378223495702005,0.7862595419847328,0.7612712490761271,0.6411111111111111
Age: Young,527,0.5821040372670807,0.5184049079754601,0.6035714285714285,0.5577557755775577,0.5548172757475083
Race: black,527,0.3894721192992087,0.7304347826086957,0.968299711815562,0.8327137546468402,0.7145877378435518
Race: others,527,0.5222164253728099,0.5611111111111111,0.8211382113821138,0.6666666666666666,0.5334872979214781
Race: white,527,0.5491250452677358,0.6151260504201681,0.5800316957210776,0.5970636215334421,0.5541516245487365
Overall,528,0.5612798713062566,0.6124721603563474,0.7255936675461742,0.6642512077294686,0.5736196319018405
Gender: F,528,0.6019727736073343,0.6147757255936676,0.823321554770318,0.7039274924471299,0.608
Gender: M,528,0.5172083608160666,0.6095076400679117,0.6287215411558669,0.6189655172413793,0.5376569037656904
Age: Adult,528,0.5777937995674116,0.6089238845144357,0.8140350877192982,0.6966966966966966,0.5992063492063492
Age: Senior,528,0.48335062130866446,0.6104553119730185,0.7433264887063655,0.6703703703703704,0.5424164524421594
Age: Young,528,0.6095846078822539,0.6193029490616622,0.6328767123287671,0.6260162601626016,0.5905044510385756
Race: black,528,0.46931003584229397,0.7398720682302772,0.9327956989247311,0.8252080856123662,0.7048192771084337
Race: others,528,0.40464103521214384,0.5533980582524272,0.7276595744680852,0.6286764705882353,0.5024630541871922
Race: white,528,0.5680799537338249,0.539543057996485,0.5792452830188679,0.5586897179253867,0.5389733840304183
Overall,529,0.518399792830999,0.5938173975557153,0.7258347978910369,0.653222617635429,0.5500256541816316
Gender: F,529,0.576509511993383,0.6265560165975104,0.8031914893617021,0.703962703962704,0.6059979317476732
Gender: M,529,0.4506750871080139,0.5583832335329342,0.6498257839721254,0.6006441223832528,0.49490835030549896
Age: Adult,529,0.4668477723994863,0.5425219941348973,0.6981132075471698,0.6105610561056105,0.4824561403508772
Age: Senior,529,0.4561582749377982,0.6374269005847953,0.8044280442804428,0.7112561174551386,0.5830388692579506
Age: Young,529,0.6027672943833673,0.5601092896174863,0.6193353474320241,0.5882352941176471,0.5543478260869565
Race: black,529,0.3536367478675171,0.7127882599580713,0.9340659340659341,0.8085612366230678,0.6824457593688363
Race: others,529,0.5078621031746031,0.5779816513761468,0.7875,0.6666666666666666,0.5367647058823529
Race: white,529,0.49873408239700373,0.5059625212947189,0.5561797752808989,0.5298840321141838,0.49032882011605416
Overall,530,0.5705437777125718,0.6070150322118826,0.7464788732394366,0.6695617844453218,0.5815
Gender: F,530,0.6223157075500211,0.6192411924119241,0.8045774647887324,0.6998468606431854,0.620889748549323
Gender: M,530,0.5052131254865879,0.5933232169954477,0.6883802816901409,0.6373268133659332,0.5393374741200828
Age: Adult,530,0.5474560010586211,0.5529411764705883,0.7121212121212122,0.6225165562913907,0.537525354969574
Age: Senior,530,0.46351532788000305,0.6612903225806451,0.7762478485370051,0.714172604908947,0.5860091743119266
Age: Young,530,0.6604581235515063,0.5573333333333333,0.718213058419244,0.6276276276276276,0.6094488188976378
Race: black,530,0.4056596715669771,0.7495183044315993,0.974937343358396,0.8474945533769063,0.7373358348968105
Race: others,530,0.5050034843205575,0.556923076923077,0.8829268292682927,0.6830188679245283,0.5578947368421052
Race: white,530,0.5476088870825714,0.5027124773960217,0.5225563909774437,0.5124423963133641,0.5133394664213431
Overall,531,0.5674776429828481,0.5925076452599388,0.7276995305164319,0.6531816266329541,0.5704592901878914
Gender: F,531,0.5969476361042626,0.628032345013477,0.802065404475043,0.7044595616024187,0.6185365853658537
Gender: M,531,0.5167066014173453,0.5459363957597173,0.6384297520661157,0.5885714285714285,0.5151515151515151
Age: Adult,531,0.5704173785696851,0.5225988700564972,0.7773109243697479,0.625,0.5365344467640919
Age: Senior,531,0.48438060806974725,0.627172195892575,0.7590822179732314,0.6868512110726643,0.5563725490196079
Age: Young,531,0.6481560268968952,0.6012461059190031,0.6348684210526315,0.6176,0.6151368760064412
Race: black,531,0.46794497909983473,0.7065727699530516,0.9290123456790124,0.8026666666666666,0.6718403547671841
Race: others,531,0.5147874585468797,0.6077170418006431,0.883177570093458,0.72,0.6016260162601627
Race: white,531,0.5241760403917789,0.4991243432574431,0.540796963946869,0.5191256830601093,0.5182481751824818
Overall,532,0.5633614382417437,0.6221735959153902,0.7328178694158075,0.6729783037475345,0.5840441545408931
Gender: F,532,0.5744299068653309,0.6335149863760218,0.7921635434412265,0.7040121120363361,0.601427115188583
Gender: M,532,0.5504711249228073,0.609105180533752,0.6724436741767764,0.6392092257001647,0.567193675889328
Age: Adult,532,0.580173595248972,0.5755627009646302,0.7396694214876033,0.6473779385171791,0.5578231292517006
Age: Senior,532,0.49076507394766783,0.6574746008708273,0.773037542662116,0.7105882352941176,0.5835214446952596
Age: Young,532,0.6167974386724387,0.5956873315363881,0.6577380952380952,0.6251768033946252,0.6021021021021021
Race: black,532,0.4332008495783652,0.7695473251028807,0.9516539440203562,0.850967007963595,0.745136186770428
Race: others,532,0.4608076563958918,0.6149425287356322,0.8492063492063492,0.7133333333333334,0.5924170616113744
Race: white,532,0.5235225018085967,0.4934823091247672,0.5105973025048169,0.5018939393939394,0.5023651844843898
Overall,533,0.5768230511454155,0.6095089633671084,0.7174311926605504,0.6590813316477033,0.5797402597402598
Gender: F,533,0.6162637320865169,0.6072931276297335,0.7801801801801802,0.6829652996845426,0.60932944606414
Gender: M,533,0.5349289357185388,0.612280701754386,0.6523364485981309,0.6316742081447964,0.5457589285714286
Age: Adult,533,0.5821596244131455,0.6,0.7582417582417582,0.6699029126213593,0.5802469135802469
Age: Senior,533,0.519541999291611,0.6466552315608919,0.7421259842519685,0.6911090742438131,0.5771643663739021
Age: Young,533,0.6252951981107321,0.5577464788732395,0.6407766990291263,0.5963855421686747,0.5825545171339563
Race: black,533,0.44479823179271705,0.734065934065934,0.9355742296918768,0.8226600985221675,0.7030927835051546
Race: others,533,0.4622420262664165,0.5278688524590164,0.7740384615384616,0.6276803118908382,0.48655913978494625
Race: white,533,0.5784477769008154,0.5487571701720841,0.5466666666666666,0.5477099236641222,0.5561797752808989
Overall,534,0.5941694066261143,0.6463851109520401,0.7347436940602116,0.6877380045696877,0.5972495088408645
Gender: F,534,0.6481281281281281,0.694829760403531,0.8162962962962963,0.7506811989100818,0.6617375231053605
Gender: M,534,0.5159431407942239,0.5827814569536424,0.6353790613718412,0.6079447322970639,0.5241090146750524
Age: Adult,534,0.6265465303926843,0.6452513966480447,0.8076923076923077,0.717391304347826,0.6216216216216216
Age: Senior,534,0.5069537204368666,0.6749633967789166,0.7399678972712681,0.7059724349157733,0.5775577557755776
Age: Young,534,0.6583157592024539,0.5926966292134831,0.659375,0.6242603550295858,0.6068111455108359
Race: black,534,0.5232015935533524,0.7865853658536586,0.9723618090452262,0.8696629213483146,0.7721021611001965
Race: others,534,0.4692171182854412,0.6276595744680851,0.8644688644688645,0.7272727272727273,0.5921658986175116
Race: white,534,0.5399021873848524,0.5293005671077504,0.5017921146953405,0.515179392824287,0.5178408051235133
Overall,535,0.5741042259679867,0.6054371785451874,0.7396768402154399,0.6658585858585858,0.5797764227642277
Gender: F,535,0.599470696799805,0.6556291390728477,0.8101472995090017,0.7247437774524158,0.6363636363636364
Gender: M,535,0.5279690764923222,0.5429042904290429,0.6540755467196819,0.5933273219116321,0.5171306209850107
Age: Adult,535,0.5690984578884934,0.5965346534653465,0.8576512455516014,0.7036496350364964,0.6103646833013435
Age: Senior,535,0.4904512781251329,0.5871080139372822,0.7310195227765727,0.6512077294685991,0.529335071707953
Age: Young,535,0.6512620444072057,0.6422976501305483,0.6612903225806451,0.6516556291390728,0.6132352941176471
Race: black,535,0.5472008660303994,0.7227272727272728,0.9695121951219512,0.828125,0.7167381974248928
Race: others,535,0.48596535770706384,0.5643564356435643,0.8104265402843602,0.6653696498054474,0.5461741424802111
Race: white,535,0.5450666455093621,0.5420711974110033,0.5826086956521739,0.5616093880972338,0.5342831700801425
Overall,536,0.6198827874761886,0.658273381294964,0.7612312811980033,0.7060185185185185,0.6168929110105581
Gender: F,536,0.6746201993426747,0.6983311938382541,0.8460342146189735,0.7651195499296765,0.6816015252621545
Gender: M,536,0.5495659196446597,0.6072013093289689,0.6636851520572451,0.6341880341880342,0.5446808510638298
Age: Adult,536,0.6114137630991563,0.5873925501432665,0.7677902621722846,0.6655844155844156,0.556989247311828
Age: Senior,536,0.575300967041642,0.7054263565891473,0.8081705150976909,0.7533112582781457,0.6422569027611045
Age: Young,536,0.6571822226716554,0.6439393939393939,0.6854838709677419,0.6640625,0.6266280752532561
Race: black,536,0.47088036117381493,0.7865384615384615,0.9232505643340858,0.8494288681204569,0.7424511545293073
Race: others,536,0.5923800414474734,0.6333333333333333,0.8495934959349594,0.7256944444444444,0.6040100250626567
Race: white,536,0.5758356656882154,0.55,0.5789473684210527,0.5641025641025641,0.5530671859785784
Overall,537,0.5845015711488477,0.6142241379310345,0.7454228421970357,0.6734935013784955,0.5857071464267866
Gender: F,537,0.6000157809602715,0.6468200270635994,0.8033613445378152,0.7166416791604198,0.6297747306562194
Gender: M,537,0.5559202729242856,0.5773353751914242,0.6829710144927537,0.6257261410788382,0.539795918367347
Age: Adult,537,0.567902532095851,0.5866666666666667,0.7612456747404844,0.6626506024096386,0.5546719681908548
Age: Senior,537,0.5106291849759363,0.6445131375579598,0.7853107344632768,0.7079796264855688,0.57997557997558
Age: Young,537,0.6439958646093967,0.5891891891891892,0.6666666666666666,0.6255380200860832,0.6156111929307806
Race: black,537,0.486194119053311,0.7323340471092077,0.9606741573033708,0.8311057108140948,0.7203219315895373
Race: others,537,0.5165912518853696,0.5617647058823529,0.8642533936651584,0.6809269162210339,0.5468354430379747
Race: white,537,0.5620138007356054,0.5504273504273505,0.5649122807017544,0.5575757575757576,0.539224526600541
Overall,538,0.6042592313613485,0.6262699564586357,0.7497827975673328,0.6824831949387109,0.5970898143502258
Gender: F,538,0.631010436694382,0.6353111432706223,0.7881508078994613,0.7035256410256411,0.6224489795918368
Gender: M,538,0.574423631702868,0.6171761280931587,0.7138047138047138,0.6619828259172521,0.5725567620927937
Age: Adult,538,0.6188683044703988,0.6179104477611941,0.7961538461538461,0.6957983193277311,0.5986696230598669
Age: Senior,538,0.47647167962521664,0.6476608187134503,0.7731239092495636,0.7048528241845664,0.5755148741418764
Age: Young,538,0.6846585804132974,0.5933147632311978,0.6698113207547169,0.6292466765140325,0.624251497005988
Race: black,538,0.5329256711370532,0.7650862068965517,0.962059620596206,0.8523409363745498,0.7469135802469136
Race: others,538,0.5508186715495051,0.6272189349112426,0.8945147679324894,0.7373913043478261,0.6186868686868687
Race: white,538,0.5481667585178461,0.5138888888888888,0.5431192660550459,0.528099910793934,0.5238523852385238
Overall,539,0.5451907537643637,0.5745647236941711,0.7021276595744681,0.6319733555370525,0.5374149659863946
Gender: F,539,0.6081247677914007,0.6241426611796982,0.8183453237410072,0.708171206225681,0.6181262729124236
Gender: M,539,0.46145450259311643,0.5135135135135135,0.579047619047619,0.5443151298119964,0.4520990312163617
Age: Adult,539,0.5762016187809276,0.5675675675675675,0.7213740458015268,0.6352941176470588,0.5292841648590022
Age: Senior,539,0.4935334773748435,0.5766871165644172,0.7800829875518672,0.6631393298059964,0.5341463414634147
Age: Young,539,0.593816145268936,0.5773809523809523,0.5756676557863502,0.5765230312035661,0.5476190476190477
Race: black,539,0.523973956516684,0.6855791962174941,0.9508196721311475,0.7967032967032966,0.6681614349775785
Race: others,539,0.4856500691562932,0.594855305466238,0.7676348547717843,0.6702898550724637,0.5415617128463476
Race: white,539,0.5082972418509232,0.4838160136286201,0.5308411214953271,0.5062388591800356,0.4812734082397004
Overall,540,0.5992335810200822,0.582962962962963,0.7502383222116301,0.6561067111296374,0.578005115089514
Gender: F,540,0.6492398983422323,0.6260744985673352,0.7845601436265709,0.6964143426294821,0.6261040235525025
Gender: M,540,0.5373979162088918,0.5368098159509203,0.7113821138211383,0.6118881118881119,0.5256410256410257
Age: Adult,540,0.5881432754402149,0.5496894409937888,0.759656652360515,0.6378378378378379,0.5503355704697986
Age: Senior,540,0.5407204455623429,0.6079632465543645,0.7845849802371542,0.6850733390854185,0.5633971291866029
Age: Young,540,0.6600383175904474,0.568,0.6870967741935484,0.621897810218978,0.6145833333333334
Race: black,540,0.4943018377031459,0.6743215031315241,0.9528023598820059,0.7897310513447433,0.656
Race: others,540,0.5382355482588784,0.584375,0.8779342723004695,0.701688555347092,0.5771276595744681
Race: white,540,0.5855977791145498,0.5027223230490018,0.5573440643863179,0.5286259541984732,0.5421686746987951
Overall,541,0.5629916522835899,0.5818713450292398,0.7397769516728625,0.6513911620294599,0.5679513184584178
Gender: F,541,0.5826688299709882,0.6348547717842323,0.8024475524475524,0.7088803088803088,0.6188068756319515
Gender: M,541,0.5239358617490141,0.5224806201550387,0.6686507936507936,0.5865970409051349,0.5167853509664293
Age: Adult,541,0.5340846184262555,0.5654450261780105,0.7686832740213523,0.6515837104072398,0.5434782608695652
Age: Senior,541,0.4681776510817123,0.5737179487179487,0.7833698030634574,0.6623496762257169,0.5344387755102041
Age: Young,541,0.647606474473648,0.6132596685082873,0.6568047337278107,0.6342857142857142,0.624633431085044
Race: black,541,0.47049176813582577,0.7297297297297297,0.9446064139941691,0.8233799237611181,0.7098121085594989
Race: others,541,0.5299177262528048,0.5403726708074534,0.8285714285714286,0.6541353383458647,0.5411471321695761
Race: white,541,0.5230386408008415,0.4950166112956811,0.5697896749521989,0.5297777777777778,0.5155677655677655
Overall,542,0.5621795495057528,0.6054371785451874,0.7344028520499108,0.6637132501006846,0.5711350796096559
Gender: F,542,0.5897135847152379,0.6388489208633094,0.7803163444639719,0.7025316455696202,0.6135662898252826
Gender: M,542,0.5293089303432368,0.5705705705705706,0.6871609403254972,0.623461853978671,0.528747433264887
Age: Adult,542,0.4773972602739726,0.5159235668789809,0.7043478260869566,0.5955882352941176,0.5100222717149221
Age: Senior,542,0.5386373399776614,0.6415362731152204,0.7982300884955752,0.7113564668769716,0.5812356979405034
Age: Young,542,0.6456460630772557,0.6133720930232558,0.6452599388379205,0.6289120715350224,0.6009615384615384
Race: black,542,0.43399810066476735,0.6978260869565217,0.9145299145299145,0.7916152897657214,0.6565040650406504
Race: others,542,0.4669612794612795,0.5610561056105611,0.8585858585858586,0.6786427145708582,0.5451977401129944
Race: white,542,0.5708078824898196,0.5568561872909699,0.581151832460733,0.5687446626814688,0.5413260672116258
Overall,543,0.5967987176142988,0.6206630686198921,0.7232704402515723,0.6680497925311203,0.5831162063574779
Gender: F,543,0.6253616461669375,0.6621621621621622,0.7903225806451613,0.7205882352941176,0.6335583413693346
Gender: M,543,0.5442414888125271,0.5655296229802513,0.6389452332657201,0.6,0.5238095238095238
Age: Adult,543,0.5971956850569222,0.5540983606557377,0.7130801687763713,0.6236162361623616,0.5456570155902004
Age: Senior,543,0.5728516205768659,0.6786786786786787,0.8512241054613936,0.7552213868003341,0.6323713927227101
Age: Young,543,0.6022711205372924,0.5644171779141104,0.5333333333333333,0.5484351713859911,0.549777117384844
Race: black,543,0.5100782686595313,0.7266514806378133,0.9550898203592815,0.8253557567917206,0.7071583514099783
Race: others,543,0.5268950591216216,0.6335403726708074,0.796875,0.7058823529411765,0.5792079207920792
Race: white,543,0.5668081796674984,0.5261194029850746,0.5391969407265774,0.5325779036827195,0.530360531309298
Overall,544,0.6169522827577223,0.6177121771217712,0.7742830712303422,0.687192118226601,0.6029181865554977
Gender: F,544,0.6064329401485365,0.6124137931034482,0.8146788990825689,0.6992125984251969,0.6041450777202072
Gender: M,544,0.6241765157466257,0.6238095238095238,0.7332089552238806,0.6740994854202401,0.6016771488469602
Age: Adult,544,0.6613961038961038,0.5892857142857143,0.8571428571428571,0.6984126984126984,0.6032482598607889
Age: Senior,544,0.5351104187307711,0.6393700787401575,0.7992125984251969,0.710411198600175,0.591358024691358
Age: Young,544,0.6621023043720413,0.6067708333333334,0.6812865497076024,0.6418732782369146,0.616519174041298
Race: black,544,0.5535953177257525,0.7626373626373626,0.9532967032967034,0.8473748473748474,0.7390396659707724
Race: others,544,0.4830884353741497,0.5386904761904762,0.861904761904762,0.663003663003663,0.522077922077922
Race: white,544,0.5932960451489369,0.5478723404255319,0.6094674556213018,0.5770308123249299,0.5706161137440758
Overall,545,0.5499674154464085,0.6050037907505686,0.7535410764872521,0.671152228763667,0.575
Gender: F,545,0.5810574294369736,0.6080691642651297,0.7873134328358209,0.6861788617886179,0.5893617021276596
Gender: M,545,0.5092052076623844,0.6016,0.7189292543021033,0.6550522648083623,0.56
Age: Adult,545,0.5126958733284109,0.5663716814159292,0.803347280334728,0.6643598615916955,0.5620767494356659
Age: Senior,545,0.4954029598957135,0.6342668863261944,0.7971014492753623,0.7064220183486238,0.5750332005312085
Age: Young,545,0.6136682163949004,0.5924932975871313,0.655786350148368,0.6225352112676056,0.5838509316770186
Race: black,545,0.5091493132476739,0.6758620689655173,0.9639344262295082,0.7945945945945946,0.6644591611479028
Race: others,545,0.4814915482384613,0.6051873198847262,0.8860759493670886,0.7191780821917808,0.59
Race: white,545,0.5331659739083913,0.547486033519553,0.5686653771760155,0.5578747628083491,0.5278622087132725
Overall,546,0.5588945644792784,0.6396128071481757,0.7212426532325776,0.6779794790844514,0.5802469135802469
Gender: F,546,0.6002374032276365,0.6922043010752689,0.8135860979462876,0.7480029048656499,0.6512562814070352
Gender: M,546,0.4954120030433866,0.5742904841402338,0.6164874551971327,0.5946413137424373,0.505795574288725
Age: Adult,546,0.6039316239316239,0.5927051671732523,0.7647058823529411,0.6678082191780822,0.5688888888888889
Age: Senior,546,0.47292477966796476,0.6784615384615384,0.7682926829268293,0.7205882352941176,0.5874547647768396
Age: Young,546,0.5934440129095783,0.6126373626373627,0.6160220994475138,0.6143250688705234,0.5789473684210527
Race: black,546,0.4802399435426958,0.7021739130434783,0.9877675840978594,0.820838627700127,0.7
Race: others,546,0.4898568178776931,0.6303030303030303,0.7849056603773585,0.6991596638655462,0.5591133004926109
Race: white,546,0.5631453986922056,0.593128390596745,0.5475792988313857,0.5694444444444444,0.5355805243445693
Overall,547,0.5686865958340837,0.6443089430894309,0.7706645056726094,0.7018450184501845,0.6098503138580396
Gender: F,547,0.5780873895038459,0.6430517711171662,0.7853577371048253,0.7071161048689139,0.6105577689243028
Gender: M,547,0.5626760870989582,0.6455525606469003,0.7567140600315956,0.6967272727272728,0.6091846298031866
Age: Adult,547,0.5423182819383259,0.6259168704156479,0.8,0.7023319615912208,0.603290676416819
Age: Senior,547,0.4796614986630473,0.6609929078014184,0.8189806678383128,0.7315541601255887,0.6077981651376146
Age: Young,547,0.6593494783552849,0.6325966850828729,0.663768115942029,0.6478076379066479,0.6180981595092024
Race: black,547,0.4489261439282461,0.7326923076923076,0.9477611940298507,0.8264642082429501,0.7058823529411765
Race: others,547,0.5041864427406597,0.6267806267806267,0.8835341365461847,0.7333333333333333,0.6135265700483091
Race: white,547,0.5650279944334768,0.5785123966942148,0.6003430531732419,0.5892255892255892,0.5615453728661276
Overall,548,0.6025607968154658,0.6446096654275093,0.7611940298507462,0.6980676328502415,0.6179317371370352
Gender: F,548,0.6237740772005218,0.6711051930758988,0.802547770700637,0.7309644670050761,0.6442953020134228
Gender: M,548,0.570541007373241,0.6111111111111112,0.7103718199608611,0.6570135746606335,0.5880434782608696
Age: Adult,548,0.5939529873303749,0.5911602209944752,0.7535211267605634,0.6625386996904025,0.5666003976143141
Age: Senior,548,0.523043892777166,0.6766666666666666,0.8071570576540755,0.7361740707162284,0.6230569948186528
Age: Young,548,0.6662650500541126,0.6449086161879896,0.7017045454545454,0.672108843537415,0.6497093023255814
Race: black,548,0.44741851292215307,0.7545638945233266,0.9562982005141388,0.8435374149659864,0.7346153846153847
Race: others,548,0.5196078431372549,0.5819397993311036,0.8285714285714286,0.6836935166994106,0.5564738292011019
Race: white,548,0.5936694101508916,0.5804701627486437,0.5944444444444444,0.5873741994510522,0.5824074074074074
Overall,549,0.5821970776181368,0.6481481481481481,0.7315112540192926,0.6873111782477341,0.5929203539823009
Gender: F,549,0.6377315614847585,0.664796633941094,0.8006756756756757,0.7264367816091954,0.6368260427263479
Gender: M,549,0.523590417762197,0.6309696092619392,0.6687116564417178,0.6492926284437825,0.5518553758325404
Age: Adult,549,0.5587360373626047,0.6062176165803109,0.762214983713355,0.6753246753246753,0.5722433460076045
Age: Senior,549,0.5352865746811646,0.7047075606276747,0.7853736089030207,0.7428571428571429,0.6212624584717608
Age: Young,549,0.6297717434081072,0.5741324921135647,0.5909090909090909,0.5824,0.5685950413223141
Race: black,549,0.4765782020829526,0.8031809145129225,0.9596199524940617,0.8744588744588745,0.7790476190476191
Race: others,549,0.49057083989819406,0.5579268292682927,0.820627802690583,0.6642468239564429,0.5465686274509803
Race: white,549,0.556984364604125,0.5636998254799301,0.5383333333333333,0.5507246376811594,0.5213442325158947
Overall,550,0.5793971042012817,0.6223723723723724,0.7246503496503497,0.6696284329563813,0.5717277486910994
Gender: F,550,0.6383349219150963,0.6495263870094723,0.8094435075885329,0.7207207207207207,0.6305858987090367
Gender: M,550,0.5027249010064345,0.5885328836424958,0.6333938294010889,0.6101398601398601,0.5060908084163898
Age: Adult,550,0.574447391688771,0.6053412462908012,0.7846153846153846,0.6834170854271356,0.5645161290322581
Age: Senior,550,0.5116924985346039,0.6488673139158576,0.7816764132553606,0.7091069849690539,0.5882352941176471
Age: Young,550,0.6480321688423797,0.5941644562334217,0.6037735849056604,0.5989304812834224,0.5568685376661743
Race: black,550,0.4562286324786325,0.768595041322314,0.93,0.8416289592760181,0.7292069632495164
Race: others,550,0.5461359797297297,0.6006600660066007,0.8125,0.6907020872865275,0.5618279569892473
Race: white,550,0.5295255642561032,0.5045871559633027,0.5288461538461539,0.5164319248826291,0.49559255631733595
Overall,551,0.5683546013734694,0.5948529411764706,0.7268643306379156,0.6542660735948241,0.5662100456621004
Gender: F,551,0.6011175718586332,0.6418732782369146,0.7898305084745763,0.7082066869300911,0.6163836163836164
Gender: M,551,0.5245956685958225,0.5410094637223974,0.655831739961759,0.5929127052722558,0.5144329896907216
Age: Adult,551,0.5302265451859147,0.5411764705882353,0.7022900763358778,0.6112956810631229,0.511482254697286
Age: Senior,551,0.5105462164125933,0.6656441717791411,0.8051948051948052,0.7287993282955499,0.5972568578553616
Age: Young,551,0.6229014041514042,0.5190217391304348,0.6121794871794872,0.5617647058823529,0.5681159420289855
Race: black,551,0.4831469979296066,0.72,0.9257142857142857,0.81,0.6885245901639344
Race: others,551,0.5321421863260706,0.5870786516853933,0.8636363636363636,0.6989966555183946,0.569377990430622
Race: white,551,0.5275117844642655,0.4981949458483754,0.5297504798464492,0.5134883720930232,0.5089201877934272
Overall,552,0.5363364842456136,0.6073662265462126,0.7554019014693172,0.6733436055469953,0.5717171717171717
Gender: F,552,0.5521896459396459,0.6337135614702155,0.8012820512820513,0.7077140835102619,0.5994180407371484
Gender: M,552,0.5084202265839226,0.5753846153846154,0.701688555347092,0.63229078613694,0.541622760800843
Age: Adult,552,0.5318913134864525,0.6005665722379604,0.7737226277372263,0.6762360446570973,0.5634408602150538
Age: Senior,552,0.46145330112721417,0.6456241032998565,0.8152173913043478,0.7205764611689351,0.5889281507656066
Age: Young,552,0.5822969743427875,0.5449871465295629,0.6404833836858006,0.5888888888888889,0.5555555555555556
Race: black,552,0.4275697998024957,0.7364341085271318,0.9620253164556962,0.8342480790340285,0.7182835820895522
Race: others,552,0.464962993995252,0.5820433436532507,0.8663594470046083,0.6962962962962963,0.5706806282722513
Race: white,552,0.4886749596294785,0.51,0.5614678899082569,0.5344978165938865,0.4981167608286252
Overall,553,0.5598490427098674,0.6270553064275037,0.7264069264069264,0.6730846369835539,0.5779388917659244
Gender: F,553,0.6111049475913233,0.6490455212922174,0.8080438756855576,0.7198697068403909,0.6285097192224622
Gender: M,553,0.5044847043616598,0.604261796042618,0.6529605263157895,0.6276679841897234,0.5313432835820896
Age: Adult,553,0.6168817476383265,0.5988200589970502,0.8218623481781376,0.6928327645051194,0.5899772209567198
Age: Senior,553,0.47363043219784795,0.662771285475793,0.7434456928838952,0.7007943512797882,0.5687022900763359
Age: Young,553,0.6146913858643129,0.5975,0.6390374331550802,0.6175710594315246,0.5807365439093485
Race: black,553,0.4221524377262082,0.7580645161290323,0.9766233766233766,0.8535754824063564,0.7455621301775148
Race: others,553,0.5125720980533526,0.5956112852664577,0.867579908675799,0.7063197026022305,0.5741239892183289
Race: white,553,0.5243201422983204,0.5219885277246654,0.4954627949183303,0.5083798882681564,0.4985754985754986
Overall,554,0.5723156100297787,0.6174161313347609,0.7456896551724138,0.6755173760249903,0.5758039816232772
Gender: F,554,0.6016060093486841,0.6229508196721312,0.8032520325203252,0.7017045454545454,0.6045197740112994
Gender: M,554,0.5315340909090909,0.6101973684210527,0.6807339449541284,0.6435385949696444,0.5418060200668896
Age: Adult,554,0.6053530995001496,0.6103151862464183,0.8098859315589354,0.696078431372549,0.5782312925170068
Age: Senior,554,0.4735333281621677,0.6213740458015267,0.7708333333333334,0.6880811496196112,0.5505481120584653
Age: Young,554,0.6332374909114944,0.6171284634760705,0.6639566395663956,0.639686684073107,0.6040172166427547
Race: black,554,0.4977126335821988,0.7410358565737052,0.9393939393939394,0.8285077951002228,0.7116104868913857
Race: others,554,0.4828011107254425,0.5979381443298969,0.8093023255813954,0.6877470355731226,0.5472779369627507
Race: white,554,0.5356124469883141,0.524671052631579,0.581056466302368,0.5514261019878998,0.5176579925650557
Overall,555,0.56653691707391,0.6062215477996965,0.7045855379188712,0.6517128874388255,0.5669371196754563
Gender: F,555,0.5915045078888054,0.6290550070521862,0.7371900826446282,0.6788432267884322,0.5961722488038278
Gender: M,555,0.5305520988686343,0.5796387520525451,0.667296786389414,0.6203866432337434,0.5339805825242718
Age: Adult,555,0.5963979316018333,0.5867507886435331,0.7322834645669292,0.6514886164623468,0.5626373626373626
Age: Senior,555,0.4978411130261732,0.6089030206677265,0.7644710578842315,0.6778761061946903,0.5656324582338902
Age: Young,555,0.6287510993843448,0.6182795698924731,0.6068601583113457,0.6125166444740346,0.5714285714285714
Race: black,555,0.4752777777777778,0.7412280701754386,0.9388888888888889,0.8284313725490197,0.711340206185567
Race: others,555,0.42283950617283955,0.5509554140127388,0.8160377358490566,0.6577946768060836,0.5187165775401069
Race: white,555,0.5563533788453218,0.5255474452554745,0.5124555160142349,0.518918918918919,0.5202156334231806
Overall,556,0.5867862554112555,0.6497134670487106,0.7558333333333334,0.6987673343605547,0.6030456852791878
Gender: F,556,0.6172970738476984,0.6523929471032746,0.8144654088050315,0.7244755244755244,0.6290018832391714
Gender: M,556,0.5455787151575127,0.6461794019933554,0.6897163120567376,0.6672384219554031,0.5726872246696035
Age: Adult,556,0.5427802328843996,0.6171428571428571,0.7272727272727273,0.6676970633693973,0.5603271983640081
Age: Senior,556,0.514064483707152,0.6788321167883211,0.8547794117647058,0.7567127746135069,0.6362530413625304
Age: Young,556,0.6572934076137418,0.6260387811634349,0.6295264623955432,0.6277777777777778,0.5933232169954477
Race: black,556,0.4976890062726973,0.8084714548802947,0.9420600858369099,0.8701684836471755,0.7753001715265866
Race: others,556,0.4515857694429124,0.6063492063492063,0.7795918367346939,0.6821428571428572,0.5470737913486005
Race: white,556,0.5399744882463706,0.5148698884758365,0.5664621676891616,0.5394352482960078,0.5241448692152918
Overall,557,0.5844702234226674,0.6047040971168437,0.7219202898550725,0.6581337737407101,0.5716502845318159
Gender: F,557,0.6202438307021214,0.6589673913043478,0.8096828046744574,0.7265917602996255,0.6357285429141717
Gender: M,557,0.5272323711244363,0.5360824742268041,0.6178217821782178,0.5740570377184913,0.5026852846401718
Age: Adult,557,0.5789665840395073,0.5654952076677316,0.7108433734939759,0.6298932384341637,0.5458515283842795
Age: Senior,557,0.5340774704869395,0.6112,0.8110403397027601,0.6970802919708029,0.5732647814910026
Age: Young,557,0.6248751996805113,0.6263157894736842,0.6197916666666666,0.6230366492146597,0.5868005738880918
Race: black,557,0.5231765783236372,0.7870370370370371,0.9340659340659341,0.8542713567839196,0.7510729613733905
Race: others,557,0.5181212486717784,0.5857605177993528,0.8264840182648402,0.6856060606060606,0.5608465608465608
Race: white,557,0.5167456273147522,0.4783362218370884,0.5297504798464492,0.5027322404371585,0.4986225895316804
Overall,558,0.5868461468483943,0.6169442433019551,0.7613941018766756,0.6816,0.5926305015353122
Gender: F,558,0.6121182085168869,0.647594278283485,0.83,0.7275383491599707,0.6461100569259962
Gender: M,558,0.5516944052513667,0.5784313725490197,0.6820809248554913,0.6259946949602122,0.53
Age: Adult,558,0.6104661262304574,0.6190476190476191,0.7866242038216561,0.6928471248246845,0.5898876404494382
Age: Senior,558,0.5298025085267906,0.6350710900473934,0.8237704918032787,0.7172167707404103,0.5966921119592875
Age: Young,558,0.624516116191822,0.5816618911174785,0.6403785488958991,0.6096096096096096,0.5899053627760252
Race: black,558,0.4249999999999999,0.701123595505618,0.9176470588235294,0.7949044585987262,0.6638830897703549
Race: others,558,0.568784540632766,0.6185567010309279,0.861244019138756,0.72,0.5857988165680473
Race: white,558,0.5827593675546893,0.5581395348837209,0.631578947368421,0.5925925925925926,0.5646437994722955
Overall,559,0.5945466429183567,0.6313920454545454,0.7495784148397976,0.6854279105628374,0.6
Gender: F,559,0.608530472815503,0.673582295988935,0.7657232704402516,0.7167034584253127,0.6262135922330098
Gender: M,559,0.5704584980237154,0.5868613138686132,0.730909090909091,0.6510121457489878,0.5732673267326732
Age: Adult,559,0.531534046843493,0.5883905013192612,0.7263843648208469,0.6501457725947521,0.5357833655705996
Age: Senior,559,0.5193708788972404,0.6866141732283465,0.7956204379562044,0.7371090448013525,0.6193390452876377
Age: Young,559,0.6812487411883182,0.583756345177665,0.6948640483383686,0.6344827586206897,0.6246458923512748
Race: black,559,0.5424697656840515,0.7307692307692307,0.955026455026455,0.8279816513761468,0.7104247104247104
Race: others,559,0.5008642363293526,0.6082191780821918,0.8571428571428571,0.7115384615384616,0.5823665893271461
Race: white,559,0.5740292648828128,0.5573770491803278,0.5573770491803278,0.5573770491803278,0.5545371219065078
Overall,560,0.6012162710272394,0.6538181818181819,0.7523012552301255,0.6996108949416342,0.6099039919151087
Gender: F,560,0.6322048012986079,0.6515151515151515,0.8057921635434412,0.7204874333587205,0.6292929292929293
Gender: M,560,0.5717554220196159,0.6563944530046225,0.7006578947368421,0.6778042959427207,0.5904954499494439
Age: Adult,560,0.6014798779189439,0.6485013623978202,0.815068493150685,0.7223065250379362,0.622680412371134
Age: Senior,560,0.5574990269128113,0.7,0.7722419928825622,0.7343485617597293,0.6161369193154034
Age: Young,560,0.6388628703987393,0.5850515463917526,0.6656891495601173,0.6227709190672154,0.5931952662721893
Race: black,560,0.49982658016077036,0.7572614107883817,0.9383033419023136,0.8381171067738232,0.7262135922330097
Race: others,560,0.515183486238532,0.5928338762214984,0.8348623853211009,0.6933333333333334,0.5625
Race: white,560,0.5993006454550324,0.6006825938566553,0.5986394557823129,0.5996592844974447,0.5711678832116789
Overall,561,0.5658487284968389,0.6355421686746988,0.7232219365895458,0.6765531062124248,0.5861538461538461
Gender: F,561,0.5969754025775278,0.6362297496318114,0.7632508833922261,0.6939759036144578,0.6100307062436029
Gender: M,561,0.5364625266133506,0.6348228043143297,0.6855241264559068,0.6592,0.5621788283658787
Age: Adult,561,0.5125572139303483,0.5791044776119403,0.776,0.6632478632478632,0.5631929046563193
Age: Senior,561,0.5381103461623535,0.6914556962025317,0.7974452554744526,0.7406779661016949,0.6231527093596059
Age: Young,561,0.6086908353360264,0.590027700831025,0.5772357723577236,0.5835616438356165,0.5574963609898108
Race: black,561,0.4782747533474278,0.7166276346604216,0.8895348837209303,0.7937743190661478,0.6659663865546218
Race: others,561,0.48784492273730695,0.6139240506329114,0.8083333333333333,0.697841726618705,0.5703324808184144
Race: white,561,0.572811320754717,0.588034188034188,0.5900514579759862,0.589041095890411,0.556786703601108
Overall,562,0.5531835083472364,0.6173469387755102,0.7333333333333333,0.6703601108033241,0.5726013340174448
Gender: F,562,0.5582957846801496,0.6318537859007833,0.7882736156351792,0.7014492753623188,0.5964740450538688
Gender: M,562,0.5423968438197042,0.599009900990099,0.6709796672828097,0.6329555361813426,0.5463362068965517
Age: Adult,562,0.5485691432634199,0.592375366568915,0.696551724137931,0.6402535657686212,0.53099173553719
Age: Senior,562,0.49244556465728484,0.6539074960127592,0.775047258979206,0.7093425605536332,0.5794743429286608
Age: Young,562,0.6051857864357865,0.5816831683168316,0.6994047619047619,0.6351351351351351,0.5945945945945946
Race: black,562,0.5140786491151454,0.7292576419213974,0.9515669515669516,0.8257107540173053,0.7110655737704918
Race: others,562,0.5087325349301398,0.569364161849711,0.8640350877192983,0.686411149825784,0.5443037974683544
Race: white,562,0.5245092828798186,0.5563380281690141,0.5486111111111112,0.5524475524475524,0.5196998123827392
Overall,563,0.602630190694524,0.6371814092953523,0.7528786536758193,0.6902151847340642,0.6077120822622109
Gender: F,563,0.6581372185386305,0.6689847009735744,0.8278829604130808,0.74,0.6599597585513078
Gender: M,563,0.5397294017496513,0.6,0.6733576642335767,0.6345657781599312,0.5531019978969506
Age: Adult,563,0.5921485111927961,0.6090651558073654,0.8237547892720306,0.7003257328990228,0.5982532751091703
Age: Senior,563,0.5279003721355356,0.664624808575804,0.8188679245283019,0.7337278106508875,0.6153846153846154
Age: Young,563,0.6534158149542765,0.6128048780487805,0.5946745562130178,0.6036036036036037,0.6047904191616766
Race: black,563,0.5372456545020183,0.778705636743215,0.9371859296482412,0.8506271379703535,0.7480769230769231
Race: others,563,0.48430290162774237,0.5935483870967742,0.8177777777777778,0.6878504672897197,0.56282722513089
Race: white,563,0.5727673872560927,0.5376146788990825,0.5790513833992095,0.5575642245480494,0.5541706615532119
Overall,564,0.5510515601919725,0.5811320754716981,0.7312440645773979,0.6476030277544155,0.5612565445026177
Gender: F,564,0.6008490828174609,0.588150289017341,0.8027613412228797,0.6788990825688074,0.5904255319148937
Gender: M,564,0.5046565070149975,0.5734597156398105,0.6648351648351648,0.6157760814249363,0.5329896907216495
Age: Adult,564,0.5133163175497272,0.5417867435158501,0.7611336032388664,0.632996632996633,0.5429769392033543
Age: Senior,564,0.48424314028065774,0.6241379310344828,0.776824034334764,0.6921606118546845,0.5607094133697135
Age: Young,564,0.6201102941176471,0.5527638190954773,0.6470588235294118,0.5962059620596206,0.5742857142857143
Race: black,564,0.45987778223828,0.6817155756207675,0.949685534591195,0.7936925098554534,0.6579520697167756
Race: others,564,0.49738019365118274,0.5588235294117647,0.8592964824120602,0.6772277227722773,0.5509641873278237
Race: white,564,0.5362251243781095,0.515625,0.5541044776119403,0.5341726618705036,0.5238970588235294
Overall,565,0.5745329896251816,0.6040316774658028,0.7321116928446771,0.6619329388560158,0.5708562844266399
Gender: F,565,0.6257935131136979,0.6577608142493638,0.8298555377207063,0.7338537970191625,0.6408045977011494
Gender: M,565,0.49992440748810535,0.5339966832504146,0.615678776290631,0.5719360568383659,0.49422875131164745
Age: Adult,565,0.5604005335828006,0.5840220385674931,0.7822878228782287,0.668769716088328,0.5661157024793388
Age: Senior,565,0.5205449444950855,0.6196013289036545,0.772256728778468,0.687557603686636,0.5631443298969072
Age: Young,565,0.6207113280094646,0.5990566037735849,0.6479591836734694,0.6225490196078431,0.582089552238806
Race: black,565,0.49946207638515333,0.7373737373737373,0.9681697612732095,0.8371559633027523,0.7269230769230769
Race: others,565,0.44631006513457044,0.5460526315789473,0.8058252427184466,0.6509803921568628,0.510989010989011
Race: white,565,0.550150169546262,0.5220338983050847,0.5470692717584369,0.5342584562012143,0.5175202156334232
Overall,566,0.6146080760095013,0.618361153262519,0.7588454376163873,0.681438127090301,0.6022964509394572
Gender: F,566,0.6241144739762038,0.6468885672937771,0.7897526501766784,0.711217183770883,0.6295918367346939
Gender: M,566,0.6018079880785929,0.5869218500797448,0.7244094488188977,0.6484581497797357,0.5737179487179487
Age: Adult,566,0.6390904040003176,0.6311475409836066,0.78839590443686,0.701062215477997,0.6122047244094488
Age: Senior,566,0.5646181804695323,0.6230088495575221,0.7702407002188184,0.6888454011741683,0.5771276595744681
Age: Young,566,0.6420124944221328,0.599483204134367,0.7160493827160493,0.6526019690576652,0.6234756097560976
Race: black,566,0.5187654320987654,0.7578740157480315,0.9506172839506173,0.8433734939759037,0.7351851851851852
Race: others,566,0.5430618736532478,0.5107142857142857,0.8461538461538461,0.6369710467706013,0.5233918128654971
Race: white,566,0.591067415730337,0.5415094339622641,0.574,0.5572815533980583,0.5589941972920697
Overall,567,0.5677340126922138,0.6256227758007118,0.729460580912863,0.6735632183908046,0.578426521523998
Gender: F,567,0.602100787001777,0.6560773480662984,0.7838283828382838,0.7142857142857143,0.6184738955823293
Gender: M,567,0.5259313252917617,0.593245227606461,0.674457429048414,0.63125,0.5395121951219513
Age: Adult,567,0.5609710230245946,0.5616438356164384,0.7509157509157509,0.6426332288401254,0.5412474849094567
Age: Senior,567,0.4573013093153198,0.6498516320474778,0.7670753064798599,0.7036144578313253,0.5734104046242775
Age: Young,567,0.6799159679488371,0.644808743169399,0.6537396121883656,0.6492434662998624,0.6130500758725341
Race: black,567,0.4467155578837088,0.7786561264822134,0.9493975903614458,0.8555917480998915,0.7490566037735849
Race: others,567,0.44230548212849097,0.5771604938271605,0.827433628318584,0.68,0.5368421052631579
Race: white,567,0.5353054053703631,0.5182608695652174,0.5283687943262412,0.5232660228270413,0.5112511251125113
Overall,568,0.5827691923456312,0.6178247734138973,0.7525298988040479,0.6785566155122356,0.58994708994709
Gender: F,568,0.5927318295739348,0.6316526610644257,0.8305709023941068,0.7175815433571997,0.6231422505307855
Gender: M,568,0.5604956865171811,0.601639344262295,0.6746323529411765,0.6360485268630849,0.5569620253164557
Age: Adult,568,0.5955997588908981,0.5869565217391305,0.7974683544303798,0.6762075134168157,0.5950782997762863
Age: Senior,568,0.46416392644014126,0.616695059625213,0.7605042016806722,0.6810912511759172,0.5492021276595744
Age: Young,568,0.6722743298638642,0.6433734939759036,0.713903743315508,0.6768060836501901,0.6309696092619392
Race: black,568,0.44891371470274527,0.7292490118577075,0.9736147757255936,0.8338983050847457,0.7173076923076923
Race: others,568,0.5030009896880886,0.5680272108843537,0.8477157360406091,0.6802443991853361,0.5589887640449438
Race: white,568,0.5574770554753669,0.5381679389312977,0.5518590998043053,0.5449275362318841,0.5355029585798816
Overall,569,0.5795992211550435,0.6304508499630451,0.7535335689045937,0.6865191146881288,0.6015345268542199
Gender: F,569,0.5994542886492039,0.6558704453441295,0.823728813559322,0.7302779864763336,0.6359026369168357
Gender: M,569,0.5488584218394877,0.5996732026143791,0.6771217712177122,0.6360485268630849,0.56656346749226
Age: Adult,569,0.5266554433221099,0.5964912280701754,0.6995884773662552,0.6439393939393939,0.5513126491646778
Age: Senior,569,0.5134151393793525,0.6595092024539877,0.8285163776493256,0.7344150298889838,0.6169950738916257
Age: Young,569,0.64204840433654,0.6081730769230769,0.6837837837837838,0.6437659033078881,0.6132596685082873
Race: black,569,0.5032448189284651,0.7547974413646056,0.9490616621983914,0.8408551068883611,0.7314629258517034
Race: others,569,0.4251369373660396,0.5714285714285714,0.7935222672064778,0.6644067796610169,0.5251798561151079
Race: white,569,0.5760606914136622,0.5600739371534196,0.591796875,0.5754985754985755,0.5697786333012512
Overall,570,0.5982718878892189,0.6185725249424405,0.7209302325581395,0.6658405617513424,0.5821280991735537
Gender: F,570,0.6164311467079632,0.6181046676096181,0.7789661319073083,0.6892744479495269,0.6071784646061814
Gender: M,570,0.5798946674815691,0.6191275167785235,0.6624775583482945,0.6400693842150911,0.5551982851018221
Age: Adult,570,0.6272530641672676,0.6411609498680739,0.7993421052631579,0.7115666178623719,0.6233269598470363
Age: Senior,570,0.5263703228066079,0.6076642335766423,0.7192224622030238,0.658753709198813,0.5454545454545454
Age: Young,570,0.6402029091798067,0.6117021276595744,0.6552706552706553,0.6327372764786795,0.591743119266055
Race: black,570,0.49822004137201137,0.723744292237443,0.9378698224852071,0.8170103092783505,0.6919739696312365
Race: others,570,0.5380080771235018,0.578397212543554,0.8217821782178217,0.6789366053169734,0.556497175141243
Race: white,570,0.5843927431225983,0.5588235294117647,0.5588235294117647,0.5588235294117647,0.5450490633363069
Overall,571,0.5403374359777852,0.6318758815232722,0.7237479806138933,0.6746987951807228,0.568215892053973
Gender: F,571,0.5768851424212935,0.6377622377622377,0.7715736040609137,0.6983154670750383,0.5967246673490276
Gender: M,571,0.49902631611313597,0.6258890469416786,0.6800618238021638,0.6518518518518519,0.541015625
Age: Adult,571,0.5069214236275545,0.5936599423631124,0.7279151943462897,0.653968253968254,0.5429769392033543
Age: Senior,571,0.4844594752050708,0.670958512160229,0.7869127516778524,0.7243243243243244,0.5961538461538461
Age: Young,571,0.6108060151270333,0.5940860215053764,0.6155988857938719,0.6046511627906976,0.5484375
Race: black,571,0.3783549783549784,0.766798418972332,0.9238095238095239,0.838012958963283,0.722735674676525
Race: others,571,0.4634570606766196,0.5945945945945946,0.8081632653061225,0.6851211072664359,0.5380710659898477
Race: white,571,0.5262895192379172,0.5354058721934369,0.5410122164048866,0.5381944444444444,0.50093808630394
Overall,572,0.6013613285381848,0.631503920171062,0.7637931034482759,0.6913772922356614,0.599493670886076
Gender: F,572,0.6238663228910105,0.6772068511198946,0.8171701112877583,0.7406340057636888,0.645320197044335
Gender: M,572,0.5621227485634265,0.577639751552795,0.7005649717514124,0.6331914893617021,0.5510416666666667
Age: Adult,572,0.5665180471019184,0.6057971014492753,0.7385159010600707,0.6656050955414012,0.5569620253164557
Age: Senior,572,0.5390615478366849,0.6549707602339181,0.8190127970749543,0.7278635255889521,0.6044864226682408
Age: Young,572,0.6670361017583241,0.6122994652406417,0.693939393939394,0.6505681818181818,0.6238532110091743
Race: black,572,0.4298165352852853,0.7697095435684648,0.9661458333333334,0.8568129330254042,0.7494949494949495
Race: others,572,0.5576021934197408,0.599406528189911,0.8559322033898306,0.7050610820244329,0.583743842364532
Race: white,572,0.5755184491607712,0.535958904109589,0.5796296296296296,0.5569395017793595,0.5363128491620112
Overall,573,0.5540961065277175,0.5856115107913669,0.7216312056737588,0.6465448768864178,0.5572139303482587
Gender: F,573,0.5989286324719921,0.5908479138627187,0.789568345323741,0.6759045419553503,0.5868498527968596
Gender: M,573,0.5115701720713655,0.5795981452859351,0.6555944055944056,0.6152584085315833,0.5267406659939455
Age: Adult,573,0.5643376893376895,0.56,0.7567567567567568,0.6436781609195402,0.5353319057815846
Age: Senior,573,0.49791794204672996,0.6442006269592476,0.7784090909090909,0.7049742710120068,0.583030303030303
Age: Young,573,0.5851178854515896,0.5149253731343284,0.6070381231671554,0.5572005383580081,0.541782729805014
Race: black,573,0.4565360616982521,0.7181628392484343,0.9398907103825137,0.8142011834319527,0.6903353057199211
Race: others,573,0.47820811492913995,0.5407608695652174,0.7803921568627451,0.6388443017656501,0.5076586433260394
Race: white,573,0.5397880507770618,0.4990791896869245,0.534516765285996,0.5161904761904762,0.51434034416826
Overall,574,0.5933054233647868,0.6547277936962751,0.762301918265221,0.7044315992292871,0.6094704684317719
Gender: F,574,0.622054183021627,0.6451612903225806,0.819672131147541,0.7220216606498195,0.6283783783783784
Gender: M,574,0.5696721106219731,0.6666666666666666,0.7028862478777589,0.684297520661157,0.5883620689655172
Age: Adult,574,0.5772081254710548,0.6408839779005525,0.7785234899328859,0.703030303030303,0.5958762886597938
Age: Senior,574,0.5441985662680967,0.6859756097560976,0.8442776735459663,0.7569386038687973,0.6392009987515606
Age: Young,574,0.6434738779803647,0.6137566137566137,0.6304347826086957,0.6219839142091153,0.584070796460177
Race: black,574,0.45345357655257224,0.7690763052208835,0.9341463414634147,0.8436123348017621,0.7315689981096408
Race: others,574,0.4022009408602151,0.6543624161073825,0.8125,0.724907063197026,0.5934065934065934
Race: white,574,0.5901813816831717,0.56,0.6120218579234973,0.5848563968668408,0.5546218487394958
Overall,575,0.5822730741510154,0.6240713224368499,0.7336244541484717,0.67442794058611,0.5881157948197054
Gender: F,575,0.6543274111675127,0.6307448494453248,0.796,0.7038019451812555,0.6252796420581656
Gender: M,575,0.5153740760771588,0.6181818181818182,0.6852713178294574,0.65,0.5572093023255814
Age: Adult,575,0.5951500896057348,0.5701754385964912,0.7862903225806451,0.6610169491525424,0.5689655172413793
Age: Senior,575,0.46294427222262274,0.6512,0.7115384615384616,0.6800334168755221,0.5561993047508691
Age: Young,575,0.688619267168163,0.6279683377308707,0.7323076923076923,0.6761363636363636,0.6448598130841121
Race: black,575,0.4907310856215966,0.7444029850746269,0.9708029197080292,0.8426610348468849,0.7329749103942652
Race: others,575,0.5034437896992424,0.5608856088560885,0.8491620111731844,0.6755555555555556,0.5507692307692308
Race: white,575,0.5625964947998846,0.536178107606679,0.5207207207207207,0.5283363802559415,0.5248618784530387
Overall,576,0.5660393545164303,0.6035113386978785,0.7346393588601959,0.6626506024096386,0.5676788471435924
Gender: F,576,0.6038929195364049,0.6209677419354839,0.8354430379746836,0.7124132613723978,0.6138716356107661
Gender: M,576,0.51587783956205,0.5826645264847512,0.6368421052631579,0.6085498742665549,0.5220061412487206
Age: Adult,576,0.6000368949232585,0.5610972568578554,0.8035714285714286,0.6607929515418502,0.5574712643678161
Age: Senior,576,0.5309048767728436,0.6612377850162866,0.8023715415019763,0.725,0.6041131105398457
Age: Young,576,0.5720117918581874,0.5511363636363636,0.5756676557863502,0.5631349782293179,0.5318818040435459
Race: black,576,0.4631470367591899,0.7588357588357588,0.9431524547803618,0.8410138248847926,0.7299412915851272
Race: others,576,0.46599631180223294,0.5417867435158501,0.8245614035087719,0.6539130434782608,0.5074257425742574
Race: white,576,0.5206522562083586,0.5046382189239332,0.5354330708661418,0.5195797516714422,0.5107003891050583
Overall,577,0.575129018998904,0.6205049732211171,0.7241071428571428,0.6683147919241862,0.5767613038906414
Gender: F,577,0.5878663405746551,0.6271186440677966,0.7615780445969125,0.6878388845855926,0.5974025974025974
Gender: M,577,0.5598614606994495,0.6126878130217028,0.6834264432029795,0.6461267605633803,0.5538290788013318
Age: Adult,577,0.5524691358024691,0.6193029490616622,0.7549019607843137,0.6804123711340206,0.5769980506822612
Age: Senior,577,0.5301321034823171,0.6468646864686468,0.7887323943661971,0.7107887579329103,0.5824607329842932
Age: Young,577,0.6180148715637673,0.573170731707317,0.5930599369085173,0.5829457364341085,0.5696
Race: black,577,0.48042783829074154,0.75,0.9501466275659824,0.8382923673997412,0.7240618101545254
Race: others,577,0.47118761954442706,0.6241379310344828,0.8497652582159625,0.7196819085487077,0.5948275862068966
Race: white,577,0.540832535253129,0.5230769230769231,0.5406360424028268,0.5317115551694179,0.5104450499545867
Overall,578,0.5691834630267467,0.6206896551724138,0.7076923076923077,0.6613418530351438,0.5704154002026343
Gender: F,578,0.6178311694650527,0.6510344827586206,0.7986463620981388,0.7173252279635258,0.6305858987090367
Gender: M,578,0.5134674963944235,0.5845648604269293,0.614853195164076,0.5993265993265994,0.5077559462254395
Age: Adult,578,0.6076533099346788,0.628125,0.7642585551330798,0.6895368782161235,0.6048034934497817
Age: Senior,578,0.5341545992494948,0.6342229199372057,0.7385740402193784,0.6824324324324325,0.5581668625146886
Age: Young,578,0.575469034608379,0.5915119363395226,0.6194444444444445,0.6051560379918589,0.562406015037594
Race: black,578,0.5040425971877585,0.7478070175438597,0.9166666666666666,0.8236714975845411,0.7091633466135459
Race: others,578,0.4622231253810201,0.5584905660377358,0.8,0.6577777777777778,0.5157232704402516
Race: white,578,0.5411373415793964,0.5530179445350734,0.5530179445350734,0.5530179445350734,0.5251299826689775
Overall,579,0.5706922804669228,0.5908750934928946,0.730804810360777,0.6534325889164598,0.5635416666666667
Gender: F,579,0.6551808923286211,0.6372832369942196,0.8289473684210527,0.7205882352941176,0.6365568544102019
Gender: M,579,0.47127123310882363,0.5410852713178295,0.6357012750455373,0.5845896147403685,0.4933605720122574
Age: Adult,579,0.5672793354101765,0.535483870967742,0.7377777777777778,0.6205607476635514,0.5375854214123007
Age: Senior,579,0.4583863593514329,0.6029850746268657,0.7426470588235294,0.6655683690280065,0.5257009345794392
Age: Young,579,0.6729182026705988,0.6162464985994398,0.7051282051282052,0.6576980568011959,0.6336
Race: black,579,0.47546521275334835,0.7204968944099379,0.9830508474576272,0.8315412186379928,0.716297786720322
Race: others,579,0.47308763931104353,0.5718849840255591,0.7991071428571429,0.6666666666666666,0.5095890410958904
Race: white,579,0.5290921139827701,0.48613678373382624,0.5228628230616302,0.5038314176245211,0.5103969754253308
Overall,580,0.5929809253246753,0.6036363636363636,0.7410714285714286,0.6653306613226453,0.5825
Gender: F,580,0.6367068641489171,0.6302631578947369,0.8091216216216216,0.7085798816568047,0.6229665071770335
Gender: M,580,0.5342860691221347,0.5707317073170731,0.6647727272727273,0.6141732283464567,0.5382198952879581
Age: Adult,580,0.6000562764830508,0.5469613259668509,0.7734375,0.6407766990291263,0.5487804878048781
Age: Senior,580,0.4959739288114531,0.6436251920122887,0.7730627306273062,0.702430846605197,0.5738295318127251
Age: Young,580,0.672791336019566,0.5883977900552486,0.6614906832298136,0.6228070175438597,0.6177777777777778
Race: black,580,0.48112034552712507,0.743879472693032,0.9564164648910412,0.836864406779661,0.7254901960784313
Race: others,580,0.48477071551512163,0.5322033898305085,0.8010204081632653,0.639511201629328,0.511049723756906
Race: white,580,0.5741444406796069,0.5063752276867031,0.5440313111545988,0.5245283018867924,0.532033426183844
Overall,581,0.6010203757271368,0.6332842415316642,0.7426597582037997,0.6836248012718601,0.5965534718702483
Gender: F,581,0.6129150501231456,0.623448275862069,0.7874564459930313,0.6959199384141648,0.6038114343029087
Gender: M,581,0.5924875943528096,0.6445497630331753,0.6986301369863014,0.6705012325390304,0.5891393442622951
Age: Adult,581,0.5984406779661017,0.6029776674937966,0.823728813559322,0.6962750716332379,0.5923076923076923
Age: Senior,581,0.47455753810590195,0.6728813559322034,0.728440366972477,0.6995594713656388,0.5732165206508135
Age: Young,581,0.7010426025756215,0.6027397260273972,0.6918238993710691,0.6442166910688141,0.6284403669724771
Race: black,581,0.45641480616324515,0.7727272727272727,0.949238578680203,0.8519362186788155,0.7435897435897436
Race: others,581,0.5386291486291487,0.6319018404907976,0.8917748917748918,0.7396768402154399,0.6194225721784777
Race: white,581,0.5481584957990049,0.5109489051094891,0.525328330206379,0.5180388529139686,0.5198156682027649
Overall,582,0.5451173614724534,0.6323943661971831,0.7533557046979866,0.6875957120980092,0.5821812596006144
Gender: F,582,0.5738211367107651,0.6397774687065368,0.7917383820998278,0.7076923076923077,0.6016771488469602
Gender: M,582,0.5158920647240455,0.6248216833095578,0.7168576104746317,0.6676829268292683,0.5635635635635635
Age: Adult,582,0.5426465002244553,0.6157894736842106,0.7959183673469388,0.6943620178041543,0.5804480651731161
Age: Senior,582,0.48318135153088954,0.6603498542274052,0.7933450087565674,0.720763723150358,0.5923344947735192
Age: Young,582,0.6061128596620461,0.596045197740113,0.6452599388379205,0.6196769456681351,0.5690515806988353
Race: black,582,0.390913570333601,0.747104247104247,0.9393203883495146,0.832258064516129,0.7137614678899082
Race: others,582,0.5364445285876562,0.6305732484076433,0.868421052631579,0.7306273062730627,0.6021798365122616
Race: white,582,0.49798650010373136,0.532312925170068,0.5670289855072463,0.5491228070175439,0.5062439961575408
Overall,583,0.5705045898954049,0.611151339608979,0.7416520210896309,0.6701071853910282,0.5764525993883792
Gender: F,583,0.5961744390403401,0.6096904441453567,0.7961335676625659,0.6905487804878049,0.5935935935935935
Gender: M,583,0.5457544182063108,0.6128526645768025,0.687170474516696,0.647887323943662,0.5586708203530634
Age: Adult,583,0.5632528029435245,0.6196808510638298,0.8006872852233677,0.6986506746626686,0.588957055214724
Age: Senior,583,0.49263712588797026,0.6364963503649635,0.7870036101083032,0.7037933817594835,0.5752314814814815
Age: Young,583,0.6384250658832679,0.546875,0.5972696245733788,0.5709624796084829,0.5681444991789819
Race: black,583,0.47075527434201747,0.7336065573770492,0.9347258485639687,0.8220436280137773,0.7019230769230769
Race: others,583,0.48042905015656756,0.5800604229607251,0.8807339449541285,0.6994535519125683,0.5714285714285714
Race: white,583,0.5422163730124624,0.5231316725978647,0.547486033519553,0.535031847133758,0.5165562913907285
Overall,584,0.5245521968760535,0.5939675174013921,0.6981818181818182,0.6418721270371918,0.5510738606600314
Gender: F,584,0.5552122420262664,0.6440903054448871,0.7772435897435898,0.7044299201161947,0.6063829787234043
Gender: M,584,0.46603641456582634,0.524074074074074,0.5945378151260504,0.5570866141732284,0.4857142857142857
Age: Adult,584,0.5211724229191478,0.5483870967741935,0.6681222707423581,0.6023622047244095,0.5269320843091335
Age: Senior,584,0.5038424413424414,0.6546875,0.7673992673992674,0.7065767284991569,0.5866983372921615
Age: Young,584,0.540962148962149,0.5240641711229946,0.6030769230769231,0.5608011444921316,0.5203125
Race: black,584,0.46944850050544756,0.6650366748166259,0.8859934853420195,0.7597765363128491,0.6194690265486725
Race: others,584,0.4994311070656503,0.5714285714285714,0.8851063829787233,0.6944908180300501,0.566350710900474
Race: white,584,0.503984355627691,0.5538461538461539,0.5161290322580645,0.5343228200371057,0.514975845410628
Overall,585,0.607721094662037,0.6259758694109298,0.7649609713790113,0.6885245901639344,0.6049504950495049
Gender: F,585,0.663552814559526,0.6277173913043478,0.8324324324324325,0.715724244771495,0.6337325349301397
Gender: M,585,0.5508082497212932,0.6240713224368499,0.7023411371237458,0.6608969315499607,0.5766208251473477
Age: Adult,585,0.5947114556416881,0.5924855491329479,0.7592592592592593,0.6655844155844156,0.5752577319587628
Age: Senior,585,0.5480088628388371,0.6707988980716253,0.821247892074199,0.7384382107657316,0.6175166297117517
Age: Young,585,0.6532321302905398,0.5637982195845698,0.6551724137931034,0.6060606060606061,0.6097946287519748
Race: black,585,0.4578683035714286,0.756701030927835,0.9557291666666666,0.8446490218642118,0.7352941176470589
Race: others,585,0.5438914027149321,0.5899705014749262,0.8097165991902834,0.6825938566552902,0.5539568345323741
Race: white,585,0.6069928404157524,0.5384615384615384,0.603448275862069,0.5691056910569106,0.5635864592863677
Overall,586,0.5765071381668017,0.6531049250535332,0.7813834329632793,0.7115085536547434,0.6194871794871795
Gender: F,586,0.6270348874074764,0.6582109479305741,0.8398637137989778,0.7380239520958084,0.6464646464646465
Gender: M,586,0.5157456827455551,0.647239263803681,0.7226027397260274,0.6828478964401294,0.5916666666666667
Age: Adult,586,0.48295156495890884,0.6146095717884131,0.8106312292358804,0.6991404011461319,0.5882352941176471
Age: Senior,586,0.5121405092984094,0.7175226586102719,0.8347978910369068,0.7717303005686433,0.6522277227722773
Age: Young,586,0.6544398831688932,0.5730994152046783,0.6511627906976745,0.609642301710731,0.6028481012658228
Race: black,586,0.48950589751214196,0.7482837528604119,0.956140350877193,0.8395378690629012,0.7282608695652174
Race: others,586,0.4678237684760943,0.6128048780487805,0.8481012658227848,0.7115044247787611,0.5925
Race: white,586,0.579181591229784,0.6084905660377359,0.6537162162162162,0.6302931596091205,0.5834862385321101
Overall,587,0.5743357075487039,0.6081481481481481,0.7396396396396396,0.667479674796748,0.5785677485832046
Gender: F,587,0.5912781436996858,0.604992657856094,0.7715355805243446,0.6781893004115226,0.5964912280701754
Gender: M,587,0.5555336349607184,0.6113602391629297,0.7100694444444444,0.6570281124497992,0.5606995884773662
Age: Adult,587,0.5666149737227535,0.5619596541786743,0.7358490566037735,0.6372549019607843,0.5413223140495868
Age: Senior,587,0.5381866038161907,0.671451355661882,0.8080614203454894,0.7334494773519163,0.6141235813366961
Age: Young,587,0.6150236020334059,0.5452127659574468,0.6327160493827161,0.5857142857142857,0.5632530120481928
Race: black,587,0.47028486709732076,0.7239130434782609,0.9380281690140845,0.8171779141104294,0.694672131147541
Race: others,587,0.4239280125195618,0.594855305466238,0.8685446009389671,0.7061068702290076,0.5757575757575758
Race: white,587,0.562015177633528,0.5233160621761658,0.559040590405904,0.5405887600356825,0.5275229357798165
Overall,588,0.5845255189586679,0.6451378809869376,0.7221770917952883,0.681487159831353,0.5838758137205808
Gender: F,588,0.6406902155319878,0.6750348675034867,0.8175675675675675,0.7394957983193278,0.6545086119554204
Gender: M,588,0.5127684345064096,0.6127080181543116,0.6338028169014085,0.6230769230769231,0.5148514851485149
Age: Adult,588,0.6302378803506963,0.5891891891891892,0.7870036101083032,0.6738794435857806,0.5788423153692615
Age: Senior,588,0.5152192805816393,0.6945337620578779,0.7539267015706806,0.7230125523012553,0.5963414634146341
Age: Young,588,0.6234752435606566,0.6191709844559585,0.6272965879265092,0.6232073011734028,0.5724852071005917
Race: black,588,0.5107758620689654,0.7623318385650224,0.9497206703910615,0.845771144278607,0.7383966244725738
Race: others,588,0.4964584873121458,0.6355140186915887,0.8292682926829268,0.7195767195767195,0.5793650793650794
Race: white,588,0.5618622723885882,0.5646481178396072,0.5502392344497608,0.5573505654281099,0.5213973799126638
Overall,589,0.612846476538072,0.6456692913385826,0.8089686098654708,0.7181528662420382,0.631441957313899
Gender: F,589,0.6476173221349414,0.677027027027027,0.8623063683304647,0.7585162755488266,0.6744897959183673
Gender: M,589,0.5629756416273269,0.6103500761035008,0.7509363295880149,0.6733837111670865,0.5866099893730075
Age: Adult,589,0.6148392198207696,0.6216931216931217,0.8671586715867159,0.724191063174114,0.6278586278586279
Age: Senior,589,0.5199885485624586,0.6503703703703704,0.8557504873294347,0.7390572390572391,0.6200980392156863
Age: Young,589,0.6981068847117538,0.6627906976744186,0.6888217522658611,0.6755555555555556,0.6490384615384616
Race: black,589,0.41754237288135587,0.7703252032520326,0.9475,0.8497757847533632,0.7413127413127413
Race: others,589,0.5242589231699939,0.6423841059602649,0.8508771929824561,0.7320754716981132,0.6193029490616622
Race: white,589,0.6060539023827622,0.5456053067993366,0.675564681724846,0.6036697247706422,0.5805825242718446
Overall,590,0.5743384162088301,0.6579554189085319,0.7004909983633388,0.6785572730875942,0.5889508362899138
Gender: F,590,0.6117006692385817,0.6878378378378378,0.7842835130970724,0.7329013678905687,0.6459923664122137
Gender: M,590,0.5215869427256862,0.6185383244206774,0.6055846422338569,0.6119929453262787,0.5243243243243243
Age: Adult,590,0.543111357467793,0.5719063545150501,0.6602316602316602,0.6129032258064516,0.5314533622559653
Age: Senior,590,0.47750523134154843,0.7003311258278145,0.7540106951871658,0.7261802575107296,0.5967130214917825
Age: Young,590,0.6498463793883248,0.6582914572864321,0.6517412935323383,0.655,0.6171983356449375
Race: black,590,0.49047229656061053,0.7365967365967366,0.9239766081871345,0.8197146562905318,0.6978260869565217
Race: others,590,0.49914167753150807,0.6764705882352942,0.8576271186440678,0.7563527653213752,0.6385809312638581
Race: white,590,0.5495887760038705,0.5763052208835341,0.4905982905982906,0.5300092336103417,0.5207156308851224
Overall,591,0.6275151540553142,0.6486681065514759,0.7694278394534586,0.70390625,0.6183282980866063
Gender: F,591,0.6413305647840531,0.6793349168646081,0.8171428571428572,0.74189364461738,0.647787610619469
Gender: M,591,0.5967435961066536,0.6014625228519196,0.6985138004246284,0.6463654223968566,0.5794392523364486
Age: Adult,591,0.6175088956863725,0.6702127659574468,0.7590361445783133,0.711864406779661,0.6114285714285714
Age: Senior,591,0.5589352697893624,0.6587677725118484,0.805019305019305,0.7245873153779322,0.6032540675844806
Age: Young,591,0.683471738792812,0.6105263157894737,0.7227414330218068,0.6619115549215406,0.6419939577039275
Race: black,591,0.5758476092054532,0.7422907488986784,0.930939226519337,0.8259803921568627,0.716566866267465
Race: others,591,0.6150136986301369,0.6539589442815249,0.892,0.754653130287648,0.6338383838383839
Race: white,591,0.5872396800216019,0.5740740740740741,0.6100178890876565,0.5915004336513443,0.5674931129476584
Overall,592,0.563277136298079,0.5916981132075472,0.7050359712230215,0.6434140336479278,0.5554987212276215
Gender: F,592,0.564051881513381,0.6123595505617978,0.7662565905096661,0.6807181889149102,0.5835030549898167
Gender: M,592,0.5536532613816437,0.567699836867863,0.6408839779005525,0.6020761245674741,0.527235354573484
Age: Adult,592,0.5449933494764844,0.5597826086956522,0.7657992565055762,0.6467817896389325,0.5379876796714579
Age: Senior,592,0.4816546009333493,0.6187175043327556,0.7315573770491803,0.6704225352112676,0.5393700787401575
Age: Young,592,0.6364311223466154,0.5815789473684211,0.6225352112676056,0.601360544217687,0.5849858356940509
Race: black,592,0.4826950576459022,0.7116704805491991,0.9311377245508982,0.8067444876783398,0.6816239316239316
Race: others,592,0.5513247017922436,0.5612903225806452,0.8656716417910447,0.6810176125244618,0.555858310626703
Race: white,592,0.5270402252075413,0.5173010380622838,0.5181975736568457,0.5177489177489177,0.5026785714285714
Overall,593,0.5958173015893861,0.6254626202812731,0.751779359430605,0.6828282828282828,0.5947341249354672
Gender: F,593,0.619095645978992,0.6348773841961853,0.7952218430034129,0.706060606060606,0.6112224448897795
Gender: M,593,0.5645134375956021,0.6142625607779578,0.7044609665427509,0.6562770562770562,0.577209797657082
Age: Adult,593,0.5751680196965664,0.5945945945945946,0.7612456747404844,0.6676783004552352,0.5593561368209256
Age: Senior,593,0.5224209571618401,0.6607717041800643,0.7888675623800384,0.7191601049868767,0.5957178841309824
Age: Young,593,0.6580797713145576,0.596100278551532,0.6815286624203821,0.6359583952451708,0.6207430340557275
Race: black,593,0.5166841174754115,0.7234468937875751,0.9232736572890026,0.8112359550561797,0.6888888888888889
Race: others,593,0.5705360680218206,0.6269592476489029,0.9569377990430622,0.7575757575757576,0.6502732240437158
Race: white,593,0.5496710179622687,0.5328330206378987,0.5419847328244275,0.5373699148533586,0.5257032007759457
Overall,594,0.6042443657094145,0.622356495468278,0.7518248175182481,0.6809917355371901,0.5974973931178311
Gender: F,594,0.649259408421712,0.6689560439560439,0.849912739965096,0.7486548808608763,0.660436137071651
Gender: M,594,0.5454155158983075,0.5654362416107382,0.6443594646271511,0.6023235031277927,0.5340314136125655
Age: Adult,594,0.5731458107945667,0.6485714285714286,0.8049645390070922,0.7183544303797469,0.6122004357298475
Age: Senior,594,0.510914760914761,0.6013289036544851,0.7525987525987526,0.6685133887349953,0.5472887767969735
Age: Young,594,0.6978239500762023,0.6317204301075269,0.7057057057057057,0.6666666666666666,0.6471471471471472
Race: black,594,0.4902402402402402,0.7692307692307693,0.9523809523809523,0.851063829787234,0.7423312883435583
Race: others,594,0.45307147750627996,0.603125,0.8318965517241379,0.6992753623188406,0.566579634464752
Race: white,594,0.5618202527924749,0.5055970149253731,0.5576131687242798,0.5303326810176126,0.5411089866156787
Overall,595,0.5997115526443739,0.6359649122807017,0.7747105966162066,0.6985146527498997,0.6124871001031992
Gender: F,595,0.6654741619140353,0.6676384839650146,0.8282097649186256,0.7393058918482648,0.6666666666666666
Gender: M,595,0.5237941344589544,0.6041055718475073,0.7228070175438597,0.65814696485623,0.5583075335397317
Age: Adult,595,0.6470486111111111,0.5795454545454546,0.85,0.6891891891891891,0.5964912280701754
Age: Senior,595,0.5132147583934311,0.655608214849921,0.8042635658914729,0.72236727589208,0.6027397260273972
Age: Young,595,0.6627017396772165,0.6553524804177546,0.6839237057220708,0.6693333333333333,0.6347569955817378
Race: black,595,0.5188379036693643,0.7182795698924731,0.9382022471910112,0.8136419001218027,0.6933867735470942
Race: others,595,0.5010555262353824,0.65,0.8532818532818532,0.7378964941569283,0.6055276381909548
Race: white,595,0.5821601099112143,0.5595026642984015,0.6200787401574803,0.5882352941176471,0.5763688760806917
Overall,596,0.5615498357064622,0.6038433111603844,0.7427272727272727,0.6661231145536078,0.5756476683937823
Gender: F,596,0.5896581232259142,0.6204081632653061,0.8070796460176991,0.7015384615384616,0.6076845298281092
Gender: M,596,0.5243566134155886,0.5841423948220065,0.6747663551401869,0.6261925411968777,0.5419766206163655
Age: Adult,596,0.5927741812642803,0.564625850340136,0.7980769230769231,0.6613545816733067,0.5853658536585366
Age: Senior,596,0.4615380205466887,0.6262924667651403,0.7681159420289855,0.6899918633034988,0.5610599078341014
Age: Young,596,0.6366751508295625,0.5942408376963351,0.6676470588235294,0.628808864265928,0.588957055214724
Race: black,596,0.44082967227187797,0.7272727272727273,0.968944099378882,0.8308921438082557,0.7146067415730337
Race: others,596,0.45437158469945355,0.5398230088495575,0.8318181818181818,0.6547406082289803,0.5210918114143921
Race: white,596,0.5649385072094996,0.5504273504273505,0.5770609318996416,0.5634295713035871,0.5388170055452866
Overall,597,0.5761958448107422,0.5975103734439834,0.7790802524797115,0.676320939334638,0.5754620123203286
Gender: F,597,0.617098125249302,0.6138107416879796,0.8347826086956521,0.707442888725129,0.6073194856577646
Gender: M,597,0.5266354401910762,0.5783132530120482,0.7191011235955056,0.6410684474123539,0.5410885805763074
Age: Adult,597,0.49216539021153455,0.5532467532467532,0.7526501766784452,0.6377245508982036,0.5198412698412699
Age: Senior,597,0.5472741544170117,0.6450662739322534,0.8021978021978022,0.7151020408163266,0.5913348946135831
Age: Young,597,0.6623617511520737,0.5575916230366492,0.7607142857142857,0.6435045317220544,0.6
Race: black,597,0.4754325116643957,0.7161016949152542,0.9629629629629629,0.8213851761846902,0.6993865030674846
Race: others,597,0.4997338065661047,0.5675675675675675,0.8571428571428571,0.6829268292682927,0.5454545454545454
Race: white,597,0.556675376384223,0.5231788079470199,0.6159844054580896,0.5658012533572068,0.529126213592233
Overall,598,0.567738406507608,0.5923190546528804,0.7481343283582089,0.6611706512778236,0.5659978880675819
Gender: F,598,0.6160459474885845,0.6189856957087126,0.815068493150685,0.7036215816703622,0.6053149606299213
Gender: M,598,0.4992381252627155,0.5572649572649573,0.6680327868852459,0.6076421248835042,0.520501138952164
Age: Adult,598,0.5789532356055962,0.5492537313432836,0.7896995708154506,0.647887323943662,0.5689655172413793
Age: Senior,598,0.49435901748575195,0.6180981595092024,0.7794970986460348,0.6894781864841745,0.5551470588235294
Age: Young,598,0.63285969539692,0.5858310626702997,0.6677018633540373,0.6240928882438317,0.5781758957654723
Race: black,598,0.4936974789915966,0.7450980392156863,0.9395604395604396,0.8311057108140948,0.7122153209109731
Race: others,598,0.4698634830276197,0.5046439628482973,0.7990196078431373,0.618595825426945,0.4846153846153846
Race: white,598,0.533469190384084,0.5192307692307693,0.5892857142857143,0.5520446096654275,0.5279138099902057
Overall,599,0.5697647381990587,0.6528460997891778,0.771594684385382,0.7072706509326228,0.6100405679513184
Gender: F,599,0.5972148572141553,0.678117048346056,0.8063540090771558,0.736696613683483,0.6367969494756911
Gender: M,599,0.5299869148008143,0.6216640502354788,0.7292817679558011,0.6711864406779661,0.5796316359696642
Age: Adult,599,0.5732040310775814,0.6485148514851485,0.7891566265060241,0.7119565217391305,0.6117216117216118
Age: Senior,599,0.49873189047500976,0.6785714285714286,0.8366972477064221,0.7493837304847987,0.6206467661691543
Age: Young,599,0.6150261752967398,0.6080691642651297,0.6452599388379205,0.6261127596439169,0.594855305466238
Race: black,599,0.4645677062771418,0.7337164750957854,0.9387254901960784,0.8236559139784946,0.7055655296229802
Race: others,599,0.5113698318945934,0.6692307692307692,0.9190140845070423,0.7744807121661721,0.6537585421412301
Race: white,599,0.5381574959590516,0.5577299412915852,0.556640625,0.5571847507331378,0.5358606557377049
Overall,600,0.5658054661502373,0.6178390137781,0.7408695652173913,0.6737841043890866,0.576271186440678
Gender: F,600,0.6301770540506005,0.6604774535809018,0.8272425249169435,0.7345132743362832,0.6463654223968566
Gender: M,600,0.4855140142153764,0.5664,0.6459854014598541,0.6035805626598465,0.49946178686759957
Age: Adult,600,0.5719883564711151,0.6345177664974619,0.7575757575757576,0.6906077348066298,0.5797373358348968
Age: Senior,600,0.48566582777109096,0.6254180602006689,0.7775467775467776,0.6932344763670065,0.5678851174934726
Age: Young,600,0.6266384091798647,0.5891472868217055,0.672566371681416,0.628099173553719,0.5833333333333334
Race: black,600,0.4577051291764528,0.7435897435897436,0.9568527918781726,0.8368479467258602,0.7215909090909091
Race: others,600,0.5162093845096691,0.6121212121212121,0.8278688524590164,0.7038327526132404,0.5863746958637469
Race: white,600,0.5090135143649194,0.503690036900369,0.533203125,0.5180265654648957,0.49603174603174605
Overall,601,0.5578661028740379,0.5965568862275449,0.7311926605504587,0.6570486397361912,0.5698035160289555
Gender: F,601,0.5725273109243697,0.6173541963015647,0.775,0.6872525732383215,0.5989847715736041
Gender: M,601,0.5377853829873463,0.5734597156398105,0.6849056603773584,0.6242476354256233,0.5395152792413066
Age: Adult,601,0.5326363636363636,0.5811209439528023,0.7163636363636363,0.6416938110749185,0.5368421052631579
Age: Senior,601,0.4756762274165561,0.6103059581320451,0.7814432989690722,0.6853526220614828,0.5583756345177665
Age: Young,601,0.6326757309162001,0.5877659574468085,0.6696969696969697,0.6260623229461756,0.6065573770491803
Race: black,601,0.473883907723919,0.7312072892938497,0.9668674698795181,0.8326848249027238,0.720173535791757
Race: others,601,0.38185871056241427,0.514367816091954,0.8287037037037037,0.6347517730496454,0.49135802469135803
Race: white,601,0.5753177921513055,0.5409836065573771,0.5479704797047971,0.5444546287809349,0.5346441947565543
Overall,602,0.5775631967341812,0.6206156048675734,0.7487046632124352,0.67866927592955,0.5836713995943205
Gender: F,602,0.6268378688197767,0.6684563758389261,0.7942583732057417,0.7259475218658892,0.6280909990108803
Gender: M,602,0.5072614198747427,0.5659509202453987,0.6949152542372882,0.6238377007607777,0.5369406867845994
Age: Adult,602,0.5832445549242424,0.6012269938650306,0.765625,0.6735395189003437,0.5814977973568282
Age: Senior,602,0.5097996209994385,0.6394849785407726,0.8156934306569343,0.7169206094627105,0.5895348837209302
Age: Young,602,0.6285217811477847,0.6021505376344086,0.632768361581921,0.6170798898071626,0.5775075987841946
Race: black,602,0.435554099469468,0.7561475409836066,0.9437340153452686,0.8395904436860068,0.724609375
Race: others,602,0.44946674239555723,0.6169491525423729,0.7982456140350878,0.6959847036328872,0.5667574931880109
Race: white,602,0.5489474424492475,0.5146579804560261,0.5862708719851577,0.5481352992194276,0.5233302836230558
Overall,603,0.5594170249881086,0.6011816838995568,0.7134092900964066,0.6525050100200401,0.5603448275862069
Gender: F,603,0.6002964983173407,0.6428571428571429,0.7637271214642263,0.6980988593155893,0.603
Gender: M,603,0.4970786179698216,0.5546875,0.6574074074074074,0.6016949152542372,0.5164609053497943
Age: Adult,603,0.5029636679356175,0.5488505747126436,0.6920289855072463,0.6121794871794872,0.5091277890466531
Age: Senior,603,0.4861282516636419,0.6473988439306358,0.7859649122807018,0.7099841521394612,0.5744186046511628
Age: Young,603,0.6537507846829881,0.5573248407643312,0.5932203389830508,0.5747126436781609,0.5815831987075929
Race: black,603,0.44989318141356593,0.746031746031746,0.9170731707317074,0.8227571115973742,0.7038391224862889
Race: others,603,0.5199993115555402,0.6062717770034843,0.8325358851674641,0.7016129032258065,0.5747126436781609
Race: white,603,0.5004728866797832,0.4689165186500888,0.5057471264367817,0.48663594470046084,0.4828226555246054
Overall,604,0.5285157332527146,0.6032880629020729,0.7158608990670059,0.6547711404189294,0.5520885757423251
Gender: F,604,0.5636546384901648,0.638095238095238,0.7713815789473685,0.6984363365599404,0.5966135458167331
Gender: M,604,0.4800192984544233,0.5647590361445783,0.6567425569176882,0.6072874493927125,0.5066124109867752
Age: Adult,604,0.5633908605179154,0.6016260162601627,0.784452296819788,0.6809815950920245,0.5755102040816327
Age: Senior,604,0.4397332134292566,0.6238532110091743,0.7338129496402878,0.6743801652892562,0.5397196261682243
Age: Young,604,0.5909761579050226,0.5691489361702128,0.6294117647058823,0.5977653631284916,0.5507020280811232
Race: black,604,0.45299555967923655,0.6994219653179191,0.9502617801047121,0.8057713651498335,0.6759259259259259
Race: others,604,0.4828740854378098,0.5906040268456376,0.7892376681614349,0.6756238003838771,0.5493333333333333
Race: white,604,0.5016879364146482,0.5240549828178694,0.5313588850174216,0.527681660899654,0.4906716417910448
Overall,605,0.574706963916341,0.6177972283005105,0.7397379912663755,0.6732909379968204,0.5850580514891469
Gender: F,605,0.6400337502481636,0.6458055925432756,0.8434782608695652,0.7315233785822021,0.648568608094768
Gender: M,605,0.4993806753063563,0.5838709677419355,0.6350877192982456,0.6084033613445378,0.518595041322314
Age: Adult,605,0.5527840250800791,0.5555555555555556,0.7990867579908676,0.6554307116104869,0.5619047619047619
Age: Senior,605,0.4956693017826826,0.6804281345565749,0.7555178268251274,0.7160096540627514,0.5822485207100592
Age: Young,605,0.6383932416244529,0.5646766169154229,0.6735905044510386,0.6143437077131259,0.6019553072625698
Race: black,605,0.4696819479695431,0.7690763052208835,0.9720812182741116,0.8587443946188341,0.7586206896551724
Race: others,605,0.458754691409508,0.5502958579881657,0.8532110091743119,0.6690647482014388,0.5329949238578681
Race: white,605,0.5693408004062689,0.5196261682242991,0.5215759849906192,0.5205992509363296,0.5192488262910798
Overall,606,0.5574585594116844,0.618140243902439,0.7039930555555556,0.6582792207792207,0.5717192268565615
Gender: F,606,0.596822670674109,0.6119186046511628,0.7682481751824818,0.6812297734627831,0.5950668036998972
Gender: M,606,0.5231894482371167,0.625,0.6456953642384106,0.6351791530944625,0.5488418932527693
Age: Adult,606,0.5168156081588103,0.5542857142857143,0.708029197080292,0.6217948717948718,0.5163934426229508
Age: Senior,606,0.49907768441541095,0.6945736434108527,0.7380560131795717,0.7156549520766773,0.5889145496535797
Age: Young,606,0.61201588555475,0.5331230283911672,0.6236162361623616,0.5748299319727891,0.5915032679738562
Race: black,606,0.4714302684723213,0.7365145228215768,0.9699453551912568,0.8372641509433962,0.7261904761904762
Race: others,606,0.47706422018348627,0.5587301587301587,0.8073394495412844,0.6604127579737336,0.5322997416020672
Race: white,606,0.5404860127232824,0.5436893203883495,0.49295774647887325,0.5170821791320406,0.5134883720930232
Overall,607,0.5758773538211207,0.6291666666666667,0.760705289672544,0.6887115165336374,0.5963528831936915
Gender: F,607,0.6176796768262857,0.656984785615491,0.8091993185689949,0.7251908396946565,0.6367305751765893
Gender: M,607,0.5295590838343456,0.601115760111576,0.7135761589403974,0.6525359576078729,0.5578034682080925
Age: Adult,607,0.5838483364427861,0.5766016713091922,0.80859375,0.6731707317073171,0.5601750547045952
Age: Senior,607,0.500740513763342,0.6894243641231593,0.8021806853582555,0.7415406767458603,0.6209081309398099
Age: Young,607,0.6289732308071878,0.5508982035928144,0.6279863481228669,0.5869218500797448,0.5856
Race: black,607,0.43664081017022194,0.7761506276150628,0.9512820512820512,0.8548387096774194,0.7524557956777996
Race: others,607,0.5213030484160192,0.5943661971830986,0.8828451882845189,0.7104377104377104,0.5845410628019324
Race: white,607,0.5573908833996232,0.5337726523887973,0.5765124555160143,0.5543199315654406,0.5289330922242315
Overall,608,0.5774470430742578,0.6411378555798687,0.7564543889845095,0.6940386893012238,0.5978204462895693
Gender: F,608,0.5935648954703833,0.6291012838801712,0.7875,0.6994448850118953,0.6092783505154639
Gender: M,608,0.5625029245238875,0.6537313432835821,0.7275747508305648,0.6886792452830188,0.5862068965517241
Age: Adult,608,0.6002317860051368,0.6363636363636364,0.805111821086262,0.7108603667136812,0.6034816247582205
Age: Senior,608,0.5147856694466864,0.6789137380191693,0.800376647834275,0.7346585998271391,0.6079182630906769
Age: Young,608,0.6129378600069202,0.5787965616045845,0.6352201257861635,0.6056971514242878,0.580542264752791
Race: black,608,0.4561525348822527,0.6971677559912854,0.9495548961424333,0.8040201005025126,0.6736401673640168
Race: others,608,0.5846455778520996,0.5581395348837209,0.8205128205128205,0.6643598615916955,0.5358851674641149
Race: white,608,0.6013844023996309,0.6461267605633803,0.6209813874788495,0.633304572907679,0.5877788554801164
Overall,609,0.5721011212328223,0.6244477172312224,0.7419072615923009,0.6781287485005998,0.5863309352517986
Gender: F,609,0.6090060643437147,0.6326530612244898,0.808695652173913,0.7099236641221374,0.6192384769539078
Gender: M,609,0.5267929948109711,0.6147672552166934,0.6742957746478874,0.6431570109151973,0.5516877637130801
Age: Adult,609,0.5660108638049814,0.6239782016348774,0.7736486486486487,0.6907993966817496,0.59
Age: Senior,609,0.5534133457173541,0.6804451510333863,0.816793893129771,0.7424111014744146,0.6226175349428208
Age: Young,609,0.5740085507887366,0.5276243093922652,0.5913312693498453,0.5576642335766423,0.5402124430955993
Race: black,609,0.5026073050894595,0.714622641509434,0.9409937888198758,0.8123324396782842,0.6929824561403509
Race: others,609,0.4465979137031768,0.5773195876288659,0.7567567567567568,0.6549707602339181,0.5267379679144385
Race: white,609,0.5861800615468077,0.5863141524105754,0.6293823038397329,0.607085346215781,0.5627240143369175
Overall,610,0.5571094263325354,0.5810711665443874,0.7340129749768304,0.6486486486486487,0.5572755417956656
Gender: F,610,0.609443057798659,0.6041095890410959,0.7931654676258992,0.6858475894245724,0.5947843530591775
Gender: M,610,0.4918189137017757,0.5545023696682464,0.6711281070745698,0.6072664359861591,0.5175345377258236
Age: Adult,610,0.5382466495897835,0.4661016949152542,0.7534246575342466,0.5759162303664922,0.4774193548387097
Age: Senior,610,0.47104117133291284,0.6445783132530121,0.7684021543985637,0.7010647010647011,0.5720984759671747
Age: Young,610,0.6529135563398611,0.5768115942028985,0.6567656765676567,0.6141975308641975,0.5967741935483871
Race: black,610,0.46235994397759106,0.7420814479638009,0.9761904761904762,0.8431876606683805,0.7318681318681318
Race: others,610,0.45822886716503736,0.5327635327635327,0.7957446808510639,0.6382252559726962,0.49523809523809526
Race: white,610,0.5370610768248564,0.48596491228070177,0.5452755905511811,0.5139146567717996,0.5070555032925682
Overall,611,0.5976105302266332,0.6197718631178707,0.7180616740088106,0.6653061224489796,0.5826972010178118
Gender: F,611,0.6260746883569357,0.6379821958456974,0.7803992740471869,0.7020408163265306,0.6205821205821206
Gender: M,611,0.5694760028770394,0.6006240249609984,0.6592465753424658,0.6285714285714286,0.5463609172482552
Age: Adult,611,0.6579175210754159,0.5825242718446602,0.7792207792207793,0.6666666666666666,0.5724465558194775
Age: Senior,611,0.46942590681038004,0.625,0.7486136783733827,0.6812447434819175,0.5535924617196702
Age: Young,611,0.671914932457101,0.6424581005586593,0.6336088154269972,0.6380027739251041,0.6244604316546762
Race: black,611,0.4167819016538525,0.768348623853211,0.9357541899441341,0.8438287153652393,0.7298474945533769
Race: others,611,0.5080128205128205,0.6072607260726073,0.832579185520362,0.7022900763358778,0.5726027397260274
Race: white,611,0.5686174137612987,0.5138888888888888,0.5323741007194245,0.5229681978798587,0.5267309377738826
Overall,612,0.571834941097881,0.6399406087602079,0.7177352206494588,0.6766091051805337,0.5859296482412061
Gender: F,612,0.580891014569771,0.6616231086657497,0.8222222222222222,0.7332317073170732,0.639546858908342
Gender: M,612,0.5556379104766201,0.614516129032258,0.6185064935064936,0.616504854368932,0.534838076545633
Age: Adult,612,0.5509794936418834,0.6103542234332425,0.7441860465116279,0.6706586826347305,0.5634920634920635
Age: Senior,612,0.4727433178676009,0.6404682274247492,0.7323135755258127,0.6833184656556646,0.5611866501854141
Age: Young,612,0.6656277630415561,0.6675392670157068,0.6763925729442971,0.6719367588932806,0.6322008862629247
Race: black,612,0.5196522501461134,0.7793814432989691,0.9310344827586207,0.8484848484848485,0.7423664122137404
Race: others,612,0.46293706293706294,0.5993377483443708,0.8701923076923077,0.7098039215686275,0.6032171581769437
Race: white,612,0.5145729945929931,0.5410714285714285,0.5161839863713799,0.5283347863993025,0.505032021957914
Overall,613,0.5611611969879687,0.6059701492537314,0.710411198600175,0.6540475231574708,0.5610628513030148
Gender: F,613,0.5940857351553702,0.6574440052700923,0.7821316614420063,0.7143879742304939,0.62
Gender: M,613,0.5095906605585931,0.5387263339070568,0.6198019801980198,0.576427255985267,0.4928335170893054
Age: Adult,613,0.5982711896084478,0.5853658536585366,0.735632183908046,0.6519524617996605,0.5600858369098712
Age: Senior,613,0.49594552039048967,0.6304700162074555,0.7452107279693486,0.6830553116769096,0.5565110565110565
Age: Young,613,0.5996889239397126,0.5848101265822785,0.6416666666666667,0.6119205298013245,0.5672082717872969
Race: black,613,0.449672131147541,0.7478632478632479,0.9333333333333333,0.830367734282325,0.7122736418511066
Race: others,613,0.473619957537155,0.5892857142857143,0.825,0.6875,0.5465994962216625
Race: white,613,0.5084059048428208,0.4925373134328358,0.5,0.49624060150375937,0.49576669802445905
Overall,614,0.5976261937527372,0.6535714285714286,0.7663316582914573,0.7054741711642252,0.6181909045477262
Gender: F,614,0.6359787344824752,0.6850393700787402,0.8194662480376766,0.7462473195139385,0.6579961464354528
Gender: M,614,0.5430835492743498,0.6159874608150471,0.7055655296229802,0.6577405857740586,0.5752855659397715
Age: Adult,614,0.5809609360604386,0.5610561056105611,0.7870370370370371,0.6551059730250481,0.5707434052757794
Age: Senior,614,0.5241596916008766,0.7345132743362832,0.7955271565495208,0.7638036809815951,0.6451612903225806
Age: Young,614,0.6589192057942058,0.5894988066825776,0.7017045454545454,0.6407263294422828,0.6131284916201117
Race: black,614,0.5006066925774955,0.7448132780082988,0.9324675324675324,0.8281430219146482,0.7145593869731801
Race: others,614,0.5232109751575825,0.6511627906976745,0.8582375478927203,0.740495867768595,0.6225961538461539
Race: white,614,0.59401353553965,0.578397212543554,0.6058394160583942,0.5918003565062389,0.5691439322671684
Overall,615,0.6036129197641631,0.6273421235253296,0.7693617021276595,0.691131498470948,0.5970074812967581
Gender: F,615,0.6477576236635187,0.6258503401360545,0.8228980322003577,0.7109737248840804,0.621840242669363
Gender: M,615,0.5594439935064934,0.6288951841359773,0.7207792207792207,0.6717095310136157,0.5728346456692913
Age: Adult,615,0.5391841424877909,0.5546875,0.7220338983050848,0.6273932253313697,0.5235404896421846
Age: Senior,615,0.5234611107700075,0.6726726726726727,0.8160291438979964,0.7374485596707819,0.6090686274509803
Age: Young,615,0.7073874922623503,0.6214833759590793,0.7341389728096677,0.6731301939058172,0.6413373860182371
Race: black,615,0.4558016644572102,0.7237903225806451,0.9650537634408602,0.8271889400921659,0.7104247104247104
Race: others,615,0.5866851258136598,0.6912181303116147,0.8652482269503546,0.768503937007874,0.6565420560747663
Race: white,615,0.5733772627703374,0.5084459459459459,0.5777351247600768,0.5408805031446541,0.5174693106704438
Overall,616,0.5562826590813317,0.6019900497512438,0.7495575221238938,0.6677177769018526,0.5720812182741116
Gender: F,616,0.5727438687073575,0.6518987341772152,0.8072100313479624,0.7212885154061625,0.625587958607714
Gender: M,616,0.5187555098442551,0.5380875202593193,0.6747967479674797,0.5987376014427412,0.5093715545755237
Age: Adult,616,0.5711471061854693,0.576271186440678,0.8,0.6699507389162561,0.564935064935065
Age: Senior,616,0.49889940567906665,0.6336336336336337,0.7947269303201506,0.7050960735171261,0.5792610250297974
Age: Young,616,0.5887522361359571,0.5710594315245479,0.6424418604651163,0.6046511627906976,0.5680119581464873
Race: black,616,0.46146204693998816,0.7270875763747454,0.9545454545454546,0.8254335260115607,0.7084942084942085
Race: others,616,0.43369558079978987,0.5423728813559322,0.8247422680412371,0.65439672801636,0.5185185185185185
Race: white,616,0.5469450478347276,0.5314009661835749,0.5871886120996441,0.5579036348267118,0.5249772933696639
Overall,617,0.5871201668712722,0.6144756277695717,0.7502254283137962,0.6755988631749898,0.5879319236719959
Gender: F,617,0.6235375953919,0.6616643929058663,0.8029801324503312,0.7255048616305161,0.6369930761622157
Gender: M,617,0.5302272780469537,0.5587761674718197,0.6871287128712872,0.6163410301953819,0.5344827586206896
Age: Adult,617,0.5591154383184271,0.5538461538461539,0.743801652892562,0.6349206349206349,0.5509761388286334
Age: Senior,617,0.5515527135595999,0.6614664586583463,0.7925233644859813,0.7210884353741497,0.6
Age: Young,617,0.6357130977899328,0.5876288659793815,0.6867469879518072,0.6333333333333333,0.5987841945288754
Race: black,617,0.44768995150174423,0.6918367346938775,0.9287671232876712,0.7929824561403509,0.6634980988593155
Race: others,617,0.5750709677419356,0.6334310850439883,0.864,0.7309644670050761,0.6074074074074074
Race: white,617,0.5622489327179067,0.5296367112810707,0.5607287449392713,0.5447394296951819,0.5406746031746031
Overall,618,0.5714887951352265,0.6037195994277539,0.7583108715184187,0.672242134607726,0.5759917568263782
Gender: F,618,0.6148431081271734,0.6547144754316069,0.8244147157190636,0.7298297557364914,0.6353646353646354
Gender: M,618,0.5089274700171331,0.5441860465116279,0.6815533980582524,0.6051724137931035,0.5127659574468085
Age: Adult,618,0.6157156308851224,0.523121387283237,0.8044444444444444,0.6339754816112084,0.5466377440347071
Age: Senior,618,0.4856600721662312,0.6484848484848484,0.7588652482269503,0.6993464052287581,0.5665488810365136
Age: Young,618,0.6339928419190091,0.5994897959183674,0.7253086419753086,0.6564245810055865,0.6101426307448494
Race: black,618,0.5005726065048098,0.7381489841986456,0.9819819819819819,0.8427835051546392,0.729490022172949
Race: others,618,0.47878689236111116,0.5860215053763441,0.8515625,0.6942675159235668,0.5596330275229358
Race: white,618,0.5372317442027942,0.5128644939965694,0.5706106870229007,0.5401987353206865,0.5170777988614801
Overall,619,0.5532647901230174,0.6320246343341032,0.7083692838654012,0.6680227827502034,0.5782945736434109
Gender: F,619,0.5785420168067227,0.649025069637883,0.7831932773109244,0.7098248286367098,0.6170854271356784
Gender: M,619,0.5188362947034857,0.6110154905335629,0.6294326241134752,0.6200873362445415,0.5372340425531915
Age: Adult,619,0.5338431938431938,0.6058823529411764,0.7490909090909091,0.6699186991869919,0.5625
Age: Senior,619,0.5042896350985852,0.6900489396411092,0.7280550774526678,0.7085427135678392,0.5857142857142857
Age: Young,619,0.5890636319729534,0.5549132947976878,0.6336633663366337,0.5916795069337443,0.5800316957210776
Race: black,619,0.4965494045542877,0.7482517482517482,0.9756838905775076,0.8469656992084432,0.7427937915742794
Race: others,619,0.445318298601199,0.5754716981132075,0.8097345132743363,0.6727941176470589,0.5328083989501312
Race: white,619,0.5441279910815008,0.5742753623188406,0.5248344370860927,0.5484429065743944,0.5267452402538532
Overall,620,0.5807400145743679,0.640722724113968,0.7594728171334432,0.6950621937429325,0.5961058412381428
Gender: F,620,0.6180000772618404,0.6326259946949602,0.792358803986711,0.7035398230088495,0.6104651162790697
Gender: M,620,0.5449710524878475,0.6496350364963503,0.7271241830065359,0.6861989205859677,0.5808444902162719
Age: Adult,620,0.5585416666666667,0.6236559139784946,0.8055555555555556,0.703030303030303,0.5983606557377049
Age: Senior,620,0.5275451153582579,0.681203007518797,0.7933450087565674,0.7330097087378641,0.6103896103896104
Age: Young,620,0.6300364487242947,0.5895522388059702,0.6676056338028169,0.6261558784676354,0.5763473053892215
Race: black,620,0.47808433536484934,0.7785588752196837,0.9486081370449678,0.8552123552123552,0.7487437185929648
Race: others,620,0.5275193226012896,0.5677233429394812,0.8873873873873874,0.6924428822495606,0.5679012345679012
Race: white,620,0.5458543417366947,0.5391969407265774,0.5371428571428571,0.5381679389312977,0.5164835164835165
Overall,621,0.5565446982201009,0.6265775798069785,0.7275862068965517,0.6733147187873952,0.5763062596999483
Gender: F,621,0.5816804844279114,0.6451612903225806,0.7615894039735099,0.6985573272589218,0.6033966033966034
Gender: M,621,0.5219486644726772,0.6056782334384858,0.6906474820143885,0.6453781512605042,0.5472103004291845
Age: Adult,621,0.5344362427695761,0.5451612903225806,0.7222222222222222,0.6213235294117647,0.5231481481481481
Age: Senior,621,0.5069798873692679,0.684931506849315,0.7964601769911505,0.7364975450081833,0.6166666666666667
Age: Young,621,0.6118190212373038,0.5921052631578947,0.6232686980609419,0.6072874493927125,0.5597579425113465
Race: black,621,0.4735156670252824,0.7432432432432432,0.9254807692307693,0.8244111349036403,0.7066189624329159
Race: others,621,0.45257543724774174,0.6342281879194631,0.78099173553719,0.7,0.5633423180592992
Race: white,621,0.5154452052071156,0.5084745762711864,0.5378486055776892,0.5227492739593417,0.5084745762711864
Overall,622,0.5738493259731955,0.6135057471264368,0.7381158167675022,0.670066692820714,0.5832507433102081
Gender: F,622,0.6004625632691754,0.6446991404011462,0.7731958762886598,0.703125,0.6153846153846154
Gender: M,622,0.5420124223602485,0.5821325648414986,0.7026086956521739,0.6367218282111899,0.5524271844660195
Age: Adult,622,0.524622266770613,0.5159420289855072,0.7235772357723578,0.6023688663282571,0.4946236559139785
Age: Senior,622,0.5333788755219608,0.6741741741741741,0.8046594982078853,0.7336601307189542,0.6213704994192799
Age: Young,622,0.6357266414299682,0.5958005249343832,0.6430594900849859,0.6185286103542235,0.5953757225433526
Race: black,622,0.43679390413922403,0.7384259259259259,0.9354838709677419,0.8253557567917206,0.7084233261339092
Race: others,622,0.5388540031397173,0.6410256410256411,0.9183673469387755,0.7550335570469798,0.6359102244389028
Race: white,622,0.5267067796559256,0.5090311986863711,0.542907180385289,0.5254237288135594,0.5147313691507799
Overall,623,0.5830335956429086,0.6482517482517482,0.7770326906957251,0.706824247045368,0.614922383575363
Gender: F,623,0.6088101256127451,0.676056338028169,0.825,0.7431386347642506,0.6517175572519084
Gender: M,623,0.5390135532540595,0.6147919876733436,0.7215189873417721,0.6638935108153078,0.5742887249736565
Age: Adult,623,0.5729438194539718,0.6472148541114059,0.8243243243243243,0.725111441307578,0.6247464503042597
Age: Senior,623,0.4852011697561435,0.6666666666666666,0.8132635253054101,0.7327044025157232,0.6087456846950517
Age: Young,623,0.6618832122583462,0.6129943502824858,0.6697530864197531,0.640117994100295,0.6157480314960629
Race: black,623,0.4338911450310414,0.7729166666666667,0.961139896373057,0.8568129330254042,0.7505030181086519
Race: others,623,0.4380539664612438,0.5901162790697675,0.8423236514522822,0.694017094017094,0.5634146341463414
Race: white,623,0.5902139023008659,0.5825082508250825,0.6236749116607774,0.6023890784982935,0.5724770642201835
Overall,624,0.52363466461712,0.591715976331361,0.7174887892376681,0.6485610052695582,0.5498442367601246
Gender: F,624,0.5533317809125782,0.6195652173913043,0.7768313458262351,0.6893424036281179,0.5906374501992032
Gender: M,624,0.4835746423627134,0.5584415584415584,0.6515151515151515,0.6013986013986014,0.5054229934924078
Age: Adult,624,0.4999120904881908,0.5607940446650124,0.7483443708609272,0.6411347517730497,0.5208333333333334
Age: Senior,624,0.5044768801387947,0.6521739130434783,0.7637474541751528,0.7035647279549718,0.5847568988173456
Age: Young,624,0.5609582963620231,0.5320855614973262,0.6180124223602484,0.5718390804597702,0.5321821036106751
Race: black,624,0.3951707245741025,0.717434869739479,0.9226804123711341,0.8072153325817362,0.6767485822306238
Race: others,624,0.49246746746746745,0.538235294117647,0.8472222222222222,0.658273381294964,0.5261845386533666
Race: white,624,0.49422801460649224,0.5048732943469786,0.5068493150684932,0.505859375,0.4919678714859438
Overall,625,0.5837057734005097,0.638728323699422,0.7478849407783418,0.6890101325019485,0.597984886649874
Gender: F,625,0.5929182448036951,0.6412903225806451,0.7952,0.71,0.6162570888468809
Gender: M,625,0.5668081905963414,0.6354679802955665,0.6947935368043088,0.6638078902229846,0.5771305285868392
Age: Adult,625,0.5486193742563169,0.6353591160220995,0.732484076433121,0.6804733727810651,0.5645161290322581
Age: Senior,625,0.5155900656498769,0.6829652996845426,0.8108614232209738,0.7414383561643836,0.6210790464240903
Age: Young,625,0.6415757869735389,0.5695876288659794,0.6616766467065869,0.6121883656509696,0.5953757225433526
Race: black,625,0.4881206534044962,0.7757685352622061,0.9366812227074236,0.8486646884272997,0.7419898819561551
Race: others,625,0.4961916461916462,0.5532544378698225,0.85,0.6702508960573477,0.5456790123456791
Race: white,625,0.5472945216734038,0.5436105476673428,0.5317460317460317,0.5376128385155466,0.5329280648429585
Overall,626,0.608034823665019,0.6424287856071964,0.748471615720524,0.691407825736184,0.6042421107087429
Gender: F,626,0.6724031600981342,0.6885474860335196,0.854419410745234,0.7625676720804331,0.6808731808731808
Gender: M,626,0.5309867892216824,0.5889967637540453,0.6408450704225352,0.6138279932546374,0.5283213182286303
Age: Adult,626,0.5904118287373004,0.5826086956521739,0.7584905660377359,0.659016393442623,0.5602536997885835
Age: Senior,626,0.5852406753951267,0.682258064516129,0.7966101694915254,0.73501303214596,0.6298543689320388
Age: Young,626,0.6453530744885835,0.6314363143631436,0.667621776504298,0.649025069637883,0.6037735849056604
Race: black,626,0.4855906072106262,0.7377049180327869,0.9264705882352942,0.8213820078226858,0.7047413793103449
Race: others,626,0.5947104771608083,0.6408668730650154,0.8846153846153846,0.7432675044883303,0.6285714285714286
Race: white,626,0.5833871017298062,0.5736301369863014,0.5866900175131349,0.5800865800865801,0.5525830258302583
Overall,627,0.5776840967948071,0.6056129985228951,0.7308377896613191,0.6623586429725363,0.5756345177664974
Gender: F,627,0.6237168775364048,0.6405405405405405,0.8033898305084746,0.7127819548872181,0.6240157480314961
Gender: M,627,0.5200241421088266,0.5635179153094463,0.650375939849624,0.6038394415357766,0.5241090146750524
Age: Adult,627,0.5760680287903414,0.5344827586206896,0.788135593220339,0.636986301369863,0.5340659340659341
Age: Senior,627,0.4500171337191593,0.6317460317460317,0.7425373134328358,0.6826758147512865,0.5542168674698795
Age: Young,627,0.697402985074627,0.6276595744680851,0.6742857142857143,0.650137741046832,0.6291970802919709
Race: black,627,0.5570394941030417,0.7320261437908496,0.9385474860335196,0.8225214198286414,0.7111553784860558
Race: others,627,0.4783940397350993,0.6231003039513677,0.8541666666666666,0.7205623901581723,0.5933503836317136
Race: white,627,0.5320665902847757,0.4929328621908127,0.5324427480916031,0.5119266055045871,0.5060352831940576
Overall,628,0.5838879811241002,0.613919413919414,0.7242869490060502,0.6645519429024583,0.572511369378474
Gender: F,628,0.6257011682513914,0.628719275549806,0.788961038961039,0.6997840172786177,0.6080827067669173
Gender: M,628,0.5258409362736861,0.5945945945945946,0.6506469500924215,0.6213592233009708,0.5311475409836065
Age: Adult,628,0.5565109236426563,0.5826086956521739,0.75,0.6557911908646004,0.5557894736842105
Age: Senior,628,0.5050297102235729,0.6491228070175439,0.7481617647058824,0.695132365499573,0.561963190184049
Age: Young,628,0.6684024266936298,0.5852417302798982,0.6666666666666666,0.6233062330623306,0.5965166908563135
Race: black,628,0.5329625205315813,0.7614879649890591,0.9613259668508287,0.8498168498168498,0.7399577167019028
Race: others,628,0.46459034792368126,0.5542168674698795,0.8518518518518519,0.6715328467153284,0.5275590551181102
Race: white,628,0.5552028570163285,0.53125,0.5284974093264249,0.5298701298701298,0.5173333333333333
Overall,629,0.5583781615461362,0.6151154653603919,0.738655462184874,0.6712485681557846,0.5710014947683109
Gender: F,629,0.6319623385440952,0.6438172043010753,0.828719723183391,0.7246596066565809,0.6363636363636364
Gender: M,629,0.4773336153412296,0.583941605839416,0.6535947712418301,0.6168080185042406,0.5059642147117296
Age: Adult,629,0.6002507132359298,0.5927835051546392,0.8550185873605948,0.700152207001522,0.5929752066115702
Age: Senior,629,0.4947723387723387,0.6681818181818182,0.7538461538461538,0.708433734939759,0.577906976744186
Age: Young,629,0.5891582932867336,0.5459317585301837,0.6190476190476191,0.5801952580195258,0.5460030165912518
Race: black,629,0.5173484553593546,0.711340206185567,0.9400544959128065,0.8098591549295775,0.6890595009596929
Race: others,629,0.5551292591577601,0.6322418136020151,0.9400749063670412,0.7560240963855421,0.6241299303944315
Race: white,629,0.5120078286068541,0.5173674588665448,0.5089928057553957,0.5131459655485041,0.4909952606635071
Overall,630,0.5818618230818899,0.6037884767166535,0.7122905027932961,0.6535668517727466,0.5663101604278075
Gender: F,630,0.6286607303471847,0.6284875183553598,0.7853211009174312,0.6982055464926591,0.6117523609653726
Gender: M,630,0.5249693060238145,0.5750853242320819,0.6370510396975425,0.6044843049327354,0.5190839694656488
Age: Adult,630,0.597938443670151,0.5700636942675159,0.7276422764227642,0.6392857142857142,0.5570175438596491
Age: Senior,630,0.5207162110127069,0.6388415672913118,0.7653061224489796,0.6963788300835655,0.5668874172185431
Age: Young,630,0.6168132131467862,0.5765027322404371,0.6242603550295858,0.5994318181818182,0.5720789074355084
Race: black,630,0.5084474885844749,0.7571115973741794,0.947945205479452,0.8418491484184915,0.7352342158859471
Race: others,630,0.4948970037453184,0.46808510638297873,0.7415730337078652,0.5739130434782609,0.45251396648044695
Race: white,630,0.561332103462854,0.5435606060606061,0.5404896421845574,0.5420207743153919,0.524975514201763
Overall,631,0.5738277173913043,0.6205420827389444,0.7565217391304347,0.6818181818181818,0.5835897435897436
Gender: F,631,0.588006347175952,0.6435768261964736,0.833605220228385,0.7263681592039801,0.6210629921259843
Gender: M,631,0.5489284156312004,0.5904605263157895,0.6685288640595903,0.6270742358078603,0.5428265524625268
Age: Adult,631,0.5993600682593856,0.6105263157894737,0.7918088737201365,0.6894502228826151,0.5760649087221096
Age: Senior,631,0.5145181460542427,0.6412213740458015,0.8015267175572519,0.712468193384224,0.5850673194614443
Age: Young,631,0.6142755132983146,0.5940054495912807,0.6546546546546547,0.6228571428571429,0.5875
Race: black,631,0.4609776783297544,0.7037773359840954,0.9645776566757494,0.8137931034482758,0.6872586872586872
Race: others,631,0.5061992938195736,0.6264705882352941,0.8554216867469879,0.7232597623089984,0.5904522613065326
Race: white,631,0.5585168539325842,0.5420393559928444,0.5674157303370787,0.5544373284537969,0.5290135396518375
Overall,632,0.6034768957092032,0.6221570066030815,0.7451669595782073,0.6781287485005998,0.5888661899897855
Gender: F,632,0.6533418009051343,0.6581560283687943,0.8126094570928196,0.7272727272727273,0.6430769230769231
Gender: M,632,0.5441828618911951,0.5835866261398176,0.6772486772486772,0.626938775510204,0.5350966429298067
Age: Adult,632,0.5696201519392242,0.6314285714285715,0.7245901639344262,0.6748091603053435,0.5823529411764706
Age: Senior,632,0.519802283543373,0.6395534290271132,0.7726396917148363,0.699825479930192,0.571072319201995
Age: Young,632,0.6861666410866395,0.5854922279792746,0.7197452229299363,0.6457142857142857,0.6160990712074303
Race: black,632,0.5014487845262287,0.7670454545454546,0.9830097087378641,0.8617021276595744,0.7597042513863216
Race: others,632,0.5611413043478262,0.6601307189542484,0.8706896551724138,0.7509293680297398,0.6378378378378379
Race: white,632,0.5201440797709952,0.4555765595463138,0.48785425101214575,0.47116324535679377,0.48328557784145176
Overall,633,0.5967021868771002,0.6307356154406409,0.7408041060735672,0.6813532651455547,0.5960099750623441
Gender: F,633,0.6326225154904643,0.6392318244170097,0.8062283737024222,0.7130833970925784,0.6279761904761905
Gender: M,633,0.5556291832328941,0.6211180124223602,0.676818950930626,0.6477732793522267,0.563691073219659
Age: Adult,633,0.558154761904762,0.5880829015544041,0.7566666666666667,0.6618075801749271,0.5572519083969466
Age: Senior,633,0.5538861352058377,0.6811594202898551,0.7833333333333333,0.7286821705426356,0.6106304079110012
Age: Young,633,0.6527820854785682,0.5901639344262295,0.6565349544072948,0.6215827338129496,0.6086309523809523
Race: black,633,0.4464229222217201,0.7818930041152263,0.9359605911330049,0.852017937219731,0.7436893203883496
Race: others,633,0.4945158906134516,0.5431309904153354,0.8292682926829268,0.6563706563706564,0.518918918918919
Race: white,633,0.5965430043750558,0.5505226480836237,0.5663082437275986,0.558303886925795,0.5535714285714286
Overall,634,0.5846177558569667,0.6072507552870091,0.7256317689530686,0.6611842105263158,0.5706096925482022
Gender: F,634,0.6152685144014625,0.6226415094339622,0.7630057803468208,0.6857142857142857,0.6006600660066007
Gender: M,634,0.5500364964975462,0.5930232558139535,0.6926994906621392,0.6389976507439311,0.5435643564356436
Age: Adult,634,0.591043656745875,0.553125,0.7405857740585774,0.6332737030411449,0.5454545454545454
Age: Senior,634,0.4899881908667385,0.6265432098765432,0.7718631178707225,0.6916524701873935,0.557997557997558
Age: Young,634,0.6577202309495227,0.6207865168539326,0.6443148688046647,0.6323319027181689,0.6040061633281972
Race: black,634,0.5089943406395975,0.75764192139738,0.9429347826086957,0.8401937046004843,0.7300613496932515
Race: others,634,0.5347295168067226,0.5718654434250765,0.8348214285714286,0.6787658802177858,0.550761421319797
Race: white,634,0.5379770423375075,0.5009276437847866,0.5232558139534884,0.5118483412322274,0.502895752895753
Overall,635,0.5865254326720134,0.6323099415204678,0.7521739130434782,0.687053216838761,0.6008105369807497
Gender: F,635,0.5869443991077743,0.6273381294964029,0.7827648114901257,0.6964856230031949,0.6012591815320042
Gender: M,635,0.5866593907109423,0.637444279346211,0.7234401349072512,0.6777251184834123,0.6003917727717923
Age: Adult,635,0.5833007111633066,0.559228650137741,0.7748091603053435,0.6496,0.5584677419354839
Age: Senior,635,0.49554939792008756,0.6941896024464832,0.8107142857142857,0.7479406919275123,0.6272838002436053
Age: Young,635,0.6543850544888428,0.5925925925925926,0.6341463414634146,0.6126656848306333,0.5996955859969558
Race: black,635,0.46914857313483765,0.7745901639344263,0.9593908629441624,0.8571428571428571,0.7543859649122807
Race: others,635,0.5341204154495294,0.6246056782334385,0.8461538461538461,0.7186932849364791,0.6045918367346939
Race: white,635,0.5368344925648084,0.5133214920071048,0.553639846743295,0.5327188940092166,0.5257249766136576
Overall,636,0.5449095466937757,0.6134259259259259,0.6979806848112379,0.6529774127310062,0.555028962611901
Gender: F,636,0.5744193913901184,0.6409574468085106,0.7799352750809061,0.7036496350364964,0.6
Gender: M,636,0.49631985533224404,0.5753676470588235,0.6007677543186181,0.5877934272300469,0.503393665158371
Age: Adult,636,0.5766334614479567,0.5658682634730539,0.7745901639344263,0.6539792387543253,0.5584988962472406
Age: Senior,636,0.4714668267233021,0.6672384219554031,0.7243947858472998,0.6946428571428571,0.5609756097560976
Age: Young,636,0.5724313427708774,0.5725593667546174,0.6061452513966481,0.5888738127544098,0.545727136431784
Race: black,636,0.48831862264356535,0.7211328976034859,0.9594202898550724,0.8233830845771144,0.702928870292887
Race: others,636,0.4539187643020596,0.5816993464052288,0.7739130434782608,0.664179104477612,0.5287958115183246
Race: white,636,0.5086244867487869,0.5386064030131826,0.5070921985815603,0.5223744292237443,0.4966313763233879
Overall,637,0.5688029280428265,0.6107331821617535,0.7305605786618445,0.6652943598188555,0.5807117070654977
Gender: F,637,0.588888392158616,0.6581560283687943,0.7986230636833046,0.7216174183514774,0.629399585921325
Gender: M,637,0.5358482142857144,0.5566343042071198,0.6552380952380953,0.6019247594050744,0.5323741007194245
Age: Adult,637,0.5173595541605278,0.551948051948052,0.7296137339055794,0.6284658040665434,0.5368663594470046
Age: Senior,637,0.52344132361738,0.6576433121019108,0.7972972972972973,0.7207678883071553,0.600997506234414
Age: Young,637,0.6260037234903676,0.5813953488372093,0.6338028169014085,0.6064690026954178,0.5846372688477952
Race: black,637,0.46410118299519226,0.7022727272727273,0.906158357771261,0.7912932138284251,0.6659836065573771
Race: others,637,0.48320098540241635,0.5952380952380952,0.8438818565400844,0.6980802792321117,0.5653266331658291
Race: white,637,0.5630357142857143,0.546617915904936,0.5662878787878788,0.5562790697674419,0.5470085470085471
Overall,638,0.6017417383108166,0.6368381804623415,0.7659192825112108,0.6954397394136808,0.6063157894736843
Gender: F,638,0.6109737131754964,0.669849931787176,0.833616298811545,0.7428139183055976,0.6494845360824743
Gender: M,638,0.5783420547377931,0.5970394736842105,0.6901140684410646,0.6402116402116402,0.5612903225806452
Age: Adult,638,0.5354173082845703,0.5524475524475524,0.7149321266968326,0.6232741617357002,0.5364077669902912
Age: Senior,638,0.5486229668744458,0.6574923547400612,0.8052434456928839,0.7239057239057239,0.598531211750306
Age: Young,638,0.680497499106824,0.6633416458852868,0.7388888888888889,0.6990801576872536,0.6587183308494784
Race: black,638,0.4865440012456855,0.7482993197278912,0.967741935483871,0.8439897698209718,0.7312775330396476
Race: others,638,0.43879585326953746,0.5740181268882175,0.8333333333333334,0.6797853309481217,0.544529262086514
Race: white,638,0.6170932946080874,0.5869947275922671,0.6117216117216118,0.5991031390134529,0.5754985754985755
Overall,639,0.5586725407849769,0.6184926184926185,0.6780238500851788,0.6468915075172694,0.5639739086803813
Gender: F,639,0.582089774078478,0.6421356421356421,0.7672413793103449,0.6991358994501178,0.6115618661257607
Gender: M,639,0.5278205786680363,0.5909090909090909,0.5909090909090909,0.5909090909090909,0.5173783515392254
Age: Adult,639,0.5450244806140003,0.550561797752809,0.7424242424242424,0.632258064516129,0.537525354969574
Age: Senior,639,0.46807202372731993,0.6461267605633803,0.6588868940754039,0.6524444444444445,0.5289156626506024
Age: Young,639,0.6497931207049087,0.6418732782369146,0.660056657223796,0.6508379888268156,0.6268656716417911
Race: black,639,0.5018804653920261,0.6976744186046512,0.953757225433526,0.8058608058608059,0.6832669322709163
Race: others,639,0.5017231997097769,0.5954692556634305,0.8288288288288288,0.6930320150659134,0.5606469002695418
Race: white,639,0.5317993861642974,0.5584158415841585,0.46534653465346537,0.5076507650765076,0.5116071428571428
Overall,640,0.5709823633821448,0.6223048327137547,0.7253032928942807,0.6698679471788715,0.5837537840565086
Gender: F,640,0.578861531986532,0.6449375866851595,0.7828282828282829,0.7072243346007605,0.6126760563380281
Gender: M,640,0.548385347129506,0.5961538461538461,0.6642857142857143,0.6283783783783784,0.5546558704453441
Age: Adult,640,0.5711836938228511,0.6112852664576802,0.7414448669201521,0.6701030927835051,0.5695067264573991
Age: Senior,640,0.5257909132718515,0.6796536796536796,0.8037542662116041,0.7365129007036747,0.6117511520737328
Age: Young,640,0.5895587770401481,0.5135135135135135,0.5606557377049181,0.5360501567398119,0.5568862275449101
Race: black,640,0.3781672297297297,0.7007125890736342,0.8858858858858859,0.7824933687002652,0.6442516268980477
Race: others,640,0.5073260502625657,0.6045197740112994,0.8629032258064516,0.7109634551495017,0.5857142857142857
Race: white,640,0.5854669072928235,0.5754385964912281,0.5724258289703316,0.573928258967629,0.5576748410535877
Overall,641,0.5765253682833144,0.6687988628287136,0.7397798742138365,0.7025009331840238,0.6048587010411502
Gender: F,641,0.5996718253031682,0.6742138364779874,0.8011958146487295,0.73224043715847,0.6329588014981273
Gender: M,641,0.5463410308764463,0.6617647058823529,0.6716417910447762,0.6666666666666666,0.5732349841938883
Age: Adult,641,0.5765532879818593,0.6630727762803235,0.780952380952381,0.717201166180758,0.6040816326530613
Age: Senior,641,0.4938486913259788,0.6757624398073836,0.7626811594202898,0.7165957446808511,0.5939024390243902
Age: Young,641,0.6436350257542309,0.6634382566585957,0.6765432098765433,0.6699266503667481,0.6181046676096181
Race: black,641,0.4596880907372401,0.7937384898710865,0.9369565217391305,0.8594217347956131,0.7547826086956522
Race: others,641,0.40745027434842257,0.6172106824925816,0.8559670781893004,0.7172413793103448,0.5762273901808785
Race: white,641,0.55504386440727,0.573055028462998,0.5307557117750439,0.551094890510949,0.533649289099526
Overall,642,0.5676070100299551,0.6200432588320115,0.7263513513513513,0.6690003889537145,0.571716155007549
Gender: F,642,0.6007872440302584,0.6763925729442971,0.781010719754977,0.7249466950959488,0.6317792578496669
Gender: M,642,0.5144776917532724,0.5529225908372828,0.6591337099811676,0.6013745704467354,0.5042735042735043
Age: Adult,642,0.5671153556925853,0.6098765432098765,0.8098360655737705,0.6957746478873239,0.5869980879541109
Age: Senior,642,0.5306763934646674,0.6551724137931034,0.7457943925233644,0.6975524475524476,0.5744157441574416
Age: Young,642,0.5952958109234148,0.5737265415549598,0.622093023255814,0.596931659693166,0.5560675883256528
Race: black,642,0.48197581345111584,0.7175257731958763,0.9329758713136729,0.8111888111888111,0.68359375
Race: others,642,0.48697348319511125,0.5895061728395061,0.8232758620689655,0.6870503597122302,0.5538461538461539
Race: white,642,0.5429270174145145,0.5553633217993079,0.5544041450777202,0.5548833189282627,0.5253456221198156
Overall,643,0.5795569428566552,0.6166064981949458,0.7504393673110721,0.6769718588981372,0.5846075433231397
Gender: F,643,0.624732582611903,0.6386206896551724,0.8137082601054482,0.7156105100463679,0.62217659137577
Gender: M,643,0.5317644739546414,0.5924242424242424,0.687170474516696,0.6362896663954435,0.5475708502024291
Age: Adult,643,0.5272297885185646,0.5918367346938775,0.7173144876325088,0.6485623003194888,0.5435684647302904
Age: Senior,643,0.5171530253222331,0.638728323699422,0.7992766726943942,0.7100401606425703,0.5831408775981525
Age: Young,643,0.6637533961623365,0.5971428571428572,0.6920529801324503,0.6411042944785276,0.6188925081433225
Race: black,643,0.5358724281406267,0.762396694214876,0.9437340153452686,0.8434285714285714,0.7390476190476191
Race: others,643,0.5025115645486278,0.572347266881029,0.8436018957345972,0.6819923371647509,0.5608465608465608
Race: white,643,0.5352658314545817,0.5203389830508475,0.5727611940298507,0.5452930728241563,0.5165250236071766
Overall,644,0.5734485193916427,0.5938438438438438,0.7317298797409806,0.6556154164939909,0.5667361835245047
Gender: F,644,0.5794024663442414,0.5894886363636364,0.75591985428051,0.6624102154828412,0.5701219512195121
Gender: M,644,0.5677252833576478,0.5987261146496815,0.706766917293233,0.6482758620689655,0.563169164882227
Age: Adult,644,0.5591887301985022,0.5693069306930693,0.749185667752443,0.6469760900140648,0.5360443622920518
Age: Senior,644,0.5072650067554526,0.6360485268630849,0.7791932059447984,0.700381679389313,0.579088471849866
Age: Young,644,0.6328785317556146,0.5527065527065527,0.6402640264026402,0.5932721712538226,0.5784469096671949
Race: black,644,0.3780328480776409,0.7645788336933045,0.9414893617021277,0.8438617401668653,0.7326530612244898
Race: others,644,0.4894028722600151,0.5129032258064516,0.8412698412698413,0.6372745490981964,0.5027472527472527
Race: white,644,0.5522018050132972,0.49731663685152055,0.5387596899224806,0.5172093023255814,0.5122180451127819
Overall,645,0.531899745739496,0.606638418079096,0.7489102005231038,0.6703082325399922,0.5740927419354839
Gender: F,645,0.5469637749870873,0.6305732484076433,0.812807881773399,0.7101865136298422,0.6096618357487923
Gender: M,645,0.5068832026338878,0.5768621236133122,0.6765799256505576,0.6227544910179641,0.5353003161222339
Age: Adult,645,0.5447671697671698,0.5891891891891892,0.7364864864864865,0.6546546546546547,0.5635673624288425
Age: Senior,645,0.4404493410241569,0.6231003039513677,0.7992202729044834,0.7002561912894961,0.5645161290322581
Age: Young,645,0.5990179027166002,0.595360824742268,0.6834319526627219,0.6363636363636364,0.5944700460829493
Race: black,645,0.38093003488516225,0.7168316831683168,0.9551451187335093,0.8190045248868778,0.696969696969697
Race: others,645,0.4255189692197567,0.6077348066298343,0.8661417322834646,0.7142857142857143,0.5799522673031027
Race: white,645,0.511442515865517,0.5045537340619308,0.5389105058365758,0.5211665098777046,0.5091610414657667
Overall,646,0.5537651948275676,0.600924499229584,0.6970509383378016,0.645428216797683,0.560287326834274
Gender: F,646,0.5641873927958834,0.6150506512301013,0.7727272727272727,0.684931506849315,0.5985626283367557
Gender: M,646,0.5345736622022907,0.5848434925864909,0.6239015817223199,0.6037414965986394,0.522051282051282
Age: Adult,646,0.5166446116946489,0.5045317220543807,0.7389380530973452,0.599640933572711,0.49318181818181817
Age: Senior,646,0.5162037037037037,0.6613418530351438,0.75,0.7028862478777589,0.5788206979542719
Age: Young,646,0.6154659449863815,0.5835777126099707,0.5835777126099707,0.5835777126099707,0.5811209439528023
Race: black,646,0.4353158024084542,0.7125603864734299,0.9424920127795527,0.811554332874828,0.690744920993228
Race: others,646,0.45604231412861584,0.5973684210526315,0.850187265917603,0.7017001545595054,0.5758241758241758
Race: white,646,0.5401060992578849,0.5119047619047619,0.47866419294990725,0.4947267497603068,0.49857278782112274
Overall,647,0.5435742567469126,0.5857359635811836,0.6980108499095841,0.636963696369637,0.5487179487179488
Gender: F,647,0.5947059154295995,0.6270053475935828,0.7516025641025641,0.6836734693877551,0.5981481481481481
Gender: M,647,0.46324111305984517,0.531578947368421,0.6286307053941909,0.5760456273764258,0.48735632183908045
Age: Adult,647,0.49656530720084546,0.4807121661721068,0.6303501945525292,0.5454545454545454,0.46
Age: Senior,647,0.4764618177551063,0.637987012987013,0.751434034416826,0.6900790166812993,0.55875
Age: Young,647,0.6182212375975158,0.5945205479452055,0.6656441717791411,0.6280752532561505,0.6046153846153847
Race: black,647,0.45512979497354494,0.6948775055679287,0.9285714285714286,0.7949044585987262,0.6645833333333333
Race: others,647,0.5391171328671329,0.6049382716049383,0.8376068376068376,0.7025089605734767,0.5951219512195122
Race: white,647,0.49775336105730883,0.48440366972477067,0.4925373134328358,0.4884366327474561,0.47830188679245284
Overall,648,0.5810471272194424,0.6339100346020762,0.7743026204564666,0.6971080669710806,0.6051587301587301
Gender: F,648,0.6248674367789095,0.6355263157894737,0.8009950248756219,0.7087307410124725,0.6286248830682881
Gender: M,648,0.5280794888659213,0.6321167883211679,0.746551724137931,0.6845849802371542,0.5786694825765576
Age: Adult,648,0.6247081043956044,0.612565445026178,0.8357142857142857,0.7069486404833837,0.6024590163934426
Age: Senior,648,0.4701134794888357,0.6744525547445256,0.8162544169611308,0.7386091127098321,0.6130177514792899
Age: Young,648,0.6353278674465275,0.582010582010582,0.6528189910979229,0.6153846153846154,0.5973645680819912
Race: black,648,0.41390606880556624,0.7578740157480315,0.9673366834170855,0.8498896247240618,0.7424242424242424
Race: others,648,0.5318554741818857,0.6351351351351351,0.8768656716417911,0.7366771159874608,0.6083916083916084
Race: white,648,0.5509788947019064,0.5220458553791887,0.5725338491295938,0.5461254612546126,0.5354107648725213
Overall,649,0.5443553446253716,0.6051401869158879,0.6993699369936993,0.6488517745302714,0.565599173553719
Gender: F,649,0.5715781858400375,0.6277777777777778,0.7687074829931972,0.691131498470948,0.6104146576663452
Gender: M,649,0.5059293763475855,0.5762411347517731,0.621414913957935,0.5979760809567617,0.5139043381535039
Age: Adult,649,0.5129738342837974,0.5668604651162791,0.7195571955719557,0.6341463414634146,0.5417515274949084
Age: Senior,649,0.5268432252127904,0.6712095400340715,0.7817460317460317,0.7222731439046746,0.6115384615384616
Age: Young,649,0.5688458894195977,0.5325779036827195,0.5595238095238095,0.5457184325108854,0.5293233082706766
Race: black,649,0.4491338315217392,0.7082352941176471,0.9347826086956522,0.8058902275769746,0.6777777777777778
Race: others,649,0.4439459049544995,0.5853658536585366,0.8372093023255814,0.6889952153110048,0.5588235294117647
Race: white,649,0.528534928029427,0.5306122448979592,0.4896421845574388,0.5093046033300686,0.5201149425287356
Overall,650,0.5577847089756146,0.5984474241354976,0.7432077125328659,0.6630179827990618,0.5670517327975891
Gender: F,650,0.6018355684759159,0.6155878467635403,0.8306595365418895,0.7071320182094082,0.6170634920634921
Gender: M,650,0.5088388808077351,0.5787878787878787,0.6586206896551724,0.6161290322580645,0.5157680569684638
Age: Adult,650,0.5590710599444224,0.5259938837920489,0.7818181818181819,0.6288848263254113,0.5478841870824054
Age: Senior,650,0.49485228997975705,0.6555555555555556,0.7763157894736842,0.7108433734939759,0.5826086956521739
Age: Young,650,0.6238096715158659,0.5513513513513514,0.6517571884984026,0.5973645680819912,0.5578778135048231
Race: black,650,0.5390974372205022,0.6936936936936937,0.9535603715170279,0.803129074315515,0.6766595289079229
Race: others,650,0.4457524055595153,0.5718085106382979,0.8811475409836066,0.6935483870967742,0.5560747663551402
Race: white,650,0.5471017394903014,0.5443886097152428,0.5662020905923345,0.5550811272416738,0.5246350364963503
Overall,651,0.5618938566825553,0.6244509516837482,0.7259574468085106,0.6713892168437623,0.577001013171226
Gender: F,651,0.5912890132408576,0.6443850267379679,0.7901639344262295,0.7098674521354934,0.6159844054580896
Gender: M,651,0.5216779500450566,0.6003236245954693,0.6566371681415929,0.6272189349112426,0.5348101265822784
Age: Adult,651,0.5269486530396342,0.563953488372093,0.7293233082706767,0.6360655737704918,0.5225806451612903
Age: Senior,651,0.5419114658389683,0.6924265842349304,0.7697594501718213,0.7290480065093572,0.6132404181184669
Age: Young,651,0.6086341421589642,0.5626666666666666,0.6452599388379205,0.6011396011396012,0.5679012345679012
Race: black,651,0.5095714946411695,0.7245762711864406,0.9421487603305785,0.8191616766467066,0.698
Race: others,651,0.5248317805383023,0.5493827160493827,0.8476190476190476,0.6666666666666666,0.5482233502538071
Race: white,651,0.5499607306189968,0.5842105263157895,0.553156146179402,0.568259385665529,0.5314814814814814
Overall,652,0.5684747270050007,0.6351446718419196,0.7413509060955519,0.6841505131128849,0.5855361596009975
Gender: F,652,0.6061188514144932,0.6644204851752021,0.8271812080536913,0.7369207772795217,0.644803229061554
Gender: M,652,0.5228355562093426,0.6029629629629629,0.6585760517799353,0.6295436968290796,0.5276134122287969
Age: Adult,652,0.5802528661737919,0.6096096096096096,0.796078431372549,0.6904761904761905,0.5844748858447488
Age: Senior,652,0.5180167525102752,0.6837725381414702,0.7643410852713178,0.7218155197657394,0.5970307529162248
Age: Young,652,0.6090918430244504,0.5619834710743802,0.6496815286624203,0.6026587887740029,0.5689102564102564
Race: black,652,0.530678687703481,0.7183673469387755,0.9696969696969697,0.8253223915592028,0.7055335968379447
Race: others,652,0.4613410702772404,0.600609756097561,0.8382978723404255,0.6998223801065719,0.5775
Race: white,652,0.5680709042510285,0.5859766277128547,0.5698051948051948,0.5777777777777777,0.5332120109190173
Overall,653,0.5599575959908157,0.5992452830188679,0.7007943512797882,0.646053702196908,0.5552147239263804
Gender: F,653,0.6210315592200537,0.630527817403709,0.7906976744186046,0.7015873015873015,0.6075156576200418
Gender: M,653,0.48872937347971857,0.5641025641025641,0.6132404181184669,0.5876460767946577,0.5050100200400801
Age: Adult,653,0.6158167812579576,0.5518207282913166,0.7462121212121212,0.6344605475040258,0.547808764940239
Age: Senior,653,0.44412499715155984,0.6615646258503401,0.7298311444652908,0.6940231935771632,0.5602564102564103
Age: Young,653,0.6205269089884473,0.5473684210526316,0.6190476190476191,0.5810055865921788,0.5548961424332344
Race: black,653,0.4985754985754986,0.7427293064876958,0.9540229885057471,0.8352201257861636,0.7182795698924731
Race: others,653,0.4637403446226976,0.5132450331125827,0.7598039215686274,0.6126482213438735,0.46883468834688347
Race: white,653,0.5362575201784163,0.5329861111111112,0.5283993115318416,0.5306828003457217,0.516042780748663
Overall,654,0.5678368337942806,0.6288737717309146,0.7375886524822695,0.67890656874745,0.5868766404199475
Gender: F,654,0.6286901056326368,0.6743515850144092,0.782608695652174,0.7244582043343654,0.6447105788423154
Gender: M,654,0.4857175375588042,0.5786963434022258,0.6867924528301886,0.6281276962899051,0.5227021040974529
Age: Adult,654,0.5831763512534416,0.5890804597701149,0.7649253731343284,0.6655844155844156,0.5654008438818565
Age: Senior,654,0.49386283891547056,0.6671802773497689,0.7872727272727272,0.7222685571309424,0.6011976047904192
Age: Young,654,0.6295003383713061,0.5950920245398773,0.6258064516129033,0.610062893081761,0.5838926174496645
Race: black,654,0.4268054961251367,0.7425968109339408,0.9532163742690059,0.8348271446862996,0.7225806451612903
Race: others,654,0.530373831775701,0.6466431095406361,0.8551401869158879,0.7364185110663984,0.6191860465116279
Race: white,654,0.540294867346394,0.5374376039933444,0.5646853146853147,0.5507246376811594,0.5191605839416058
Overall,655,0.5745731187292187,0.6592252133946159,0.7705295471987721,0.7105449398443029,0.609360076408787
Gender: F,655,0.6069304965497436,0.6608811748998665,0.8236272878535774,0.7333333333333333,0.6381909547738693
Gender: M,655,0.5429826261060517,0.6576227390180879,0.7250712250712251,0.6897018970189702,0.5832575068243858
Age: Adult,655,0.5575535964736527,0.6691542288557214,0.8354037267080745,0.7430939226519337,0.6338582677165354
Age: Senior,655,0.4910587740278147,0.6823855755894591,0.7735849056603774,0.7251289609432572,0.5945652173913043
Age: Young,655,0.6508420244706308,0.6075,0.7043478260869566,0.6523489932885906,0.6111111111111112
Race: black,655,0.48190682556879744,0.7612456747404844,0.967032967032967,0.8518877057115198,0.7437185929648241
Race: others,655,0.4867708669029971,0.6086956521739131,0.8504672897196262,0.7095516569200779,0.584958217270195
Race: white,655,0.5648361999899855,0.5913312693498453,0.6025236593059937,0.596875,0.546572934973638
Overall,656,0.5766612495485735,0.5960516324981018,0.7104072398190046,0.64822460776218,0.5646397547266224
Gender: F,656,0.6447003043641698,0.6077032810271041,0.7903525046382189,0.6870967741935484,0.6112224448897795
Gender: M,656,0.5012520342747193,0.5827922077922078,0.6342756183745583,0.6074450084602369,0.516162669447341
Age: Adult,656,0.6294782763532764,0.5909090909090909,0.7703703703703704,0.6688102893890675,0.5690376569037657
Age: Senior,656,0.4729721030042919,0.6023688663282571,0.7639484978540773,0.67360454115421,0.5496083550913838
Age: Young,656,0.6375141803743618,0.5909090909090909,0.5989159891598916,0.594885598923284,0.5778401122019635
Race: black,656,0.48904327688522214,0.7512437810945274,0.9179331306990881,0.826265389876881,0.7073732718894009
Race: others,656,0.4915646057744331,0.6235632183908046,0.8645418326693227,0.7245409015025042,0.6004842615012107
Race: white,656,0.5263117623117622,0.4691358024691358,0.5066666666666667,0.48717948717948717,0.4954954954954955
Overall,657,0.5916672913363125,0.5726429675425039,0.7477295660948536,0.6485776805251641,0.5696677384780279
Gender: F,657,0.6558804675459294,0.581081081081081,0.821656050955414,0.6807387862796834,0.6130063965884861
Gender: M,657,0.5274062028657617,0.5636942675159236,0.6807692307692308,0.6167247386759582,0.5258620689655172
Age: Adult,657,0.5792262405382674,0.4921135646687697,0.7609756097560976,0.5977011494252874,0.5194508009153318
Age: Senior,657,0.522693740685544,0.6460032626427407,0.8114754098360656,0.7193460490463215,0.5950196592398427
Age: Young,657,0.6562819156696819,0.5192307692307693,0.6342281879194631,0.5709969788519638,0.5735735735735735
Race: black,657,0.48609787603498295,0.639080459770115,0.936026936026936,0.7595628415300546,0.6140350877192983
Race: others,657,0.5072769187779433,0.590027700831025,0.8729508196721312,0.7041322314049587,0.5738095238095238
Race: white,657,0.5983600823045268,0.5020080321285141,0.5555555555555556,0.5274261603375527,0.5474747474747474
Overall,658,0.5530734299414636,0.5988372093023255,0.7370304114490162,0.6607858861267041,0.5690269994905757
Gender: F,658,0.6107620785540493,0.6388101983002833,0.8053571428571429,0.7124802527646129,0.6251287332646756
Gender: M,658,0.4762235105627406,0.5567164179104478,0.6684587813620072,0.6074918566775245,0.5141129032258065
Age: Adult,658,0.5716681210752357,0.5702005730659025,0.7865612648221344,0.6611295681063123,0.5785123966942148
Age: Senior,658,0.4759049090444439,0.6294642857142857,0.7567084078711985,0.6872461413484972,0.5559400230680508
Age: Young,658,0.6146567559485668,0.5690140845070423,0.6601307189542484,0.6111951588502269,0.5800653594771242
Race: black,658,0.48632756132756133,0.7367387033398821,0.946969696969697,0.8287292817679558,0.710820895522388
Race: others,658,0.4717146758566877,0.5273972602739726,0.8461538461538461,0.6497890295358649,0.5270655270655271
Race: white,658,0.5151810392482035,0.5130434782608696,0.5462962962962963,0.5291479820627802,0.5120817843866171
Overall,659,0.5664995255348516,0.6187050359712231,0.7465277777777778,0.6766325727773407,0.5799693408277976
Gender: F,659,0.6125147305281787,0.6231292517006802,0.804920913884007,0.7024539877300614,0.612
Gender: M,659,0.515751552453197,0.6137404580152672,0.6895368782161235,0.6494345718901454,0.5464994775339603
Age: Adult,659,0.5551160557735659,0.5542168674698795,0.7796610169491526,0.647887323943662,0.5444191343963554
Age: Senior,659,0.49086858597728167,0.6715542521994134,0.7736486486486487,0.7189952904238619,0.5875576036866359
Age: Young,659,0.6343634022570629,0.5797872340425532,0.6728395061728395,0.6228571428571429,0.5938461538461538
Race: black,659,0.49976892931085476,0.7214137214137214,0.9429347826086957,0.817432273262662,0.6990291262135923
Race: others,659,0.4426997950819672,0.6022099447513812,0.8934426229508197,0.7194719471947195,0.5792079207920792
Race: white,659,0.5503086419753086,0.5393053016453382,0.5462962962962963,0.5427782888684453,0.5211946050096339
Overall,660,0.5784794731679979,0.6253687315634219,0.7537777777777778,0.6835953244659412,0.5907194994786236
Gender: F,660,0.6045332649108577,0.6692708333333334,0.8210862619808307,0.7374461979913917,0.6383399209486166
Gender: M,660,0.5279354778352774,0.5680272108843537,0.6693386773547094,0.6145354185832567,0.5375275938189845
Age: Adult,660,0.5460054163845633,0.5885714285714285,0.7357142857142858,0.653968253968254,0.5560081466395111
Age: Senior,660,0.5437524034798761,0.6533546325878594,0.839835728952772,0.7349505840071878,0.6168831168831169
Age: Young,660,0.6311447842902785,0.6131578947368421,0.6508379888268156,0.6314363143631436,0.5859969558599696
Race: black,660,0.4875380879832412,0.7371937639198218,0.9297752808988764,0.822360248447205,0.6983122362869199
Race: others,660,0.4714644260148407,0.5993975903614458,0.8577586206896551,0.7056737588652482,0.5743589743589743
Race: white,660,0.5584953300988009,0.5530434782608695,0.5921787709497207,0.5719424460431655,0.5483870967741935
Overall,661,0.5536374858427918,0.6036101083032491,0.7288578901482128,0.660347551342812,0.5706440339490764
Gender: F,661,0.6222541507024265,0.6619915848527349,0.8137931034482758,0.7300850734725445,0.6456852791878173
Gender: M,661,0.4703774094017996,0.5416666666666666,0.6419753086419753,0.5875706214689266,0.49803536345776034
Age: Adult,661,0.5734873487348735,0.6620879120879121,0.7953795379537953,0.7226386806596702,0.6169772256728778
Age: Senior,661,0.5069061820755194,0.6422018348623854,0.7749077490774908,0.7023411371237458,0.5731414868105515
Age: Young,661,0.5531569053532008,0.4768392370572207,0.5794701986754967,0.523168908819133,0.5349854227405247
Race: black,661,0.4197489002932552,0.6864035087719298,0.9178885630498533,0.7854454203262233,0.6586826347305389
Race: others,661,0.48421900161030595,0.6526946107784432,0.8074074074074075,0.7218543046357616,0.5882352941176471
Race: white,661,0.5402440084523619,0.5126050420168067,0.5690298507462687,0.5393457117595049,0.5237659963436929
Overall,662,0.5349498057865911,0.6344238975817923,0.7390223695111847,0.6827401454267126,0.5806777946383409
Gender: F,662,0.5536266145434375,0.6260623229461756,0.7647058823529411,0.6884735202492211,0.588053553038105
Gender: M,662,0.5119004946591154,0.6428571428571429,0.7154213036565977,0.6772009029345373,0.5735586481113321
Age: Adult,662,0.5404871431941496,0.594059405940594,0.7643312101910829,0.6685236768802229,0.5509433962264151
Age: Senior,662,0.4942492276265456,0.6791044776119403,0.8168761220825853,0.7416462917685411,0.6226190476190476
Age: Young,662,0.5651027938850818,0.5933734939759037,0.5863095238095238,0.5898203592814372,0.5485996705107083
Race: black,662,0.3831825777390293,0.7055214723926381,0.9274193548387096,0.8013937282229965,0.6711538461538461
Race: others,662,0.46940321583178723,0.6542056074766355,0.8571428571428571,0.7420494699646644,0.6127320954907162
Race: white,662,0.541997578692494,0.5654362416107382,0.5711864406779661,0.5682967959527825,0.5259259259259259
Overall,663,0.5948300818124607,0.6113099498926271,0.7524229074889868,0.674565560821485,0.5827848101265822
Gender: F,663,0.6563840070298771,0.6666666666666666,0.8330404217926186,0.740625,0.6573787409700722
Gender: M,663,0.5221129135881786,0.5539358600583091,0.6713780918727915,0.6070287539936102,0.510934393638171
Age: Adult,663,0.5850763877779555,0.606508875739645,0.7706766917293233,0.6788079470198676,0.5726872246696035
Age: Senior,663,0.5701184626775256,0.6282420749279539,0.8119180633147114,0.7083671811535337,0.5868814729574223
Age: Young,663,0.628859186746988,0.5835616438356165,0.641566265060241,0.6111908177905309,0.5843558282208589
Race: black,663,0.4428014717518595,0.7105831533477321,0.9241573033707865,0.8034188034188035,0.6767068273092369
Race: others,663,0.578531121751026,0.6626506024096386,0.8527131782945736,0.7457627118644068,0.6192893401015228
Race: white,663,0.5758174466021407,0.5066445182724253,0.5854126679462572,0.5431878895814782,0.5263157894736842
Overall,664,0.6051176096630644,0.6016566265060241,0.7682692307692308,0.674831081081081,0.5919448860625331
Gender: F,664,0.648695382247755,0.6594885598923284,0.8419243986254296,0.7396226415094339,0.6461538461538462
Gender: M,664,0.5388949271877345,0.5282051282051282,0.6746724890829694,0.5925215723873442,0.5339912280701754
Age: Adult,664,0.5319543650793651,0.5117647058823529,0.7767857142857143,0.6170212765957447,0.5189309576837416
Age: Senior,664,0.5393330809882223,0.6170212765957447,0.8177874186550976,0.7033582089552238,0.5810276679841897
Age: Young,664,0.7033907146583204,0.6578249336870027,0.6985915492957746,0.6775956284153005,0.6524300441826215
Race: black,664,0.5832192249760373,0.791578947368421,0.9353233830845771,0.8574686431014823,0.7553816046966731
Race: others,664,0.46902843291404617,0.5340501792114696,0.7760416666666666,0.6326963906581741,0.5071225071225072
Race: white,664,0.5462952206138617,0.47735191637630664,0.6143497757847534,0.5372549019607843,0.5395121951219513
Overall,665,0.559439617938947,0.625,0.770223752151463,0.6900539707016191,0.5900050994390617
Gender: F,665,0.592236359006793,0.6293800539083558,0.8093587521663779,0.7081122062168309,0.6146146146146146
Gender: M,665,0.5197941463193452,0.6202898550724638,0.7316239316239316,0.6713725490196079,0.5644490644490644
Age: Adult,665,0.5537297861241524,0.5817174515235457,0.7777777777777778,0.6656101426307448,0.5631469979296067
Age: Senior,665,0.5050271212708252,0.6867816091954023,0.8241379310344827,0.7492163009404389,0.6221959858323495
Age: Young,665,0.5977463628325698,0.552,0.6634615384615384,0.6026200873362445,0.5673534072900158
Race: black,665,0.40470197341925085,0.7450199203187251,0.9790575916230366,0.8461538461538461,0.734375
Race: others,665,0.4700921852084643,0.5517241379310345,0.8648648648648649,0.6736842105263158,0.5279187817258884
Race: white,665,0.5629583955344973,0.5652920962199313,0.589605734767025,0.5771929824561404,0.543127962085308
Overall,666,0.5996271003434016,0.6260043827611396,0.7755656108597285,0.692805173807599,0.6037539103232534
Gender: F,666,0.6403394094866924,0.6480218281036835,0.8318739054290718,0.7285276073619632,0.6449348044132397
Gender: M,666,0.5528941536257972,0.60062893081761,0.7153558052434457,0.652991452991453,0.5591748099891423
Age: Adult,666,0.5895881895881896,0.6351706036745407,0.8148148148148148,0.7138643067846607,0.6056910569105691
Age: Senior,666,0.5270306816491556,0.6304347826086957,0.8152610441767069,0.7110332749562172,0.5849056603773585
Age: Young,666,0.6528238368003216,0.6075581395348837,0.6741935483870968,0.6391437308868502,0.6259904912836767
Race: black,666,0.48063759962494135,0.7011764705882353,0.9430379746835443,0.8043184885290149,0.6784922394678492
Race: others,666,0.586201690821256,0.6730769230769231,0.875,0.7608695652173914,0.6507936507936508
Race: white,666,0.5804965256695677,0.5522151898734177,0.6357012750455373,0.5910245554614734,0.5564738292011019
Overall,667,0.5753939308626809,0.6450488145048815,0.78125,0.706646294881589,0.611336032388664
Gender: F,667,0.596390999724827,0.6590909090909091,0.8285714285714286,0.7341772151898734,0.6401209677419355
Gender: M,667,0.550428746427113,0.6297376093294461,0.733446519524618,0.6776470588235294,0.5823170731707317
Age: Adult,667,0.5943917028748289,0.6426799007444168,0.8170347003154574,0.7194444444444444,0.6181474480151229
Age: Senior,667,0.45219064535227943,0.6691729323308271,0.7904085257548845,0.7247557003257329,0.5942376950780313
Age: Young,667,0.6618367996604414,0.6038251366120219,0.7269736842105263,0.6597014925373135,0.6286644951140065
Race: black,667,0.4228102302421761,0.7468879668049793,0.9703504043126685,0.8440797186400938,0.7350597609561753
Race: others,667,0.5553985230455818,0.6276923076923077,0.8571428571428571,0.7246891651865008,0.6153846153846154
Race: white,667,0.5554715988779804,0.5757575757575758,0.6278260869565218,0.6006655574043261,0.5518207282913166
Overall,668,0.5431495268192542,0.5743396226415094,0.7033271719038817,0.6323223930203573,0.5461538461538461
Gender: F,668,0.5544252352911571,0.58,0.7560521415270018,0.65642683912692,0.5667686034658511
Gender: M,668,0.53029903063874,0.568,0.6513761467889908,0.6068376068376068,0.5252837977296182
Age: Adult,668,0.5213794953574675,0.5714285714285714,0.7098976109215017,0.6331811263318112,0.5383141762452107
Age: Senior,668,0.5035640435694315,0.6026490066225165,0.7844827586206896,0.6816479400749064,0.5526315789473685
Age: Young,668,0.5882574568288854,0.5294117647058824,0.5815384615384616,0.5542521994134897,0.5449101796407185
Race: black,668,0.4563497523390203,0.633495145631068,0.9456521739130435,0.7587209302325582,0.6175115207373272
Race: others,668,0.5117746005046258,0.5796178343949044,0.7844827586206896,0.6666666666666666,0.5404040404040404
Race: white,668,0.536100368852982,0.5308848080133556,0.554006968641115,0.5421994884910486,0.5205357142857143
Overall,669,0.5710230651601393,0.6296819787985866,0.74748322147651,0.6835443037974683,0.5837537840565086
Gender: F,669,0.6294698571812662,0.6970474967907574,0.8214826021180031,0.7541666666666667,0.6589595375722543
Gender: M,669,0.4911674714892181,0.5471698113207547,0.655367231638418,0.596401028277635,0.5010593220338984
Age: Adult,669,0.6070542391836165,0.5552486187845304,0.8007968127490039,0.6557911908646004,0.5594989561586639
Age: Senior,669,0.480658153968222,0.6707692307692308,0.7827648114901257,0.7224523612261806,0.5934466019417476
Age: Young,669,0.6332450564971751,0.630272952853598,0.6614583333333334,0.6454891994917408,0.5891016200294551
Race: black,669,0.4838927686415859,0.7606837606837606,0.9222797927461139,0.8337236533957846,0.716566866267465
Race: others,669,0.47273173927284645,0.6205128205128205,0.852112676056338,0.7181008902077152,0.5833333333333334
Race: white,669,0.5391330179840498,0.526032315978456,0.5613026819923371,0.5430954587581094,0.5190243902439025
Overall,670,0.5847339819883529,0.6398852223816356,0.7565733672603902,0.693354061406918,0.6025188916876574
Gender: F,670,0.6034447602696431,0.6886304909560723,0.8238021638330757,0.7501759324419423,0.6539961013645225
Gender: M,670,0.5436006585550528,0.5790322580645161,0.674812030075188,0.6232638888888888,0.5474452554744526
Age: Adult,670,0.6226463588767255,0.6153846153846154,0.8145454545454546,0.701095461658842,0.5901287553648069
Age: Senior,670,0.5063410121747434,0.6736842105263158,0.7887323943661971,0.7266828872668288,0.6095017381228274
Age: Young,670,0.63134765625,0.6027397260273972,0.6547619047619048,0.6276747503566333,0.6021341463414634
Race: black,670,0.42480598669623054,0.7831775700934579,0.9522727272727273,0.8594871794871795,0.7566607460035524
Race: others,670,0.46317466684494357,0.6459948320413437,0.9025270758122743,0.7530120481927711,0.6264236902050114
Race: white,670,0.5235997208166113,0.4724576271186441,0.48268398268398266,0.47751605995717344,0.503560528992879
Overall,671,0.576733498578223,0.6202797202797202,0.7542517006802721,0.6807367613200307,0.5812783090085556
Gender: F,671,0.6118427069044352,0.6594663278271918,0.8357487922705314,0.7372159090909091,0.6393762183235867
Gender: M,671,0.5285115164425509,0.5723172628304821,0.6630630630630631,0.6143572621035058,0.5192507804370448
Age: Adult,671,0.5782380952380952,0.6540404040404041,0.8222222222222222,0.7285513361462729,0.625242718446602
Age: Senior,671,0.5095927902965106,0.6229773462783171,0.7608695652173914,0.6850533807829181,0.5558343789209536
Age: Young,671,0.6334110915492958,0.5841346153846154,0.6845070422535211,0.6303501945525292,0.5777777777777777
Race: black,671,0.5077508586280517,0.75,0.9629629629629629,0.8432432432432433,0.7304832713754646
Race: others,671,0.4767333516031789,0.5515151515151515,0.8878048780487805,0.680373831775701,0.5535248041775457
Race: white,671,0.5437402826855123,0.5431034482758621,0.5565371024734982,0.5497382198952879,0.5159474671669794
Overall,672,0.595235350940745,0.6532200990799717,0.7659751037344399,0.7051184110007639,0.606323304436512
Gender: F,672,0.6477680018731313,0.6568627450980392,0.8257042253521126,0.7316692667706708,0.6412930135557873
Gender: M,672,0.5382077804778391,0.6494992846924177,0.7127158555729984,0.6796407185628742,0.5728542914171657
Age: Adult,672,0.5818741638466987,0.6040462427745664,0.7977099236641222,0.6875,0.5833333333333334
Age: Senior,672,0.5401599039801765,0.6962750716332379,0.82793867120954,0.756420233463035,0.6321974148061105
Age: Young,672,0.6423440916974588,0.6178861788617886,0.6404494382022472,0.6289655172413793,0.5886850152905199
Race: black,672,0.566048554613121,0.8064516129032258,0.9433962264150944,0.8695652173913043,0.774859287054409
Race: others,672,0.457565880896435,0.5730994152046783,0.8270042194092827,0.6770293609671848,0.5371287128712872
Race: white,672,0.5635703890931372,0.568695652173913,0.6011029411764706,0.5844504021447721,0.5458984375
Overall,673,0.5809377951708028,0.629842180774749,0.7628149435273676,0.6899803536345775,0.5962128966223132
Gender: F,673,0.6048917223234163,0.6599732262382865,0.8081967213114755,0.7266028002947679,0.6344827586206897
Gender: M,673,0.5435332856519194,0.5950540958268934,0.711645101663586,0.6481481481481481,0.5548455804046858
Age: Adult,673,0.5955444859554448,0.5739644970414202,0.7348484848484849,0.6445182724252492,0.556935817805383
Age: Senior,673,0.4734746904471675,0.655223880597015,0.8055045871559633,0.7226337448559671,0.5944645006016848
Age: Young,673,0.6642872561717493,0.6347150259067358,0.716374269005848,0.6730769230769231,0.628125
Race: black,673,0.4713791087728765,0.7376681614349776,0.9320113314447592,0.8235294117647058,0.7056367432150313
Race: others,673,0.4677428703918386,0.6068111455108359,0.8634361233480177,0.7127272727272728,0.58311345646438
Race: white,673,0.5878542240013342,0.5648,0.6182136602451839,0.5903010033444817,0.5529197080291971
Overall,674,0.5566139181266646,0.6106194690265486,0.7256792287467134,0.6631958350020024,0.5720101781170484
Gender: F,674,0.5925856797497155,0.5984455958549223,0.78839590443686,0.6804123711340206,0.5928705440900562
Gender: M,674,0.5187146448774356,0.6267123287671232,0.6594594594594595,0.6426690079016681,0.5472747497219133
Age: Adult,674,0.6008026477783286,0.6054794520547945,0.7809187279151943,0.6820987654320988,0.5912698412698413
Age: Senior,674,0.48016971038553774,0.6645264847512039,0.7582417582417582,0.7082976903336184,0.5861650485436893
Age: Young,674,0.5890039447731755,0.5244565217391305,0.6185897435897436,0.5676470588235294,0.5384615384615384
Race: black,674,0.3712840401315235,0.7274436090225563,0.9462102689486552,0.822529224229543,0.6985559566787004
Race: others,674,0.4410801963993453,0.4913494809688581,0.7553191489361702,0.5953878406708596,0.45938375350140054
Race: white,674,0.5813112745098039,0.5588785046728972,0.5496323529411765,0.5542168674698795,0.5436432637571158
Overall,675,0.6119055141328614,0.6645435244161358,0.7634146341463415,0.7105561861520999,0.6178821178821179
Gender: F,675,0.6476721201160786,0.6657458563535912,0.8169491525423729,0.7336377473363774,0.6475327291037261
Gender: M,675,0.5783557757452574,0.6632801161103048,0.7140625,0.6877351392024078,0.5887016848364718
Age: Adult,675,0.6147092191584866,0.6181818181818182,0.8178694158075601,0.7041420118343196,0.6
Age: Senior,675,0.5256802641360327,0.6972049689440993,0.7728055077452668,0.7330612244897959,0.6097852028639618
Age: Young,675,0.687762442034542,0.65625,0.7039106145251397,0.6792452830188679,0.641566265060241
Race: black,675,0.5532486772486772,0.7578947368421053,0.96,0.8470588235294118,0.7405189620758483
Race: others,675,0.5310964373464373,0.695,0.9025974025974026,0.7853107344632768,0.6666666666666666
Race: white,675,0.5683042957937784,0.5594795539033457,0.5502742230347349,0.5548387096774193,0.5377990430622009
Overall,676,0.5878064701012546,0.6503244412400865,0.7333333333333333,0.6893389377149408,0.592685370741483
Gender: F,676,0.6418113059240605,0.6873350923482849,0.8065015479876161,0.7421652421652422,0.6492248062015504
Gender: M,676,0.5177271088680605,0.6057233704292527,0.6523972602739726,0.6281945589447651,0.5321576763485477
Age: Adult,676,0.5965552231494603,0.5598885793871866,0.7701149425287356,0.6483870967741936,0.5458333333333333
Age: Senior,676,0.53415884602016,0.6983002832861189,0.7825396825396825,0.7380239520958084,0.6128318584070797
Age: Young,676,0.6402638659275828,0.6459627329192547,0.6135693215339233,0.6293494704992436,0.5996732026143791
Race: black,676,0.49657848324514986,0.7610789980732178,0.9404761904761905,0.8413205537806177,0.7315315315315315
Race: others,676,0.5123598481504371,0.6233766233766234,0.7966804979253111,0.6994535519125683,0.5680628272251309
Race: white,676,0.5686596607008356,0.5625,0.5536028119507909,0.5580159433126661,0.5288007554296507
Overall,677,0.5404757143608904,0.633356790992259,0.734094616639478,0.6800151114469211,0.5767116441779111
Gender: F,677,0.5729107842724094,0.6464379947229552,0.8032786885245902,0.716374269005848,0.6116116116116116
Gender: M,677,0.5076752910302134,0.6184012066365008,0.6655844155844156,0.6411258795934324,0.5419161676646707
Age: Adult,677,0.5175396825396825,0.5867507886435331,0.7380952380952381,0.6537785588752196,0.5386416861826698
Age: Senior,677,0.49461203978968005,0.68,0.7981220657276995,0.734341252699784,0.6023706896551724
Age: Young,677,0.5825790660843692,0.576271186440678,0.608955223880597,0.5921625544267054,0.565015479876161
Race: black,677,0.4298997839143825,0.7447619047619047,0.9513381995133819,0.8354700854700855,0.7220216606498195
Race: others,677,0.4497477213541667,0.6317365269461078,0.82421875,0.7152542372881356,0.58
Race: white,677,0.5278380597671486,0.5302491103202847,0.5330948121645797,0.5316681534344335,0.498567335243553
Overall,678,0.5857806452412604,0.6385809312638581,0.7041564792176039,0.6697674418604651,0.5773809523809523
Gender: F,678,0.614174546063091,0.662125340599455,0.7726550079491256,0.7131327953044754,0.6196498054474708
Gender: M,678,0.5540734070834406,0.6106623586429726,0.6321070234113713,0.6211996713229252,0.5334008097165992
Age: Adult,678,0.5796711057304278,0.65527950310559,0.7535714285714286,0.7009966777408638,0.6061269146608315
Age: Senior,678,0.5188981971389379,0.6491228070175439,0.7178130511463845,0.6817420435510888,0.5555555555555556
Age: Young,678,0.6432220597790774,0.6089108910891089,0.6473684210526316,0.6275510204081632,0.5852272727272727
Race: black,678,0.4307486631016043,0.7763157894736842,0.9194805194805195,0.8418549346016647,0.7268993839835729
Race: others,678,0.5390862088344386,0.580327868852459,0.815668202764977,0.6781609195402298,0.5590551181102362
Race: white,678,0.5657682600382409,0.5625,0.5328,0.5472473294987674,0.5200348432055749
Overall,679,0.582867568039239,0.5946969696969697,0.7426679280983917,0.6604964240639462,0.5709728867623605
Gender: F,679,0.6411980345050109,0.6156968876860622,0.8154121863799283,0.7016191210485736,0.620215897939156
Gender: M,679,0.5036381302550004,0.5679862306368331,0.6613226452905812,0.6111111111111112,0.5127610208816705
Age: Adult,679,0.5394573686450873,0.528023598820059,0.7188755020080321,0.608843537414966,0.5064377682403434
Age: Senior,679,0.5064853408689508,0.6258278145695364,0.7957894736842105,0.70064874884152,0.5821474773609314
Age: Young,679,0.6732557800518967,0.6047745358090185,0.6846846846846847,0.6422535211267606,0.6043613707165109
Race: black,679,0.4508295086108889,0.7463917525773196,0.9679144385026738,0.8428405122235157,0.7305389221556886
Race: others,679,0.44467205750224625,0.4925373134328358,0.7542857142857143,0.5959367945823928,0.46407185628742514
Race: white,679,0.5729828323039546,0.5132275132275133,0.5728346456692913,0.5413953488372093,0.52868068833652
Overall,680,0.5627211251577512,0.6058238636363636,0.747589833479404,0.6692820714005492,0.5746720484359233
Gender: F,680,0.5999295407897558,0.631935047361299,0.8236331569664903,0.7151607963246555,0.6164948453608248
Gender: M,680,0.5171551079502967,0.5769805680119582,0.6724738675958188,0.6210780370072405,0.5345849802371542
Age: Adult,680,0.5796463884699179,0.5479876160990712,0.7564102564102564,0.6355475763016158,0.5365296803652968
Age: Senior,680,0.4870939240466386,0.6337625178826896,0.7758318739054291,0.6976377952755906,0.5752212389380531
Age: Young,680,0.6334782268170426,0.6036269430051814,0.6934523809523809,0.6454293628808865,0.6
Race: black,680,0.452085739030023,0.7258064516129032,0.9353348729792148,0.8173562058526741,0.6947723440134908
Race: others,680,0.46866968376354895,0.5743440233236151,0.8640350877192983,0.6900175131348512,0.5402597402597402
Race: white,680,0.528900286259542,0.49506903353057197,0.5229166666666667,0.5086119554204661,0.5169322709163346
Overall,681,0.5407834339591432,0.5885885885885885,0.6938053097345133,0.6368805848903331,0.5498489425981873
Gender: F,681,0.5660184295971097,0.6109550561797753,0.7360406091370558,0.6676899462778204,0.5816425120772947
Gender: M,681,0.5052686564475746,0.5629032258064516,0.647495361781076,0.6022433132010354,0.5152471083070452
Age: Adult,681,0.4763871597294659,0.540453074433657,0.6349809885931559,0.583916083916084,0.5132924335378323
Age: Senior,681,0.5158915316819038,0.6222222222222222,0.7509578544061303,0.6805555555555556,0.553939393939394
Age: Young,681,0.594561893365244,0.5725190839694656,0.6521739130434783,0.6097560975609756,0.5714285714285714
Race: black,681,0.5014742014742014,0.7055214723926381,0.9324324324324325,0.8032596041909197,0.6774809160305344
Race: others,681,0.37603936874257593,0.5342019543973942,0.7699530516431925,0.6307692307692307,0.49340369393139843
Race: white,681,0.5127083958634615,0.5130597014925373,0.5027422303473492,0.5078485687903971,0.5078485687903971
Overall,682,0.5546750457616332,0.6353276353276354,0.7451963241436925,0.6858900422914264,0.5921118322516226
Gender: F,682,0.6012589970224839,0.6288798920377868,0.8048359240069085,0.706060606060606,0.6199804113614104
Gender: M,682,0.5023382766101212,0.6425339366515838,0.6893203883495146,0.6651053864168618,0.5631364562118126
Age: Adult,682,0.5582416559343336,0.5977337110481586,0.7301038062283737,0.6573208722741433,0.5703125
Age: Senior,682,0.4902166193181818,0.6865203761755486,0.7963636363636364,0.7373737373737373,0.6129032258064516
Age: Young,682,0.5997855910341175,0.5883777239709443,0.6787709497206704,0.6303501945525292,0.583941605839416
Race: black,682,0.36676580964548067,0.7624750499001997,0.9455445544554455,0.8441988950276244,0.7329545454545454
Race: others,682,0.4629875025703123,0.5775862068965517,0.7944664031620553,0.6688851913477537,0.5328638497652582
Race: white,682,0.553145237575493,0.5567567567567567,0.5722222222222222,0.5643835616438356,0.5452812202097236
Overall,683,0.5505380524367867,0.6091954022988506,0.7156118143459915,0.6581296080714009,0.5592796398199099
Gender: F,683,0.5823969599076112,0.6587301587301587,0.7830188679245284,0.7155172413793104,0.6188642925890279
Gender: M,683,0.5040595818985193,0.550314465408805,0.6375227686703097,0.5907172995780591,0.4947916666666667
Age: Adult,683,0.5260153397222267,0.5698005698005698,0.6920415224913494,0.625,0.525691699604743
Age: Senior,683,0.49055322610926844,0.6356340288924559,0.7186932849364791,0.6746166950596252,0.5457788347205708
Age: Young,683,0.6226360760987584,0.6028708133971292,0.7304347826086957,0.6605504587155964,0.602760736196319
Race: black,683,0.49628116690431234,0.680672268907563,0.9614243323442137,0.7970479704797048,0.6639511201629328
Race: others,683,0.46960437092385443,0.6137566137566137,0.8467153284671532,0.7116564417177914,0.5756207674943566
Race: white,683,0.5397716386241547,0.5427509293680297,0.5087108013937283,0.5251798561151079,0.504225352112676
Overall,684,0.5961461367542509,0.6259370314842578,0.7273519163763066,0.6728444802578566,0.5867684478371501
Gender: F,684,0.6181899086828665,0.6130374479889042,0.778169014084507,0.6858029480217223,0.6041055718475073
Gender: M,684,0.574973804534197,0.6411092985318108,0.6775862068965517,0.6588432523051132,0.5679405520169851
Age: Adult,684,0.5711065979789974,0.5793871866295265,0.7074829931972789,0.6370597243491577,0.526
Age: Senior,684,0.5454670412562608,0.6709886547811994,0.7855787476280834,0.7237762237762237,0.6098765432098765
Age: Young,684,0.6571007682553889,0.5949720670391061,0.6513761467889908,0.621897810218978,0.6045801526717557
Race: black,684,0.5292079813930715,0.7871396895787139,0.9125964010282777,0.8452380952380952,0.7368421052631579
Race: others,684,0.47498274672187724,0.5857605177993528,0.8379629629629629,0.6895238095238095,0.5676392572944297
Race: white,684,0.5502050515887738,0.5209059233449478,0.5506445672191529,0.5353625783348255,0.5255941499085923
Overall,685,0.5807081316045711,0.6505939902166318,0.7575264442636289,0.7,0.6033797216699801
Gender: F,685,0.6340526051910987,0.7,0.8253731343283582,0.7575342465753425,0.6650898770104068
Gender: M,685,0.5049850020780253,0.5897035881435257,0.6762075134168157,0.63,0.5350785340314136
Age: Adult,685,0.5845891868880375,0.547550432276657,0.7279693486590039,0.625,0.5308641975308642
Age: Senior,685,0.5235786571630299,0.718562874251497,0.7907742998352554,0.7529411764705882,0.6302816901408451
Age: Young,685,0.6362739284734452,0.6274038461538461,0.7229916897506925,0.6718146718146718,0.6216617210682492
Race: black,685,0.4597767513471901,0.7563176895306859,0.9676674364896074,0.8490374873353597,0.7417677642980935
Race: others,685,0.514044235135817,0.6475903614457831,0.849802371541502,0.7350427350427351,0.6065989847715736
Race: white,685,0.5425902505047815,0.544954128440367,0.5469613259668509,0.5459558823529411,0.5254562920268973
Overall,686,0.5802365950880802,0.6147123088128187,0.7596759675967597,0.679549114331723,0.5920041004613019
Gender: F,686,0.5951720037905202,0.6296296296296297,0.8139963167587477,0.7100401606425703,0.6219895287958115
Gender: M,686,0.5574157562195603,0.5991058122205664,0.7077464788732394,0.648910411622276,0.5632530120481928
Age: Adult,686,0.6264101849270515,0.5759312320916905,0.788235294117647,0.6655629139072847,0.5665236051502146
Age: Senior,686,0.5028508771929825,0.668769716088328,0.8153846153846154,0.7348353552859619,0.6198757763975156
Age: Young,686,0.6194023394241418,0.5615384615384615,0.6517857142857143,0.6033057851239669,0.5764705882352941
Race: black,686,0.42583184108607836,0.7736220472440944,0.9656019656019657,0.8590163934426229,0.7542857142857143
Race: others,686,0.4078414498329452,0.5797546012269938,0.7941176470588235,0.6702127659574468,0.5396039603960396
Race: white,686,0.551500216136104,0.48608534322820035,0.5622317596566524,0.5213930348258706,0.5293542074363993
Overall,687,0.5552881541543576,0.6106399383191982,0.7002652519893899,0.6523887973640856,0.5649484536082474
Gender: F,687,0.6090781554977228,0.6297872340425532,0.7655172413793103,0.6910505836575875,0.6045816733067729
Gender: M,687,0.48976359393782265,0.5878378378378378,0.631578947368421,0.6089238845144357,0.5224358974358975
Age: Adult,687,0.5660088751428765,0.5821325648414986,0.7266187050359713,0.6464,0.5508130081300813
Age: Senior,687,0.4664008698803914,0.6203703703703703,0.7204301075268817,0.6666666666666666,0.5423497267759563
Age: Young,687,0.6162701156650741,0.6219512195121951,0.6572164948453608,0.6390977443609023,0.5977653631284916
Race: black,687,0.4782665964172813,0.714902807775378,0.9093406593406593,0.8004836759371221,0.6764705882352942
Race: others,687,0.43676531395829643,0.5120274914089347,0.7129186602870813,0.596,0.4555256064690027
Race: white,687,0.5625272751987066,0.574585635359116,0.5591397849462365,0.5667574931880109,0.5495750708215298
Overall,688,0.580381032063517,0.6093272171253823,0.7258652094717668,0.6625103906899418,0.5801447776628749
Gender: F,688,0.5846040119491932,0.614010989010989,0.7627986348122867,0.680365296803653,0.5942028985507246
Gender: M,688,0.5685208737080103,0.603448275862069,0.68359375,0.6410256410256411,0.5639599555061179
Age: Adult,688,0.5797043010752688,0.6532951289398281,0.7354838709677419,0.6919575113808801,0.5956175298804781
Age: Senior,688,0.5200104049515328,0.5849387040280211,0.789598108747045,0.6720321931589537,0.5546448087431693
Age: Young,688,0.6324228174197506,0.6056701030927835,0.6438356164383562,0.6241699867197875,0.5957142857142858
Race: black,688,0.4567135373586987,0.7327586206896551,0.9686609686609686,0.8343558282208589,0.7157894736842105
Race: others,688,0.45712432580050516,0.5400696864111498,0.7989690721649485,0.6444906444906445,0.5043478260869565
Race: white,688,0.5708757611214796,0.5421903052064632,0.546112115732369,0.5441441441441441,0.5457809694793537
Overall,689,0.5774356617647058,0.6094968107725017,0.7465277777777778,0.6710885680842762,0.5824665676077266
Gender: F,689,0.6060174424379682,0.6401673640167364,0.7714285714285715,0.6996951219512195,0.6129666011787819
Gender: M,689,0.5390788005240428,0.5778097982708934,0.7199281867145422,0.6410871302957634,0.5514485514485514
Age: Adult,689,0.5183847402597402,0.5591397849462365,0.7563636363636363,0.642967542503864,0.5370741482965932
Age: Senior,689,0.5231993042766523,0.6569230769230769,0.7863720073664825,0.7158424140821459,0.592057761732852
Age: Young,689,0.6506030193134857,0.5784061696658098,0.6736526946107785,0.6224066390041494,0.6037735849056604
Race: black,689,0.44677771208383454,0.703125,0.9183673469387755,0.7964601769911505,0.668724279835391
Race: others,689,0.5044002374081578,0.6112531969309463,0.8951310861423221,0.7264437689969605,0.6
Race: white,689,0.5747846341679683,0.534965034965035,0.5645756457564576,0.5493716337522442,0.5364727608494921
Overall,690,0.6114041740782687,0.6313755795981453,0.7585886722376973,0.6891606916912695,0.6112869198312236
Gender: F,690,0.6578688817434798,0.6981919332406119,0.8070739549839229,0.7486950037285608,0.668958742632613
Gender: M,690,0.5308445691424415,0.5478260869565217,0.6923076923076923,0.6116504854368932,0.5444191343963554
Age: Adult,690,0.5915806164674943,0.5688073394495413,0.7948717948717948,0.6631016042780749,0.5846153846153846
Age: Senior,690,0.6047976637463497,0.7019867549668874,0.8201160541586073,0.7564674397859055,0.6463730569948186
Age: Young,690,0.6139664454738951,0.5702479338842975,0.6349693251533742,0.6008708272859217,0.5889387144992526
Race: black,690,0.49670905145357697,0.7572815533980582,0.9582309582309583,0.8459869848156182,0.7389705882352942
Race: others,690,0.5480043720471052,0.532258064516129,0.7586206896551724,0.6255924170616114,0.5311572700296736
Race: white,690,0.5896167412517871,0.5555555555555556,0.594758064516129,0.5744888023369036,0.5694581280788177
Overall,691,0.5947507435647084,0.5995370370370371,0.7323279924599434,0.6593126856173102,0.5764767932489452
Gender: F,691,0.6492234851973988,0.6268656716417911,0.7969639468690702,0.7017543859649122,0.6198083067092651
Gender: M,691,0.531250830079422,0.5702875399361023,0.6685393258426966,0.6155172413793103,0.5339602925809822
Age: Adult,691,0.5216206123973115,0.47619047619047616,0.717948717948718,0.5725971370143149,0.47880299251870323
Age: Senior,691,0.5348613940177117,0.6617886178861788,0.7933723196881092,0.7216312056737588,0.5974358974358974
Age: Young,691,0.6643568153005807,0.5943152454780362,0.6515580736543909,0.6216216216216216,0.6083916083916084
Race: black,691,0.6017725975839252,0.7714285714285715,0.9195046439628483,0.8389830508474576,0.731764705882353
Race: others,691,0.49179664245743543,0.5657142857142857,0.8722466960352423,0.6863084922010398,0.5606796116504854
Race: white,691,0.5433260245404032,0.5026737967914439,0.5518590998043053,0.5261194029850746,0.5203021718602455
Overall,692,0.5615511786574466,0.6280264123257521,0.7291311754684838,0.6748127709893575,0.5845921450151057
Gender: F,692,0.5810976117167346,0.6567967698519516,0.8,0.721359940872136,0.6245019920318725
Gender: M,692,0.5316158505548203,0.5935483870967742,0.6524822695035462,0.6216216216216216,0.5437881873727087
Age: Adult,692,0.559425057208238,0.6335227272727273,0.7335526315789473,0.6798780487804879,0.569672131147541
Age: Senior,692,0.43455081361549536,0.6359300476947536,0.7633587786259542,0.6938421509106678,0.5614906832298137
Age: Young,692,0.6533249487764655,0.6099476439790575,0.6734104046242775,0.6401098901098901,0.6219336219336219
Race: black,692,0.4891091749644382,0.7301587301587301,0.968421052631579,0.832579185520362,0.7196969696969697
Race: others,692,0.46714929214929213,0.5765472312703583,0.8428571428571429,0.6847195357833655,0.5446927374301676
Race: white,692,0.5543249575236275,0.5634057971014492,0.5325342465753424,0.5475352112676056,0.5327272727272727
Overall,693,0.5942043888362477,0.6596669080376538,0.7376518218623481,0.6964831804281345,0.6004026170105687
Gender: F,693,0.6685647628802289,0.681757656458056,0.8407224958949097,0.7529411764705882,0.6683119447186574
Gender: M,693,0.509860085931475,0.6333333333333333,0.6373801916932907,0.6353503184713376,0.5297741273100616
Age: Adult,693,0.5801993582748343,0.6708542713567839,0.7784256559766763,0.7206477732793523,0.603448275862069
Age: Senior,693,0.49711702364188837,0.6567164179104478,0.7689320388349514,0.7084078711985689,0.5804375804375804
Age: Young,693,0.663688623163066,0.6526315789473685,0.6578249336870027,0.655217965653897,0.6206395348837209
Race: black,693,0.44556626169529395,0.7995594713656388,0.9428571428571428,0.865315852205006,0.7635983263598326
Race: others,693,0.558502676222444,0.6629834254143646,0.821917808219178,0.7339449541284404,0.6072234762979684
Race: white,693,0.5428114328450879,0.5451327433628319,0.5519713261648745,0.5485307212822796,0.524390243902439
Overall,694,0.5832524485057365,0.6001467351430667,0.7567067530064755,0.6693944353518821,0.5822130299896587
Gender: F,694,0.6302975224246857,0.6152832674571805,0.8150087260034904,0.7012012012012012,0.6139670223084384
Gender: M,694,0.5228944483205423,0.5811258278145696,0.6909448818897638,0.6312949640287769,0.5459579180509413
Age: Adult,694,0.5880618212197158,0.6026315789473684,0.8035087719298246,0.6887218045112782,0.5818181818181818
Age: Senior,694,0.5161073584363323,0.6422764227642277,0.8061224489795918,0.7149321266968326,0.5930232558139535
Age: Young,694,0.610469350228485,0.5271739130434783,0.6339869281045751,0.5756676557863502,0.5699248120300752
Race: black,694,0.440034520187192,0.7398058252427184,0.9694656488549618,0.8392070484581498,0.7276119402985075
Race: others,694,0.5137884978001257,0.5631067961165048,0.7837837837837838,0.655367231638418,0.5355329949238579
Race: white,694,0.5430042120714138,0.48794063079777367,0.5643776824034334,0.5233830845771145,0.5229083665338645
Overall,695,0.5465274531193185,0.6444749485243652,0.7560386473429952,0.6958132641719156,0.5929598413485374
Gender: F,695,0.5781647967243769,0.6735483870967742,0.8246445497630331,0.7414772727272727,0.6448780487804878
Gender: M,695,0.5010203775396898,0.6114369501466276,0.6847290640394089,0.6460108443067389,0.5393145161290323
Age: Adult,695,0.5554830040124158,0.597667638483965,0.7915057915057915,0.6810631229235881,0.5853131749460043
Age: Senior,695,0.4909218734021884,0.6738255033557047,0.7905511811023622,0.7275362318840579,0.601272534464475
Age: Young,695,0.6081246449018837,0.6287262872628726,0.6666666666666666,0.6471408647140865,0.5859247135842881
Race: black,695,0.41151536151536144,0.7720739219712526,0.9641025641025641,0.8574686431014823,0.7504990019960079
Race: others,695,0.44536756744812955,0.6164383561643836,0.8302583025830258,0.7075471698113207,0.5753424657534246
Race: white,695,0.5259301073220736,0.5586776859504132,0.5817555938037866,0.5699831365935919,0.5269016697588126
Overall,696,0.5800192021778673,0.6669014084507042,0.7404222048475372,0.7017413856984068,0.6075085324232082
Gender: F,696,0.6032598039215685,0.6587412587412588,0.7696078431372549,0.7098718914845517,0.6195652173913043
Gender: M,696,0.5545332172623365,0.675177304964539,0.7136431784107946,0.6938775510204082,0.5957651588065448
Age: Adult,696,0.5493097550546697,0.643979057591623,0.7663551401869159,0.6998577524893315,0.5980952380952381
Age: Senior,696,0.5319734946343402,0.724087591240876,0.7885532591414944,0.7549467275494672,0.6361581920903955
Age: Young,696,0.6329982074662927,0.5807365439093485,0.6231003039513677,0.6011730205278593,0.5756630265210608
Race: black,696,0.4403383097900068,0.7749469214437368,0.9530026109660574,0.8548009367681498,0.752
Race: others,696,0.44127604166666673,0.5861027190332326,0.8083333333333333,0.6795096322241682,0.5425
Race: white,696,0.6073093742301059,0.627831715210356,0.5914634146341463,0.609105180533752,0.5673327541268463
Overall,697,0.5738358824203493,0.5853479853479854,0.735050597976081,0.6517128874388255,0.5611510791366906
Gender: F,697,0.6030904705816367,0.6148648648648649,0.803886925795053,0.6967840735068913,0.6067527308838133
Gender: M,697,0.5331668028910175,0.5504,0.6602687140115163,0.6003490401396161,0.5122470713525027
Age: Adult,697,0.5539989811512991,0.5938303341902313,0.7649006622516556,0.6685962373371924,0.5509803921568628
Age: Senior,697,0.5207601993189498,0.59375,0.742798353909465,0.659963436928702,0.5344180225281602
Age: Young,697,0.6279610536106549,0.5625,0.6923076923076923,0.6206896551724138,0.6028257456828885
Race: black,697,0.47194403231124293,0.7052401746724891,0.9584569732937686,0.8125786163522013,0.6902286902286903
Race: others,697,0.5508437636216452,0.5637583892617449,0.8316831683168316,0.672,0.5457063711911357
Race: white,697,0.5419625978049677,0.5057471264367817,0.5620437956204379,0.5324114088159032,0.509963768115942
Overall,698,0.5751403893693279,0.6301969365426696,0.7372013651877133,0.6795123869445536,0.5862944162436549
Gender: F,698,0.623887284213371,0.6416666666666667,0.8076923076923077,0.7151702786377709,0.6267748478701826
Gender: M,698,0.5175000000000001,0.6175115207373272,0.67,0.6426858513189448,0.5457317073170732
Age: Adult,698,0.6023519163763067,0.5753012048192772,0.7764227642276422,0.6608996539792388,0.5701754385964912
Age: Senior,698,0.4487484829664914,0.6503703703703704,0.7328881469115192,0.6891679748822606,0.5560538116591929
Age: Young,698,0.6779194526512206,0.6428571428571429,0.7155963302752294,0.6772793053545586,0.6414790996784566
Race: black,698,0.5379268483709273,0.7680311890838206,0.9874686716791979,0.8640350877192983,0.7647058823529411
Race: others,698,0.505083022704168,0.5863095238095238,0.8678414096916299,0.6998223801065719,0.5732323232323232
Race: white,698,0.5118225088284968,0.5229885057471264,0.5,0.5112359550561798,0.501432664756447
Overall,699,0.5872904856560898,0.6280864197530864,0.7254901960784313,0.6732837055417701,0.5887558563248309
Gender: F,699,0.6373640635488924,0.6456456456456456,0.7889908256880734,0.7101568951279934,0.6324607329842932
Gender: M,699,0.5326839026433151,0.6095238095238096,0.6655112651646448,0.6362883181441591,0.5455486542443064
Age: Adult,699,0.5604179449236655,0.5956112852664577,0.7063197026022305,0.6462585034013606,0.5621052631578948
Age: Senior,699,0.5462937229523167,0.6635658914728683,0.8014981273408239,0.726039016115352,0.6046511627906976
Age: Young,699,0.6283850743250076,0.5903614457831325,0.6144200626959248,0.6021505376344086,0.5882352941176471
Race: black,699,0.5006106248727865,0.7378378378378379,0.9446366782006921,0.8285280728376327,0.710997442455243
Race: others,699,0.5064603365384617,0.5886524822695035,0.7980769230769231,0.6775510204081633,0.5511363636363636
Race: white,699,0.5829019891500905,0.5822981366459627,0.6,0.5910165484633569,0.5594227504244482
Overall,700,0.5920213825619232,0.6301564722617354,0.7724498692240628,0.6940853897375636,0.6017338092809791
Gender: F,700,0.6207953923471166,0.6596931659693166,0.7962962962962963,0.7215865751334859,0.635
Gender: M,700,0.5546971953338298,0.5994194484760522,0.7468354430379747,0.6650563607085346,0.5671175858480749
Age: Adult,700,0.5967910396481825,0.6100478468899522,0.8095238095238095,0.6957708049113234,0.5915750915750916
Age: Senior,700,0.5499040678333257,0.6769983686786297,0.8283433133732535,0.7450628366247756,0.6258234519104084
Age: Young,700,0.6249872182198467,0.576,0.6525679758308157,0.6118980169971672,0.5823170731707317
Race: black,700,0.4760102763505069,0.7591397849462366,0.9313984168865436,0.8364928909952607,0.7200811359026369
Race: others,700,0.4846844059405941,0.5650793650793651,0.8811881188118812,0.688588007736944,0.5552486187845304
Race: white,700,0.5755578458316974,0.5670926517571885,0.627208480565371,0.5956375838926175,0.5641952983725136
Overall,701,0.5878409090909091,0.603264726756565,0.7727272727272727,0.6775607811877242,0.5777661795407099
Gender: F,701,0.6175526116219546,0.6606683804627249,0.8344155844155844,0.7374461979913917,0.6436222005842259
Gender: M,701,0.5404627078869503,0.5324881141045958,0.6942148760330579,0.6026905829596413,0.5016872890888638
Age: Adult,701,0.6239379440336378,0.6307339449541285,0.8333333333333334,0.7180156657963447,0.5992578849721707
Age: Senior,701,0.48715852374388957,0.5848056537102474,0.8132678132678133,0.6803699897225077,0.5518731988472623
Age: Young,701,0.6410339187327823,0.5995085995085995,0.6721763085399449,0.6337662337662338,0.5871156661786238
Race: black,701,0.4365164319248826,0.7725563909774437,0.9647887323943662,0.8580375782881002,0.7531760435571688
Race: others,701,0.5554112554112554,0.5775577557755776,0.8333333333333334,0.682261208576998,0.5521978021978022
Race: white,701,0.5210119276953702,0.45993031358885017,0.5689655172413793,0.5086705202312138,0.4905094905094905
Overall,702,0.5507578755961091,0.5952045133991537,0.7345517841601392,0.6575769380599922,0.5605
Gender: F,702,0.570048420213907,0.621859296482412,0.8305369127516778,0.7112068965517241,0.6112185686653772
Gender: M,702,0.5195631138102098,0.5610932475884244,0.6311030741410488,0.5940425531914894,0.5062111801242236
Age: Adult,702,0.5144257127192983,0.5393586005830904,0.8114035087719298,0.647985989492119,0.5214285714285715
Age: Senior,702,0.46536049316537126,0.6124260355029586,0.7212543554006968,0.6624,0.5305895439377085
Age: Young,702,0.657699011199503,0.6140350877192983,0.7060518731988472,0.6568364611260054,0.6240822320117474
Race: black,702,0.4514886222047347,0.7298850574712644,0.9744245524296675,0.8346111719605696,0.7239488117001828
Race: others,702,0.4654620577281191,0.5179153094462541,0.828125,0.6372745490981964,0.5121293800539084
Race: white,702,0.5438100912153834,0.5161290322580645,0.5371024734982333,0.5264069264069264,0.4944547134935305
Overall,703,0.6117774073879844,0.6423584173778123,0.7353463587921847,0.6857142857142857,0.6015748031496063
Gender: F,703,0.6601500616088717,0.6960926193921853,0.8043478260869565,0.7463149728471683,0.6656441717791411
Gender: M,703,0.5543831168831168,0.580267558528428,0.6571969696969697,0.6163410301953819,0.5339805825242718
Age: Adult,703,0.6266654330125833,0.6041055718475073,0.8174603174603174,0.6947723440134908,0.5932584269662922
Age: Senior,703,0.5331405007277165,0.6920473773265652,0.7546125461254612,0.7219770520741394,0.6027742749054225
Age: Young,703,0.6760519690703112,0.5966386554621849,0.641566265060241,0.6182873730043541,0.6056971514242878
Race: black,703,0.5343297795740134,0.7815845824411135,0.958005249343832,0.8608490566037735,0.7611336032388664
Race: others,703,0.5335123743928453,0.6083086053412463,0.8798283261802575,0.7192982456140351,0.6
Race: white,703,0.5684043868987976,0.5319587628865979,0.50390625,0.5175526579739218,0.5242334322453017
Overall,704,0.5823005800559486,0.6275191104933981,0.7652542372881356,0.6895761741122566,0.594311377245509
Gender: F,704,0.6418056555269923,0.6889460154241646,0.8576,0.7640769779044904,0.6735700197238659
Gender: M,704,0.5011763487625557,0.5552193645990923,0.6612612612612613,0.6036184210526315,0.5131313131313131
Age: Adult,704,0.5743861338468945,0.6201117318435754,0.7956989247311828,0.6970172684458399,0.5979166666666667
Age: Senior,704,0.4845270737611778,0.6150306748466258,0.7726396917148363,0.6848847139197267,0.555956678700361
Age: Young,704,0.6718868369219374,0.6526806526806527,0.7329842931937173,0.6905055487053021,0.6378066378066378
Race: black,704,0.5533192493624148,0.7458677685950413,0.955026455026455,0.8375870069605569,0.7292069632495164
Race: others,704,0.4560124428890833,0.6016483516483516,0.8622047244094488,0.7087378640776699,0.5673076923076923
Race: white,704,0.5596397817197246,0.5465313028764806,0.5894160583941606,0.5671641791044776,0.5396825396825397
Overall,705,0.5419007490636705,0.5910493827160493,0.698905109489051,0.6404682274247492,0.5466526093832367
Gender: F,705,0.5698129159621168,0.5816901408450704,0.7619926199261993,0.6597444089456869,0.5675126903553299
Gender: M,705,0.5130891636246294,0.6023890784982935,0.6371841155234657,0.6192982456140351,0.5241228070175439
Age: Adult,705,0.5183649798092619,0.5082508250825083,0.6814159292035398,0.5822306238185255,0.48842592592592593
Age: Senior,705,0.4800450031663904,0.6277258566978193,0.7764932562620424,0.694229112833764,0.5590062111801242
Age: Young,705,0.603375469071262,0.5954415954415955,0.5954415954415955,0.5954415954415955,0.5696969696969697
Race: black,705,0.4809136818876252,0.7207207207207207,0.9302325581395349,0.8121827411167513,0.6923076923076923
Race: others,705,0.48840988450174594,0.5555555555555556,0.7990867579908676,0.6554307116104869,0.5269922879177378
Race: white,705,0.5037371535347244,0.5046554934823091,0.5084427767354597,0.5065420560747663,0.48588120740019475
Overall,706,0.585307267565332,0.6061746987951807,0.7252252252252253,0.660377358490566,0.5678496868475992
Gender: F,706,0.6269992391946514,0.6218487394957983,0.8058076225045372,0.7019762845849803,0.614519427402863
Gender: M,706,0.5406091729955018,0.5879478827361564,0.6457960644007156,0.6155157715260017,0.5191897654584222
Age: Adult,706,0.6088041237113402,0.591304347826087,0.816,0.6857142857142857,0.5788288288288288
Age: Senior,706,0.5185144904356727,0.5969387755102041,0.7163265306122449,0.6512059369202227,0.5352286773794809
Age: Young,706,0.6478138548104417,0.6329113924050633,0.6756756756756757,0.6535947712418301,0.6003016591251885
Race: black,706,0.45925530969519235,0.7430406852248393,0.9559228650137741,0.8361445783132531,0.7207392197125256
Race: others,706,0.5642739273927393,0.5886287625418061,0.8712871287128713,0.7025948103792415,0.5767045454545454
Race: white,706,0.5393598675588053,0.501779359430605,0.5174311926605505,0.5094850948509485,0.4958217270194986
Overall,707,0.5980247904405208,0.6523636363636364,0.7450166112956811,0.6956184567661885,0.6084788029925187
Gender: F,707,0.6420660483674463,0.6635006784260515,0.8042763157894737,0.7271375464684015,0.6471153846153846
Gender: M,707,0.5487986759062221,0.6394984326018809,0.6845637583892618,0.6612641815235009,0.566839378238342
Age: Adult,707,0.5137017070979335,0.6279683377308707,0.7484276729559748,0.6829268292682927,0.5758157389635317
Age: Senior,707,0.6051762412691537,0.6699507389162561,0.8063241106719368,0.7318385650224215,0.62531328320802
Age: Young,707,0.6513587891296869,0.648578811369509,0.6605263157894737,0.6544980443285529,0.6137026239067055
Race: black,707,0.5168209581981293,0.7393258426966293,0.9733727810650887,0.8403575989782887,0.7294372294372294
Race: others,707,0.46488560267857143,0.6911764705882353,0.8392857142857143,0.7580645161290323,0.6323529411764706
Race: white,707,0.5752982462684247,0.5644067796610169,0.568259385665529,0.5663265306122449,0.5506607929515418
Overall,708,0.5795446653126939,0.6279569892473118,0.7512864493996569,0.6841077704021866,0.5916203937405351
Gender: F,708,0.615189717705134,0.6187919463087248,0.7920962199312714,0.694800301431801,0.6009852216748769
Gender: M,708,0.5445608907695618,0.6384615384615384,0.7106164383561644,0.6726094003241491,0.5817805383022774
Age: Adult,708,0.5692114734431235,0.6149253731343284,0.7773584905660378,0.6866666666666666,0.5707762557077626
Age: Senior,708,0.4986492372163104,0.6666666666666666,0.7979094076655052,0.7264076130055511,0.603448275862069
Age: Young,708,0.6422946385957469,0.5683646112600537,0.6483180428134556,0.6057142857142858,0.5898959881129272
Race: black,708,0.4668237853517041,0.7673469387755102,0.9543147208121827,0.8506787330316742,0.7461538461538462
Race: others,708,0.5224517906336088,0.6005747126436781,0.8636363636363636,0.7084745762711865,0.5773955773955773
Race: white,708,0.5429821402851793,0.5224416517055656,0.5490566037735849,0.5354185832566697,0.5208728652751423
Overall,709,0.5540873570634836,0.5951293759512938,0.7148080438756855,0.6495016611295681,0.5581151832460733
Gender: F,709,0.6037362637362638,0.5980926430517711,0.812962962962963,0.6891679748822606,0.6020100502512563
Gender: M,709,0.4942073262197866,0.5913793103448276,0.6191335740072202,0.6049382716049383,0.5103825136612021
Age: Adult,709,0.5724325678877347,0.5870967741935483,0.7711864406779662,0.6666666666666666,0.5687203791469194
Age: Senior,709,0.4898204492524979,0.625,0.7375478927203065,0.6766256590509666,0.5555555555555556
Age: Young,709,0.6068213550852438,0.5541237113402062,0.6398809523809523,0.5939226519337016,0.5545454545454546
Race: black,709,0.4607241917309525,0.6995412844036697,0.9186746987951807,0.7942708333333334,0.6645435244161358
Race: others,709,0.4613282095691708,0.625,0.8669354838709677,0.7263513513513513,0.5919395465994962
Race: white,709,0.5134252299257163,0.49063670411985016,0.5097276264591439,0.5,0.4971209213051823
Overall,710,0.5644153651329675,0.624,0.7460869565217392,0.6796039603960397,0.5901722391084093
Gender: F,710,0.5861036238394729,0.6168741355463347,0.7650085763293311,0.6830015313935681,0.595703125
Gender: M,710,0.5404676714511353,0.6319018404907976,0.7266313932980599,0.6759639048400328,0.5842105263157895
Age: Adult,710,0.6061713882684848,0.6,0.8170212765957446,0.6918918918918919,0.5889423076923077
Age: Senior,710,0.4980560155518756,0.6638054363376252,0.770764119601329,0.7132974634896234,0.5967567567567568
Age: Young,710,0.5981379792332269,0.5674157303370787,0.645367412140575,0.6038863976083707,0.5813586097946287
Race: black,710,0.40072613113496935,0.7097505668934241,0.9601226993865031,0.8161668839634941,0.6894273127753304
Race: others,710,0.5199349261849262,0.5946745562130178,0.8589743589743589,0.7027972027972028,0.5853658536585366
Race: white,710,0.5617584745762711,0.5771812080536913,0.5830508474576271,0.5801011804384486,0.5513513513513514
Overall,711,0.5777253743345101,0.5792227204783259,0.7553606237816765,0.6556683587140439,0.5690841715193224
Gender: F,711,0.6034558128544423,0.6031957390146472,0.8206521739130435,0.6953184957789716,0.607707509881423
Gender: M,711,0.5402257331616254,0.5485519591141397,0.679324894514768,0.6069745523091423,0.5245153933865451
Age: Adult,711,0.6264711429649189,0.5575221238938053,0.7842323651452282,0.6517241379310345,0.561822125813449
Age: Senior,711,0.5077863373895787,0.6286173633440515,0.8028747433264887,0.7051397655545536,0.5834394904458599
Age: Young,711,0.6130483416010116,0.5172413793103449,0.6543624161073825,0.5777777777777777,0.5567651632970451
Race: black,711,0.4546487691911828,0.7266811279826464,0.9410112359550562,0.8200734394124847,0.6981519507186859
Race: others,711,0.5378657487091222,0.5017064846416383,0.8855421686746988,0.6405228758169934,0.5161290322580645
Race: white,711,0.5474480636060528,0.5017123287671232,0.5813492063492064,0.5386029411764706,0.5268614514608859
Overall,712,0.5715926289654703,0.6222707423580786,0.7233502538071066,0.6690140845070423,0.5722952477249748
Gender: F,712,0.5998803451098935,0.6605981794538361,0.8037974683544303,0.7251962883654532,0.6276595744680851
Gender: M,712,0.519688509460083,0.5735537190082645,0.6309090909090909,0.6008658008658009,0.5116525423728814
Age: Adult,712,0.6182645085425744,0.6731301939058172,0.7689873417721519,0.7178729689807977,0.6172344689378757
Age: Senior,712,0.503538856165685,0.6434359805510534,0.7462406015037594,0.6910356832027851,0.5611866501854141
Age: Young,712,0.5907559880239521,0.5429292929292929,0.6437125748502994,0.589041095890411,0.5522388059701493
Race: black,712,0.4684107560704284,0.7556008146639511,0.9321608040201005,0.8346456692913385,0.722117202268431
Race: others,712,0.5163086419753087,0.5473372781065089,0.8222222222222222,0.6571936056838366,0.5234567901234568
Race: white,712,0.5536838610921564,0.5486238532110091,0.5348837209302325,0.5416666666666666,0.5153256704980843
Overall,713,0.5533700357530934,0.6443484521238301,0.7372322899505767,0.6876680752977334,0.58646998982706
Gender: F,713,0.576393306258257,0.6657929226736566,0.7912772585669782,0.7231316725978648,0.6201171875
Gender: M,713,0.5192118692118692,0.6182108626198083,0.6765734265734266,0.6460767946577629,0.5498938428874734
Age: Adult,713,0.5706150182123844,0.6258823529411764,0.8012048192771084,0.702774108322325,0.5886654478976234
Age: Senior,713,0.47346161143435367,0.6869851729818781,0.7779850746268657,0.7296587926509186,0.5997409326424871
Age: Young,713,0.5962158892324235,0.5938375350140056,0.6127167630057804,0.6031294452347084,0.5687789799072643
Race: black,713,0.43850536193029493,0.7370689655172413,0.9168900804289544,0.8172043010752689,0.6946107784431138
Race: others,713,0.49811422413793105,0.5686900958466453,0.7672413793103449,0.653211009174312,0.5275
Race: white,713,0.5575666897127878,0.6127450980392157,0.6157635467980296,0.6142506142506142,0.5577464788732395
Overall,714,0.5962397603134763,0.6064227035100822,0.737511353315168,0.6655737704918033,0.5789473684210527
Gender: F,714,0.6251909219960109,0.6340057636887608,0.7985480943738656,0.7068273092369478,0.6178010471204188
Gender: M,714,0.5586605080831408,0.5767441860465117,0.6763636363636364,0.6225941422594142,0.5412004069175992
Age: Adult,714,0.5777429149797572,0.5501519756838906,0.7327935222672065,0.6284722222222222,0.5212527964205816
Age: Senior,714,0.5056751493811353,0.6450567260940032,0.7537878787878788,0.6951965065502184,0.5701970443349754
Age: Young,714,0.6759111211526097,0.5928753180661578,0.7147239263803681,0.6481223922114048,0.6273932253313697
Race: black,714,0.543497506684975,0.7524366471734892,0.9554455445544554,0.8418756815703381,0.7319778188539742
Race: others,714,0.5287276040085028,0.4950166112956811,0.8370786516853933,0.6221294363256785,0.5013774104683195
Race: white,714,0.5522625661746825,0.5276190476190477,0.5337186897880539,0.5306513409961686,0.5261121856866537
Overall,715,0.600610272547271,0.6045977011494252,0.7408450704225352,0.6658227848101266,0.583596214511041
Gender: F,715,0.6373597554964016,0.6347222222222222,0.7947826086956522,0.7057915057915058,0.625
Gender: M,715,0.546206967635539,0.5675213675213675,0.6775510204081633,0.6176744186046511,0.536117381489842
Age: Adult,715,0.5400049603174603,0.4940119760479042,0.6875,0.5749128919860628,0.5040650406504065
Age: Senior,715,0.5529668256302833,0.6495016611295681,0.8045267489711934,0.71875,0.598951507208388
Age: Young,715,0.6761866452131938,0.6314363143631436,0.6873156342182891,0.6581920903954802,0.6259659969088099
Race: black,715,0.4646312857352295,0.7511111111111111,0.9415041782729805,0.8355995055624228,0.718816067653277
Race: others,715,0.5170332113417929,0.5055350553505535,0.8106508875739645,0.6227272727272727,0.5146198830409356
Race: white,715,0.59044354156086,0.5376712328767124,0.5847299813780261,0.56021409455843,0.546458141674333
Overall,716,0.5954569058854542,0.5968871595330739,0.7297811607992388,0.6566780821917808,0.5761099365750528
Gender: F,716,0.6068081295153362,0.6032448377581121,0.7673545966228893,0.6754748142031379,0.5969230769230769
Gender: M,716,0.5829801337320135,0.5897858319604613,0.6911196911196911,0.6364444444444445,0.5539803707742639
Age: Adult,716,0.6523750285975749,0.6026666666666667,0.8014184397163121,0.6879756468797564,0.6132075471698113
Age: Senior,716,0.5144235942964757,0.5972222222222222,0.7288135593220338,0.6564885496183206,0.542566709021601
Age: Young,716,0.632179105200688,0.5898203592814372,0.6632996632996633,0.624405705229794,0.5878260869565217
Race: black,716,0.49952980048290757,0.7004830917874396,0.9508196721311475,0.8066759388038943,0.6797235023041475
Race: others,716,0.5744646245595012,0.636085626911315,0.8739495798319328,0.736283185840708,0.6208651399491094
Race: white,716,0.5494688220076619,0.4944852941176471,0.5295275590551181,0.5114068441064639,0.5173708920187794
Overall,717,0.575269523836501,0.6037453183520599,0.7497674418604651,0.6688796680497925,0.5791139240506329
Gender: F,717,0.625434346847361,0.655223880597015,0.7797513321492007,0.7120843471208435,0.6271008403361344
Gender: M,717,0.5144517686631944,0.5518796992481203,0.716796875,0.6236193712829227,0.5307203389830508
Age: Adult,717,0.5388951654662713,0.5414012738853503,0.776255707762557,0.6378986866791745,0.5326876513317191
Age: Senior,717,0.514456486042693,0.6446540880503144,0.780952380952381,0.7062876830318691,0.5815950920245399
Age: Young,717,0.6472697607286614,0.587012987012987,0.6827794561933535,0.6312849162011173,0.6047904191616766
Race: black,717,0.5153455138349399,0.7308584686774942,0.9516616314199395,0.8267716535433071,0.7111597374179431
Race: others,717,0.49344216155361664,0.5508982035928144,0.8803827751196173,0.6777163904235728,0.5382585751978892
Race: white,717,0.5561174899866488,0.5385964912280702,0.5738317757009346,0.5556561085972851,0.5367924528301887
Overall,718,0.5840486899509703,0.5972423802612482,0.7309058614564832,0.6573482428115016,0.5697091273821464
Gender: F,718,0.6023765067270989,0.6209677419354839,0.7687188019966722,0.6869888475836431,0.5963566634707574
Gender: M,718,0.553637379834563,0.5694006309148265,0.6876190476190476,0.6229508196721312,0.5404837013669821
Age: Adult,718,0.5497258554630731,0.532394366197183,0.7241379310344828,0.6136363636363636,0.5172413793103449
Age: Senior,718,0.48293930438736077,0.6445880452342488,0.8012048192771084,0.7144136078782453,0.581913499344692
Age: Young,718,0.6574101955830403,0.5816831683168316,0.6403269754768393,0.6095979247730221,0.592140921409214
Race: black,718,0.5033884948778565,0.7402862985685071,0.9627659574468085,0.8369942196531792,0.7240704500978473
Race: others,718,0.4774519716885744,0.5277777777777778,0.7953488372093023,0.634508348794063,0.506265664160401
Race: white,718,0.5534412610864273,0.5132743362831859,0.5420560747663551,0.5272727272727272,0.5202952029520295
Overall,719,0.5649677172798037,0.6266573621772505,0.7495826377295493,0.6826301786393006,0.5882642998027613
Gender: F,719,0.6091278669956718,0.6545698924731183,0.8254237288135593,0.7301349325337332,0.643211100099108
Gender: M,719,0.5145845338711743,0.5965166908563135,0.6759868421052632,0.6337702390131071,0.5338567222767419
Age: Adult,719,0.5549362071101201,0.5521472392638037,0.7692307692307693,0.6428571428571429,0.546485260770975
Age: Senior,719,0.5112809516459771,0.6634877384196185,0.8268251273344652,0.7362055933484505,0.6109253065774805
Age: Young,719,0.630162962962963,0.6193029490616622,0.616,0.6176470588235294,0.5855072463768116
Race: black,719,0.43747474747474746,0.7525562372188139,0.9292929292929293,0.831638418079096,0.7140115163147792
Race: others,719,0.45162306965017335,0.646112600536193,0.8456140350877193,0.7325227963525835,0.6106194690265486
Race: white,719,0.5340288913016905,0.5061295971978984,0.5589941972920697,0.53125,0.5165876777251185
Overall,720,0.5566987871773766,0.6145760336370008,0.7363560033585222,0.6699770817417876,0.569077306733167
Gender: F,720,0.6108892921960074,0.6150627615062761,0.8003629764065335,0.695583596214511,0.6024716786817713
Gender: M,720,0.5051990799492385,0.6140845070422535,0.68125,0.6459259259259259,0.5377176015473888
Age: Adult,720,0.6288999888172365,0.6239554317548747,0.8057553956834532,0.7032967032967034,0.5987261146496815
Age: Senior,720,0.47373767200141736,0.6454413892908828,0.7770034843205574,0.7051383399209487,0.570771001150748
Age: Young,720,0.5844644117487376,0.5490716180371353,0.6106194690265486,0.5782122905027933,0.5458646616541354
Race: black,720,0.4515810926303333,0.7510729613733905,0.9433962264150944,0.8363201911589009,0.7226720647773279
Race: others,720,0.5016154452324666,0.573134328358209,0.8170212765957446,0.6736842105263158,0.5314861460957179
Race: white,720,0.5290743702842002,0.5351437699680511,0.5726495726495726,0.5532617671345995,0.5143626570915619
Overall,721,0.5746662261462157,0.6327247191011236,0.7495840266222962,0.6862147753236862,0.5956820412168793
Gender: F,721,0.6030906189636347,0.6562091503267974,0.8083735909822867,0.7243867243867244,0.64030131826742
Gender: M,721,0.5382688075992941,0.6054628224582701,0.6867469879518072,0.6435483870967742,0.5471311475409836
Age: Adult,721,0.5312163691051077,0.6356968215158925,0.7784431137724551,0.6998654104979811,0.5952813067150635
Age: Senior,721,0.5246603970741902,0.669195751138088,0.786096256684492,0.7229508196721312,0.6028202115158637
Age: Young,721,0.6385107373048325,0.5617977528089888,0.6514657980456026,0.6033182503770739,0.5864779874213837
Race: black,721,0.4312672517517163,0.7403100775193798,0.9597989949748744,0.8358862144420132,0.7222222222222222
Race: others,721,0.45870370370370367,0.5942492012779552,0.8611111111111112,0.7032136105860114,0.5710382513661202
Race: white,721,0.5760866846738695,0.5596638655462185,0.5663265306122449,0.5629754860524091,0.5432862190812721
Overall,722,0.5556986279883591,0.624551328068916,0.7385398981324278,0.676779463243874,0.5800909550277918
Gender: F,722,0.5882357692059186,0.6490765171503958,0.7987012987012987,0.7161572052401747,0.6168958742632613
Gender: M,722,0.5161747785834694,0.5952755905511811,0.6725978647686833,0.631578947368421,0.5411030176899063
Age: Adult,722,0.5371022727272727,0.5880681818181818,0.7527272727272727,0.6602870813397129,0.5438972162740899
Age: Senior,722,0.5075135969918755,0.6905487804878049,0.806049822064057,0.7438423645320197,0.6227327690447401
Age: Young,722,0.5970256768737638,0.5454545454545454,0.6158357771260997,0.5785123966942148,0.5532846715328467
Race: black,722,0.37799305610982525,0.7263157894736842,0.9224598930481284,0.8127208480565371,0.687007874015748
Race: others,722,0.5183314886552296,0.608,0.8201438848920863,0.6983154670750383,0.5717391304347826
Race: white,722,0.5574614872015993,0.5469613259668509,0.564638783269962,0.5556594948550047,0.5301681503461919
Overall,723,0.5484502263654171,0.6153846153846154,0.7416309012875536,0.6726352666407163,0.57244534824606
Gender: F,723,0.6009750605602431,0.6492146596858639,0.8144499178981938,0.7225054624908959,0.6238894373149062
Gender: M,723,0.4793888507284625,0.575,0.6618705035971223,0.6153846153846154,0.5178197064989518
Age: Adult,723,0.5218455578057587,0.576271186440678,0.7364620938628159,0.6465927099841522,0.5373443983402489
Age: Senior,723,0.4818435053202168,0.6475903614457831,0.7904411764705882,0.7119205298013245,0.5842293906810035
Age: Young,723,0.6261235847613219,0.5958549222797928,0.6686046511627907,0.6301369863013698,0.5833333333333334
Race: black,723,0.4391173950299914,0.7582644628099173,0.9434447300771208,0.8407789232531501,0.7269155206286837
Race: others,723,0.4587649525218893,0.5736677115987461,0.8632075471698113,0.6892655367231638,0.547945205479452
Race: white,723,0.5178260199225087,0.5224625623960066,0.5567375886524822,0.5390557939914163,0.5086916742909423
Overall,724,0.5683705439447393,0.6011860637509266,0.7228163992869875,0.6564144071226224,0.5621454357916452
Gender: F,724,0.6201891052149228,0.6111908177905309,0.7903525046382189,0.6893203883495146,0.5974842767295597
Gender: M,724,0.518191631891998,0.5904907975460123,0.660377358490566,0.6234817813765182,0.5279187817258884
Age: Adult,724,0.5445875376172774,0.598159509202454,0.724907063197026,0.6554621848739496,0.5308924485125858
Age: Senior,724,0.5197628458498025,0.6267281105990783,0.8063241106719368,0.7052722558340536,0.5841463414634146
Age: Young,724,0.6111746741795347,0.5591397849462365,0.5994236311239193,0.5785813630041725,0.5557184750733137
Race: black,724,0.4662028745924599,0.7477678571428571,0.9153005464480874,0.8230958230958231,0.7030927835051546
Race: others,724,0.5140644611798458,0.6082191780821918,0.8409090909090909,0.7058823529411765,0.5727482678983834
Race: white,724,0.5102125501406243,0.47388059701492535,0.516260162601626,0.49416342412451364,0.49069539666993145
Overall,725,0.5801954300689994,0.6183644189383071,0.745674740484429,0.676078431372549,0.5872063968015993
Gender: F,725,0.6383597662771285,0.6680440771349863,0.8096828046744574,0.7320754716981132,0.6446446446446447
Gender: M,725,0.5065176608234321,0.5643712574850299,0.6768402154398564,0.6155102040816327,0.5299401197604791
Age: Adult,725,0.6029227380548966,0.5536723163841808,0.7538461538461538,0.6384364820846905,0.5441478439425051
Age: Senior,725,0.5020568136964674,0.6671490593342981,0.8188277087033747,0.7352472089314195,0.6098707403055229
Age: Young,725,0.6424924924924925,0.5873925501432665,0.6156156156156156,0.6011730205278593,0.5897435897435898
Race: black,725,0.4889208633093525,0.7596153846153846,0.947242206235012,0.8431163287086446,0.7287822878228782
Race: others,725,0.48279782501235796,0.574468085106383,0.7941176470588235,0.6666666666666666,0.5367647058823529
Race: white,725,0.5474596262021412,0.5100917431192661,0.5548902195608783,0.5315487571701721,0.5337773549000951
Overall,726,0.5852085310969821,0.6129277566539924,0.7421731123388582,0.6713869221157851,0.5836411609498681
Gender: F,726,0.6050367197062424,0.6289655172413793,0.8,0.7042471042471042,0.617
Gender: M,726,0.5600621791331737,0.5932203389830508,0.6782945736434108,0.6329113924050633,0.5463687150837989
Age: Adult,726,0.5616630516786119,0.5754716981132075,0.7593360995850622,0.6547406082289803,0.5371702637889688
Age: Senior,726,0.5475449515905947,0.6282894736842105,0.7925311203319502,0.7009174311926606,0.5862944162436549
Age: Young,726,0.6372018769850296,0.6195372750642674,0.6639118457300276,0.6409574468085106,0.6086956521739131
Race: black,726,0.4734521488907454,0.7530120481927711,0.9259259259259259,0.8305647840531561,0.7156133828996283
Race: others,726,0.4865807836822329,0.6134751773049646,0.8357487922705314,0.7075664621676891,0.5925925925925926
Race: white,726,0.541561577995622,0.4822429906542056,0.5443037974683544,0.5113974231912785,0.5099403578528827
Overall,727,0.5710928393005827,0.6222692036645525,0.7352206494587843,0.6740458015267176,0.5732133933033483
Gender: F,727,0.6291944960174893,0.6568123393316195,0.8255250403877221,0.7315676449534717,0.6327130264446621
Gender: M,727,0.49951000708007387,0.5803432137285491,0.6391752577319587,0.6083401471790678,0.5112244897959184
Age: Adult,727,0.5646455062963601,0.5818181818181818,0.7741935483870968,0.6643598615916955,0.5540229885057472
Age: Senior,727,0.49538443423996237,0.655786350148368,0.7416107382550335,0.6960629921259842,0.5618615209988649
Age: Young,727,0.6451800232288036,0.6,0.6974789915966386,0.6450777202072538,0.6
Race: black,727,0.4792975040257649,0.7740667976424361,0.9516908212560387,0.8537378114842904,0.7471910112359551
Race: others,727,0.48068021992072624,0.6,0.8734177215189873,0.711340206185567,0.582089552238806
Race: white,727,0.5096204766107679,0.49911504424778763,0.5127272727272727,0.5058295964125561,0.48262910798122066
Overall,728,0.5942894279709916,0.6083086053412463,0.7155322862129145,0.6575781876503609,0.5747011952191236
Gender: F,728,0.6372152619589977,0.6251728907330567,0.8071428571428572,0.7045985970381917,0.6206206206206206
Gender: M,728,0.5474850531309756,0.5888,0.6279863481228669,0.6077621800165153,0.5292368681863231
Age: Adult,728,0.6191807644110277,0.5929919137466307,0.7857142857142857,0.6758832565284179,0.5846456692913385
Age: Senior,728,0.5047780453721047,0.6436597110754414,0.7225225225225225,0.6808149405772496,0.5617715617715617
Age: Young,728,0.6514605453609349,0.5621468926553672,0.639871382636656,0.5984962406015037,0.5841121495327103
Race: black,728,0.5338666835314951,0.7721774193548387,0.9527363184079602,0.8530066815144766,0.7461538461538462
Race: others,728,0.5094931551499348,0.5133333333333333,0.7403846153846154,0.6062992125984252,0.4805194805194805
Race: white,728,0.5482113243307274,0.5126811594202898,0.5279850746268657,0.5202205882352942,0.5267452402538532
Overall,729,0.5913564335703521,0.6538461538461539,0.7409200968523002,0.6946651532349603,0.608252427184466
Gender: F,729,0.6109330471801006,0.675776397515528,0.8229954614220878,0.7421555252387448,0.6535288725939505
Gender: M,729,0.5521265674917477,0.6243739565943238,0.6470588235294118,0.6355140186915887,0.5572755417956656
Age: Adult,729,0.5470194506113523,0.5982404692082112,0.6962457337883959,0.6435331230283912,0.5470941883767535
Age: Senior,729,0.5031203966750842,0.6942392909896603,0.8159722222222222,0.7501995211492418,0.6273809523809524
Age: Young,729,0.6681219681219681,0.6321243523316062,0.6594594594594595,0.6455026455026455,0.6282940360610264
Race: black,729,0.46176917704096304,0.7320675105485233,0.9480874316939891,0.8261904761904761,0.7074148296593187
Race: others,729,0.46763184557137527,0.652046783625731,0.8383458646616542,0.7335526315789473,0.601965601965602
Race: white,729,0.5962596640654881,0.5918367346938775,0.5733113673805601,0.5824267782426779,0.5675909878682842
Overall,730,0.6160922330097087,0.6386732533521524,0.7541666666666667,0.6916316392816202,0.6012845849802372
Gender: F,730,0.6542552806712965,0.6551724137931034,0.8015625,0.7210119465917076,0.6296641791044776
Gender: M,730,0.5625478316326531,0.6182965299684543,0.7,0.6566164154103853,0.569327731092437
Age: Adult,730,0.5762880430718611,0.6077922077922078,0.752411575562701,0.6724137931034483,0.5665399239543726
Age: Senior,730,0.570903108364246,0.6754772393538914,0.8258527827648114,0.7431340872374798,0.6232227488151659
Age: Young,730,0.6585113746913118,0.6011396011396012,0.6355421686746988,0.6178623718887262,0.6009174311926605
Race: black,730,0.5182954830091008,0.7905138339920948,0.9685230024213075,0.8705114254624592,0.775047258979206
Race: others,730,0.5097891963109354,0.6268656716417911,0.8300395256916996,0.7142857142857143,0.5831265508684863
Race: white,730,0.5617960747989743,0.5121527777777778,0.552434456928839,0.5315315315315315,0.5238095238095238
Overall,731,0.5696641016618986,0.6266481609993061,0.7432098765432099,0.6799698795180723,0.579624134520277
Gender: F,731,0.6421469069983922,0.6424936386768448,0.8333333333333334,0.7255747126436781,0.6309178743961352
Gender: M,731,0.4828693929679151,0.6076335877862595,0.6535303776683087,0.629746835443038,0.5258358662613982
Age: Adult,731,0.5653605354058723,0.6108108108108108,0.7847222222222222,0.6869300911854104,0.5717255717255717
Age: Senior,731,0.5046955875203751,0.6714285714285714,0.7768595041322314,0.7203065134099617,0.5917225950782998
Age: Young,731,0.6239799331103679,0.5579514824797843,0.6428571428571429,0.5974025974025974,0.5687789799072643
Race: black,731,0.4817196137512159,0.7590618336886994,0.9544235924932976,0.8456057007125891,0.7325102880658436
Race: others,731,0.49610757254069354,0.68,0.8585858585858586,0.7589285714285714,0.6431718061674009
Race: white,731,0.5063297626979653,0.48911222780569513,0.5357798165137615,0.51138353765324,0.48428835489833644
Overall,732,0.6032455370110077,0.639666919000757,0.7551385165326184,0.6926229508196722,0.6097814776274714
Gender: F,732,0.6065160978184377,0.6329284750337382,0.7701149425287356,0.6948148148148148,0.6102175969725638
Gender: M,732,0.5960011046672189,0.6482758620689655,0.7372549019607844,0.689908256880734,0.6092485549132948
Age: Adult,732,0.5905281868969019,0.6308724832214765,0.7768595041322314,0.6962962962962963,0.6104513064133017
Age: Senior,732,0.535008369601607,0.6569230769230769,0.829126213592233,0.7330472103004292,0.613664596273292
Age: Young,732,0.6556183213683131,0.6166219839142091,0.6353591160220995,0.6258503401360545,0.6048850574712644
Race: black,732,0.47304459289570344,0.7546296296296297,0.9080779944289693,0.8242730720606827,0.7055084745762712
Race: others,732,0.48177842565597667,0.6189024390243902,0.8529411764705882,0.7173144876325088,0.5844155844155844
Race: white,732,0.5971578360604842,0.5632798573975044,0.6053639846743295,0.5835641735918744,0.5765258215962441
Overall,733,0.5647705353240056,0.645320197044335,0.7419093851132686,0.6902521640948438,0.5971610376896721
Gender: F,733,0.5988232419886804,0.6231292517006802,0.7646076794657763,0.6866566716641679,0.6019047619047619
Gender: M,733,0.5302616725168892,0.6690962099125365,0.7205651491365777,0.6938775510204082,0.5921450151057401
Age: Adult,733,0.5074563633282494,0.5843023255813954,0.7153024911032029,0.6432,0.5458248472505092
Age: Senior,733,0.5038128431997474,0.7051282051282052,0.7844690966719493,0.7426856714178545,0.6197339246119734
Age: Young,733,0.6396273574187685,0.5893333333333334,0.6820987654320988,0.6323319027181689,0.6046153846153847
Race: black,733,0.40880596424616356,0.7504950495049505,0.9668367346938775,0.8450390189520625,0.7332053742802304
Race: others,733,0.5251537915532947,0.5875,0.8785046728971962,0.704119850187266,0.5752688172043011
Race: white,733,0.550673076923077,0.587248322147651,0.5555555555555556,0.5709624796084829,0.542608695652174
Overall,734,0.5760433476955217,0.6162790697674418,0.7537777777777778,0.6781287485005998,0.5926113360323887
Gender: F,734,0.5902311950504721,0.6363636363636364,0.7804054054054054,0.701062215477997,0.608738828202582
Gender: M,734,0.5529416320980429,0.5938461538461538,0.724202626641651,0.6525781910397295,0.5758513931888545
Age: Adult,734,0.5116121212121212,0.5578034682080925,0.7018181818181818,0.6215780998389694,0.53
Age: Senior,734,0.531134990091454,0.6546762589928058,0.8568738229755178,0.7422512234910277,0.6224611708482676
Age: Young,734,0.6487950626959248,0.5970149253731343,0.6269592476489029,0.6116207951070336,0.6025039123630673
Race: black,734,0.4420351473922903,0.7725321888412017,0.9523809523809523,0.8530805687203792,0.746938775510204
Race: others,734,0.40611341318045074,0.5632530120481928,0.8385650224215246,0.6738738738738739,0.5249343832020997
Race: white,734,0.5658692567434406,0.5207612456747405,0.5744274809160306,0.5462794918330308,0.5475113122171946
Overall,735,0.5718111058161437,0.611353711790393,0.7567567567567568,0.6763285024154589,0.5777310924369747
Gender: F,735,0.5698636004217187,0.6104815864022662,0.7952029520295203,0.6907051282051282,0.5867237687366167
Gender: M,735,0.5735232289257937,0.6122754491017964,0.7200704225352113,0.6618122977346278,0.5690721649484536
Age: Adult,735,0.5833524198805475,0.5749318801089919,0.7843866171003717,0.6635220125786163,0.5541666666666667
Age: Senior,735,0.5073190978174308,0.6475037821482602,0.8030018761726079,0.7169179229480737,0.5832305795314426
Age: Young,735,0.6253566106025122,0.5809248554913294,0.6525974025974026,0.6146788990825688,0.5889070146818923
Race: black,735,0.465505642361111,0.7333333333333333,0.9472222222222222,0.8266666666666667,0.7069672131147541
Race: others,735,0.47087893296853633,0.6348122866894198,0.8651162790697674,0.7322834645669292,0.6125356125356125
Race: white,735,0.540047610650679,0.5081168831168831,0.5850467289719626,0.5438748913987836,0.5070422535211268
Overall,736,0.6102484738506154,0.6299782766111514,0.778175313059034,0.6962785114045619,0.6111680327868853
Gender: F,736,0.643816739173423,0.6939313984168866,0.842948717948718,0.7612156295224313,0.6742349457058243
Gender: M,736,0.5593162898603466,0.5521669341894061,0.6963562753036437,0.6159355416293644,0.5431309904153354
Age: Adult,736,0.5632388583865064,0.6088082901554405,0.8020477815699659,0.6921944035346097,0.582
Age: Senior,736,0.5797682709447416,0.6721044045676998,0.8356997971602435,0.7450271247739603,0.6274768824306473
Age: Young,736,0.6489843672209499,0.5837696335078534,0.6716867469879518,0.6246498599439776,0.6143884892086331
Race: black,736,0.4371880570409983,0.7478991596638656,0.9518716577540107,0.8376470588235294,0.7206477732793523
Race: others,736,0.5210311925793097,0.5677966101694916,0.8410041841004184,0.6779089376053963,0.5537383177570093
Race: white,736,0.6142894860914664,0.5680580762250453,0.6198019801980198,0.5928030303030303,0.5825242718446602
Overall,737,0.5939781918887882,0.6212976022566996,0.7721297107800176,0.6885502149277062,0.5972713491662456
Gender: F,737,0.6256018106651317,0.6692913385826772,0.8629441624365483,0.753880266075388,0.6598569969356486
Gender: M,737,0.5420888888888888,0.5655487804878049,0.6745454545454546,0.615257048092869,0.536
Age: Adult,737,0.5735614181396579,0.5542857142857143,0.8326180257510729,0.6655231560891939,0.5608108108108109
Age: Senior,737,0.5705493241299971,0.676737160120846,0.8160291438979964,0.7398843930635838,0.6223021582733813
Age: Young,737,0.6299784977764746,0.5886699507389163,0.6657381615598886,0.6248366013071895,0.5905848787446505
Race: black,737,0.48460919540229885,0.7659574468085106,0.96,0.8520710059171598,0.745417515274949
Race: others,737,0.5590902506156743,0.53,0.8153846153846154,0.6424242424242425,0.5241935483870968
Race: white,737,0.5634425360304631,0.558641975308642,0.6339754816112084,0.593929450369155,0.5564516129032258
Overall,738,0.5913991137884097,0.623000761614623,0.7609302325581395,0.6850921273031826,0.5995740149094781
Gender: F,738,0.62291064951133,0.6540027137042063,0.8267581475128645,0.7303030303030303,0.6475247524752475
Gender: M,738,0.5395881984085799,0.5833333333333334,0.6829268292682927,0.6292134831460674,0.543778801843318
Age: Adult,738,0.6107472299546968,0.6149584487534626,0.7956989247311828,0.69375,0.5882352941176471
Age: Senior,738,0.5137830356804308,0.6282271944922547,0.8165548098434005,0.7101167315175098,0.5983827493261455
Age: Young,738,0.6470761661706853,0.6226415094339622,0.66189111747851,0.6416666666666667,0.6090909090909091
Race: black,738,0.4716936809960065,0.7622950819672131,0.9612403100775194,0.8502857142857143,0.7421259842519685
Race: others,738,0.4790594165594166,0.5735735735735735,0.8603603603603603,0.6882882882882883,0.5564102564102564
Race: white,738,0.5586141681000651,0.5182926829268293,0.5472103004291845,0.5323590814196242,0.5428571428571428
Overall,739,0.5847220474438928,0.6612021857923497,0.7568412822517592,0.7057965730951513,0.6038291605301914
Gender: F,739,0.6276629390250824,0.6764331210191082,0.8375394321766562,0.7484143763213531,0.6510263929618768
Gender: M,739,0.5362744480157979,0.6435935198821797,0.6775193798449612,0.6601208459214502,0.5562130177514792
Age: Adult,739,0.6218662262592898,0.7021276595744681,0.8485714285714285,0.7684346701164295,0.6577437858508605
Age: Senior,739,0.4997137280416396,0.6834094368340944,0.7741379310344828,0.7259498787388844,0.5988165680473373
Age: Young,739,0.6284428724928367,0.578125,0.6361031518624641,0.6057298772169167,0.5680119581464873
Race: black,739,0.38539527107714355,0.7827956989247312,0.9215189873417722,0.8465116279069768,0.7365269461077845
Race: others,739,0.5497940940136601,0.6311239193083573,0.8358778625954199,0.7192118226600985,0.5869565217391305
Race: white,739,0.5776189710610932,0.5904907975460123,0.6189710610932476,0.6043956043956044,0.5508021390374331
Overall,740,0.6084973047203264,0.6745810055865922,0.7721822541966427,0.7200894521058516,0.6302314130969966
Gender: F,740,0.6370897837525472,0.6532467532467533,0.8165584415584416,0.7258297258297258,0.6356663470757431
Gender: M,740,0.5868595391581719,0.6993957703927492,0.7291338582677165,0.7139552814186585,0.6244939271255061
Age: Adult,740,0.5618179071787319,0.6396648044692738,0.7869415807560137,0.7057010785824345,0.5961945031712473
Age: Senior,740,0.5400525969756739,0.7206946454413893,0.8512820512820513,0.780564263322884,0.6686390532544378
Age: Young,740,0.677621301775148,0.6240208877284595,0.6373333333333333,0.6306068601583114,0.6072931276297335
Race: black,740,0.4127413793103448,0.7900355871886121,0.9568965517241379,0.8654970760233918,0.765704584040747
Race: others,740,0.5282074613284804,0.6335227272727273,0.861003861003861,0.7299509001636661,0.6033653846153846
Race: white,740,0.6042123037604966,0.5772200772200772,0.5662878787878788,0.5717017208413002,0.5633528265107213
Overall,741,0.5874133730315924,0.6162361623616236,0.7415630550621669,0.6731156791616284,0.5862244897959183
Gender: F,741,0.6341039781297133,0.6475903614457831,0.7904411764705882,0.7119205298013245,0.6274089935760171
Gender: M,741,0.5353433330237454,0.5861070911722142,0.6958762886597938,0.6362922230950511,0.5487329434697856
Age: Adult,741,0.46594434448098276,0.5298701298701298,0.7183098591549296,0.6098654708520179,0.4892367906066536
Age: Senior,741,0.5299099997191878,0.6371100164203612,0.8117154811715481,0.7138914443422263,0.5992268041237113
Age: Young,741,0.7118896475692593,0.6731301939058172,0.6675824175824175,0.670344827586207,0.6448736998514116
Race: black,741,0.4193135245901639,0.728110599078341,0.8977272727272727,0.8040712468193384,0.6751054852320675
Race: others,741,0.5659614105123086,0.5963855421686747,0.88,0.7109515260323159,0.5892857142857143
Race: white,741,0.574006116207951,0.5449915110356537,0.5846994535519126,0.5641476274165202,0.546617915904936
Overall,742,0.5788940441054418,0.6230936819172114,0.7320819112627986,0.6732051785013731,0.5866004962779157
Gender: F,742,0.6326391054020909,0.6630872483221476,0.8111658456486043,0.7296898079763663,0.6354581673306773
Gender: M,742,0.5121875792945952,0.5759493670886076,0.6465364120781527,0.6092050209205021,0.5380811078140455
Age: Adult,742,0.5624017238367014,0.5152439024390244,0.757847533632287,0.6134301270417423,0.5308370044052864
Age: Senior,742,0.504825634135979,0.6806596701649176,0.7454844006568144,0.7115987460815048,0.5888268156424581
Age: Young,742,0.6620624323348971,0.6151832460732984,0.6911764705882353,0.6509695290858726,0.6216216216216216
Race: black,742,0.46514314000495016,0.7622950819672131,0.9514066496163683,0.8464163822525598,0.7378640776699029
Race: others,742,0.510039720586221,0.6395348837209303,0.8979591836734694,0.7470288624787776,0.6218274111675127
Race: white,742,0.5241228070175439,0.48807339449541287,0.4962686567164179,0.4921369102682701,0.5036166365280289
Overall,743,0.5655010247401552,0.6197771587743732,0.7491582491582491,0.6783536585365854,0.5813492063492064
Gender: F,743,0.5961889179755672,0.654421768707483,0.8016666666666666,0.7205992509363296,0.620162932790224
Gender: M,743,0.5250831274213722,0.5834522111269614,0.6955782312925171,0.634600465477114,0.5444874274661509
Age: Adult,743,0.6035732133933033,0.6041666666666666,0.8405797101449275,0.703030303030303,0.5908141962421712
Age: Senior,743,0.4683430799220273,0.6640986132511556,0.756140350877193,0.7071369975389664,0.575
Age: Young,743,0.6244007907091672,0.5632754342431762,0.6637426900584795,0.6093959731543624,0.5824964131994261
Race: black,743,0.4230896551724138,0.7714285714285715,0.9310344827586207,0.84375,0.7321428571428571
Race: others,743,0.46647863247863247,0.5586206896551724,0.8307692307692308,0.668041237113402,0.5333333333333333
Race: white,743,0.5369279330079657,0.5201288244766505,0.578853046594982,0.547921967769296,0.5202520252025202
Overall,744,0.5544883844916979,0.5981873111782477,0.7015057573073517,0.6457399103139013,0.5573102394294447
Gender: F,744,0.595983934163113,0.6457765667574932,0.7682333873581848,0.7017024426350851,0.608357628765792
Gender: M,744,0.491326643957346,0.5389830508474577,0.62109375,0.5771324863883848,0.5010706638115632
Age: Adult,744,0.5135438146909848,0.5566037735849056,0.7051792828685259,0.6221441124780316,0.5222222222222223
Age: Senior,744,0.4670925280681378,0.6430769230769231,0.7282229965156795,0.6830065359477124,0.5545350172215844
Age: Young,744,0.64207995951417,0.5533707865168539,0.6480263157894737,0.5969696969696969,0.5856697819314641
Race: black,744,0.45221659763767447,0.7132701421800948,0.9465408805031447,0.8135135135135135,0.6870748299319728
Race: others,744,0.5031053548435962,0.5963855421686747,0.8148148148148148,0.688695652173913,0.5591133004926109
Race: white,744,0.5138178523696927,0.5140350877192983,0.5158450704225352,0.5149384885764499,0.5053763440860215
Overall,745,0.5679382410418102,0.6321094312455003,0.7353433835845896,0.6798296554394115,0.5885572139303482
Gender: F,745,0.6040967197868886,0.6743554952510177,0.7814465408805031,0.7239621267297888,0.633816425120773
Gender: M,745,0.5184196728638595,0.5843558282208589,0.6827956989247311,0.6297520661157024,0.5405128205128205
Age: Adult,745,0.4834259346454468,0.5749318801089919,0.735191637630662,0.6452599388379205,0.5442043222003929
Age: Senior,745,0.5278036248295558,0.65625,0.7974683544303798,0.72,0.6020881670533643
Age: Young,745,0.6597531965506988,0.6457142857142857,0.6384180790960452,0.6420454545454546,0.6056338028169014
Race: black,745,0.4534149780313463,0.7554744525547445,0.9366515837104072,0.8363636363636363,0.7206896551724138
Race: others,745,0.4200913946954024,0.5909090909090909,0.7253218884120172,0.651252408477842,0.5134408602150538
Race: white,745,0.5527237694867753,0.5315315315315315,0.5684007707129094,0.5493482309124768,0.5425330812854442
Overall,746,0.5562606919008432,0.6225310899780542,0.7406440382941688,0.6764705882352942,0.5913654618473896
Gender: F,746,0.5854765002821848,0.6368563685636857,0.793918918918919,0.706766917293233,0.6187683284457478
Gender: M,746,0.5214655487964303,0.6057233704292527,0.6840215439856373,0.642495784148398,0.5624355005159959
Age: Adult,746,0.5462543991955756,0.5239520958083832,0.7918552036199095,0.6306306306306306,0.5403587443946188
Age: Senior,746,0.4943534079853494,0.698389458272328,0.8098471986417657,0.75,0.6285046728971962
Age: Young,746,0.6019716108211682,0.5685714285714286,0.5870206489675516,0.5776487663280117,0.5782608695652174
Race: black,746,0.4610524431716484,0.7212121212121212,0.9648648648648649,0.8254335260115607,0.710172744721689
Race: others,746,0.40923020692757534,0.5967741935483871,0.8114035087719298,0.6877323420074349,0.5625
Race: white,746,0.5562511850908796,0.5498220640569395,0.5607985480943739,0.555256064690027,0.5446182152713891
Overall,747,0.5560036017041231,0.6024006001500375,0.7346752058554438,0.6619950535861501,0.5715778474399164
Gender: F,747,0.5862938047500554,0.6174582798459564,0.8166383701188455,0.7032163742690059,0.6096153846153847
Gender: M,747,0.5140738953238952,0.5812274368231047,0.6388888888888888,0.6086956521739131,0.5263157894736842
Age: Adult,747,0.5280726648447901,0.5664739884393064,0.7313432835820896,0.6384364820846905,0.5384615384615384
Age: Senior,747,0.5011596169908126,0.6408566721581549,0.7890466531440162,0.7072727272727273,0.5790849673202615
Age: Young,747,0.6202129948364887,0.5736842105263158,0.6566265060240963,0.6123595505617978,0.5868263473053892
Race: black,747,0.4556783471915832,0.7073170731707317,0.9608433734939759,0.8148148148148148,0.6940928270042194
Race: others,747,0.38470092024539876,0.5487804878048781,0.75,0.6338028169014085,0.4838709677419355
Race: white,747,0.5779471499352765,0.5487364620938628,0.5834932821497121,0.5655813953488372,0.549662487945998
Overall,748,0.5838219483268863,0.6081081081081081,0.7451701931922723,0.6696982224059529,0.5832029212310903
Gender: F,748,0.6083632931059403,0.6272352132049519,0.8382352941176471,0.7175452399685287,0.6225026288117771
Gender: M,748,0.550133005934111,0.5851239669421487,0.6519337016574586,0.6167247386759582,0.5445134575569358
Age: Adult,748,0.6008516738342187,0.592814371257485,0.8389830508474576,0.6947368421052632,0.6018306636155606
Age: Senior,748,0.5035461415240965,0.6369230769230769,0.7568555758683729,0.6917293233082706,0.5679156908665105
Age: Young,748,0.6341788574697613,0.5689655172413793,0.6513157894736842,0.6073619631901841,0.5910543130990416
Race: black,748,0.513758581235698,0.7103004291845494,0.9594202898550724,0.8162762022194822,0.7002012072434608
Race: others,748,0.4941239316239316,0.5925925925925926,0.8205128205128205,0.6881720430107527,0.5492227979274611
Race: white,748,0.5639127571030806,0.5295202952029521,0.5649606299212598,0.5466666666666666,0.539651837524178
Overall,749,0.5799630875253652,0.5991091314031181,0.739010989010989,0.6617466174661747,0.5736434108527132
Gender: F,749,0.6098092209856916,0.6418109187749668,0.8141891891891891,0.7177959791511541,0.6273352999016716
Gender: M,749,0.5374760765550238,0.5453020134228188,0.65,0.593065693430657,0.514161220043573
Age: Adult,749,0.5458657103008567,0.5290322580645161,0.6861924686192469,0.5974499089253188,0.5077951002227171
Age: Senior,749,0.5365599173553719,0.6246105919003115,0.8285123966942148,0.7122557726465364,0.5867346938775511
Age: Young,749,0.6232004362085664,0.6126582278481013,0.6558265582655827,0.6335078534031413,0.6011396011396012
Race: black,749,0.496554034651096,0.730593607305936,0.9495548961424333,0.8258064516129032,0.7071583514099783
Race: others,749,0.5291703612759476,0.5847953216374269,0.823045267489712,0.6837606837606838,0.5636792452830188
Race: white,749,0.536027532527881,0.5061728395061729,0.560546875,0.5319740500463392,0.5190476190476191
Overall,750,0.5901150284923855,0.6140613313388182,0.7552897884084636,0.6773927392739274,0.5929203539823009
Gender: F,750,0.6160014919806042,0.6567375886524822,0.8165784832451499,0.7279874213836478,0.6357894736842106
Gender: M,750,0.5491066859969299,0.5664556962025317,0.6884615384615385,0.6215277777777778,0.5509783728115345
Age: Adult,750,0.6287162162162163,0.6172839506172839,0.8333333333333334,0.7092198581560284,0.6141176470588235
Age: Senior,750,0.49795038045225587,0.6314152410575428,0.8185483870967742,0.7129060579455663,0.589711417816813
Age: Young,750,0.6281437272816582,0.581081081081081,0.6125356125356125,0.5963938973647711,0.5836909871244635
Race: black,750,0.5205703313314539,0.7756813417190775,0.9296482412060302,0.8457142857142858,0.7408829174664108
Race: others,750,0.4372427983539095,0.5701219512195121,0.8201754385964912,0.6726618705035972,0.5333333333333333
Race: white,750,0.5558044798470103,0.49624060150375937,0.5726681127982647,0.5317220543806647,0.5396039603960396
Overall,751,0.5730993381121091,0.6205357142857143,0.7283842794759825,0.670148654077943,0.5768041237113402
Gender: F,751,0.5587809909633825,0.6508951406649617,0.755192878338279,0.6991758241758241,0.5910364145658263
Gender: M,751,0.5781241664799581,0.5782918149466192,0.6900212314225053,0.6292352371732817,0.5592635212888377
Age: Adult,751,0.5026837060702876,0.5835616438356165,0.6805111821086262,0.6283185840707964,0.5087719298245614
Age: Senior,751,0.5246813266684495,0.6629032258064517,0.791907514450867,0.7216856892010536,0.60375
Age: Young,751,0.6444720294662298,0.584958217270195,0.670926517571885,0.625,0.5980861244019139
Race: black,751,0.5093009505616957,0.7361419068736141,0.9512893982808023,0.83,0.7136842105263158
Race: others,751,0.5504226136248609,0.5634218289085545,0.8603603603603603,0.6809269162210339,0.5525
Race: white,751,0.5400253340618946,0.5613718411552346,0.5418118466898955,0.5514184397163121,0.5248826291079812
Overall,752,0.5491123598299311,0.5970909090909091,0.7552897884084636,0.6669374492282697,0.5686480799579169
Gender: F,752,0.5850694444444445,0.6324900133155792,0.7969798657718121,0.7052709725315516,0.6138132295719845
Gender: M,752,0.49945351403802474,0.5544871794871795,0.7046843177189409,0.6206278026905829,0.5154639175257731
Age: Adult,752,0.6014302719190567,0.5865102639296188,0.7662835249042146,0.6644518272425249,0.5674518201284796
Age: Senior,752,0.4928057821158503,0.6462264150943396,0.845679012345679,0.732620320855615,0.6068152031454783
Age: Young,752,0.5513506308867957,0.5276381909547738,0.6176470588235294,0.5691056910569106,0.526080476900149
Race: black,752,0.45413427033492815,0.7045454545454546,0.96875,0.8157894736842105,0.6944444444444444
Race: others,752,0.5774545364818515,0.5943661971830986,0.890295358649789,0.7128378378378378,0.5833333333333334
Race: white,752,0.49506171324810444,0.5018656716417911,0.5401606425702812,0.5203094777562862,0.49848331648129424
Overall,753,0.6054012222215385,0.6329378925331473,0.7758768177929855,0.6971560338201384,0.6065901148277584
Gender: F,753,0.6373571451696451,0.649867374005305,0.8566433566433567,0.7390648567119156,0.6553784860557769
Gender: M,753,0.5675496054068019,0.614138438880707,0.6984924623115578,0.6536050156739812,0.5575575575575575
Age: Adult,753,0.6024464285714286,0.5418994413407822,0.776,0.6381578947368421,0.5358649789029536
Age: Senior,753,0.4862554291055033,0.6466876971608833,0.7945736434108527,0.7130434782608696,0.5864661654135338
Age: Young,753,0.7051723355322883,0.6870748299319728,0.7518610421836228,0.7180094786729858,0.6744186046511628
Race: black,753,0.5182358249360807,0.7802197802197802,0.9699453551912568,0.8647990255785627,0.7663157894736842
Race: others,753,0.5192428383439619,0.6246575342465753,0.8539325842696629,0.7215189873417721,0.6106194690265486
Race: white,753,0.5608917219458264,0.5285481239804242,0.6044776119402985,0.5639686684073107,0.5343866171003717
Overall,754,0.6144917802085333,0.6412490922294843,0.7625215889464594,0.696646942800789,0.6092479674796748
Gender: F,754,0.6424646307956289,0.6631158455392809,0.807131280388979,0.7280701754385965,0.6490566037735849
Gender: M,754,0.5743551904586823,0.6150159744408946,0.711645101663586,0.6598114824335904,0.5627753303964758
Age: Adult,754,0.5560697251873722,0.5486284289276808,0.7432432432432432,0.6312769010043041,0.5187265917602997
Age: Senior,754,0.5430475311613973,0.6842105263157895,0.8246268656716418,0.7478849407783418,0.6343558282208589
Age: Young,754,0.7254915303921774,0.6696969696969697,0.6779141104294478,0.6737804878048781,0.654281098546042
Race: black,754,0.49088222878851834,0.7838383838383839,0.941747572815534,0.8555678059536935,0.7514231499051234
Race: others,754,0.5457680600932674,0.5477707006369427,0.8309178743961353,0.6602687140115163,0.5342105263157895
Race: white,754,0.6018471129308568,0.5686619718309859,0.5992578849721707,0.5835591689250226,0.5655042412818096
Overall,755,0.5852319021556229,0.6078869047619048,0.7380307136404698,0.6666666666666666,0.5751430057202288
Gender: F,755,0.6062543237634037,0.6327116212338594,0.7875,0.7016706443914081,0.6145940390544707
Gender: M,755,0.5544454071610997,0.5811437403400309,0.6873857404021938,0.6298157453936348,0.5347368421052632
Age: Adult,755,0.6267403147699757,0.5247813411078717,0.7627118644067796,0.6217616580310881,0.5512295081967213
Age: Senior,755,0.5133979552993637,0.6346456692913386,0.777992277992278,0.6990459670424979,0.5673316708229427
Age: Young,755,0.633695872116552,0.639344262295082,0.6628895184135978,0.650904033379694,0.6034755134281201
Race: black,755,0.47163440860215056,0.7419354838709677,0.9274193548387096,0.8243727598566308,0.704225352112676
Race: others,755,0.5015175042348955,0.5972602739726027,0.8616600790513834,0.7055016181229773,0.5676959619952494
Race: white,755,0.5459942241933309,0.49416342412451364,0.5269709543568465,0.5100401606425703,0.5144278606965174
Overall,756,0.5292322372662798,0.610632183908046,0.723404255319149,0.6622516556291391,0.5665
Gender: F,756,0.5661547344110854,0.6189856957087126,0.7933333333333333,0.6953981008035062,0.5963213939980639
Gender: M,756,0.4878149955634427,0.6003210272873194,0.6504347826086957,0.6243739565943238,0.5346432264736298
Age: Adult,756,0.5278997747747748,0.5329341317365269,0.7416666666666667,0.6202090592334495,0.5281385281385281
Age: Senior,756,0.4676128045592388,0.6852713178294574,0.7568493150684932,0.7192839707078926,0.5921985815602837
Age: Young,756,0.5883692174014755,0.5569007263922519,0.6552706552706553,0.6020942408376964,0.5606936416184971
Race: black,756,0.40659890659890663,0.7110187110187111,0.9743589743589743,0.8221153846153846,0.7034068136272545
Race: others,756,0.4623521551937448,0.5811209439528023,0.8140495867768595,0.6781411359724613,0.5427872860635696
Race: white,756,0.5233710666397143,0.5437062937062938,0.5343642611683849,0.5389948006932409,0.5128205128205128
Overall,757,0.5671097814241358,0.6274056966897613,0.7206012378426172,0.6707818930041153,0.5800524934383202
Gender: F,757,0.5858459398365502,0.631578947368421,0.7816901408450704,0.6986624704956726,0.6063720452209661
Gender: M,757,0.5461883926121677,0.62248322147651,0.6589698046181173,0.640207075064711,0.5525751072961373
Age: Adult,757,0.5205844034989764,0.5816618911174785,0.7518518518518519,0.6558966074313409,0.5458422174840085
Age: Senior,757,0.5256880338193426,0.6520325203252032,0.7726396917148363,0.7072310405643739,0.5781448538754765
Age: Young,757,0.6239832752347754,0.6298507462686567,0.6169590643274854,0.6233382570162481,0.6070878274268104
Race: black,757,0.5000371158509427,0.7266187050359713,0.907185628742515,0.8069241011984021,0.6813186813186813
Race: others,757,0.43130209830411037,0.5953177257525084,0.8356807511737089,0.6953125,0.5666666666666667
Race: white,757,0.5640143619037307,0.5728987993138936,0.571917808219178,0.572407883461868,0.5422018348623853
Overall,758,0.5899599061177802,0.6425531914893617,0.7512437810945274,0.6926605504587156,0.6066536203522505
Gender: F,758,0.6059181040336818,0.6610407876230661,0.793918918918919,0.7214121258633922,0.6333333333333333
Gender: M,758,0.5695143618596388,0.6237482117310443,0.7100977198697068,0.6641279512566641,0.5815939278937381
Age: Adult,758,0.5731963087248322,0.6048387096774194,0.7550335570469798,0.6716417910447762,0.5719844357976653
Age: Senior,758,0.48662540429984774,0.6671490593342981,0.8003472222222222,0.7277032359905288,0.6025345622119815
Age: Young,758,0.6752190580503834,0.6340057636887608,0.6626506024096386,0.6480117820324006,0.6389728096676737
Race: black,758,0.4021507287593318,0.7618025751072961,0.9149484536082474,0.8313817330210773,0.7142857142857143
Race: others,758,0.5492591600839023,0.673972602739726,0.845360824742268,0.75,0.6314606741573033
Race: white,758,0.5642438597428976,0.5267702936096719,0.5787476280834914,0.5515370705244123,0.5470319634703197
Overall,759,0.5666090775683523,0.655937052932761,0.7425101214574898,0.6965438663121915,0.6030799801291604
Gender: F,759,0.5705393596153925,0.6652421652421653,0.7400950871632329,0.700675168792198,0.6080550098231827
Gender: M,759,0.5573097508511035,0.646551724137931,0.7450331125827815,0.6923076923076923,0.5979899497487438
Age: Adult,759,0.46485442661913257,0.6331360946745562,0.6993464052287581,0.6645962732919255,0.5414012738853503
Age: Senior,759,0.49590190365076486,0.6892655367231638,0.8039538714991763,0.7422053231939163,0.6182432432432432
Age: Young,759,0.6705969842101323,0.6107954545454546,0.6677018633540373,0.6379821958456974,0.6269113149847095
Race: black,759,0.4695784959279154,0.7797979797979798,0.9698492462311558,0.864501679731243,0.7645914396887159
Race: others,759,0.44374211672973285,0.6214511041009464,0.8640350877192983,0.7229357798165138,0.6036745406824147
Race: white,759,0.5365506272965117,0.5699658703071673,0.548440065681445,0.5589958158995816,0.5286225402504472
Overall,760,0.6068534313880021,0.6318181818181818,0.7568058076225045,0.6886870355078447,0.6048218029350105
Gender: F,760,0.6393450148204496,0.6532374100719425,0.7978910369068541,0.7183544303797469,0.6333676622039135
Gender: M,760,0.5647163449928483,0.608,0.7129455909943715,0.6563039723661486,0.575240128068303
Age: Adult,760,0.5486346516007533,0.572347266881029,0.7416666666666667,0.6460980036297641,0.5323741007194245
Age: Senior,760,0.52126971011499,0.6500802568218299,0.7864077669902912,0.7117750439367311,0.588456712672522
Age: Young,760,0.6951639827587638,0.6502590673575129,0.723342939481268,0.684856753069577,0.6671469740634006
Race: black,760,0.5309294715248608,0.755011135857461,0.9603399433427762,0.8453865336658354,0.7356076759061834
Race: others,760,0.5255137875225211,0.6206896551724138,0.8646288209606987,0.7226277372262774,0.5913978494623656
Race: white,760,0.5680459850935171,0.5380434782608695,0.5711538461538461,0.5541044776119403,0.5520149953139644
Overall,761,0.5610244208652778,0.6163206871868289,0.7559262510974539,0.6790220820189274,0.5817060637204522
Gender: F,761,0.6080423820491345,0.6337047353760445,0.7899305555555556,0.7032457496136012,0.6057494866529775
Gender: M,761,0.5087355113846099,0.5979381443298969,0.7211367673179396,0.6537842190016103,0.5576131687242798
Age: Adult,761,0.5212513175995569,0.5350877192982456,0.7290836653386454,0.6172006745362564,0.5210970464135021
Age: Senior,761,0.5000904895484571,0.6943164362519201,0.8085867620751341,0.7471074380165289,0.625
Age: Young,761,0.640905161596163,0.5594059405940595,0.6869300911854104,0.616643929058663,0.5716463414634146
Race: black,761,0.44447450697450697,0.7423312883435583,0.9603174603174603,0.8373702422145328,0.7235294117647059
Race: others,761,0.5021012171684818,0.5579268292682927,0.820627802690583,0.6642468239564429,0.535175879396985
Race: white,761,0.5478234200743495,0.5431034482758621,0.5855018587360595,0.5635062611806798,0.5298651252408478
Overall,762,0.5727996818011658,0.6062639821029083,0.7364130434782609,0.6650306748466258,0.5727699530516432
Gender: F,762,0.5830666989510459,0.6387362637362637,0.7921635434412265,0.7072243346007605,0.6075433231396534
Gender: M,762,0.5483974462545528,0.567699836867863,0.6731141199226306,0.6159292035398231,0.5363247863247863
Age: Adult,762,0.5534133533383345,0.5425219941348973,0.7459677419354839,0.6281833616298812,0.5269978401727862
Age: Senior,762,0.5210739050386913,0.6594427244582043,0.8083491461100569,0.7263427109974424,0.5967336683417085
Age: Young,762,0.6154137526445616,0.5706214689265536,0.6139817629179332,0.5915080527086384,0.5759878419452887
Race: black,762,0.5198808898230863,0.7130242825607064,0.9335260115606936,0.8085106382978723,0.6799163179916318
Race: others,762,0.4336921007111282,0.5816618911174785,0.8388429752066116,0.6869712351945855,0.5531400966183575
Race: white,762,0.5657106196981465,0.5324675324675324,0.5562015503875969,0.5440758293838862,0.5307317073170732
Overall,763,0.5450304375035558,0.6197604790419161,0.7301587301587301,0.6704453441295547,0.5735987427972761
Gender: F,763,0.5763180609135267,0.6506189821182944,0.7936241610738255,0.7150415721844293,0.6141248720573184
Gender: M,763,0.5005496008906837,0.5829228243021346,0.6598513011152416,0.6190061028770706,0.5311158798283262
Age: Adult,763,0.5206417135070687,0.5377643504531722,0.7807017543859649,0.6368515205724508,0.532258064516129
Age: Senior,763,0.4586116229779238,0.6699029126213593,0.7568555758683729,0.7107296137339055,0.5776942355889725
Age: Young,763,0.6391356143024824,0.6098191214470284,0.6573816155988857,0.6327077747989276,0.5952732644017725
Race: black,763,0.5069480306088916,0.7459954233409611,0.9106145251396648,0.820125786163522,0.70020964360587
Race: others,763,0.4271148362568046,0.5605095541401274,0.8262910798122066,0.6679316888045541,0.5345744680851063
Race: white,763,0.5267474663044613,0.5572649572649573,0.5790408525754884,0.5679442508710801,0.5303030303030303
Overall,764,0.5628166728934301,0.6002875629043853,0.7395925597874224,0.6626984126984127,0.5691839837810441
Gender: F,764,0.6086415725296684,0.6146540027137042,0.8017699115044248,0.695852534562212,0.6036036036036037
Gender: M,764,0.5079181802456323,0.5840978593272171,0.6773049645390071,0.6272577996715928,0.5338809034907598
Age: Adult,764,0.5245788600855371,0.5988857938718662,0.7543859649122807,0.6677018633540373,0.5596707818930041
Age: Senior,764,0.4948442039376068,0.6102719033232629,0.7984189723320159,0.6917808219178082,0.5625759416767923
Age: Young,764,0.6369069227139071,0.5837837837837838,0.6390532544378699,0.6101694915254238,0.5843373493975904
Race: black,764,0.4898897736488977,0.7490118577075099,0.9570707070707071,0.8403547671840355,0.7298311444652908
Race: others,764,0.47362536551803214,0.5579937304075235,0.8317757009345794,0.6679174484052532,0.5305039787798409
Race: white,764,0.5247258585515131,0.4911660777385159,0.535645472061657,0.5124423963133641,0.5023518344308561
Overall,765,0.5567509479353022,0.6250875963559915,0.7470686767169179,0.6806562380770699,0.585027268220129
Gender: F,765,0.6065010760401721,0.6658259773013872,0.8048780487804879,0.7287784679089027,0.6364477335800185
Gender: M,765,0.4870192038258206,0.5741324921135647,0.6765799256505576,0.621160409556314,0.5256410256410257
Age: Adult,765,0.6007502492086533,0.6075268817204301,0.8339483394833949,0.702954898911353,0.6037344398340249
Age: Senior,765,0.5170203515698439,0.6735905044510386,0.7681895093062606,0.7177865612648221,0.5938566552901023
Age: Young,765,0.5752454261490406,0.5564304461942258,0.6385542168674698,0.5946704067321178,0.5594512195121951
Race: black,765,0.4105085324879938,0.7306122448979592,0.9445910290237467,0.8239355581127733,0.7046332046332047
Race: others,765,0.4540893024011701,0.6343283582089553,0.8443708609271523,0.7244318181818182,0.5827956989247312
Race: white,765,0.5363897587859604,0.5214953271028038,0.543859649122807,0.5324427480916031,0.5261121856866537
Overall,766,0.5839007861209,0.5748683220466516,0.7041474654377881,0.6329743164871583,0.5421188630490956
Gender: F,766,0.6163381177325582,0.5919282511210763,0.7734375,0.6706181202370872,0.5870488322717622
Gender: M,766,0.54959486412366,0.5575757575757576,0.6422338568935427,0.5969180859691808,0.499496475327291
Age: Adult,766,0.5916884143930408,0.56353591160221,0.7259786476868327,0.6345256609642301,0.5355731225296443
Age: Senior,766,0.49765218494860186,0.5817555938037866,0.7316017316017316,0.6481303930968361,0.5227568270481144
Age: Young,766,0.6646253999779324,0.5751295336787565,0.6491228070175439,0.6098901098901099,0.5696969696969697
Race: black,766,0.5249702380952381,0.7564870259481038,0.9475,0.8412874583795783,0.7281368821292775
Race: others,766,0.5189695693312577,0.5264900662251656,0.7910447761194029,0.6322067594433399,0.49175824175824173
Race: white,766,0.5002154505679056,0.4296577946768061,0.4669421487603306,0.44752475247524753,0.4660287081339713
Overall,767,0.6092129148055233,0.6171932402645114,0.7581227436823105,0.6804374240583232,0.604114400401405
Gender: F,767,0.6324182104848245,0.6662251655629139,0.8525423728813559,0.7479553903345725,0.6676470588235294
Gender: M,767,0.5669120454834741,0.5561056105610561,0.6505791505791506,0.599644128113879,0.5375128468653648
Age: Adult,767,0.6380827067669173,0.5793650793650794,0.8233082706766918,0.6801242236024845,0.6007751937984496
Age: Senior,767,0.5317701339181214,0.6291600633914421,0.7678916827852998,0.6916376306620209,0.5740072202166066
Age: Young,767,0.6658423196740954,0.6363636363636364,0.6892307692307692,0.6617429837518464,0.6455108359133127
Race: black,767,0.4801513842609733,0.6939655172413793,0.9669669669669669,0.8080301129234629,0.6805845511482255
Race: others,767,0.5114840114840113,0.6732954545454546,0.8681318681318682,0.7584,0.6413301662707839
Race: white,767,0.5967112935735907,0.5155963302752293,0.5597609561752988,0.5367717287488061,0.5562671546203111
Overall,768,0.5935213057729615,0.5596051632498101,0.7444444444444445,0.6389250108365843,0.5606540084388185
Gender: F,768,0.6238411293721028,0.5847953216374269,0.7936507936507936,0.6734006734006734,0.5941422594142259
Gender: M,768,0.5544655644386433,0.5323854660347551,0.6934156378600823,0.6023235031277927,0.526595744680851
Age: Adult,768,0.5569804506845024,0.5239520958083832,0.7383966244725738,0.6129597197898424,0.5257510729613734
Age: Senior,768,0.5592439399769141,0.5871271585557299,0.8130434782608695,0.6818596171376481,0.5632040050062578
Age: Young,768,0.6317173899872771,0.5433526011560693,0.6416382252559727,0.5884194053208138,0.5832012678288431
Race: black,768,0.5270833333333333,0.6635514018691588,0.9466666666666667,0.7802197802197802,0.6460176991150443
Race: others,768,0.47594130675526025,0.5425867507886435,0.819047619047619,0.6527514231499051,0.5209424083769634
Race: white,768,0.5754635595647194,0.49125874125874125,0.5854166666666667,0.5342205323193916,0.5386064030131826
Overall,769,0.5688615189315611,0.6467391304347826,0.759170653907496,0.698459280997799,0.5976505139500734
Gender: F,769,0.6081140858159741,0.6645569620253164,0.8373205741626795,0.7410021171489062,0.6401960784313725
Gender: M,769,0.5217526138578771,0.626099706744868,0.6810207336523126,0.6524064171122995,0.555229716520039
Age: Adult,769,0.5837140637140638,0.5748663101604278,0.7517482517482518,0.6515151515151515,0.5499021526418787
Age: Senior,769,0.4939737936641961,0.7216783216783217,0.8229665071770335,0.7690014903129657,0.6485260770975056
Age: Young,769,0.6205477891979615,0.577023498694517,0.6480938416422287,0.6104972375690608,0.5661538461538461
Race: black,769,0.47926866585067324,0.7763636363636364,0.9364035087719298,0.8489065606361829,0.7401709401709402
Race: others,769,0.4790632318501171,0.5617647058823529,0.7827868852459017,0.6541095890410958,0.5178997613365155
Race: white,769,0.5496762067810489,0.5738831615120275,0.6028880866425993,0.5880281690140845,0.5495668912415784
Overall,770,0.5531117797458348,0.6308243727598566,0.7327227310574521,0.6779661016949152,0.5805318615153036
Gender: F,770,0.601283317288424,0.6574074074074074,0.802907915993538,0.722909090909091,0.6227722772277228
Gender: M,770,0.4968099510673488,0.5993740219092332,0.6580756013745704,0.6273546273546273,0.5371312309257376
Age: Adult,770,0.5191294347848475,0.5906593406593407,0.7491289198606271,0.6605222734254992,0.5489795918367347
Age: Senior,770,0.45790567226759676,0.6457055214723927,0.7696526508226691,0.7022518765638032,0.575
Age: Young,770,0.6530810442595183,0.6437994722955145,0.6648501362397821,0.6541554959785523,0.6108597285067874
Race: black,770,0.49182194616977215,0.75,0.974025974025974,0.847457627118644,0.7418738049713193
Race: others,770,0.3859823169033696,0.6270627062706271,0.8333333333333334,0.7156308851224106,0.5734463276836158
Race: white,770,0.5207914605236034,0.5320945945945946,0.5357142857142857,0.5338983050847458,0.507168458781362
Overall,771,0.6041566609366884,0.6039244186046512,0.7602927721866423,0.6731470230862697,0.5829457364341085
Gender: F,771,0.60158989946224,0.5959595959595959,0.7564102564102564,0.6666666666666666,0.5737874097007224
Gender: M,771,0.6057776633666823,0.6120058565153733,0.7641681901279708,0.6796747967479675,0.5921325051759835
Age: Adult,771,0.5618100878253162,0.5591715976331361,0.75,0.6406779661016949,0.5278396436525612
Age: Senior,771,0.5382952905680178,0.6206373292867982,0.8262626262626263,0.708838821490468,0.5815691158156912
Age: Young,771,0.6861331709576164,0.6147757255936676,0.6734104046242775,0.6427586206896552,0.6207906295754027
Race: black,771,0.48481913383712455,0.746031746031746,0.9447236180904522,0.8337028824833703,0.7164461247637051
Race: others,771,0.5675680396883626,0.6188811188811189,0.8719211822660099,0.7239263803680982,0.6075581395348837
Race: white,771,0.5550509912993867,0.47440273037542663,0.5650406504065041,0.5157699443413729,0.5084745762711864
Overall,772,0.5721091078482367,0.6497860199714693,0.7364591754244139,0.6904130352406215,0.5937344604674292
Gender: F,772,0.5990660919540229,0.6545454545454545,0.84,0.7357664233576642,0.6401590457256461
Gender: M,772,0.5437000887311446,0.6439873417721519,0.6389324960753532,0.6414499605988968,0.5472636815920398
Age: Adult,772,0.557759019426457,0.6724137931034483,0.8297872340425532,0.7428571428571429,0.631578947368421
Age: Senior,772,0.4616763427556232,0.6511254019292605,0.7323688969258589,0.6893617021276596,0.5644391408114559
Age: Young,772,0.6637173862849227,0.6229946524064172,0.6563380281690141,0.6392318244170097,0.6015151515151516
Race: black,772,0.43083456558589106,0.7888086642599278,0.9377682403433476,0.8568627450980392,0.7504273504273504
Race: others,772,0.49408537401311386,0.5938461538461538,0.8212765957446808,0.6892857142857143,0.5583756345177665
Race: white,772,0.5278628279971113,0.5372848948374761,0.5242537313432836,0.5306893295561851,0.5184108527131783
Overall,773,0.5845547590257386,0.616822429906542,0.7660714285714286,0.6833930704898447,0.5916795069337443
Gender: F,773,0.641008054366977,0.6189839572192514,0.8448905109489051,0.7145061728395061,0.6236012207527976
Gender: M,773,0.5254789853004139,0.614307931570762,0.6905594405594405,0.6502057613168725,0.5591286307053942
Age: Adult,773,0.5982803738317757,0.5757575757575758,0.836,0.6818923327895595,0.5797413793103449
Age: Senior,773,0.5404876131620318,0.6870229007633588,0.8050089445438283,0.7413509060955519,0.6184690157958688
Age: Young,773,0.6102829397728005,0.5335120643431636,0.639871382636656,0.5818713450292398,0.5666666666666667
Race: black,773,0.4366929161601748,0.701195219123506,0.9487870619946092,0.8064146620847652,0.6774809160305344
Race: others,773,0.5623615555008614,0.6451612903225806,0.8368200836820083,0.7285974499089253,0.6026666666666667
Race: white,773,0.560164735038997,0.5284974093264249,0.6,0.5619834710743802,0.5448473282442748
Overall,774,0.580920513165147,0.6049382716049383,0.7524841915085817,0.6706924315619968,0.585612968591692
Gender: F,774,0.6367235705470999,0.6425755584756899,0.8548951048951049,0.7336834208552138,0.6499013806706114
Gender: M,774,0.5125607476635513,0.5584415584415584,0.6429906542056075,0.5977410947002606,0.5177083333333333
Age: Adult,774,0.6119061380187263,0.532051282051282,0.7867298578199052,0.6347992351816444,0.5408653846153846
Age: Senior,774,0.5685191184057397,0.6996951219512195,0.8095238095238095,0.7506132461161079,0.645760743321719
Age: Young,774,0.5933122439540108,0.508557457212714,0.6322188449848024,0.5636856368563685,0.5380200860832137
Race: black,774,0.4482503759206871,0.7163461538461539,0.9341692789968652,0.8108843537414966,0.6855203619909502
Race: others,774,0.5157145913564398,0.5753424657534246,0.8536585365853658,0.6873977086743044,0.5619266055045872
Race: white,774,0.5743319301424062,0.5453020134228188,0.5996309963099631,0.5711775043936731,0.5547445255474452
Overall,775,0.5747498006315651,0.5784238714613619,0.7039106145251397,0.6350272994540109,0.5532133676092545
Gender: F,775,0.6285440213203184,0.6037483266398929,0.8290441176470589,0.6986831913245546,0.6117764471057884
Gender: M,775,0.5079263557037783,0.5446428571428571,0.5754716981132075,0.5596330275229358,0.4909862142099682
Age: Adult,775,0.5702041298865069,0.4728434504792332,0.7115384615384616,0.5681381957773513,0.5022123893805309
Age: Senior,775,0.5297331219447747,0.6347107438016529,0.735632183908046,0.6814551907719609,0.5578817733990148
Age: Young,775,0.6263629149127045,0.5758354755784062,0.6511627906976745,0.6111869031377899,0.5814977973568282
Race: black,775,0.5297093285263632,0.6993006993006993,0.9463722397476341,0.8042895442359249,0.6805251641137856
Race: others,775,0.4818851587422149,0.5701219512195121,0.8237885462555066,0.6738738738738739,0.5486284289276808
Race: white,775,0.5438027167101384,0.4890909090909091,0.5075471698113208,0.4981481481481482,0.5013799448022079
Overall,776,0.5645381871362365,0.6145328719723183,0.7493670886075949,0.6752851711026616,0.5811672388425699
Gender: F,776,0.5932862679955703,0.6475409836065574,0.7873754152823921,0.7106446776611695,0.6223091976516634
Gender: M,776,0.5289717890143941,0.5806451612903226,0.7101200686106347,0.6388888888888888,0.5398230088495575
Age: Adult,776,0.5437372856727695,0.5920398009950248,0.7677419354838709,0.6685393258426966,0.556390977443609
Age: Senior,776,0.47209292794454305,0.6504992867332382,0.7715736040609137,0.7058823529411765,0.5681818181818182
Age: Young,776,0.6384429023118301,0.5672514619883041,0.6830985915492958,0.6198083067092651,0.620414673046252
Race: black,776,0.4284698925342582,0.7596899224806202,0.9584352078239609,0.8475675675675676,0.7379182156133829
Race: others,776,0.48392290923503767,0.5811209439528023,0.8491379310344828,0.6900175131348512,0.5640394088669951
Race: white,776,0.539418637237109,0.5067796610169492,0.5496323529411765,0.527336860670194,0.5105022831050229
Overall,777,0.5659686971235193,0.6233480176211453,0.7182741116751269,0.6674528301886793,0.5731584258324924
Gender: F,777,0.614073506891271,0.681704260651629,0.8330781010719756,0.7498277050310131,0.6552706552706553
Gender: M,777,0.4928213610586011,0.5407801418439716,0.5765595463137996,0.5580969807868252,0.48008611410118407
Age: Adult,777,0.5393669260406437,0.6034912718204489,0.7934426229508197,0.6855524079320113,0.5747126436781609
Age: Senior,777,0.5137025425755201,0.6366612111292962,0.731203007518797,0.6806649168853893,0.5521472392638037
Age: Young,777,0.6300821256038648,0.6228571428571429,0.6318840579710145,0.6273381294964029,0.5984496124031008
Race: black,777,0.5031468680662228,0.7537154989384289,0.9391534391534392,0.8362779740871613,0.7231075697211156
Race: others,777,0.5030739530739531,0.49828178694158076,0.7967032967032966,0.6131078224101479,0.5013623978201635
Race: white,777,0.5539436545929627,0.5816666666666667,0.5610932475884244,0.5711947626841244,0.5292003593890386
Overall,778,0.5593928280358598,0.6386861313868614,0.7478632478632479,0.6889763779527559,0.60261569416499
Gender: F,778,0.5731801755291688,0.6255144032921811,0.7972027972027972,0.7009992313604919,0.6182531894013739
Gender: M,778,0.5461195900080231,0.6536661466458659,0.7006688963210702,0.6763518966908797,0.586171310629515
Age: Adult,778,0.5858336854956097,0.6037234042553191,0.8136200716845878,0.6931297709923664,0.6043307086614174
Age: Senior,778,0.49069894953628473,0.705511811023622,0.7818499127399651,0.7417218543046358,0.6258992805755396
Age: Young,778,0.5987210461727259,0.5571030640668524,0.6289308176100629,0.5908419497784343,0.5712074303405573
Race: black,778,0.516808981657179,0.760705289672544,0.9741935483870968,0.8543140028288543,0.75
Race: others,778,0.4631354774052478,0.5342465753424658,0.8705357142857143,0.6621392190152802,0.5261904761904762
Race: white,778,0.5643006168359941,0.6217105263157895,0.5943396226415094,0.6077170418006431,0.5778546712802768
Overall,779,0.5787698019256615,0.6594360086767896,0.7414634146341463,0.6980482204362801,0.5990853658536586
Gender: F,779,0.6472318266149435,0.6822429906542056,0.8295454545454546,0.7487179487179487,0.6573426573426573
Gender: M,779,0.5003783299960322,0.6324921135646687,0.6530944625407166,0.6426282051282052,0.5387797311271976
Age: Adult,779,0.5547589869281045,0.6052631578947368,0.7610294117647058,0.6742671009771987,0.5575221238938053
Age: Senior,779,0.5172908496732027,0.7174231332357247,0.8006535947712419,0.7567567567567568,0.6345707656612529
Age: Young,779,0.6324553336836574,0.6005586592178771,0.6213872832369942,0.6107954545454546,0.581039755351682
Race: black,779,0.492124803120078,0.75,0.964824120603015,0.843956043956044,0.7330827067669173
Race: others,779,0.49645796064400716,0.6293706293706294,0.8372093023255814,0.718562874251497,0.591304347826087
Race: white,779,0.5681961170492856,0.5948717948717949,0.5640194489465153,0.5790349417637272,0.536205316223648
Overall,780,0.5443179737434901,0.6183539694100509,0.729381443298969,0.6692944422546314,0.5743277524099442
Gender: F,780,0.5614187908796381,0.6679636835278858,0.7850609756097561,0.7217939733707078,0.623696682464455
Gender: M,780,0.5066340512582985,0.5548172757475083,0.65748031496063,0.6018018018018018,0.517467248908297
Age: Adult,780,0.5416765018293401,0.5817694369973191,0.7331081081081081,0.648729446935725,0.5523809523809524
Age: Senior,780,0.45656586618590267,0.6646884272997032,0.7873462214411248,0.7208366854384554,0.5869047619047619
Age: Young,780,0.6124922379702156,0.5644171779141104,0.6153846153846154,0.5888,0.5759075907590759
Race: black,780,0.4537640712945591,0.7136258660508084,0.9420731707317073,0.812089356110381,0.6877729257641921
Race: others,780,0.47363083164300207,0.5818713450292398,0.8577586206896551,0.6933797909407665,0.5621890547263682
Race: white,780,0.5362817900387947,0.5702341137123745,0.5645695364238411,0.56738768718802,0.531953195319532
Overall,781,0.5848806366047746,0.6100815418828762,0.7276746242263483,0.6637096774193548,0.5757884028484231
Gender: F,781,0.6379451421949387,0.6618037135278515,0.8127035830618893,0.72953216374269,0.6407766990291263
Gender: M,781,0.5085263337688056,0.5445378151260504,0.6266924564796905,0.5827338129496403,0.5042735042735043
Age: Adult,781,0.5964218847514042,0.584045584045584,0.8102766798418972,0.6788079470198676,0.5800865800865801
Age: Senior,781,0.5155046728971963,0.6421725239616614,0.7514018691588785,0.6925064599483204,0.5724550898203593
Age: Young,781,0.6485091845677797,0.5806451612903226,0.6297376093294461,0.6041958041958042,0.5769805680119582
Race: black,781,0.4463925438596491,0.7673469387755102,0.94,0.8449438202247191,0.7315175097276264
Race: others,781,0.46676051221505765,0.6125827814569537,0.8008658008658008,0.6941838649155723,0.5641711229946524
Race: white,781,0.5267958477508651,0.4703770197486535,0.524,0.4957426679280984,0.5055658627087198
Overall,782,0.5934216623322491,0.637956204379562,0.7547495682210709,0.6914556962025317,0.5973154362416108
Gender: F,782,0.6043770973154362,0.6559139784946236,0.8187919463087249,0.7283582089552239,0.6345381526104418
Gender: M,782,0.5711016065878551,0.6166134185303515,0.6868327402135231,0.6498316498316499,0.5579171094580234
Age: Adult,782,0.5966955368289638,0.6533333333333333,0.8506944444444444,0.7390648567119156,0.628755364806867
Age: Senior,782,0.530066577712973,0.6590909090909091,0.7762906309751434,0.7129060579455663,0.5917602996254682
Age: Young,782,0.6354243805819006,0.5883905013192612,0.6426512968299711,0.6143250688705234,0.582089552238806
Race: black,782,0.47651882906737286,0.768172888015717,0.9490291262135923,0.8490770901194354,0.7444852941176471
Race: others,782,0.48817900365887973,0.6041666666666666,0.8325358851674641,0.7002012072434608,0.5681159420289855
Race: white,782,0.5697066765789501,0.5392670157068062,0.5754189944134078,0.5567567567567567,0.5305343511450382
Overall,783,0.5800160932538818,0.6039156626506024,0.723826714801444,0.6584564860426929,0.5706914344685242
Gender: F,783,0.5893774135474739,0.6022889842632332,0.8080614203454894,0.6901639344262295,0.597872340425532
Gender: M,783,0.5735419075923185,0.6057233704292527,0.6490630323679727,0.6266447368421053,0.5450901803607214
Age: Adult,783,0.5810341365461847,0.5671641791044776,0.7630522088353414,0.6506849315068494,0.5456570155902004
Age: Senior,783,0.5060545844071165,0.6325581395348837,0.7626168224299066,0.6915254237288135,0.5645933014354066
Age: Young,783,0.6526745844121732,0.5862068965517241,0.6296296296296297,0.6071428571428571,0.5957120980091883
Race: black,783,0.4151122152511685,0.7329059829059829,0.9171122994652406,0.8147268408551069,0.688622754491018
Race: others,783,0.52486165903254,0.562874251497006,0.8909952606635071,0.689908256880734,0.5666666666666667
Race: white,783,0.5635061959044269,0.5152091254752852,0.5181644359464627,0.5166825548141086,0.5157593123209169
Overall,784,0.5779483848537558,0.6228571428571429,0.7433930093776641,0.6778080062184221,0.5838353413654619
Gender: F,784,0.6181239967897272,0.6684073107049608,0.8218298555377207,0.7372210223182145,0.6432062561094819
Gender: M,784,0.5177630722499458,0.5678233438485805,0.6545454545454545,0.6081081081081081,0.5211558307533539
Age: Adult,784,0.6046121879455213,0.5939849624060151,0.797979797979798,0.6810344827586207,0.5722543352601156
Age: Senior,784,0.5267789494603222,0.6717791411042945,0.7670753064798599,0.7162714636140638,0.593200468933177
Age: Young,784,0.6156232110330471,0.5644699140401146,0.6459016393442623,0.6024464831804281,0.5806451612903226
Race: black,784,0.4213108233526318,0.75564681724846,0.983957219251337,0.8548199767711963,0.7474747474747475
Race: others,784,0.46367044295598014,0.6405797101449275,0.8467432950191571,0.7293729372937293,0.59
Race: white,784,0.5408606047708666,0.4982394366197183,0.5260223048327137,0.5117540687160941,0.5077484047402006
Overall,785,0.5832801588989663,0.6048034934497817,0.7413024085637824,0.6661322645290582,0.5758655804480651
Gender: F,785,0.6208773561919951,0.6407035175879398,0.8415841584158416,0.7275320970042796,0.6372269705603039
Gender: M,785,0.522724821025792,0.5553633217993079,0.6233009708737864,0.5873741994510522,0.5049396267837541
Age: Adult,785,0.5776134122287969,0.6541554959785523,0.782051282051282,0.7124087591240876,0.611439842209073
Age: Senior,785,0.543678469241774,0.6131907308377896,0.7381974248927039,0.6699123661148978,0.5503978779840849
Age: Young,785,0.6221452866861031,0.5522727272727272,0.7084548104956269,0.6206896551724138,0.577524893314367
Race: black,785,0.5014818763326225,0.7316017316017316,0.9657142857142857,0.8325123152709359,0.71900826446281
Race: others,785,0.4872652909462726,0.5515151515151515,0.7878787878787878,0.6488413547237076,0.5
Race: white,785,0.5638397096730429,0.5343642611683849,0.575925925925926,0.5543672014260249,0.5395948434622467
Overall,786,0.5752934589625794,0.6238532110091743,0.7052722558340536,0.6620689655172414,0.5769426104621636
Gender: F,786,0.6309910739302725,0.650904033379694,0.7774086378737541,0.708554125662377,0.6214355948869223
Gender: M,786,0.5049038963396645,0.5908319185059423,0.6270270270270271,0.6083916083916084,0.5294117647058824
Age: Adult,786,0.5936655735476526,0.5718390804597702,0.77431906614786,0.6578512396694215,0.5740740740740741
Age: Senior,786,0.5124244128814512,0.6761061946902654,0.6983546617915904,0.6870503597122302,0.5687732342007435
Age: Young,786,0.6174234118874924,0.5949367088607594,0.6657223796033994,0.6283422459893048,0.5887573964497042
Race: black,786,0.4893039772727273,0.745679012345679,0.94375,0.833103448275862,0.7186046511627907
Race: others,786,0.48789708718156904,0.5735735735735735,0.809322033898305,0.671353251318102,0.5359801488833746
Race: white,786,0.5651655340787162,0.5666666666666667,0.5374376039933444,0.5516652433817251,0.5378521126760564
Overall,787,0.5970090821922718,0.61015625,0.727865796831314,0.6638334041648959,0.5847769028871391
Gender: F,787,0.6000105777765514,0.6671469740634006,0.7729549248747913,0.7161639597834494,0.6185031185031185
Gender: M,787,0.5756772196881776,0.5426621160409556,0.6708860759493671,0.6,0.5503711558854719
Age: Adult,787,0.5465650987386381,0.6276923076923077,0.758364312267658,0.6868686868686869,0.579185520361991
Age: Senior,787,0.5505203184019063,0.6153846153846154,0.7720739219712526,0.6848816029143898,0.5733662145499383
Age: Young,787,0.6439050802768493,0.5843023255813954,0.6340694006309149,0.6081694402420574,0.602760736196319
Race: black,787,0.4495835475578405,0.7525354969574036,0.9537275064267352,0.8412698412698413,0.7276264591439688
Race: others,787,0.497203947368421,0.569023569023569,0.8086124401913876,0.6679841897233202,0.5447154471544715
Race: white,787,0.5566169537188492,0.49183673469387756,0.5073684210526316,0.49948186528497407,0.5273972602739726
Overall,788,0.5721398741837237,0.5865102639296188,0.7554296506137866,0.660338423442014,0.5693354264782836
Gender: F,788,0.6216983834663392,0.6005361930294906,0.8250460405156538,0.6951124903025602,0.6042296072507553
Gender: M,788,0.5150169694164834,0.56957928802589,0.6821705426356589,0.6208112874779541,0.5315904139433552
Age: Adult,788,0.6127816778140144,0.549079754601227,0.7552742616033755,0.6358792184724689,0.5600858369098712
Age: Senior,788,0.5330314630371342,0.62555720653789,0.7883895131086143,0.6975973487986744,0.5710928319623971
Age: Young,788,0.5807688816267248,0.547945205479452,0.6944444444444444,0.6125574272588055,0.5740740740740741
Race: black,788,0.45856107660455486,0.6742596810933941,0.9192546583850931,0.7779237844940867,0.6419491525423728
Race: others,788,0.556801326236803,0.5782747603833865,0.8264840182648402,0.6804511278195489,0.5478723404255319
Race: white,788,0.564549608586306,0.5277777777777778,0.6235521235521235,0.5716814159292035,0.5446848541862653
Overall,789,0.5789153201167764,0.6094420600858369,0.7519858781994704,0.6732516791781904,0.5791348600508905
Gender: F,789,0.6205194063926942,0.6077127659574468,0.8160714285714286,0.6966463414634146,0.6012024048096193
Gender: M,789,0.5439356490463408,0.6114551083591331,0.6893542757417103,0.6480721903199343,0.5563598759048604
Age: Adult,789,0.5689210526315789,0.6056701030927835,0.8245614035087719,0.6983655274888558,0.5814432989690722
Age: Senior,789,0.5065881866997108,0.6608557844690967,0.775092936802974,0.7134302822925578,0.5853960396039604
Age: Young,789,0.6399260381393691,0.5277044854881267,0.6451612903225806,0.5805515239477503,0.5699404761904762
Race: black,789,0.4550556498773816,0.7579617834394905,0.9596774193548387,0.8469750889679716,0.7345679012345679
Race: others,789,0.4632329252577319,0.555,0.8671875,0.676829268292683,0.5288888888888889
Race: white,789,0.5580719522333912,0.5180265654648957,0.5405940594059406,0.5290697674418605,0.5276967930029155
Overall,790,0.5647828546131375,0.6120689655172413,0.7119416590701915,0.6582385166455963,0.5727081138040042
Gender: F,790,0.6203402551913936,0.6438953488372093,0.7758318739054291,0.7037331215250199,0.6288557213930348
Gender: M,790,0.4930248339739538,0.5748299319727891,0.6425855513307985,0.6068222621184919,0.509518477043673
Age: Adult,790,0.5413360265473958,0.49854227405247814,0.7370689655172413,0.5947826086956521,0.505307855626327
Age: Senior,790,0.48843283582089553,0.6632478632478632,0.7238805970149254,0.6922390722569135,0.5797807551766139
Age: Young,790,0.6699439281050771,0.6379310344827587,0.6747720364741642,0.6558345642540621,0.6155115511551155
Race: black,790,0.5221351481405101,0.7643312101910829,0.9651474530831099,0.8530805687203792,0.746938775510204
Race: others,790,0.426895684960201,0.5386904761904762,0.8341013824884793,0.6546112115732369,0.5139949109414759
Race: white,790,0.5255556073242325,0.511727078891258,0.47337278106508873,0.4918032786885246,0.5113300492610837
Overall,791,0.587987753771652,0.5987306064880112,0.7421328671328671,0.6627634660421545,0.5614213197969543
Gender: F,791,0.6368646624620802,0.6626984126984127,0.8054662379421221,0.7271407837445574,0.6280909990108803
Gender: M,791,0.5200974074366326,0.525679758308157,0.6666666666666666,0.5878378378378378,0.49113660062565173
Age: Adult,791,0.5839797907467081,0.573170731707317,0.706766917293233,0.632996632996633,0.5208791208791209
Age: Senior,791,0.5146522282382341,0.6002906976744186,0.7866666666666666,0.6809563066776587,0.554147465437788
Age: Young,791,0.6657512863502341,0.6169154228855721,0.7025495750708215,0.6569536423841059,0.5996908809891809
Race: black,791,0.49459863945578236,0.7808219178082192,0.912,0.8413284132841329,0.7272727272727273
Race: others,791,0.5061965925375511,0.5660919540229885,0.8678414096916299,0.6852173913043478,0.539440203562341
Race: white,791,0.544098239025095,0.49050632911392406,0.5719557195571956,0.5281090289608177,0.49818840579710144
Overall,792,0.6046676360836977,0.611671469740634,0.7824884792626728,0.6866154468257177,0.6019517205957884
Gender: F,792,0.6657775231304643,0.6497252747252747,0.8431372549019608,0.7339022498060512,0.6503567787971458
Gender: M,792,0.5291397533763946,0.5696969696969697,0.7175572519083969,0.6351351351351351,0.5527950310559007
Age: Adult,792,0.5920327778542901,0.5977961432506887,0.791970802919708,0.6813186813186813,0.5823045267489712
Age: Senior,792,0.5262873490146217,0.6450079239302694,0.8222222222222222,0.7229129662522202,0.6005121638924455
Age: Young,792,0.6693472666573932,0.5710659898477157,0.7120253164556962,0.6338028169014085,0.6176470588235294
Race: black,792,0.42600245056819547,0.7957446808510639,0.961439588688946,0.8707799767171129,0.7762096774193549
Race: others,792,0.5259847732538895,0.5587301587301587,0.8421052631578947,0.6717557251908397,0.532608695652174
Race: white,792,0.5732553091796095,0.49585406301824214,0.6139630390143738,0.5486238532110091,0.5457063711911357
Overall,793,0.5738382994900008,0.6252771618625277,0.7299396031061259,0.6735668789808917,0.5831215048296898
Gender: F,793,0.5928095526185156,0.6657929226736566,0.8037974683544303,0.72831541218638,0.635576923076923
Gender: M,793,0.5331759962049336,0.5728813559322034,0.6413662239089184,0.6051924798567592,0.5242718446601942
Age: Adult,793,0.5518027497194165,0.5783132530120482,0.7272727272727273,0.6442953020134228,0.5583333333333333
Age: Senior,793,0.5202772139051003,0.6574923547400612,0.7637655417406749,0.7066557107641742,0.5765124555160143
Age: Young,793,0.6251689450108124,0.6103542234332425,0.6746987951807228,0.6409155937052933,0.610248447204969
Race: black,793,0.48632930513595163,0.7482185273159145,0.9516616314199395,0.8377659574468085,0.729490022172949
Race: others,793,0.5178424410826387,0.6129032258064516,0.8495934959349594,0.7120954003407155,0.5816831683168316
Race: white,793,0.5438192958568372,0.544839255499154,0.5532646048109966,0.5490196078431373,0.5242805755395683
Overall,794,0.57023093045167,0.630418809698751,0.727735368956743,0.6755905511811023,0.5823618854536239
Gender: F,794,0.604600418034259,0.6486486486486487,0.8053691275167785,0.718562874251497,0.6266137040714995
Gender: M,794,0.524078660390794,0.6086956521739131,0.6483704974271012,0.627906976744186,0.5362318840579711
Age: Adult,794,0.6235733394922724,0.5981873111782477,0.7888446215139442,0.6804123711340206,0.5938864628820961
Age: Senior,794,0.4882708926642443,0.6739469578783152,0.7212020033388982,0.6967741935483871,0.5683122847301951
Age: Young,794,0.617455492835432,0.5861182519280206,0.6930091185410334,0.6350974930362117,0.593167701863354
Race: black,794,0.4530395169903441,0.7577639751552795,0.9812332439678284,0.8551401869158879,0.75
Race: others,794,0.48170667230622816,0.5563380281690141,0.8186528497409327,0.6624737945492662,0.5264705882352941
Race: white,794,0.5576441726959144,0.5622895622895623,0.5448613376835236,0.5534382767191384,0.5259454705364995
Overall,795,0.5860095162502783,0.6352339181286549,0.7408354646206309,0.683982683982684,0.5954659949622166
Gender: F,795,0.6107700698080278,0.6545961002785515,0.8202443280977313,0.7281177381874516,0.6392600205549845
Gender: M,795,0.5612115695792881,0.6138461538461538,0.665,0.6384,0.5533596837944664
Age: Adult,795,0.5904205607476636,0.6065989847715736,0.8241379310344827,0.6988304093567251,0.5912698412698413
Age: Senior,795,0.5128642529022036,0.680952380952381,0.7647058823529411,0.7204030226700252,0.6035714285714285
Age: Young,795,0.6400192760762475,0.5843023255813954,0.6242236024844721,0.6036036036036037,0.5881435257410297
Race: black,795,0.46337266470009836,0.7668997668997669,0.9705014749262537,0.8567708333333334,0.7539149888143176
Race: others,795,0.5199960512460512,0.6005509641873278,0.8416988416988417,0.7009646302250804,0.5724137931034483
Race: white,795,0.5569400527009222,0.5590277777777778,0.56,0.5595134665508253,0.5403445149592022
Overall,796,0.5772006546148178,0.6211453744493393,0.7261802575107296,0.669568658488326,0.573326520183955
Gender: F,796,0.60590263406235,0.6836461126005362,0.7894736842105263,0.7327586206896551,0.6352941176470588
Gender: M,796,0.5263641895068728,0.5454545454545454,0.6473988439306358,0.5920704845814978,0.5058697972251868
Age: Adult,796,0.5887754240864208,0.5966850828729282,0.7474048442906575,0.663594470046083,0.5566801619433198
Age: Senior,796,0.5029003402874496,0.6411483253588517,0.7821011673151751,0.7046450482033304,0.5707006369426751
Age: Young,796,0.6321989299951046,0.6112600536193029,0.6298342541436464,0.6204081632653061,0.588495575221239
Race: black,796,0.434493886923602,0.7243589743589743,0.9186991869918699,0.8100358422939068,0.682
Race: others,796,0.533514203638685,0.6388888888888888,0.8589211618257261,0.7327433628318584,0.6067708333333334
Race: white,796,0.5572280774983479,0.5263157894736842,0.5405405405405406,0.5333333333333333,0.51071761416589
Overall,797,0.5745663156546076,0.6097014925373134,0.7607076350093109,0.6768848384424192,0.593114241001565
Gender: F,797,0.5929572393929322,0.632183908045977,0.8286252354048964,0.7171964140179299,0.630457933972311
Gender: M,797,0.5482716284583307,0.5854037267080745,0.6942909760589319,0.6352148272957034,0.5572597137014315
Age: Adult,797,0.5226285365503375,0.5601092896174863,0.7765151515151515,0.6507936507936508,0.5368421052631579
Age: Senior,797,0.5098183391003459,0.6557632398753894,0.8096153846153846,0.7246127366609294,0.6044499381953028
Age: Young,797,0.6612043832311248,0.5753012048192772,0.6586206896551724,0.6141479099678456,0.6208530805687204
Race: black,797,0.4652838640568701,0.7276995305164319,0.950920245398773,0.824468085106383,0.7079646017699115
Race: others,797,0.39597602739726023,0.5674846625766872,0.8447488584474886,0.6788990825688074,0.5382585751978892
Race: white,797,0.5893915894289216,0.5476190476190477,0.6086956521739131,0.576544315129812,0.5644567219152854
Overall,798,0.5868668833646172,0.6406570841889117,0.7703703703703704,0.6995515695067265,0.6027667984189723
Gender: F,798,0.628551694309345,0.6577896138482024,0.8415672913117547,0.7384155455904334,0.6402877697841727
Gender: M,798,0.5353744108656698,0.6225352112676056,0.7038216560509554,0.6606875934230194,0.5680304471931494
Age: Adult,798,0.6563603940217392,0.592375366568915,0.7890625,0.6767169179229481,0.602880658436214
Age: Senior,798,0.5030728587319244,0.6818791946308724,0.8193548387096774,0.7443223443223443,0.6164835164835165
Age: Young,798,0.6173612599646834,0.6026666666666667,0.6666666666666666,0.6330532212885154,0.5828025477707006
Race: black,798,0.5191590030654405,0.7554585152838428,0.9453551912568307,0.8398058252427184,0.7300613496932515
Race: others,798,0.501228269085412,0.6666666666666666,0.8639455782312925,0.7525925925925926,0.6337719298245614
Race: white,798,0.5485300185681866,0.5401929260450161,0.6054054054054054,0.5709430756159728,0.5319740500463392
Overall,799,0.5720592176833209,0.5929721815519766,0.7330316742081447,0.6556050182112505,0.5671414038657172
Gender: F,799,0.5986835926813634,0.6443228454172366,0.7942664418212478,0.7114803625377644,0.6202783300198808
Gender: M,799,0.5283922467912947,0.5338582677165354,0.662109375,0.5911072362685266,0.5114583333333333
Age: Adult,799,0.5574224631135201,0.5581395348837209,0.8,0.6575342465753424,0.563953488372093
Age: Senior,799,0.5188669670766857,0.5840407470288624,0.7494553376906318,0.6564885496183206,0.5390524967989757
Age: Young,799,0.6323524072325902,0.6410256410256411,0.6648936170212766,0.6527415143603134,0.6023916292974589
Race: black,799,0.493804548002242,0.7154811715481172,0.9447513812154696,0.8142857142857143,0.688
Race: others,799,0.4847228619683709,0.5597667638483965,0.8205128205128205,0.6655112651646448,0.5187032418952618
Race: white,799,0.5301780186852482,0.5064220183486239,0.5422396856581533,0.523719165085389,0.5286384976525822
Overall,800,0.5640748940164448,0.6339285714285714,0.7023907666941468,0.6664059444661713,0.5764647467725919
Gender: F,800,0.6058893941065205,0.6460905349794238,0.8023850085178875,0.71580547112462,0.6274900398406374
Gender: M,800,0.517488684771033,0.6195121951219512,0.6086261980830671,0.6140209508460919,0.5257425742574258
Age: Adult,800,0.5653899681890479,0.6240601503759399,0.7638036809815951,0.6868965517241379,0.5811808118081181
Age: Senior,800,0.4779762149988327,0.679465776293823,0.7293906810035843,0.7035436473638721,0.5811965811965812
Age: Young,800,0.6295921047694099,0.5664739884393064,0.5957446808510638,0.5807407407407408,0.5666156202143952
Race: black,800,0.5167191562215975,0.772256728778468,0.9539641943734015,0.8535469107551488,0.75
Race: others,800,0.48431933363440205,0.5446153846153846,0.8082191780821918,0.6507352941176471,0.5261845386533666
Race: white,800,0.5349540783365635,0.5634328358208955,0.5008291873963516,0.5302897278314311,0.5140781108083561
Overall,801,0.56129496529149,0.625648628613788,0.733275412684622,0.6752,0.582089552238806
Gender: F,801,0.6029890115897659,0.6244541484716157,0.7973977695167286,0.7004081632653061,0.6120507399577167
Gender: M,801,0.5233610318107668,0.6268882175226587,0.6769983686786297,0.6509803921568628,0.5536609829488466
Age: Adult,801,0.6530526188970212,0.6501240694789082,0.8562091503267973,0.7390691114245416,0.6462715105162524
Age: Senior,801,0.4480832596640682,0.6627118644067796,0.722735674676525,0.6914235190097259,0.5604534005037783
Age: Young,801,0.5974583197123243,0.5365168539325843,0.6282894736842105,0.5787878787878787,0.5559105431309904
Race: black,801,0.45932737885376274,0.7704590818363274,0.9601990049751243,0.8549280177187154,0.7523629489603024
Race: others,801,0.4484270761444674,0.5607476635514018,0.8333333333333334,0.6703910614525139,0.5305039787798409
Race: white,801,0.5359897555019506,0.5275142314990512,0.5215759849906192,0.5245283018867924,0.5139826422372228
Overall,802,0.580284188034188,0.6214442013129103,0.7573333333333333,0.6826923076923077,0.5952989269289729
Gender: F,802,0.5951451256019784,0.6502732240437158,0.805414551607445,0.7195767195767195,0.6218144750254841
Gender: M,802,0.5509219245174302,0.5884194053208138,0.704119850187266,0.6410912190963342,0.5686475409836066
Age: Adult,802,0.6261608273533136,0.6363636363636364,0.8115942028985508,0.7133757961783439,0.6265560165975104
Age: Senior,802,0.4795179964762144,0.6474464579901154,0.7528735632183908,0.6961913197519929,0.5690954773869347
Age: Young,802,0.6365895190436476,0.5703883495145631,0.7186544342507645,0.6359945872801083,0.6038291605301914
Race: black,802,0.4590259342454564,0.7906066536203522,0.9734939759036144,0.8725701943844493,0.7786116322701688
Race: others,802,0.5022651378931882,0.556497175141243,0.8602620087336245,0.6758147512864494,0.5456730769230769
Race: white,802,0.5150500814637436,0.49604743083003955,0.5218295218295218,0.5086119554204661,0.5188492063492064
Overall,803,0.5718395815170009,0.5967859751643535,0.7360360360360361,0.6591367486889875,0.5659989727786338
Gender: F,803,0.6123159303882196,0.6197771587743732,0.7974910394265233,0.6974921630094044,0.6032887975334018
Gender: M,803,0.5228552785218765,0.5714285714285714,0.6739130434782609,0.6184538653366584,0.528747433264887
Age: Adult,803,0.6206919695291789,0.5508474576271186,0.7558139534883721,0.6372549019607843,0.5460122699386503
Age: Senior,803,0.4686771848512745,0.6387195121951219,0.7688073394495413,0.697751873438801,0.564748201438849
Age: Young,803,0.6335299376278014,0.5654596100278552,0.6612377850162866,0.6096096096096096,0.5833333333333334
Race: black,803,0.4833354569779929,0.7490118577075099,0.9451371571072319,0.8357221609702316,0.7230483271375465
Race: others,803,0.5422654268808116,0.5392156862745098,0.8461538461538461,0.6586826347305389,0.5464190981432361
Race: white,803,0.5269500323002269,0.49012567324955114,0.5311284046692607,0.5098039215686274,0.49127906976744184
Overall,804,0.5810974017495757,0.6079828937990022,0.7436791630340017,0.6690196078431373,0.5726582278481013
Gender: F,804,0.6180884676145338,0.6348167539267016,0.7661927330173776,0.6943450250536864,0.5960264900662252
Gender: M,804,0.5259900990099009,0.5758998435054773,0.7159533073929961,0.6383347788378144,0.545751633986928
Age: Adult,804,0.5234140715109573,0.5281899109792285,0.6980392156862745,0.6013513513513513,0.485838779956427
Age: Senior,804,0.4990495319393135,0.6581920903954802,0.8189806678383128,0.7298355520751761,0.6002317497103129
Age: Young,804,0.6759405197485693,0.5837988826815642,0.6470588235294118,0.6138032305433186,0.5972434915773354
Race: black,804,0.475671201324408,0.7673545966228893,0.9714964370546318,0.8574423480083857,0.7540687160940326
Race: others,804,0.4578250261415127,0.5333333333333333,0.8,0.64,0.49853372434017595
Race: white,804,0.5596775297822812,0.49914529914529915,0.5447761194029851,0.5209634255129348,0.5032377428307123
Overall,805,0.5873300773046902,0.6205357142857143,0.7387068201948627,0.6744844318641326,0.5936395759717314
Gender: F,805,0.6280423280423281,0.6499339498018494,0.841025641025641,0.7332339791356185,0.6437810945273632
Gender: M,805,0.5340860736655774,0.5826235093696763,0.6286764705882353,0.6047745358090185,0.5420081967213115
Age: Adult,805,0.5481988105352591,0.5854922279792746,0.8218181818181818,0.6838124054462935,0.5725971370143149
Age: Senior,805,0.5401115526466158,0.6871794871794872,0.7282608695652174,0.7071240105540897,0.5992779783393501
Age: Young,805,0.650736040140936,0.5522788203753352,0.6821192052980133,0.6103703703703703,0.6021180030257186
Race: black,805,0.4880100688924218,0.7130977130977131,0.9607843137254902,0.8186157517899761,0.699009900990099
Race: others,805,0.5409590734595615,0.6279863481228669,0.8440366972477065,0.7201565557729941,0.6016713091922006
Race: white,805,0.5551471295471012,0.5385964912280702,0.5541516245487365,0.5462633451957295,0.5434198746642793
Overall,806,0.5732340388736883,0.5770020533880903,0.7827298050139275,0.6643026004728132,0.5694795351187468
Gender: F,806,0.6343214211939682,0.6485753052917232,0.8475177304964538,0.7348193697156034,0.6465163934426229
Gender: M,806,0.48989537335401995,0.5041436464088398,0.7115009746588694,0.5901374292643492,0.4945164506480558
Age: Adult,806,0.537670410906298,0.4208955223880597,0.8392857142857143,0.5606361829025845,0.46875
Age: Senior,806,0.5176998869132119,0.6565656565656566,0.8183453237410072,0.7285828662930345,0.6035087719298246
Age: Young,806,0.652715157802338,0.5704387990762124,0.6997167138810199,0.628498727735369,0.5875706214689266
Race: black,806,0.48905049576465953,0.7100591715976331,0.9278350515463918,0.8044692737430168,0.6788990825688074
Race: others,806,0.4892873623838091,0.5596816976127321,0.9134199134199135,0.694078947368421,0.5654205607476636
Race: white,806,0.5541269563000031,0.4714038128249567,0.5938864628820961,0.5256038647342995,0.5119284294234593
Overall,807,0.558079690450767,0.5997001499250375,0.709849157054126,0.650142218610321,0.5591397849462365
Gender: F,807,0.6042393874563676,0.628686327077748,0.8072289156626506,0.7068575734740015,0.6144697720515362
Gender: M,807,0.5029267215196863,0.5629251700680272,0.6062271062271062,0.5837742504409171,0.5
Age: Adult,807,0.596152784169351,0.592896174863388,0.8188679245283019,0.687797147385103,0.5808510638297872
Age: Senior,807,0.4391055201410552,0.6070826306913997,0.7128712871287128,0.6557377049180327,0.5257214554579673
Age: Young,807,0.6489787404323432,0.5946666666666667,0.6246498599439776,0.6092896174863388,0.5830903790087464
Race: black,807,0.4594584213558671,0.7659574468085106,0.9658536585365853,0.8543689320388349,0.7486033519553073
Race: others,807,0.5066137566137566,0.47368421052631576,0.8470588235294118,0.6075949367088608,0.4818941504178273
Race: white,807,0.5118507366383482,0.50682261208577,0.4753199268738574,0.49056603773584906,0.489120151371807
Overall,808,0.5768120600861244,0.5979073243647235,0.7554296506137866,0.6675010429703796,0.5816272965879266
Gender: F,808,0.6046313467996591,0.6282578875171467,0.8149466192170819,0.7095274980635167,0.6204453441295547
Gender: M,808,0.5396809427996551,0.5615763546798029,0.6881287726358148,0.6184448462929476,0.5398037077426391
Age: Adult,808,0.5231864499599054,0.5521472392638037,0.728744939271255,0.6282722513089005,0.5308370044052864
Age: Senior,808,0.5389319710873829,0.6363636363636364,0.8071570576540755,0.7116564417177914,0.591304347826087
Age: Young,808,0.6407190804067875,0.5721925133689839,0.6925566343042071,0.6266471449487555,0.6052631578947368
Race: black,808,0.43612882215823395,0.6968503937007874,0.946524064171123,0.8027210884353742,0.6716981132075471
Race: others,808,0.5410610465116279,0.5234657039711191,0.8430232558139535,0.6458797327394209,0.5210843373493976
Race: white,808,0.5655779910993416,0.5443037974683544,0.5867446393762183,0.5647279549718575,0.5551294343240653
Overall,809,0.5728484683475376,0.6399416909620991,0.7523564695801199,0.6916108704214258,0.6043456291056089
Gender: F,809,0.5865260017050299,0.6298984034833092,0.7862318840579711,0.6994359387590653,0.6182190378710338
Gender: M,809,0.5592214449276276,0.6500732064421669,0.7219512195121951,0.6841294298921418,0.590818363273453
Age: Adult,809,0.5872673225281336,0.6321525885558583,0.8169014084507042,0.7127496159754224,0.6128364389233955
Age: Senior,809,0.5035288987286572,0.666110183639399,0.762906309751434,0.7112299465240641,0.599009900990099
Age: Young,809,0.6241488821138211,0.6083743842364532,0.6861111111111111,0.6449086161879896,0.6046511627906976
Race: black,809,0.4369657597811753,0.7505668934240363,0.9538904899135446,0.8401015228426396,0.7290322580645161
Race: others,809,0.5031798245614035,0.6090909090909091,0.8375,0.7052631578947368,0.5912408759124088
Race: white,809,0.5633826729082878,0.5757071547420965,0.596551724137931,0.5859441151566469,0.556663644605621
Overall,810,0.5734538027133241,0.600749063670412,0.7304189435336976,0.6592683929305384,0.5759590792838875
Gender: F,810,0.637222730972731,0.6354466858789626,0.8076923076923077,0.7112903225806452,0.6339468302658486
Gender: M,810,0.4966027280477408,0.5631825273010921,0.6539855072463768,0.6051969823973177,0.5179119754350051
Age: Adult,810,0.5502173436586791,0.525679758308157,0.75,0.6181172291296625,0.5405982905982906
Age: Senior,810,0.47938066365920057,0.6527131782945736,0.7696526508226691,0.7063758389261745,0.5757575757575758
Age: Young,810,0.6528555891680453,0.5766016713091922,0.6489028213166145,0.6106194690265486,0.6012084592145015
Race: black,810,0.41641533325659025,0.7478070175438597,0.9342465753424658,0.830694275274056,0.7128099173553719
Race: others,810,0.5088407005838198,0.5792682926829268,0.8715596330275229,0.6959706959706959,0.566579634464752
Race: white,810,0.5502888900184686,0.49183303085299457,0.5262135922330097,0.5084427767354597,0.5183823529411765
Overall,811,0.5886717396151357,0.6558105107327905,0.7256347256347256,0.6889580093312597,0.5924605196128375
Gender: F,811,0.6263479294425687,0.6804979253112033,0.7797147385103012,0.7267355982274741,0.6296296296296297
Gender: M,811,0.5391597933472311,0.6273885350318471,0.6677966101694915,0.6469622331691297,0.553941908713693
Age: Adult,811,0.5780666251556662,0.5616438356164384,0.7765151515151515,0.6518282988871225,0.546583850931677
Age: Senior,811,0.5156590349664497,0.7190839694656489,0.7464342313787639,0.7325038880248833,0.6027713625866051
Age: Young,811,0.6673430044308112,0.6344410876132931,0.6441717791411042,0.639269406392694,0.6140065146579805
Race: black,811,0.4871579775885996,0.7684426229508197,0.9398496240601504,0.8455467869222097,0.7365384615384616
Race: others,811,0.5087700244366006,0.6498516320474778,0.8622047244094488,0.7411167512690355,0.6165413533834586
Race: white,811,0.5476868564327139,0.5551330798479087,0.5140845070422535,0.5338208409506399,0.5114942528735632
Overall,812,0.5543742399571284,0.6289173789173789,0.7389121338912134,0.6794921123509042,0.5849526656701545
Gender: F,812,0.5890628813909387,0.6339869281045751,0.7886178861788617,0.7028985507246377,0.6087786259541985
Gender: M,812,0.5143458284050588,0.622848200312989,0.6862068965517242,0.6529942575881871,0.5589155370177268
Age: Adult,812,0.5077430626229731,0.5714285714285714,0.7197231833910035,0.6370597243491577,0.5192697768762677
Age: Senior,812,0.5071209585811826,0.6921921921921922,0.7826825127334465,0.7346613545816733,0.615916955017301
Age: Young,812,0.6282190995124748,0.5721925133689839,0.6750788643533123,0.6193921852387844,0.5935085007727975
Race: black,812,0.4039012563367864,0.7282608695652174,0.9598853868194842,0.8281829419035847,0.7098121085594989
Race: others,812,0.48977556708958087,0.6329787234042553,0.875,0.7345679012345679,0.5952941176470589
Race: white,812,0.5370003227442484,0.545774647887324,0.5400696864111498,0.542907180385289,0.5267452402538532
Overall,813,0.5502667725942713,0.6066522053506869,0.7321116928446771,0.6635033610122578,0.5635897435897436
Gender: F,813,0.6033780717383265,0.6559571619812584,0.8112582781456954,0.7253886010362695,0.6282565130260521
Gender: M,813,0.477630276302763,0.5487421383647799,0.6439114391143912,0.5925297113752123,0.4957983193277311
Age: Adult,813,0.5585650762281198,0.5306666666666666,0.7865612648221344,0.6337579617834395,0.5178197064989518
Age: Senior,813,0.4965957718592322,0.7053435114503817,0.752442996742671,0.7281323877068558,0.6029919447640967
Age: Young,813,0.5985993934381031,0.5042492917847026,0.6379928315412187,0.5632911392405063,0.543046357615894
Race: black,813,0.42129413074952665,0.7479166666666667,0.9835616438356164,0.8497041420118343,0.7397540983606558
Race: others,813,0.4641250831669993,0.5542168674698795,0.8177777777777778,0.6606822262118492,0.5178571428571429
Race: white,813,0.5292843546174733,0.5183887915936952,0.5323741007194245,0.5252883762200532,0.5
Overall,814,0.5879613212951093,0.6422287390029325,0.7287853577371048,0.6827747466874513,0.5919799498746867
Gender: F,814,0.6484405036524412,0.6800535475234271,0.8300653594771242,0.7476085356880059,0.6637254901960784
Gender: M,814,0.5117741580453445,0.5964343598055105,0.6237288135593221,0.6097763048881525,0.5169230769230769
Age: Adult,814,0.5443679405848677,0.6167146974063401,0.7615658362989324,0.6815286624203821,0.5698924731182796
Age: Senior,814,0.5452880081559832,0.6558139534883721,0.7951127819548872,0.7187765505522515,0.599758162031439
Age: Young,814,0.6433530365300543,0.6424731182795699,0.6143958868894601,0.6281208935611038,0.5974395448079659
Race: black,814,0.506647336134288,0.7438524590163934,0.937984496124031,0.8297142857142857,0.7123552123552124
Race: others,814,0.552859662383472,0.6190476190476191,0.7959183673469388,0.6964285714285714,0.5823095823095823
Race: white,814,0.5572105263157896,0.5668449197860963,0.5578947368421052,0.5623342175066313,0.5373831775700935
Overall,815,0.5651785169329545,0.6198997852541159,0.7446259673258814,0.6765625,0.5788402848423194
Gender: F,815,0.6106284935703495,0.6788990825688074,0.8131868131868132,0.74,0.6388888888888888
Gender: M,815,0.5013400401351922,0.5488958990536278,0.6615969581749049,0.6,0.5156576200417536
Age: Adult,815,0.5270000949036728,0.5,0.688715953307393,0.5793780687397708,0.48906560636182905
Age: Senior,815,0.4964536565211404,0.6583850931677019,0.8,0.7223168654173765,0.5945273631840796
Age: Young,815,0.6550165401097663,0.6641604010025063,0.7047872340425532,0.6838709677419355,0.6282245827010622
Race: black,815,0.45604408684060177,0.7510729613733905,0.9831460674157303,0.851581508515815,0.7426160337552743
Race: others,815,0.481183159604711,0.6239316239316239,0.8202247191011236,0.7087378640776699,0.5842956120092379
Race: white,815,0.5296242774566474,0.5120689655172413,0.55,0.5303571428571429,0.5033050047214354
Overall,816,0.6153349712187844,0.6523350630096367,0.7547169811320755,0.6998011928429424,0.6155804480651731
Gender: F,816,0.6306728795828243,0.6776859504132231,0.7897271268057785,0.7294292068198666,0.6439024390243903
Gender: M,816,0.5914392544226799,0.622792937399679,0.714548802946593,0.6655231560891939,0.5846645367412141
Age: Adult,816,0.5935306013431013,0.5947712418300654,0.7222222222222222,0.6523297491039427,0.5782608695652174
Age: Senior,816,0.5578820189792495,0.6563421828908554,0.8195211786372008,0.7289107289107289,0.6137689614935823
Age: Young,816,0.6839915621703972,0.6931506849315069,0.6819407008086253,0.6875,0.6445131375579598
Race: black,816,0.48463756926151325,0.7878787878787878,0.9653465346534653,0.8676307007786429,0.7680311890838206
Race: others,816,0.5395078435704816,0.6565349544072948,0.8709677419354839,0.7487001733102253,0.631979695431472
Race: white,816,0.5555854132181066,0.5219047619047619,0.5330739299610895,0.5274302213666987,0.5354777672658467
Overall,817,0.554541798622631,0.5637636080870918,0.6924546322827125,0.6215173596228033,0.5403435710567412
Gender: F,817,0.5999014320252929,0.5833333333333334,0.7667844522968198,0.6625954198473283,0.5754082612872238
Gender: M,817,0.495860232702338,0.5369003690036901,0.604989604989605,0.5689149560117303,0.49886363636363634
Age: Adult,817,0.5205773765202283,0.4577259475218659,0.6624472573839663,0.5413793103448276,0.4774066797642436
Age: Senior,817,0.5134159502809721,0.6391231028667791,0.747534516765286,0.6890909090909091,0.5569948186528497
Age: Young,817,0.6027068582229143,0.54,0.6237623762376238,0.5788667687595712,0.5703125
Race: black,817,0.49982757921213844,0.6674107142857143,0.9522292993630573,0.7847769028871391,0.6518046709129511
Race: others,817,0.45462646136298834,0.5791044776119403,0.7698412698412699,0.6609880749574105,0.5250596658711217
Race: white,817,0.5364978264978266,0.46123260437375746,0.48232848232848236,0.4715447154471545,0.495635305528613
Overall,818,0.583370494360141,0.6428571428571429,0.7277227722772277,0.6826625386996904,0.5854398382204247
Gender: F,818,0.6369000712972345,0.6652236652236653,0.8173758865248227,0.7334924423229913,0.6443736730360934
Gender: M,818,0.5242061219294896,0.6200294550810015,0.6496913580246914,0.6345139412207988,0.5318532818532818
Age: Adult,818,0.611534814692666,0.6146788990825688,0.7913385826771654,0.6919104991394148,0.597752808988764
Age: Senior,818,0.5206445030663781,0.6742209631728046,0.7727272727272727,0.7201210287443268,0.5907079646017699
Age: Young,818,0.6211361737677528,0.6047197640117994,0.5994152046783626,0.6020558002936858,0.5691573926868044
Race: black,818,0.42051059554256487,0.7731958762886598,0.959079283887468,0.8561643835616438,0.7495029821073559
Race: others,818,0.4653271692745377,0.5602836879432624,0.7559808612440191,0.6435845213849287,0.5098039215686274
Race: white,818,0.5864898989898989,0.5768595041322314,0.5702614379084967,0.5735414954806902,0.535778175313059
Overall,819,0.6102885660386187,0.6430092264017033,0.7717206132879046,0.7015098722415796,0.6096202531645569
Gender: F,819,0.6536473063782611,0.7068322981366459,0.8282387190684134,0.7627345844504021,0.6700838769804287
Gender: M,819,0.5352143687687093,0.5579470198675497,0.6919917864476386,0.617781851512374,0.5376940133037694
Age: Adult,819,0.5953542264400795,0.546583850931677,0.7652173913043478,0.6376811594202898,0.531615925058548
Age: Senior,819,0.6081212092550337,0.7165242165242165,0.8355481727574751,0.7714723926380368,0.6625141562853907
Age: Young,819,0.6370331142614017,0.5896103896103896,0.6637426900584795,0.624484181568088,0.5894736842105263
Race: black,819,0.5122185348728778,0.7780320366132724,0.9418282548476454,0.8521303258145363,0.7445887445887446
Race: others,819,0.5292403248924987,0.6540284360189573,0.9230769230769231,0.7656033287101248,0.6434599156118144
Race: white,819,0.5610802297572726,0.5272727272727272,0.5642023346303502,0.5451127819548872,0.534167468719923
Overall,820,0.5766074723247231,0.6246177370030581,0.753690036900369,0.6831103678929766,0.5976645435244161
Gender: F,820,0.5924343524271933,0.6647646219686163,0.8062283737024222,0.72869429241595,0.6366492146596858
Gender: M,820,0.5484446687036881,0.5782537067545305,0.6936758893280632,0.6307277628032345,0.5575888051668461
Age: Adult,820,0.5557829062122636,0.6246056782334385,0.7704280155642024,0.6898954703832753,0.5870069605568445
Age: Senior,820,0.527234365146453,0.6682098765432098,0.793040293040293,0.7252931323283082,0.5995115995115995
Age: Young,820,0.6103858135150665,0.5422740524781341,0.6619217081850534,0.5961538461538461,0.6025236593059937
Race: black,820,0.41072470688100166,0.7089552238805971,0.9223300970873787,0.8016877637130801,0.6728538283062645
Race: others,820,0.4844917394506997,0.5718849840255591,0.8099547511312217,0.6704119850187266,0.5521628498727735
Race: white,820,0.6051925628915111,0.5952782462057336,0.6371841155234657,0.6155187445510026,0.5839622641509434
Overall,821,0.5798439988265862,0.6203438395415473,0.7439862542955327,0.6765625,0.5826612903225806
Gender: F,821,0.6037692749089022,0.6573604060913706,0.7932618683001531,0.7189451769604441,0.6222014925373134
Gender: M,821,0.5350542430616219,0.5723684210526315,0.6810176125244618,0.6219839142091153,0.5361842105263158
Age: Adult,821,0.5167951127819549,0.5884057971014492,0.725,0.6496,0.5340425531914894
Age: Senior,821,0.49630446097792474,0.6568047337278107,0.774869109947644,0.710968775020016,0.5792540792540792
Age: Young,821,0.6760753063982476,0.584,0.7041800643086816,0.6384839650145773,0.6219512195121951
Race: black,821,0.4159362217213457,0.7651821862348178,0.9545454545454546,0.849438202247191,0.7408123791102514
Race: others,821,0.4747254201402673,0.5894428152492669,0.8777292576419214,0.7052631578947368,0.5736040609137056
Race: white,821,0.5566922376713709,0.5115864527629234,0.5324675324675324,0.5218181818181818,0.5097856477166822
Overall,822,0.5665732077071038,0.6137980085348507,0.7523975588491717,0.6760673717195457,0.5814777327935222
Gender: F,822,0.5800749339721148,0.6488250652741514,0.824212271973466,0.7260774287801315,0.6279761904761905
Gender: M,822,0.5398537215593784,0.571875,0.6727941176470589,0.6182432432432432,0.5330578512396694
Age: Adult,822,0.5718399697407331,0.5702702702702702,0.8053435114503816,0.6677215189873418,0.5661157024793388
Age: Senior,822,0.5081641646171893,0.6430722891566265,0.7806215722120659,0.7052023121387283,0.5819672131147541
Age: Young,822,0.6241568047337278,0.6048387096774194,0.665680473372781,0.6338028169014085,0.5924764890282131
Race: black,822,0.3980132604940001,0.7400881057268722,0.9256198347107438,0.8225214198286414,0.6985446985446986
Race: others,822,0.47092696629213476,0.5659340659340659,0.8583333333333333,0.6821192052980133,0.5406698564593302
Race: white,822,0.5697080896148328,0.5459183673469388,0.5900735294117647,0.5671378091872792,0.5450324976787372
Overall,823,0.5855246133663957,0.5833333333333334,0.7456813819577736,0.6545914069081719,0.5672823218997362
Gender: F,823,0.6194968286088391,0.5991440798858774,0.7749077490774908,0.6757843925985519,0.5870901639344263
Gender: M,823,0.5383174224343675,0.5657686212361331,0.714,0.6312997347480106,0.5462459194776932
Age: Adult,823,0.5736253494874186,0.5502958579881657,0.7181467181467182,0.6231155778894473,0.5417515274949084
Age: Senior,823,0.5265390724884739,0.610062893081761,0.7967145790554415,0.691006233303651,0.568944099378882
Age: Young,823,0.6490667647845866,0.5670391061452514,0.6858108108108109,0.6207951070336392,0.5859766277128547
Race: black,823,0.514448354816825,0.7238493723849372,0.9829545454545454,0.8337349397590361,0.7160493827160493
Race: others,823,0.4605312208760484,0.47202797202797203,0.7758620689655172,0.5869565217391305,0.47075208913649025
Race: white,823,0.5818744011845658,0.5211267605633803,0.5736434108527132,0.5461254612546126,0.5314285714285715
Overall,824,0.5631043708096957,0.5990747879722437,0.7012635379061372,0.6461538461538462,0.563141683778234
Gender: F,824,0.6007061052269009,0.6189024390243902,0.7341772151898734,0.6716294458229942,0.591983556012333
Gender: M,824,0.5166559416559416,0.5787831513260531,0.6684684684684684,0.6204013377926422,0.5343589743589744
Age: Adult,824,0.5118470017428989,0.584958217270195,0.7023411371237458,0.6382978723404256,0.53515625
Age: Senior,824,0.5077433347708074,0.6102819237147595,0.7374749498997996,0.6678765880217786,0.550920245398773
Age: Young,824,0.644232963385541,0.5940298507462687,0.6419354838709678,0.6170542635658914,0.6022544283413849
Race: black,824,0.39523609359674927,0.7117794486215538,0.9311475409836065,0.8068181818181818,0.6777251184834123
Race: others,824,0.5065004568594179,0.5891238670694864,0.8297872340425532,0.6890459363957597,0.5577889447236181
Race: white,824,0.5550521881287728,0.5255731922398589,0.5246478873239436,0.5251101321585903,0.5221631205673759
Overall,825,0.5174102196969206,0.5939306358381503,0.7154046997389034,0.6490327674694039,0.5452685421994885
Gender: F,825,0.5699895158011854,0.6137640449438202,0.75736568457539,0.6780449961210241,0.5773930753564155
Gender: M,825,0.4606686953943812,0.5729166666666666,0.6730769230769231,0.6189710610932476,0.512846865364851
Age: Adult,825,0.4377563226247437,0.5356125356125356,0.6714285714285714,0.595879556259905,0.4785276073619632
Age: Senior,825,0.48190901883594417,0.6646341463414634,0.7956204379562044,0.7242524916943521,0.592638036809816
Age: Young,825,0.5814641744548287,0.5251989389920424,0.616822429906542,0.5673352435530086,0.5360983102918587
Race: black,825,0.4329824561403508,0.6696428571428571,0.9287925696594427,0.7782101167315175,0.638477801268499
Race: others,825,0.4846486537867446,0.584045584045584,0.8232931726907631,0.6833333333333333,0.5454545454545454
Race: white,825,0.509236687675045,0.5418803418803418,0.5493934142114385,0.5456110154905336,0.5037593984962406
Overall,826,0.5616062105118821,0.6112737920937042,0.7389380530973452,0.6690705128205128,0.5804977145759269
Gender: F,826,0.5685341189455914,0.6384720327421555,0.7748344370860927,0.700074794315632,0.6037549407114624
Gender: M,826,0.5429851878644588,0.5797788309636651,0.6977186311787072,0.633304572907679,0.5559038662486938
Age: Adult,826,0.5283687943262412,0.5346820809248555,0.6776556776556777,0.5977382875605816,0.5098425196850394
Age: Senior,826,0.5352845109162799,0.6753445635528331,0.796028880866426,0.7307373653686827,0.6167452830188679
Age: Young,826,0.6196263174704568,0.5694822888283378,0.6897689768976898,0.6238805970149254,0.5889070146818923
Race: black,826,0.3747171945701357,0.7240663900414938,0.9257294429708223,0.8125727590221188,0.6861598440545809
Race: others,826,0.5354195703634875,0.5888888888888889,0.8582995951417004,0.6985172981878089,0.5744186046511628
Race: white,826,0.5502527363940407,0.5229007633587787,0.541501976284585,0.5320388349514563,0.530214424951267
Overall,827,0.6184737592504583,0.6398243045387995,0.7714033539276258,0.6994797919167667,0.6152663934426229
Gender: F,827,0.6490038717151394,0.6720430107526881,0.8116883116883117,0.7352941176470589,0.654510556621881
Gender: M,827,0.5751768127925347,0.6012861736334405,0.723404255319149,0.6567164179104478,0.5703296703296703
Age: Adult,827,0.576219380946231,0.6269592476489029,0.7662835249042146,0.6896551724137931,0.5899772209567198
Age: Senior,827,0.5451565282874526,0.6531531531531531,0.8085501858736059,0.7225913621262459,0.6065959952885748
Age: Young,827,0.7011567773543821,0.6272965879265092,0.7155688622754491,0.6685314685314685,0.6430722891566265
Race: black,827,0.5885317384674038,0.7438752783964365,0.9709302325581395,0.8423707440100883,0.7317596566523605
Race: others,827,0.48502281571064637,0.6239067055393586,0.8806584362139918,0.7303754266211604,0.5948717948717949
Race: white,827,0.5951448551448553,0.5679442508710801,0.5970695970695971,0.5821428571428572,0.572992700729927
Overall,828,0.5250559481743228,0.5710227272727273,0.7102473498233216,0.6330708661417322,0.5413385826771654
Gender: F,828,0.5588041401386157,0.6083123425692695,0.7815533980582524,0.6841359773371105,0.585886722376973
Gender: M,828,0.47130460485101955,0.5228013029315961,0.6245136186770428,0.5691489361702128,0.49109947643979057
Age: Adult,828,0.40878928513271456,0.4275,0.6404494382022472,0.512743628185907,0.4014732965009208
Age: Senior,828,0.5191820686666048,0.6636225266362252,0.7855855855855856,0.7194719471947195,0.5981087470449172
Age: Young,828,0.605841325196164,0.5612535612535613,0.635483870967742,0.5960665658093798,0.5847589424572317
Race: black,828,0.49493451939708427,0.6741344195519349,0.9323943661971831,0.7825059101654847,0.6501901140684411
Race: others,828,0.4221830349068548,0.5872235872235873,0.8385964912280702,0.6907514450867052,0.5532359081419624
Race: white,828,0.48891611579667194,0.4588235294117647,0.47560975609756095,0.46706586826347307,0.4800389483933788
Overall,829,0.5651199529740255,0.642128279883382,0.6958925750394944,0.6679302501895376,0.5705882352941176
Gender: F,829,0.603058542413381,0.6781002638522428,0.7614814814814815,0.7173761339846476,0.62430426716141
Gender: M,829,0.5107292222511072,0.5977198697068404,0.6209813874788495,0.6091286307053941,0.5103950103950103
Age: Adult,829,0.6592180051338468,0.6370967741935484,0.7821782178217822,0.7022222222222222,0.6127167630057804
Age: Senior,829,0.45521723646723644,0.6728971962616822,0.6923076923076923,0.6824644549763034,0.5503355704697986
Age: Young,829,0.6117000573582432,0.5921787709497207,0.6253687315634219,0.6083213773314203,0.5645933014354066
Race: black,829,0.44482859777051376,0.7530864197530864,0.9432989690721649,0.8375286041189931,0.7221135029354208
Race: others,829,0.5593543307086615,0.7024539877300614,0.9015748031496063,0.7896551724137931,0.6781002638522428
Race: white,829,0.4968024885444087,0.5107142857142857,0.4583333333333333,0.4831081081081081,0.4678260869565217
Overall,830,0.6017698121679264,0.6494623655913978,0.7796901893287436,0.7086429409464216,0.621250635485511
Gender: F,830,0.6552556281596862,0.6840659340659341,0.8045234248788369,0.7394209354120267,0.6562193927522038
Gender: M,830,0.531691412015775,0.6116941529235382,0.7513812154696132,0.6743801652892562,0.5835095137420718
Age: Adult,830,0.5625127980108234,0.6217494089834515,0.8270440251572327,0.7098515519568152,0.5966228893058161
Age: Senior,830,0.5058089844699997,0.682258064516129,0.7906542056074767,0.7324675324675325,0.6156716417910447
Age: Young,830,0.7082186532780853,0.625,0.7119741100323624,0.6656580937972768,0.6492063492063492
Race: black,830,0.47971351142082846,0.7648221343873518,0.9439024390243902,0.8449781659388647,0.7350746268656716
Race: others,830,0.5858391504086868,0.6327868852459017,0.8693693693693694,0.7324478178368121,0.6219839142091153
Race: white,830,0.5613815037164094,0.5582191780821918,0.6150943396226415,0.585278276481149,0.5633270321361059
Overall,831,0.590724059210892,0.6464011180992313,0.7721202003338898,0.7036896158235071,0.6122448979591837
Gender: F,831,0.5790675523860694,0.6840236686390533,0.8328530259365994,0.751137102014295,0.6540198735320687
Gender: M,831,0.577552943287868,0.5921501706484642,0.6884920634920635,0.636697247706422,0.5609756097560976
Age: Adult,831,0.5347976514992661,0.6070381231671554,0.8247011952191236,0.6993243243243243,0.5963718820861678
Age: Senior,831,0.5590412160187079,0.7068723702664796,0.8102893890675241,0.755056179775281,0.6354515050167224
Age: Young,831,0.6365051133837261,0.5676392572944297,0.6584615384615384,0.6096866096866097,0.5916542473919523
Race: black,831,0.4284640390085332,0.7875243664717348,0.9439252336448598,0.8586609989373007,0.7550644567219152
Race: others,831,0.4684494487450152,0.6574585635359116,0.9118773946360154,0.7640449438202247,0.6397058823529411
Race: white,831,0.5455928084998265,0.5089928057553957,0.555992141453831,0.5314553990610329,0.5283553875236295
Overall,832,0.5995730089926894,0.591246290801187,0.7476547842401501,0.6603148301574151,0.5764462809917356
Gender: F,832,0.6443239000601616,0.628808864265928,0.8121645796064401,0.7088212334113974,0.6299603174603174
Gender: M,832,0.5407525053057667,0.547923322683706,0.6765285996055227,0.6054721977052074,0.5183189655172413
Age: Adult,832,0.5596005644198415,0.5987261146496815,0.7550200803212851,0.6678507992895204,0.5691244239631337
Age: Senior,832,0.5648779263164501,0.5903426791277259,0.8063829787234043,0.6816546762589928,0.5624227441285538
Age: Young,832,0.656556612416918,0.5867346938775511,0.6628242074927954,0.6224627875507442,0.5974025974025974
Race: black,832,0.5594273463900294,0.7283464566929134,0.9814323607427056,0.8361581920903954,0.722753346080306
Race: others,832,0.46557011430164486,0.5286624203821656,0.7867298578199052,0.6323809523809524,0.49343832020997375
Race: white,832,0.5683484887391811,0.49619771863117873,0.5460251046025104,0.5199203187250996,0.5329457364341085
Overall,833,0.5829196216203228,0.5996978851963746,0.7448405253283302,0.6644351464435146,0.5833766233766233
Gender: F,833,0.6096957881097018,0.6514745308310992,0.8223350253807107,0.7270007479431563,0.6414538310412574
Gender: M,833,0.5331335282651072,0.532871972318339,0.6484210526315789,0.5849952516619183,0.5181918412348401
Age: Adult,833,0.5902163496977738,0.6242774566473989,0.8120300751879699,0.7058823529411765,0.6170212765957447
Age: Senior,833,0.4893890200708383,0.5804794520547946,0.7704545454545455,0.662109375,0.5374331550802139
Age: Young,833,0.6423110790906181,0.6065989847715736,0.6638888888888889,0.6339522546419099,0.6096181046676096
Race: black,833,0.4936708860759495,0.6988505747126437,0.9620253164556962,0.8095872170439414,0.6843267108167771
Race: others,833,0.45440714195900916,0.6045845272206304,0.8755186721991701,0.7152542372881356,0.5862068965517241
Race: white,833,0.5704800132621783,0.5166666666666667,0.5481335952848723,0.5319351763584366,0.5393996247654784
Overall,834,0.5730401700190951,0.6188707280832095,0.7162510748065348,0.6640095655639697,0.5768072289156626
Gender: F,834,0.6208784708100713,0.6527415143603134,0.794912559618442,0.7168458781362007,0.6270066100094429
Gender: M,834,0.506979058132222,0.5741379310344827,0.6235955056179775,0.5978456014362658,0.5198285101822079
Age: Adult,834,0.5545918367346938,0.6059701492537314,0.725,0.6601626016260163,0.5476190476190477
Age: Senior,834,0.49733895801071537,0.6359447004608295,0.7540983606557377,0.69,0.5654205607476636
Age: Young,834,0.6464071856287424,0.6,0.6467065868263473,0.622478386167147,0.6112759643916914
Race: black,834,0.47930152922412983,0.7670329670329671,0.9331550802139037,0.841978287092883,0.7315573770491803
Race: others,834,0.4898339719029374,0.656891495601173,0.8582375478927203,0.7441860465116279,0.6253041362530414
Race: white,834,0.5098199919549476,0.4727272727272727,0.49242424242424243,0.48237476808905383,0.48947849954254347
Overall,835,0.5882912947787812,0.6283320639756284,0.7320319432120674,0.6762295081967213,0.5934122490993309
Gender: F,835,0.6102936664475126,0.6550279329608939,0.8017094017094017,0.7209838585703305,0.6276923076923077
Gender: M,835,0.5521759090830345,0.5963149078726968,0.6568265682656826,0.6251097453906936,0.5588842975206612
Age: Adult,835,0.6322973871069293,0.5903614457831325,0.7747035573122529,0.67008547008547,0.5970772442588727
Age: Senior,835,0.5063598373457529,0.6422628951747088,0.7766599597585513,0.7030965391621129,0.5836526181353767
Age: Young,835,0.6295502931732515,0.6394736842105263,0.6445623342175066,0.6420079260237781,0.6020558002936858
Race: black,835,0.48713795364263957,0.7405857740585774,0.9147286821705426,0.8184971098265896,0.6986564299424184
Race: others,835,0.5437397340115508,0.6054216867469879,0.8626609442060086,0.7115044247787611,0.5873417721518988
Race: white,835,0.5470319374905174,0.536779324055666,0.5325443786982249,0.5346534653465347,0.5423563777994158
Overall,836,0.562137872531131,0.60646521433591,0.7458945548833189,0.6689922480620155,0.5774369124195943
Gender: F,836,0.6147355286329966,0.6432664756446992,0.7768166089965398,0.7037617554858934,0.6099071207430341
Gender: M,836,0.5024373144628597,0.5710344827586207,0.7150259067357513,0.6349693251533742,0.5475285171102662
Age: Adult,836,0.5585951151322176,0.5182481751824818,0.7802197802197802,0.6228070175438597,0.5359712230215827
Age: Senior,836,0.4551620124449841,0.6801872074882995,0.7278797996661102,0.7032258064516129,0.5735805330243338
Age: Young,836,0.6778349659638053,0.5768194070080862,0.7508771929824561,0.6524390243902439,0.6212624584717608
Race: black,836,0.4755364955899716,0.707843137254902,0.9652406417112299,0.8167420814479638,0.6931818181818182
Race: others,836,0.4763731473408893,0.5846645367412141,0.8243243243243243,0.6841121495327103,0.5517241379310345
Race: white,836,0.5471519647990237,0.5316666666666666,0.5686274509803921,0.549526270456503,0.5313620071684588
Overall,837,0.5665897977386332,0.5753823743627094,0.7376283846872083,0.646481178396072,0.5603053435114503
Gender: F,837,0.5815078679028076,0.5997229916897507,0.7858439201451906,0.6802827965435978,0.5905432595573441
Gender: M,837,0.5445932116663823,0.5483870967741935,0.6865384615384615,0.609735269000854,0.529351184346035
Age: Adult,837,0.5675602465906969,0.6034985422740525,0.7811320754716982,0.680921052631579,0.5845824411134903
Age: Senior,837,0.49061620956399443,0.580441640378549,0.7763713080168776,0.6642599277978339,0.5407407407407407
Age: Young,837,0.6315909706240693,0.5429292929292929,0.6475903614457831,0.5906593406593407,0.5668604651162791
Race: black,837,0.4296932742054693,0.6775510204081633,0.9146005509641874,0.7784290738569754,0.6413662239089184
Race: others,837,0.5048262548262548,0.5533707865168539,0.8794642857142857,0.6793103448275862,0.5452322738386308
Race: white,837,0.5620839335810145,0.4952561669829222,0.5392561983471075,0.516320474777448,0.5247813411078717
Overall,838,0.5600835037672068,0.5896656534954408,0.702262443438914,0.641057414291615,0.5564063297600816
Gender: F,838,0.5970613364428751,0.608,0.7875647668393783,0.6862302483069977,0.6028571428571429
Gender: M,838,0.5050481986319728,0.5653710247349824,0.6083650190114068,0.5860805860805861,0.5027502750275028
Age: Adult,838,0.5885009176084226,0.5659340659340659,0.789272030651341,0.6592,0.5731462925851704
Age: Senior,838,0.4849243986254295,0.616580310880829,0.714,0.6617238183503243,0.538558786346397
Age: Young,838,0.6042218246869411,0.5710455764075067,0.6191860465116279,0.5941422594142259,0.5650224215246636
Race: black,838,0.4173019304433572,0.7181069958847737,0.9331550802139037,0.8116279069767441,0.6854368932038835
Race: others,838,0.41871931260229134,0.5735294117647058,0.8297872340425532,0.6782608695652174,0.5345911949685535
Race: white,838,0.5381291282469225,0.48566308243727596,0.4990791896869245,0.49227974568574023,0.5035523978685613
Overall,839,0.5618803876306134,0.5836431226765799,0.7370892018779343,0.6514522821576764,0.5595175668589407
Gender: F,839,0.6108354151670408,0.6361185983827493,0.8353982300884956,0.722264728385616,0.6307222787385555
Gender: M,839,0.49269575471698107,0.5190713101160862,0.626,0.5675430643699003,0.4837662337662338
Age: Adult,839,0.5428530342249066,0.562111801242236,0.793859649122807,0.6581818181818182,0.5425790754257908
Age: Senior,839,0.5025608519269776,0.5980551053484603,0.7484787018255578,0.6648648648648648,0.5424354243542435
Age: Young,839,0.6227876106194691,0.5788177339901478,0.6831395348837209,0.6266666666666667,0.5900439238653001
Race: black,839,0.5621246246246246,0.7029914529914529,0.987987987987988,0.8214731585518102,0.7051546391752578
Race: others,839,0.47512994802079167,0.5236593059936908,0.8097560975609757,0.6360153256704981,0.5103092783505154
Race: white,839,0.534889160856173,0.5178571428571429,0.5502846299810247,0.5335786568537259,0.5096711798839458
Overall,840,0.5920035671819263,0.5813253012048193,0.7568627450980392,0.6575809199318569,0.5679742074153681
Gender: F,840,0.607394351680066,0.5941828254847645,0.7959183673469388,0.6804123711340206,0.5925176946410515
Gender: M,840,0.5689314141999564,0.566006600660066,0.7130977130977131,0.6310947562097516,0.5401376146788991
Age: Adult,840,0.5130379952811,0.5535714285714286,0.7717842323651453,0.6447140381282496,0.5393258426966292
Age: Senior,840,0.5784726793943384,0.6220839813374806,0.8163265306122449,0.706090026478376,0.58375
Age: Young,840,0.653116832269875,0.5329512893982808,0.643598615916955,0.5830721003134797,0.5681818181818182
Race: black,840,0.5040322580645161,0.7256235827664399,0.9142857142857143,0.809102402022756,0.6814345991561181
Race: others,840,0.5194363186318631,0.4876543209876543,0.8977272727272727,0.632,0.5132275132275133
Race: white,840,0.5766439998427734,0.522202486678508,0.5951417004048583,0.5562913907284768,0.535183349851338
Overall,841,0.5510827357216362,0.6166902404526167,0.7290969899665551,0.668199233716475,0.5729783037475346
Gender: F,841,0.5951454813770621,0.6163793103448276,0.7842778793418648,0.6902654867256637,0.5997920997920998
Gender: M,841,0.5131358703484055,0.616991643454039,0.6825885978428351,0.648134601316752,0.5487804878048781
Age: Adult,841,0.5952578084851252,0.5845070422535211,0.7867298578199052,0.6707070707070707,0.5676392572944297
Age: Senior,841,0.4377318615824363,0.6406035665294925,0.7668308702791461,0.6980568011958147,0.5669882100750268
Age: Young,841,0.6252138546721413,0.5960099750623441,0.6356382978723404,0.6151866151866152,0.5835654596100278
Race: black,841,0.3779262304442161,0.7647058823529411,0.935251798561151,0.8414239482200647,0.7292817679558011
Race: others,841,0.5272082752208275,0.5673352435530086,0.8284518828451883,0.673469387755102,0.5417661097852029
Race: white,841,0.5242571468807211,0.5117117117117117,0.5259259259259259,0.5187214611872146,0.5056285178236398
Overall,842,0.5818330447576777,0.6346837242359631,0.7367986798679867,0.6819396716303933,0.5884387351778656
Gender: F,842,0.6682727463171501,0.6634877384196185,0.8296422487223168,0.7373202119606359,0.6591355599214146
Gender: M,842,0.4818057742782152,0.6032689450222882,0.6496,0.6255778120184899,0.5168986083499006
Age: Adult,842,0.5409090909090909,0.56797583081571,0.752,0.6471600688468159,0.5533769063180828
Age: Senior,842,0.5421769666882916,0.6809728183118741,0.7867768595041322,0.7300613496932515,0.6080178173719376
Age: Young,842,0.643950483419174,0.6074270557029178,0.6414565826330533,0.6239782016348774,0.5862068965517241
Race: black,842,0.519726582278481,0.7670682730923695,0.9670886075949368,0.8555431131019037,0.7519230769230769
Race: others,842,0.42451270449008005,0.6133333333333333,0.8455882352941176,0.7109737248840804,0.5759637188208617
Race: white,842,0.5477896638447097,0.5262172284644194,0.5155963302752293,0.5208526413345691,0.5136406396989652
Overall,843,0.5609720507728637,0.604274134119381,0.7481751824817519,0.6685690990623726,0.5747907949790795
Gender: F,843,0.5938370038177485,0.6335978835978836,0.8344947735191638,0.7203007518796992,0.625
Gender: M,843,0.503511330599357,0.56738768718802,0.6532567049808429,0.6073018699910953,0.5206521739130435
Age: Adult,843,0.6249130266718206,0.603988603988604,0.8153846153846154,0.6939443535188216,0.5925925925925926
Age: Senior,843,0.48337245696400627,0.6205787781350482,0.7942386831275721,0.6967509025270758,0.5636363636363636
Age: Young,843,0.592020592020592,0.578125,0.6342857142857142,0.6049046321525886,0.575402635431918
Race: black,843,0.5453516479300158,0.7484662576687117,0.9408740359897172,0.8337129840546698,0.7208413001912046
Race: others,843,0.4288497618703998,0.5387096774193548,0.8146341463414634,0.6485436893203883,0.516042780748663
Race: white,843,0.5297892251656143,0.514336917562724,0.5717131474103586,0.5415094339622641,0.5211822660098522
Overall,844,0.5475733058210251,0.6233382570162481,0.733275412684622,0.6738522954091817,0.5812403895438237
Gender: F,844,0.6007140785848919,0.6097201767304861,0.7840909090909091,0.6859983429991715,0.5993657505285412
Gender: M,844,0.4939450219760826,0.6370370370370371,0.6902086677367576,0.662557781201849,0.564179104477612
Age: Adult,844,0.5522511708117064,0.6047745358090185,0.8056537102473498,0.6909090909090909,0.5853658536585366
Age: Senior,844,0.4490687197417967,0.6755070202808112,0.756993006993007,0.7139323990107173,0.5829326923076923
Age: Young,844,0.6156660814893443,0.5446428571428571,0.6182432432432432,0.5791139240506329,0.5757575757575758
Race: black,844,0.3645787435356323,0.7816326530612245,0.9503722084367245,0.8577827547592385,0.7509803921568627
Race: others,844,0.43860507246376806,0.5980066445182725,0.9,0.718562874251497,0.5828402366863905
Race: white,844,0.5010044716249096,0.4991119005328597,0.5127737226277372,0.5058505850585059,0.5022665457842248
Overall,845,0.5832711565973367,0.6367713004484304,0.7313304721030043,0.6807830603276068,0.5892030848329048
Gender: F,845,0.6164336322026459,0.679399727148704,0.7591463414634146,0.7170626349892009,0.6239234449760765
Gender: M,845,0.5371145468523105,0.5851239669421487,0.6954813359528488,0.6355475763016158,0.5488888888888889
Age: Adult,845,0.543085732352063,0.6060606060606061,0.6920415224913494,0.6462035541195477,0.5493827160493827
Age: Senior,845,0.5310261118762434,0.6414790996784566,0.8159509202453987,0.7182718271827183,0.6002554278416348
Age: Young,845,0.6528616006366068,0.655440414507772,0.6537467700258398,0.6545924967658473,0.6050295857988166
Race: black,845,0.5168839189218994,0.758695652173913,0.916010498687664,0.8299643281807372,0.714
Race: others,845,0.4227813262709664,0.6379310344827587,0.8473282442748091,0.7278688524590164,0.5941320293398533
Race: white,845,0.5566923088390954,0.530188679245283,0.5383141762452107,0.5342205323193916,0.527027027027027
Overall,846,0.6115404634682732,0.62397617274758,0.7529200359389039,0.6824104234527687,0.6028513238289206
Gender: F,846,0.6424815658758248,0.668141592920354,0.8046181172291297,0.7300564061240935,0.6532091097308489
Gender: M,846,0.5732873376623375,0.5789473684210527,0.7,0.6337448559670782,0.5541082164328658
Age: Adult,846,0.6458566358727922,0.6073170731707317,0.8217821782178217,0.6984572230014026,0.6033210332103321
Age: Senior,846,0.5263631954548603,0.6376554174067496,0.7821350762527233,0.7025440313111546,0.5902964959568733
Age: Young,846,0.6547683994492504,0.6216216216216216,0.6552706552706553,0.6380027739251041,0.6161764705882353
Race: black,846,0.4931266047797749,0.7803921568627451,0.9590361445783132,0.8605405405405405,0.7597765363128491
Race: others,846,0.47749920660107903,0.6258503401360545,0.8,0.7022900763358778,0.5749318801089919
Race: white,846,0.5564921893046892,0.4749536178107607,0.5470085470085471,0.5084409136047666,0.5330188679245284
Overall,847,0.5699046033920574,0.6426043878273178,0.7310789049919485,0.6839924670433145,0.5899315738025416
Gender: F,847,0.5947975999762667,0.6499372647427855,0.8144654088050315,0.7229588276343336,0.6254716981132076
Gender: M,847,0.5392652423137051,0.6331168831168831,0.6435643564356436,0.6382978723404256,0.5517241379310345
Age: Adult,847,0.558626060801375,0.5752212389380531,0.7471264367816092,0.65,0.5578947368421052
Age: Senior,847,0.5379191082916689,0.7104874446085672,0.7671451355661882,0.7377300613496932,0.6174496644295302
Age: Young,847,0.6171922828007206,0.5843828715365239,0.655367231638418,0.6178428761651131,0.5760709010339734
Race: black,847,0.4900049603174603,0.7443609022556391,0.9428571428571428,0.8319327731092437,0.7163120567375887
Race: others,847,0.4383379649943932,0.6119402985074627,0.7945736434108527,0.6913996627318718,0.5611510791366906
Race: white,847,0.5710564686230376,0.5622710622710623,0.5443262411347518,0.5531531531531532,0.5342723004694836
Overall,848,0.5503936217214925,0.6048158640226629,0.7374784110535406,0.6645914396887159,0.5728444003964321
Gender: F,848,0.579674067153476,0.5929078014184397,0.7827715355805244,0.6747376916868443,0.5933400605449042
Gender: M,848,0.5286731723611376,0.6166902404526167,0.6987179487179487,0.6551465063861758,0.5530671859785784
Age: Adult,848,0.5928271320648002,0.5074183976261127,0.7702702702702703,0.6118067978533095,0.5123595505617977
Age: Senior,848,0.49944514501891557,0.6752873563218391,0.8034188034188035,0.7338017174082748,0.6168539325842697
Age: Young,848,0.5733832766965297,0.5620052770448549,0.6068376068376068,0.5835616438356165,0.554904831625183
Race: black,848,0.40745792326344304,0.7057613168724279,0.9295392953929539,0.8023391812865497,0.6756238003838771
Race: others,848,0.4792565549286425,0.6279761904761905,0.8053435114503816,0.705685618729097,0.5839243498817966
Race: white,848,0.5508223222059951,0.5084745762711864,0.5692599620493358,0.5371530886302597,0.5186219739292365
Overall,849,0.5939807285212723,0.6316916488222698,0.7682291666666666,0.6933019976498237,0.6003062787136294
Gender: F,849,0.6276005047007694,0.6581560283687943,0.7904599659284497,0.718266253869969,0.631578947368421
Gender: M,849,0.5523082959152535,0.6048850574712644,0.7451327433628319,0.6677240285487708,0.568486096807415
Age: Adult,849,0.6289862639569443,0.551829268292683,0.7669491525423728,0.6418439716312057,0.5480984340044742
Age: Senior,849,0.5089077380041033,0.6628242074927954,0.8141592920353983,0.7307386814932486,0.6030444964871194
Age: Young,849,0.6520133262804273,0.6437994722955145,0.6951566951566952,0.6684931506849315,0.6322188449848024
Race: black,849,0.4960183227625088,0.7165178571428571,0.9727272727272728,0.8251928020565553,0.7037037037037037
Race: others,849,0.520827406353722,0.6804407713498623,0.8666666666666667,0.7623456790123457,0.6443418013856813
Race: white,849,0.5628157830013001,0.5372881355932203,0.590316573556797,0.5625554569653949,0.5379568884723523
Overall,850,0.56714233077166,0.6239255014326648,0.738135593220339,0.6762422360248447,0.5798488664987406
Gender: F,850,0.5723969609250203,0.609129814550642,0.7374784110535406,0.6671875,0.5761194029850746
Gender: M,850,0.5633794160128895,0.6388489208633094,0.7387687188019967,0.6851851851851852,0.5836734693877551
Age: Adult,850,0.5465387262262262,0.5768194070080862,0.722972972972973,0.6416791604197901,0.533203125
Age: Senior,850,0.5146841794569067,0.678125,0.8051948051948052,0.7362171331636981,0.6127023661270237
Age: Young,850,0.6198974358974358,0.5792207792207792,0.6463768115942029,0.6109589041095891,0.5761194029850746
Race: black,850,0.44639232976415427,0.7672253258845437,0.9515011547344111,0.8494845360824742,0.7415929203539823
Race: others,850,0.4274567584881486,0.5446685878962536,0.8475336322869955,0.6631578947368421,0.5175879396984925
Race: white,850,0.5525613906005702,0.52734375,0.5152671755725191,0.5212355212355212,0.5146771037181996
Overall,851,0.5747267724210507,0.6239376770538244,0.7523484201537147,0.6821525358110724,0.5817626082526745
Gender: F,851,0.5802968058968059,0.6418485237483954,0.8,0.7122507122507122,0.6085271317829457
Gender: M,851,0.5612316255173398,0.6018957345971564,0.6978021978021978,0.6463104325699746,0.5520945220193341
Age: Adult,851,0.5364005651713175,0.6083333333333333,0.7348993288590604,0.6656534954407295,0.5491803278688525
Age: Senior,851,0.5279875596046778,0.6346749226006192,0.7945736434108527,0.7056798623063684,0.5762081784386617
Age: Young,851,0.6350617417384962,0.6206896551724138,0.7058823529411765,0.6605504587155964,0.6122754491017964
Race: black,851,0.5011189998456552,0.7707509881422925,0.9330143540669856,0.8441558441558441,0.7343173431734318
Race: others,851,0.46205134596211367,0.6270096463022508,0.826271186440678,0.7129798903107861,0.5779569892473119
Race: white,851,0.5201822253893924,0.49747899159663866,0.5725338491295938,0.5323741007194245,0.5042897998093422
Overall,852,0.6059993429816035,0.6348357524828113,0.7367021276595744,0.6819860484201887,0.5955114822546973
Gender: F,852,0.6350196350196351,0.6557610241820768,0.788034188034188,0.7158385093167702,0.6310483870967742
Gender: M,852,0.5696190600484331,0.6105610561056105,0.6813996316758748,0.6440382941688425,0.5573593073593074
Age: Adult,852,0.5563968551773428,0.6513761467889908,0.7802197802197802,0.71,0.6018306636155606
Age: Senior,852,0.5094885771868364,0.6375617792421746,0.7485493230174082,0.6886120996441281,0.564134495641345
Age: Young,852,0.6851869682434089,0.616,0.6834319526627219,0.6479663394109397,0.628698224852071
Race: black,852,0.5092350956130484,0.7362637362637363,0.9571428571428572,0.8322981366459627,0.7169811320754716
Race: others,852,0.5672902013097261,0.5941558441558441,0.8433179723502304,0.6971428571428572,0.5691056910569106
Race: white,852,0.5826723259405566,0.5732600732600732,0.5579322638146168,0.5654923215898826,0.5504672897196262
Overall,853,0.566219573592505,0.6104695919938414,0.7030141843971631,0.6534816646065101,0.5660474716202271
Gender: F,853,0.6155452156996449,0.6397774687065368,0.773109243697479,0.700152207001522,0.611439842209073
Gender: M,853,0.5038099259607587,0.5741379310344827,0.624765478424015,0.5983827493261455,0.5162337662337663
Age: Adult,853,0.531004535899989,0.5642458100558659,0.7709923664122137,0.6516129032258065,0.5394456289978679
Age: Senior,853,0.45585115064468745,0.6620689655172414,0.6894075403949731,0.6754617414248021,0.5444444444444444
Age: Young,853,0.6604808136846971,0.5734072022160664,0.6699029126213593,0.6179104477611941,0.6115326251896813
Race: black,853,0.44661789323578654,0.7489795918367347,0.963254593175853,0.8427095292766934,0.7303149606299213
Race: others,853,0.48386951967679187,0.5661016949152542,0.8146341463414634,0.668,0.5489130434782609
Race: white,853,0.538312517740562,0.5038910505836576,0.477859778597786,0.49053030303030304,0.4934086629001883
Overall,854,0.5668052510466776,0.6518942101501072,0.731355252606255,0.6893424036281179,0.5978473581213307
Gender: F,854,0.6041809593230999,0.6801007556675063,0.7988165680473372,0.7346938775510204,0.6422018348623854
Gender: M,854,0.516482009026352,0.6148760330578512,0.6514886164623468,0.6326530612244898,0.5471698113207547
Age: Adult,854,0.5502836513666838,0.5922865013774105,0.776173285198556,0.671875,0.5625
Age: Senior,854,0.4875675675675676,0.6990014265335235,0.7790143084260731,0.7368421052631579,0.6128318584070797
Age: Young,854,0.6324658252052326,0.6179104477611941,0.6070381231671554,0.6124260355029586,0.603030303030303
Race: black,854,0.42448888888888886,0.7833333333333333,0.94,0.8545454545454545,0.7495652173913043
Race: others,854,0.450812516787537,0.5909090909090909,0.7647058823529411,0.6666666666666666,0.5542857142857143
Race: white,854,0.5580120416263248,0.5596638655462185,0.5615514333895447,0.5606060606060606,0.5335120643431636
Overall,855,0.6221238063954464,0.6063418406805878,0.7545717035611165,0.6723842195540308,0.5929675013319127
Gender: F,855,0.666116470430009,0.6625514403292181,0.8090452261306532,0.7285067873303167,0.6428571428571429
Gender: M,855,0.5527408945923893,0.5336879432624113,0.6809954751131222,0.5984095427435387,0.5350978135788262
Age: Adult,855,0.6163380530192757,0.5942408376963351,0.7643097643097643,0.6686303387334315,0.5722433460076045
Age: Senior,855,0.5156421045429667,0.6265486725663717,0.7901785714285714,0.6989141164856861,0.5698166431593794
Age: Young,855,0.6995367112362186,0.5867052023121387,0.6904761904761905,0.634375,0.6355140186915887
Race: black,855,0.5688915166644769,0.7318681318681318,0.940677966101695,0.823238566131026,0.7039337474120083
Race: others,855,0.55369708631116,0.573170731707317,0.8785046728971962,0.6937269372693727,0.5677083333333334
Race: white,855,0.5874939437268827,0.515686274509804,0.5583864118895966,0.5361875637104995,0.5495049504950495
Overall,856,0.5923448761663639,0.6115411681914145,0.7629499561018437,0.67890625,0.5887943971985993
Gender: F,856,0.6356430526577723,0.6412315930388219,0.8160136286201022,0.7181409295352323,0.6356589147286822
Gender: M,856,0.5273834468308014,0.5786350148367952,0.7065217391304348,0.636215334420881,0.5387797311271976
Age: Adult,856,0.5835237068965518,0.5445859872611465,0.7370689655172413,0.6263736263736264,0.5277777777777778
Age: Senior,856,0.4815583964829062,0.6634349030470914,0.8174061433447098,0.7324159021406728,0.6027241770715096
Age: Young,856,0.6818973242862629,0.5688311688311688,0.6822429906542056,0.6203966005665722,0.60932944606414
Race: black,856,0.4763134580345352,0.730844793713163,0.9514066496163683,0.8266666666666667,0.7132352941176471
Race: others,856,0.4869593438366673,0.5960099750623441,0.8884758364312267,0.7134328358208956,0.5807860262008734
Race: white,856,0.5812624434753872,0.5048923679060665,0.5386221294363257,0.5212121212121212,0.5245737211634904
Overall,857,0.583599573398304,0.6048925129725723,0.771996215704825,0.6783042394014963,0.5869797225186766
Gender: F,857,0.600328742504315,0.5974754558204769,0.8129770992366412,0.6887631366208569,0.5960125918153201
Gender: M,857,0.5702815226011102,0.6132075471698113,0.7317073170731707,0.6672369546621043,0.5776330076004343
Age: Adult,857,0.6169841269841271,0.5399361022364217,0.8047619047619048,0.6462715105162524,0.5256410256410257
Age: Senior,857,0.5283026892625793,0.6635220125786163,0.8007590132827325,0.7257093723129837,0.609547123623011
Age: Young,857,0.6343299711815562,0.5625,0.703125,0.625,0.5952023988005997
Race: black,857,0.4501836275322829,0.7340425531914894,0.9400544959128065,0.8243727598566308,0.7089108910891089
Race: others,857,0.5438312138087718,0.5958702064896755,0.8898678414096917,0.7137809187279152,0.5803108808290155
Race: white,857,0.5552874231599935,0.4981481481481482,0.5809935205183585,0.5363908275174477,0.5269582909460834
Overall,858,0.5504592265117634,0.6357804704205274,0.7489504617968094,0.6877409406322282,0.589873417721519
Gender: F,858,0.5659885774846914,0.6617647058823529,0.8035714285714286,0.7258064516129032,0.626746506986028
Gender: M,858,0.52602359624208,0.6061068702290077,0.6904347826086956,0.6455284552845528,0.5519013360739979
Age: Adult,858,0.5443861215442399,0.5882352941176471,0.738255033557047,0.6547619047619048,0.5503875968992248
Age: Senior,858,0.4683226322377266,0.6662030598052852,0.8216123499142367,0.7357910906298003,0.608646188850967
Age: Young,858,0.6288888888888888,0.6225806451612903,0.6225806451612903,0.6225806451612903,0.596551724137931
Race: black,858,0.4635789715335169,0.7483731019522777,0.9583333333333334,0.8404384896467723,0.7276507276507277
Race: others,858,0.47466253904506917,0.6323529411764706,0.8634538152610441,0.7300509337860781,0.5954198473282443
Race: white,858,0.5128617682696701,0.5514950166112956,0.570446735395189,0.5608108108108109,0.5277020890099909
Overall,859,0.5990761393778635,0.6179378531073446,0.7543103448275862,0.6793478260869565,0.5906838453914767
Gender: F,859,0.6108931110802228,0.6515723270440251,0.7956989247311828,0.7164591977869986,0.6210720887245841
Gender: M,859,0.5712261264452962,0.5748792270531401,0.7013752455795678,0.631858407079646,0.5555555555555556
Age: Adult,859,0.5535903250188965,0.6081871345029239,0.7428571428571429,0.6688102893890675,0.5607675906183369
Age: Senior,859,0.5344557805821291,0.6542635658914728,0.7757352941176471,0.7098402018502944,0.5858343337334934
Age: Young,859,0.6765624999999998,0.5710955710955711,0.7291666666666666,0.6405228758169934,0.6159217877094972
Race: black,859,0.49478567594509626,0.7361963190184049,0.9523809523809523,0.8304498269896193,0.7151162790697675
Race: others,859,0.5576022616838944,0.6156156156156156,0.8874458874458875,0.7269503546099291,0.5925925925925926
Race: white,859,0.5690953779103834,0.5218855218855218,0.5626134301270418,0.5414847161572053,0.5329181494661922
Overall,860,0.5595131987462306,0.6246312684365781,0.7171888230313294,0.6677177769018526,0.5740272865083376
Gender: F,860,0.5932951802117962,0.6510989010989011,0.7476340694006309,0.6960352422907489,0.6030680728667306
Gender: M,860,0.509504988650409,0.5939490445859873,0.6819012797074955,0.6348936170212766,0.5416666666666666
Age: Adult,860,0.5884292945270484,0.5962059620596206,0.7586206896551724,0.6676783004552352,0.5688976377952756
Age: Senior,860,0.511267789528659,0.669826224328594,0.7639639639639639,0.7138047138047138,0.5908543922984356
Age: Young,860,0.574453712406015,0.5734463276836158,0.6041666666666666,0.5884057971014492,0.55625
Race: black,860,0.46827216418600354,0.7203219315895373,0.9597855227882037,0.8229885057471265,0.7027027027027027
Race: others,860,0.4340799268643072,0.6241610738255033,0.7530364372469636,0.6825688073394496,0.5336927223719676
Race: white,860,0.5414345838008687,0.5401069518716578,0.5401069518716578,0.5401069518716578,0.5266055045871559
Overall,861,0.5786928513771994,0.6537335285505125,0.7301717089125103,0.6898416376979529,0.5993013972055888
Gender: F,861,0.6299089856692347,0.6671140939597315,0.8134206219312602,0.7330383480825958,0.6454456415279138
Gender: M,861,0.5241882916688688,0.6376811594202898,0.6470588235294118,0.6423357664233577,0.5513733468972533
Age: Adult,861,0.5465573770491803,0.6565096952908587,0.7770491803278688,0.7117117117117117,0.5957894736842105
Age: Senior,861,0.5046218487394958,0.6827697262479872,0.7557932263814616,0.7174280879864636,0.6028537455410226
Age: Young,861,0.6466103057537215,0.6041666666666666,0.6498599439775911,0.6261808367071525,0.5973837209302325
Race: black,861,0.4654882154882155,0.7678207739307535,0.952020202020202,0.8500563697857948,0.74373795761079
Race: others,861,0.43257714527265045,0.5838709677419355,0.7702127659574468,0.6642201834862386,0.5259067357512953
Race: white,861,0.588815701796471,0.5929203539823009,0.5658783783783784,0.5790838375108038,0.556869881710646
Overall,862,0.5931196862146308,0.6468531468531469,0.7575757575757576,0.6978498679743493,0.6058070866141733
Gender: F,862,0.6294232815492657,0.6873315363881402,0.8031496062992126,0.7407407407407407,0.6447761194029851
Gender: M,862,0.5424086585715059,0.6031976744186046,0.7081911262798635,0.6514913657770801,0.5676728334956183
Age: Adult,862,0.5385157545605307,0.5588235294117647,0.7125,0.6263736263736264,0.5374149659863946
Age: Senior,862,0.5622021774289838,0.7038043478260869,0.8068535825545171,0.7518142235123367,0.6318622174381054
Age: Young,862,0.6474926253687316,0.6082474226804123,0.696165191740413,0.6492434662998624,0.6148036253776435
Race: black,862,0.4878575838649927,0.778705636743215,0.9638242894056848,0.8614318706697459,0.76
Race: others,862,0.5094080105633804,0.6470588235294118,0.859375,0.738255033557047,0.6080402010050251
Race: white,862,0.5454603445271465,0.5433715220949263,0.5743944636678201,0.5584524810765349,0.5370370370370371
Overall,863,0.5487067931636995,0.6157024793388429,0.7382328654004955,0.6714232069095005,0.579731027857829
Gender: F,863,0.594089960395039,0.5994587280108254,0.7868561278863233,0.6804915514592934,0.592156862745098
Gender: M,863,0.509686064889366,0.6325385694249649,0.6959876543209876,0.662747979426892,0.5677966101694916
Age: Adult,863,0.591364775575302,0.5901162790697675,0.8055555555555556,0.6812080536912751,0.5878524945770065
Age: Senior,863,0.4430936632369753,0.6602739726027397,0.767515923566879,0.7098674521354934,0.5808510638297872
Age: Young,863,0.612136383254208,0.5529100529100529,0.6314199395770392,0.5895627644569816,0.5726872246696035
Race: black,863,0.5007366670556658,0.7420560747663552,0.9497607655502392,0.8331584470094439,0.7268041237113402
Race: others,863,0.4487950310559006,0.5542521994134897,0.8217391304347826,0.6619964973730298,0.5234567901234568
Race: white,863,0.5337661427102391,0.5347222222222222,0.5470692717584369,0.5408252853380158,0.5223744292237443
Overall,864,0.571828511890715,0.6453089244851259,0.704412989175687,0.6735668789808917,0.5792714212416624
Gender: F,864,0.6356017816962851,0.6828193832599119,0.7622950819672131,0.7203718048024786,0.6266804550155118
Gender: M,864,0.49264976350284106,0.6047619047619047,0.6446700507614214,0.6240786240786241,0.5325865580448065
Age: Adult,864,0.5651137827393731,0.6369426751592356,0.7299270072992701,0.6802721088435374,0.5765765765765766
Age: Senior,864,0.5330791867308722,0.6741573033707865,0.75,0.7100591715976331,0.585247883917775
Age: Young,864,0.597177076671018,0.6042780748663101,0.6158038147138964,0.6099865047233468,0.5737463126843658
Race: black,864,0.4680634023854363,0.7634660421545667,0.9209039548022598,0.8348271446862996,0.7207792207792207
Race: others,864,0.4739801913714957,0.6226993865030674,0.7837837837837838,0.694017094017094,0.5491183879093199
Race: white,864,0.5455507900371304,0.568100358422939,0.5391156462585034,0.5532286212914486,0.5302752293577981
Overall,865,0.5655757317088944,0.6305454545454545,0.7297979797979798,0.6765509168942645,0.5789740985271712
Gender: F,865,0.5903229573282621,0.6612021857923497,0.7831715210355987,0.717037037037037,0.6202783300198808
Gender: M,865,0.5312820856211776,0.5956454121306376,0.6719298245614035,0.6314921681780709,0.5358255451713395
Age: Adult,865,0.590064858490566,0.6375661375661376,0.7927631578947368,0.7067448680351907,0.6124031007751938
Age: Senior,865,0.5006625175667537,0.6288998357963875,0.7509803921568627,0.6845397676496873,0.5603985056039851
Age: Young,865,0.612313996744943,0.6262886597938144,0.6497326203208557,0.6377952755905512,0.5753846153846154
Race: black,865,0.4132085561497326,0.7598499061913696,0.9529411764705882,0.8455114822546973,0.7342908438061041
Race: others,865,0.47127056064399575,0.6156351791530945,0.8325991189427313,0.7078651685393258,0.5737704918032787
Race: white,865,0.5381017705589698,0.5102803738317757,0.5093283582089553,0.5098039215686274,0.4980879541108987
Overall,866,0.5620110796905239,0.6291044776119403,0.7180579216354344,0.6706443914081146,0.5792682926829268
Gender: F,866,0.6016722954570214,0.6357142857142857,0.8120437956204379,0.7131410256410257,0.6231578947368421
Gender: M,866,0.5207362098193911,0.621875,0.6357827476038339,0.6287519747235387,0.5383104125736738
Age: Adult,866,0.6236289016489988,0.6532951289398281,0.8056537102473498,0.7215189873417721,0.6294736842105263
Age: Senior,866,0.47070149003850664,0.6426282051282052,0.7384898710865562,0.6872322193658955,0.5597104945717732
Age: Young,866,0.6041211988942238,0.5831062670299727,0.6149425287356322,0.5986013986013986,0.5677710843373494
Race: black,866,0.37398002679332604,0.7529880478087649,0.9667519181585678,0.8465845464725644,0.7350096711798839
Race: others,866,0.4718231683426929,0.6644736842105263,0.8178137651821862,0.7332123411978222,0.6037735849056604
Race: white,866,0.5295969600526778,0.49250936329588013,0.4906716417910448,0.491588785046729,0.4962962962962963
Overall,867,0.5585305207845346,0.6176256372906045,0.7380330722367275,0.6724821570182395,0.5755395683453237
Gender: F,867,0.5580615544289649,0.6321989528795812,0.79050736497545,0.7025454545454546,0.5994123408423114
Gender: M,867,0.5574911385839025,0.5993431855500821,0.6784386617100372,0.6364428945074107,0.5491891891891892
Age: Adult,867,0.5346469622331691,0.6395348837209303,0.7857142857142857,0.7051282051282052,0.5947136563876652
Age: Senior,867,0.5104003233014787,0.6056338028169014,0.7543859649122807,0.671875,0.5505350772889417
Age: Young,867,0.614411540658922,0.617948717948718,0.6769662921348315,0.646112600536193,0.5944700460829493
Race: black,867,0.4684907106782107,0.737527114967462,0.9659090909090909,0.8364083640836408,0.7217573221757322
Race: others,867,0.4688627450980392,0.6340057636887608,0.8627450980392157,0.7308970099667774,0.6
Race: white,867,0.5067798230765417,0.5097345132743363,0.5313653136531366,0.5203252032520326,0.5004703668861712
Overall,868,0.6032456830105866,0.6246312684365781,0.7469135802469136,0.6803212851405622,0.5871369294605809
Gender: F,868,0.6576542416452442,0.6736401673640168,0.805,0.7334851936218679,0.6450960566228514
Gender: M,868,0.5240856336986175,0.5696400625978091,0.6816479400749064,0.6206308610400681,0.5260915867944622
Age: Adult,868,0.591846603688709,0.56,0.6754385964912281,0.6123260437375746,0.5390070921985816
Age: Senior,868,0.5339368407512219,0.6272455089820359,0.8057692307692308,0.7053872053872053,0.5726495726495726
Age: Young,868,0.6663946459412781,0.6634382566585957,0.7098445595854922,0.685857321652065,0.6341107871720116
Race: black,868,0.5067560204859975,0.8030634573304157,0.9197994987468672,0.8574766355140186,0.7515274949083504
Race: others,868,0.4923357552346792,0.6487341772151899,0.8232931726907631,0.7256637168141593,0.5921052631578947
Race: white,868,0.5366388474483436,0.4716981132075472,0.565843621399177,0.5144995322731525,0.5089877010406811
Overall,869,0.5650205765512967,0.6170365068002863,0.7418244406196214,0.6737006643220008,0.5837487537387837
Gender: F,869,0.6302497229791747,0.6400602409638554,0.8064516129032258,0.7136859781696053,0.6317494600431965
Gender: M,869,0.5001857913828187,0.5961800818553888,0.6881889763779527,0.6388888888888888,0.5425925925925926
Age: Adult,869,0.5575510540184453,0.554089709762533,0.7954545454545454,0.6531881804043546,0.548582995951417
Age: Senior,869,0.4531463961160214,0.6596701649175413,0.7586206896551724,0.7056936647955092,0.5717619603267211
Age: Young,869,0.6604566746915999,0.603988603988604,0.6666666666666666,0.6337817638266069,0.6259541984732825
Race: black,869,0.4656803987130149,0.7249466950959488,0.9366391184573003,0.8173076923076923,0.6923076923076923
Race: others,869,0.47071824496573655,0.6149425287356322,0.8458498023715415,0.7121464226289518,0.590047393364929
Race: white,869,0.5489169225382462,0.5310344827586206,0.5641025641025641,0.5470692717584369,0.5321100917431193
Overall,870,0.5921295260816621,0.6614010989010989,0.7552941176470588,0.7052361772244599,0.6099806201550387
Gender: F,870,0.6174236673094149,0.6945500633713562,0.8070692194403535,0.7465940054495913,0.6513589503280225
Gender: M,870,0.5532519372709166,0.6221889055472264,0.6963087248322147,0.6571654790182107,0.5656970912738215
Age: Adult,870,0.5634250059061409,0.6124031007751938,0.7476340694006309,0.6732954545454546,0.5772058823529411
Age: Senior,870,0.4961556709540305,0.7110157367668097,0.8107667210440457,0.7576219512195121,0.6319444444444444
Age: Young,870,0.674038864811967,0.6189189189189189,0.663768115942029,0.6405594405594406,0.6082317073170732
Race: black,870,0.5068946188340807,0.7465034965034965,0.9573991031390134,0.8388998035363457,0.7293729372937293
Race: others,870,0.5467625899280576,0.6615384615384615,0.8921161825726142,0.7597173144876325,0.6421052631578947
Race: white,870,0.5680167985561572,0.5742397137745975,0.5459183673469388,0.5597210113339146,0.5315398886827458
Overall,871,0.590100060259495,0.6366830639494027,0.7750213857998289,0.6990740740740741,0.6062594649167087
Gender: F,871,0.6237308123194245,0.6502659574468085,0.797716150081566,0.7164835164835165,0.6235408560311284
Gender: M,871,0.5480446876755523,0.6214605067064084,0.75,0.6797066014669927,0.5876180482686254
Age: Adult,871,0.6046937689347416,0.6475903614457831,0.7789855072463768,0.7072368421052632,0.6070640176600441
Age: Senior,871,0.4738297289898713,0.6507692307692308,0.8134615384615385,0.7230769230769231,0.5955056179775281
Age: Young,871,0.6619408975931901,0.6077097505668935,0.7184986595174263,0.6584766584766585,0.6176066024759285
Race: black,871,0.44668653784273543,0.7602230483271375,0.9489559164733179,0.8441692466460269,0.7341549295774648
Race: others,871,0.5199929228591649,0.6210191082802548,0.8333333333333334,0.7116788321167883,0.5959079283887468
Race: white,871,0.5671845314702457,0.5288966725043783,0.5992063492063492,0.5618604651162791,0.5391389432485323
Overall,872,0.5582227795796243,0.5979299363057324,0.6928044280442804,0.6418803418803419,0.5535428875865743
Gender: F,872,0.6041793510324484,0.6612903225806451,0.7982300884955752,0.723336006415397,0.6329787234042553
Gender: M,872,0.493751786191701,0.5226480836236934,0.5780346820809249,0.5489478499542544,0.47385272145144075
Age: Adult,872,0.5556398250126404,0.6103448275862069,0.688715953307393,0.6471663619744058,0.5552995391705069
Age: Senior,872,0.5325839782972952,0.6211382113821138,0.7670682730923695,0.6864330637915543,0.56375
Age: Young,872,0.5756200027103944,0.5470085470085471,0.5835866261398176,0.5647058823529412,0.5396578538102644
Race: black,872,0.4522038567493113,0.7166666666666667,0.9121212121212121,0.8026666666666666,0.6718403547671841
Race: others,872,0.4570287094676206,0.5973597359735974,0.7903930131004366,0.6804511278195489,0.5405405405405406
Race: white,872,0.5252067079185723,0.5046904315196998,0.5123809523809524,0.5085066162570888,0.5075757575757576
Overall,873,0.562092936355242,0.617037037037037,0.7125748502994012,0.6613735609368797,0.5735
Gender: F,873,0.5820620051299207,0.6495263870094723,0.7619047619047619,0.7012417823228634,0.6130558183538316
Gender: M,873,0.5302517496647625,0.5777414075286416,0.6549165120593692,0.6139130434782609,0.5291622481442205
Age: Adult,873,0.5423384877834031,0.5994550408719346,0.7142857142857143,0.6518518518518519,0.5680147058823529
Age: Senior,873,0.4660681032189412,0.643979057591623,0.6871508379888268,0.6648648648648648,0.5446756425948592
Age: Young,873,0.6722222222222223,0.5951219512195122,0.7530864197530864,0.6648501362397821,0.6150234741784038
Race: black,873,0.4700338983050847,0.7675350701402806,0.927360774818402,0.8399122807017544,0.7286245353159851
Race: others,873,0.5247669884116493,0.5598705501618123,0.8277511961722488,0.667953667953668,0.5497382198952879
Race: white,873,0.498653751830726,0.511070110701107,0.506398537477148,0.5087235996326905,0.5046296296296297
Overall,874,0.5713077585065537,0.6348020911127707,0.7314974182444062,0.6797281087564974,0.5875386199794027
Gender: F,874,0.6173590414208381,0.6472222222222223,0.8118466898954704,0.7202472952086554,0.6287179487179487
Gender: M,874,0.5228896307863515,0.6203554119547657,0.6530612244897959,0.6362883181441591,0.546018614270941
Age: Adult,874,0.5356725627313863,0.5772357723577236,0.7745454545454545,0.6614906832298136,0.5604838709677419
Age: Senior,874,0.5231685729847495,0.6884984025559105,0.7922794117647058,0.7367521367521368,0.6216216216216216
Age: Young,874,0.6420652294531258,0.5988372093023255,0.6005830903790087,0.5997088791848617,0.564873417721519
Race: black,874,0.4663713592233009,0.8017057569296375,0.94,0.8653624856156502,0.7673956262425448
Race: others,874,0.43092991913746637,0.5552238805970149,0.8773584905660378,0.680073126142596,0.5478036175710594
Race: white,874,0.5473705179282868,0.5383177570093458,0.5236363636363637,0.5308755760368664,0.5161596958174905
Overall,875,0.5788117306553725,0.6145910095799558,0.7079796264855688,0.6579881656804734,0.5667166416791605
Gender: F,875,0.6263064681084586,0.6450704225352113,0.7882960413080895,0.7095274980635167,0.6231155778894473
Gender: M,875,0.5265508471452618,0.5811437403400309,0.6298157453936348,0.6045016077170418,0.510934393638171
Age: Adult,875,0.605590858314868,0.5798816568047337,0.7286245353159851,0.6457990115321252,0.5444915254237288
Age: Senior,875,0.4982063025871689,0.6622734761120264,0.7403314917127072,0.6991304347826087,0.5738916256157636
Age: Young,875,0.6274967695732722,0.5728155339805825,0.644808743169399,0.6066838046272494,0.5732217573221757
Race: black,875,0.5146392246462265,0.7760910815939279,0.964622641509434,0.8601472134595163,0.7590579710144928
Race: others,875,0.5629756468797567,0.5478260869565217,0.863013698630137,0.6702127659574468,0.5474452554744526
Race: white,875,0.5129503353709519,0.4865979381443299,0.4411214953271028,0.4627450980392157,0.4720616570327553
Overall,876,0.6019172405109459,0.6252838758516276,0.7495462794918331,0.6817994222038795,0.6021671826625387
Gender: F,876,0.6415338641407002,0.6527196652719666,0.797274275979557,0.7177914110429447,0.6356435643564357
Gender: M,876,0.550106960671384,0.5927152317880795,0.6951456310679611,0.6398570151921358,0.5657327586206896
Age: Adult,876,0.5785848708845042,0.5802469135802469,0.7550200803212851,0.6561954624781849,0.5679824561403509
Age: Senior,876,0.5561348520755294,0.6758508914100486,0.8097087378640777,0.7367491166077739,0.6124837451235371
Age: Young,876,0.6250414201183433,0.5815789473684211,0.6538461538461539,0.6155988857938719,0.6129032258064516
Race: black,876,0.40960367375461715,0.7704545454545455,0.9137466307277629,0.8360049321824907,0.7223382045929019
Race: others,876,0.5168632788868723,0.5762195121951219,0.8289473684210527,0.6798561151079137,0.5572139303482587
Race: white,876,0.5862675929979688,0.538878842676311,0.5924453280318092,0.5643939393939394,0.5648060548722801
Overall,877,0.5567154761829397,0.6261818181818182,0.7467476149176062,0.6811708860759493,0.5918987341772152
Gender: F,877,0.5791211921981152,0.643661971830986,0.7811965811965812,0.7057915057915058,0.6092307692307692
Gender: M,877,0.5300762910798121,0.6075187969924812,0.7112676056338029,0.6553122465531225,0.575
Age: Adult,877,0.5246329272102468,0.5894736842105263,0.7697594501718213,0.6676602086438153,0.5636007827788649
Age: Senior,877,0.49109782884176734,0.6788553259141494,0.799625468164794,0.7343078245915735,0.61375
Age: Young,877,0.6085175304878049,0.5737704918032787,0.6402439024390244,0.6051873198847262,0.5873493975903614
Race: black,877,0.44852543290043284,0.7304147465437788,0.9434523809523809,0.8233766233766234,0.7094017094017094
Race: others,877,0.45248341402187553,0.6132075471698113,0.8333333333333334,0.7065217391304348,0.5702917771883289
Race: white,877,0.5527373699047666,0.5601926163723917,0.5986277873070326,0.5787728026533997,0.5504424778761062
Overall,878,0.6205239158756746,0.6549586776859504,0.782716049382716,0.7131608548931384,0.6195922426653406
Gender: F,878,0.6572307256974566,0.6662286465177398,0.8060413354531002,0.7294964028776978,0.6439393939393939
Gender: M,878,0.5728423837139396,0.6425470332850941,0.757679180887372,0.6953797963978073,0.5926701570680628
Age: Adult,878,0.6399028111941243,0.6361323155216285,0.8389261744966443,0.723589001447178,0.6254901960784314
Age: Senior,878,0.4989949506803642,0.6592592592592592,0.7793345008756567,0.7142857142857143,0.5870069605568445
Age: Young,878,0.717167432776342,0.6666666666666666,0.7398843930635838,0.7013698630136986,0.6588419405320813
Race: black,878,0.5278994576554026,0.7471264367816092,0.9558823529411765,0.8387096774193549,0.726775956284153
Race: others,878,0.5569392278800566,0.6052631578947368,0.8440366972477065,0.7049808429118773,0.5803814713896458
Race: white,878,0.6270207425998375,0.6022364217252396,0.6400679117147708,0.6205761316872428,0.5789954337899543
Overall,879,0.6361795137428966,0.6494545454545455,0.7944839857651246,0.7146858743497398,0.6334190231362468
Gender: F,879,0.6568132325507072,0.6599241466498104,0.867109634551495,0.7494615936826992,0.667302192564347
Gender: M,879,0.6095283463437622,0.6352739726027398,0.710727969348659,0.6708860759493671,0.59375
Age: Adult,879,0.6706201693043798,0.6703296703296703,0.8531468531468531,0.7507692307692307,0.6596638655462185
Age: Senior,879,0.5241158294070856,0.6408094435075885,0.8050847457627118,0.7136150234741784,0.5927903871829105
Age: Young,879,0.7028611342656911,0.6435406698564593,0.7349726775956285,0.6862244897959183,0.6583333333333333
Race: black,879,0.49584408879710895,0.7882136279926335,0.9574944071588367,0.8646464646464647,0.7677642980935875
Race: others,879,0.5241312226841488,0.6085626911314985,0.8432203389830508,0.7069271758436945,0.5822784810126582
Race: white,879,0.6030914872214551,0.5267326732673268,0.6031746031746031,0.5623678646934461,0.5745118191161357
Overall,880,0.5884140905226928,0.6145172656800564,0.7484978540772532,0.6749226006191951,0.5785248369292524
Gender: F,880,0.624568801762784,0.6428571428571429,0.8048780487804879,0.7148014440433214,0.6212847555129435
Gender: M,880,0.5442931818181818,0.5808936825885979,0.6854545454545454,0.6288573811509591,0.531578947368421
Age: Adult,880,0.5704051383399209,0.5574229691876751,0.7865612648221344,0.6524590163934426,0.5401301518438177
Age: Senior,880,0.5094563141561232,0.6510263929618768,0.7816901408450704,0.7104,0.5805330243337196
Age: Young,880,0.6643694096601074,0.6026315789473684,0.6656976744186046,0.6325966850828729,0.6023916292974589
Race: black,880,0.5019730623818526,0.75764192139738,0.9429347826086957,0.8401937046004843,0.7267080745341615
Race: others,880,0.4486410207760175,0.5983606557377049,0.8622047244094488,0.7064516129032258,0.5666666666666667
Race: white,880,0.5667680063025846,0.5142857142857142,0.56353591160221,0.5377855887521968,0.5174311926605505
Overall,881,0.5923803411450389,0.6329941860465116,0.7438087105038429,0.6839418924224578,0.5934343434343434
Gender: F,881,0.6564313197214224,0.657496561210454,0.8269896193771626,0.7325670498084291,0.6405767250257467
Gender: M,881,0.5248167726034506,0.6055469953775039,0.6627318718381113,0.6328502415458938,0.5480673934588701
Age: Adult,881,0.5848696086338673,0.6011904761904762,0.7680608365019012,0.674457429048414,0.5770065075921909
Age: Senior,881,0.49794051284461893,0.6359447004608295,0.7638376383763837,0.694048616932104,0.5735981308411215
Age: Young,881,0.6835568802781918,0.6555269922879178,0.6967213114754098,0.6754966887417219,0.6304675716440422
Race: black,881,0.5266735537190083,0.7676767676767676,0.95,0.8491620111731844,0.7408829174664108
Race: others,881,0.48957055214723927,0.5979381443298969,0.7909090909090909,0.6810176125244618,0.5744125326370757
Race: white,881,0.5582559847895601,0.5372881355932203,0.5753176043557169,0.5556529360210342,0.5288104089219331
Overall,882,0.5401175564395353,0.5983847283406755,0.718694885361552,0.6530448717948718,0.5572597137014315
Gender: F,882,0.5374963636363637,0.6176836861768369,0.7936,0.6946778711484594,0.5906103286384976
Gender: M,882,0.530153570804061,0.5706618962432916,0.6267190569744597,0.5973782771535581,0.5173961840628507
Age: Adult,882,0.5470019786587519,0.5710144927536231,0.7378277153558053,0.6437908496732027,0.5448851774530271
Age: Senior,882,0.44695437395464627,0.6407914764079148,0.7696526508226691,0.6993355481727574,0.5633293124246079
Age: Young,882,0.6084032012195123,0.5472222222222223,0.615625,0.5794117647058824,0.558641975308642
Race: black,882,0.48391552307966496,0.7,0.9281767955801105,0.7980997624703088,0.6711798839458414
Race: others,882,0.514101778050276,0.5811209439528023,0.8454935622317596,0.6888111888111889,0.5637254901960784
Race: white,882,0.5000923872875093,0.5193370165745856,0.5231910946196661,0.5212569316081331,0.49757516973811833
Overall,883,0.5934343434343434,0.6392128279883382,0.7767936226749336,0.7013194722111156,0.6111400312337324
Gender: F,883,0.612734240199029,0.6388140161725068,0.8102564102564103,0.7143933685003768,0.6251236399604352
Gender: M,883,0.5747323007071682,0.6396825396825396,0.7408088235294118,0.686541737649063,0.5956043956043956
Age: Adult,883,0.632292318451176,0.603448275862069,0.7806691449814126,0.6807131280388979,0.5817409766454352
Age: Senior,883,0.5326230831315577,0.6717095310136157,0.8457142857142858,0.7487352445193929,0.6365853658536585
Age: Young,883,0.6450290918289906,0.6143250688705234,0.6656716417910448,0.6389684813753582,0.6
Race: black,883,0.41470336914062506,0.7464212678936605,0.9505208333333334,0.8361970217640321,0.720703125
Race: others,883,0.5237072018890201,0.659942363112392,0.8327272727272728,0.7363344051446945,0.6177156177156177
Race: white,883,0.5836900292031706,0.5279850746268657,0.6021276595744681,0.562624254473161,0.5510204081632653
Overall,884,0.5758664239112598,0.6099185788304959,0.7272727272727273,0.6634460547504025,0.5666148263348886
Gender: F,884,0.5699060446720676,0.6558073654390935,0.774247491638796,0.7101226993865031,0.6082901554404145
Gender: M,884,0.5691893776005925,0.5596899224806201,0.6747663551401869,0.611864406779661,0.524896265560166
Age: Adult,884,0.600250247220036,0.5607476635514018,0.7228915662650602,0.631578947368421,0.53125
Age: Senior,884,0.5346120582774407,0.6456808199121523,0.7974683544303798,0.7135922330097088,0.5845070422535211
Age: Young,884,0.6030941422169955,0.5850144092219021,0.6132930513595166,0.5988200589970502,0.5675675675675675
Race: black,884,0.45609083327987676,0.7244444444444444,0.9131652661064426,0.8079306071871127,0.6823770491803278
Race: others,884,0.5798686758654079,0.6118421052631579,0.8611111111111112,0.7153846153846154,0.5989159891598916
Race: white,884,0.5366960797991072,0.5226130653266332,0.5571428571428572,0.5393258426966292,0.5027985074626866
Overall,885,0.6213399910082736,0.6835699797160243,0.779491133384734,0.728386167146974,0.6330900243309002
Gender: F,885,0.6257073835871244,0.6863753213367609,0.8165137614678899,0.7458100558659218,0.6506717850287908
Gender: M,885,0.6159072758606196,0.6804564907275321,0.7418351477449455,0.7098214285714286,0.6150049358341559
Age: Adult,885,0.6254223915923606,0.6700507614213198,0.7741935483870968,0.7183673469387755,0.6152416356877324
Age: Senior,885,0.5571915146383232,0.7175792507204611,0.8150572831423896,0.7632183908045977,0.6448275862068965
Age: Young,885,0.6764180823495538,0.6368286445012787,0.7217391304347827,0.6766304347826086,0.6321483771251932
Race: black,885,0.40823271336433176,0.8047016274864376,0.9427966101694916,0.8682926829268293,0.7692307692307693
Race: others,885,0.6034347289258053,0.6385542168674698,0.8983050847457628,0.7464788732394366,0.627906976744186
Race: white,885,0.5925056535815181,0.5959595959595959,0.601018675721562,0.5984784446322908,0.5614035087719298
Overall,886,0.5820696556939978,0.6035665294924554,0.7495741056218058,0.668693009118541,0.5779283639883833
Gender: F,886,0.6211253862416652,0.6338215712383488,0.8321678321678322,0.7195767195767195,0.6297405189620758
Gender: M,886,0.5372441788554745,0.5714285714285714,0.6710963455149501,0.6172650878533231,0.5291353383458647
Age: Adult,886,0.5988879570092878,0.5969773299748111,0.8061224489795918,0.6859623733719248,0.5769980506822612
Age: Senior,886,0.49594403725759656,0.6355140186915887,0.768361581920904,0.6956521739130435,0.5683192261185006
Age: Young,886,0.6364261664627242,0.5608591885441527,0.673352435530086,0.6119791666666666,0.5895316804407713
Race: black,886,0.4402573529411764,0.7673956262425448,0.946078431372549,0.8474204171240395,0.7387218045112782
Race: others,886,0.5472154090318857,0.5898876404494382,0.8786610878661087,0.7058823529411765,0.576271186440678
Race: white,886,0.5256023230406532,0.4741235392320534,0.538899430740038,0.5044404973357016,0.5022301516503123
Overall,887,0.6064797669308448,0.6280701754385964,0.762350936967632,0.6887264332435552,0.5959040959040959
Gender: F,887,0.6093829125370759,0.637466307277628,0.7870216306156406,0.7043931496649293,0.6088669950738916
Gender: M,887,0.5969197629224946,0.6178623718887262,0.7364746945898778,0.6719745222929936,0.5825734549138805
Age: Adult,887,0.5816596739803287,0.5702005730659025,0.7425373134328358,0.6450567260940032,0.5484536082474227
Age: Senior,887,0.5379989731741753,0.6506024096385542,0.8150943396226416,0.7236180904522613,0.5995145631067961
Age: Young,887,0.6839217397140749,0.6407766990291263,0.7021276595744681,0.6700507614213198,0.6248196248196248
Race: black,887,0.5272405563328121,0.7495327102803738,0.9570405727923628,0.8406708595387841,0.7304964539007093
Race: others,887,0.5794088845366331,0.6396396396396397,0.891213389121339,0.7447552447552448,0.6157894736842106
Race: white,887,0.5467136502760377,0.5044883303411131,0.5445736434108527,0.5237651444547996,0.5170132325141777
Overall,888,0.6167037652802777,0.6457055214723927,0.7491103202846975,0.6935749588138386,0.6086270384008416
Gender: F,888,0.6353760676673024,0.6610169491525424,0.7945670628183361,0.7216653816499614,0.630879345603272
Gender: M,888,0.5887513247904423,0.62751677852349,0.6990654205607477,0.6613616268788682,0.5850487540628385
Age: Adult,888,0.6404431056262754,0.5911764705882353,0.8007968127490039,0.6802030456852792,0.5855263157894737
Age: Senior,888,0.5648086549329888,0.7018927444794952,0.7904085257548845,0.7435254803675856,0.6336515513126492
Age: Young,888,0.6432877158683611,0.593939393939394,0.632258064516129,0.6125,0.5914332784184514
Race: black,888,0.4712478841451946,0.7909836065573771,0.9437652811735942,0.8606465997770345,0.7563352826510721
Race: others,888,0.5519954498056687,0.6444444444444445,0.8787878787878788,0.7435897435897436,0.6195652173913043
Race: white,888,0.5640245312692734,0.5049900199600799,0.5227272727272727,0.5137055837563452,0.5303921568627451
Overall,889,0.5757439400733257,0.651395848246242,0.7440719542109566,0.6946564885496184,0.5995995995995996
Gender: F,889,0.6121416058278439,0.6753246753246753,0.8099688473520249,0.7365439093484419,0.6405797101449275
Gender: M,889,0.5323553000333421,0.6220095693779905,0.6712564543889845,0.6456953642384106,0.5555555555555556
Age: Adult,889,0.5846184296581873,0.6177285318559557,0.802158273381295,0.6979655712050078,0.6036960985626283
Age: Senior,889,0.5325946552944002,0.6908809891808346,0.7746967071057193,0.7303921568627451,0.6090047393364929
Age: Young,889,0.5967991129853133,0.6169665809768637,0.6521739130434783,0.6340819022457067,0.5847076461769115
Race: black,889,0.4376993659669988,0.7368421052631579,0.9604221635883905,0.8339060710194731,0.7173489278752436
Race: others,889,0.5024747298710351,0.6478494623655914,0.8456140350877193,0.7336377473363774,0.5986238532110092
Race: white,889,0.5614800481910117,0.5743879472693032,0.5456171735241503,0.5596330275229358,0.5424213536701621
Overall,890,0.572006964705472,0.5875912408759124,0.749534450651769,0.6587561374795418,0.5674273858921162
Gender: F,890,0.5987456610276962,0.6211512717536813,0.7958833619210978,0.6977443609022557,0.6
Gender: M,890,0.5287442483216414,0.5473515248796148,0.6945010183299389,0.6122082585278277,0.5319609967497292
Age: Adult,890,0.5868436390610925,0.48717948717948717,0.7339055793991416,0.5856164383561644,0.49159663865546216
Age: Senior,890,0.5089990138067062,0.6593406593406593,0.8076923076923077,0.7260155574762316,0.6002522068095839
Age: Young,890,0.6159560544894835,0.5602094240837696,0.6666666666666666,0.6088193456614509,0.582701062215478
Race: black,890,0.4835475245816801,0.7453027139874739,0.9545454545454546,0.8370457209847597,0.7208835341365462
Race: others,890,0.5159168639831624,0.5579268292682927,0.8714285714285714,0.6802973977695167,0.5601023017902813
Race: white,890,0.523500985093491,0.4706927175843694,0.5408163265306123,0.50332383665717,0.4966313763233879
Overall,891,0.5947316664851915,0.6392961876832844,0.759581881533101,0.6942675159235668,0.5991649269311065
Gender: F,891,0.6502040437766649,0.6742934051144011,0.8363939899833055,0.7466467958271237,0.6582914572864321
Gender: M,891,0.5257775623322952,0.5974235104669887,0.6757741347905283,0.6341880341880342,0.5352877307274702
Age: Adult,891,0.586289705319556,0.5949008498583569,0.8076923076923077,0.6851549755301795,0.5813449023861171
Age: Senior,891,0.5448287891799055,0.6808176100628931,0.7959558823529411,0.7338983050847457,0.6161369193154034
Age: Young,891,0.6424517818874514,0.6106666666666667,0.6656976744186046,0.6369958275382476,0.5902668759811617
Race: black,891,0.4451071717123711,0.7916666666666666,0.9571788413098237,0.8665906499429875,0.7673956262425448
Race: others,891,0.5058936016803034,0.596551724137931,0.7972350230414746,0.6824457593688363,0.5576923076923077
Race: white,891,0.5732082469728375,0.5370370370370371,0.5973782771535581,0.5656028368794326,0.5328884652049571
Overall,892,0.5555686003382947,0.6020864381520119,0.7272727272727273,0.6587851610273135,0.5683341928829293
Gender: F,892,0.62327962440979,0.6086309523809523,0.7911025145067698,0.687973086627418,0.6094736842105263
Gender: M,892,0.48516600605208204,0.5955223880597015,0.6717171717171717,0.6313291139240507,0.5288169868554095
Age: Adult,892,0.5423359728506787,0.5769230769230769,0.7647058823529411,0.657672849915683,0.5615550755939525
Age: Senior,892,0.4647890521127217,0.6484848484848484,0.7911275415896488,0.7127393838467944,0.5823244552058111
Age: Young,892,0.6344325989102109,0.5377906976744186,0.5873015873015873,0.5614567526555387,0.5553846153846154
Race: black,892,0.4445833333333334,0.7205542725173211,0.9285714285714286,0.811443433029909,0.6854663774403471
Race: others,892,0.4545148596872734,0.5595238095238095,0.8468468468468469,0.6738351254480287,0.5404040404040404
Race: white,892,0.5525591634562466,0.537521815008726,0.5569620253164557,0.5470692717584369,0.5286506469500925
Overall,893,0.570840364008711,0.6402569593147751,0.7364532019704434,0.6849942726231386,0.5905707196029777
Gender: F,893,0.5962147861732129,0.6709346991037132,0.8073959938366718,0.7328671328671329,0.6439888164026095
Gender: M,893,0.5236763618030786,0.6016129032258064,0.655536028119508,0.6274179983179142,0.529723991507431
Age: Adult,893,0.5806305170239596,0.6377171215880894,0.8426229508196721,0.7259887005649718,0.612
Age: Senior,893,0.5021225845410628,0.6716867469879518,0.7433333333333333,0.7056962025316456,0.5753424657534246
Age: Young,893,0.6144818596993277,0.5808383233532934,0.6198083067092651,0.5996908809891809,0.594679186228482
Race: black,893,0.47765544793626463,0.7336448598130841,0.9262536873156342,0.81877444589309,0.7017167381974249
Race: others,893,0.4960110660747603,0.5551839464882943,0.8383838383838383,0.6680080482897385,0.5352112676056338
Race: white,893,0.5896013487790287,0.6186943620178041,0.6123348017621145,0.6154981549815498,0.5636515912897823
Overall,894,0.5540349792229492,0.6199575371549894,0.7584415584415585,0.6822429906542056,0.5821812596006144
Gender: F,894,0.6117517605633802,0.6436314363143631,0.8362676056338029,0.7274119448698315,0.6396761133603239
Gender: M,894,0.48620462760156113,0.5940740740740741,0.6831345826235093,0.6354992076069731,0.5233160621761658
Age: Adult,894,0.5720800476119625,0.5567010309278351,0.7552447552447552,0.6409495548961425,0.5355086372360844
Age: Senior,894,0.47548103236262057,0.6544,0.7820267686424475,0.7125435540069687,0.5833333333333334
Age: Young,894,0.6111930321261453,0.6275,0.7254335260115607,0.6729222520107239,0.61875
Race: black,894,0.4302876783736235,0.7357414448669202,0.9393203883495146,0.8251599147121536,0.7076648841354723
Race: others,894,0.5314849624060151,0.5784883720930233,0.8883928571428571,0.7007042253521126,0.569620253164557
Race: white,894,0.5375682234100015,0.5340699815837937,0.558766859344894,0.5461393596986818,0.5165496489468405
Overall,895,0.5516524631053836,0.6045994065281899,0.7199646643109541,0.657258064516129,0.5711402623612513
Gender: F,895,0.6147596438452152,0.6091160220994475,0.8151571164510166,0.6972332015810276,0.617
Gender: M,895,0.48833742280845244,0.5993589743589743,0.6328257191201354,0.6156378600823045,0.5244399185336049
Age: Adult,895,0.598976729312926,0.648989898989899,0.7956656346749226,0.7148817802503477,0.6175373134328358
Age: Senior,895,0.4411679077681523,0.6006711409395973,0.7203219315895373,0.6550777676120768,0.5334158415841584
Age: Young,895,0.6071653295579675,0.5617977528089888,0.6410256410256411,0.5988023952095808,0.5799373040752351
Race: black,895,0.41584012681159427,0.7719665271966527,0.9609375,0.8561484918793504,0.751503006012024
Race: others,895,0.467413101604278,0.45774647887323944,0.7386363636363636,0.5652173913043478,0.4490358126721763
Race: white,895,0.52942677760196,0.5392491467576792,0.5524475524475524,0.5457685664939551,0.5303571428571429
Overall,896,0.5522074083600146,0.5873015873015873,0.708941605839416,0.642414220752377,0.5492443981240229
Gender: F,896,0.5828255018388775,0.6308539944903582,0.7697478991596639,0.6934140802422407,0.5966135458167331
Gender: M,896,0.5038594308966609,0.5343383584589615,0.6367265469061876,0.581056466302368,0.4972677595628415
Age: Adult,896,0.49242266249565525,0.5497237569060773,0.7262773722627737,0.6257861635220126,0.5082644628099173
Age: Senior,896,0.4910414333706607,0.6474576271186441,0.7388781431334622,0.6901535682023487,0.561941251596424
Age: Young,896,0.6249917324136629,0.5283018867924528,0.6426229508196721,0.5798816568047337,0.5644171779141104
Race: black,896,0.5156773211567732,0.74235807860262,0.9315068493150684,0.8262454434993924,0.714
Race: others,896,0.5039411455596426,0.5426829268292683,0.8516746411483254,0.6629422718808193,0.5261780104712042
Race: white,896,0.49771044898262834,0.4823091247672253,0.49616858237547895,0.48914069877242683,0.4783027965284474
Overall,897,0.5998894500561167,0.6171341925701289,0.7537037037037037,0.6786160900375157,0.5952755905511811
Gender: F,897,0.641093038386467,0.6371428571428571,0.8415094339622642,0.7252032520325203,0.649740932642487
Gender: M,897,0.5531515151515152,0.5945072697899838,0.6690909090909091,0.6295979469632165,0.5393617021276595
Age: Adult,897,0.6091557862298272,0.5783132530120482,0.8135593220338984,0.676056338028169,0.5865168539325842
Age: Senior,897,0.5384354295644619,0.6356209150326797,0.7842741935483871,0.7021660649819494,0.5838587641866331
Age: Young,897,0.6420341945014953,0.6213333333333333,0.6695402298850575,0.6445366528354081,0.6146926536731634
Race: black,897,0.5268515730844499,0.7301255230125523,0.9587912087912088,0.828978622327791,0.7176470588235294
Race: others,897,0.4880450070323488,0.6308139534883721,0.8611111111111112,0.7281879194630873,0.6048780487804878
Race: white,897,0.559732609702826,0.49899396378269617,0.5344827586206896,0.5161290322580645,0.5279187817258884
Overall,898,0.5677006498285495,0.6383763837638377,0.7336726039016115,0.6827150749802684,0.5876923076923077
Gender: F,898,0.6152392308694961,0.6826086956521739,0.8162911611785095,0.7434885556432518,0.6527777777777778
Gender: M,898,0.5098559010418346,0.5924812030075188,0.654485049833887,0.6219415943172849,0.5276134122287969
Age: Adult,898,0.5947357605233414,0.6095505617977528,0.7209302325581395,0.6605783866057838,0.5494949494949495
Age: Senior,898,0.4739744588597947,0.6757990867579908,0.7971274685816876,0.7314662273476112,0.6034063260340633
Age: Young,898,0.6212556913491493,0.5964912280701754,0.6355140186915887,0.6153846153846154,0.5971563981042654
Race: black,898,0.5366423357664234,0.7791164658634538,0.9440389294403893,0.8536853685368537,0.7518656716417911
Race: others,898,0.38599413646055436,0.6188811188811189,0.7901785714285714,0.6941176470588235,0.5642458100558659
Race: white,898,0.5246941061580883,0.5253940455341506,0.5514705882352942,0.5381165919282511,0.5123106060606061
Overall,899,0.5720477107719663,0.6235029940119761,0.7538461538461538,0.6825071691929537,0.5918904686677199
Gender: F,899,0.5948684661293523,0.6375,0.8255395683453237,0.719435736677116,0.625130890052356
Gender: M,899,0.5426160337552742,0.6071428571428571,0.6812386156648452,0.6420600858369099,0.5582627118644068
Age: Adult,899,0.5476731601731601,0.5853018372703412,0.7585034013605442,0.6607407407407407,0.5544747081712063
Age: Senior,899,0.5057986805576287,0.7060702875399361,0.7949640287769785,0.7478849407783418,0.6260978670012547
Age: Young,899,0.630524642289348,0.5106382978723404,0.6588235294117647,0.5753424657534246,0.5782312925170068
Race: black,899,0.3980870839600447,0.7379032258064516,0.9457364341085271,0.8289920724801813,0.710172744721689
Race: others,899,0.5465363365915852,0.5340136054421769,0.8674033149171271,0.6610526315789473,0.54
Race: white,899,0.5658956183367657,0.5677655677655677,0.5772811918063314,0.5724838411819021,0.5496108949416343
Overall,900,0.5672640037976402,0.6138535031847133,0.7041095890410959,0.6558911101658869,0.5748817656332107
Gender: F,900,0.6102970727426327,0.642346208869814,0.7623089983022071,0.6972049689440993,0.6111665004985045
Gender: M,900,0.5106112437551414,0.578096947935368,0.6363636363636364,0.605832549388523,0.5344444444444445
Age: Adult,900,0.6031931173484621,0.6317280453257791,0.8198529411764706,0.7136,0.6183368869936035
Age: Senior,900,0.48039891914954136,0.6252285191956124,0.6979591836734694,0.6595949855351977,0.5456885456885456
Age: Young,900,0.6124087050012976,0.5786516853932584,0.6186186186186187,0.5979680696661829,0.578386605783866
Race: black,900,0.5304629083038174,0.7718120805369127,0.9504132231404959,0.8518518518518519,0.7473684210526316
Race: others,900,0.4724177631578947,0.5574912891986062,0.8,0.6570841889117043,0.5255681818181818
Race: white,900,0.5023496240601504,0.5095785440613027,0.5,0.5047438330170778,0.5148698884758365
Overall,901,0.5691452446025853,0.6251874062968515,0.7239583333333334,0.670957361222848,0.5826530612244898
Gender: F,901,0.6164247559918339,0.6555090655509066,0.7717569786535303,0.7088989441930619,0.6215686274509804
Gender: M,901,0.5081574052168427,0.5899513776337115,0.6703499079189686,0.6275862068965518,0.5404255319148936
Age: Adult,901,0.5360825792777371,0.6214511041009464,0.6985815602836879,0.657762938230384,0.5504385964912281
Age: Senior,901,0.4842859046096456,0.6697819314641744,0.7962962962962963,0.727580372250423,0.6063569682151589
Age: Young,901,0.6521961184882533,0.552,0.6272727272727273,0.5872340425531914,0.575801749271137
Race: black,901,0.47849751849424105,0.7527114967462039,0.9585635359116023,0.8432563791008505,0.73125
Race: others,901,0.446174097178504,0.5235109717868338,0.8267326732673267,0.6410748560460653,0.5013333333333333
Race: white,901,0.5753052671745681,0.5776173285198556,0.54421768707483,0.5604203152364273,0.5457013574660633
Overall,902,0.6009912959381045,0.6251808972503617,0.7659574468085106,0.6884462151394423,0.5995903737839222
Gender: F,902,0.6280563651887181,0.6385224274406333,0.8175675675675675,0.717037037037037,0.6365366317792579
Gender: M,902,0.5645185955468559,0.6089743589743589,0.7089552238805971,0.6551724137931034,0.5565410199556541
Age: Adult,902,0.5758771579283887,0.6129032258064516,0.7683823529411765,0.6818923327895595,0.5723684210526315
Age: Senior,902,0.5384794937954616,0.6651162790697674,0.7929759704251387,0.7234401349072512,0.6067146282973621
Age: Young,902,0.6634875022806058,0.5707070707070707,0.7174603174603175,0.6357243319268636,0.6093514328808446
Race: black,902,0.5078689631881121,0.7146017699115044,0.9817629179331308,0.8271446862996159,0.709051724137931
Race: others,902,0.49525862068965515,0.6693333333333333,0.9227941176470589,0.7758887171561051,0.6522781774580336
Race: white,902,0.574264923489372,0.5225225225225225,0.5502846299810247,0.5360443622920518,0.5317164179104478
Overall,903,0.5530016700817965,0.5965166908563135,0.732620320855615,0.6576,0.5672396359959555
Gender: F,903,0.6046775718111641,0.6337837837837837,0.8435251798561151,0.7237654320987654,0.6297828335056876
Gender: M,903,0.4935264223607416,0.5532915360501567,0.6236749116607774,0.5863787375415282,0.5074183976261127
Age: Adult,903,0.4780177541868766,0.5346260387811634,0.7877551020408163,0.636963696369637,0.5299145299145299
Age: Senior,903,0.5071578947368421,0.6509146341463414,0.7491228070175439,0.6965742251223491,0.5724137931034483
Age: Young,903,0.6423736440023085,0.5595567867036011,0.6579804560260586,0.6047904191616766,0.5875
Race: black,903,0.4816392081852139,0.7128099173553719,0.9400544959128065,0.8108108108108109,0.6891891891891891
Race: others,903,0.4614311341439107,0.5391849529780565,0.8472906403940886,0.6590038314176245,0.526595744680851
Race: white,903,0.5371291680287675,0.5304347826086957,0.552536231884058,0.541259982253771,0.5230627306273062
Overall,904,0.5633492208643925,0.5881907645722937,0.7428298279158699,0.6565272496831432,0.5661686232657417
Gender: F,904,0.5929918303350387,0.6316507503410641,0.7928082191780822,0.7031131359149583,0.6086086086086087
Gender: M,904,0.5174601427628062,0.5340136054421769,0.6796536796536796,0.5980952380952381,0.5177142857142857
Age: Adult,904,0.5548031002896736,0.5636942675159236,0.7344398340248963,0.6378378378378379,0.5562913907284768
Age: Senior,904,0.530535483175151,0.6125984251968504,0.7971311475409836,0.692787177203918,0.5643939393939394
Age: Young,904,0.5975744155949203,0.5672043010752689,0.6656151419558359,0.6124818577648766,0.575516693163752
Race: black,904,0.4885103589145024,0.6754176610978521,0.9496644295302014,0.7894002789400278,0.6536697247706422
Race: others,904,0.4859914639574769,0.5429447852760736,0.8388625592417062,0.659217877094972,0.5331632653061225
Race: white,904,0.5642952003600005,0.5503472222222222,0.590316573556797,0.5696316262353999,0.5420650095602294
Overall,905,0.5891681999240268,0.635846372688478,0.7569856054191363,0.6911480479319675,0.5962607377463366
Gender: F,905,0.6585678210678212,0.6534788540245566,0.8063973063973064,0.7219291635267521,0.636094674556213
Gender: M,905,0.5135362303164688,0.6166419019316494,0.706984667802385,0.6587301587301587,0.5544041450777202
Age: Adult,905,0.6175496688741722,0.6324324324324324,0.7748344370860927,0.6964285714285714,0.5853658536585366
Age: Senior,905,0.49774399244610984,0.6715328467153284,0.7944732297063903,0.7278481012658228,0.6036866359447005
Age: Young,905,0.6514002089864159,0.5698005698005698,0.6666666666666666,0.6144393241167435,0.5945072697899838
Race: black,905,0.4650957661290323,0.7734375,0.9519230769230769,0.853448275862069,0.7481481481481481
Race: others,905,0.5075273442300603,0.5513698630136986,0.7815533980582524,0.6465863453815262,0.5164835164835165
Race: white,905,0.5805182288416469,0.5598006644518272,0.6028622540250447,0.5805340223944875,0.5469767441860465
Overall,906,0.5694300226710278,0.615007012622721,0.7816399286987522,0.6883830455259027,0.591983556012333
Gender: F,906,0.5953261225043275,0.6703841387856257,0.8479623824451411,0.7487889273356402,0.6479146459747818
Gender: M,906,0.510124446319342,0.5428109854604201,0.6942148760330579,0.6092475067996374,0.5289617486338798
Age: Adult,906,0.5553889590347924,0.5666666666666667,0.7727272727272727,0.6538461538461539,0.55
Age: Senior,906,0.5280847618802849,0.6510948905109489,0.8367729831144465,0.7323481116584565,0.6048484848484849
Age: Young,906,0.6146543330087634,0.5958005249343832,0.6984615384615385,0.6430594900849859,0.6068642745709828
Race: black,906,0.4695462218250422,0.7392197125256673,0.9651474530831099,0.8372093023255814,0.7244094488188977
Race: others,906,0.5022918773171554,0.6292517006802721,0.8604651162790697,0.7269155206286837,0.6062322946175638
Race: white,906,0.5283209962138978,0.5147286821705427,0.6217228464419475,0.5631891433418151,0.5253456221198156
Overall,907,0.565893265539492,0.639568345323741,0.7215909090909091,0.6781083142639207,0.5836211149481993
Gender: F,907,0.6244191638919718,0.6586985391766268,0.779874213836478,0.7141828653707704,0.6258246936852027
Gender: M,907,0.4859627244694359,0.6169544740973313,0.6593959731543624,0.6374695863746959,0.5372670807453416
Age: Adult,907,0.5198471212352334,0.5674157303370787,0.7292418772563177,0.6382306477093207,0.5326530612244897
Age: Senior,907,0.5062180119069498,0.6940509915014165,0.7668231611893583,0.7286245353159851,0.6032608695652174
Age: Young,907,0.6435300054670087,0.600609756097561,0.6234177215189873,0.6118012422360248,0.5948136142625607
Race: black,907,0.3806482773424922,0.7571428571428571,0.9636363636363636,0.848,0.7371541501976284
Race: others,907,0.4970507723391775,0.6232876712328768,0.7947598253275109,0.6986564299424184,0.5674931129476584
Race: white,907,0.5507521275320628,0.5526315789473685,0.5436893203883495,0.5481239804241436,0.5215889464594128
Overall,908,0.5486821418143432,0.6263817243920413,0.7302405498281787,0.6743355811186037,0.574390876101607
Gender: F,908,0.5830897398421513,0.6545698924731183,0.7829581993569131,0.7130307467057101,0.6149312377210217
Gender: M,908,0.4983774837748377,0.5921696574225123,0.6697416974169742,0.6285714285714286,0.5290889132821076
Age: Adult,908,0.5922112469073796,0.638121546961326,0.7777777777777778,0.701062215477997,0.5878661087866108
Age: Senior,908,0.45015838803435554,0.6277955271565495,0.7572254335260116,0.6864628820960699,0.558968058968059
Age: Young,908,0.6119546195760253,0.6124661246612466,0.6494252873563219,0.6304044630404463,0.5839874411302983
Race: black,908,0.3873271783565293,0.75,0.926829268292683,0.8290909090909091,0.7104722792607803
Race: others,908,0.41486441798941803,0.6059602649006622,0.8472222222222222,0.7065637065637066,0.5730337078651685
Race: white,908,0.5315837344534037,0.5425709515859767,0.5613126079447323,0.5517826825127334,0.5138121546961326
Overall,909,0.6174635178741731,0.6291291291291291,0.7563176895306859,0.6868852459016394,0.60557563242127
Gender: F,909,0.6064006650041563,0.6428571428571429,0.7540106951871658,0.694011484823626,0.6122661122661123
Gender: M,909,0.6263284013053358,0.615727002967359,0.7586837294332724,0.6797706797706797,0.598974358974359
Age: Adult,909,0.505439827707846,0.5981873111782477,0.7021276595744681,0.6460032626427407,0.5412262156448203
Age: Senior,909,0.5842862854858056,0.6601503759398496,0.8236397748592871,0.7328881469115192,0.6181384248210023
Age: Young,909,0.6946109932458054,0.5982142857142857,0.6860068259385665,0.6391096979332274,0.6373801916932907
Race: black,909,0.45235177679328875,0.7418546365914787,0.9579288025889967,0.8361581920903954,0.7184466019417476
Race: others,909,0.5577123287671233,0.6626865671641791,0.888,0.7589743589743589,0.6439393939393939
Race: white,909,0.5880440927077445,0.5351170568561873,0.5828779599271403,0.5579773321708805,0.5509300265721878
Overall,910,0.5714628643603036,0.5868544600938967,0.7183908045977011,0.6459948320413437,0.5580645161290323
Gender: F,910,0.6157245973990971,0.6489071038251366,0.8161512027491409,0.7229832572298326,0.6323232323232323
Gender: M,910,0.4895727230286054,0.5036630036630036,0.5952380952380952,0.5456349206349206,0.4735632183908046
Age: Adult,910,0.5551170409600924,0.580110497237569,0.7806691449814126,0.6656101426307448,0.5676229508196722
Age: Senior,910,0.4948110185778347,0.5918727915194346,0.7511210762331838,0.6620553359683794,0.5289256198347108
Age: Young,910,0.639127266451248,0.5857142857142857,0.6231003039513677,0.6038291605301914,0.5835913312693498
Race: black,910,0.5100532016871165,0.7169811320754716,0.9325153374233128,0.8106666666666666,0.6872246696035242
Race: others,910,0.47025691997228997,0.5930599369085173,0.8663594470046083,0.704119850187266,0.572972972972973
Race: white,910,0.5317962206428264,0.48044692737430167,0.5149700598802395,0.49710982658959535,0.49613899613899615
Overall,911,0.601938130448674,0.6101438304314913,0.7394495412844037,0.66860223973455,0.5781414994720169
Gender: F,911,0.6313889324146343,0.6206415620641562,0.8047016274864376,0.7007874015748031,0.6122448979591837
Gender: M,911,0.5701707590553671,0.597682119205298,0.6722532588454376,0.6327782646801051,0.5415754923413567
Age: Adult,911,0.5558462532299742,0.5884057971014492,0.7868217054263565,0.6733001658374793,0.5502283105022832
Age: Senior,911,0.589921470342523,0.6645367412140575,0.7923809523809524,0.7228496959165943,0.6061728395061728
Age: Young,911,0.6285876259932932,0.5342857142857143,0.6091205211726385,0.5692541856925418,0.5619195046439629
Race: black,911,0.4291998936735779,0.7592592592592593,0.9590643274853801,0.8475452196382429,0.7389380530973452
Race: others,911,0.562741239688186,0.5491329479768786,0.867579908675799,0.672566371681416,0.5375
Race: white,911,0.5844268305714927,0.5303867403314917,0.5444234404536862,0.5373134328358209,0.5239923224568138
Overall,912,0.5659141150145648,0.5660809778456837,0.7097701149425287,0.6298342541436464,0.5403693931398417
Gender: F,912,0.6518250688705235,0.5973254086181278,0.8121212121212121,0.6883561643835616,0.6106951871657754
Gender: M,912,0.47045058699958786,0.5330188679245284,0.6174863387978142,0.5721518987341773,0.471875
Age: Adult,912,0.5888146167557932,0.5533707865168539,0.7725490196078432,0.6448445171849427,0.5431578947368421
Age: Senior,912,0.43479717468382706,0.5721739130434783,0.6911764705882353,0.6260704091341579,0.4942084942084942
Age: Young,912,0.6625423564720688,0.5687830687830688,0.6869009584664537,0.622286541244573,0.5940902021772939
Race: black,912,0.5439235476799416,0.7023255813953488,0.937888198757764,0.8031914893617021,0.6768558951965066
Race: others,912,0.427683510472994,0.5016611295681063,0.8118279569892473,0.6201232032854209,0.48467966573816157
Race: white,912,0.5469309357272677,0.4982698961937716,0.5373134328358209,0.5170556552962298,0.5009276437847866
Overall,913,0.5586829754663014,0.6233120113717129,0.7278008298755186,0.6715160796324655,0.5771315919172005
Gender: F,913,0.5927053281828109,0.6482758620689655,0.7679738562091504,0.7030665669409125,0.6080947680157947
Gender: M,913,0.517319874501174,0.5967741935483871,0.6863406408094435,0.6384313725490196,0.5462598425196851
Age: Adult,913,0.5058847121953918,0.5575447570332481,0.7055016181229773,0.6228571428571429,0.5138121546961326
Age: Senior,913,0.4811487609373227,0.6795665634674922,0.7530017152658662,0.7144019528071603,0.5821428571428572
Age: Young,913,0.6604495869671588,0.5945945945945946,0.7028753993610224,0.6442166910688141,0.6238390092879257
Race: black,913,0.42393391471317704,0.7926356589147286,0.9489559164733179,0.8637803590285111,0.7641681901279708
Race: others,913,0.5020113841606918,0.6352583586626139,0.8636363636363636,0.7320490367775832,0.6106870229007634
Race: white,913,0.490498575883155,0.4608540925266904,0.4868421052631579,0.473491773308958,0.47107438016528924
Overall,914,0.5505677674230146,0.6246418338108882,0.706645056726094,0.6631178707224334,0.5644051130776795
Gender: F,914,0.5622985550996022,0.6632653061224489,0.7807807807807807,0.7172413793103448,0.6087786259541985
Gender: M,914,0.5213921086326572,0.5751633986928104,0.6197183098591549,0.5966101694915255,0.5172413793103449
Age: Adult,914,0.5300411522633746,0.5147058823529411,0.6862745098039216,0.5882352941176471,0.5080321285140562
Age: Senior,914,0.47276060606060616,0.666156202143951,0.725,0.6943335993615323,0.5622857142857143
Age: Young,914,0.6386955219970433,0.6501240694789082,0.6912928759894459,0.670076726342711,0.6096822995461422
Race: black,914,0.4266421052631579,0.7424242424242424,0.9026315789473685,0.8147268408551069,0.691089108910891
Race: others,914,0.4793318976837019,0.6086956521739131,0.8713692946058091,0.7167235494880546,0.5839598997493735
Race: white,914,0.5218808472773973,0.5415959252971138,0.5203915171288744,0.5307820299500832,0.5008849557522124
Overall,915,0.5688021605826489,0.6100676183320811,0.7154185022026431,0.6585563665855637,0.5639564992232005
Gender: F,915,0.6023486124550526,0.6545698924731183,0.7621283255086072,0.7042660882140275,0.6036821705426356
Gender: M,915,0.5164442087569039,0.5536626916524702,0.655241935483871,0.6001846722068329,0.5183537263626251
Age: Adult,915,0.6044713160854893,0.5925925925925926,0.8188976377952756,0.687603305785124,0.58
Age: Senior,915,0.46604537343200547,0.6157556270096463,0.7337164750957854,0.6695804195804196,0.5356265356265356
Age: Young,915,0.6333068046159968,0.61731843575419,0.6155988857938719,0.6164574616457462,0.5877061469265368
Race: black,915,0.4262536873156343,0.7416267942583732,0.9144542772861357,0.8190224570673712,0.6969026548672567
Race: others,915,0.5306935123042505,0.589171974522293,0.8222222222222222,0.686456400742115,0.5481283422459893
Race: white,915,0.5485103996536728,0.5292153589315526,0.5551663747810858,0.5418803418803418,0.5149321266968325
Overall,916,0.5621538963422095,0.5790960451977402,0.7481751824817519,0.6528662420382165,0.5620291310899046
Gender: F,916,0.6321369538580462,0.6168741355463347,0.8050541516245487,0.6985121378230227,0.6122860020140987
Gender: M,916,0.48427485919596036,0.5396825396825397,0.6900369003690037,0.605668016194332,0.5120240480961924
Age: Adult,916,0.5105558485700892,0.5513784461152882,0.7638888888888888,0.6404657933042213,0.5295238095238095
Age: Senior,916,0.508839641434263,0.6306729264475743,0.8027888446215139,0.7063978965819456,0.5759493670886076
Age: Young,916,0.6190293234410882,0.5211640211640212,0.6437908496732027,0.5760233918128655,0.5710059171597633
Race: black,916,0.4788842992986533,0.7598343685300207,0.963254593175853,0.8495370370370371,0.7415506958250497
Race: others,916,0.5011230256484568,0.5105740181268882,0.8203883495145631,0.6294227188081937,0.5110565110565111
Race: white,916,0.5129727836014673,0.4717607973421927,0.5579567779960707,0.5112511251125113,0.4976873265494912
Overall,917,0.5748565816549231,0.6511954992967651,0.7602627257799671,0.7015151515151515,0.6075697211155379
Gender: F,917,0.6060176282051282,0.6701298701298701,0.80625,0.7319148936170212,0.6330097087378641
Gender: M,917,0.5316371107266435,0.6288343558282209,0.7093425605536332,0.6666666666666666,0.5807770961145194
Age: Adult,917,0.6151835253947929,0.5949008498583569,0.7954545454545454,0.6807131280388979,0.5870020964360587
Age: Senior,917,0.48962615899354295,0.6955266955266955,0.7914614121510674,0.7403993855606759,0.6137142857142858
Age: Young,917,0.6178479891886854,0.6223404255319149,0.6782608695652174,0.6490984743411928,0.614329268292683
Race: black,917,0.44917718825365305,0.7698924731182796,0.9649595687331537,0.8564593301435407,0.7525773195876289
Race: others,917,0.5038013587835652,0.6547945205479452,0.8505338078291815,0.739938080495356,0.6137931034482759
Race: white,917,0.5394226473335769,0.5557432432432432,0.5812720848056537,0.5682210708117443,0.5404411764705882
Overall,918,0.5936449364493644,0.6345412490362374,0.7219298245614035,0.6754205990972507,0.5949820788530465
Gender: F,918,0.6071360020883239,0.6388508891928865,0.7744610281923715,0.7001499250374813,0.6135265700483091
Gender: M,918,0.5780167842148223,0.6289752650176679,0.6629422718808193,0.6455122393472348,0.5740740740740741
Age: Adult,918,0.5534988252119727,0.5807560137457045,0.6733067729083665,0.6236162361623616,0.5426008968609866
Age: Senior,918,0.5339556485977888,0.6746268656716418,0.7833622183708839,0.7249398556535686,0.6102272727272727
Age: Young,918,0.6696886446886446,0.6011904761904762,0.6474358974358975,0.6234567901234568,0.6108452950558214
Race: black,918,0.4886357746332866,0.7613636363636364,0.9463276836158192,0.8438287153652393,0.7321814254859611
Race: others,918,0.495405292145594,0.5412541254125413,0.8541666666666666,0.6626262626262627,0.5437158469945356
Race: white,918,0.5864986341401436,0.5848375451263538,0.5454545454545454,0.5644599303135889,0.5551601423487544
Overall,919,0.5804221297499272,0.6170212765957447,0.7416225749559083,0.6736083299959952,0.5877592311583207
Gender: F,919,0.6470140054104031,0.6437768240343348,0.8166969147005445,0.72,0.6410256410256411
Gender: M,919,0.5083061442542687,0.588855421686747,0.6706689536878216,0.6271050521251003,0.5359281437125748
Age: Adult,919,0.5751238938053097,0.5595567867036011,0.808,0.6612111292962357,0.5651260504201681
Age: Senior,919,0.5147114782313442,0.6776611694152923,0.7753001715265866,0.7232,0.6050228310502284
Age: Young,919,0.6394938681760387,0.5582089552238806,0.6212624584717608,0.5880503144654088,0.5808
Race: black,919,0.38047701091179353,0.7415094339622641,0.9492753623188406,0.8326271186440678,0.7163375224416517
Race: others,919,0.5635284218399402,0.5661016949152542,0.8743455497382199,0.6872427983539094,0.5766016713091922
Race: white,919,0.5602356553008229,0.5223048327137546,0.5311909262759924,0.5267104029990628,0.5240339302544769
Overall,920,0.599593574317839,0.6623282718727405,0.7339743589743589,0.6963131889015584,0.5996993987975952
Gender: F,920,0.6603818197740607,0.6841397849462365,0.8469217970049917,0.7568773234200743,0.6666666666666666
Gender: M,920,0.5318127981990459,0.6369327073552425,0.6290571870170015,0.6329704510108864,0.5349753694581281
Age: Adult,920,0.6369811404383574,0.6447761194029851,0.8089887640449438,0.717607973421927,0.6100917431192661
Age: Senior,920,0.50501953125,0.6973125884016973,0.7703125,0.7319970304380103,0.6076086956521739
Age: Young,920,0.6639825812336331,0.6070381231671554,0.6070381231671554,0.6070381231671554,0.58125
Race: black,920,0.45436507936507936,0.8240343347639485,0.9343065693430657,0.8757126567844926,0.7797979797979798
Race: others,920,0.42914956680346555,0.6287425149700598,0.813953488372093,0.7094594594594594,0.5634517766497462
Race: white,920,0.5797744282200241,0.5523156089193825,0.5561312607944733,0.5542168674698795,0.5320686540198736
Overall,921,0.5569061338239962,0.6292645943896892,0.7100085543199316,0.6672025723472669,0.5784114052953157
Gender: F,921,0.605906217989721,0.6804123711340206,0.7790893760539629,0.7264150943396226,0.6412371134020619
Gender: M,921,0.49660669191919193,0.575,0.6388888888888888,0.6052631578947368,0.5171026156941649
Age: Adult,921,0.557345035813625,0.5994318181818182,0.6963696369636964,0.6442748091603053,0.5620300751879699
Age: Senior,921,0.4515491800957263,0.6650326797385621,0.7722960151802657,0.7146619841966637,0.5911949685534591
Age: Young,921,0.6333966858704045,0.5971830985915493,0.6253687315634219,0.6109510086455331,0.576138147566719
Race: black,921,0.40465258647076824,0.7558886509635975,0.9724517906336089,0.8506024096385543,0.7416666666666667
Race: others,921,0.45032813232438224,0.60431654676259,0.7706422018348624,0.6774193548387096,0.5492957746478874
Race: white,921,0.5452393526726773,0.5383275261324042,0.5255102040816326,0.53184165232358,0.5181576616474757
Overall,922,0.5575484630166311,0.6404341926729986,0.7750410509031199,0.7013372956909361,0.599002493765586
Gender: F,922,0.5949569418189455,0.6388888888888888,0.84,0.7257700976709242,0.6309403437815976
Gender: M,922,0.5263114005645454,0.6420612813370473,0.7169517884914464,0.677443056576047,0.5679133858267716
Age: Adult,922,0.5273002915451895,0.5830985915492958,0.8448979591836735,0.69,0.5571428571428572
Age: Senior,922,0.4920067224908598,0.687757909215956,0.819672131147541,0.7479431563201197,0.6204954954954955
Age: Young,922,0.6260742976856206,0.6045918367346939,0.6528925619834711,0.6278145695364239,0.5968436154949784
Race: black,922,0.42259083728278046,0.7328519855595668,0.9620853080568721,0.8319672131147541,0.7177280550774526
Race: others,922,0.4538659793814433,0.6394736842105263,0.8350515463917526,0.7242921013412816,0.5898004434589801
Race: white,922,0.5585512397393586,0.5462962962962963,0.5841584158415841,0.5645933014354066,0.5323741007194245
Overall,923,0.5702335282633288,0.5936532507739938,0.7154850746268657,0.6489001692047377,0.5608465608465608
Gender: F,923,0.608961716937355,0.6295793758480326,0.7733333333333333,0.694091249065071,0.6032977691561591
Gender: M,923,0.5124983576402575,0.5459459459459459,0.6419491525423728,0.5900681596884129,0.509895227008149
Age: Adult,923,0.5558904279256033,0.5805471124620061,0.7609561752988048,0.6586206896551724,0.5540540540540541
Age: Senior,923,0.5029796859367524,0.6062717770034843,0.7341772151898734,0.6641221374045801,0.5398692810457516
Age: Young,923,0.6245578008248633,0.5861182519280206,0.6570605187319885,0.6195652173913043,0.5888399412628488
Race: black,923,0.5401916167664671,0.7306791569086651,0.9341317365269461,0.8199737187910644,0.7015250544662309
Race: others,923,0.5131892895015906,0.5601092896174863,0.8333333333333334,0.6699346405228758,0.5302325581395348
Race: white,923,0.5154295845512483,0.501002004008016,0.508130081300813,0.5045408678102926,0.5094905094905094
Overall,924,0.5663971676178398,0.6167800453514739,0.7157894736842105,0.6626065773447016,0.5781725888324873
Gender: F,924,0.5893441943373544,0.6102418207681366,0.7647058823529411,0.6787974683544303,0.5903128153380424
Gender: M,924,0.5435772884283248,0.6241935483870967,0.6683937823834197,0.6455379482902419,0.5658835546475995
Age: Adult,924,0.540509301065559,0.5379939209726444,0.7224489795918367,0.6167247386759582,0.5329087048832272
Age: Senior,924,0.473559936673748,0.676056338028169,0.7686832740213523,0.7194004995836802,0.5915151515151515
Age: Young,924,0.6369888950534112,0.5830985915492958,0.6216216216216216,0.6017441860465116,0.5934718100890207
Race: black,924,0.3326505807148645,0.7625,0.9556135770234987,0.8482039397450754,0.7374749498997996
Race: others,924,0.4898033126293996,0.5700934579439252,0.7625,0.6524064171122995,0.513715710723192
Race: white,924,0.5651869003606144,0.5114942528735632,0.5164410058027079,0.5139557266602502,0.5280373831775701
Overall,925,0.5942879273504272,0.65379113018598,0.7616666666666667,0.7036181678214011,0.6111111111111112
Gender: F,925,0.5939372828330471,0.6737967914438503,0.8221859706362153,0.7406318883174137,0.6434343434343435
Gender: M,925,0.5915176212477966,0.6307692307692307,0.6984667802385008,0.6628940986257074,0.5787878787878787
Age: Adult,925,0.5943879458610634,0.68,0.819935691318328,0.7434402332361516,0.6356107660455487
Age: Senior,925,0.5184374437443744,0.6473509933774835,0.7742574257425743,0.7051397655545536,0.5807692307692308
Age: Young,925,0.6471275963463463,0.639618138424821,0.6979166666666666,0.6674968866749689,0.6276150627615062
Race: black,925,0.5495379824898396,0.7378435517970402,0.9667590027700831,0.8369304556354916,0.7269076305220884
Race: others,925,0.49511016187050355,0.6550632911392406,0.80859375,0.7237762237762237,0.6
Race: white,925,0.5768976830297585,0.5878489326765188,0.614065180102916,0.6006711409395973,0.562097516099356
Overall,926,0.5971354649301636,0.6095238095238096,0.7482014388489209,0.6717803794913202,0.58646998982706
Gender: F,926,0.6213310135609535,0.6056737588652482,0.8164435946462715,0.6954397394136808,0.608786610878661
Gender: M,926,0.5714262669930514,0.6136363636363636,0.6876061120543294,0.6485188150520417,0.5653465346534653
Age: Adult,926,0.6106037151702786,0.5185185185185185,0.7982456140350878,0.6286701208981001,0.5548654244306418
Age: Senior,926,0.5253746686144025,0.6525037936267072,0.7832422586520947,0.7119205298013245,0.5915492957746479
Age: Young,926,0.6574324324324324,0.6197183098591549,0.6567164179104478,0.6376811594202898,0.6038034865293186
Race: black,926,0.5222997572815534,0.7699316628701595,0.9602272727272727,0.854614412136536,0.7472527472527473
Race: others,926,0.4646150950498777,0.5660377358490566,0.8300395256916996,0.6730769230769231,0.5384615384615384
Race: white,926,0.5589452294215502,0.5117117117117117,0.5601577909270217,0.5348399246704332,0.5378858746492049
Overall,927,0.5472345930355854,0.6106705118961788,0.7301724137931035,0.6650961915979584,0.5676634566649772
Gender: F,927,0.559092848002275,0.6207906295754027,0.7837338262476895,0.6928104575163399,0.5961331901181526
Gender: M,927,0.5368091598971879,0.6008522727272727,0.6833602584814217,0.6394557823129252,0.5422264875239923
Age: Adult,927,0.6011028858595888,0.6359223300970874,0.8238993710691824,0.7178082191780822,0.6091081593927894
Age: Senior,927,0.4738345680738048,0.5996955859969558,0.7710371819960861,0.6746575342465754,0.551357733175915
Age: Young,927,0.5970487441944357,0.60062893081761,0.5770392749244713,0.588597842835131,0.5542570951585977
Race: black,927,0.45826763376432245,0.718052738336714,0.9365079365079365,0.8128587830080367,0.6918714555765595
Race: others,927,0.5012665353222628,0.602112676056338,0.8181818181818182,0.6937119675456389,0.5623188405797102
Race: white,927,0.5163056821876721,0.5278688524590164,0.5619546247818499,0.5443786982248521,0.5095541401273885
Overall,928,0.5663372878514442,0.6306179775280899,0.7571669477234402,0.6881226053639847,0.6011758941695248
Gender: F,928,0.5896517191498832,0.6585051546391752,0.8149920255183413,0.7284390591589451,0.6395458845789972
Gender: M,928,0.530754498579396,0.5972222222222222,0.6923076923076923,0.6412593206296603,0.5599593495934959
Age: Adult,928,0.567562181122449,0.5896739130434783,0.775,0.6697530864197531,0.5753968253968254
Age: Senior,928,0.4937037037037037,0.6931464174454829,0.7807017543859649,0.7343234323432343,0.6166666666666667
Age: Young,928,0.6336194103680254,0.5700483091787439,0.7023809523809523,0.6293333333333333,0.6011477761836442
Race: black,928,0.43621407031339465,0.7575757575757576,0.959079283887468,0.8465011286681715,0.7409523809523809
Race: others,928,0.4685464559386973,0.585635359116022,0.8833333333333333,0.7043189368770764,0.5700483091787439
Race: white,928,0.5507337319037501,0.5485008818342152,0.5603603603603604,0.5543672014260249,0.5462794918330308
Overall,929,0.5945742146217616,0.632768361581921,0.7554806070826307,0.6887009992313605,0.5939849624060151
Gender: F,929,0.6449652358649992,0.6604026845637584,0.825503355704698,0.7337807606263982,0.6475814412635735
Gender: M,929,0.5329405914908336,0.6020864381520119,0.6847457627118644,0.640761300555115,0.5386965376782077
Age: Adult,929,0.5939246164787159,0.6449086161879896,0.8071895424836601,0.7169811320754716,0.6092184368737475
Age: Senior,929,0.5410529019577186,0.6643059490084986,0.790893760539629,0.7220939183987682,0.5966480446927375
Age: Young,929,0.644449499545041,0.5504587155963303,0.627177700348432,0.5863192182410424,0.5773710482529119
Race: black,929,0.4883812243441013,0.7575757575757576,0.9280742459396751,0.8342022940563086,0.7165775401069518
Race: others,929,0.4883044982698962,0.6334164588528678,0.8788927335640139,0.736231884057971,0.6077586206896551
Race: white,929,0.5660978268274406,0.49691991786447637,0.51931330472103,0.5078698845750262,0.5164948453608248
Overall,930,0.577474131484338,0.6363636363636364,0.7389858686616791,0.6838461538461539,0.589
Gender: F,930,0.6086643909035439,0.6699507389162561,0.7804878048780488,0.7210072895957588,0.6280918727915195
Gender: M,930,0.5200085165855043,0.5897435897435898,0.6818181818181818,0.6324472960586618,0.5380184331797235
Age: Adult,930,0.521977347640087,0.6021220159151194,0.7800687285223368,0.6796407185628742,0.5605749486652978
Age: Senior,930,0.5280308817957652,0.6985714285714286,0.8109452736318408,0.750575594781274,0.6264367816091954
Age: Young,930,0.6300844912117513,0.540625,0.5598705501618123,0.5500794912559619,0.5598755832037325
Race: black,930,0.4579543463370343,0.7518656716417911,0.9179954441913439,0.8266666666666667,0.7096219931271478
Race: others,930,0.5053448596393382,0.637883008356546,0.8674242424242424,0.7351524879614767,0.6135831381733021
Race: white,930,0.544918533604888,0.5119521912350598,0.514,0.5129740518962076,0.5075681130171544
Overall,931,0.5847591308684077,0.6481876332622601,0.7408610885458976,0.6914329037149356,0.6007846983815596
Gender: F,931,0.6089590320458301,0.6653279785809906,0.8055105348460292,0.7287390029325513,0.6376101860920667
Gender: M,931,0.5511517560550843,0.6287878787878788,0.6758957654723127,0.6514913657770801,0.5638506876227898
Age: Adult,931,0.6455903431606757,0.6142506142506142,0.8361204013377926,0.7082152974504249,0.6163873370577281
Age: Senior,931,0.4826322353012744,0.6702453987730062,0.747008547008547,0.7065481002425222,0.5808314087759815
Age: Young,931,0.6492177138697486,0.646551724137931,0.6484149855907781,0.6474820143884892,0.6147798742138365
Race: black,931,0.39824591939351744,0.7644787644787645,0.9496402877697842,0.8470588235294118,0.7356746765249538
Race: others,931,0.49124830393487107,0.6666666666666666,0.850909090909091,0.7476038338658147,0.6136919315403423
Race: white,931,0.5438893573958509,0.5241635687732342,0.5231910946196661,0.5236768802228412,0.5289256198347108
Overall,932,0.5794443654966606,0.6057142857142858,0.747136563876652,0.6690335305719921,0.5811283075386919
Gender: F,932,0.6018923616313566,0.6302952503209243,0.8129139072847682,0.7100506146059291,0.6166347992351816
Gender: M,932,0.5456773914042952,0.5748792270531401,0.672316384180791,0.6197916666666666,0.542319749216301
Age: Adult,932,0.5851962990747687,0.5804749340369393,0.7885304659498208,0.668693009118541,0.5587044534412956
Age: Senior,932,0.5374950242048359,0.6362229102167183,0.8074656188605108,0.7116883116883117,0.5914110429447853
Age: Young,932,0.6041824116137497,0.5786666666666667,0.6253602305475504,0.6011080332409973,0.5850144092219021
Race: black,932,0.4682419976537624,0.7420814479638009,0.9344729344729344,0.8272383354350568,0.7085106382978723
Race: others,932,0.5180718545594459,0.5663716814159292,0.8495575221238938,0.679646017699115,0.5585365853658537
Race: white,932,0.5519110603609605,0.529886914378029,0.5878136200716846,0.5573491928632116,0.5360641139804097
Overall,933,0.5767064989996905,0.6379928315412187,0.7331136738056013,0.6822537370640092,0.5869456900847035
Gender: F,933,0.6223247071166288,0.675,0.8073089700996677,0.735249621785174,0.6435845213849287
Gender: M,933,0.518527750083084,0.5985185185185186,0.6601307189542484,0.6278166278166278,0.5326829268292683
Age: Adult,933,0.5722174510477499,0.5861111111111111,0.7429577464788732,0.65527950310559,0.5460122699386503
Age: Senior,933,0.49422005740416425,0.6564885496183206,0.7530647985989493,0.7014681892332789,0.5739231664726426
Age: Young,933,0.6507242339832869,0.6552631578947369,0.6935933147632312,0.6738836265223275,0.6342943854324734
Race: black,933,0.4549172751640632,0.7333333333333333,0.9455587392550143,0.8260325406758448,0.7061310782241015
Race: others,933,0.5538062566364453,0.6639784946236559,0.801948051948052,0.7264705882352941,0.6017130620985011
Race: white,933,0.5468053648748548,0.5462478184991274,0.5619389587073609,0.5539823008849557,0.5276476101218369
Overall,934,0.5803529233237226,0.6175572519083969,0.7146643109540636,0.6625716625716626,0.5767847971237802
Gender: F,934,0.6416887633123235,0.6327160493827161,0.7663551401869159,0.6931530008453085,0.6238341968911917
Gender: M,934,0.5082816680806631,0.6027190332326284,0.6683417085427136,0.6338363780778395,0.5305498981670062
Age: Adult,934,0.6396217023394724,0.6050420168067226,0.7526132404181185,0.6708074534161491,0.5851272015655578
Age: Senior,934,0.4874070153992934,0.6596774193548387,0.7895752895752896,0.718804920913884,0.5881595881595881
Age: Young,934,0.6066375594119597,0.5525525525525525,0.5626911314984709,0.5575757575757576,0.5569044006069803
Race: black,934,0.4347228253003329,0.7266009852216748,0.8966565349544073,0.8027210884353742,0.6813186813186813
Race: others,934,0.4978985710282992,0.6491803278688525,0.7951807228915663,0.7148014440433214,0.582010582010582
Race: white,934,0.5739653171738011,0.5275459098497496,0.5703971119133574,0.5481352992194276,0.5323159784560144
Overall,935,0.5812348363057721,0.6046852122986823,0.7329192546583851,0.6626554352186121,0.5664948453608247
Gender: F,935,0.6033958724202626,0.6189801699716714,0.747008547008547,0.6769945778466305,0.5809045226130654
Gender: M,935,0.5499917592228032,0.5893939393939394,0.7177121771217713,0.6472545757071547,0.5513227513227513
Age: Adult,935,0.5256006398119736,0.5653409090909091,0.6885813148788927,0.6209048361934477,0.5149700598802395
Age: Senior,935,0.5284181186545659,0.6426426426426426,0.8183556405353728,0.719932716568545,0.587360594795539
Age: Young,935,0.6489059135746833,0.5718390804597702,0.6317460317460317,0.6003016591251885,0.5806962025316456
Race: black,935,0.47642709257616084,0.7769784172661871,0.9391304347826087,0.8503937007874016,0.7426636568848759
Race: others,935,0.5456525769373378,0.55858310626703,0.8836206896551724,0.6844741235392321,0.5478468899521531
Race: white,935,0.5311720226843101,0.5103092783505154,0.54,0.5247349823321554,0.5013901760889713
Overall,936,0.5873987308044298,0.6368715083798883,0.7683235046335299,0.6964490263459335,0.6021021021021021
Gender: F,936,0.6171931842185557,0.6537013801756587,0.837620578778135,0.7343199436222692,0.6350435624394967
Gender: M,936,0.5470176991150444,0.6157480314960629,0.6920353982300885,0.6516666666666666,0.566839378238342
Age: Adult,936,0.6333745670460168,0.5806451612903226,0.8372093023255814,0.6857142857142857,0.5983772819472617
Age: Senior,936,0.5103888688544296,0.6732954545454546,0.8033898305084746,0.732612055641422,0.6032110091743119
Age: Young,936,0.6338921999478258,0.6235955056179775,0.6548672566371682,0.6388489208633094,0.6034755134281201
Race: black,936,0.4253488904140929,0.7721739130434783,0.9548387096774194,0.8538461538461538,0.7491749174917491
Race: others,936,0.5137675702811246,0.6104651162790697,0.8433734939759037,0.7082630691399663,0.5770171149144254
Race: white,936,0.5534634995647307,0.5029239766081871,0.5454545454545454,0.5233265720081136,0.5218718209562564
Overall,937,0.5467976463122439,0.6093163035311796,0.6919795221843004,0.6480223731522173,0.5619094977623074
Gender: F,937,0.5773537591452639,0.6184895833333334,0.749211356466877,0.6776034236804565,0.5916892502258356
Gender: M,937,0.5053045076888699,0.5968028419182948,0.6245353159851301,0.6103542234332425,0.5254424778761062
Age: Adult,937,0.47584831298663843,0.5845272206303725,0.6732673267326733,0.6257668711656442,0.5206286836935167
Age: Senior,937,0.43560763042418327,0.6275430359937402,0.7160714285714286,0.6688907422852377,0.5345838218053928
Age: Young,937,0.6633971064153817,0.6005830903790087,0.6666666666666666,0.6319018404907976,0.6302003081664098
Race: black,937,0.49511184315392376,0.7403846153846154,0.9655172413793104,0.8380952380952381,0.7276887871853547
Race: others,937,0.40909090909090906,0.5329153605015674,0.8133971291866029,0.6439393939393939,0.5026455026455027
Race: white,937,0.5485614141686921,0.5587248322147651,0.5170807453416149,0.5370967741935484,0.520066889632107
Overall,938,0.5648386548763159,0.5851063829787234,0.7271010387157696,0.6484210526315789,0.5639686684073107
Gender: F,938,0.5739021539489064,0.5914454277286135,0.7566037735849057,0.6639072847682119,0.5865580448065173
Gender: M,938,0.5572980029571954,0.5783699059561128,0.6975425330812854,0.6323907455012854,0.5401929260450161
Age: Adult,938,0.499901185770751,0.547945205479452,0.7246376811594203,0.62402496099844,0.5141129032258065
Age: Senior,938,0.5476973188165395,0.636518771331058,0.7987152034261242,0.7084520417853751,0.5912117177097204
Age: Young,938,0.6055002157652475,0.5397260273972603,0.6234177215189873,0.57856093979442,0.5703592814371258
Race: black,938,0.5189202066302222,0.723404255319149,0.9745222929936306,0.830393487109905,0.7165532879818595
Race: others,938,0.45721343873517784,0.5239520958083832,0.7954545454545454,0.631768953068592,0.49504950495049505
Race: white,938,0.5460131061598952,0.516994633273703,0.5504761904761905,0.533210332103321,0.5271028037383177
Overall,939,0.5821649378809187,0.6047156726768377,0.7884267631103075,0.6844583987441131,0.5918781725888325
Gender: F,939,0.6129324692658374,0.6078431372549019,0.8393501805054152,0.7050796057619408,0.6121635094715853
Gender: M,939,0.544277108433735,0.6011816838995568,0.7373188405797102,0.6623270951993491,0.5708376421923474
Age: Adult,939,0.5479650085254651,0.587378640776699,0.8432055749128919,0.6924177396280401,0.5881226053639846
Age: Senior,939,0.4953171117990065,0.6227347611202636,0.7891440501043842,0.6961325966850829,0.5708712613784135
Age: Young,939,0.671516571230262,0.5957446808510638,0.7411764705882353,0.6605504587155964,0.6185567010309279
Race: black,939,0.5303388278388278,0.7529411764705882,0.9846153846153847,0.8533333333333334,0.7509433962264151
Race: others,939,0.46185342934925794,0.5340599455040872,0.8305084745762712,0.6500829187396352,0.5081585081585082
Race: white,939,0.5591866760828625,0.5168141592920354,0.6083333333333333,0.5588516746411484,0.5440158259149357
Overall,940,0.5593511236584436,0.5897035881435257,0.7241379310344828,0.650042992261393,0.5713533438651922
Gender: F,940,0.5985776731390766,0.5895953757225434,0.7953216374269005,0.6771784232365146,0.601025641025641
Gender: M,940,0.5195152456117652,0.5898305084745763,0.655367231638418,0.6208742194469223,0.54004329004329
Age: Adult,940,0.5742156862745098,0.5765472312703583,0.708,0.6355475763016158,0.552863436123348
Age: Senior,940,0.4803679245283019,0.6248037676609105,0.796,0.7000879507475813,0.5831295843520783
Age: Young,940,0.6219382647954076,0.5355029585798816,0.6156462585034014,0.5727848101265823,0.569377990430622
Race: black,940,0.38707299090685665,0.7178217821782178,0.9265175718849841,0.8089260808926081,0.6813953488372093
Race: others,940,0.5093309814147302,0.5621301775147929,0.8597285067873304,0.6797853309481217,0.550251256281407
Race: white,940,0.5433801684666737,0.5111111111111111,0.5411764705882353,0.5257142857142857,0.5350140056022409
Overall,941,0.5619975155008772,0.5974124809741248,0.6971580817051509,0.6434426229508197,0.5517774343122102
Gender: F,941,0.5921035080698948,0.6293706293706294,0.7653061224489796,0.6907137375287797,0.5953815261044176
Gender: M,941,0.5238210498433546,0.5592654424040067,0.6226765799256505,0.5892700087950747,0.5058201058201058
Age: Adult,941,0.5172532188841202,0.498567335243553,0.7467811158798283,0.5979381443298969,0.4890829694323144
Age: Senior,941,0.48191419641056665,0.6342281879194631,0.6860254083484574,0.6591107236268526,0.533969010727056
Age: Young,941,0.6826856047403276,0.6314363143631436,0.6812865497076024,0.6554149085794655,0.6195652173913043
Race: black,941,0.5113996678242488,0.7674943566591422,0.9497206703910615,0.8489388264669163,0.7420042643923241
Race: others,941,0.4551078119476846,0.5276872964169381,0.782608695652174,0.6303501945525292,0.48787061994609165
Race: white,941,0.5130207301775929,0.50177304964539,0.5044563279857398,0.5031111111111111,0.49227974568574023
Overall,942,0.5477518619548226,0.5998427672955975,0.689873417721519,0.6417157275021026,0.5590062111801242
Gender: F,942,0.5583516971823961,0.6096096096096096,0.7602996254681648,0.6766666666666666,0.590285110876452
Gender: M,942,0.5338496249513198,0.5891089108910891,0.6241258741258742,0.6061120543293718,0.5289340101522843
Age: Adult,942,0.5389550264550266,0.5675675675675675,0.7,0.6268656716417911,0.5337995337995338
Age: Senior,942,0.4968145956607495,0.6378466557911908,0.7712031558185405,0.6982142857142857,0.5811648079306072
Age: Young,942,0.5899630526602911,0.5619834710743802,0.5682451253481894,0.5650969529085873,0.5488505747126436
Race: black,942,0.3914215036664016,0.7146067415730337,0.9271137026239067,0.8071065989847716,0.68
Race: others,942,0.49534974877953175,0.5907335907335908,0.7251184834123223,0.6510638297872341,0.5232558139534884
Race: white,942,0.5312104420160686,0.5140845070422535,0.5289855072463768,0.5214285714285715,0.518418688230009
Overall,943,0.5839553470176343,0.6466763005780347,0.7348111658456487,0.6879323597232898,0.601765571358509
Gender: F,943,0.6352525441426279,0.6538987688098495,0.8156996587030717,0.7258921791951405,0.6474609375
Gender: M,943,0.5351695475427175,0.6385911179173047,0.6598101265822784,0.6490272373540856,0.5556650246305419
Age: Adult,943,0.5722842746908142,0.6145552560646901,0.8113879003558719,0.6993865030674846,0.5942028985507246
Age: Senior,943,0.5355603948896632,0.697151424287856,0.775,0.734017363851618,0.6200676437429538
Age: Young,943,0.6235207893890099,0.5838150289017341,0.599406528189911,0.5915080527086384,0.5829596412556054
Race: black,943,0.4724608287600413,0.7494736842105263,0.9343832020997376,0.8317757009345794,0.7192982456140351
Race: others,943,0.5639853945207847,0.6340057636887608,0.8270676691729323,0.7177814029363785,0.6068181818181818
Race: white,943,0.5596483770594937,0.5676156583629893,0.5586690017513135,0.5631067961165048,0.5441988950276243
Overall,944,0.539786910530864,0.6197183098591549,0.7398230088495575,0.6744655102864058,0.5838060856111398
Gender: F,944,0.5632222932310805,0.6442166910688141,0.773286467486819,0.7028753993610224,0.6145077720207254
Gender: M,944,0.512987012987013,0.5945945945945946,0.7058823529411765,0.6454767726161369,0.553388090349076
Age: Adult,944,0.5148098791755508,0.6005747126436781,0.7798507462686567,0.6785714285714286,0.5857740585774058
Age: Senior,944,0.5168842330783987,0.6614906832298136,0.7773722627737226,0.714765100671141,0.5957193816884662
Age: Young,944,0.5620654843678448,0.5630252100840336,0.6401273885350318,0.5991058122205664,0.5661290322580645
Race: black,944,0.4598517749244714,0.7357142857142858,0.9335347432024169,0.8229027962716379,0.710239651416122
Race: others,944,0.4739130434782609,0.6167664670658682,0.8956521739130435,0.7304964539007093,0.6132315521628499
Race: white,944,0.5074336199116516,0.5394957983193277,0.5641476274165202,0.5515463917525774,0.5197792088316467
Overall,945,0.5877086371738778,0.624376336421953,0.7807486631016043,0.6938613861386138,0.6029789419619929
Gender: F,945,0.6540851846378668,0.6743243243243243,0.8275290215588723,0.7431124348473567,0.6573982125124131
Gender: M,945,0.5048718758438253,0.5686274509803921,0.7263969171483622,0.637901861252115,0.5446808510638298
Age: Adult,945,0.5691923076923077,0.5710059171597633,0.772,0.6564625850340136,0.5589519650655022
Age: Senior,945,0.5679985692807604,0.6646433990895296,0.8390804597701149,0.7417442845046571,0.636038186157518
Age: Young,945,0.6310726150925486,0.603448275862069,0.7,0.6481481481481481,0.5913978494623656
Race: black,945,0.39278190259966045,0.7434343434343434,0.9709762532981531,0.8421052631578947,0.7283464566929134
Race: others,945,0.4887177948871779,0.5916398713826366,0.8401826484018264,0.6943396226415094,0.5449438202247191
Race: white,945,0.5935114503816794,0.542713567839196,0.6183206106870229,0.5780553077609277,0.5632502308402585
Overall,946,0.5657657251859619,0.6417378917378918,0.7427864798021434,0.688574703859381,0.5925
Gender: F,946,0.5764920156733022,0.643603133159269,0.7862838915470495,0.7078248384781048,0.6056201550387597
Gender: M,946,0.5512168754355555,0.6394984326018809,0.6962457337883959,0.6666666666666666,0.5785123966942148
Age: Adult,946,0.5496256684491979,0.6336088154269972,0.7666666666666667,0.693815987933635,0.5831622176591376
Age: Senior,946,0.5098600442695865,0.7202472952086554,0.7728026533996684,0.7456,0.6223277909738717
Age: Young,946,0.6008667679385221,0.5203045685279187,0.6612903225806451,0.5823863636363636,0.5618479880774963
Race: black,946,0.514127994011976,0.7108695652173913,0.9790419161676647,0.8236775818639799,0.7071129707112971
Race: others,946,0.48831275023966614,0.6369047619047619,0.8326848249027238,0.7217537942664418,0.5822784810126582
Race: white,946,0.5617633949890165,0.5921052631578947,0.5787781350482315,0.5853658536585366,0.5474711623779946
Overall,947,0.5825915558824597,0.623574144486692,0.7427536231884058,0.6779661016949152,0.5904311251314406
Gender: F,947,0.6234298965626859,0.6472972972972973,0.8160136286201022,0.7219291635267521,0.6328358208955224
Gender: M,947,0.5201084190165937,0.5930434782608696,0.6595744680851063,0.6245421245421245,0.5429208472686734
Age: Adult,947,0.6040952380952381,0.6206896551724138,0.7854545454545454,0.6934189406099518,0.6061855670103092
Age: Senior,947,0.5134065761867868,0.6802721088435374,0.8113590263691683,0.7400555041628122,0.6129476584022039
Age: Young,947,0.5948356807511737,0.5382585751978892,0.6071428571428571,0.5706293706293706,0.5557163531114327
Race: black,947,0.422004132231405,0.7840670859538784,0.9444444444444444,0.856815578465063,0.7529644268774703
Race: others,947,0.4390102098695405,0.5279503105590062,0.7906976744186046,0.633147113594041,0.48021108179419525
Race: white,947,0.5719287583419785,0.5348837209302325,0.5598377281947262,0.5470763131813677,0.5506391347099312
Overall,948,0.5650918276928143,0.635798203178991,0.7783417935702199,0.699885888170407,0.5980641874681609
Gender: F,948,0.6035459212141502,0.6865671641791045,0.8591954022988506,0.763241863433312,0.6651624548736462
Gender: M,948,0.4844480132044119,0.5590277777777778,0.6625514403292181,0.6064030131826742,0.5111111111111111
Age: Adult,948,0.5312023102387716,0.5337837837837838,0.7085201793721974,0.6088631984585742,0.5096618357487923
Age: Senior,948,0.49839509182512604,0.6685236768802229,0.8163265306122449,0.7350689127105666,0.6072644721906924
Age: Young,948,0.6477079873306288,0.651270207852194,0.7601078167115903,0.7014925373134329,0.6407185628742516
Race: black,948,0.47429712523231443,0.7799227799227799,0.9665071770334929,0.8632478632478633,0.7625231910946196
Race: others,948,0.45315020161290326,0.6213333333333333,0.9395161290322581,0.7479935794542536,0.6151960784313726
Race: white,948,0.5156569767441861,0.5108303249097473,0.5484496124031008,0.5289719626168224,0.5039370078740157
Overall,949,0.548238367912334,0.5889057750759878,0.7162661737523105,0.646371976647206,0.5583333333333333
Gender: F,949,0.5708688820866846,0.6146408839779005,0.7752613240418118,0.6856702619414484,0.592814371257485
Gender: M,949,0.5170995774918379,0.5574324324324325,0.6496062992125984,0.6,0.5206971677559913
Age: Adult,949,0.5160516051605161,0.5773195876288659,0.7392739273927392,0.6483357452966715,0.5449438202247191
Age: Senior,949,0.5284540286702917,0.6493955094991365,0.7899159663865546,0.7127962085308057,0.5949197860962567
Age: Young,949,0.5796315452440766,0.501432664756447,0.5775577557755776,0.5368098159509203,0.5266457680250783
Race: black,949,0.43054610090008316,0.6794871794871795,0.9380530973451328,0.7881040892193308,0.6545454545454545
Race: others,949,0.4908913352272727,0.5121951219512195,0.8352272727272727,0.6349892008639308,0.49702380952380953
Race: white,949,0.5476308729820863,0.5525846702317291,0.54673721340388,0.549645390070922,0.5335169880624426
Overall,950,0.5888427324879424,0.6183431952662722,0.7511230907457322,0.6782961460446247,0.591026302217638
Gender: F,950,0.6404421801315675,0.6473214285714286,0.7923497267759563,0.7125307125307125,0.629746835443038
Gender: M,950,0.5302684903748733,0.5897058823529412,0.7109929078014184,0.6446945337620579,0.5539858728557013
Age: Adult,950,0.5594170403587444,0.5819672131147541,0.7395833333333334,0.6513761467889908,0.5538160469667319
Age: Senior,950,0.504849348761809,0.670846394984326,0.8014981273408239,0.7303754266211604,0.6059850374064838
Age: Young,950,0.6559111658203826,0.5603448275862069,0.6701030927835051,0.6103286384976526,0.6022364217252396
Race: black,950,0.4649258280837228,0.7448132780082988,0.9702702702702702,0.8427230046948356,0.7335984095427436
Race: others,950,0.5170726653158961,0.5948275862068966,0.8483606557377049,0.6993243243243243,0.5781990521327014
Race: white,950,0.5682841410977295,0.5172413793103449,0.5410821643286573,0.5288932419196866,0.5256410256410257
Overall,951,0.592685968707781,0.6086956521739131,0.7560521415270018,0.6744186046511628,0.5851851851851851
Gender: F,951,0.6507731076324691,0.6124818577648766,0.8226120857699805,0.7021630615640599,0.6191489361702127
Gender: M,951,0.5323857049246434,0.6046511627906976,0.6951871657754011,0.6467661691542289,0.5515789473684211
Age: Adult,951,0.5558665472458577,0.5339506172839507,0.7863636363636364,0.6360294117647058,0.5319148936170213
Age: Senior,951,0.5664623068391363,0.6598746081504702,0.8049713193116634,0.7252368647717485,0.6032338308457711
Age: Young,951,0.6241810140865577,0.5860215053763441,0.6586102719033232,0.620199146514936,0.5972850678733032
Race: black,951,0.49778349778349773,0.7341463414634146,0.9555555555555556,0.8303448275862069,0.7112676056338029
Race: others,951,0.5025032299741602,0.5559006211180124,0.8287037037037037,0.6654275092936803,0.5360824742268041
Race: white,951,0.5869535172189799,0.5514950166112956,0.6114180478821363,0.5799126637554585,0.5529739776951673
Overall,952,0.5669271378480216,0.6083086053412463,0.7295373665480427,0.6634304207119741,0.5711340206185567
Gender: F,952,0.5836823734729494,0.6433770014556041,0.7713787085514834,0.7015873015873015,0.6054564533053515
Gender: M,952,0.5382852694850063,0.5718608169440242,0.6860254083484574,0.6237623762376238,0.5379939209726444
Age: Adult,952,0.5306542127921279,0.5970588235294118,0.7490774907749077,0.6644844517184942,0.5572354211663066
Age: Senior,952,0.49101356117166395,0.6151419558359621,0.7707509881422925,0.6842105263157895,0.5516811955168119
Age: Young,952,0.6371475909719836,0.606951871657754,0.654178674351585,0.6296809986130375,0.6038575667655787
Race: black,952,0.4470046082949309,0.7272727272727273,0.9285714285714286,0.8156862745098039,0.6934782608695652
Race: others,952,0.5206875701822579,0.6134185303514377,0.8458149779735683,0.7111111111111111,0.5894736842105263
Race: white,952,0.5425145264717457,0.5214521452145214,0.5632798573975044,0.5415595544130248,0.5136363636363637
Overall,953,0.5885121917138265,0.6160179640718563,0.7475022706630337,0.6754205990972507,0.5907915157785825
Gender: F,953,0.6228671288349545,0.6333808844507846,0.8330206378986866,0.7196110210696921,0.6380753138075314
Gender: M,953,0.5503267157959986,0.5968503937007874,0.6672535211267606,0.6300914380714879,0.5445240532241555
Age: Adult,953,0.6137157802216648,0.5377358490566038,0.8028169014084507,0.6440677966101694,0.5625
Age: Senior,953,0.5412580881862451,0.6713836477987422,0.811787072243346,0.7349397590361446,0.6202219482120839
Age: Young,953,0.6242672820374613,0.5890052356020943,0.6215469613259669,0.6048387096774194,0.5739130434782609
Race: black,953,0.4687348623659991,0.7286012526096033,0.9775910364145658,0.8349282296650717,0.7183673469387755
Race: others,953,0.46696787148594376,0.5816023738872403,0.8166666666666667,0.6793760831889082,0.5443349753694581
Race: white,953,0.57673322612347,0.5346153846153846,0.5515873015873016,0.54296875,0.5486981677917069
Overall,954,0.5578097342246151,0.6226415094339622,0.689799331103679,0.6545021816739389,0.5567430025445292
Gender: F,954,0.5828827711640212,0.6502732240437158,0.7555555555555555,0.6989720998531571,0.5956607495069034
Gender: M,954,0.524257721077509,0.5885328836424958,0.6166077738515902,0.6022433132010354,0.5152471083070452
Age: Adult,954,0.5491007561823013,0.5896551724137931,0.7339055793991416,0.6539196940726577,0.5486284289276808
Age: Senior,954,0.4752204628239687,0.6266866566716641,0.7219343696027634,0.6709470304975923,0.5444444444444444
Age: Young,954,0.6533575148809524,0.6413043478260869,0.6145833333333334,0.6276595744680851,0.5783132530120482
Race: black,954,0.4940448658649399,0.7725321888412017,0.9574468085106383,0.8551068883610451,0.7515274949083504
Race: others,954,0.4849173553719007,0.6234567901234568,0.8347107438016529,0.7137809187279152,0.5759162303664922
Race: white,954,0.4939968090692446,0.491588785046729,0.45501730103806226,0.472596585804133,0.4624542124542125
Overall,955,0.5658347268765465,0.5851226993865031,0.7110904007455732,0.6419856962557846,0.556539864512767
Gender: F,955,0.5766030537842957,0.5971014492753624,0.7877629063097514,0.6793075020610058,0.5866099893730075
Gender: M,955,0.549409515717927,0.5716612377850163,0.6381818181818182,0.6030927835051546,0.5276073619631901
Age: Adult,955,0.5623586844809867,0.6028169014084507,0.7697841726618705,0.6761453396524486,0.5799180327868853
Age: Senior,955,0.5328955453149001,0.5851979345955249,0.783410138248848,0.6699507389162561,0.5435967302452316
Age: Young,955,0.584788451391637,0.5679347826086957,0.5789473684210527,0.5733882030178327,0.5538020086083214
Race: black,955,0.5422227714615258,0.7135802469135802,0.9444444444444444,0.8129395218002813,0.6870588235294117
Race: others,955,0.44797973236325844,0.5303514376996805,0.772093023255814,0.6287878787878788,0.5025380710659898
Race: white,955,0.5520469692161218,0.5255972696245734,0.5579710144927537,0.5413005272407733,0.5254545454545455
Overall,956,0.5904735099264794,0.6142857142857143,0.7434030937215651,0.6727048167970359,0.587012987012987
Gender: F,956,0.6261334076551468,0.6377005347593583,0.7976588628762542,0.7087667161961367,0.6259541984732825
Gender: M,956,0.5406660084087146,0.584192439862543,0.6786427145708582,0.6278855032317636,0.540478905359179
Age: Adult,956,0.6172568934888392,0.5606936416184971,0.8016528925619835,0.6598639455782312,0.5614035087719298
Age: Senior,956,0.49902306648575306,0.6742671009771987,0.7527272727272727,0.711340206185567,0.589242053789731
Age: Young,956,0.6503673964093629,0.5648648648648649,0.6807817589576547,0.6174298375184638,0.6021505376344086
Race: black,956,0.4229895062623918,0.7321016166281755,0.9351032448377581,0.8212435233160622,0.7006507592190889
Race: others,956,0.5645935624659029,0.6454545454545455,0.9063829787234042,0.7539823008849558,0.6445012787723785
Race: white,956,0.5442822384428223,0.5061728395061729,0.5466666666666666,0.5256410256410257,0.5172413793103449
Overall,957,0.6136380110997848,0.6225563909774436,0.7596330275229358,0.684297520661157,0.5978947368421053
Gender: F,957,0.6204597026604068,0.6467391304347826,0.7933333333333333,0.7125748502994012,0.6257309941520468
Gender: M,957,0.6009672619047619,0.5925925925925926,0.7183673469387755,0.6494464944649446,0.5652173913043478
Age: Adult,957,0.593913028100518,0.6465968586387435,0.7993527508090615,0.7149059334298119,0.5995934959349594
Age: Senior,957,0.5722811866051216,0.6227045075125208,0.8252212389380531,0.7098001902949572,0.5949535192563081
Age: Young,957,0.6455703283793611,0.5959885386819485,0.6322188449848024,0.6135693215339233,0.6
Race: black,957,0.490350783665636,0.7900990099009901,0.9614457831325302,0.8673913043478261,0.7689393939393939
Race: others,957,0.47917968319306115,0.48314606741573035,0.7633136094674556,0.591743119266055,0.46060606060606063
Race: white,957,0.5867703232847619,0.5376344086021505,0.5928853754940712,0.5639097744360902,0.5547024952015355
Overall,958,0.5578492338971874,0.5981380915438325,0.7034671532846716,0.6465408805031446,0.554675118858954
Gender: F,958,0.5960871253944078,0.6233576642335766,0.7584369449378331,0.6842948717948718,0.5938144329896907
Gender: M,958,0.5068360032712753,0.5695364238410596,0.6454033771106942,0.6051011433597185,0.5135427952329361
Age: Adult,958,0.5383836810962317,0.5045045045045045,0.680161943319838,0.5793103448275863,0.49272349272349275
Age: Senior,958,0.4907441828445546,0.6553945249597424,0.7565055762081785,0.7023295944779983,0.573019801980198
Age: Young,958,0.6387081197941245,0.5850746268656717,0.6302250803858521,0.6068111455108359,0.5794701986754967
Race: black,958,0.45880880880880887,0.7648401826484018,0.9305555555555556,0.8395989974937343,0.7282377919320594
Race: others,958,0.49240804106073566,0.5640243902439024,0.8258928571428571,0.6702898550724637,0.5345268542199488
Race: white,958,0.5016689998795761,0.47992351816443596,0.490234375,0.485024154589372,0.4830261881668283
Overall,959,0.580584575720845,0.6292645943896892,0.72236727589208,0.6726094003241491,0.5787278415015641
Gender: F,959,0.6349496336996336,0.6462882096069869,0.7928571428571428,0.7121090617481957,0.6221052631578947
Gender: M,959,0.518135921982162,0.6107594936708861,0.6553480475382003,0.6322686322686323,0.5361570247933884
Age: Adult,959,0.5849015453639083,0.6006493506493507,0.6801470588235294,0.6379310344827587,0.532293986636971
Age: Senior,959,0.4915661861074705,0.6620795107033639,0.7944954128440367,0.7222685571309424,0.5963636363636363
Age: Young,959,0.643709453197405,0.5938375350140056,0.6385542168674698,0.6153846153846154,0.5885093167701864
Race: black,959,0.4617694565143208,0.7749469214437368,0.9383033419023136,0.8488372093023255,0.7410358565737052
Race: others,959,0.5664779550523246,0.6180555555555556,0.8855721393034826,0.7280163599182005,0.615606936416185
Race: white,959,0.5299931034241324,0.5125,0.5134168157423972,0.51295799821269,0.49065420560747663
Overall,960,0.5990286863805759,0.6130007558578987,0.7339366515837104,0.6680395387149918,0.5853909465020576
Gender: F,960,0.6361219739292364,0.6480938416422287,0.8230912476722533,0.7251845775225595,0.6424759871931697
Gender: M,960,0.5553775385799994,0.5756630265210608,0.6496478873239436,0.6104218362282878,0.5322740814299901
Age: Adult,960,0.5407348092322186,0.5994236311239193,0.7563636363636363,0.6688102893890675,0.5598290598290598
Age: Senior,960,0.5312247460619397,0.602291325695581,0.757201646090535,0.6709206927985415,0.5581395348837209
Age: Young,960,0.6940199335548173,0.6438356164383562,0.6831395348837209,0.6629055007052186,0.637329286798179
Race: black,960,0.533664,0.7573221757322176,0.9653333333333334,0.8487690504103166,0.742
Race: others,960,0.4974868497954413,0.6144200626959248,0.8305084745762712,0.7063063063063063,0.5721784776902887
Race: white,960,0.5447727741687599,0.48098859315589354,0.5121457489878543,0.49607843137254903,0.5164628410159925
Overall,961,0.5948254485366579,0.6138088012139605,0.7341197822141561,0.6685950413223141,0.5889287544848796
Gender: F,961,0.6374979579241618,0.6513761467889908,0.802907915993538,0.7192474674384949,0.6353383458646616
Gender: M,961,0.5332620995018756,0.5621621621621622,0.6459627329192547,0.6011560693641619,0.5332581736189402
Age: Adult,961,0.5614081338535626,0.5555555555555556,0.7088122605363985,0.622895622895623,0.5323590814196242
Age: Senior,961,0.5267880022550225,0.6598746081504702,0.7767527675276753,0.7135593220338983,0.5927710843373494
Age: Young,961,0.6607155045486899,0.5850144092219021,0.6789297658862876,0.628482972136223,0.6261682242990654
Race: black,961,0.46801254194400127,0.76,0.9416909620991254,0.8411458333333334,0.7282850779510023
Race: others,961,0.48717852119750854,0.595166163141994,0.8312236286919831,0.6936619718309859,0.5703703703703704
Race: white,961,0.5684674329501916,0.5142348754448398,0.553639846743295,0.533210332103321,0.5387420237010028
Overall,962,0.5432223033690027,0.637593984962406,0.6911165444172779,0.6632772780602268,0.5688532799198798
Gender: F,962,0.5763889167391888,0.6566757493188011,0.7519500780031201,0.7010909090909091,0.6009708737864078
Gender: M,962,0.5032853188573271,0.6140939597315436,0.6245733788395904,0.6192893401015228,0.5346432264736298
Age: Adult,962,0.5342525478227698,0.6312684365781711,0.6881028938906752,0.6584615384615384,0.5450819672131147
Age: Senior,962,0.43584203405698235,0.6642335766423357,0.7350565428109854,0.6978527607361963,0.5631929046563193
Age: Young,962,0.6374877810361682,0.5849673202614379,0.6026936026936027,0.593698175787728,0.5963756177924218
Race: black,962,0.5036137530193237,0.7473903966597077,0.9322916666666666,0.8296639629200464,0.7183908045977011
Race: others,962,0.4652363745859681,0.616822429906542,0.8048780487804879,0.6984126984126984,0.5511811023622047
Race: white,962,0.5058053513712087,0.5509433962264151,0.48911222780569513,0.518189884649512,0.5036563071297989
Overall,963,0.5481501391348345,0.6323851203501094,0.7347457627118644,0.679733437867503,0.5882056451612904
Gender: F,963,0.5605877991824889,0.6592105263157895,0.7965023847376789,0.7213822894168467,0.6242718446601941
Gender: M,963,0.5289638059382219,0.5990180032733224,0.6642468239564429,0.6299483648881239,0.549266247379455
Age: Adult,963,0.49815882874889084,0.6572890025575447,0.744927536231884,0.6983695652173914,0.589648798521257
Age: Senior,963,0.5269304191990025,0.6758832565284179,0.7971014492753623,0.7315045719035744,0.6113116726835138
Age: Young,963,0.571906516158828,0.5167173252279635,0.6007067137809188,0.5555555555555556,0.5555555555555556
Race: black,963,0.4778300899769827,0.7324561403508771,0.943502824858757,0.8246913580246914,0.7096114519427403
Race: others,963,0.483545777668832,0.5743243243243243,0.8542713567839196,0.6868686868686869,0.5730027548209367
Race: white,963,0.542316863265274,0.5864297253634895,0.5789473684210527,0.5826645264847512,0.5406360424028268
Overall,964,0.5701602689793059,0.581670362158167,0.7327746741154563,0.6485372888339513,0.5609881626351003
Gender: F,964,0.6069224981188863,0.6313725490196078,0.8473684210526315,0.7235955056179775,0.6357354392892399
Gender: M,964,0.5070445823086669,0.5170068027210885,0.6031746031746031,0.5567765567765568,0.47956989247311826
Age: Adult,964,0.5566188321348872,0.6031746031746031,0.7702702702702703,0.6765578635014837,0.5758754863813229
Age: Senior,964,0.5160396426941384,0.5711920529801324,0.782312925170068,0.6602870813397129,0.5291777188328912
Age: Young,964,0.6103453725001315,0.5768194070080862,0.6350148367952523,0.6045197740112994,0.5851851851851851
Race: black,964,0.43208258884256506,0.7181628392484343,0.9424657534246575,0.8151658767772512,0.6898608349900597
Race: others,964,0.462727499376714,0.5,0.7329842931937173,0.5944798301486199,0.467966573816156
Race: white,964,0.5587860126048404,0.51010101010101,0.584942084942085,0.5449640287769785,0.5319148936170213
Overall,965,0.5741276017972874,0.6205813040062844,0.7335190343546889,0.6723404255319149,0.5888948211425521
Gender: F,965,0.6095890969594153,0.6874154262516915,0.8037974683544303,0.7410649161196207,0.6519607843137255
Gender: M,965,0.5124944921788941,0.5280898876404494,0.6337078651685393,0.5760980592441267,0.5134818288393904
Age: Adult,965,0.555717682663208,0.5760517799352751,0.6926070038910506,0.6289752650176679,0.5194508009153318
Age: Senior,965,0.5066641308482311,0.6494345718901454,0.8410041841004184,0.7329079307201458,0.6108897742363878
Age: Young,965,0.6275574076932311,0.6086956521739131,0.6140350877192983,0.611353711790393,0.6090775988286969
Race: black,965,0.42312632775060516,0.7574370709382151,0.9566473988439307,0.8454661558109834,0.7386609071274298
Race: others,965,0.4474616292798111,0.6013986013986014,0.7445887445887446,0.6653771760154739,0.5506493506493506
Race: white,965,0.5615733333333335,0.5218181818181818,0.574,0.5466666666666666,0.535609756097561
Overall,966,0.5711596027993971,0.6173725771715721,0.7288135593220338,0.6684803731053245,0.5737131434282858
Gender: F,966,0.6271491579791499,0.6377410468319559,0.7982758620689655,0.7090352220520674,0.6237623762376238
Gender: M,966,0.5090196078431373,0.5952023988005997,0.6616666666666666,0.6266771902131019,0.5227043390514632
Age: Adult,966,0.562042611851041,0.5714285714285714,0.7407407407407407,0.6451612903225806,0.5560538116591929
Age: Senior,966,0.5374757371025061,0.6628407460545194,0.806282722513089,0.7275590551181103,0.6050228310502284
Age: Young,966,0.6022414093842665,0.5721784776902887,0.5989010989010989,0.5852348993288591,0.5449189985272459
Race: black,966,0.5199006374203223,0.7172131147540983,0.9186351706036745,0.8055235903337169,0.6756238003838771
Race: others,966,0.5531874525676701,0.6317280453257791,0.832089552238806,0.7181964573268921,0.6067415730337079
Race: white,966,0.5167623232594983,0.519927536231884,0.5404896421845574,0.5300092336103417,0.5082125603864734
Overall,967,0.5409749435799167,0.6073903002309469,0.6843018213356461,0.6435562805872757,0.5440792905581638
Gender: F,967,0.5755462990822928,0.6369047619047619,0.740484429065744,0.6848,0.5835095137420718
Gender: M,967,0.5000548967940273,0.5757575757575758,0.6278260869565218,0.6006655574043261,0.505664263645726
Age: Adult,967,0.5205376929357335,0.6024464831804281,0.6816608996539792,0.6396103896103896,0.5246252676659529
Age: Senior,967,0.46820164839767753,0.614516129032258,0.7341040462427746,0.66900790166813,0.539119804400978
Age: Young,967,0.6192193102055245,0.5994318181818182,0.6115942028985507,0.6054519368723099,0.564873417721519
Race: black,967,0.5116075710135116,0.7713625866050808,0.9515669515669516,0.8520408163265306,0.7433628318584071
Race: others,967,0.46240224054111173,0.5765765765765766,0.8421052631578947,0.6844919786096256,0.550761421319797
Race: white,967,0.4790853132733684,0.49343339587242024,0.45818815331010454,0.4751580849141825,0.45751633986928103
Overall,968,0.5493823604710701,0.5962686567164179,0.7159498207885304,0.6506514657980456,0.5613496932515337
Gender: F,968,0.5556759216354201,0.6044260027662517,0.7789661319073083,0.6806853582554517,0.5850202429149798
Gender: M,968,0.539225181598063,0.586709886547812,0.6522522522522523,0.6177474402730375,0.5371900826446281
Age: Adult,968,0.5809761557869301,0.5963855421686747,0.752851711026616,0.6655462184873949,0.5828092243186582
Age: Senior,968,0.46874504897756264,0.6186186186186187,0.7450271247739603,0.6759639048400328,0.5531674208144797
Age: Young,968,0.6132542372881356,0.5526315789473685,0.63,0.5887850467289719,0.5563025210084034
Race: black,968,0.4812228312228312,0.7186858316221766,0.9459459459459459,0.8168028004667445,0.6939571150097466
Race: others,968,0.44141651031894935,0.5196078431372549,0.8153846153846154,0.6347305389221557,0.49025069637883006
Race: white,968,0.5354140348607171,0.5301645338208409,0.5263157894736842,0.5282331511839709,0.522140221402214
Overall,969,0.5909023074273905,0.6365758754863813,0.7277580071174378,0.6791199667911997,0.592943654555029
Gender: F,969,0.622700185083491,0.6574202496532594,0.7808896210873146,0.713855421686747,0.6245059288537549
Gender: M,969,0.5460034502587694,0.6099290780141844,0.6653771760154739,0.6364477335800185,0.5569334836527621
Age: Adult,969,0.5300550695030422,0.5951557093425606,0.6798418972332015,0.6346863468634686,0.5406032482598608
Age: Senior,969,0.5026401689708142,0.676271186440678,0.8044354838709677,0.7348066298342542,0.6149732620320856
Age: Young,969,0.6708908212560387,0.6083743842364532,0.6586666666666666,0.6325224071702945,0.6013888888888889
Race: black,969,0.49677926557110974,0.7773019271948608,0.9758064516129032,0.865315852205006,0.7635983263598326
Race: others,969,0.4618718238283456,0.5838926174496645,0.7909090909090909,0.6718146718146718,0.5538057742782152
Race: white,969,0.5644722041323782,0.5403846153846154,0.5281954887218046,0.5342205323193916,0.5288461538461539
Overall,970,0.5871071712036381,0.6280752532561505,0.7634124890061565,0.6891623660182612,0.5998978027593255
Gender: F,970,0.6126589226349431,0.6692913385826772,0.819935691318328,0.7369942196531792,0.6483091787439613
Gender: M,970,0.543772810763102,0.5774193548387097,0.6951456310679611,0.6308370044052863,0.5455531453362256
Age: Adult,970,0.5725415512465374,0.554016620498615,0.7518796992481203,0.6379585326953748,0.5404858299595142
Age: Senior,970,0.5607813547954392,0.7044117647058824,0.8433098591549296,0.7676282051282052,0.6551724137931034
Age: Young,970,0.6085177483265567,0.5542521994134897,0.6237623762376238,0.5869565217391305,0.572347266881029
Race: black,970,0.40792170089228535,0.7637474541751528,0.9445843828715366,0.8445945945945946,0.7320388349514563
Race: others,970,0.500673719932129,0.5877192982456141,0.8626609442060086,0.6991304347826087,0.5728395061728395
Race: white,970,0.5626511852926948,0.5318761384335154,0.5759368836291914,0.553030303030303,0.5448408871745419
Overall,971,0.5646559233449479,0.5994236311239193,0.7247386759581882,0.6561514195583596,0.5657370517928287
Gender: F,971,0.6395385928282628,0.6282051282051282,0.7819148936170213,0.6966824644549763,0.6129032258064516
Gender: M,971,0.4787584030948757,0.5699708454810496,0.6695205479452054,0.6157480314960629,0.5196850393700787
Age: Adult,971,0.580473915854905,0.5975232198142415,0.7689243027888446,0.6724738675958188,0.5746606334841629
Age: Senior,971,0.49492499460392836,0.6242774566473989,0.7646017699115044,0.6873508353221957,0.5599104143337066
Age: Young,971,0.6157695297318305,0.5549597855227882,0.6234939759036144,0.5872340425531914,0.5676077265973254
Race: black,971,0.48031489058886323,0.73767258382643,0.9714285714285714,0.8385650224215246,0.7288135593220338
Race: others,971,0.46656172110717564,0.5589123867069486,0.8008658008658008,0.6583629893238434,0.5151515151515151
Race: white,971,0.536443567936234,0.49636363636363634,0.5131578947368421,0.5046210720887245,0.5041628122109159
Overall,972,0.5816634935744883,0.6547277936962751,0.7553719008264462,0.7014581734458941,0.6058763931104356
Gender: F,972,0.5770179020100502,0.6645161290322581,0.8046875,0.7279151943462897,0.6290944123314065
Gender: M,972,0.5801457194899817,0.642512077294686,0.7,0.6700251889168766,0.5801282051282052
Age: Adult,972,0.5517307692307692,0.6416040100250626,0.7876923076923077,0.7071823204419889,0.5961904761904762
Age: Senior,972,0.5393085502429439,0.6655574043261231,0.7952286282306164,0.7246376811594203,0.6010498687664042
Age: Young,972,0.6430478070551883,0.6515151515151515,0.675392670157068,0.6632390745501285,0.61863173216885
Race: black,972,0.4975090579710144,0.7766393442622951,0.9154589371980676,0.8403547671840355,0.7262357414448669
Race: others,972,0.4730928926158105,0.5822784810126582,0.863849765258216,0.6956521739130435,0.582901554404145
Race: white,972,0.5644764500084152,0.5929054054054054,0.6020583190394511,0.5974468085106382,0.5546139359698682
Overall,973,0.5532968592485294,0.622329427980703,0.7335499593826158,0.6733780760626398,0.5749636098981077
Gender: F,973,0.5794063180827886,0.6086387434554974,0.775,0.6818181818181818,0.5901794145420207
Gender: M,973,0.5269947586725388,0.6375545851528385,0.694136291600634,0.6646433990895296,0.5588822355289421
Age: Adult,973,0.5285858246556936,0.5375722543352601,0.7153846153846154,0.6138613861386139,0.5214723926380368
Age: Senior,973,0.46227870535059706,0.6848306332842415,0.7737104825291181,0.7265625,0.5939675174013921
Age: Young,973,0.6387957074721781,0.5915492957746479,0.6810810810810811,0.6331658291457286,0.5887323943661972
Race: black,973,0.4837995949898748,0.7504990019960079,0.9447236180904522,0.8364849833147943,0.7236842105263158
Race: others,973,0.4201301690942575,0.5649867374005305,0.8068181818181818,0.6645865834633385,0.5168539325842697
Race: white,973,0.5498046308461446,0.5479930191972077,0.5518453427065027,0.5499124343257443,0.525830258302583
Overall,974,0.5853896617047658,0.6130769230769231,0.7291857273559011,0.6661094860008357,0.5827676240208878
Gender: F,974,0.6208308484195949,0.6419400855920114,0.779896013864818,0.704225352112676,0.6257425742574257
Gender: M,974,0.5333019469520337,0.5792988313856428,0.6724806201550387,0.6224215246636772,0.5348066298342542
Age: Adult,974,0.5840096097459471,0.5899053627760252,0.7110266159695817,0.6448275862068965,0.5560344827586207
Age: Senior,974,0.4824166271534692,0.6270096463022508,0.7602339181286549,0.6872246696035242,0.5611866501854141
Age: Young,974,0.6766755641834505,0.6094182825484764,0.694006309148265,0.6489675516224189,0.6292834890965732
Race: black,974,0.5372689326177699,0.7261904761904762,0.9384615384615385,0.8187919463087249,0.7026431718061674
Race: others,974,0.519389701207883,0.625,0.861244019138756,0.7243460764587525,0.6107954545454546
Race: white,974,0.5562319076272564,0.527027027027027,0.5581395348837209,0.5421372719374457,0.5247971145175834
Overall,975,0.5802674370875565,0.6357804704205274,0.7341563786008231,0.6814362108479756,0.5823735603405108
Gender: F,975,0.6056081757896205,0.6523545706371191,0.7584541062801933,0.7014147431124349,0.5998003992015968
Gender: M,975,0.5468084838409027,0.618208516886931,0.7087542087542088,0.6603921568627451,0.5648241206030151
Age: Adult,975,0.5445864661654135,0.64,0.7771428571428571,0.7019354838709677,0.5867620751341681
Age: Senior,975,0.5027442044779077,0.6305031446540881,0.7786407766990291,0.6967854039965248,0.5686032138442522
Age: Young,975,0.6575217613927291,0.6403508771929824,0.6257142857142857,0.6329479768786127,0.5961844197138315
Race: black,975,0.4506375354832705,0.7606837606837606,0.9442970822281167,0.842603550295858,0.7291242362525459
Race: others,975,0.5351559934318555,0.6,0.8571428571428571,0.7058823529411765,0.5774647887323944
Race: white,975,0.5629407143988016,0.5606299212598426,0.5668789808917197,0.5637371338083927,0.5212858384013901
Overall,976,0.5636925636871044,0.6211135213304411,0.7521891418563923,0.6803960396039604,0.5848765432098766
Gender: F,976,0.5824732289950577,0.6520584329349269,0.8088962108731467,0.7220588235294118,0.6246276067527309
Gender: M,976,0.5314083786674105,0.5841269841269842,0.6878504672897197,0.6317596566523606,0.5421558164354322
Age: Adult,976,0.5686451612903225,0.6613756613756614,0.8064516129032258,0.7267441860465116,0.6123711340206186
Age: Senior,976,0.5188765935417071,0.6371951219512195,0.8277227722772277,0.7200689061154177,0.5992601726263872
Age: Young,976,0.5862604437585145,0.5472779369627507,0.5840978593272171,0.5650887573964497,0.5462962962962963
Race: black,976,0.4428622452816001,0.7440944881889764,0.9379652605459057,0.8298572996706916,0.7102803738317757
Race: others,976,0.45638613861386135,0.5683453237410072,0.7821782178217822,0.6583333333333333,0.5340909090909091
Race: white,976,0.5475988397077782,0.541038525963149,0.6014897579143389,0.5696649029982364,0.5383159886471145
Overall,977,0.5848797995560834,0.5990888382687927,0.739456419868791,0.6619127516778524,0.577124868835257
Gender: F,977,0.5929252536395394,0.648074369189907,0.8299319727891157,0.7278150633855331,0.6331658291457286
Gender: M,977,0.5569787558957706,0.5336879432624113,0.6283924843423799,0.5771812080536913,0.5159165751920965
Age: Adult,977,0.5820909360628986,0.5568513119533528,0.7579365079365079,0.6420168067226891,0.5429184549356223
Age: Senior,977,0.48324453268958817,0.6354679802955665,0.7573385518590998,0.6910714285714286,0.5592356687898089
Age: Young,977,0.6706215324636378,0.5780821917808219,0.694078947368421,0.6307922272047832,0.6229007633587786
Race: black,977,0.4256227390180878,0.7410526315789474,0.9386666666666666,0.8282352941176471,0.7103174603174603
Race: others,977,0.49542857142857144,0.5223367697594502,0.8685714285714285,0.6523605150214592,0.5164179104477612
Race: white,977,0.5745366625637418,0.5172413793103449,0.5512572533849129,0.5337078651685393,0.5332708528584817
Overall,978,0.5834599370626752,0.639298245614035,0.7485620377978636,0.6896290688872067,0.6001950268161872
Gender: F,978,0.6188616368968275,0.6638418079096046,0.7768595041322314,0.715917745620716,0.6182190378710338
Gender: M,978,0.5429080723198371,0.6150627615062761,0.7205882352941176,0.6636568848758465,0.5837988826815642
Age: Adult,978,0.5552096705177578,0.6006006006006006,0.8130081300813008,0.690846286701209,0.5894495412844036
Age: Senior,978,0.4882299974273218,0.6779911373707533,0.7675585284280937,0.72,0.5901262916188289
Age: Young,978,0.6464630771120731,0.6072289156626506,0.675603217158177,0.6395939086294417,0.6182795698924731
Race: black,978,0.5196005498504084,0.7373358348968105,0.946987951807229,0.8291139240506329,0.7127659574468085
Race: others,978,0.4699506883090199,0.6158357771260997,0.8467741935483871,0.7130730050933786,0.582716049382716
Race: white,978,0.5661032709769174,0.558983666061706,0.555956678700361,0.5574660633484163,0.5480591497227357
Overall,979,0.6080106821093793,0.6455505279034691,0.7424111014744146,0.6906010488100041,0.6013513513513513
Gender: F,979,0.6316785040151007,0.6589041095890411,0.7963576158940397,0.7211394302848576,0.6345776031434185
Gender: M,979,0.572563816054655,0.6291946308724832,0.6830601092896175,0.6550218340611353,0.5640176600441501
Age: Adult,979,0.6137197803864471,0.625,0.7744107744107744,0.6917293233082706,0.605009633911368
Age: Senior,979,0.5353770711500975,0.6699507389162561,0.7953216374269005,0.7272727272727273,0.6020806241872562
Age: Young,979,0.6612503607001065,0.6246418338108882,0.6355685131195336,0.630057803468208,0.5974842767295597
Race: black,979,0.5395090053917633,0.7679324894514767,0.9604221635883905,0.8534583821805393,0.7469635627530364
Race: others,979,0.5343538397355668,0.6324503311258278,0.8642533936651584,0.7304015296367112,0.6104972375690608
Race: white,979,0.5591864323460736,0.5472727272727272,0.5443037974683544,0.5457842248413418,0.5308988764044944
Overall,980,0.58540214165291,0.6281771968046478,0.761443661971831,0.6884202148826104,0.5959752321981424
Gender: F,980,0.6262360446570974,0.6446173800259404,0.8495726495726496,0.7330383480825958,0.6390827517447657
Gender: M,980,0.5319825695704778,0.6072607260726073,0.6678765880217786,0.6361279170267934,0.5497326203208556
Age: Adult,980,0.5774748667310652,0.5498575498575499,0.7975206611570248,0.6509274873524452,0.5623678646934461
Age: Senior,980,0.5145598742783324,0.688622754491018,0.8056042031523643,0.7425343018563357,0.617505995203837
Age: Young,980,0.6387409030597885,0.5921787709497207,0.6563467492260062,0.6226138032305433,0.5927099841521395
Race: black,980,0.5331063516082724,0.7257383966244726,0.9476584022038568,0.8219832735961768,0.7049504950495049
Race: others,980,0.42574633019957114,0.5709677419354838,0.8232558139534883,0.6742857142857143,0.5196629213483146
Race: white,980,0.5963978149322173,0.5801011804384486,0.6164874551971327,0.5977410947002606,0.5701021355617456
Overall,981,0.5763433083038869,0.61,0.700530035335689,0.6521381578947368,0.562111801242236
Gender: F,981,0.632826657537373,0.6517189835575485,0.7582608695652174,0.7009646302250804,0.6108786610878661
Gender: M,981,0.5103349429907063,0.5657686212361331,0.6409335727109515,0.601010101010101,0.514344262295082
Age: Adult,981,0.5582332169818979,0.5772870662460567,0.7204724409448819,0.6409807355516638,0.5424107142857143
Age: Senior,981,0.4827184332545961,0.6219709208400647,0.7169459962756052,0.6660899653979239,0.5377245508982036
Age: Young,981,0.6685455307156186,0.6181318681318682,0.6598240469208211,0.6382978723404256,0.6070878274268104
Race: black,981,0.5417188403005201,0.7527839643652561,0.9441340782122905,0.8376703841387856,0.7236286919831224
Race: others,981,0.5144560741249142,0.5896414342629482,0.7872340425531915,0.6742596810933941,0.5416666666666666
Race: white,981,0.5265038395904437,0.5116666666666667,0.5238907849829352,0.5177065767284992,0.5008726003490401
Overall,982,0.5897789200519015,0.5987394957983193,0.7339055793991416,0.6594677979174701,0.5639506172839506
Gender: F,982,0.6340836347009186,0.654843110504775,0.8080808080808081,0.7234363225320272,0.6326326326326326
Gender: M,982,0.5299590077173265,0.539568345323741,0.6567425569176882,0.5924170616113744,0.49707602339181284
Age: Adult,982,0.5709386314429707,0.5940860215053764,0.7921146953405018,0.6789554531490015,0.5609243697478992
Age: Senior,982,0.5218835841145919,0.62882096069869,0.7422680412371134,0.6808510638297872,0.5454545454545454
Age: Young,982,0.6588471974427595,0.5474254742547425,0.6644736842105263,0.600297176820208,0.5911854103343465
Race: black,982,0.47449968359436795,0.7470119521912351,0.9566326530612245,0.8389261744966443,0.7236084452975048
Race: others,982,0.5389937106918239,0.6288951841359773,0.8377358490566038,0.7184466019417476,0.589622641509434
Race: white,982,0.5357273140245582,0.450261780104712,0.5078740157480315,0.47733580018501387,0.47685185185185186
Overall,983,0.5575042394962065,0.6104,0.6806422836752899,0.6436102910164487,0.5619491964748574
Gender: F,983,0.5786737961013928,0.6412742382271468,0.7729549248747913,0.7009841029523088,0.6100691016781836
Gender: M,983,0.5214933776766439,0.5681818181818182,0.5747126436781609,0.5714285714285714,0.5087336244541485
Age: Adult,983,0.5201219512195122,0.5535168195718655,0.6753731343283582,0.6084033613445378,0.507399577167019
Age: Senior,983,0.535814752398237,0.6818923327895595,0.7586206896551724,0.718213058419244,0.605294825511432
Age: Young,983,0.5847395075144035,0.5290322580645161,0.543046357615894,0.5359477124183006,0.5456
Race: black,983,0.4805900621118012,0.6902050113895216,0.9409937888198758,0.7963206307490145,0.6688034188034188
Race: others,983,0.5212552278230245,0.6060606060606061,0.7627118644067796,0.6754221388367729,0.5564102564102564
Race: white,983,0.5345659501265717,0.5447470817120622,0.49733570159857904,0.5199628597957289,0.5172735760971056
Overall,984,0.6031406217852834,0.6298507462686567,0.7555953446732319,0.687016687016687,0.5998959417273674
Gender: F,984,0.6492289247449797,0.6466575716234653,0.8286713286713286,0.7264367816091954,0.6458333333333334
Gender: M,984,0.5465527958031875,0.6095551894563427,0.6788990825688074,0.6423611111111112,0.5492341356673961
Age: Adult,984,0.6256189395502373,0.5872576177285319,0.8091603053435115,0.680577849117175,0.5888429752066116
Age: Senior,984,0.5384307075689841,0.6677524429967426,0.8216432865731463,0.7367475292003594,0.613965744400527
Age: Young,984,0.6405190106793752,0.6082191780821918,0.6235955056179775,0.6158113730929264,0.5920471281296024
Race: black,984,0.4824439724305345,0.7651821862348178,0.9667519181585678,0.8542372881355932,0.7465618860510805
Race: others,984,0.5442667128164557,0.6342857142857142,0.8671875,0.7326732673267327,0.6086956521739131
Race: white,984,0.5442484816796043,0.49193548387096775,0.5191489361702127,0.505175983436853,0.5215215215215215
Overall,985,0.5946254284315327,0.6201780415430267,0.7504488330341114,0.6791226645004061,0.592573491490459
Gender: F,985,0.5928553405844771,0.65379113018598,0.7865748709122203,0.7140625,0.6199376947040498
Gender: M,985,0.5904692125580745,0.5839753466872111,0.7110694183864915,0.6412859560067682,0.5655737704918032
Age: Adult,985,0.5326567164179105,0.5615615615615616,0.748,0.6415094339622641,0.5365853658536586
Age: Senior,985,0.5170373192165723,0.6521739130434783,0.7806691449814126,0.7106598984771574,0.5834348355663824
Age: Young,985,0.6793758883111742,0.6172506738544474,0.7024539877300614,0.6571018651362984,0.6416791604197901
Race: black,985,0.4839438292160355,0.7621247113163973,0.9455587392550143,0.8439897698209718,0.7347826086956522
Race: others,985,0.542518472906404,0.6006600660066007,0.896551724137931,0.7193675889328063,0.6088154269972452
Race: white,985,0.5547490268124414,0.5294117647058824,0.5765124555160143,0.5519591141396933,0.5286738351254481
Overall,986,0.5663010675814091,0.6530612244897959,0.7504187604690117,0.6983632112236945,0.597922077922078
Gender: F,986,0.5834291128911973,0.6329639889196675,0.7798634812286689,0.6987767584097859,0.5958974358974359
Gender: M,986,0.555040974145891,0.6753846153846154,0.7220394736842105,0.6979332273449921,0.6
Age: Adult,986,0.5463121021373448,0.5849056603773585,0.6813186813186813,0.6294416243654822,0.5427974947807933
Age: Senior,986,0.5065191137881679,0.6785714285714286,0.833969465648855,0.7482876712328768,0.6230769230769231
Age: Young,986,0.6259726761117301,0.6658536585365854,0.6876574307304786,0.6765799256505576,0.6081081081081081
Race: black,986,0.4712319592083658,0.779835390946502,0.9334975369458128,0.8497757847533632,0.7423076923076923
Race: others,986,0.4663800163800164,0.5851393188854489,0.8513513513513513,0.6935779816513762,0.5684754521963824
Race: white,986,0.5554250445604929,0.5825932504440497,0.5795053003533569,0.5810451727192205,0.5353634577603144
Overall,987,0.5799635822250265,0.6334072431633407,0.748471615720524,0.6861489191353083,0.594622543950362
Gender: F,987,0.5950493275073395,0.6610169491525424,0.8394039735099338,0.7396061269146609,0.6401209677419355
Gender: M,987,0.5534407972674598,0.5972696245733788,0.6469500924214417,0.6211180124223602,0.5467091295116773
Age: Adult,987,0.5444059046543518,0.6006493506493507,0.7312252964426877,0.6595365418894831,0.5746102449888641
Age: Senior,987,0.4950433369447454,0.6496124031007752,0.8057692307692308,0.7193133047210301,0.5932835820895522
Age: Young,987,0.665513971534955,0.6325,0.6801075268817204,0.655440414507772,0.6093979441997063
Race: black,987,0.48173366834170855,0.7242718446601941,0.9371859296482412,0.8170865279299014,0.6952554744525548
Race: others,987,0.4705689380448027,0.6020408163265306,0.7797356828193832,0.6794625719769674,0.5461956521739131
Race: white,987,0.577467562557924,0.5643382352941176,0.5903846153846154,0.5770676691729323,0.5579567779960707
Overall,988,0.5244975094326408,0.5940014630577908,0.717948717948718,0.6501200960768615,0.5492521918514698
Gender: F,988,0.5696038757229511,0.6033287101248266,0.7996323529411765,0.6877470355731226,0.5889698231009365
Gender: M,988,0.4807225608560586,0.5835913312693498,0.6422487223168655,0.6115166261151662,0.5102249488752556
Age: Adult,988,0.5207359402901225,0.5498575498575499,0.7628458498023716,0.6390728476821192,0.5155555555555555
Age: Senior,988,0.43959235399725416,0.616398243045388,0.755834829443447,0.6790322580645162,0.5477272727272727
Age: Young,988,0.6137017566632053,0.5945945945945946,0.616822429906542,0.6055045871559633,0.5763546798029556
Race: black,988,0.3538401253918495,0.7495029821073559,0.9285714285714286,0.8294829482948295,0.7118959107806692
Race: others,988,0.4472258546609378,0.5198675496688742,0.7772277227722773,0.623015873015873,0.47368421052631576
Race: white,988,0.5154849828581574,0.49466192170818507,0.5315487571701721,0.5124423963133641,0.4913461538461538
Overall,989,0.5626416956808635,0.5845272206303725,0.752073732718894,0.6577992744860943,0.5632716049382716
Gender: F,989,0.5892379498400524,0.6136054421768707,0.7898423817863398,0.6906584992343032,0.592741935483871
Gender: M,989,0.5276926425385995,0.5521936459909228,0.7101167315175098,0.6212765957446809,0.532563025210084
Age: Adult,989,0.6000826446280991,0.5230769230769231,0.7727272727272727,0.6238532110091743,0.5340909090909091
Age: Senior,989,0.4837759757972524,0.6224188790560472,0.816247582205029,0.7062761506276151,0.5765983112183354
Age: Young,989,0.6086022355794579,0.5699745547073791,0.6436781609195402,0.6045883940620783,0.5659259259259259
Race: black,989,0.5374471357170318,0.701098901098901,0.9382352941176471,0.8025157232704403,0.6815415821501014
Race: others,989,0.5057564310127721,0.5919732441471572,0.8119266055045872,0.6847195357833655,0.5606469002695418
Race: white,989,0.521413301947974,0.4984423676012461,0.6072106261859582,0.5474764756201882,0.5101851851851852
Overall,990,0.566448652349341,0.6314996232102487,0.7306015693112468,0.677445432497979,0.5903490759753593
Gender: F,990,0.5851863280753662,0.6360103626943006,0.7932148626817448,0.7059669302659957,0.6156015037593985
Gender: M,990,0.5434728251617297,0.6252252252252253,0.6571969696969697,0.6408125577100646,0.5599547511312217
Age: Adult,990,0.5207239568941696,0.6506410256410257,0.7198581560283688,0.6835016835016835,0.5688073394495413
Age: Senior,990,0.4837950058072009,0.6594516594516594,0.7961672473867596,0.7213891081294396,0.5961098398169337
Age: Young,990,0.6376154965982352,0.5527950310559007,0.6116838487972509,0.5807504078303426,0.5971786833855799
Race: black,990,0.38987729399840415,0.760593220338983,0.9522546419098143,0.8457008244994111,0.738
Race: others,990,0.47120541601946014,0.5967213114754099,0.7947598253275109,0.6816479400749064,0.5502645502645502
Race: white,990,0.5601018907085876,0.54,0.5489833641404805,0.5444546287809349,0.5355140186915888
Overall,991,0.5798038938778984,0.6020761245674741,0.7506471095772217,0.6682027649769585,0.5787420770355924
Gender: F,991,0.6163819559992604,0.6323337679269883,0.8069883527454242,0.7090643274853801,0.621313035204567
Gender: M,991,0.5278629234985971,0.5678466076696165,0.6899641577060932,0.6229773462783171,0.534
Age: Adult,991,0.5876260615711253,0.5846153846153846,0.7261146496815286,0.6477272727272727,0.5523465703971119
Age: Senior,991,0.5043210159545205,0.6578947368421053,0.8275261324041812,0.7330246913580247,0.6059225512528473
Age: Young,991,0.6284832675912966,0.5015015015015015,0.6162361623616236,0.5529801324503312,0.5638126009693053
Race: black,991,0.4456626506024096,0.7274368231046932,0.9710843373493976,0.8317853457172343,0.7165217391304348
Race: others,991,0.5004618271034782,0.54,0.7902439024390244,0.6415841584158416,0.516042780748663
Race: white,991,0.5686489354340154,0.5160744500846024,0.5658627087198516,0.5398230088495575,0.5281306715063521
Overall,992,0.5850649350649352,0.6220760233918129,0.7736363636363637,0.6896272285251216,0.5993723849372385
Gender: F,992,0.5751213282247766,0.6288819875776398,0.7758620689655172,0.6946826758147513,0.6031215161649944
Gender: M,992,0.5909393236363061,0.6160220994475138,0.7716262975778547,0.685099846390169,0.5960591133004927
Age: Adult,992,0.6004949242591948,0.6447368421052632,0.7980456026058632,0.7132459970887919,0.6159844054580896
Age: Senior,992,0.5237425804436113,0.6391096979332274,0.8498942917547568,0.7295825771324864,0.6099476439790575
Age: Young,992,0.6228174603174602,0.5682451253481894,0.6375,0.6008836524300442,0.573228346456693
Race: black,992,0.48866210583544767,0.7400881057268722,0.9438202247191011,0.8296296296296296,0.7125
Race: others,992,0.49259127968805383,0.6363636363636364,0.8387096774193549,0.7236580516898609,0.5994236311239193
Race: white,992,0.5529489978440212,0.5302547770700637,0.6318785578747628,0.5766233766233766,0.5493087557603686
Overall,993,0.5727177540370446,0.6043872919818457,0.7337006427915519,0.6627955205309001,0.574122577265584
Gender: F,993,0.6133835078534031,0.6349431818181818,0.7801047120418848,0.7000783085356304,0.6063720452209661
Gender: M,993,0.5240748431155409,0.56957928802589,0.6821705426356589,0.6208112874779541,0.5405982905982906
Age: Adult,993,0.5605851377227868,0.6195652173913043,0.7808219178082192,0.6909090909090909,0.5732217573221757
Age: Senior,993,0.5284441942375426,0.6542372881355932,0.7689243027888446,0.706959706959707,0.5886889460154242
Age: Young,993,0.6036265505160495,0.5082417582417582,0.6271186440677966,0.5614567526555387,0.557427258805513
Race: black,993,0.43854446890030163,0.7075268817204301,0.9454022988505747,0.8093480934809348,0.6830265848670757
Race: others,993,0.4679289437293904,0.595166163141994,0.8277310924369747,0.6924428822495606,0.5580808080808081
Race: white,993,0.564411992536146,0.5190114068441065,0.5427435387673957,0.5306122448979592,0.5283203125
Overall,994,0.5488894322774901,0.6270818247646633,0.7259010896898574,0.6728826728826729,0.5794205794205795
Gender: F,994,0.5805084396021626,0.6616847826086957,0.791869918699187,0.7209474463360473,0.626362735381566
Gender: M,994,0.5002021928544629,0.5875968992248062,0.6557093425605537,0.6197874080130826,0.5317220543806647
Age: Adult,994,0.5263183270883844,0.6280788177339901,0.7306590257879656,0.6754966887417219,0.5601436265709157
Age: Senior,994,0.4909154929577465,0.6618819776714514,0.7545454545454545,0.7051826677994902,0.5839328537170264
Age: Young,994,0.6127170110946587,0.5632183908045977,0.6666666666666666,0.6105919003115264,0.5908346972176759
Race: black,994,0.4376061120543294,0.7072691552062869,0.967741935483871,0.8172531214528944,0.6927480916030534
Race: others,994,0.5355364651858732,0.5596330275229358,0.8356164383561644,0.6703296703296703,0.5454545454545454
Race: white,994,0.541829318936877,0.5926605504587156,0.5365448504983389,0.5632083696599826,0.5369685767097967
Overall,995,0.5956282278386268,0.6397694524495677,0.7449664429530202,0.6883720930232559,0.5977988994497249
Gender: F,995,0.6587053034360181,0.7013698630136986,0.7987519500780031,0.7469000729394603,0.6673058485139022
Gender: M,995,0.513150052653985,0.5714285714285714,0.6823956442831216,0.6220016542597188,0.5219665271966527
Age: Adult,995,0.6133249440715883,0.6346153846153846,0.7751677852348994,0.6978851963746223,0.6108949416342413
Age: Senior,995,0.5860033195970696,0.6593886462882096,0.8089285714285714,0.7265437048917401,0.6089449541284404
Age: Young,995,0.5952986500118044,0.6053412462908012,0.6107784431137725,0.6080476900149031,0.5709624796084829
Race: black,995,0.47298149705634984,0.7412587412587412,0.9695121951219512,0.8401585204755614,0.7274774774774775
Race: others,995,0.5080801976035316,0.6742857142857143,0.8309859154929577,0.7444794952681388,0.6124401913875598
Race: white,995,0.5680090385686869,0.548440065681445,0.5758620689655173,0.5618166526492852,0.5417766051011433
Overall,996,0.601809923078,0.6434720229555236,0.7660119555935099,0.6994152046783626,0.6074338085539714
Gender: F,996,0.6427645735524258,0.6909814323607427,0.8153364632237872,0.7480258435032304,0.656891495601173
Gender: M,996,0.5482218688530618,0.5875,0.706766917293233,0.6416382252559727,0.5536663124335813
Age: Adult,996,0.5933846097632272,0.6611111111111111,0.7652733118971061,0.7093889716840537,0.5995893223819302
Age: Senior,996,0.5151257062238722,0.6346153846153846,0.7749510763209393,0.6977973568281939,0.5775862068965517
Age: Young,996,0.6865229770410939,0.6414634146341464,0.7535816618911175,0.6930171277997365,0.649624060150376
Race: black,996,0.506338054347422,0.775894538606403,0.9648711943793911,0.860125260960334,0.7576853526220615
Race: others,996,0.5024017405555085,0.6498516320474778,0.8725099601593626,0.7448979591836735,0.6173469387755102
Race: white,996,0.5423765415435875,0.5057034220532319,0.539553752535497,0.5220804710500491,0.5220804710500491
Overall,997,0.5657438073370226,0.6235549132947977,0.7350936967632027,0.674745895230649,0.5795856493178373
Gender: F,997,0.5894216767968009,0.6321243523316062,0.7883683360258481,0.7016534867002157,0.6103286384976526
Gender: M,997,0.5344375015684208,0.6127450980392157,0.6756756756756757,0.6426735218508998,0.5437636761487965
Age: Adult,997,0.5450181159420291,0.6209677419354839,0.721875,0.6676300578034682,0.5635673624288425
Age: Senior,997,0.5264460551404598,0.6636500754147813,0.7843137254901961,0.7189542483660131,0.5943396226415094
Age: Young,997,0.6159202396760424,0.5501432664756447,0.6552901023890785,0.5981308411214953,0.5728476821192053
Race: black,997,0.4336935791481246,0.7292490118577075,0.9584415584415584,0.8282828282828283,0.7102272727272727
Race: others,997,0.47631778983512885,0.6181818181818182,0.8395061728395061,0.7120418848167539,0.5875
Race: white,997,0.5425869510027926,0.5291970802919708,0.5311355311355311,0.5301645338208409,0.510941960038059
Overall,998,0.5704927061195757,0.5988286969253295,0.742960944595822,0.6631536278881233,0.5669619593538301
Gender: F,998,0.6028994901045718,0.6045883940620783,0.8130671506352087,0.6934984520123839,0.592173017507724
Gender: M,998,0.5334810415714938,0.592,0.6727272727272727,0.6297872340425532,0.5411392405063291
Age: Adult,998,0.5829742134398431,0.6094986807387863,0.8133802816901409,0.6968325791855203,0.5855670103092784
Age: Senior,998,0.49036572622779523,0.6215780998389694,0.7797979797979798,0.6917562724014337,0.5617834394904458
Age: Young,998,0.6251448325640588,0.5491803278688525,0.6242236024844721,0.5843023255813954,0.559322033898305
Race: black,998,0.44676716270480366,0.7324561403508771,0.925207756232687,0.817625458996328,0.6959183673469388
Race: others,998,0.4474522292993632,0.5469255663430421,0.7477876106194691,0.6317757009345795,0.4856396866840731
Race: white,998,0.5675576343582692,0.5241264559068219,0.6128404669260701,0.5650224215246636,0.5363288718929254
Overall,999,0.5577355432931957,0.6318443804034583,0.7375946173254836,0.6806363989134653,0.5903434544549527
Gender: F,999,0.6023263233227277,0.6463414634146342,0.8266897746967071,0.7254752851711027,0.6312563840653729
Gender: M,999,0.5127884886011821,0.6153846153846154,0.6535947712418301,0.6339144215530903,0.5514563106796116
Age: Adult,999,0.5856359649122806,0.5743243243243243,0.7456140350877193,0.648854961832061,0.5700934579439252
Age: Senior,999,0.4500772448293257,0.6734143049932524,0.7971246006389776,0.7300658376005852,0.603225806451613
Age: Young,999,0.6309512563763461,0.5925925925925926,0.6208955223880597,0.6064139941690962,0.5852534562211982
Race: black,999,0.40062383395522394,0.7474747474747475,0.9635416666666666,0.8418657565415245,0.7316602316602316
Race: others,999,0.4880748182634975,0.5747800586510264,0.8484848484848485,0.6853146853146853,0.5384615384615384
Race: white,999,0.5572945936832641,0.5634057971014492,0.5418118466898955,0.5523978685612788,0.5422343324250681
