group,iteration,AUC,Precision,Recall,F1,Accuracy
Overall,0,0.5564738512039185,0.5909091234207153,0.5909091234207153,0.5252525210380554,0.5252525210380554
Gender: Male,0,0.6270833015441895,0.6961961984634399,0.7041666507720947,0.6711524724960327,0.671875
Gender: Female,0,0.5683760643005371,0.3534482717514038,0.3910256624221802,0.25164473056793213,0.2571428716182709
Age: 50-65,0,0.5564738512039185,0.5909091234207153,0.5909091234207153,0.5252525210380554,0.5252525210380554
Race: White,0,0.5585317611694336,0.5565476417541504,0.5565476417541504,0.5151515007019043,0.5151515007019043
Race: Other,0,0.574999988079071,0.625,0.6875,0.47272729873657227,0.48275861144065857
Overall,1,0.6542161703109741,0.5878787636756897,0.5902659893035889,0.5452196598052979,0.5454545617103577
Gender: Male,1,0.8357143402099609,0.7233333587646484,0.7392857074737549,0.7066667079925537,0.7090908885002136
Gender: Female,1,0.41735538840293884,0.3075000047683716,0.34090909361839294,0.2666666805744171,0.27272728085517883
Age: 50-65,1,0.6542161703109741,0.5878787636756897,0.5902659893035889,0.5452196598052979,0.5454545617103577
Race: White,1,0.6071428060531616,0.49696969985961914,0.49624061584472656,0.448484867811203,0.46153849363327026
Race: Other,1,0.7280701398849487,0.6590908765792847,0.6535087823867798,0.612500011920929,0.6129032373428345
Overall,2,0.6663534045219421,0.6331285238265991,0.6221804618835449,0.5827927589416504,0.585106372833252
Gender: Male,2,0.7217631340026855,0.6942934989929199,0.6969696879386902,0.6726190447807312,0.6727272272109985
Gender: Female,2,0.6385868787765503,0.5221773982048035,0.5149456262588501,0.4378860592842102,0.4615384638309479
Age: 50-65,2,0.6663534045219421,0.6331285238265991,0.6221804618835449,0.5827927589416504,0.585106372833252
Race: White,2,0.5556818246841431,0.5401337742805481,0.5409091114997864,0.4998699128627777,0.5
Race: Other,2,0.8999999761581421,0.8157894611358643,0.7666666507720947,0.7349228858947754,0.7407407760620117
Overall,3,0.5768707990646362,0.6120129823684692,0.5938775539398193,0.5710775852203369,0.585106372833252
Gender: Male,3,0.7179486751556396,0.7920203804969788,0.7756410241127014,0.7756018042564392,0.7799999713897705
Gender: Female,3,0.503157913684845,0.3523809611797333,0.40210527181625366,0.328976035118103,0.3636363744735718
Age: 50-65,3,0.5768707990646362,0.6120129823684692,0.5938775539398193,0.5710775852203369,0.585106372833252
Race: White,3,0.4309764504432678,0.3911764621734619,0.4065656363964081,0.375,0.3877550959587097
Race: Other,3,0.8049535751342773,0.8695652484893799,0.8421052694320679,0.831250011920929,0.8333333134651184
Overall,4,0.5441861152648926,0.6801801919937134,0.6353065967559814,0.5864979028701782,0.6020408272743225
Gender: Male,4,0.6042327880859375,0.7212543487548828,0.7015873193740845,0.674369752407074,0.6774193048477173
Gender: Female,4,0.4625000059604645,0.560606062412262,0.518750011920929,0.3930789828300476,0.472222238779068
Age: 50-65,4,0.5441861152648926,0.6801801919937134,0.6353065967559814,0.5864979028701782,0.6020408272743225
Race: White,4,0.4088670015335083,0.5524193644523621,0.5480295419692993,0.46395665407180786,0.4651162624359131
Race: Black,4,0.0,0.46666666865348816,0.5,0.48275861144065857,0.9333333969116211
Race: Other,4,0.690666675567627,0.7083333730697632,0.6866666674613953,0.6228786706924438,0.625
Overall,5,0.6115311980247498,0.6884057521820068,0.6413043737411499,0.6173912882804871,0.6413043737411499
Gender: Male,5,0.8136200904846191,0.8598039150238037,0.8288530111312866,0.8400932550430298,0.8571428656578064
Gender: Female,5,0.5404762029647827,0.4839285612106323,0.4892857074737549,0.37888890504837036,0.39534884691238403
Age: 50-65,5,0.6115311980247498,0.6884057521820068,0.6413043737411499,0.6173912882804871,0.6413043737411499
Race: White,5,0.3759259283542633,0.49340659379959106,0.49444442987442017,0.43132954835891724,0.4375
Race: Other,5,0.8811594247817993,0.9107142686843872,0.8333333730697632,0.8509804010391235,0.8684210777282715
Overall,6,0.6311688423156738,0.6322091817855835,0.6170995831489563,0.6156458854675293,0.6391752362251282
Gender: Male,6,0.8224637508392334,0.8258145451545715,0.8140096664428711,0.8187960386276245,0.8305084705352783
Gender: Female,6,0.4238227307796478,0.2964285612106323,0.34210526943206787,0.3030080795288086,0.34210526943206787
Age: 50-65,6,0.6311688423156738,0.6322091817855835,0.6170995831489563,0.6156458854675293,0.6391752362251282
Race: White,6,0.5087412595748901,0.503496527671814,0.503496527671814,0.5,0.5
Race: Black,6,0.0,0.42307692766189575,0.5,0.4583333432674408,0.8461538553237915
Race: Other,6,0.7727272510528564,0.7592592239379883,0.7045454978942871,0.7125110626220703,0.75
Overall,7,0.584586501121521,0.5932459831237793,0.5869361162185669,0.5513635873794556,0.5531914830207825
Gender: Male,7,0.7173912525177002,0.7109557390213013,0.7185990214347839,0.6941244006156921,0.694915235042572
Gender: Female,7,0.4833332896232605,0.25574713945388794,0.3583333492279053,0.2657342851161957,0.3142857253551483
Age: 50-65,7,0.584586501121521,0.5932459831237793,0.5869361162185669,0.5513635873794556,0.5531914830207825
Race: White,7,0.40625,0.4274510145187378,0.4229166805744171,0.3818594217300415,0.3829787075519562
Race: Other,7,0.772946834564209,0.7410256862640381,0.727053165435791,0.7057416439056396,0.707317054271698
Overall,8,0.5062500238418579,0.4692234992980957,0.4729166626930237,0.45485666394233704,0.4693877398967743
Gender: Male,8,0.739130437374115,0.7321428656578064,0.7260869741439819,0.7280058860778809,0.7358490824699402
Gender: Female,8,0.33127570152282715,0.10294117778539658,0.1944444477558136,0.13461539149284363,0.15555556118488312
Age: 50-65,8,0.5062500238418579,0.4692234992980957,0.4729166626930237,0.45485666394233704,0.4693877398967743
Race: White,8,0.40823137760162354,0.3589743673801422,0.371523916721344,0.35520362854003906,0.36666667461395264
Race: Other,8,0.7708333730697632,0.6886363625526428,0.6729166507720947,0.6688034534454346,0.6774193048477173
Overall,9,0.6053476333618164,0.6027815341949463,0.5810160636901855,0.5079079270362854,0.516853928565979
Gender: Male,9,0.8308702707290649,0.7250000238418579,0.721674919128418,0.6998800039291382,0.699999988079071
Gender: Female,9,0.4289941191673279,0.14864864945411682,0.42307692766189575,0.2199999988079071,0.28205129504203796
Age: 50-65,9,0.6053476333618164,0.6027815341949463,0.5810160636901855,0.5079079270362854,0.516853928565979
Race: White,9,0.5676190257072449,0.523809552192688,0.523809552192688,0.4399999976158142,0.4399999976158142
Race: Other,9,0.6962962746620178,0.6978021860122681,0.6333333253860474,0.5814633965492249,0.6060606241226196
Overall,10,0.5551146268844604,0.5234375,0.5211640000343323,0.4945151209831238,0.5
Gender: Male,10,0.6428571939468384,0.6215170621871948,0.6121428608894348,0.5986296534538269,0.6037735939025879
Gender: Female,10,0.48642534017562866,0.39743590354919434,0.4095022678375244,0.36661213636398315,0.3720930218696594
Age: 50-65,10,0.5551146268844604,0.5234375,0.5211640000343323,0.4945151209831238,0.5
Race: White,10,0.4311111271381378,0.44508010149002075,0.4466666579246521,0.42561203241348267,0.42622947692871094
Race: Other,10,0.7731091976165771,0.6616162061691284,0.6344537734985352,0.6025640964508057,0.6129032373428345
Overall,11,0.4922727346420288,0.5114864706993103,0.5077272653579712,0.4537530541419983,0.4893616735935211
Gender: Male,11,0.699999988079071,0.7277777791023254,0.6952381134033203,0.6994949579238892,0.7254902124404907
Gender: Female,11,0.3768472671508789,0.1184210553765297,0.3214285671710968,0.17307692766189575,0.20930232107639313
Age: 50-65,11,0.4922727346420288,0.5114864706993103,0.5077272653579712,0.4537530541419983,0.4893616735935211
Race: White,11,0.509890079498291,0.4272727370262146,0.45604395866394043,0.3718535602092743,0.4098360538482666
Race: Other,11,0.5595238208770752,0.5980392694473267,0.5892857313156128,0.5712143778800964,0.5769230723381042
Overall,12,0.5602526664733887,0.634615421295166,0.6105442047119141,0.580436110496521,0.593406617641449
Gender: Male,12,0.6616379022598267,0.6767734289169312,0.6664870977401733,0.6648352146148682,0.6721311211585999
Gender: Female,12,0.5699999928474426,0.6851851940155029,0.574999988079071,0.4007050395011902,0.4333333671092987
Age: 50-65,12,0.5602526664733887,0.634615421295166,0.6105442047119141,0.580436110496521,0.593406617641449
Race: White,12,0.4214285612106323,0.5121212005615234,0.5107142925262451,0.4734532833099365,0.4791666865348816
Race: Other,12,0.736842155456543,0.7759740352630615,0.7236841917037964,0.7055593729019165,0.7179487347602844
Overall,13,0.522685170173645,0.5404040217399597,0.529629647731781,0.46992480754852295,0.4893616735935211
Gender: Male,13,0.6738461256027222,0.7222222089767456,0.703076958656311,0.698462724685669,0.7058823704719543
Gender: Female,13,0.5738916397094727,0.12820513546466827,0.3571428656578064,0.18867924809455872,0.23255813121795654
Age: 50-65,13,0.522685170173645,0.5404040217399597,0.529629647731781,0.46992480754852295,0.4893616735935211
Race: White,13,0.36100131273269653,0.323913037776947,0.39328062534332275,0.3016515076160431,0.3392857313156128
Race: Other,13,0.8317460417747498,0.75,0.7285714149475098,0.692307710647583,0.694444477558136
Overall,14,0.5580419301986694,0.5665584206581116,0.5573426485061646,0.5146299600601196,0.521276593208313
Gender: Male,14,0.7217261791229248,0.6909090876579285,0.6875,0.6881558895111084,0.692307710647583
Gender: Female,14,0.565982460975647,0.4583333432674408,0.47360703349113464,0.29959747195243835,0.3095238208770752
Age: 50-65,14,0.5580419301986694,0.5665584206581116,0.5573426485061646,0.5146299600601196,0.521276593208313
Race: White,14,0.49677419662475586,0.5307486653327942,0.5296773910522461,0.5164694786071777,0.5178571939468384
Race: Other,14,0.7670454382896423,0.6666666865348816,0.6363636255264282,0.4642857313156128,0.46666669845581055
Overall,15,0.5318930149078369,0.565269947052002,0.5416666865348816,0.4534177780151367,0.47777777910232544
Gender: Male,15,0.6166666746139526,0.6428571939468384,0.6166666746139526,0.5953933000564575,0.6122449040412903
Gender: Female,15,0.7097700834274292,0.4780701994895935,0.49281609058380127,0.2824999988079071,0.31707316637039185
Age: 50-65,15,0.5318930149078369,0.565269947052002,0.5416666865348816,0.4534177780151367,0.47777777910232544
Race: White,15,0.40692639350891113,0.37162160873413086,0.39718616008758545,0.29274967312812805,0.2978723347187042
Race: Other,15,0.7450980544090271,0.8214285373687744,0.7058823704719543,0.6829710006713867,0.7142857313156128
Overall,16,0.5996112823486328,0.6005747318267822,0.5935373902320862,0.578292727470398,0.5824176073074341
Gender: Male,16,0.7883597612380981,0.7453703880310059,0.7453703880310059,0.7453703880310059,0.7454545497894287
Gender: Female,16,0.5523809194564819,0.2774193584918976,0.39047619700431824,0.2775919735431671,0.3333333432674408
Age: 50-65,16,0.5996112823486328,0.6005747318267822,0.5935373902320862,0.578292727470398,0.5824176073074341
Race: White,16,0.45185184478759766,0.43887147307395935,0.4277777671813965,0.40047019720077515,0.4117647111415863
Race: Other,16,0.7433333396911621,0.7867133021354675,0.7733333110809326,0.7791986465454102,0.8108108043670654
Overall,17,0.5581597089767456,0.5252100825309753,0.5208333730697632,0.49909257888793945,0.5208333730697632
Gender: Male,17,0.6111111640930176,0.5915751457214355,0.5833333730697632,0.5737425684928894,0.5833333730697632
Gender: Female,17,0.4722222089767456,0.36699509620666504,0.4166666567325592,0.3565957546234131,0.4166666567325592
Age: 50-65,17,0.5581597089767456,0.5252100825309753,0.5208333730697632,0.49909257888793945,0.5208333730697632
Race: White,17,0.4851190447807312,0.4166666865348816,0.418154776096344,0.3960114121437073,0.3962264060974121
Race: Other,17,0.6222221851348877,0.6339285373687744,0.5952380895614624,0.5847382545471191,0.6388888955116272
Overall,18,0.6419811248779297,0.6288889050483704,0.5820754766464233,0.5102266073226929,0.5376344323158264
Gender: Male,18,0.7459677457809448,0.7857142686843872,0.7096773982048035,0.6590908765792847,0.6727272272109985
Gender: Female,18,0.5426136255264282,0.2818181812763214,0.39772728085517883,0.2819350063800812,0.34210526943206787
Age: 50-65,18,0.6419811248779297,0.6288889050483704,0.5820754766464233,0.5102266073226929,0.5376344323158264
Race: White,18,0.5246376991271973,0.49368688464164734,0.49637681245803833,0.411787211894989,0.4528301954269409
Race: Other,18,0.8278387784957886,0.7599999904632568,0.7142857313156128,0.6421052813529968,0.6470588445663452
Overall,19,0.64876389503479,0.6278538703918457,0.5954816937446594,0.5753456354141235,0.6082473993301392
Gender: Male,19,0.697441577911377,0.7670454978942871,0.7091212272644043,0.6977777481079102,0.7166666984558105
Gender: Female,19,0.5852941274642944,0.3663793206214905,0.40882351994514465,0.36571431159973145,0.4324324429035187
Age: 50-65,19,0.64876389503479,0.6278538703918457,0.5954816937446594,0.5753456354141235,0.6082473993301392
Race: White,19,0.6168639063835144,0.5,0.5,0.48079878091812134,0.5
Race: Black,19,0.0,0.3499999940395355,0.5,0.4117647111415863,0.699999988079071
Race: Other,19,0.7222222089767456,0.8333333730697632,0.7352941036224365,0.7200000286102295,0.7428571581840515
Overall,20,0.5302775502204895,0.5490148067474365,0.5418418645858765,0.49767011404037476,0.5050504803657532
Gender: Male,20,0.6430481672286987,0.7076023817062378,0.6898396015167236,0.6410256624221802,0.6428571939468384
Gender: Female,20,0.44078946113586426,0.3082386255264282,0.35197368264198303,0.3014005720615387,0.3255814015865326
Age: 50-65,20,0.5302775502204895,0.5490148067474365,0.5418418645858765,0.49767011404037476,0.5050504803657532
Race: White,20,0.3509485125541687,0.3808353841304779,0.3685636818408966,0.335930734872818,0.33898305892944336
Race: Other,20,0.7254902124404907,0.800000011920929,0.7058823704719543,0.6666666269302368,0.6875
Overall,21,0.6051136255264282,0.5579710006713867,0.5435606241226196,0.5069175958633423,0.532608687877655
Gender: Male,21,0.7253086566925049,0.6652960777282715,0.6550925970077515,0.6436334848403931,0.6470588445663452
Gender: Female,21,0.5071429014205933,0.21621622145175934,0.4000000059604645,0.28070175647735596,0.39024388790130615
Age: 50-65,21,0.6051136255264282,0.5579710006713867,0.5435606241226196,0.5069175958633423,0.532608687877655
Race: White,21,0.5560344457626343,0.5057971477508545,0.5043103694915771,0.46354609727859497,0.49180325865745544
Race: Other,21,0.7095237970352173,0.6607142686843872,0.6285714507102966,0.6037267446517944,0.6206896305084229
Overall,22,0.5097517967224121,0.5243544578552246,0.5183954238891602,0.485640287399292,0.5157895088195801
Gender: Male,22,0.6941015124320984,0.6931637525558472,0.6666666865348816,0.6548295021057129,0.6666666865348816
Gender: Female,22,0.3857142925262451,0.19117647409439087,0.32499998807907104,0.24074074625968933,0.31707316637039185
Age: 50-65,22,0.5097517967224121,0.5243544578552246,0.5183954238891602,0.485640287399292,0.5157895088195801
Race: White,22,0.36571425199508667,0.36403509974479675,0.38928574323654175,0.35437431931495667,0.37735849618911743
Race: Other,22,0.7397660613059998,0.7480158805847168,0.682748556137085,0.6552795171737671,0.6756756901741028
Overall,23,0.6105499267578125,0.6396059989929199,0.6153198480606079,0.5457223057746887,0.5517241358757019
Gender: Male,23,0.8591270446777344,0.8127530217170715,0.8065476417541504,0.7996041774749756,0.800000011920929
Gender: Female,23,0.5249999761581421,0.3815789520740509,0.44999998807907104,0.25882354378700256,0.2857142984867096
Age: 50-65,23,0.6105499267578125,0.6396059989929199,0.6153198480606079,0.5457223057746887,0.5517241358757019
Race: White,23,0.43888890743255615,0.4636363685131073,0.4611110985279083,0.3257683217525482,0.32608696818351746
Race: Other,23,0.7654321193695068,0.8125,0.7777777910232544,0.7714285850524902,0.7777777910232544
Overall,24,0.438001811504364,0.4717978835105896,0.47859054803848267,0.4085365831851959,0.42268040776252747
Gender: Male,24,0.5415019989013672,0.6628787517547607,0.6274703741073608,0.6025974154472351,0.6222222447395325
Gender: Female,24,0.4392361044883728,0.29157429933547974,0.3368055522441864,0.24300110340118408,0.25
Age: 50-65,24,0.438001811504364,0.4717978835105896,0.47859054803848267,0.4085365831851959,0.42268040776252747
Race: White,24,0.25,0.27142858505249023,0.261904776096344,0.21968787908554077,0.2199999988079071
Race: Other,24,0.5282608866691589,0.7089285850524902,0.627173900604248,0.5712609887123108,0.604651153087616
Overall,25,0.5563910007476807,0.6614865064620972,0.6123120188713074,0.5361841917037964,0.5531914830207825
Gender: Male,25,0.6743589639663696,0.7716927528381348,0.7448717951774597,0.727891206741333,0.7321428656578064
Gender: Female,25,0.5384615659713745,0.14864864945411682,0.4583333432674408,0.22448979318141937,0.28947368264198303
Age: 50-65,25,0.5563910007476807,0.6614865064620972,0.6123120188713074,0.5361841917037964,0.5531914830207825
Race: White,25,0.4301075339317322,0.5193798542022705,0.5089606046676636,0.3704031705856323,0.40816324949264526
Race: Other,25,0.788690447807312,0.7351190447807312,0.7351190447807312,0.6842105388641357,0.6842105388641357
Overall,26,0.5368182063102722,0.4875991940498352,0.4886363446712494,0.4593237638473511,0.46315792202949524
Gender: Male,26,0.5418919324874878,0.5511363744735718,0.554729700088501,0.5239715576171875,0.5263158082962036
Gender: Female,26,0.5750000476837158,0.27916666865348816,0.35277777910232544,0.29846152663230896,0.3684210479259491
Age: 50-65,26,0.5368182063102722,0.4875991940498352,0.4886363446712494,0.4593237638473511,0.46315792202949524
Race: White,26,0.4465608596801758,0.3795454502105713,0.3878306746482849,0.36684995889663696,0.3709677457809448
Race: Other,26,0.7655502557754517,0.699999988079071,0.6913875937461853,0.6329254508018494,0.6333333849906921
Overall,27,0.4759143590927124,0.6142773032188416,0.5867528915405273,0.5141550302505493,0.5257731676101685
Gender: Male,27,0.6224489212036133,0.7428229451179504,0.7071428298950195,0.6759259104728699,0.682539701461792
Gender: Female,27,0.27500003576278687,0.24166667461395264,0.3708333373069763,0.21071428060531616,0.23529411852359772
Age: 50-65,27,0.4759143590927124,0.6142773032188416,0.5867528915405273,0.5141550302505493,0.5257731676101685
Race: White,27,0.5210727453231812,0.5892857313156128,0.5718390941619873,0.5025310516357422,0.5106382966041565
Race: Black,27,0.2222222089767456,0.40909090638160706,0.5,0.44999998807907104,0.8181818723678589
Race: Other,27,0.4610389769077301,0.5698052048683167,0.5698052048683167,0.4615384638309479,0.4615384638309479
Overall,28,0.5798435211181641,0.5622171759605408,0.5506212711334229,0.50876784324646,0.521276593208313
Gender: Male,28,0.7549857497215271,0.6852678656578064,0.6773504018783569,0.6750811338424683,0.6792452931404114
Gender: Female,28,0.5370370149612427,0.35277777910232544,0.42989417910575867,0.2824999988079071,0.31707316637039185
Age: 50-65,28,0.5798435211181641,0.5622171759605408,0.5506212711334229,0.50876784324646,0.521276593208313
Race: White,28,0.43877550959587097,0.38034188747406006,0.3857142925262451,0.3058333396911621,0.30612245202064514
Race: Other,28,0.7232142686843872,0.759615421295166,0.7410714626312256,0.7448276281356812,0.7567567825317383
Overall,29,0.6551870703697205,0.6315922737121582,0.610331654548645,0.5926171541213989,0.6082473993301392
Gender: Male,29,0.8287500143051147,0.8168919086456299,0.7931250333786011,0.7980676293373108,0.8070175647735596
Gender: Female,29,0.5572916269302368,0.3279569745063782,0.375,0.3036750555038452,0.32500001788139343
Age: 50-65,29,0.6551870703697205,0.6315922737121582,0.610331654548645,0.5926171541213989,0.6082473993301392
Race: White,29,0.5948275923728943,0.5247678160667419,0.522988498210907,0.5050287246704102,0.5094339847564697
Race: Black,29,0.0,0.4583333432674408,0.5,0.47826087474823,0.9166666865348816
Race: Other,29,0.7044534683227539,0.7227272987365723,0.6983805894851685,0.6532019376754761,0.65625
Overall,30,0.4898262917995453,0.5290141105651855,0.5255582928657532,0.43529412150382996,0.4375
Gender: Male,30,0.564338207244873,0.6539216041564941,0.6443014740943909,0.5707134008407593,0.5714285373687744
Gender: Female,30,0.4740259647369385,0.37162160873413086,0.39718616008758545,0.29274967312812805,0.2978723347187042
Age: 50-65,30,0.4898262917995453,0.5290141105651855,0.5255582928657532,0.43529412150382996,0.4375
Race: White,30,0.2309582233428955,0.3194444477558136,0.30835381150245667,0.2288319617509842,0.2291666716337204
Race: Other,30,0.7189542651176453,0.7196029424667358,0.6928104758262634,0.6333333253860474,0.6363636255264282
Overall,31,0.5145969390869141,0.5535714626312256,0.5444444417953491,0.5160748362541199,0.53125
Gender: Male,31,0.7037037014961243,0.7428571581840515,0.7248677015304565,0.7213779091835022,0.7272726893424988
Gender: Female,31,0.33578431606292725,0.2140151560306549,0.31495100259780884,0.23125000298023224,0.2682926654815674
Age: 50-65,31,0.5145969390869141,0.5535714626312256,0.5444444417953491,0.5160748362541199,0.53125
Race: White,31,0.3282312750816345,0.30000001192092896,0.3333333432674408,0.2916666567325592,0.30612245202064514
Race: Other,31,0.7301136255264282,0.7767857313156128,0.7642045021057129,0.7361111044883728,0.7368420958518982
Overall,32,0.584795355796814,0.5913432836532593,0.5745614171028137,0.5230861902236938,0.532608687877655
Gender: Male,32,0.7248677015304565,0.7476280927658081,0.7301587462425232,0.7062937021255493,0.7083333730697632
Gender: Female,32,0.5533769130706787,0.3541666865348816,0.4084967374801636,0.3121293783187866,0.34090909361839294
Age: 50-65,32,0.584795355796814,0.5913432836532593,0.5745614171028137,0.5230861902236938,0.532608687877655
Race: White,32,0.40784311294555664,0.3843137323856354,0.3843137323856354,0.3265306055545807,0.3265306055545807
Race: Other,32,0.8156249523162842,0.807692289352417,0.75,0.7142857313156128,0.7222222089767456
Overall,33,0.6080585718154907,0.6147186160087585,0.5970696210861206,0.5648148059844971,0.5744680762290955
Gender: Male,33,0.704242467880249,0.7007575631141663,0.692727267742157,0.6715350151062012,0.6724137663841248
Gender: Female,33,0.5572755336761475,0.38333332538604736,0.4349845349788666,0.3565957546234131,0.4166666567325592
Age: 50-65,33,0.6080585718154907,0.6147186160087585,0.5970696210861206,0.5648148059844971,0.5744680762290955
Race: White,33,0.4688994884490967,0.4820261597633362,0.48245614767074585,0.4421013593673706,0.442307710647583
Race: Black,33,0.0,0.4000000059604645,0.5,0.4444444477558136,0.800000011920929
Race: Other,33,0.8235293626785278,0.7681818008422852,0.731372594833374,0.7117117643356323,0.71875
Overall,34,0.6552197933197021,0.5833333730697632,0.5732600688934326,0.5457892417907715,0.5531914830207825
Gender: Male,34,0.7976588606834412,0.7374582290649414,0.7374582290649414,0.7346938848495483,0.7346938848495483
Gender: Female,34,0.6680161952972412,0.32706767320632935,0.4068825840950012,0.3062201142311096,0.35555556416511536
Age: 50-65,34,0.6552197933197021,0.5833333730697632,0.5732600688934326,0.5457892417907715,0.5531914830207825
Race: White,34,0.5329670310020447,0.46190476417541504,0.46483516693115234,0.43885281682014465,0.44262292981147766
Race: Other,34,0.8907562494277954,0.8181818127632141,0.7647058963775635,0.7350427508354187,0.7419354915618896
Overall,35,0.5139423608779907,0.5987012982368469,0.5548076629638672,0.5202255249023438,0.5978261232376099
Gender: Male,35,0.6889951825141907,0.6958333253860474,0.6499202251434326,0.6553248167037964,0.7115384936332703
Gender: Female,35,0.5037593841552734,0.3963963985443115,0.47117793560028076,0.3452380895614624,0.45000001788139343
Age: 50-65,35,0.5139423608779907,0.5987012982368469,0.5548076629638672,0.5202255249023438,0.5978261232376099
Race: White,35,0.44805198907852173,0.46052631735801697,0.4707792401313782,0.4166666865348816,0.4399999976158142
Race: Other,35,0.7153846025466919,0.8939393758773804,0.6499999761581421,0.671447217464447,0.8055555820465088
Overall,36,0.5610464811325073,0.5853587985038757,0.5714631676673889,0.5589285492897034,0.5824176073074341
Gender: Male,36,0.7285354137420654,0.7321428656578064,0.7215908765792847,0.7246376872062683,0.7368420958518982
Gender: Female,36,0.5298246145248413,0.261904776096344,0.359649121761322,0.27255815267562866,0.3235294222831726
Age: 50-65,36,0.5610464811325073,0.5853587985038757,0.5714631676673889,0.5589285492897034,0.5824176073074341
Race: White,36,0.36500000953674316,0.4141891896724701,0.4206250011920929,0.3988833725452423,0.4035087823867798
Race: Other,36,0.8995214700698853,0.9130434989929199,0.8181818127632141,0.841269850730896,0.8666667342185974
Overall,37,0.5122549533843994,0.5199005007743835,0.5176470279693604,0.4544213116168976,0.45744678378105164
Gender: Male,37,0.7058823704719543,0.7293651103973389,0.7236841917037964,0.6602563858032227,0.6603773832321167
Gender: Female,37,0.307692289352417,0.1649305522441864,0.25256410241127014,0.17750759422779083,0.19512194395065308
Age: 50-65,37,0.5122549533843994,0.5199005007743835,0.5176470279693604,0.4544213116168976,0.45744678378105164
Race: White,37,0.3888888955116272,0.34285715222358704,0.3690476417541504,0.30812326073646545,0.31578946113586426
Race: Other,37,0.6856186985969543,0.7708333730697632,0.760869562625885,0.6942085027694702,0.694444477558136
Overall,38,0.5709183216094971,0.5891203880310059,0.5785714387893677,0.5237921476364136,0.5274725556373596
Gender: Male,38,0.7850241661071777,0.7775119543075562,0.7801932096481323,0.7783783674240112,0.7804877758026123
Gender: Female,38,0.5472370982170105,0.35555556416511536,0.4420677423477173,0.2784380316734314,0.3199999928474426
Age: 50-65,38,0.5709183216094971,0.5891203880310059,0.5785714387893677,0.5237921476364136,0.5274725556373596
Race: White,38,0.4373626112937927,0.46875,0.46483516693115234,0.393464058637619,0.3958333432674408
Race: Other,38,0.7746913433074951,0.7290909290313721,0.6944444179534912,0.6824378371238708,0.694444477558136
Overall,39,0.5700148344039917,0.635695219039917,0.6004453301429749,0.5652173757553101,0.5888888835906982
Gender: Male,39,0.634523868560791,0.6888889074325562,0.6619047522544861,0.6446078419685364,0.6551724076271057
Gender: Female,39,0.5176470279693604,0.4821428656578064,0.49215686321258545,0.3975636661052704,0.46875
Age: 50-65,39,0.5700148344039917,0.635695219039917,0.6004453301429749,0.5652173757553101,0.5888888835906982
Race: White,39,0.44919782876968384,0.4568965435028076,0.46657755970954895,0.417119562625885,0.43589743971824646
Race: Other,39,0.6666666865348816,0.7486559152603149,0.702850878238678,0.6655555963516235,0.6744186282157898
Overall,40,0.540008544921875,0.5767116546630859,0.5656824707984924,0.5234672427177429,0.5306122303009033
Gender: Male,40,0.7250000238418579,0.7615630030632019,0.7562500238418579,0.7114317417144775,0.7115384936332703
Gender: Female,40,0.39619049429893494,0.2805555462837219,0.3495238125324249,0.28521302342414856,0.32608696818351746
Age: 50-65,40,0.540008544921875,0.5767116546630859,0.5656824707984924,0.5234672427177429,0.5306122303009033
Race: White,40,0.41012394428253174,0.4672619104385376,0.46590906381607056,0.42371323704719543,0.42424243688583374
Race: Other,40,0.7291666269302368,0.8478261232376099,0.7083333134651184,0.7043740749359131,0.7500000596046448
Overall,41,0.5674877166748047,0.6201331615447998,0.615517258644104,0.5694444179534912,0.5698924660682678
Gender: Male,41,0.7437888383865356,0.7430555820465088,0.7445652484893799,0.7435202598571777,0.7450980544090271
Gender: Female,41,0.48055553436279297,0.5486486554145813,0.5250000357627869,0.33877551555633545,0.3571428656578064
Age: 50-65,41,0.5674877166748047,0.6201331615447998,0.615517258644104,0.5694444179534912,0.5698924660682678
Race: White,41,0.43809524178504944,0.49166667461395264,0.4912698268890381,0.4520499110221863,0.4528301954269409
Race: Other,41,0.7884615659713745,0.8095238208770752,0.800000011920929,0.7573529481887817,0.7575757503509521
Overall,42,0.6457960605621338,0.6204637289047241,0.6068873405456543,0.5828172564506531,0.5894737243652344
Gender: Male,42,0.8102563619613647,0.7832674384117126,0.7756410241127014,0.7671890258789062,0.7678571939468384
Gender: Female,42,0.5320855379104614,0.30241936445236206,0.3689839839935303,0.2958333492279053,0.3333333432674408
Age: 50-65,42,0.6457960605621338,0.6204637289047241,0.6068873405456543,0.5828172564506531,0.5894737243652344
Race: White,42,0.45351043343544006,0.46071428060531616,0.45825427770614624,0.43529412150382996,0.4375
Race: Other,42,0.8393352031707764,0.7878788113594055,0.736842155456543,0.7246376872062683,0.7368420958518982
Overall,43,0.5356506109237671,0.5540691614151001,0.5432263612747192,0.5086771845817566,0.5263158082962036
Gender: Male,43,0.6662068963050842,0.7222222089767456,0.6986206769943237,0.6798046827316284,0.6851851940155029
Gender: Female,43,0.37559807300567627,0.2443181872367859,0.3385167419910431,0.264102578163147,0.31707316637039185
Age: 50-65,43,0.5356506109237671,0.5540691614151001,0.5432263612747192,0.5086771845817566,0.5263158082962036
Race: White,43,0.38450294733047485,0.38513511419296265,0.3881579041481018,0.3452380895614624,0.34545454382896423
Race: Other,43,0.6598639488220215,0.8078703880310059,0.726190447807312,0.7348484992980957,0.7714285850524902
Overall,44,0.4934934973716736,0.4683794379234314,0.47597596049308777,0.412611722946167,0.4285714328289032
Gender: Male,44,0.5852631330490112,0.5747126340866089,0.5684210658073425,0.5416666269302368,0.5454545617103577
Gender: Female,44,0.5440613031387329,0.3053571581840515,0.3955938518047333,0.27969348430633545,0.3191489279270172
Age: 50-65,44,0.4934934973716736,0.4683794379234314,0.47597596049308777,0.412611722946167,0.4285714328289032
Race: White,44,0.3492646813392639,0.365686297416687,0.3740808963775635,0.3254067599773407,0.3265306055545807
Race: Other,44,0.6875,0.5985221862792969,0.5625,0.4962962865829468,0.5277777910232544
Overall,45,0.5059090852737427,0.5957143306732178,0.5761363506317139,0.5249999761581421,0.5368421077728271
Gender: Male,45,0.7064472436904907,0.75,0.7222222089767456,0.7142857313156128,0.7222222089767456
Gender: Female,45,0.38461536169052124,0.34663867950439453,0.3997252881526947,0.27720364928245544,0.2926829159259796
Age: 50-65,45,0.5059090852737427,0.5957143306732178,0.5761363506317139,0.5249999761581421,0.5368421077728271
Race: White,45,0.3678678870201111,0.4542042016983032,0.4542042016983032,0.4000000059604645,0.3999999761581421
Race: Other,45,0.6397058963775635,0.807692289352417,0.7058823704719543,0.6726190447807312,0.696969747543335
Overall,46,0.5600804090499878,0.5744996070861816,0.5505279302597046,0.485714316368103,0.5111111402511597
Gender: Male,46,0.6364942789077759,0.6601307392120361,0.6408045887947083,0.6159420013427734,0.6226415038108826
Gender: Female,46,0.542424201965332,0.18571428954601288,0.4333333373069763,0.25999999046325684,0.3513513505458832
Age: 50-65,46,0.5600804090499878,0.5744996070861816,0.5505279302597046,0.485714316368103,0.5111111402511597
Race: White,46,0.5277777910232544,0.48891353607177734,0.49183008074760437,0.39284369349479675,0.4038461744785309
Race: Other,46,0.7058823108673096,0.675000011920929,0.6286764740943909,0.6071428656578064,0.6363636255264282
Overall,47,0.5883440971374512,0.5803571939468384,0.556198000907898,0.5217609405517578,0.5591397881507874
Gender: Male,47,0.6160714626312256,0.6593495607376099,0.625,0.603640079498291,0.625
Gender: Female,47,0.6111111044883728,0.40860214829444885,0.4502924084663391,0.38333335518836975,0.45945948362350464
Age: 50-65,47,0.5883440971374512,0.5803571939468384,0.556198000907898,0.5217609405517578,0.5591397881507874
Race: White,47,0.4829059839248657,0.4647058844566345,0.4711538553237915,0.42333245277404785,0.4354838728904724
Race: Other,47,0.770370364189148,0.875,0.7222222089767456,0.7362637519836426,0.7916666865348816
Overall,48,0.4688596725463867,0.432539701461792,0.4366227984428406,0.4101141691207886,0.41237112879753113
Gender: Male,48,0.7178683280944824,0.6642857193946838,0.6622257232666016,0.6469230651855469,0.6470588445663452
Gender: Female,48,0.3134920597076416,0.12937062978744507,0.1845238208770752,0.1420373022556305,0.15217392146587372
Age: 50-65,48,0.4688596725463867,0.432539701461792,0.4366227984428406,0.4101141691207886,0.41237112879753113
Race: White,48,0.2584541141986847,0.248235285282135,0.2415458858013153,0.2364106923341751,0.23728813230991364
Race: Other,48,0.796491265296936,0.800000011920929,0.7368420958518982,0.6964285373687744,0.7058823704719543
Overall,49,0.5387930870056152,0.5476190447807312,0.5331896543502808,0.4592664837837219,0.47959181666374207
Gender: Male,49,0.5966796875,0.6159420013427734,0.59375,0.5733333230018616,0.59375
Gender: Female,49,0.6682692766189575,0.4462365508079529,0.4759615361690521,0.24845269322395325,0.2647058963775635
Age: 50-65,49,0.5387930870056152,0.5476190447807312,0.5331896543502808,0.4592664837837219,0.47959181666374207
Race: White,49,0.436734676361084,0.41328829526901245,0.4214285612106323,0.3254067599773407,0.3265306055545807
Race: Other,49,0.6613272428512573,0.6464646458625793,0.5995423197746277,0.5456730723381042,0.5714285969734192
Overall,50,0.5405796766281128,0.605498731136322,0.5797101259231567,0.5539215803146362,0.5824176073074341
Gender: Male,50,0.8026820421218872,0.7990195751190186,0.7921456098556519,0.7951574325561523,0.8085106015205383
Gender: Female,50,0.45315903425216675,0.3377193212509155,0.4193899929523468,0.2969697117805481,0.34090909361839294
Age: 50-65,50,0.5405796766281128,0.605498731136322,0.5797101259231567,0.5539215803146362,0.5824176073074341
Race: White,50,0.47200000286102295,0.5053879022598267,0.5049999952316284,0.48481830954551697,0.4888888895511627
Race: Other,50,0.6246498823165894,0.7511520385742188,0.6526610851287842,0.634615421295166,0.6842105388641357
Overall,51,0.6178977489471436,0.5579710006713867,0.5435606241226196,0.5069175958633423,0.532608687877655
Gender: Male,51,0.7408602237701416,0.6634366512298584,0.6360214948654175,0.622184693813324,0.6393442153930664
Gender: Female,51,0.5256410837173462,0.2730769217014313,0.3739316463470459,0.27424749732017517,0.32258063554763794
Age: 50-65,51,0.6178977489471436,0.5579710006713867,0.5435606241226196,0.5069175958633423,0.532608687877655
Race: White,51,0.4771428406238556,0.4159356951713562,0.41785717010498047,0.38161373138427734,0.38181817531585693
Race: Other,51,0.7307692170143127,0.8199999928474426,0.6538461446762085,0.6255379915237427,0.6896551847457886
Overall,52,0.5822839736938477,0.5893939733505249,0.576856255531311,0.5590904355049133,0.5729166865348816
Gender: Male,52,0.7760180830955505,0.7234432697296143,0.7070136070251465,0.6811188459396362,0.6833333969116211
Gender: Female,52,0.2857142686843872,0.29629629850387573,0.34285715222358704,0.3125,0.3888888955116272
Age: 50-65,52,0.5822839736938477,0.5893939733505249,0.576856255531311,0.5590904355049133,0.5729166865348816
Race: White,52,0.4928571581840515,0.4868420958518982,0.488095223903656,0.47272729873657227,0.48275861144065857
Race: Other,52,0.7326388359069824,0.762499988079071,0.71875,0.6964285373687744,0.7058823704719543
Overall,53,0.6380208730697632,0.5589680671691895,0.5416666865348816,0.5053864121437073,0.5416666865348816
Gender: Male,53,0.7898193597793579,0.723809540271759,0.692939281463623,0.6961805820465088,0.7199999690055847
Gender: Female,53,0.6179337501525879,0.3223443329334259,0.40545809268951416,0.3002028465270996,0.3478260934352875
Age: 50-65,53,0.6380208730697632,0.5589680671691895,0.5416666865348816,0.5053864121437073,0.5416666865348816
Race: White,53,0.5006802678108215,0.31439393758773804,0.36666667461395264,0.2851063907146454,0.3035714328289032
Race: Other,53,0.9130434989929199,0.8730769157409668,0.8244147300720215,0.8402839303016663,0.8611111044883728
Overall,54,0.5740904808044434,0.5469208359718323,0.5425909757614136,0.5341544151306152,0.5473684668540955
Gender: Male,54,0.7300000190734863,0.6885714530944824,0.6833333373069763,0.6811188459396362,0.6833333969116211
Gender: Female,54,0.42763155698776245,0.20370370149612427,0.28947368264198303,0.239130437374115,0.3142857253551483
Age: 50-65,54,0.5740904808044434,0.5469208359718323,0.5425909757614136,0.5341544151306152,0.5473684668540955
Race: White,54,0.4533844292163849,0.4229249060153961,0.4252873659133911,0.421935498714447,0.4285714626312256
Race: Other,54,0.6644736528396606,0.75,0.7055920958518982,0.6761984825134277,0.6857143044471741
Overall,55,0.48680853843688965,0.5419826507568359,0.5329787731170654,0.5024531483650208,0.5257731676101685
Gender: Male,55,0.5824176073074341,0.6637519598007202,0.6414835453033447,0.6329159736633301,0.6481481790542603
Gender: Female,55,0.45394736528396606,0.35784316062927246,0.40460526943206787,0.33619213104248047,0.3720930218696594
Age: 50-65,55,0.48680853843688965,0.5419826507568359,0.5329787731170654,0.5024531483650208,0.5257731676101685
Race: White,55,0.47584033012390137,0.49451756477355957,0.49474790692329407,0.4817136824131012,0.4838709533214569
Race: Other,55,0.49743586778640747,0.7884615659713745,0.5769230723381042,0.49918699264526367,0.6071428656578064
Overall,56,0.5961365699768066,0.6259427070617676,0.5750224590301514,0.5023809671401978,0.5368421077728271
Gender: Male,56,0.6598039269447327,0.6755101680755615,0.6264705657958984,0.5866701006889343,0.609375
Gender: Female,56,0.5570175647735596,0.4396551847457886,0.484649121761322,0.31591174006462097,0.3870967626571655
Age: 50-65,56,0.5961365699768066,0.6259427070617676,0.5750224590301514,0.5023809671401978,0.5368421077728271
Race: White,56,0.6176470518112183,0.523809552192688,0.5212418437004089,0.43214285373687744,0.43396228551864624
Race: Other,56,0.59375,0.7903225421905518,0.59375,0.5252416729927063,0.6176470518112183
Overall,57,0.6041083335876465,0.6386363506317139,0.6281512379646301,0.6092437505722046,0.6129032373428345
Gender: Male,57,0.764182448387146,0.7710437774658203,0.7686318159103394,0.7664071321487427,0.7666667103767395
Gender: Female,57,0.42692309617996216,0.3333333432674408,0.39615386724472046,0.30192306637763977,0.3333333432674408
Age: 50-65,57,0.6041083335876465,0.6386363506317139,0.6281512379646301,0.6092437505722046,0.6129032373428345
Race: White,57,0.45043104887008667,0.4634387195110321,0.4601293206214905,0.453441321849823,0.46666666865348816
Race: Black,57,0.0,0.3636363744735718,0.5,0.42105263471603394,0.7272727489471436
Race: Other,57,0.7865496873855591,0.8333333730697632,0.7631579041481018,0.7448276281356812,0.7567567825317383
Overall,58,0.5939626097679138,0.6119047403335571,0.5899235010147095,0.5673505663871765,0.5876288414001465
Gender: Male,58,0.7364672422409058,0.7329721450805664,0.7143874764442444,0.7103825211524963,0.7169811725616455
Gender: Female,58,0.4989648163318634,0.4097222089767456,0.44616979360580444,0.37747594714164734,0.4318181872367859
Age: 50-65,58,0.5939626097679138,0.6119047403335571,0.5899235010147095,0.5673505663871765,0.5876288414001465
Race: White,58,0.53125,0.5593792200088501,0.552884578704834,0.5276018381118774,0.5344827771186829
Race: Black,58,0.0,1.0,1.0,1.0,1.0
Race: Other,58,0.7107843160629272,0.613095223903656,0.593137264251709,0.543030321598053,0.5517241358757019
Overall,59,0.44930070638656616,0.515485405921936,0.5113636255264282,0.4639316201210022,0.4895833432674408
Gender: Male,59,0.5669599175453186,0.6002215147018433,0.5884652733802795,0.5789473652839661,0.59375
Gender: Female,59,0.29004329442977905,0.15000000596046448,0.40909090638160706,0.2195121943950653,0.28125
Age: 50-65,59,0.44930070638656616,0.515485405921936,0.5113636255264282,0.4639316201210022,0.4895833432674408
Race: White,59,0.4285714328289032,0.4270833134651184,0.4375,0.40909090638160706,0.42307692766189575
Race: Black,59,0.25,0.3636363744735718,0.5,0.42105263471603394,0.7272727489471436
Race: Other,59,0.5833333730697632,0.6401098966598511,0.6011905074119568,0.5037593841552734,0.5151515007019043
Overall,60,0.5009930729866028,0.44565218687057495,0.4590367376804352,0.3990030884742737,0.4175824224948883
Gender: Male,60,0.5390475988388062,0.5714285373687744,0.5609524250030518,0.5326560139656067,0.54347825050354
Gender: Female,60,0.5546218156814575,0.2736486494541168,0.3592437207698822,0.25925925374031067,0.2888889014720917
Age: 50-65,60,0.5009930729866028,0.44565218687057495,0.4590367376804352,0.3990030884742737,0.4175824224948883
Race: White,60,0.42403632402420044,0.30452126264572144,0.3333333432674408,0.2652129828929901,0.2698412835597992
Race: Other,60,0.6495726108551025,0.7916666269302368,0.7393162250518799,0.7471264600753784,0.7727273106575012
Overall,61,0.5449351072311401,0.5571428537368774,0.5415584444999695,0.4628571569919586,0.47777777910232544
Gender: Male,61,0.6130268573760986,0.6481854915618896,0.6408045887947083,0.5950113534927368,0.5957446694374084
Gender: Female,61,0.5294117331504822,0.3044871687889099,0.43099549412727356,0.28333333134651184,0.3488371968269348
Age: 50-65,61,0.5449351072311401,0.5571428537368774,0.5415584444999695,0.4628571569919586,0.47777777910232544
Race: White,61,0.2801724076271057,0.3361486494541168,0.3954741358757019,0.2886282503604889,0.31111112236976624
Race: Other,61,0.8114285469055176,0.6990740895271301,0.6842857003211975,0.6143704652786255,0.6153846383094788
Overall,62,0.59658282995224,0.6398467421531677,0.6212624311447144,0.5994194746017456,0.6086956858634949
Gender: Male,62,0.7733333110809326,0.7984848618507385,0.7918518781661987,0.7877551317214966,0.7884615659713745
Gender: Female,62,0.4873737692832947,0.3398268520832062,0.40656566619873047,0.3238674998283386,0.375
Age: 50-65,62,0.59658282995224,0.6398467421531677,0.6212624311447144,0.5994194746017456,0.6086956858634949
Race: White,62,0.4496551752090454,0.49743592739105225,0.4979310631752014,0.4630681872367859,0.48148149251937866
Race: Other,62,0.8125,0.8214285373687744,0.8108552694320679,0.7993447780609131,0.800000011920929
Overall,63,0.5446428060531616,0.4913793206214905,0.49277210235595703,0.472416490316391,0.49484533071517944
Gender: Male,63,0.6456789970397949,0.6358107924461365,0.6240741014480591,0.6198793649673462,0.6315789222717285
Gender: Female,63,0.47869673371315,0.23297490179538727,0.31328320503234863,0.25333333015441895,0.30000001192092896
Age: 50-65,63,0.5446428060531616,0.4913793206214905,0.49277210235595703,0.472416490316391,0.49484533071517944
Race: White,63,0.3513985872268677,0.34656083583831787,0.3479021191596985,0.34708207845687866,0.3541666865348816
Race: Other,63,0.7452631592750549,0.7638888955116272,0.6599999666213989,0.5878788232803345,0.6136363744735718
Overall,64,0.5329999923706055,0.5,0.5,0.4327731132507324,0.46666666865348816
Gender: Male,64,0.6428571343421936,0.6476190686225891,0.6135531067848206,0.6030799746513367,0.6382978558540344
Gender: Female,64,0.5344827771186829,0.30180180072784424,0.39162561297416687,0.2532213032245636,0.27906978130340576
Age: 50-65,64,0.5329999923706055,0.5,0.5,0.4327731132507324,0.46666666865348816
Race: White,64,0.4468598961830139,0.3785460889339447,0.4172705411911011,0.33273810148239136,0.35593220591545105
Race: Other,64,0.6794872283935547,0.7324560880661011,0.6698718070983887,0.6527777910232544,0.6800000071525574
Overall,65,0.5757017731666565,0.6177430152893066,0.5830649137496948,0.5668202638626099,0.6170212626457214
Gender: Male,65,0.6540403366088867,0.7029411792755127,0.6742424368858337,0.6762445569038391,0.7017543911933899
Gender: Female,65,0.5529412031173706,0.38257575035095215,0.4544117748737335,0.3683737516403198,0.4864864945411682
Age: 50-65,65,0.5757017731666565,0.6177430152893066,0.5830649137496948,0.5668202638626099,0.6170212626457214
Race: White,65,0.5204545259475708,0.53125,0.5295454263687134,0.5194507837295532,0.523809552192688
Race: Other,65,0.6600877046585083,0.7026315927505493,0.5844298005104065,0.5376344323158264,0.6279069781303406
Overall,66,0.542919397354126,0.550000011920929,0.54313725233078,0.5195195078849792,0.53125
Gender: Male,66,0.7352217435836792,0.7519480586051941,0.738916277885437,0.7338935732841492,0.7368420958518982
Gender: Female,66,0.4465240240097046,0.14516128599643707,0.2647058963775635,0.1875,0.23076923191547394
Age: 50-65,66,0.542919397354126,0.550000011920929,0.54313725233078,0.5195195078849792,0.53125
Race: White,66,0.4013792872428894,0.411255419254303,0.41517239809036255,0.4041379392147064,0.40740740299224854
Race: Other,66,0.7736842632293701,0.8166666626930237,0.7250000238418579,0.6980999112129211,0.7179487347602844
Overall,67,0.5740195512771606,0.6049783229827881,0.5950980186462402,0.5299999713897705,0.5319148898124695
Gender: Male,67,0.7849462032318115,0.8035714626312256,0.7856183052062988,0.76237952709198,0.7636363506317139
Gender: Female,67,0.3448275923728943,0.2681451439857483,0.3017241358757019,0.20303229987621307,0.20512820780277252
Age: 50-65,67,0.5740195512771606,0.6049783229827881,0.5950980186462402,0.5299999713897705,0.5319148898124695
Race: White,67,0.34065932035446167,0.40526318550109863,0.40109890699386597,0.3205128312110901,0.3207547068595886
Race: Other,67,0.8541666865348816,0.8157894611358643,0.824999988079071,0.7810361385345459,0.78125
Overall,68,0.5767841339111328,0.5837104320526123,0.5501354932785034,0.4715350866317749,0.5052632093429565
Gender: Male,68,0.6320191025733948,0.7755101919174194,0.6451612710952759,0.5802631378173828,0.6206896305084229
Gender: Female,68,0.5186335444450378,0.3426724076271057,0.38664597272872925,0.3060765266418457,0.3243243396282196
Age: 50-65,68,0.5767841339111328,0.5837104320526123,0.5501354932785034,0.4715350866317749,0.5052632093429565
Race: White,68,0.5170278549194336,0.4833333492279053,0.4845201373100281,0.3992055654525757,0.3999999761581421
Race: Other,68,0.5535714626312256,0.800000011920929,0.5625,0.4861111044883728,0.6216216087341309
Overall,69,0.5385316610336304,0.5909091234207153,0.5656634569168091,0.5185229182243347,0.542553186416626
Gender: Male,69,0.5836364030838013,0.7458333373069763,0.714545488357544,0.6953703165054321,0.7021276354789734
Gender: Female,69,0.5549450516700745,0.34285715222358704,0.4194139242172241,0.3229011297225952,0.3829787075519562
Age: 50-65,69,0.5385316610336304,0.5909091234207153,0.5656634569168091,0.5185229182243347,0.542553186416626
Race: White,69,0.4434523582458496,0.47043919563293457,0.4739583432674408,0.4288793206214905,0.43396228551864624
Race: Other,69,0.695906400680542,0.7903225421905518,0.6578947305679321,0.6073469519615173,0.6486486792564392
Overall,70,0.505565881729126,0.4801587462425232,0.4826067090034485,0.4609014391899109,0.47311827540397644
Gender: Male,70,0.5835543870925903,0.5964285731315613,0.5895225405693054,0.5767815113067627,0.581818163394928
Gender: Female,70,0.5555555820465088,0.2785714268684387,0.32777780294418335,0.28405797481536865,0.31578946113586426
Age: 50-65,70,0.505565881729126,0.4801587462425232,0.4826067090034485,0.4609014391899109,0.47311827540397644
Race: White,70,0.2927120625972748,0.28289473056793213,0.3028673827648163,0.28265461325645447,0.2931034564971924
Race: Other,70,0.9095022678375244,0.824999988079071,0.7941176891326904,0.7643097639083862,0.7666667103767395
Overall,71,0.5279589891433716,0.566602349281311,0.5482292175292969,0.46915268898010254,0.4842105507850647
Gender: Male,71,0.6129032373428345,0.6361111402511597,0.6185483932495117,0.5644409656524658,0.5686274766921997
Gender: Female,71,0.5076252222061157,0.43421053886413574,0.4673202633857727,0.34545454382896423,0.3863636553287506
Age: 50-65,71,0.5279589891433716,0.566602349281311,0.5482292175292969,0.46915268898010254,0.4842105507850647
Race: White,71,0.4523809552192688,0.4502032399177551,0.4611110985279083,0.36927515268325806,0.37735849618911743
Race: Other,71,0.6695652008056641,0.6858237385749817,0.6405797004699707,0.5681818127632141,0.5789473652839661
Overall,72,0.5209372043609619,0.5182266235351562,0.5184446573257446,0.48381128907203674,0.4838709533214569
Gender: Male,72,0.7616487741470337,0.7380952835083008,0.7508960962295532,0.7132107019424438,0.714285671710968
Gender: Female,72,0.3504464328289032,0.2428571581840515,0.2589285671710968,0.2256728708744049,0.22727273404598236
Age: 50-65,72,0.5209372043609619,0.5182266235351562,0.5184446573257446,0.48381128907203674,0.4838709533214569
Race: White,72,0.4166666865348816,0.4124999940395355,0.4155701994895935,0.3864583373069763,0.3870967626571655
Race: Other,72,0.8270676732063293,0.692307710647583,0.7443609237670898,0.675000011920929,0.692307710647583
Overall,73,0.5123931169509888,0.508766233921051,0.5057692527770996,0.4478597640991211,0.4845360815525055
Gender: Male,73,0.64112389087677,0.7234848737716675,0.6507024168968201,0.6262732744216919,0.660714328289032
Gender: Female,73,0.42000001668930054,0.19886364042758942,0.30125001072883606,0.21397650241851807,0.24390242993831635
Age: 50-65,73,0.5123931169509888,0.508766233921051,0.5057692527770996,0.4478597640991211,0.4845360815525055
Race: White,73,0.48367348313331604,0.4208776652812958,0.4392856955528259,0.3905882239341736,0.4126984477043152
Race: Other,73,0.6041666269302368,0.75,0.625,0.5333333611488342,0.5714285969734192
Overall,74,0.528769850730896,0.6159420013427734,0.591269850730896,0.5230861902236938,0.532608687877655
Gender: Male,74,0.7307692766189575,0.7387096881866455,0.7276923060417175,0.7228261232376099,0.7254902124404907
Gender: Female,74,0.43030303716659546,0.4649122953414917,0.48787879943847656,0.264687716960907,0.2926829159259796
Age: 50-65,74,0.528769850730896,0.6159420013427734,0.591269850730896,0.5230861902236938,0.532608687877655
Race: White,74,0.46546053886413574,0.5277777910232544,0.5246710777282715,0.46731141209602356,0.4705882668495178
Race: Other,74,0.6557971239089966,0.7222222089767456,0.6739130616188049,0.5657567977905273,0.5714285969734192
Overall,75,0.5375874042510986,0.5085470080375671,0.5052447319030762,0.4379391074180603,0.4791666865348816
Gender: Male,75,0.7406060695648193,0.7179487347602844,0.6545454859733582,0.647773265838623,0.6896551847457886
Gender: Female,75,0.46464645862579346,0.09090909361839294,0.27272728085517883,0.13636364042758942,0.15789473056793213
Age: 50-65,75,0.5375874042510986,0.5085470080375671,0.5052447319030762,0.4379391074180603,0.4791666865348816
Race: White,75,0.43703705072402954,0.3998548686504364,0.43611112236976624,0.3671010732650757,0.40909093618392944
Race: Other,75,0.8799999952316284,0.75,0.6666666865348816,0.5833333730697632,0.5999999642372131
Overall,76,0.5270146131515503,0.5178372263908386,0.5146520137786865,0.4636404514312744,0.4736842215061188
Gender: Male,76,0.6815476417541504,0.6979166269302368,0.6696428656578064,0.6454545259475708,0.6538462042808533
Gender: Female,76,0.4523809254169464,0.2712121307849884,0.3202381134033203,0.24561403691768646,0.25581395626068115
Age: 50-65,76,0.5270146131515503,0.5178372263908386,0.5146520137786865,0.4636404514312744,0.4736842215061188
Race: White,76,0.4927884340286255,0.42222222685813904,0.4326923191547394,0.40242424607276917,0.41379308700561523
Race: Other,76,0.6611111164093018,0.7142857313156128,0.699999988079071,0.5857143402099609,0.5862069129943848
Overall,77,0.7058237791061401,0.7195767164230347,0.6859133839607239,0.6584007740020752,0.6666666865348816
Gender: Male,77,0.8597882986068726,0.8566666841506958,0.853835940361023,0.8541114330291748,0.8545454144477844
Gender: Female,77,0.7692307233810425,0.4318181872367859,0.4842657446861267,0.3025362193584442,0.37142857909202576
Age: 50-65,77,0.7058237791061401,0.7195767164230347,0.6859133839607239,0.6584007740020752,0.6666666865348816
Race: White,77,0.6299999952316284,0.5974358916282654,0.5950000286102295,0.5607143044471741,0.5609756112098694
Race: Other,77,0.7643020749092102,0.8166666626930237,0.760869562625885,0.7306122779846191,0.738095223903656
Overall,78,0.6720273494720459,0.6876876950263977,0.6218323707580566,0.5436508059501648,0.5652173757553101
Gender: Male,78,0.7293334007263184,0.776442289352417,0.7300000190734863,0.7010869979858398,0.7090908885002136
Gender: Female,78,0.7179486751556396,0.4214285612106323,0.48237180709838867,0.2884615361690521,0.3513513505458832
Age: 50-65,78,0.6720273494720459,0.6876876950263977,0.6218323707580566,0.5436508059501648,0.5652173757553101
Race: White,78,0.6233552694320679,0.5833333134651184,0.5690789222717285,0.4413793087005615,0.4444444477558136
Race: Other,78,0.9102563858032227,0.8600000143051147,0.7307692170143127,0.7343940734863281,0.774193525314331
Overall,79,0.5879120826721191,0.6408695578575134,0.6112637519836426,0.5710775852203369,0.585106372833252
Gender: Male,79,0.8853615522384644,0.8784028887748718,0.8677248954772949,0.8714286088943481,0.875
Gender: Female,79,0.4924730956554413,0.30416667461395264,0.39892473816871643,0.25405406951904297,0.28260868787765503
Age: 50-65,79,0.5879120826721191,0.6408695578575134,0.6112637519836426,0.5710775852203369,0.585106372833252
Race: White,79,0.5073529481887817,0.5430415868759155,0.5367647409439087,0.4926093816757202,0.5
Race: Other,79,0.7478991746902466,0.804347813129425,0.7352941036224365,0.6983783841133118,0.7096773982048035
Overall,80,0.5811631679534912,0.59375,0.5833333134651184,0.5714285373687744,0.5833333730697632
Gender: Male,80,0.6939655542373657,0.6877705454826355,0.6869611740112305,0.6871795058250427,0.6885245442390442
Gender: Female,80,0.4276316165924072,0.33467739820480347,0.4325657784938812,0.3200739920139313,0.4000000059604645
Age: 50-65,80,0.5811631679534912,0.59375,0.5833333134651184,0.5714285373687744,0.5833333730697632
Race: White,80,0.3928571343421936,0.47857144474983215,0.47903725504875183,0.4697728157043457,0.4705882668495178
Race: Other,80,0.7529411315917969,0.6975524425506592,0.666176438331604,0.6391597986221313,0.6486486792564392
Overall,81,0.5253332853317261,0.5381455421447754,0.5288888812065125,0.4909133315086365,0.5157895088195801
Gender: Male,81,0.7166666984558105,0.6869918704032898,0.6642857193946838,0.6672932505607605,0.694915235042572
Gender: Female,81,0.36153846979141235,0.2666666805744171,0.3384615480899811,0.21250000596046448,0.2222222238779068
Age: 50-65,81,0.5253332853317261,0.5381455421447754,0.5288888812065125,0.4909133315086365,0.5157895088195801
Race: White,81,0.4509999752044678,0.45277780294418335,0.45749998092651367,0.4119047522544861,0.4153846204280853
Race: Other,81,0.6797385215759277,0.7386363744735718,0.6372548937797546,0.6410256624221802,0.7307692766189575
Overall,82,0.5950486063957214,0.6170097589492798,0.5954906940460205,0.538095235824585,0.5463917255401611
Gender: Male,82,0.8110944032669067,0.8187500238418579,0.8058470487594604,0.7877551317214966,0.7884615659713745
Gender: Female,82,0.4913793206214905,0.22435897588729858,0.36099138855934143,0.22857142984867096,0.2666666805744171
Age: 50-65,82,0.5950486063957214,0.6170097589492798,0.5954906940460205,0.538095235824585,0.5463917255401611
Race: White,82,0.4192982316017151,0.41842105984687805,0.41842105984687805,0.3396226465702057,0.3396226465702057
Race: Other,82,0.8202613592147827,0.8541666269302368,0.8055555820465088,0.7939444780349731,0.800000011920929
Overall,83,0.5180000066757202,0.5473484992980957,0.5375000238418579,0.49515554308891296,0.5111111402511597
Gender: Male,83,0.6477272510528564,0.6733333468437195,0.6723484992980957,0.6725201606750488,0.6739130616188049
Gender: Female,83,0.6584821343421936,0.33739838004112244,0.4553571343421936,0.27787208557128906,0.34090909361839294
Age: 50-65,83,0.5180000066757202,0.5473484992980957,0.5375000238418579,0.49515554308891296,0.5111111402511597
Race: White,83,0.37968748807907104,0.4166666865348816,0.42500001192092896,0.380952388048172,0.38461539149284363
Race: Other,83,0.7463235259056091,0.7574999928474426,0.689338207244873,0.6726190447807312,0.696969747543335
Overall,84,0.48207545280456543,0.47261735796928406,0.4818395972251892,0.4108187258243561,0.44086021184921265
Gender: Male,84,0.6410256624221802,0.6002330780029297,0.5689102411270142,0.5384615659713745,0.5799999833106995
Gender: Female,84,0.4211822748184204,0.31607145071029663,0.3731527030467987,0.2647545337677002,0.27906978130340576
Age: 50-65,84,0.48207545280456543,0.47261735796928406,0.4818395972251892,0.4108187258243561,0.44086021184921265
Race: White,84,0.42993196845054626,0.39355993270874023,0.41904762387275696,0.34375,0.3571428656578064
Race: Other,84,0.6344537734985352,0.5733333230018616,0.5462185144424438,0.4816053509712219,0.5161290168762207
Overall,85,0.495770663022995,0.5265151262283325,0.5197368860244751,0.45221447944641113,0.46808508038520813
Gender: Male,85,0.686956524848938,0.6869747638702393,0.6547825932502747,0.6329284906387329,0.6458333730697632
Gender: Female,85,0.301075279712677,0.3190789520740509,0.3817204236984253,0.26560232043266296,0.28260868787765503
Age: 50-65,85,0.495770663022995,0.5265151262283325,0.5197368860244751,0.45221447944641113,0.46808508038520813
Race: White,85,0.251748263835907,0.3675675690174103,0.32867133617401123,0.2874999940395355,0.2982456088066101
Race: Black,85,0.0,0.3461538553237915,0.5,0.40909090638160706,0.692307710647583
Race: Other,85,0.6953125,0.8636363744735718,0.625,0.621052622795105,0.75
Overall,86,0.5860071182250977,0.5904139280319214,0.5739750862121582,0.5614866018295288,0.5894737243652344
Gender: Male,86,0.7468982934951782,0.75,0.7239453792572021,0.7246376872062683,0.7368420958518982
Gender: Female,86,0.43611109256744385,0.27916666865348816,0.35277777910232544,0.29846152663230896,0.3684210479259491
Age: 50-65,86,0.5860071182250977,0.5904139280319214,0.5739750862121582,0.5614866018295288,0.5894737243652344
Race: White,86,0.5218750238418579,0.4886363744735718,0.4906249940395355,0.46378380060195923,0.4838709533214569
Race: Other,86,0.7575757503509521,0.7712418437004089,0.7515151500701904,0.7562500238418579,0.7692307829856873
Overall,87,0.5834879875183105,0.6594117879867554,0.6256957054138184,0.5960424542427063,0.6129032373428345
Gender: Male,87,0.7056276798248291,0.7672619223594666,0.7429653406143188,0.7441990375518799,0.7540982961654663
Gender: Female,87,0.5800865888595581,0.4107142686843872,0.45670995116233826,0.3107692301273346,0.34375
Age: 50-65,87,0.5834879875183105,0.6594117879867554,0.6256957054138184,0.5960424542427063,0.6129032373428345
Race: White,87,0.4914610981941223,0.5483193397521973,0.5436432361602783,0.4771242141723633,0.4791666865348816
Race: Other,87,0.7105263471603394,0.7360140085220337,0.6973683834075928,0.6881226301193237,0.7027027010917664
Overall,88,0.5847069621086121,0.6415525078773499,0.5993589758872986,0.5822222232818604,0.6276595592498779
Gender: Male,88,0.7444444894790649,0.7569105625152588,0.7194444537162781,0.7298701405525208,0.7678571939468384
Gender: Female,88,0.6136363744735718,0.453125,0.4744318127632141,0.3779762089252472,0.42105263471603394
Age: 50-65,88,0.5847069621086121,0.6415525078773499,0.5993589758872986,0.5822222232818604,0.6276595592498779
Race: White,88,0.5416666269302368,0.5584415793418884,0.5489130616188049,0.5320056676864624,0.5531914830207825
Race: Black,88,0.0,1.0,1.0,1.0,1.0
Race: Other,88,0.6766917705535889,0.6785714626312256,0.6221804618835449,0.5557692050933838,0.575757622718811
Overall,89,0.4706730842590332,0.4719576835632324,0.4745192527770996,0.4004688858985901,0.4020618498325348
Gender: Male,89,0.5960960388183594,0.6000000238418579,0.6051051020622253,0.5448527336120605,0.5454545021057129
Gender: Female,89,0.4234693944454193,0.18571428954601288,0.3035714328289032,0.19183672964572906,0.2142857164144516
Age: 50-65,89,0.4706730842590332,0.4719576835632324,0.4745192527770996,0.4004688858985901,0.4020618498325348
Race: White,89,0.39393937587738037,0.3722222149372101,0.37554115056991577,0.3229166865348816,0.32307693362236023
Race: Other,89,0.5874999761581421,0.6904761791229248,0.675000011920929,0.5351213216781616,0.535714328289032
Overall,90,0.7123420834541321,0.6719527244567871,0.634353756904602,0.5997235178947449,0.6153846383094788
Gender: Male,90,0.7407407760620117,0.791176438331604,0.7444444894790649,0.7409090995788574,0.7543859481811523
Gender: Female,90,0.700757622718811,0.4523809552192688,0.46590909361839294,0.3687002658843994,0.38235294818878174
Age: 50-65,90,0.7123420834541321,0.6719527244567871,0.634353756904602,0.5997235178947449,0.6153846383094788
Race: White,90,0.686274528503418,0.5723443031311035,0.5645424723625183,0.4699999988079071,0.4716981053352356
Race: Other,90,0.7782805562019348,0.7749999761581421,0.7488688230514526,0.7532315254211426,0.7666667103767395
Overall,91,0.5347341299057007,0.5799086689949036,0.5600342750549316,0.5154845118522644,0.5360824465751648
Gender: Male,91,0.6844444274902344,0.7257182002067566,0.6833333373069763,0.6677353382110596,0.6833333969116211
Gender: Female,91,0.40993791818618774,0.29285717010498047,0.36490681767463684,0.2712121307849884,0.29729729890823364
Age: 50-65,91,0.5347341299057007,0.5799086689949036,0.5600342750549316,0.5154845118522644,0.5360824465751648
Race: White,91,0.3993055820465088,0.46078431606292725,0.4618055522441864,0.41976791620254517,0.41999998688697815
Race: Other,91,0.6616541147232056,0.701298713684082,0.6165413856506348,0.5604395866394043,0.6000000238418579
Overall,92,0.4752603769302368,0.48476189374923706,0.4895833134651184,0.44574055075645447,0.4895833432674408
Gender: Male,92,0.6505376100540161,0.6675823926925659,0.6229838728904724,0.6131062507629395,0.6545454263687134
Gender: Female,92,0.2965686321258545,0.2140151560306549,0.31495100259780884,0.23125000298023224,0.2682926654815674
Age: 50-65,92,0.4752603769302368,0.48476189374923706,0.4895833134651184,0.44574055075645447,0.4895833432674408
Race: White,92,0.3671875,0.37835419178009033,0.4114583432674408,0.34991708397865295,0.3750000298023224
Race: Other,92,0.6526316404342651,0.620192289352417,0.5877193212509155,0.5729468464851379,0.6176470518112183
Overall,93,0.633273720741272,0.6603261232376099,0.6187388300895691,0.6053274869918823,0.6421052813529968
Gender: Male,93,0.6600790619850159,0.7976190447807312,0.7305665016174316,0.7376576662063599,0.7678571939468384
Gender: Female,93,0.6236841678619385,0.4555555582046509,0.4684210419654846,0.4236453175544739,0.4615384638309479
Age: 50-65,93,0.633273720741272,0.6603261232376099,0.6187388300895691,0.6053274869918823,0.6421052813529968
Race: White,93,0.640804648399353,0.6026315689086914,0.5840517282485962,0.5740528106689453,0.6037735939025879
Race: Other,93,0.6481481790542603,0.7174999713897705,0.6611111164093018,0.6192307472229004,0.6363636255264282
Overall,94,0.5645298957824707,0.5904762148857117,0.5730769634246826,0.5408915877342224,0.5567010045051575
Gender: Male,94,0.630050539970398,0.6973683834075928,0.6799242496490479,0.6464020013809204,0.6491228342056274
Gender: Female,94,0.5087718963623047,0.359375,0.40977445244789124,0.3570929169654846,0.42500001192092896
Age: 50-65,94,0.5645298957824707,0.5904762148857117,0.5730769634246826,0.5408915877342224,0.5567010045051575
Race: White,94,0.3900928497314453,0.4434121549129486,0.448142409324646,0.39428573846817017,0.3962264060974121
Race: Other,94,0.770053505897522,0.7662338018417358,0.7192513942718506,0.7214285731315613,0.7435897588729858
Overall,95,0.6090909242630005,0.5790042877197266,0.5663636326789856,0.5398601293563843,0.5531914830207825
Gender: Male,95,0.721666693687439,0.7025861740112305,0.6958333253860474,0.6918238997459412,0.6938775181770325
Gender: Female,95,0.628000020980835,0.39020270109176636,0.4350000023841858,0.35406699776649475,0.4000000059604645
Age: 50-65,95,0.6090909242630005,0.5790042877197266,0.5663636326789856,0.5398601293563843,0.5531914830207825
Race: White,95,0.41477274894714355,0.3888888955116272,0.39772728085517883,0.3668965697288513,0.37037038803100586
Race: Other,95,0.9647058844566345,0.8863636255264282,0.8333333730697632,0.8358974456787109,0.84375
Overall,96,0.5748852491378784,0.5753781795501709,0.5602837204933167,0.5315080285072327,0.5510203838348389
Gender: Male,96,0.765804648399353,0.8157894611358643,0.7586206793785095,0.7280058860778809,0.7358490824699402
Gender: Female,96,0.3754940629005432,0.280303031206131,0.3280632495880127,0.2909663915634155,0.3333333432674408
Age: 50-65,96,0.5748852491378784,0.5753781795501709,0.5602837204933167,0.5315080285072327,0.5510203838348389
Race: White,96,0.4372670650482178,0.3847222328186035,0.3968943953514099,0.3572925925254822,0.36206895112991333
Race: Other,96,0.7749999761581421,0.8409091234207153,0.78125,0.7654054164886475,0.774193525314331
Overall,97,0.6696832180023193,0.6772487163543701,0.651583731174469,0.6153846383094788,0.6222222447395325
Gender: Male,97,0.7289562225341797,0.7678571343421936,0.7651515007019043,0.7549999952316284,0.7551020383834839
Gender: Female,97,0.7647058963775635,0.5476190447807312,0.5245097875595093,0.4217948913574219,0.46341460943222046
Age: 50-65,97,0.6696832180023193,0.6772487163543701,0.651583731174469,0.6153846383094788,0.6222222447395325
Race: White,97,0.5259259343147278,0.5441176891326904,0.5472222566604614,0.4697728157043457,0.4705882668495178
Race: Other,97,0.8444443941116333,0.8195651769638062,0.7722222208976746,0.7746341228485107,0.7878788113594055
Overall,98,0.49000000953674316,0.5625,0.5477272868156433,0.5097202062606812,0.5319148898124695
Gender: Male,98,0.5189732313156128,0.6000000238418579,0.5892857313156128,0.5833333730697632,0.6000000238418579
Gender: Female,98,0.6628787517547607,0.5583333373069763,0.5265151858329773,0.37728938460350037,0.4117647111415863
Age: 50-65,98,0.49000000953674316,0.5625,0.5477272868156433,0.5097202062606812,0.5319148898124695
Race: White,98,0.3583333492279053,0.4019607901573181,0.40833336114883423,0.3777599334716797,0.3799999952316284
Race: Other,98,0.6640211343765259,0.828125,0.6944444179534912,0.6762263774871826,0.7179487347602844
Overall,99,0.6507421135902405,0.6767677068710327,0.6461039185523987,0.6217703223228455,0.6344085931777954
Gender: Male,99,0.8183907866477966,0.788095235824585,0.7781609296798706,0.7773585319519043,0.7796609997749329
Gender: Female,99,0.5357142686843872,0.36021506786346436,0.4535714387893677,0.31014493107795715,0.38235294818878174
Age: 50-65,99,0.6507421135902405,0.6767677068710327,0.6461039185523987,0.6217703223228455,0.6344085931777954
Race: White,99,0.6299341917037964,0.5871710777282715,0.5871710777282715,0.5490196347236633,0.5490196347236633
Race: Other,99,0.7232142686843872,0.7823275923728943,0.694940447807312,0.6916666626930237,0.7297297716140747
Overall,100,0.5856255292892456,0.5950390100479126,0.5756433010101318,0.5484058260917664,0.5684210658073425
Gender: Male,100,0.680443525314331,0.7023809552192688,0.6799395084381104,0.6725571751594543,0.682539701461792
Gender: Female,100,0.5079364776611328,0.28518518805503845,0.3849206566810608,0.2873806953430176,0.34375
Age: 50-65,100,0.5856255292892456,0.5950390100479126,0.5756433010101318,0.5484058260917664,0.5684210658073425
Race: White,100,0.5304622054100037,0.4869281053543091,0.48949581384658813,0.45044320821762085,0.4677419066429138
Race: Other,100,0.7333333492279053,0.8333333730697632,0.800000011920929,0.8051948547363281,0.8148148059844971
Overall,101,0.6096230149269104,0.7185828685760498,0.6622023582458496,0.6259740591049194,0.644444465637207
Gender: Male,101,0.829326868057251,0.8065789937973022,0.7800480723381042,0.783850908279419,0.7931034564971924
Gender: Female,101,0.586363673210144,0.6666666865348816,0.5454545617103577,0.3333333432674408,0.375
Age: 50-65,101,0.6096230149269104,0.7185828685760498,0.6622023582458496,0.6259740591049194,0.644444465637207
Race: White,101,0.36105477809906006,0.5444444417953491,0.5324543714523315,0.4436381459236145,0.45652174949645996
Race: Other,101,0.9116161465644836,0.8928571343421936,0.8333333730697632,0.8400000333786011,0.8500000238418579
Overall,102,0.6188362836837769,0.6547619104385376,0.6121795177459717,0.5539776086807251,0.5714285969734192
Gender: Male,102,0.7626811265945435,0.7781955003738403,0.7681159377098083,0.7642499208450317,0.7659574151039124
Gender: Female,102,0.6026785373687744,0.4285714328289032,0.4866071343421936,0.29195401072502136,0.3636363744735718
Age: 50-65,102,0.6188362836837769,0.6547619104385376,0.6121795177459717,0.5539776086807251,0.5714285969734192
Race: White,102,0.44758063554763794,0.4888888895511627,0.4879032373428345,0.3328947424888611,0.3333333432674408
Race: Other,102,0.8311402797698975,0.7715053558349609,0.7214912176132202,0.7225806713104248,0.7441860437393188
Overall,103,0.44920000433921814,0.5162442922592163,0.5099999904632568,0.4579046368598938,0.5099999904632568
Gender: Male,103,0.6270588040351868,0.7424242496490479,0.6505882740020752,0.6402438879013062,0.694915235042572
Gender: Female,103,0.29500001668930054,0.19886364042758942,0.30125001072883606,0.21397650241851807,0.24390242993831635
Age: 50-65,103,0.44920000433921814,0.5162442922592163,0.5099999904632568,0.4579046368598938,0.5099999904632568
Race: White,103,0.3466666638851166,0.3603896200656891,0.3957575559616089,0.3382670283317566,0.36206895112991333
Race: Other,103,0.5625,0.8103448152542114,0.65625,0.6210739612579346,0.6764705777168274
Overall,104,0.6250613927841187,0.6029411554336548,0.5825552940368652,0.5230861902236938,0.532608687877655
Gender: Male,104,0.6937869787216187,0.6529412269592285,0.6346153616905212,0.6233320832252502,0.634615421295166
Gender: Female,104,0.7680250406265259,0.5800865888595581,0.5579937696456909,0.39393940567970276,0.4000000059604645
Age: 50-65,104,0.6250613927841187,0.6029411554336548,0.5825552940368652,0.5230861902236938,0.532608687877655
Race: White,104,0.6024844646453857,0.6176470518112183,0.6055900454521179,0.582456111907959,0.5882353186607361
Race: Other,104,0.7037036418914795,0.5898617506027222,0.5656566023826599,0.4145658314228058,0.42105263471603394
Overall,105,0.5957671999931335,0.6468254327774048,0.617460310459137,0.5007002949714661,0.5053763389587402
Gender: Male,105,0.6254180669784546,0.683080792427063,0.6616499423980713,0.5941345691680908,0.596774160861969
Gender: Female,105,0.738095223903656,0.625,0.5625,0.31111112236976624,0.32258063554763794
Age: 50-65,105,0.5957671999931335,0.6468254327774048,0.617460310459137,0.5007002949714661,0.5053763389587402
Race: White,105,0.5833333730697632,0.551948070526123,0.5490195751190186,0.4127659797668457,0.4130434989929199
Race: Other,105,0.6819922924041748,0.6607142686843872,0.6724138259887695,0.49965351819992065,0.5
Overall,106,0.48747044801712036,0.4928571581840515,0.49479907751083374,0.45507246255874634,0.489130437374115
Gender: Male,106,0.6266666650772095,0.6274510025978088,0.6083333492279053,0.5953933000564575,0.6122449040412903
Gender: Female,106,0.4108695685863495,0.2658730149269104,0.37173911929130554,0.28333333134651184,0.3488371968269348
Age: 50-65,106,0.48747044801712036,0.4928571581840515,0.49479907751083374,0.45507246255874634,0.489130437374115
Race: White,106,0.35754984617233276,0.360805869102478,0.3917378783226013,0.35757574439048767,0.3962264060974121
Race: Other,106,0.7368420958518982,0.7067307829856873,0.6508771777153015,0.6007226705551147,0.6176470518112183
Overall,107,0.6207547187805176,0.5257763862609863,0.5195754766464233,0.46602869033813477,0.4838709533214569
Gender: Male,107,0.763200044631958,0.6910016536712646,0.6800000071525574,0.6753246784210205,0.6800000071525574
Gender: Female,107,0.6309523582458496,0.14102564752101898,0.36666667461395264,0.20370370149612427,0.25581395626068115
Age: 50-65,107,0.6207547187805176,0.5257763862609863,0.5195754766464233,0.46602869033813477,0.4838709533214569
Race: White,107,0.47499996423721313,0.31607145071029663,0.3485294282436371,0.2874999940395355,0.29629629850387573
Race: Other,107,0.8392156362533569,0.8260869979858398,0.7647058963775635,0.7408907413482666,0.75
Overall,108,0.7462894916534424,0.7055109143257141,0.6660482287406921,0.6564039587974548,0.6774193644523621
Gender: Male,108,0.8695652484893799,0.8050974607467651,0.8050974607467651,0.8050974607467651,0.8076923489570618
Gender: Female,108,0.7047618627548218,0.5833333730697632,0.5226190686225891,0.41091954708099365,0.5121951103210449
Age: 50-65,108,0.7462894916534424,0.7055109143257141,0.6660482287406921,0.6564039587974548,0.6774193644523621
Race: White,108,0.5904761552810669,0.49660634994506836,0.49642857909202576,0.46395665407180786,0.4651162624359131
Race: Black,108,0.0,0.4375,0.5,0.46666666865348816,0.875
Race: Other,108,0.9142856597900391,0.8999999761581421,0.8214285373687744,0.8357487916946411,0.8529411554336548
Overall,109,0.6454780101776123,0.6284118890762329,0.6069767475128174,0.5868544578552246,0.6022727489471436
Gender: Male,109,0.7462121248245239,0.6920731663703918,0.6789772510528564,0.6719538569450378,0.6769230961799622
Gender: Female,109,0.5757575631141663,0.2142857164144516,0.40909090638160706,0.28125,0.3913043439388275
Age: 50-65,109,0.6454780101776123,0.6284118890762329,0.6069767475128174,0.5868544578552246,0.6022727489471436
Race: White,109,0.5,0.4732142984867096,0.4761905074119568,0.43047618865966797,0.43478262424468994
Race: Other,109,0.7566845417022705,0.7870370149612427,0.7486631274223328,0.7529908418655396,0.7692307829856873
Overall,110,0.6121454238891602,0.5935897827148438,0.5808954238891602,0.5650182962417603,0.5789473652839661
Gender: Male,110,0.8381818532943726,0.7784314155578613,0.7581818103790283,0.7589743733406067,0.7659574151039124
Gender: Female,110,0.5804196000099182,0.39230769872665405,0.4143356680870056,0.37381917238235474,0.3958333432674408
Age: 50-65,110,0.6121454238891602,0.5935897827148438,0.5808954238891602,0.5650182962417603,0.5789473652839661
Race: White,110,0.49885058403015137,0.47434210777282715,0.47758620977401733,0.4590357840061188,0.47457626461982727
Race: Other,110,0.8504273891448975,0.7545454502105713,0.7393162250518799,0.7084639668464661,0.7096773982048035
Overall,111,0.6179337501525879,0.6618828773498535,0.6374269127845764,0.575739860534668,0.5806451439857483
Gender: Male,111,0.7291666269302368,0.7338235378265381,0.7208333015441895,0.7020689249038696,0.7037037014961243
Gender: Female,111,0.5092592835426331,0.5833333134651184,0.5509259104728699,0.39595961570739746,0.41025641560554504
Age: 50-65,111,0.6179337501525879,0.6618828773498535,0.6374269127845764,0.575739860534668,0.5806451439857483
Race: White,111,0.4983333349227905,0.5270897746086121,0.5291666984558105,0.4356173276901245,0.4363636374473572
Race: Black,111,0.0,0.4583333432674408,0.5,0.47826087474823,0.9166666865348816
Race: Other,111,0.706250011920929,0.7941176891326904,0.78125,0.7303704023361206,0.7307692766189575
Overall,112,0.6027542352676392,0.5520421862602234,0.5418432354927063,0.45495662093162537,0.4615384638309479
Gender: Male,112,0.7536231875419617,0.6514936089515686,0.6403161883354187,0.6051281690597534,0.6071428656578064
Gender: Female,112,0.504273533821106,0.2760416865348816,0.40811967849731445,0.2052144706249237,0.22857142984867096
Age: 50-65,112,0.6027542352676392,0.5520421862602234,0.5418432354927063,0.45495662093162537,0.4615384638309479
Race: White,112,0.5087209343910217,0.48389357328414917,0.4832848906517029,0.3896551728248596,0.38983049988746643
Race: Other,112,0.8051282167434692,0.6608695983886719,0.5948718190193176,0.5333333611488342,0.5714285969734192
Overall,113,0.5690789222717285,0.5476190447807312,0.5375940203666687,0.47777777910232544,0.4893616735935211
Gender: Male,113,0.7457911968231201,0.679411768913269,0.6540403962135315,0.625,0.6326530575752258
Gender: Female,113,0.42456895112991333,0.375,0.41271552443504333,0.31680160760879517,0.3333333432674408
Age: 50-65,113,0.5690789222717285,0.5476190447807312,0.5375940203666687,0.47777777910232544,0.4893616735935211
Race: White,113,0.4712499976158142,0.40424078702926636,0.4125000238418579,0.34837090969085693,0.3500000238418579
Race: Other,113,0.7666666507720947,0.7777777910232544,0.7333333492279053,0.6753246784210205,0.6800000071525574
Overall,114,0.49215686321258545,0.4654654860496521,0.47294119000434875,0.44384413957595825,0.47524750232696533
Gender: Male,114,0.6386207342147827,0.7035647630691528,0.6496551632881165,0.6103895902633667,0.6296296119689941
Gender: Female,114,0.3351648449897766,0.23268398642539978,0.2738095223903656,0.24891041219234467,0.2978723347187042
Age: 50-65,114,0.49215686321258545,0.4654654860496521,0.47294119000434875,0.44384413957595825,0.47524750232696533
Race: White,114,0.3863636255264282,0.3214285671710968,0.32517483830451965,0.32275131344795227,0.3333333432674408
Race: Other,114,0.6140000224113464,0.7631579041481018,0.6399999856948853,0.5635775923728943,0.6000000238418579
Overall,115,0.680672287940979,0.6298668384552002,0.6183473467826843,0.597496747970581,0.602150559425354
Gender: Male,115,0.7942856550216675,0.7949999570846558,0.7949999570846558,0.7924528121948242,0.7924528121948242
Gender: Female,115,0.616368293762207,0.3246753215789795,0.3964194357395172,0.30666667222976685,0.3499999940395355
Age: 50-65,115,0.680672287940979,0.6298668384552002,0.6183473467826843,0.597496747970581,0.602150559425354
Race: White,115,0.5071770548820496,0.4436274468898773,0.4449760913848877,0.43768635392189026,0.4390243887901306
Race: Other,115,0.8312757015228271,0.800000011920929,0.7777777910232544,0.7321428656578064,0.7333333492279053
Overall,116,0.549635648727417,0.5722678899765015,0.556010901927948,0.47510823607444763,0.4845360815525055
Gender: Male,116,0.7557544708251953,0.7236841917037964,0.70652174949646,0.6650170087814331,0.6666666865348816
Gender: Female,116,0.40740740299224854,0.125,0.3461538553237915,0.18367347121238708,0.22500000894069672
Age: 50-65,116,0.549635648727417,0.5722678899765015,0.556010901927948,0.47510823607444763,0.4845360815525055
Race: White,116,0.44804316759109497,0.48206600546836853,0.48313093185424805,0.41309523582458496,0.41379308700561523
Race: Other,116,0.7576923370361328,0.7407407760620117,0.6499999761581421,0.5557692050933838,0.575757622718811
Overall,117,0.6498016119003296,0.692307710647583,0.6636905074119568,0.6040172576904297,0.6086956858634949
Gender: Male,117,0.6866071224212646,0.745410680770874,0.7267856597900391,0.689497709274292,0.6911764740943909
Gender: Female,117,0.6640625,0.5,0.5,0.34664246439933777,0.375
Age: 50-65,117,0.6498016119003296,0.692307710647583,0.6636905074119568,0.6040172576904297,0.6086956858634949
Race: White,117,0.5752381086349487,0.5714285969734192,0.5714285969734192,0.47999998927116394,0.47999998927116394
Race: Other,117,0.7698413133621216,0.8214285373687744,0.761904776096344,0.7350543737411499,0.7435897588729858
Overall,118,0.6736111044883728,0.665865421295166,0.636904776096344,0.6098929047584534,0.6222222447395325
Gender: Male,118,0.7763975262641907,0.80982905626297,0.8002070188522339,0.7944992184638977,0.7954545617103577
Gender: Female,118,0.7180953025817871,0.4736841917037964,0.48476189374923706,0.4093477129936218,0.45652174949645996
Age: 50-65,118,0.6736111044883728,0.665865421295166,0.636904776096344,0.6098929047584534,0.6222222447395325
Race: White,118,0.6055194735527039,0.5477941036224365,0.5422078371047974,0.5129870176315308,0.5199999809265137
Race: Other,118,0.8333333730697632,0.8333333730697632,0.7777777910232544,0.7571429014205933,0.7647058963775635
Overall,119,0.4799836277961731,0.5227679014205933,0.5208333730697632,0.5125196576118469,0.5252525210380554
Gender: Male,119,0.6659482717514038,0.6721968054771423,0.6621767282485962,0.6523745059967041,0.6557376384735107
Gender: Female,119,0.24147726595401764,0.2532051205635071,0.28125,0.2648809552192688,0.31578946113586426
Age: 50-65,119,0.4799836277961731,0.5227679014205933,0.5208333730697632,0.5125196576118469,0.5252525210380554
Race: White,119,0.38205647468566895,0.4105263352394104,0.41431450843811035,0.40732264518737793,0.4126984477043152
Race: Other,119,0.8025209903717041,0.7571429014205933,0.7268908023834229,0.7280701994895935,0.7419354915618896
Overall,120,0.5519230365753174,0.5040241479873657,0.5028846263885498,0.4436628520488739,0.46739131212234497
Gender: Male,120,0.5928571224212646,0.5918221473693848,0.5761904716491699,0.5528831481933594,0.568965494632721
Gender: Female,120,0.6098484992980957,0.2750000059604645,0.39772728085517883,0.2527472674846649,0.29411765933036804
Age: 50-65,120,0.5519230365753174,0.5040241479873657,0.5028846263885498,0.4436628520488739,0.46739131212234497
Race: White,120,0.34765625,0.3333333134651184,0.359375,0.28671330213546753,0.2916666865348816
Race: Other,120,0.7523809671401978,0.6857638955116272,0.6273809671401978,0.5998698472976685,0.6341463327407837
Overall,121,0.418967604637146,0.45115751028060913,0.46538615226745605,0.42084944248199463,0.4599999785423279
Gender: Male,121,0.6289682388305664,0.6972222328186035,0.6408730149269104,0.640625,0.695652186870575
Gender: Female,121,0.31457436084747314,0.24953097105026245,0.30735933780670166,0.24263674020767212,0.25925925374031067
Age: 50-65,121,0.418967604637146,0.45115751028060913,0.46538615226745605,0.42084944248199463,0.4599999785423279
Race: White,121,0.3199999928474426,0.3078947365283966,0.32823529839515686,0.2978229522705078,0.3050847351551056
Race: Black,121,0.0,0.44999998807907104,0.5,0.4736842215061188,0.9000000357627869
Race: Other,121,0.5791666507720947,0.7777777910232544,0.625,0.5571428537368774,0.6129032373428345
Overall,122,0.49724310636520386,0.5529412031173706,0.5338345766067505,0.43488943576812744,0.45652174949645996
Gender: Male,122,0.591614842414856,0.6631274223327637,0.6312111616134644,0.5952380895614624,0.6078431606292725
Gender: Female,122,0.4482758641242981,0.2982456088066101,0.43390804529190063,0.23125000298023224,0.2682926654815674
Age: 50-65,122,0.49724310636520386,0.5529412031173706,0.5338345766067505,0.43488943576812744,0.45652174949645996
Race: White,122,0.34259259700775146,0.4087301790714264,0.43611112236976624,0.3040935695171356,0.3137255012989044
Race: Other,122,0.7029411792755127,0.7133620977401733,0.645588219165802,0.5978261232376099,0.6216216087341309
Overall,123,0.5672969818115234,0.5346153974533081,0.5325361490249634,0.4499516487121582,0.450549453496933
Gender: Male,123,0.75,0.667711615562439,0.6759868860244751,0.6458333730697632,0.6470588445663452
Gender: Female,123,0.44333332777023315,0.2222222238779068,0.36666667461395264,0.1815856695175171,0.20000000298023224
Age: 50-65,123,0.5672969818115234,0.5346153974533081,0.5325361490249634,0.4499516487121582,0.450549453496933
Race: White,123,0.4404069781303406,0.41531163454055786,0.4091569781303406,0.33822259306907654,0.33898305892944336
Race: Other,123,0.856249988079071,0.7777777910232544,0.75,0.6904761791229248,0.692307710647583
Overall,124,0.6423255801200867,0.6049689650535583,0.5786046385765076,0.5377621650695801,0.5591397881507874
Gender: Male,124,0.8014285564422607,0.7317460775375366,0.7085714340209961,0.7065337896347046,0.7169811725616455
Gender: Female,124,0.6826666593551636,0.37142857909202576,0.4399999976158142,0.30666667222976685,0.3499999940395355
Age: 50-65,124,0.6423255801200867,0.6049689650535583,0.5786046385765076,0.5377621650695801,0.5591397881507874
Race: White,124,0.5465768575668335,0.5333333611488342,0.5252525210380554,0.4791666567325592,0.5
Race: Other,124,0.8624999523162842,0.741847813129425,0.6854166984558105,0.6600877046585083,0.6774193048477173
Overall,125,0.566362738609314,0.5922266244888306,0.5709220170974731,0.5516678094863892,0.584269642829895
Gender: Male,125,0.6814814805984497,0.7546218633651733,0.7244444489479065,0.7204301357269287,0.7307692766189575
Gender: Female,125,0.5235294103622437,0.22580644488334656,0.3499999940395355,0.27450981736183167,0.37837839126586914
Age: 50-65,125,0.566362738609314,0.5922266244888306,0.5709220170974731,0.5516678094863892,0.584269642829895
Race: White,125,0.3828125,0.3829268217086792,0.40625,0.35842880606651306,0.3750000298023224
Race: Other,125,0.9567900896072388,0.9736841917037964,0.9444444179534912,0.957074761390686,0.9629629850387573
Overall,126,0.5822222232818604,0.6552795171737671,0.625,0.5173961520195007,0.5222222208976746
Gender: Male,126,0.7511520385742188,0.746874988079071,0.7427035570144653,0.7114317417144775,0.7115384936332703
Gender: Female,126,0.563218355178833,0.6216216087341309,0.517241358757019,0.2289855033159256,0.2631579041481018
Age: 50-65,126,0.5822222232818604,0.6552795171737671,0.625,0.5173961520195007,0.5222222208976746
Race: White,126,0.4677419364452362,0.5946428775787354,0.5712365508079529,0.41352975368499756,0.41860464215278625
Race: Black,126,0.0,0.3499999940395355,0.5,0.4117647111415863,0.699999988079071
Race: Other,126,0.7272727489471436,0.6698718070983887,0.6853147149085999,0.593406617641449,0.5945945978164673
Overall,127,0.46341460943222046,0.47873973846435547,0.48053470253944397,0.4572829306125641,0.46236559748649597
Gender: Male,127,0.6309523582458496,0.6452568769454956,0.6458333730697632,0.6442687511444092,0.644444465637207
Gender: Female,127,0.47857141494750977,0.25789472460746765,0.33571431040763855,0.25952813029289246,0.2916666865348816
Age: 50-65,127,0.46341460943222046,0.47873973846435547,0.48053470253944397,0.4572829306125641,0.46236559748649597
Race: White,127,0.30512821674346924,0.3353808522224426,0.3282051384449005,0.30428528785705566,0.3050847351551056
Race: Other,127,0.692307710647583,0.699999988079071,0.6809954643249512,0.6827262043952942,0.7000000476837158
Overall,128,0.6333333253860474,0.5986301302909851,0.5727272629737854,0.4735848903656006,0.4838709533214569
Gender: Male,128,0.7664473652839661,0.7352941036224365,0.7236841917037964,0.6661532521247864,0.6666666865348816
Gender: Female,128,0.6198979616165161,0.14102564752101898,0.3928571343421936,0.2075471729040146,0.261904776096344
Age: 50-65,128,0.6333333253860474,0.5986301302909851,0.5727272629737854,0.4735848903656006,0.4838709533214569
Race: White,128,0.4663865566253662,0.43157896399497986,0.4453781545162201,0.32867133617401123,0.3333333432674408
Race: Other,128,0.9014492630958557,0.7678571343421936,0.717391312122345,0.6518675088882446,0.6578947305679321
Overall,129,0.574303388595581,0.5791535973548889,0.5781733989715576,0.5384057760238647,0.5384615659713745
Gender: Male,129,0.7142857313156128,0.7001424431800842,0.7090773582458496,0.6954022645950317,0.698113203048706
Gender: Female,129,0.4092307686805725,0.35944700241088867,0.4061538577079773,0.29829543828964233,0.31578946113586426
Age: 50-65,129,0.574303388595581,0.5791535973548889,0.5781733989715576,0.5384057760238647,0.5384615659713745
Race: White,129,0.41410255432128906,0.45712560415267944,0.4544872045516968,0.42223501205444336,0.4237288236618042
Race: Other,129,0.875,0.8125,0.8125,0.7692307829856873,0.7692307829856873
Overall,130,0.5493310689926147,0.5761904716491699,0.5702341198921204,0.555625855922699,0.5612244606018066
Gender: Male,130,0.6978021860122681,0.7144886255264282,0.7074176073074341,0.7020689249038696,0.7037037014961243
Gender: Female,130,0.42500001192092896,0.38585609197616577,0.40416666865348816,0.37042924761772156,0.3863636553287506
Age: 50-65,130,0.5493310689926147,0.5761904716491699,0.5702341198921204,0.555625855922699,0.5612244606018066
Race: White,130,0.45679014921188354,0.4861111044883728,0.4861111044883728,0.4761904776096344,0.4761905074119568
Race: Other,130,0.7757575511932373,0.7152777910232544,0.6878787875175476,0.6491754055023193,0.6538462042808533
Overall,131,0.6200957298278809,0.5967279076576233,0.5806220173835754,0.5298060178756714,0.5376344323158264
Gender: Male,131,0.6283870935440063,0.678520679473877,0.6619354486465454,0.6387096643447876,0.6428571939468384
Gender: Female,131,0.7211538553237915,0.4523809552192688,0.4679487347602844,0.3615903854370117,0.37837839126586914
Age: 50-65,131,0.6200957298278809,0.5967279076576233,0.5806220173835754,0.5298060178756714,0.5376344323158264
Race: White,131,0.5418275594711304,0.5208333730697632,0.5193049907684326,0.4640834629535675,0.4655172526836395
Race: Other,131,0.7863247394561768,0.698369562625885,0.6559829115867615,0.6025640964508057,0.6129032373428345
Overall,132,0.5839243531227112,0.5207977294921875,0.5172576904296875,0.4980158805847168,0.52173912525177
Gender: Male,132,0.6904348134994507,0.6499999761581421,0.6408695578575134,0.6381374597549438,0.6458333730697632
Gender: Female,132,0.5723140239715576,0.3253968358039856,0.3863636255264282,0.3276740312576294,0.3863636553287506
Age: 50-65,132,0.5839243531227112,0.5207977294921875,0.5172576904296875,0.4980158805847168,0.52173912525177
Race: White,132,0.4760914444923401,0.3958333432674408,0.3986486494541168,0.38032788038253784,0.3809524178504944
Race: Other,132,0.8235293626785278,0.8863636255264282,0.6875,0.7086247205734253,0.7999999523162842
Overall,133,0.6211967468261719,0.6090686321258545,0.5902636647224426,0.5160210728645325,0.52173912525177
Gender: Male,133,0.7128571271896362,0.6973683834075928,0.6928571462631226,0.6362433433532715,0.6363636255264282
Gender: Female,133,0.6459627151489258,0.37187498807907104,0.43633538484573364,0.3105590045452118,0.3513513505458832
Age: 50-65,133,0.6211967468261719,0.6090686321258545,0.5902636647224426,0.5160210728645325,0.52173912525177
Race: White,133,0.5542857050895691,0.4862637519836426,0.4892857074737549,0.40860214829444885,0.41818180680274963
Race: Other,133,0.7012986540794373,0.7799999713897705,0.75,0.692307710647583,0.694444477558136
Overall,134,0.6379214525222778,0.6031294465065002,0.6202321648597717,0.5480769276618958,0.5531914830207825
Gender: Male,134,0.7592592239379883,0.6950604915618896,0.7388888597488403,0.6827458143234253,0.6984127163887024
Gender: Female,134,0.6212121248245239,0.3153846263885498,0.3787878751754761,0.24550265073776245,0.25806450843811035
Age: 50-65,134,0.6379214525222778,0.6031294465065002,0.6202321648597717,0.5480769276618958,0.5531914830207825
Race: White,134,0.6114130616188049,0.5645502805709839,0.582880437374115,0.5170561671257019,0.5322580337524414
Race: Other,134,0.7302631735801697,0.6558823585510254,0.6743420958518982,0.5903447866439819,0.5925925970077515
Overall,135,0.6414676904678345,0.6514630317687988,0.5778072476387024,0.46994537115097046,0.5051546096801758
Gender: Male,135,0.6550925970077515,0.734929084777832,0.6533564925193787,0.6013513803482056,0.6271186470985413
Gender: Female,135,0.7147436141967773,0.4027777910232544,0.47756412625312805,0.2648809552192688,0.31578946113586426
Age: 50-65,135,0.6414676904678345,0.6514630317687988,0.5778072476387024,0.46994537115097046,0.5051546096801758
Race: White,135,0.6171427965164185,0.5474255084991455,0.5333333611488342,0.39123374223709106,0.3999999761581421
Race: Other,135,0.7415459156036377,0.75,0.6086956262588501,0.511904776096344,0.5609756112098694
Overall,136,0.551960825920105,0.6069254279136658,0.5688725709915161,0.5444938540458679,0.6043956279754639
Gender: Male,136,0.6473684310913086,0.7072649598121643,0.6701754331588745,0.6751893758773804,0.714285671710968
Gender: Female,136,0.523809552192688,0.44324326515197754,0.4761904776096344,0.3872678875923157,0.4761904776096344
Age: 50-65,136,0.551960825920105,0.6069254279136658,0.5688725709915161,0.5444938540458679,0.6043956279754639
Race: White,136,0.49275362491607666,0.4565756916999817,0.4637681245803833,0.43589746952056885,0.4545454680919647
Race: Black,136,0.0,0.4545454680919647,0.5,0.4761904776096344,0.9090909361839294
Race: Other,136,0.6499999761581421,0.8225806355476379,0.65625,0.6302521228790283,0.694444477558136
Overall,137,0.6062270402908325,0.5892857313156128,0.5755494236946106,0.543055534362793,0.5531914830207825
Gender: Male,137,0.687179446220398,0.6875,0.6846153736114502,0.6781609058380127,0.6785714626312256
Gender: Female,137,0.5710227489471436,0.31617647409439087,0.42897728085517883,0.29846152663230896,0.3684210479259491
Age: 50-65,137,0.6062270402908325,0.5892857313156128,0.5755494236946106,0.543055534362793,0.5531914830207825
Race: White,137,0.515625,0.5053476095199585,0.5052083730697632,0.4597839117050171,0.4599999785423279
Race: Black,137,0.0,0.4000000059604645,0.5,0.4444444477558136,0.800000011920929
Race: Other,137,0.7395833730697632,0.6462450623512268,0.6284722089767456,0.6091954112052917,0.6176470518112183
Overall,138,0.6560386419296265,0.6653846502304077,0.6350241303443909,0.618956983089447,0.6373626589775085
Gender: Male,138,0.9384920597076416,0.9057692289352417,0.91865074634552,0.9103313684463501,0.9130434989929199
Gender: Female,138,0.5576131939888,0.3461538553237915,0.42592594027519226,0.3062201142311096,0.35555556416511536
Age: 50-65,138,0.6560386419296265,0.6653846502304077,0.6350241303443909,0.618956983089447,0.6373626589775085
Race: White,138,0.5600000023841858,0.5174216032028198,0.5133333206176758,0.469696968793869,0.49090906977653503
Race: Other,138,0.8361344337463379,0.8793859481811523,0.8634454011917114,0.8675214052200317,0.8709677457809448
Overall,139,0.5786314606666565,0.567460298538208,0.5544217824935913,0.5292394757270813,0.550000011920929
Gender: Male,139,0.72191321849823,0.7658730149269104,0.7235817909240723,0.7068122625350952,0.7166666984558105
Gender: Female,139,0.3449999690055847,0.23333333432674408,0.30000001192092896,0.25333333015441895,0.30000001192092896
Age: 50-65,139,0.5786314606666565,0.567460298538208,0.5544217824935913,0.5292394757270813,0.550000011920929
Race: White,139,0.43355119228363037,0.37638890743255615,0.40305009484291077,0.3561111092567444,0.37704914808273315
Race: Other,139,0.7585139274597168,0.8333333730697632,0.7972136735916138,0.797914981842041,0.8055555820465088
Overall,140,0.5395745038986206,0.5571895837783813,0.5521276593208313,0.5443024039268494,0.5567010045051575
Gender: Male,140,0.7724138498306274,0.7208333015441895,0.7193103432655334,0.7198201417922974,0.7222222089767456
Gender: Female,140,0.350649356842041,0.2969697117805481,0.35497838258743286,0.30324074625968933,0.3488371968269348
Age: 50-65,140,0.5395745038986206,0.5571895837783813,0.5521276593208313,0.5443024039268494,0.5567010045051575
Race: White,140,0.45272523164749146,0.4791666865348816,0.47997772693634033,0.47620391845703125,0.4833333492279053
Race: Other,140,0.7190476059913635,0.7157894372940063,0.6952381134033203,0.6836363673210144,0.6896551847457886
Overall,141,0.4780219793319702,0.4922619163990021,0.494047611951828,0.44783833622932434,0.46808508038520813
Gender: Male,141,0.6988636255264282,0.6892473101615906,0.6666666269302368,0.6609336733818054,0.6739130616188049
Gender: Female,141,0.4185185432434082,0.252136766910553,0.33888888359069824,0.24426449835300446,0.2708333432674408
Age: 50-65,141,0.4780219793319702,0.4922619163990021,0.494047611951828,0.44783833622932434,0.46808508038520813
Race: White,141,0.3638709783554077,0.37865495681762695,0.392903208732605,0.3650793731212616,0.3750000298023224
Race: Other,141,0.6833333373069763,0.7586206793785095,0.6499999761581421,0.5716783404350281,0.6000000238418579
Overall,142,0.3927648663520813,0.47901004552841187,0.48557278513908386,0.4239776134490967,0.4536082446575165
Gender: Male,142,0.5017544031143188,0.6333333253860474,0.5912280678749084,0.5837081670761108,0.6530612111091614
Gender: Female,142,0.3670329451560974,0.32186734676361084,0.34065935015678406,0.24869564175605774,0.25
Age: 50-65,142,0.3927648663520813,0.47901004552841187,0.48557278513908386,0.4239776134490967,0.4536082446575165
Race: White,142,0.38978493213653564,0.457317054271698,0.4670698642730713,0.41709405183792114,0.4363636374473572
Race: Other,142,0.461309552192688,0.5023809671401978,0.5014880895614624,0.42546582221984863,0.45945948362350464
Overall,143,0.4923076927661896,0.5209677219390869,0.5230769515037537,0.44888564944267273,0.450549453496933
Gender: Male,143,0.6792114973068237,0.6708333492279053,0.6836917400360107,0.6666666865348816,0.6734693646430969
Gender: Female,143,0.45588237047195435,0.3194444477558136,0.35661765933036804,0.18863636255264282,0.190476194024086
Age: 50-65,143,0.4923076927661896,0.5209677219390869,0.5230769515037537,0.44888564944267273,0.450549453496933
Race: White,143,0.5384615659713745,0.4789402186870575,0.47161173820495605,0.41709405183792114,0.4363636374473572
Race: Other,143,0.4199134111404419,0.5625,0.551948070526123,0.4640394449234009,0.46875
Overall,144,0.6304675340652466,0.615384578704834,0.5965309143066406,0.5574328899383545,0.5666666626930237
Gender: Male,144,0.6469534039497375,0.6413043737411499,0.6514337062835693,0.6287878751754761,0.6326530575752258
Gender: Female,144,0.5309523344039917,0.4166666865348816,0.4773809611797333,0.3655121624469757,0.4878048598766327
Age: 50-65,144,0.6304675340652466,0.615384578704834,0.5965309143066406,0.5574328899383545,0.5666666626930237
Race: White,144,0.44290122389793396,0.4583333134651184,0.4583333134651184,0.40740740299224854,0.40740740299224854
Race: Other,144,0.8481481075286865,0.8600000143051147,0.7666666507720947,0.7664307355880737,0.7878788113594055
Overall,145,0.5742424726486206,0.5573814511299133,0.553787887096405,0.4936870038509369,0.49462366104125977
Gender: Male,145,0.774193525314331,0.7345454692840576,0.7600806355476379,0.7188218832015991,0.7234042286872864
Gender: Female,145,0.4198783040046692,0.21245422959327698,0.34077081084251404,0.22420634329319,0.260869562625885
Age: 50-65,145,0.5742424726486206,0.5573814511299133,0.553787887096405,0.4936870038509369,0.49462366104125977
Race: White,145,0.5619195103645325,0.4535256624221802,0.4551083743572235,0.38161373138427734,0.38181817531585693
Race: Other,145,0.736842155456543,0.6877828240394592,0.6985645890235901,0.6651785373687744,0.6666666865348816
Overall,146,0.5214285850524902,0.5654377937316895,0.5563492178916931,0.5255372524261475,0.5346534848213196
Gender: Male,146,0.705050528049469,0.7278708219528198,0.6924242377281189,0.6725571751594543,0.682539701461792
Gender: Female,146,0.35652172565460205,0.30128204822540283,0.32028985023498535,0.2850174307823181,0.28947368264198303
Age: 50-65,146,0.5214285850524902,0.5654377937316895,0.5563492178916931,0.5255372524261475,0.5346534848213196
Race: White,146,0.4901185631752014,0.4947916567325592,0.4947299063205719,0.4819776713848114,0.4821428656578064
Race: Other,146,0.5169081687927246,0.6785714626312256,0.6026569604873657,0.5269230604171753,0.5609756112098694
Overall,147,0.5432558059692383,0.6198412775993347,0.6053488254547119,0.5832546949386597,0.5913978219032288
Gender: Male,147,0.6117085218429565,0.7275985479354858,0.7275985479354858,0.7241379022598267,0.7241379022598267
Gender: Female,147,0.4736841917037964,0.203125,0.40625,0.2708333432674408,0.37142857909202576
Age: 50-65,147,0.5432558059692383,0.6198412775993347,0.6053488254547119,0.5832546949386597,0.5913978219032288
Race: White,147,0.4909090995788574,0.559374988079071,0.5575757622718811,0.5377777814865112,0.5384615659713745
Race: Other,147,0.528124988079071,0.6692308187484741,0.637499988079071,0.6000000238418579,0.6111111044883728
Overall,148,0.4096852242946625,0.45520833134651184,0.45835351943969727,0.4132334589958191,0.41489359736442566
Gender: Male,148,0.43801653385162354,0.5539215803146362,0.5530303120613098,0.5271164178848267,0.5272727012634277
Gender: Female,148,0.43491125106811523,0.28333333134651184,0.32692310214042664,0.24850499629974365,0.25641027092933655
Age: 50-65,148,0.4096852242946625,0.45520833134651184,0.45835351943969727,0.4132334589958191,0.41489359736442566
Race: White,148,0.3102453052997589,0.2916666865348816,0.30519479513168335,0.2755417823791504,0.2777777910232544
Race: Other,148,0.6121795177459717,0.6698718070983887,0.6698718070983887,0.5789473652839661,0.5789473652839661
Overall,149,0.5283018350601196,0.5136554837226868,0.5114085078239441,0.47681015729904175,0.4895833432674408
Gender: Male,149,0.7338461875915527,0.6904761791229248,0.6846153736114502,0.6832298040390015,0.686274528503418
Gender: Female,149,0.3760504126548767,0.2161654233932495,0.3413865566253662,0.22857142984867096,0.2666666805744171
Age: 50-65,149,0.5283018350601196,0.5136554837226868,0.5114085078239441,0.47681015729904175,0.4895833432674408
Race: White,149,0.3166666626930237,0.3805147111415863,0.3916666805744171,0.3558776080608368,0.35999998450279236
Race: Other,149,0.710997462272644,0.625,0.6074168682098389,0.5682539939880371,0.574999988079071
Overall,150,0.5381817817687988,0.5535714626312256,0.5450000166893005,0.5179487466812134,0.5319148898124695
Gender: Male,150,0.717391312122345,0.7547348737716675,0.7249163389205933,0.7231638431549072,0.7346938848495483
Gender: Female,150,0.3786008059978485,0.3181818127632141,0.3518518805503845,0.2986425459384918,0.31111112236976624
Age: 50-65,150,0.5381817817687988,0.5535714626312256,0.5450000166893005,0.5179487466812134,0.5319148898124695
Race: White,150,0.4675324559211731,0.44415587186813354,0.44415587186813354,0.42105263471603394,0.42105263471603394
Race: Other,150,0.5523809194564819,0.6992753744125366,0.6309523582458496,0.5894466042518616,0.6206896305084229
Overall,151,0.46785715222358704,0.484375,0.48571425676345825,0.45454543828964233,0.4583333432674408
Gender: Male,151,0.7211538553237915,0.6875,0.6947115659713745,0.6659090518951416,0.6666666865348816
Gender: Female,151,0.30416667461395264,0.2696428596973419,0.32083335518836975,0.2713068127632141,0.29629629850387573
Age: 50-65,151,0.46785715222358704,0.484375,0.48571425676345825,0.45454543828964233,0.4583333432674408
Race: White,151,0.331428587436676,0.37714284658432007,0.37714284658432007,0.36666667461395264,0.36666667461395264
Race: Other,151,0.7222222089767456,0.7045454382896423,0.675000011920929,0.5495818257331848,0.5517241358757019
Overall,152,0.5368945598602295,0.5649530291557312,0.5531914830207825,0.5320056676864624,0.5531914830207825
Gender: Male,152,0.6600790619850159,0.7216386795043945,0.7084980010986328,0.7058823704719543,0.7111111283302307
Gender: Female,152,0.4633333683013916,0.3679487109184265,0.414166659116745,0.35555556416511536,0.40816324949264526
Age: 50-65,152,0.5368945598602295,0.5649530291557312,0.5531914830207825,0.5320056676864624,0.5531914830207825
Race: White,152,0.42241382598876953,0.45299145579338074,0.4593595862388611,0.4388694763183594,0.45614033937454224
Race: Other,152,0.8125,0.7444444894790649,0.7115384340286255,0.6836363673210144,0.6896551847457886
Overall,153,0.59183669090271,0.5536492466926575,0.543700098991394,0.5175438523292542,0.5368421077728271
Gender: Male,153,0.6521738767623901,0.6791666746139526,0.6557971239089966,0.6466165781021118,0.6595744490623474
Gender: Female,153,0.6171329021453857,0.4166666567325592,0.43706294894218445,0.3901996314525604,0.4166666865348816
Age: 50-65,153,0.59183669090271,0.5536492466926575,0.543700098991394,0.5175438523292542,0.5368421077728271
Race: White,153,0.46163684129714966,0.40789473056793213,0.41496163606643677,0.3829260766506195,0.38596493005752563
Race: Other,153,0.8035714626312256,0.7784091234207153,0.71875,0.7129186391830444,0.7333333492279053
Overall,154,0.5924444198608398,0.6875901818275452,0.6155555844306946,0.5844269394874573,0.6315789818763733
Gender: Male,154,0.7545044422149658,0.7726098299026489,0.7376126050949097,0.7458333373069763,0.7704917788505554
Gender: Female,154,0.44322341680526733,0.19117647409439087,0.5,0.27659574151039124,0.38235294818878174
Age: 50-65,154,0.5924444198608398,0.6875901818275452,0.6155555844306946,0.5844269394874573,0.6315789818763733
Race: White,154,0.5260869264602661,0.47972971200942993,0.490217387676239,0.4016938805580139,0.4651162624359131
Race: Black,154,0.0,1.0,1.0,1.0,1.0
Race: Other,154,0.6757575273513794,0.7383333444595337,0.7166666984558105,0.6735293865203857,0.6756756901741028
Overall,155,0.6345454454421997,0.5970262289047241,0.5874999761581421,0.5538908839225769,0.557894766330719
Gender: Male,155,0.7605458498001099,0.7603896260261536,0.7487592697143555,0.7355397343635559,0.7368420958518982
Gender: Female,155,0.4613095223903656,0.3045977056026459,0.3482142984867096,0.27695560455322266,0.28947368264198303
Age: 50-65,155,0.6345454454421997,0.5970262289047241,0.5874999761581421,0.5538908839225769,0.557894766330719
Race: White,155,0.5328185558319092,0.4889705777168274,0.48841699957847595,0.4640834629535675,0.4655172526836395
Race: Other,155,0.8229166269302368,0.7857142686843872,0.71875,0.6679841876029968,0.6785714626312256
Overall,156,0.5686274766921997,0.5449561476707458,0.5301470756530762,0.4660714268684387,0.49450549483299255
Gender: Male,156,0.7435897588729858,0.7424242496490479,0.6758241653442383,0.6683467626571655,0.7021276354789734
Gender: Female,156,0.5833333134651184,0.3125,0.37142857909202576,0.25894737243652344,0.27272728085517883
Age: 50-65,156,0.5686274766921997,0.5449561476707458,0.5301470756530762,0.4660714268684387,0.49450549483299255
Race: White,156,0.43188852071762085,0.3807692527770996,0.40402474999427795,0.331049382686615,0.3396226465702057
Race: Other,156,0.8015873432159424,0.8461538553237915,0.7142857313156128,0.7090909481048584,0.75
Overall,157,0.46252208948135376,0.5225564241409302,0.5145502686500549,0.48341885209083557,0.5520833730697632
Gender: Male,157,0.6112054586410522,0.6885964870452881,0.646010160446167,0.6493688821792603,0.699999988079071
Gender: Female,157,0.46313798427581787,0.2893773019313812,0.3913043439388275,0.3075268864631653,0.3913043439388275
Age: 50-65,157,0.46252208948135376,0.5225564241409302,0.5145502686500549,0.48341885209083557,0.5520833730697632
Race: White,157,0.4246795177459717,0.37719297409057617,0.41025641560554504,0.36332768201828003,0.3999999761581421
Race: Other,157,0.6363636255264282,0.6904761791229248,0.6212121248245239,0.6118881106376648,0.6756756901741028
Overall,158,0.6076604127883911,0.5930521488189697,0.5776397585868835,0.553418755531311,0.5681818127632141
Gender: Male,158,0.6844444870948792,0.7035330533981323,0.6962963342666626,0.6904761791229248,0.692307710647583
Gender: Female,158,0.5975232124328613,0.3096774220466614,0.40866872668266296,0.3125,0.3888888955116272
Age: 50-65,158,0.6076604127883911,0.5930521488189697,0.5776397585868835,0.553418755531311,0.5681818127632141
Race: White,158,0.5916289687156677,0.5036630034446716,0.5033936500549316,0.4797202944755554,0.4833333492279053
Race: Other,158,0.5537189841270447,0.8235294222831726,0.7272727489471436,0.7053571343421936,0.7272727489471436
Overall,159,0.5134199261665344,0.5238806009292603,0.5207792520523071,0.48699408769607544,0.49484533071517944
Gender: Male,159,0.7619047164916992,0.7198758125305176,0.7107143402099609,0.7047020196914673,0.7068965435028076
Gender: Female,159,0.30571430921554565,0.109375,0.25,0.15217390656471252,0.1794871836900711
Age: 50-65,159,0.5134199261665344,0.5238806009292603,0.5207792520523071,0.48699408769607544,0.49484533071517944
Race: White,159,0.36486488580703735,0.34155845642089844,0.3351351320743561,0.3149460554122925,0.31578946113586426
Race: Other,159,0.7536764144897461,0.8400000333786011,0.75,0.7380952835083008,0.7575757503509521
Overall,160,0.5946180820465088,0.5617601871490479,0.5520833134651184,0.5338227152824402,0.5520833730697632
Gender: Male,160,0.7145061492919922,0.8243243098258972,0.7592592239379883,0.7349060773849487,0.7450980544090271
Gender: Female,160,0.454365074634552,0.30000001192092896,0.3214285671710968,0.3055555522441864,0.3333333432674408
Age: 50-65,160,0.5946180820465088,0.5617601871490479,0.5520833134651184,0.5338227152824402,0.5520833730697632
Race: White,160,0.5051020383834839,0.4625668525695801,0.4642857313156128,0.4580644965171814,0.4642857313156128
Race: Other,160,0.7428570985794067,0.7592592239379883,0.675000011920929,0.6007226705551147,0.6176470518112183
Overall,161,0.6144522428512573,0.635157585144043,0.6139860153198242,0.5674183368682861,0.5744680762290955
Gender: Male,161,0.6487092971801758,0.7117224931716919,0.6986532211303711,0.6811188459396362,0.6833333969116211
Gender: Female,161,0.6590908765792847,0.4724138081073761,0.4848484694957733,0.35501354932785034,0.38235294818878174
Age: 50-65,161,0.6144522428512573,0.635157585144043,0.6139860153198242,0.5674183368682861,0.5744680762290955
Race: White,161,0.4233766198158264,0.4682539701461792,0.4584415555000305,0.399129182100296,0.4130434989929199
Race: Other,161,0.8157894611358643,0.7611111402511597,0.6855263113975525,0.6657142639160156,0.692307710647583
Overall,162,0.6649659872055054,0.6212121248245239,0.5833333134651184,0.51871657371521,0.5408163070678711
Gender: Male,162,0.7356321811676025,0.761689305305481,0.7215836048126221,0.7048748731613159,0.7142857313156128
Gender: Female,162,0.6370370388031006,0.28289473056793213,0.4185185134410858,0.25867316126823425,0.3095238208770752
Age: 50-65,162,0.6649659872055054,0.6212121248245239,0.5833333134651184,0.51871657371521,0.5408163070678711
Race: White,162,0.5913978219032288,0.42874395847320557,0.4603494703769684,0.37142857909202576,0.41818180680274963
Race: Other,162,0.8159722089767456,0.75,0.75,0.6666666865348816,0.6666666865348816
Overall,163,0.5735009908676147,0.5394736528396606,0.5261121988296509,0.477011501789093,0.5164835453033447
Gender: Male,163,0.7096774578094482,0.655681848526001,0.6104838848114014,0.6060881614685059,0.6666666865348816
Gender: Female,163,0.5754985809326172,0.390625,0.42022794485092163,0.3142857253551483,0.32500001788139343
Age: 50-65,163,0.5735009908676147,0.5394736528396606,0.5261121988296509,0.477011501789093,0.5164835453033447
Race: White,163,0.555673360824585,0.45571428537368774,0.46712619066238403,0.3783312439918518,0.390625
Race: Other,163,0.656862735748291,0.7166666984558105,0.6911764740943909,0.701298713684082,0.782608687877655
Overall,164,0.4792521595954895,0.49143144488334656,0.4922480583190918,0.47148597240448,0.4787233769893646
Gender: Male,164,0.6651852130889893,0.6536731719970703,0.6518518924713135,0.6517857313156128,0.6538462042808533
Gender: Female,164,0.45432692766189575,0.2474747598171234,0.3197115361690521,0.24081632494926453,0.261904776096344
Age: 50-65,164,0.4792521595954895,0.49143144488334656,0.4922480583190918,0.47148597240448,0.4787233769893646
Race: White,164,0.3294270634651184,0.3451612889766693,0.34375,0.339074969291687,0.3392857313156128
Race: Other,164,0.6875,0.7857142686843872,0.6842105388641357,0.632867157459259,0.6571428775787354
Overall,165,0.6458333730697632,0.641983687877655,0.6232311129570007,0.6039215922355652,0.6138613820075989
Gender: Male,165,0.7567567825317383,0.7613131999969482,0.7274131178855896,0.7142857313156128,0.7222222089767456
Gender: Female,165,0.4375,0.34166666865348816,0.36298078298568726,0.33212122321128845,0.3448275923728943
Age: 50-65,165,0.6458333730697632,0.641983687877655,0.6232311129570007,0.6039215922355652,0.6138613820075989
Race: White,165,0.5795755982398987,0.5409356951713562,0.5371353030204773,0.5299145579338074,0.5454545021057129
Race: Other,165,0.7573964595794678,0.75,0.75,0.6666666865348816,0.6666666865348816
Overall,166,0.46133333444595337,0.46857142448425293,0.47555556893348694,0.43826085329055786,0.46315792202949524
Gender: Male,166,0.7176870703697205,0.7000000476837158,0.6666666865348816,0.6666666865348816,0.6938775181770325
Gender: Female,166,0.30425959825515747,0.20519480109214783,0.2697768807411194,0.20384615659713745,0.21739131212234497
Age: 50-65,166,0.46133333444595337,0.46857142448425293,0.47555556893348694,0.43826085329055786,0.46315792202949524
Race: White,166,0.342342346906662,0.2888471186161041,0.3102477490901947,0.2738095223903656,0.2786885201931
Race: Black,166,0.25,0.4000000059604645,0.5,0.4444444477558136,0.800000011920929
Race: Other,166,0.7482516765594482,0.8611111044883728,0.7727272510528564,0.7722960114479065,0.7916666865348816
Overall,167,0.5057932138442993,0.5245202779769897,0.5204991102218628,0.49081993103027344,0.5052632093429565
Gender: Male,167,0.6424242258071899,0.6831933259963989,0.6651515364646912,0.631205677986145,0.634615421295166
Gender: Female,167,0.3961038887500763,0.29403409361839294,0.3430735766887665,0.30324074625968933,0.3488371968269348
Age: 50-65,167,0.5057932138442993,0.5245202779769897,0.5204991102218628,0.49081993103027344,0.5052632093429565
Race: White,167,0.4375,0.4209486246109009,0.421875,0.4105263352394104,0.4107142984867096
Race: Other,167,0.6974790096282959,0.7692307829856873,0.6470588445663452,0.5772727131843567,0.6129032373428345
Overall,168,0.5762711763381958,0.5488215684890747,0.5433698892593384,0.4809302091598511,0.4838709533214569
Gender: Male,168,0.7472766637802124,0.7166666984558105,0.7265795469284058,0.7031655311584473,0.7045454978942871
Gender: Female,168,0.5128676891326904,0.2857142984867096,0.3841911852359772,0.2546718716621399,0.2857142686843872
Age: 50-65,168,0.5762711763381958,0.5488215684890747,0.5433698892593384,0.4809302091598511,0.4838709533214569
Race: White,168,0.5344537496566772,0.4950980544090271,0.49495798349380493,0.4421013593673706,0.442307710647583
Race: Other,168,0.625,0.6388888955116272,0.6041666865348816,0.5515151619911194,0.5675675868988037
Overall,169,0.6943521499633789,0.6188725233078003,0.5920740365982056,0.5572010278701782,0.5760869383811951
Gender: Male,169,0.7228116989135742,0.651260495185852,0.6432360410690308,0.6333333253860474,0.6363636255264282
Gender: Female,169,0.779411792755127,0.5686274766921997,0.520588219165802,0.4006820321083069,0.4864864945411682
Age: 50-65,169,0.6943521499633789,0.6188725233078003,0.5920740365982056,0.5572010278701782,0.5760869383811951
Race: White,169,0.6619047522544861,0.5182186365127563,0.5142857432365417,0.4572329521179199,0.4705882668495178
Race: Other,169,0.7748538255691528,0.7167832255363464,0.6812865734100342,0.6636363863945007,0.6756756901741028
Overall,170,0.5844444036483765,0.5403225421905518,0.5355556011199951,0.5158001780509949,0.5263158082962036
Gender: Male,170,0.740079402923584,0.7134615182876587,0.7202380895614624,0.6950757503509521,0.695652186870575
Gender: Female,170,0.48148149251937866,0.26913875341415405,0.3375420868396759,0.2918415069580078,0.36734694242477417
Age: 50-65,170,0.5844444036483765,0.5403225421905518,0.5355556011199951,0.5158001780509949,0.5263158082962036
Race: White,170,0.5534274578094482,0.4555555582046509,0.46370968222618103,0.43631577491760254,0.4603174924850464
Race: Other,170,0.7152777910232544,0.634615421295166,0.6458333730697632,0.6305419206619263,0.6399999856948853
Overall,171,0.5900000333786011,0.5515607595443726,0.5420454740524292,0.49428021907806396,0.5052632093429565
Gender: Male,171,0.6436090469360352,0.6805555820465088,0.6759398579597473,0.6109777092933655,0.6111111044883728
Gender: Female,171,0.5809524059295654,0.27462121844291687,0.3583333492279053,0.29497355222702026,0.3658536374568939
Age: 50-65,171,0.5900000333786011,0.5515607595443726,0.5420454740524292,0.49428021907806396,0.5052632093429565
Race: White,171,0.35540539026260376,0.3538206219673157,0.38108110427856445,0.30812326073646545,0.31578946113586426
Race: Other,171,0.8538011312484741,0.8183333873748779,0.7792397737503052,0.7757575511932373,0.7837837934494019
Overall,172,0.5159183740615845,0.5330049395561218,0.5273469686508179,0.5050526857376099,0.5252525210380554
Gender: Male,172,0.7815934419631958,0.7496025562286377,0.7156593799591064,0.7101967930793762,0.7222222089767456
Gender: Female,172,0.283730149269104,0.25,0.3035714328289032,0.25925925374031067,0.2888889014720917
Age: 50-65,172,0.5159183740615845,0.5330049395561218,0.5273469686508179,0.5050526857376099,0.5252525210380554
Race: White,172,0.34545454382896423,0.37364864349365234,0.37857145071029663,0.3500770330429077,0.35087719559669495
Race: Black,172,0.0,1.0,1.0,1.0,1.0
Race: Other,172,0.7238094806671143,0.6888889074325562,0.6619047522544861,0.6446078419685364,0.6551724076271057
Overall,173,0.6948431730270386,0.6363636255264282,0.6148325204849243,0.5398428440093994,0.5444444417953491
Gender: Male,173,0.8225805759429932,0.7250000238418579,0.711693525314331,0.6892655491828918,0.6909090876579285
Gender: Female,173,0.7264957427978516,0.5040322542190552,0.502136766910553,0.30000001192092896,0.3142857253551483
Age: 50-65,173,0.6948431730270386,0.6363636255264282,0.6148325204849243,0.5398428440093994,0.5444444417953491
Race: White,173,0.6725490093231201,0.5923423171043396,0.5803921818733215,0.46739131212234497,0.4693877398967743
Race: Other,173,0.7272726893424988,0.6766666173934937,0.6606060862541199,0.6191176176071167,0.6216216087341309
Overall,174,0.6366666555404663,0.7030768990516663,0.6833333373069763,0.5876160860061646,0.5888888835906982
Gender: Male,174,0.685214638710022,0.7363253831863403,0.7678855657577515,0.7000000476837158,0.7037037014961243
Gender: Female,174,0.5685619115829468,0.6911764740943909,0.54347825050354,0.3565957546234131,0.4166666567325592
Age: 50-65,174,0.6366666555404663,0.7030768990516663,0.6833333373069763,0.5876160860061646,0.5888888835906982
Race: White,174,0.5196428298950195,0.6057082414627075,0.5892857313156128,0.4241486191749573,0.42592594027519226
Race: Other,174,0.7999999523162842,0.8421052694320679,0.8500000238418579,0.8180147409439087,0.8181818723678589
Overall,175,0.5128328800201416,0.4949601888656616,0.495399534702301,0.4445454478263855,0.44680848717689514
Gender: Male,175,0.6456140279769897,0.5785953402519226,0.582456111907959,0.5685534477233887,0.5714285373687744
Gender: Female,175,0.46551722288131714,0.3205128312110901,0.4094827473163605,0.27532467246055603,0.31111112236976624
Age: 50-65,175,0.5128328800201416,0.4949601888656616,0.495399534702301,0.4445454478263855,0.44680848717689514
Race: White,175,0.2857142984867096,0.29939669370651245,0.2738095223903656,0.22993284463882446,0.2321428656578064
Race: Other,175,0.7983193397521973,0.7324560880661011,0.7226890921592712,0.7084639668464661,0.7096773982048035
Overall,176,0.5175510048866272,0.5655317306518555,0.5573469400405884,0.542052149772644,0.5555555820465088
Gender: Male,176,0.7580645084381104,0.7969924807548523,0.7730414867401123,0.773144006729126,0.7796609997749329
Gender: Female,176,0.2777777910232544,0.18338558077812195,0.24494948983192444,0.20051579177379608,0.22500000894069672
Age: 50-65,176,0.5175510048866272,0.5655317306518555,0.5573469400405884,0.542052149772644,0.5555555820465088
Race: White,176,0.37599998712539673,0.3983253836631775,0.40285712480545044,0.38178780674934387,0.38333335518836975
Race: Other,176,0.8866397142410278,0.8590909242630005,0.8198380470275879,0.8303287029266357,0.84375
Overall,177,0.5824829339981079,0.5716873407363892,0.5588860511779785,0.5370185375213623,0.5567010045051575
Gender: Male,177,0.8311547040939331,0.8165374994277954,0.7668845653533936,0.7711399793624878,0.7868852019309998
Gender: Female,177,0.3246753215789795,0.14615385234355927,0.20129871368408203,0.15625,0.1666666716337204
Age: 50-65,177,0.5824829339981079,0.5716873407363892,0.5588860511779785,0.5370185375213623,0.5567010045051575
Race: White,177,0.5371428728103638,0.47093021869659424,0.47380954027175903,0.45325642824172974,0.4615384638309479
Race: Other,177,0.7115384340286255,0.8421052694320679,0.75,0.7395833730697632,0.7599999904632568
Overall,178,0.6123692989349365,0.5874060392379761,0.5607578754425049,0.4939504861831665,0.5154638886451721
Gender: Male,178,0.7543290257453918,0.7601449489593506,0.6942640542984009,0.6565315127372742,0.6721311211585999
Gender: Female,178,0.43478262424468994,0.21666666865348816,0.3294314444065094,0.22052927315235138,0.25
Age: 50-65,178,0.6123692989349365,0.5874060392379761,0.5607578754425049,0.4939504861831665,0.5154638886451721
Race: White,178,0.4832535982131958,0.45676693320274353,0.4633173942565918,0.3982829451560974,0.4038461744785309
Race: Other,178,0.7922077775001526,0.7413793206214905,0.6590908765792847,0.5669606924057007,0.5833333134651184
Overall,179,0.5367647409439087,0.533730149269104,0.5291666984558105,0.49674326181411743,0.5054945349693298
Gender: Male,179,0.6639231443405151,0.6421052813529968,0.6296296119689941,0.6213183403015137,0.6296296119689941
Gender: Female,179,0.5064102411270142,0.3650793731212616,0.3910256624221802,0.316334068775177,0.3243243396282196
Age: 50-65,179,0.5367647409439087,0.533730149269104,0.5291666984558105,0.49674326181411743,0.5054945349693298
Race: White,179,0.47380951046943665,0.4673076868057251,0.46964287757873535,0.43809524178504944,0.4406779706478119
Race: Other,179,0.6166666746139526,0.6381579041481018,0.6166666746139526,0.583450198173523,0.5925925970077515
Overall,180,0.5806595087051392,0.6242856979370117,0.5969251394271851,0.5614035129547119,0.5789473652839661
Gender: Male,180,0.8222222328186035,0.8157894611358643,0.7814815044403076,0.7813299298286438,0.7894737124443054
Gender: Female,180,0.363095223903656,0.2239583432674408,0.3422619104385376,0.2289855033159256,0.2631579041481018
Age: 50-65,180,0.5806595087051392,0.6242856979370117,0.5969251394271851,0.5614035129547119,0.5789473652839661
Race: White,180,0.49673202633857727,0.5034722089767456,0.5027233362197876,0.45777779817581177,0.4754098057746887
Race: Other,180,0.75,0.824999988079071,0.78125,0.7539393901824951,0.7586206793785095
Overall,181,0.47883594036102295,0.482876718044281,0.4858276844024658,0.4572599530220032,0.4757281541824341
Gender: Male,181,0.807692289352417,0.8087606430053711,0.7416387796401978,0.7365591526031494,0.7551020383834839
Gender: Female,181,0.3856942653656006,0.20985692739486694,0.24403926730155945,0.21250000596046448,0.2222222238779068
Age: 50-65,181,0.47883594036102295,0.482876718044281,0.4858276844024658,0.4572599530220032,0.4757281541824341
Race: White,181,0.32608699798583984,0.32995495200157166,0.32723110914230347,0.31129032373428345,0.31147539615631104
Race: Other,181,0.7095588445663452,0.7129629850387573,0.626838207244873,0.5909091234207153,0.6363636255264282
Overall,182,0.5763546824455261,0.6111664772033691,0.6098521947860718,0.5698426961898804,0.5698924660682678
Gender: Male,182,0.7188888788223267,0.7262930870056152,0.7333333492279053,0.7201079726219177,0.7213114500045776
Gender: Female,182,0.41818180680274963,0.3296296298503876,0.3954545259475708,0.2632632851600647,0.28125
Age: 50-65,182,0.5763546824455261,0.6111664772033691,0.6098521947860718,0.5698426961898804,0.5698924660682678
Race: White,182,0.440443217754364,0.4486486613750458,0.44736841320991516,0.4033251404762268,0.4035087823867798
Race: Other,182,0.8444444537162781,0.800000011920929,0.8500000238418579,0.7867647409439087,0.7931034564971924
Overall,183,0.5489926338195801,0.5164027214050293,0.5132783651351929,0.47412586212158203,0.4893616735935211
Gender: Male,183,0.6807692050933838,0.7377451062202454,0.6865384578704834,0.6413255333900452,0.6521739363670349
Gender: Female,183,0.5,0.3193277418613434,0.3496503531932831,0.3142857253551483,0.3333333432674408
Age: 50-65,183,0.5489926338195801,0.5164027214050293,0.5132783651351929,0.47412586212158203,0.4893616735935211
Race: White,183,0.48502302169799805,0.4617794454097748,0.46486175060272217,0.44988346099853516,0.4576271176338196
Race: Other,183,0.6985645890235901,0.7200000286102295,0.6315789222717285,0.5138888955116272,0.5333333611488342
Overall,184,0.567307710647583,0.5280500650405884,0.5235806107521057,0.4758473038673401,0.4842105507850647
Gender: Male,184,0.7431973218917847,0.7210526466369629,0.7142857313156128,0.6933667063713074,0.6938775181770325
Gender: Female,184,0.488095223903656,0.20723684132099152,0.32341268658638,0.22420634329319,0.260869562625885
Age: 50-65,184,0.567307710647583,0.5280500650405884,0.5235806107521057,0.4758473038673401,0.4842105507850647
Race: White,184,0.3808823525905609,0.3970588445663452,0.3970588445663452,0.37037035822868347,0.37037038803100586
Race: Other,184,0.8571428656578064,0.7586206793785095,0.6666666865348816,0.5909091234207153,0.6111111044883728
Overall,185,0.5371057987213135,0.6230769157409668,0.5667903423309326,0.49974384903907776,0.5483871102333069
Gender: Male,185,0.698752224445343,0.7380457520484924,0.7040998339653015,0.7142857313156128,0.7599999904632568
Gender: Female,185,0.7017045021057129,0.6341463327407837,0.53125,0.270361989736557,0.302325576543808
Age: 50-65,185,0.5371057987213135,0.6230769157409668,0.5667903423309326,0.49974384903907776,0.5483871102333069
Race: White,185,0.5147849321365356,0.5359042882919312,0.5181451439857483,0.4239797592163086,0.4727272689342499
Race: Other,185,0.6171875,0.7285714149475098,0.65625,0.6267232298851013,0.65625
Overall,186,0.6927899718284607,0.655370831489563,0.6269592642784119,0.5439432859420776,0.5494505763053894
Gender: Male,186,0.7645161151885986,0.7171717286109924,0.7080644965171814,0.6661532521247864,0.6666666865348816
Gender: Female,186,0.7407407760620117,0.5714285969734192,0.5356125235557556,0.375,0.4000000059604645
Age: 50-65,186,0.6927899718284607,0.655370831489563,0.6269592642784119,0.5439432859420776,0.5494505763053894
Race: White,186,0.5328283309936523,0.4892857074737549,0.4886363744735718,0.36141306161880493,0.3617021143436432
Race: Other,186,0.7970588207244873,0.8269230723381042,0.7749999761581421,0.7501875162124634,0.7567567825317383
Overall,187,0.604493260383606,0.6896766424179077,0.6593521237373352,0.578292727470398,0.5824176073074341
Gender: Male,187,0.7757201790809631,0.8023715615272522,0.8148148059844971,0.7984071969985962,0.800000011920929
Gender: Female,187,0.4795699119567871,0.6704545617103577,0.5322580337524414,0.3148433566093445,0.3695652186870575
Age: 50-65,187,0.604493260383606,0.6896766424179077,0.6593521237373352,0.578292727470398,0.5824176073074341
Race: White,187,0.469696968793869,0.5952380895614624,0.6060606241226196,0.4278416335582733,0.4285714626312256
Race: Other,187,0.7523809671401978,0.8184210062026978,0.788095235824585,0.7867647409439087,0.7931034564971924
Overall,188,0.5544507503509521,0.5333333015441895,0.529356062412262,0.5104015469551086,0.52173912525177
Gender: Male,188,0.6209876537322998,0.6266233921051025,0.6203703880310059,0.6110421419143677,0.6140350699424744
Gender: Female,188,0.5359476804733276,0.32870370149612427,0.379084974527359,0.32692307233810425,0.37142857909202576
Age: 50-65,188,0.5544507503509521,0.5333333015441895,0.529356062412262,0.5104015469551086,0.52173912525177
Race: White,188,0.4378882050514221,0.4185483753681183,0.4215838313102722,0.4097222089767456,0.4117647111415863
Race: Other,188,0.7309942245483398,0.6962963342666626,0.6549707651138306,0.6314176321029663,0.6486486792564392
Overall,189,0.503333330154419,0.5385416746139526,0.5352380871772766,0.5160210728645325,0.52173912525177
Gender: Male,189,0.6650246381759644,0.6930946111679077,0.685960590839386,0.6817617416381836,0.6842105388641357
Gender: Female,189,0.27210885286331177,0.24572649598121643,0.2976190447807312,0.24166667461395264,0.2571428716182709
Age: 50-65,189,0.503333330154419,0.5385416746139526,0.5352380871772766,0.5160210728645325,0.52173912525177
Race: White,189,0.3083333373069763,0.32954543828964233,0.32499998807907104,0.31891024112701416,0.3199999928474426
Race: Other,189,0.7434210777282715,0.8199999928474426,0.7631579041481018,0.7350714802742004,0.7428571581840515
Overall,190,0.56298828125,0.5692640542984009,0.5703125,0.5103635191917419,0.5104166865348816
Gender: Male,190,0.6416666507720947,0.6936274766921997,0.7194444537162781,0.651442289352417,0.6551724076271057
Gender: Female,190,0.547619104385376,0.3045977056026459,0.3482142984867096,0.27695560455322266,0.28947368264198303
Age: 50-65,190,0.56298828125,0.5692640542984009,0.5703125,0.5103635191917419,0.5104166865348816
Race: White,190,0.4615384638309479,0.4541666507720947,0.43808630108833313,0.4010733664035797,0.42592594027519226
Race: Other,190,0.7175323963165283,0.6851851940155029,0.6461038589477539,0.5751376748085022,0.5833333134651184
Overall,191,0.5802304744720459,0.6116431355476379,0.5981826186180115,0.5867674350738525,0.6000000238418579
Gender: Male,191,0.7938776016235352,0.7615789175033569,0.7535713911056519,0.755750834941864,0.7619048357009888
Gender: Female,191,0.3360323905944824,0.2371794879436493,0.3340080976486206,0.24512821435928345,0.28125
Age: 50-65,191,0.5802304744720459,0.6116431355476379,0.5981826186180115,0.5867674350738525,0.6000000238418579
Race: White,191,0.4712643623352051,0.46621620655059814,0.4712643623352051,0.44007283449172974,0.4528301954269409
Race: Other,191,0.7785466909408569,0.7684210538864136,0.7647058963775635,0.7638888955116272,0.7647058963775635
Overall,192,0.5447343587875366,0.5561594367027283,0.5433364510536194,0.47276023030281067,0.4842105507850647
Gender: Male,192,0.6736972332000732,0.6972973346710205,0.6811414361000061,0.6629318594932556,0.6666666865348816
Gender: Female,192,0.44107747077941895,0.11428571492433548,0.3636363744735718,0.17391304671764374,0.21052631735801697
Age: 50-65,192,0.5447343587875366,0.5561594367027283,0.5433364510536194,0.47276023030281067,0.4842105507850647
Race: White,192,0.4609375,0.4030303359031677,0.40625,0.3538862466812134,0.3541666865348816
Race: Other,192,0.6964285373687744,0.7333333492279053,0.6666666865348816,0.5681818127632141,0.5789473652839661
Overall,193,0.5702306032180786,0.622710645198822,0.6053459048271179,0.5561949014663696,0.5617977380752563
Gender: Male,193,0.5955710411071777,0.6701474189758301,0.6614218950271606,0.6424242258071899,0.6440678238868713
Gender: Female,193,0.7400000095367432,0.5480769276618958,0.5249999761581421,0.375,0.40000003576278687
Age: 50-65,193,0.5702306032180786,0.622710645198822,0.6053459048271179,0.5561949014663696,0.5617977380752563
Race: White,193,0.4117646813392639,0.534368097782135,0.5260504484176636,0.415292352437973,0.42307692766189575
Race: Other,193,0.7958477735519409,0.7684210538864136,0.7647058963775635,0.7638888955116272,0.7647058963775635
Overall,194,0.6544779539108276,0.6328767538070679,0.5771065354347229,0.4909090995788574,0.5227273106575012
Gender: Male,194,0.7352070808410645,0.6794872283935547,0.6346153616905212,0.6102564334869385,0.634615421295166
Gender: Female,194,0.8654546141624451,0.6617647409439087,0.5400000214576721,0.3185185194015503,0.3611111044883728
Age: 50-65,194,0.6544779539108276,0.6328767538070679,0.5771065354347229,0.4909090995788574,0.5227273106575012
Race: White,194,0.6346801519393921,0.5610464811325073,0.5353535413742065,0.40863651037216187,0.4313725531101227
Race: Other,194,0.7465277910232544,0.70634925365448,0.6354166865348816,0.588837206363678,0.6176470518112183
Overall,195,0.560296893119812,0.5717029571533203,0.551948070526123,0.5102266073226929,0.5376344323158264
Gender: Male,195,0.753333330154419,0.7090592384338379,0.6600000262260437,0.6212121248245239,0.6363636255264282
Gender: Female,195,0.3490304946899414,0.34166666865348816,0.3947368562221527,0.3393802046775818,0.3947368562221527
Age: 50-65,195,0.560296893119812,0.5717029571533203,0.551948070526123,0.5102266073226929,0.5376344323158264
Race: White,195,0.4277777671813965,0.48784196376800537,0.4911110997200012,0.4238888919353485,0.44262292981147766
Race: Other,195,0.8269230723381042,0.7083333730697632,0.6682692170143127,0.6640926599502563,0.6896551847457886
Overall,196,0.5,0.47272729873657227,0.47558140754699707,0.4413359761238098,0.4466019570827484
Gender: Male,196,0.6604413986206055,0.6633825898170471,0.6689304113388062,0.6394230723381042,0.6399999856948853
Gender: Female,196,0.45402300357818604,0.20020325481891632,0.2880747318267822,0.22439023852348328,0.2641509473323822
Age: 50-65,196,0.5,0.47272729873657227,0.47558140754699707,0.4413359761238098,0.4466019570827484
Race: White,196,0.3812292218208313,0.34148550033569336,0.35465115308761597,0.32057416439056396,0.3239436447620392
Race: Other,196,0.8099547624588013,0.75,0.726244330406189,0.696969747543335,0.7000000476837158
Overall,197,0.6702947616577148,0.6135416626930237,0.5988662242889404,0.5896165370941162,0.6063829660415649
Gender: Male,197,0.6773333549499512,0.689393937587738,0.6833333373069763,0.6717506647109985,0.6727272272109985
Gender: Female,197,0.6611111164093018,0.41532257199287415,0.4416666626930237,0.41422924399375916,0.5128205418586731
Age: 50-65,197,0.6702947616577148,0.6135416626930237,0.5988662242889404,0.5896165370941162,0.6063829660415649
Race: White,197,0.5682158470153809,0.489393949508667,0.48950523138046265,0.48057714104652405,0.48076924681663513
Race: Other,197,0.7619047164916992,0.7823275923728943,0.694940447807312,0.6916666626930237,0.7297297716140747
Overall,198,0.5346687436103821,0.5188171863555908,0.5179764032363892,0.46682435274124146,0.46739131212234497
Gender: Male,198,0.6497277021408081,0.6402116417884827,0.6442831158638,0.6243478059768677,0.625
Gender: Female,198,0.5476190447807312,0.35079365968704224,0.3880952298641205,0.28623756766319275,0.29545456171035767
Age: 50-65,198,0.5346687436103821,0.5188171863555908,0.5179764032363892,0.46682435274124146,0.46739131212234497
Race: White,198,0.4802631437778473,0.41190478205680847,0.4087170958518982,0.3912206292152405,0.3921568691730499
Race: Other,198,0.6599999666213989,0.7142857313156128,0.6800000071525574,0.5647059082984924,0.5675675868988037
Overall,199,0.5918367505073547,0.5955299139022827,0.5628856420516968,0.5101419687271118,0.54347825050354
Gender: Male,199,0.7795566320419312,0.7797203063964844,0.697044312953949,0.6762445569038391,0.7017543911933899
Gender: Female,199,0.3945578336715698,0.2385057508945465,0.3452380895614624,0.246339350938797,0.2857142984867096
Age: 50-65,199,0.5918367505073547,0.5955299139022827,0.5628856420516968,0.5101419687271118,0.54347825050354
Race: White,199,0.4972299337387085,0.4368770718574524,0.44736844301223755,0.36352357268333435,0.3684210479259491
Race: Other,199,0.7129186391830444,0.8799999952316284,0.7272727489471436,0.7443181872367859,0.8000000715255737
Overall,200,0.4785974621772766,0.5273631811141968,0.5250455141067505,0.4722074270248413,0.47422680258750916
Gender: Male,200,0.6599999666213989,0.687632143497467,0.6775000095367432,0.6299810409545898,0.6307692527770996
Gender: Female,200,0.34632036089897156,0.1458333432674408,0.2056277096271515,0.14876846969127655,0.15625
Age: 50-65,200,0.4785974621772766,0.5273631811141968,0.5250455141067505,0.4722074270248413,0.47422680258750916
Race: White,200,0.41234222054481506,0.46315789222717285,0.465638130903244,0.4413793087005615,0.4444444477558136
Race: Black,200,0.0,0.25,0.5,0.3333333432674408,0.5
Race: Other,200,0.6785714626312256,0.6045454740524292,0.636904776096344,0.5079365372657776,0.5161290168762207
Overall,201,0.4188034236431122,0.4365079402923584,0.44871795177459717,0.41276830434799194,0.4329896867275238
Gender: Male,201,0.6379309892654419,0.6676828861236572,0.6354680061340332,0.6144927740097046,0.6315789222717285
Gender: Female,201,0.1611253172159195,0.1034482792019844,0.1764705926179886,0.1304347813129425,0.15000000596046448
Age: 50-65,201,0.4188034236431122,0.4365079402923584,0.44871795177459717,0.41276830434799194,0.4329896867275238
Race: White,201,0.2063491940498352,0.27392345666885376,0.26923078298568726,0.24979159235954285,0.25
Race: Black,201,0.3999999761581421,0.4166666567325592,0.5,0.4545454680919647,0.8333333730697632
Race: Other,201,0.7402597665786743,0.7250000238418579,0.6461038589477539,0.6323529481887817,0.6800000071525574
Overall,202,0.5902255773544312,0.5779930353164673,0.5737782120704651,0.5412552356719971,0.542553186416626
Gender: Male,202,0.7454545497894287,0.7030303478240967,0.7030303478240967,0.6896551847457886,0.6896551847457886
Gender: Female,202,0.45819398760795593,0.3303571343421936,0.3729097247123718,0.29189613461494446,0.3055555522441864
Age: 50-65,202,0.5902255773544312,0.5779930353164673,0.5737782120704651,0.5412552356719971,0.542553186416626
Race: White,202,0.49307477474212646,0.4640151560306549,0.46052634716033936,0.43424317240715027,0.4385964870452881
Race: Other,202,0.692307710647583,0.7444444894790649,0.7115384340286255,0.6836363673210144,0.6896551847457886
Overall,203,0.6350844502449036,0.6303030252456665,0.6210131049156189,0.5991846323013306,0.602150559425354
Gender: Male,203,0.7746031880378723,0.7544974088668823,0.7544974088668823,0.7419354915618896,0.7419354915618896
Gender: Female,203,0.5084033608436584,0.26333335041999817,0.35084033012390137,0.27424749732017517,0.32258063554763794
Age: 50-65,203,0.6350844502449036,0.6303030252456665,0.6210131049156189,0.5991846323013306,0.602150559425354
Race: White,203,0.5687960386276245,0.5684523582458496,0.5706388354301453,0.5418463945388794,0.5423728823661804
Race: Other,203,0.7142857313156128,0.7222222089767456,0.6875,0.6827262043952942,0.7000000476837158
Overall,204,0.7658442258834839,0.7361193895339966,0.6913400888442993,0.6439284086227417,0.6521739363670349
Gender: Male,204,0.8365817070007324,0.7910906076431274,0.7841079235076904,0.7688888907432556,0.7692307829856873
Gender: Female,204,0.7994791269302368,0.7222222089767456,0.5833333134651184,0.45054948329925537,0.5
Age: 50-65,204,0.7658442258834839,0.7361193895339966,0.6913400888442993,0.6439284086227417,0.6521739363670349
Race: White,204,0.7163742780685425,0.6758241653442383,0.640350878238678,0.5399799346923828,0.5454545021057129
Race: Other,204,0.9086538553237915,0.811274528503418,0.8052884340286255,0.7928571701049805,0.7931034564971924
Overall,205,0.49936574697494507,0.5071429014205933,0.5059196352958679,0.467107355594635,0.47959181666374207
Gender: Male,205,0.6132897138595581,0.6563307642936707,0.6318082809448242,0.5978022217750549,0.6065573692321777
Gender: Female,205,0.3601190447807312,0.2481481432914734,0.2976190447807312,0.2505626380443573,0.27027028799057007
Age: 50-65,205,0.49936574697494507,0.5071429014205933,0.5059196352958679,0.467107355594635,0.47959181666374207
Race: White,205,0.38746803998947144,0.3844155967235565,0.3861892819404602,0.3682265877723694,0.3684210479259491
Race: Other,205,0.6160714626312256,0.7580645084381104,0.6428571343421936,0.5626477599143982,0.5945945978164673
Overall,206,0.46064141392707825,0.5523809790611267,0.5374149680137634,0.4892857074737549,0.5164835453033447
Gender: Male,206,0.6479076147079468,0.6677631139755249,0.6471861600875854,0.6505519151687622,0.6851851940155029
Gender: Female,206,0.408730149269104,0.40937501192092896,0.4424603283405304,0.2616407871246338,0.27027028799057007
Age: 50-65,206,0.46064141392707825,0.5523809790611267,0.5374149680137634,0.4892857074737549,0.5164835453033447
Race: White,206,0.4111841917037964,0.46603262424468994,0.4725877046585083,0.4095238149166107,0.4193548262119293
Race: Other,206,0.5700000524520874,0.7000000476837158,0.6499999761581421,0.6266666650772095,0.6500000357627869
Overall,207,0.6634615659713745,0.5972687005996704,0.579899251461029,0.5280036330223083,0.5368421077728271
Gender: Male,207,0.7599999904632568,0.6862318515777588,0.683571457862854,0.678787887096405,0.6792452931404114
Gender: Female,207,0.6964285373687744,0.5,0.5,0.3097991347312927,0.3571428656578064
Age: 50-65,207,0.6634615659713745,0.5972687005996704,0.579899251461029,0.5280036330223083,0.5368421077728271
Race: White,207,0.6040669679641724,0.523809552192688,0.5215311050415039,0.4642857313156128,0.46666669845581055
Race: Other,207,0.8445378541946411,0.720108687877655,0.6701680421829224,0.6313513517379761,0.6451612710952759
Overall,208,0.4660278558731079,0.5182555913925171,0.5156794786453247,0.508294939994812,0.5463917255401611
Gender: Male,208,0.7122416496276855,0.6995230913162231,0.6995230913162231,0.6995230913162231,0.7407407760620117
Gender: Female,208,0.3201754689216614,0.28629031777381897,0.3256579041481018,0.28333333134651184,0.302325576543808
Age: 50-65,208,0.4660278558731079,0.5182555913925171,0.5156794786453247,0.508294939994812,0.5463917255401611
Race: White,208,0.3782051205635071,0.39523810148239136,0.40128207206726074,0.3950900137424469,0.4107142984867096
Race: Other,208,0.6680161952972412,0.7291666269302368,0.6781376600265503,0.681063175201416,0.71875
Overall,209,0.6052974462509155,0.5409090518951416,0.5351715087890625,0.5160748362541199,0.53125
Gender: Male,209,0.7970370054244995,0.7271242141723633,0.7059259414672852,0.7026305794715881,0.7115384936332703
Gender: Female,209,0.4166666865348816,0.296875,0.3375000059604645,0.29487180709838867,0.3181818127632141
Age: 50-65,209,0.6052974462509155,0.5409090518951416,0.5351715087890625,0.5160748362541199,0.53125
Race: White,209,0.47759103775024414,0.3951612710952759,0.3907563090324402,0.37997347116470337,0.38181817531585693
Race: Black,209,0.0,0.44999998807907104,0.5,0.4736842215061188,0.9000000357627869
Race: Other,209,0.6848739385604858,0.7366666793823242,0.6491596698760986,0.6309523582458496,0.6774193048477173
Overall,210,0.44684767723083496,0.5299145579338074,0.5144960880279541,0.4162940979003906,0.46808508038520813
Gender: Male,210,0.7222222685813904,0.8191488981246948,0.6458333134651184,0.6154168248176575,0.6851851940155029
Gender: Female,210,0.15673980116844177,0.1715686321258545,0.28996866941452026,0.16190476715564728,0.17499999701976776
Age: 50-65,210,0.44684767723083496,0.5299145579338074,0.5144960880279541,0.4162940979003906,0.46808508038520813
Race: White,210,0.37593984603881836,0.41326528787612915,0.44674187898635864,0.33273810148239136,0.35593220591545105
Race: Black,210,0.0,0.3499999940395355,0.5,0.4117647111415863,0.699999988079071
Race: Other,210,0.48076921701431274,0.7954545021057129,0.625,0.5714285969734192,0.6399999856948853
Overall,211,0.512493371963501,0.4603365361690521,0.4649122953414917,0.40752702951431274,0.41111111640930176
Gender: Male,211,0.6615384817123413,0.6289682388305664,0.625,0.6079545021057129,0.6086956858634949
Gender: Female,211,0.4565756916999817,0.2222222238779068,0.30148884654045105,0.19413919746875763,0.20454546809196472
Age: 50-65,211,0.512493371963501,0.4603365361690521,0.4649122953414917,0.40752702951431274,0.41111111640930176
Race: White,211,0.28937727212905884,0.27936509251594543,0.24542126059532166,0.22198352217674255,0.22641509771347046
Race: Other,211,0.775086522102356,0.745192289352417,0.6764705777168274,0.6520930528640747,0.6764705777168274
Overall,212,0.5035461187362671,0.5099999904632568,0.5077570676803589,0.47722750902175903,0.5052632093429565
Gender: Male,212,0.6071428060531616,0.70634925365448,0.6688311696052551,0.6305419206619263,0.6399999856948853
Gender: Female,212,0.4320000112056732,0.2660427689552307,0.32500001788139343,0.2864953577518463,0.35555556416511536
Age: 50-65,212,0.5035461187362671,0.5099999904632568,0.5077570676803589,0.47722750902175903,0.5052632093429565
Race: White,212,0.3369905948638916,0.3382353186607361,0.3534482717514038,0.3268633484840393,0.3333333432674408
Race: Other,212,0.7320261597633362,0.7337962985038757,0.665032684803009,0.632867157459259,0.6571428775787354
Overall,213,0.6945488452911377,0.6352813839912415,0.6174812316894531,0.5695971250534058,0.5744680762290955
Gender: Male,213,0.7985258102416992,0.7610565423965454,0.7610565423965454,0.7118644118309021,0.7118644118309021
Gender: Female,213,0.5460526347160339,0.272988498210907,0.3700657784938812,0.2844444513320923,0.34285715222358704
Age: 50-65,213,0.6945488452911377,0.6352813839912415,0.6174812316894531,0.5695971250534058,0.5744680762290955
Race: White,213,0.5618278980255127,0.5052264928817749,0.5040322542190552,0.45470088720321655,0.4727272689342499
Race: Other,213,0.9291666746139526,0.75,0.7916666269302368,0.7017543911933899,0.7058823704719543
Overall,214,0.5760971307754517,0.6026400923728943,0.5889355540275574,0.5613207817077637,0.5698924660682678
Gender: Male,214,0.6322115659713745,0.7036364078521729,0.7019230723381042,0.7025641202926636,0.7068965435028076
Gender: Female,214,0.687999963760376,0.5201612710952759,0.5099999904632568,0.3229604661464691,0.34285715222358704
Age: 50-65,214,0.5760971307754517,0.6026400923728943,0.5889355540275574,0.5613207817077637,0.5698924660682678
Race: White,214,0.5310245752334595,0.4911764860153198,0.4913420081138611,0.4627787470817566,0.46296295523643494
Race: Other,214,0.5924369692802429,0.7398989796638489,0.6995798349380493,0.6688034534454346,0.6774193048477173
Overall,215,0.5038245916366577,0.5291005373001099,0.5252422094345093,0.48250001668930054,0.4888888895511627
Gender: Male,215,0.7123456001281738,0.6722972989082336,0.6574074029922485,0.643750011920929,0.6491228342056274
Gender: Female,215,0.33478260040283203,0.2390109896659851,0.29347825050354004,0.20555555820465088,0.21212121844291687
Age: 50-65,215,0.5038245916366577,0.5291005373001099,0.5252422094345093,0.48250001668930054,0.4888888895511627
Race: White,215,0.36134451627731323,0.35495495796203613,0.364705890417099,0.30666667222976685,0.3076923191547394
Race: Other,215,0.6597222089767456,0.7348484992980957,0.7152777910232544,0.7017543911933899,0.7058823704719543
Overall,216,0.4729166626930237,0.49627041816711426,0.49666666984558105,0.484487384557724,0.5
Gender: Male,216,0.6648351550102234,0.7088816165924072,0.6744505167007446,0.6548295021057129,0.6666666865348816
Gender: Female,216,0.2854166626930237,0.2734204828739166,0.28333333134651184,0.27715951204299927,0.29545456171035767
Age: 50-65,216,0.4729166626930237,0.49627041816711426,0.49666666984558105,0.484487384557724,0.5
Race: White,216,0.2901307940483093,0.36057692766189575,0.36206895112991333,0.3603576719760895,0.36206895112991333
Race: Other,216,0.779411792755127,0.8269230723381042,0.71875,0.6996966600418091,0.7272727489471436
Overall,217,0.5320843458175659,0.6185503602027893,0.5903981328010559,0.50127112865448,0.5104166865348816
Gender: Male,217,0.7142857313156128,0.7226190567016602,0.6964285373687744,0.6719576716423035,0.6774193048477173
Gender: Female,217,0.3809523582458496,0.34375,0.44708994030952454,0.18832892179489136,0.20588235557079315
Age: 50-65,217,0.5320843458175659,0.6185503602027893,0.5903981328010559,0.50127112865448,0.5104166865348816
Race: White,217,0.4270833134651184,0.5047619342803955,0.5034722089767456,0.3763118386268616,0.38461539149284363
Race: Black,217,0.0,0.44999998807907104,0.5,0.4736842215061188,0.9000000357627869
Race: Other,217,0.6416666507720947,0.6628788113594055,0.6791666746139526,0.5868055820465088,0.5882353186607361
Overall,218,0.6610643863677979,0.5922619104385376,0.5744297504425049,0.550162136554718,0.5699999928474426
Gender: Male,218,0.6843137145042419,0.6622481346130371,0.6499999761581421,0.6362737417221069,0.640625
Gender: Female,218,0.6563467979431152,0.34193548560142517,0.4241486191749573,0.3454545736312866,0.4444444477558136
Age: 50-65,218,0.6610643863677979,0.5922619104385376,0.5744297504425049,0.550162136554718,0.5699999928474426
Race: White,218,0.5965250730514526,0.5442073345184326,0.5419883728027344,0.5212639570236206,0.5230769515037537
Race: Other,218,0.8214285373687744,0.6704545021057129,0.5892857313156128,0.5486111044883728,0.6153846383094788
Overall,219,0.5763546228408813,0.5892857313156128,0.5665024518966675,0.4829055070877075,0.49462366104125977
Gender: Male,219,0.6918767690658569,0.7337461709976196,0.7114846110343933,0.6527085304260254,0.6545454263687134
Gender: Female,219,0.4761904776096344,0.14705882966518402,0.3571428656578064,0.2083333283662796,0.2631579041481018
Age: 50-65,219,0.5763546228408813,0.5892857313156128,0.5665024518966675,0.4829055070877075,0.49462366104125977
Race: White,219,0.4490131139755249,0.4363636374473572,0.45394736528396606,0.32499998807907104,0.3333333432674408
Race: Other,219,0.8214285373687744,0.7371541261672974,0.7142857313156128,0.6739319562911987,0.6764705777168274
Overall,220,0.5548281669616699,0.5084821581840515,0.5077741146087646,0.5004205107688904,0.5151515007019043
Gender: Male,220,0.686026930809021,0.6304347515106201,0.6161616444587708,0.6003003716468811,0.6086956858634949
Gender: Female,220,0.31100475788116455,0.2638888955116272,0.25598084926605225,0.25969448685646057,0.30000001192092896
Age: 50-65,220,0.5548281669616699,0.5084821581840515,0.5077741146087646,0.5004205107688904,0.5151515007019043
Race: White,220,0.4838235378265381,0.4176136255264282,0.41470590233802795,0.4155844449996948,0.4444444477558136
Race: Other,220,0.7043269276618958,0.6644562482833862,0.6490384340286255,0.5931624174118042,0.5952380895614624
Overall,221,0.5254011154174805,0.5325100421905518,0.528743326663971,0.5065492391586304,0.5157895088195801
Gender: Male,221,0.7636054158210754,0.7293103337287903,0.726190447807312,0.7274283170700073,0.7346938848495483
Gender: Female,221,0.40833330154418945,0.3103896379470825,0.3479166626930237,0.2740315794944763,0.28260868787765503
Age: 50-65,221,0.5254011154174805,0.5325100421905518,0.528743326663971,0.5065492391586304,0.5157895088195801
Race: White,221,0.3978365659713745,0.44079792499542236,0.4447115361690521,0.4267745018005371,0.43103447556495667
Race: Other,221,0.7647058963775635,0.7124999761581421,0.6764705777168274,0.662149965763092,0.6764705777168274
Overall,222,0.6338461637496948,0.5972814559936523,0.593589723110199,0.5050437450408936,0.5052632093429565
Gender: Male,222,0.7522522211074829,0.6752747297286987,0.679617166519165,0.6553672552108765,0.6557376384735107
Gender: Female,222,0.7202380895614624,0.59375,0.5357142686843872,0.2245613932609558,0.23529411852359772
Age: 50-65,222,0.6338461637496948,0.5972814559936523,0.593589723110199,0.5050437450408936,0.5052632093429565
Race: White,222,0.6011477708816528,0.4992826581001282,0.4992826581001282,0.4137931168079376,0.41379308700561523
Race: Other,222,0.7443181872367859,0.7105263471603394,0.75,0.6296296119689941,0.6333333849906921
Overall,223,0.49069881439208984,0.4930555820465088,0.4954751133918762,0.42420682311058044,0.4555555582046509
Gender: Male,223,0.7211538553237915,0.6434511542320251,0.6105769276618958,0.5924496054649353,0.6200000047683716
Gender: Female,223,0.4188033938407898,0.22857144474983215,0.36467236280441284,0.21875,0.25
Age: 50-65,223,0.49069881439208984,0.4930555820465088,0.4954751133918762,0.42420682311058044,0.4555555582046509
Race: White,223,0.275337815284729,0.29230770468711853,0.3175675570964813,0.2428571581840515,0.24528302252292633
Race: Other,223,0.7732793688774109,0.8518518209457397,0.692307710647583,0.6908212900161743,0.75
Overall,224,0.5181818008422852,0.5566666722297668,0.5366028547286987,0.5145604610443115,0.5913978219032288
Gender: Male,224,0.6953125,0.6965602040290833,0.65625,0.6650563478469849,0.7291666865348816
Gender: Female,224,0.5,0.3796992599964142,0.4367588758468628,0.36404749751091003,0.4444444477558136
Age: 50-65,224,0.5181818008422852,0.5566666722297668,0.5366028547286987,0.5145604610443115,0.5913978219032288
Race: White,224,0.3266666531562805,0.40714287757873535,0.42416664958000183,0.398245632648468,0.4285714328289032
Race: Black,224,0.0,0.4545454680919647,0.5,0.4761904776096344,0.9090909361839294
Race: Other,224,0.7692307233810425,0.8448275923728943,0.6538461446762085,0.6434574127197266,0.7272727489471436
Overall,225,0.5197878479957581,0.49761903285980225,0.49796000123023987,0.4608890116214752,0.4699999988079071
Gender: Male,225,0.7757142782211304,0.679618775844574,0.675000011920929,0.6750811338424683,0.6792452931404114
Gender: Female,225,0.35625001788139343,0.24038460850715637,0.33125001192092896,0.21666666865348816,0.23404254019260406
Age: 50-65,225,0.5197878479957581,0.49761903285980225,0.49796000123023987,0.4608890116214752,0.4699999988079071
Race: White,225,0.3695651888847351,0.3452380895614624,0.35163044929504395,0.3167717456817627,0.3174603283405304
Race: Other,225,0.8303571343421936,0.7539682388305664,0.7142857313156128,0.691428542137146,0.7000000476837158
Overall,226,0.6045666933059692,0.6005685925483704,0.5734301805496216,0.5517826676368713,0.5909091234207153
Gender: Male,226,0.7324930429458618,0.6907894611358643,0.6827731132507324,0.6857143044471741,0.7090908885002136
Gender: Female,226,0.6153846383094788,0.44354838132858276,0.48653846979141235,0.3181818127632141,0.39393940567970276
Age: 50-65,226,0.6045666933059692,0.6005685925483704,0.5734301805496216,0.5517826676368713,0.5909091234207153
Race: White,226,0.46321070194244385,0.4285714328289032,0.44147157669067383,0.408620685338974,0.4285714328289032
Race: Other,226,0.7696969509124756,0.8666666746139526,0.7333333492279053,0.7412587404251099,0.7837837934494019
Overall,227,0.5277255773544312,0.5520833730697632,0.5469924807548523,0.5070679783821106,0.5106382966041565
Gender: Male,227,0.579954981803894,0.6413043737411499,0.6390765905380249,0.6064516305923462,0.6065573692321777
Gender: Female,227,0.5375939607620239,0.31593406200408936,0.37406015396118164,0.30192306637763977,0.3333333432674408
Age: 50-65,227,0.5277255773544312,0.5520833730697632,0.5469924807548523,0.5070679783821106,0.5106382966041565
Race: White,227,0.4375,0.4612500071525574,0.4612500071525574,0.4390243887901306,0.4390243887901306
Race: Other,227,0.6490195989608765,0.6049783229827881,0.5950980186462402,0.5299999713897705,0.5319148898124695
Overall,228,0.6074419021606445,0.6150362491607666,0.5886046290397644,0.5511583089828491,0.5698924660682678
Gender: Male,228,0.7100694179534912,0.7666666507720947,0.7291666865348816,0.719298243522644,0.7291666865348816
Gender: Female,228,0.5182186365127563,0.4166666865348816,0.44534412026405334,0.36883115768432617,0.4000000059604645
Age: 50-65,228,0.6074419021606445,0.6150362491607666,0.5886046290397644,0.5511583089828491,0.5698924660682678
Race: White,228,0.4761904776096344,0.47756409645080566,0.4821428656578064,0.43388962745666504,0.44897958636283875
Race: Other,228,0.8015873432159424,0.7581169009208679,0.7103174328804016,0.6820652484893799,0.692307710647583
Overall,229,0.6278409361839294,0.7055555582046509,0.6401515007019043,0.6166666746139526,0.6521739363670349
Gender: Male,229,0.7142857313156128,0.7496025562286377,0.7156593799591064,0.7101967930793762,0.7222222089767456
Gender: Female,229,0.569444477558136,0.6047619581222534,0.5305555462837219,0.44069263339042664,0.5526315569877625
Age: 50-65,229,0.6278409361839294,0.7055555582046509,0.6401515007019043,0.6166666746139526,0.6521739363670349
Race: White,229,0.5790475606918335,0.5361111164093018,0.5247619152069092,0.46967417001724243,0.5
Race: Black,229,0.125,0.3636363744735718,0.5,0.42105263471603394,0.7272727489471436
Race: Other,229,0.7763158082962036,0.8799999952316284,0.8125,0.8164335489273071,0.8285714387893677
Overall,230,0.6005830764770508,0.5648148059844971,0.5544217824935913,0.5255709886550903,0.5384615659713745
Gender: Male,230,0.6757142543792725,0.6934523582458496,0.6857143044471741,0.6774078011512756,0.6792452931404114
Gender: Female,230,0.5518207550048828,0.2708333432674408,0.3767507076263428,0.2819350063800812,0.34210526943206787
Age: 50-65,230,0.6005830764770508,0.5648148059844971,0.5544217824935913,0.5255709886550903,0.5384615659713745
Race: White,230,0.520061731338501,0.43050193786621094,0.4444444477558136,0.40863651037216187,0.4313725531101227
Race: Other,230,0.6818181276321411,0.6611721515655518,0.6666666269302368,0.6173160076141357,0.6176470518112183
Overall,231,0.6159833669662476,0.6590908765792847,0.619875431060791,0.5828254222869873,0.6022727489471436
Gender: Male,231,0.7926267385482788,0.8038277626037598,0.7926267385482788,0.796875,0.8076923489570618
Gender: Female,231,0.6961538791656494,0.4696969985961914,0.48846152424812317,0.27826783061027527,0.3055555522441864
Age: 50-65,231,0.6159833669662476,0.6590908765792847,0.619875431060791,0.5828254222869873,0.6022727489471436
Race: White,231,0.5551470518112183,0.5267094373703003,0.5229779481887817,0.44528302550315857,0.44897958636283875
Race: Other,231,0.7807692289352417,0.8402777910232544,0.7826923131942749,0.7954545617103577,0.8181818723678589
Overall,232,0.5931966304779053,0.6346516013145447,0.6332712173461914,0.599955677986145,0.6000000238418579
Gender: Male,232,0.7003577947616577,0.7153846025466919,0.7254024744033813,0.694625973701477,0.695652186870575
Gender: Female,232,0.3636363744735718,0.34166666865348816,0.3848484754562378,0.32104453444480896,0.3461538553237915
Age: 50-65,232,0.5931966304779053,0.6346516013145447,0.6332712173461914,0.599955677986145,0.6000000238418579
Race: White,232,0.42959004640579224,0.49275362491607666,0.49197864532470703,0.47240257263183594,0.47999998927116394
Race: Other,232,0.7866666913032532,0.7777777910232544,0.7599999904632568,0.6992481350898743,0.699999988079071
Overall,233,0.5804511308670044,0.5424107313156128,0.538095235824585,0.4861556887626648,0.489130437374115
Gender: Male,233,0.6383333206176758,0.6288244724273682,0.6333333253860474,0.6186270713806152,0.6200000047683716
Gender: Female,233,0.604938268661499,0.36216217279434204,0.43703705072402954,0.29326921701431274,0.3333333432674408
Age: 50-65,233,0.5804511308670044,0.5424107313156128,0.538095235824585,0.4861556887626648,0.489130437374115
Race: White,233,0.4739495515823364,0.43697482347488403,0.43697482347488403,0.38461539149284363,0.38461539149284363
Race: Other,233,0.7214285731315613,0.6699604988098145,0.6535714268684387,0.6146469116210938,0.6176470518112183
Overall,234,0.6625713109970093,0.7216901779174805,0.6726634502410889,0.6329284906387329,0.6458333730697632
Gender: Male,234,0.736742377281189,0.7800207138061523,0.7561553120613098,0.7490347623825073,0.7538461685180664
Gender: Female,234,0.7545454502105713,0.6896551847457886,0.550000011920929,0.3659090995788574,0.4193548262119293
Age: 50-65,234,0.6625713109970093,0.7216901779174805,0.6726634502410889,0.6329284906387329,0.6458333730697632
Race: White,234,0.5155172348022461,0.6047297120094299,0.5801724195480347,0.517757773399353,0.5306122303009033
Race: Other,234,0.8753622770309448,0.800000011920929,0.782608687877655,0.7361111044883728,0.7368420958518982
Overall,235,0.6375609636306763,0.6459677219390869,0.6324390172958374,0.6106833219528198,0.6153846383094788
Gender: Male,235,0.7389706373214722,0.7107843160629272,0.7107843160629272,0.6896551847457886,0.6896551847457886
Gender: Female,235,0.45588237047195435,0.4642857313156128,0.47610294818878174,0.4327603578567505,0.4848484992980957
Age: 50-65,235,0.6375609636306763,0.6459677219390869,0.6324390172958374,0.6106833219528198,0.6153846383094788
Race: White,235,0.4476190209388733,0.49259868264198303,0.4928571581840515,0.4697728157043457,0.4705882668495178
Race: Other,235,0.8978328108787537,0.8541666269302368,0.8157894611358643,0.8017308712005615,0.8055555820465088
Overall,236,0.553158700466156,0.6265320777893066,0.5901386737823486,0.4881470799446106,0.5
Gender: Male,236,0.7083333730697632,0.7650861740112305,0.7440476417541504,0.7300000190734863,0.7333333492279053
Gender: Female,236,0.7619047164916992,0.4583333432674408,0.4869047701358795,0.24906015396118164,0.27659574151039124
Age: 50-65,236,0.553158700466156,0.6265320777893066,0.5901386737823486,0.4881470799446106,0.5
Race: White,236,0.4153846204280853,0.4662790596485138,0.4721153974533081,0.31857144832611084,0.3207547068595886
Race: Other,236,0.8333333730697632,0.8199999928474426,0.75,0.7235772609710693,0.7352941036224365
Overall,237,0.5113636255264282,0.6129411458969116,0.5681818127632141,0.5123465061187744,0.554347813129425
Gender: Male,237,0.6857584714889526,0.7902930378913879,0.745356023311615,0.757990837097168,0.7924528121948242
Gender: Female,237,0.4275861978530884,0.2777777910232544,0.4172413945198059,0.20516304671764374,0.23076923191547394
Age: 50-65,237,0.5113636255264282,0.6129411458969116,0.5681818127632141,0.5123465061187744,0.554347813129425
Race: White,237,0.4644886553287506,0.5045454502105713,0.5028408765792847,0.4155844449996948,0.4444444477558136
Race: Other,237,0.6919642686843872,0.7546584010124207,0.6830357313156128,0.6703296899795532,0.7000000476837158
Overall,238,0.5821276903152466,0.5479208827018738,0.5402127504348755,0.5240856409072876,0.5463917255401611
Gender: Male,238,0.8214285969734192,0.739234447479248,0.7232142686843872,0.7088465690612793,0.7115384936332703
Gender: Female,238,0.46963563561439514,0.22857142984867096,0.3076923191547394,0.26229506731033325,0.35555556416511536
Age: 50-65,238,0.5821276903152466,0.5479208827018738,0.5402127504348755,0.5240856409072876,0.5463917255401611
Race: White,238,0.434567928314209,0.4027026891708374,0.41111111640930176,0.3943749964237213,0.4035087823867798
Race: Other,238,0.8671875,0.770531415939331,0.71875,0.7046153545379639,0.71875
Overall,239,0.6330782175064087,0.5837395191192627,0.5803571343421936,0.5600793361663818,0.5612244606018066
Gender: Male,239,0.7326388955116272,0.6746795177459717,0.6892361044883728,0.6715927720069885,0.6800000071525574
Gender: Female,239,0.5729166269302368,0.4115478992462158,0.4375,0.39297422766685486,0.4375
Age: 50-65,239,0.6330782175064087,0.5837395191192627,0.5803571343421936,0.5600793361663818,0.5612244606018066
Race: White,239,0.5349999666213989,0.5,0.5,0.47620391845703125,0.4833333492279053
Race: Other,239,0.736842155456543,0.6833333373069763,0.6543859839439392,0.6520930528640747,0.6764705777168274
Overall,240,0.6800847053527832,0.6568409204483032,0.6493644118309021,0.5819632411003113,0.5824176073074341
Gender: Male,240,0.7534722089767456,0.7289562225341797,0.7361111044883728,0.7159565687179565,0.7166666984558105
Gender: Female,240,0.8804347515106201,0.6379310488700867,0.54347825050354,0.29621621966362,0.32258063554763794
Age: 50-65,240,0.6800847053527832,0.6568409204483032,0.6493644118309021,0.5819632411003113,0.5824176073074341
Race: White,240,0.5153152942657471,0.5153152942657471,0.5153152942657471,0.42307692766189575,0.42307692766189575
Race: Other,240,0.9227272272109985,0.7777777910232544,0.8181818127632141,0.7460317611694336,0.75
Overall,241,0.5653021335601807,0.6046735048294067,0.5796783566474915,0.5049095153808594,0.5161290168762207
Gender: Male,241,0.7773913145065308,0.7798861265182495,0.7565217614173889,0.7460317611694336,0.75
Gender: Female,241,0.4663461744785309,0.32499998807907104,0.41586539149284363,0.24273329973220825,0.2666666805744171
Age: 50-65,241,0.5653021335601807,0.6046735048294067,0.5796783566474915,0.5049095153808594,0.5161290168762207
Race: White,241,0.5163043737411499,0.5051020383834839,0.5038043260574341,0.4166666865348816,0.4285714626312256
Race: Other,241,0.688235342502594,0.7631579041481018,0.7352941036224365,0.6648275852203369,0.6666666865348816
Overall,242,0.5802469253540039,0.5315126180648804,0.5264550447463989,0.4891352653503418,0.5
Gender: Male,242,0.8281481266021729,0.7543859481811523,0.7362962961196899,0.7271364331245422,0.7307692766189575
Gender: Female,242,0.40740740299224854,0.18412698805332184,0.2832244038581848,0.20085470378398895,0.22727273404598236
Age: 50-65,242,0.5802469253540039,0.5315126180648804,0.5264550447463989,0.4891352653503418,0.5
Race: White,242,0.4102941155433655,0.3194444477558136,0.3279411792755127,0.2953296899795532,0.29629629850387573
Race: Other,242,0.8280701637268066,0.8125,0.7631579041481018,0.7294429540634155,0.7352941036224365
Overall,243,0.5098645687103271,0.5793682336807251,0.576789140701294,0.5671296119689941,0.5686274766921997
Gender: Male,243,0.7435897588729858,0.7694763541221619,0.7705128192901611,0.7677830457687378,0.7678571939468384
Gender: Female,243,0.2914285659790039,0.3147321343421936,0.34190475940704346,0.31011128425598145,0.32608696818351746
Age: 50-65,243,0.5098645687103271,0.5793682336807251,0.576789140701294,0.5671296119689941,0.5686274766921997
Race: White,243,0.3273809552192688,0.39052286744117737,0.38035714626312256,0.3817567527294159,0.4098360538482666
Race: Other,243,0.6688311696052551,0.8793103694915771,0.75,0.7647058963775635,0.8055555820465088
Overall,244,0.5530232191085815,0.6140873432159424,0.580232560634613,0.5330067276954651,0.5591397881507874
Gender: Male,244,0.6693017482757568,0.6885964870452881,0.6699604988098145,0.6729645729064941,0.6964285969734192
Gender: Female,244,0.6111111640930176,0.6470588445663452,0.5555555820465088,0.3272727429866791,0.3513513505458832
Age: 50-65,244,0.5530232191085815,0.6140873432159424,0.580232560634613,0.5330067276954651,0.5591397881507874
Race: White,244,0.44464609026908875,0.4973684549331665,0.4981851279735565,0.4170040488243103,0.4375
Race: Other,244,0.6800000071525574,0.7194356918334961,0.6749999523162842,0.6576695442199707,0.675000011920929
Overall,245,0.5120667219161987,0.4930555820465088,0.494734525680542,0.4470920264720917,0.46875
Gender: Male,245,0.6692789793014526,0.7111111283302307,0.6786834001541138,0.640282154083252,0.6470588445663452
Gender: Female,245,0.4305555522441864,0.1666666716337204,0.2857142984867096,0.21052631735801697,0.2666666805744171
Age: 50-65,245,0.5120667219161987,0.4930555820465088,0.494734525680542,0.4470920264720917,0.46875
Race: White,245,0.4057142734527588,0.38030093908309937,0.4000000059604645,0.35520362854003906,0.36666667461395264
Race: Other,245,0.7176470756530762,0.7085714340209961,0.6431372761726379,0.6000000238418579,0.625
Overall,246,0.5339505672454834,0.5378605723381042,0.5324074029922485,0.48250001668930054,0.4888888895511627
Gender: Male,246,0.6136363744735718,0.5791666507720947,0.5719696879386902,0.557692289352417,0.5652173757553101
Gender: Female,246,0.6214286088943481,0.5117647051811218,0.5095238089561462,0.40416666865348816,0.40909093618392944
Age: 50-65,246,0.5339505672454834,0.5378605723381042,0.5324074029922485,0.48250001668930054,0.4888888895511627
Race: White,246,0.4422764182090759,0.4476190507411957,0.43739837408065796,0.38580644130706787,0.392857164144516
Race: Other,246,0.629807710647583,0.5916666984558105,0.5528846383094788,0.5166666507720947,0.5862069129943848
Overall,247,0.5235892534255981,0.567123293876648,0.5453283786773682,0.5068181753158569,0.5483871102333069
Gender: Male,247,0.7475490570068359,0.795976996421814,0.7524510025978088,0.7599219083786011,0.7804877758026123
Gender: Female,247,0.5502249002456665,0.3181818127632141,0.40404796600341797,0.30778539180755615,0.36538463830947876
Age: 50-65,247,0.5235892534255981,0.567123293876648,0.5453283786773682,0.5068181753158569,0.5483871102333069
Race: White,247,0.48079878091812134,0.40900900959968567,0.42242705821990967,0.3763118386268616,0.38461539149284363
Race: Other,247,0.634920597076416,0.875,0.7083333134651184,0.7226890921592712,0.7878788113594055
Overall,248,0.5154061317443848,0.5346153974533081,0.529411792755127,0.5189655423164368,0.5483871102333069
Gender: Male,248,0.5896464586257935,0.6378378868103027,0.6287878751754761,0.6298701763153076,0.6491228342056274
Gender: Female,248,0.5370370149612427,0.3392857313156128,0.3888888955116272,0.33779263496398926,0.3888888955116272
Age: 50-65,248,0.5154061317443848,0.5346153974533081,0.529411792755127,0.5189655423164368,0.5483871102333069
Race: White,248,0.4583333134651184,0.4749999940395355,0.4773809313774109,0.46691176295280457,0.48275861144065857
Race: Other,248,0.625,0.6220238208770752,0.598557710647583,0.5894466042518616,0.6206896305084229
Overall,249,0.6031031012535095,0.5153846144676208,0.5130130052566528,0.4647058844566345,0.47252747416496277
Gender: Male,249,0.65625,0.6285713911056519,0.625,0.6223776340484619,0.625
Gender: Female,249,0.6589744091033936,0.38513511419296265,0.4346154034137726,0.28333333134651184,0.302325576543808
Age: 50-65,249,0.6031031012535095,0.5153846144676208,0.5130130052566528,0.4647058844566345,0.47252747416496277
Race: White,249,0.48706895112991333,0.38793104887008667,0.38793104887008667,0.35555556416511536,0.35555556416511536
Race: Other,249,0.683574914932251,0.6580644845962524,0.6183574795722961,0.5689548254013062,0.5853658318519592
Overall,250,0.5224868059158325,0.53722083568573,0.5330687761306763,0.5039032697677612,0.5104166865348816
Gender: Male,250,0.6758241653442383,0.7622721195220947,0.7568681240081787,0.757177472114563,0.7592592835426331
Gender: Female,250,0.40051019191741943,0.16544118523597717,0.2678571343421936,0.1736111044883728,0.190476194024086
Age: 50-65,250,0.5224868059158325,0.53722083568573,0.5330687761306763,0.5039032697677612,0.5104166865348816
Race: White,250,0.33212560415267944,0.3919082283973694,0.3919082283973694,0.37288135290145874,0.37288135290145874
Race: Other,250,0.8627450466156006,0.8125,0.7352941036224365,0.7046153545379639,0.71875
Overall,251,0.589545488357544,0.627525269985199,0.5918182134628296,0.5498084425926208,0.5744680762290955
Gender: Male,251,0.7020089626312256,0.7784091234207153,0.71875,0.7129186391830444,0.7333333492279053
Gender: Female,251,0.48106062412261963,0.3095238208770752,0.3787878751754761,0.27142858505249023,0.29411765933036804
Age: 50-65,251,0.589545488357544,0.627525269985199,0.5918182134628296,0.5498084425926208,0.5744680762290955
Race: White,251,0.48868778347969055,0.48521503806114197,0.4875565767288208,0.43421053886413574,0.44186046719551086
Race: Black,251,0.0,0.40909090638160706,0.5,0.44999998807907104,0.8181818723678589
Race: Other,251,0.732323169708252,0.7333333492279053,0.6767676472663879,0.6354166269302368,0.6500000357627869
Overall,252,0.543722927570343,0.5074223875999451,0.5047619342803955,0.43198198080062866,0.4639175236225128
Gender: Male,252,0.6579710245132446,0.6727641820907593,0.6231884360313416,0.566220223903656,0.5849056839942932
Gender: Female,252,0.5157895088195801,0.24710425734519958,0.36210528016090393,0.2633928656578064,0.3181818127632141
Age: 50-65,252,0.543722927570343,0.5074223875999451,0.5047619342803955,0.43198198080062866,0.4639175236225128
Race: White,252,0.47731757164001465,0.4134615361690521,0.4423076808452606,0.3589743673801422,0.38461539149284363
Race: Other,252,0.75,0.6775362491607666,0.6177884340286255,0.560606062412262,0.5862069129943848
Overall,253,0.5490384101867676,0.5766233801841736,0.5567307472229004,0.5027027130126953,0.52173912525177
Gender: Male,253,0.6762820482254028,0.7156863212585449,0.6939102411270142,0.6899545192718506,0.699999988079071
Gender: Female,253,0.5867346525192261,0.34864866733551025,0.4285714328289032,0.2762923240661621,0.3095238208770752
Age: 50-65,253,0.5490384101867676,0.5766233801841736,0.5567307472229004,0.5027027130126953,0.52173912525177
Race: White,253,0.44152045249938965,0.4442508816719055,0.4532163739204407,0.3766666650772095,0.38181817531585693
Race: Other,253,0.7708333134651184,0.7635869979858398,0.7020833492279053,0.6889631748199463,0.7096773982048035
Overall,254,0.5620265007019043,0.593896746635437,0.5662878751754761,0.5246376991271973,0.554347813129425
Gender: Male,254,0.7883597612380981,0.7179487347602844,0.7023809552192688,0.7076923251152039,0.7368420958518982
Gender: Female,254,0.46296295523643494,0.4427083432674408,0.47453704476356506,0.24166667461395264,0.2571428716182709
Age: 50-65,254,0.5620265007019043,0.593896746635437,0.5662878751754761,0.5246376991271973,0.554347813129425
Race: White,254,0.4629629850387573,0.45673078298568726,0.4629629850387573,0.41499999165534973,0.42222222685813904
Race: Black,254,0.0,0.4375,0.5,0.46666666865348816,0.875
Race: Other,254,0.6973683834075928,0.676630437374115,0.6425438523292542,0.573544979095459,0.5806451439857483
Overall,255,0.5140140056610107,0.5297814011573792,0.5272772908210754,0.49149659276008606,0.49450549483299255
Gender: Male,255,0.6785714626312256,0.6275862455368042,0.6278802156448364,0.6270114779472351,0.6271186470985413
Gender: Female,255,0.41545891761779785,0.12903225421905518,0.4444444477558136,0.20000000298023224,0.25
Age: 50-65,255,0.5140140056610107,0.5297814011573792,0.5272772908210754,0.49149659276008606,0.49450549483299255
Race: White,255,0.3940972089767456,0.3970588445663452,0.4027777910232544,0.3589743673801422,0.35999998450279236
Race: Black,255,0.0,0.375,0.5,0.4285714328289032,0.75
Race: Other,255,0.6736842393875122,0.6261904835700989,0.6394736766815186,0.6133333444595337,0.6206896305084229
Overall,256,0.5110152959823608,0.5892857313156128,0.5718390941619873,0.5025310516357422,0.5106382966041565
Gender: Male,256,0.7668038606643677,0.7790143489837646,0.7407407760620117,0.7315341234207153,0.7407407760620117
Gender: Female,256,0.3655914068222046,0.29004329442977905,0.3261649012565613,0.19799497723579407,0.20000000298023224
Age: 50-65,256,0.5110152959823608,0.5892857313156128,0.5718390941619873,0.5025310516357422,0.5106382966041565
Race: White,256,0.46052634716033936,0.5277777910232544,0.5246710777282715,0.46731141209602356,0.4705882668495178
Race: Other,256,0.4923076629638672,0.6111111044883728,0.6038461327552795,0.47181469202041626,0.472222238779068
Overall,257,0.5890073776245117,0.5942028760910034,0.5799835920333862,0.554007351398468,0.5656565427780151
Gender: Male,257,0.6596596240997314,0.7041666507720947,0.6961961984634399,0.6711524724960327,0.671875
Gender: Female,257,0.4934210181236267,0.22413793206214905,0.34210526943206787,0.2708333432674408,0.37142857909202576
Age: 50-65,257,0.5890073776245117,0.5942028760910034,0.5799835920333862,0.554007351398468,0.5656565427780151
Race: White,257,0.4236111044883728,0.4083191752433777,0.40625,0.37975192070007324,0.3799999952316284
Race: Black,257,0.0,0.44999998807907104,0.5,0.4736842215061188,0.9000000357627869
Race: Other,257,0.7578946948051453,0.7759740352630615,0.7236841917037964,0.7055593729019165,0.7179487347602844
Overall,258,0.519713282585144,0.5225225687026978,0.5179211497306824,0.440591961145401,0.44897958636283875
Gender: Male,258,0.5636363625526428,0.6021276712417603,0.5818182229995728,0.4935441315174103,0.5
Gender: Female,258,0.44155845046043396,0.3888888955116272,0.41233766078948975,0.3485444486141205,0.3611111044883728
Age: 50-65,258,0.519713282585144,0.5225225687026978,0.5179211497306824,0.440591961145401,0.44897958636283875
Race: White,258,0.4050387740135193,0.4144144058227539,0.3895348906517029,0.3191702961921692,0.3272727131843567
Race: Other,258,0.5643274784088135,0.6075268983840942,0.5584795475006104,0.5066666603088379,0.5675675868988037
Overall,259,0.558674693107605,0.6017441749572754,0.5322135090827942,0.4054472744464874,0.4787233769893646
Gender: Male,259,0.6326923370361328,0.7291666269302368,0.6057692170143127,0.5710955858230591,0.6521739363670349
Gender: Female,259,0.6949495077133179,0.4021739065647125,0.48181819915771484,0.2580796182155609,0.3125
Age: 50-65,259,0.558674693107605,0.6017441749572754,0.5322135090827942,0.4054472744464874,0.4787233769893646
Race: White,259,0.6654411554336548,0.4021739065647125,0.46691176295280457,0.2784380316734314,0.3199999928474426
Race: Other,259,0.5526316165924072,0.7878787517547607,0.6111111044883728,0.5472028255462646,0.6216216087341309
Overall,260,0.5339893102645874,0.5117753744125366,0.5087209343910217,0.4602898359298706,0.4842105507850647
Gender: Male,260,0.6864197254180908,0.6431623697280884,0.6240741014480591,0.6041666865348816,0.6140350699424744
Gender: Female,260,0.46022725105285645,0.1666666716337204,0.34375,0.22448979318141937,0.28947368264198303
Age: 50-65,260,0.5339893102645874,0.5117753744125366,0.5087209343910217,0.4602898359298706,0.4842105507850647
Race: White,260,0.45009076595306396,0.3760504126548767,0.39292195439338684,0.34708207845687866,0.3541666865348816
Race: Other,260,0.5830039978027344,0.6805555820465088,0.6156126260757446,0.5817386507987976,0.6222222447395325
Overall,261,0.5140503644943237,0.5464788675308228,0.5319766998291016,0.48348814249038696,0.5164835453033447
Gender: Male,261,0.710606038570404,0.6773648262023926,0.6590908765792847,0.6634920835494995,0.698113203048706
Gender: Female,261,0.46785715222358704,0.36764705181121826,0.4357143044471741,0.2443181872367859,0.2631579041481018
Age: 50-65,261,0.5140503644943237,0.5464788675308228,0.5319766998291016,0.48348814249038696,0.5164835453033447
Race: White,261,0.3717358112335205,0.3589743673801422,0.3901689648628235,0.33030304312705994,0.3461538553237915
Race: Other,261,0.6911764740943909,0.8333333730697632,0.7058823704719543,0.6916666626930237,0.7297297716140747
Overall,262,0.5464427471160889,0.6014492511749268,0.5726284384727478,0.5363888740539551,0.5666666626930237
Gender: Male,262,0.6346801519393921,0.6720430254936218,0.6616162061691284,0.6620689630508423,0.6734693646430969
Gender: Female,262,0.6299019455909729,0.5438596606254578,0.5122548937797546,0.36498314142227173,0.4390243887901306
Age: 50-65,262,0.5464427471160889,0.6014492511749268,0.5726284384727478,0.5363888740539551,0.5666666626930237
Race: White,262,0.42814815044403076,0.511904776096344,0.5074074268341064,0.4616977572441101,0.5192307829856873
Race: Other,262,0.7433333396911621,0.6799242496490479,0.6583333015441895,0.6236559152603149,0.6285714507102966
Overall,263,0.4314049482345581,0.48204290866851807,0.4840909242630005,0.4566635489463806,0.46464645862579346
Gender: Male,263,0.8074533939361572,0.7722222208976746,0.72826087474823,0.698462724685669,0.7058823704719543
Gender: Female,263,0.11816577613353729,0.20113852620124817,0.2222222238779068,0.20279720425605774,0.2083333432674408
Age: 50-65,263,0.4314049482345581,0.48204290866851807,0.4840909242630005,0.4566635489463806,0.46464645862579346
Race: White,263,0.3279132843017578,0.38553112745285034,0.38708221912384033,0.36751025915145874,0.36764705181121826
Race: Other,263,0.6547619104385376,0.7416666746139526,0.6726190447807312,0.6601307392120361,0.692307710647583
Overall,264,0.5249999761581421,0.5869565010070801,0.5718749761581421,0.48419421911239624,0.489130437374115
Gender: Male,264,0.6978021860122681,0.709022581577301,0.6909340620040894,0.6798046827316284,0.6851851940155029
Gender: Female,264,0.59375,0.4485294222831726,0.4635416567325592,0.2083333432674408,0.21052631735801697
Age: 50-65,264,0.5249999761581421,0.5869565010070801,0.5718749761581421,0.48419421911239624,0.489130437374115
Race: White,264,0.48380568623542786,0.4444444477558136,0.4392712712287903,0.35194456577301025,0.3529411852359772
Race: Other,264,0.5499999523162842,0.7692307829856873,0.699999988079071,0.6357142925262451,0.6470588445663452
Overall,265,0.5414676666259766,0.6111793518066406,0.5785931348800659,0.5418460965156555,0.5729166865348816
Gender: Male,265,0.7025462985038757,0.8189393877983093,0.7436342239379883,0.7412281036376953,0.7627118825912476
Gender: Female,265,0.46060603857040405,0.22142857313156128,0.3227272927761078,0.2344827651977539,0.27027028799057007
Age: 50-65,265,0.5414676666259766,0.6111793518066406,0.5785931348800659,0.5418460965156555,0.5729166865348816
Race: White,265,0.44134896993637085,0.5105262994766235,0.5087976455688477,0.4623188376426697,0.4716981053352356
Race: Other,265,0.6840277910232544,0.7433862686157227,0.6597222089767456,0.6386473178863525,0.6764705777168274
Overall,266,0.5447269678115845,0.4508094787597656,0.46280601620674133,0.3866802453994751,0.4000000059604645
Gender: Male,266,0.7835497856140137,0.6702381372451782,0.6547619104385376,0.6442360877990723,0.6511628031730652
Gender: Female,266,0.5333333015441895,0.17142857611179352,0.31351351737976074,0.1727272868156433,0.19230769574642181
Age: 50-65,266,0.5447269678115845,0.4508094787597656,0.46280601620674133,0.3866802453994751,0.4000000059604645
Race: White,266,0.5051162242889404,0.3921568691730499,0.4130232334136963,0.3438596725463867,0.3529411852359772
Race: Other,266,0.7523809671401978,0.5764706134796143,0.561904788017273,0.44999998807907104,0.4545454680919647
Overall,267,0.5211000442504883,0.5197916626930237,0.5180180072784424,0.475816547870636,0.4787233769893646
Gender: Male,267,0.6947250366210938,0.6800000071525574,0.6767677068710327,0.6662958860397339,0.6666666865348816
Gender: Female,267,0.27916666865348816,0.08620689809322357,0.25,0.12820513546466827,0.14705882966518402
Age: 50-65,267,0.5211000442504883,0.5197916626930237,0.5180180072784424,0.475816547870636,0.4787233769893646
Race: White,267,0.25555557012557983,0.31453636288642883,0.2650793790817261,0.24358975887298584,0.2542372941970825
Race: Other,267,0.9138755798339844,0.8730158805847168,0.8373205661773682,0.8500000238418579,0.8666667342185974
Overall,268,0.5870406627655029,0.5804398059844971,0.5672146677970886,0.544544517993927,0.5604395866394043
Gender: Male,268,0.6117969751358032,0.6534091234207153,0.6481481790542603,0.6451054811477661,0.6481481790542603
Gender: Female,268,0.6852941513061523,0.41874998807907104,0.46176472306251526,0.36571431159973145,0.4324324429035187
Age: 50-65,268,0.5870406627655029,0.5804398059844971,0.5672146677970886,0.544544517993927,0.5604395866394043
Race: White,268,0.3976608216762543,0.44834309816360474,0.44834309816360474,0.43478259444236755,0.43478262424468994
Race: Other,268,0.7615740299224854,0.7757352590560913,0.6736111044883728,0.6657825112342834,0.7142857313156128
Overall,269,0.5737240314483643,0.54347825050354,0.532608687877655,0.5014492869377136,0.532608687877655
Gender: Male,269,0.6323076486587524,0.7205357551574707,0.6899999976158142,0.6761904954910278,0.686274528503418
Gender: Female,269,0.5857143402099609,0.20588235557079315,0.3333333432674408,0.2545454502105713,0.3414633870124817
Age: 50-65,269,0.5737240314483643,0.54347825050354,0.532608687877655,0.5014492869377136,0.532608687877655
Race: White,269,0.334319531917572,0.24057649075984955,0.32692310214042664,0.2658329904079437,0.32692310214042664
Race: Other,269,0.9005848169326782,0.8600000143051147,0.8157894611358643,0.8057013750076294,0.8108108043670654
Overall,270,0.5857577323913574,0.6439075469970703,0.6189752817153931,0.5988706946372986,0.6145833730697632
Gender: Male,270,0.8715814352035522,0.8295454978942871,0.8103448152542114,0.8075414896011353,0.8103448152542114
Gender: Female,270,0.20555555820465088,0.1875,0.3333333432674408,0.23999999463558197,0.31578946113586426
Age: 50-65,270,0.5857577323913574,0.6439075469970703,0.6189752817153931,0.5988706946372986,0.6145833730697632
Race: White,270,0.43115943670272827,0.44155845046043396,0.45108696818351746,0.42575186491012573,0.44680848717689514
Race: Black,270,0.0,0.4545454680919647,0.5,0.4761904776096344,0.9090909361839294
Race: Other,270,0.7797619104385376,0.7916666269302368,0.7916666269302368,0.7368420958518982,0.7368420958518982
Overall,271,0.4938596487045288,0.5186703205108643,0.5179824233055115,0.4939848780632019,0.49484533071517944
Gender: Male,271,0.7742424011230469,0.7565217614173889,0.7681818008422852,0.7350000143051147,0.7358490824699402
Gender: Female,271,0.2979167103767395,0.1674937903881073,0.22083333134651184,0.18388977646827698,0.20454546809196472
Age: 50-65,271,0.4938596487045288,0.5186703205108643,0.5179824233055115,0.4939848780632019,0.49484533071517944
Race: White,271,0.3224242329597473,0.3700980544090271,0.371515154838562,0.36187928915023804,0.36206895112991333
Race: Other,271,0.7591973543167114,0.7708333730697632,0.760869562625885,0.6942085027694702,0.694444477558136
Overall,272,0.5104895234107971,0.5254079103469849,0.5254079103469849,0.4693877696990967,0.4693877398967743
Gender: Male,272,0.6589146852493286,0.670769214630127,0.6843854188919067,0.6235294342041016,0.625
Gender: Female,272,0.3030303120613098,0.1586538553237915,0.23106059432029724,0.16491228342056274,0.1764705926179886
Age: 50-65,272,0.5104895234107971,0.5254079103469849,0.5254079103469849,0.4693877696990967,0.4693877398967743
Race: White,272,0.38927334547042847,0.3881579041481018,0.38235294818878174,0.35194456577301025,0.3529411852359772
Race: Other,272,0.662756621837616,0.6428571343421936,0.6642228960990906,0.5452991724014282,0.5476190447807312
Overall,273,0.5235576629638672,0.6402597427368164,0.5778846144676208,0.49534380435943604,0.532608687877655
Gender: Male,273,0.7333333492279053,0.7870967388153076,0.728205144405365,0.7410526275634766,0.7804877758026123
Gender: Female,273,0.5945945978164673,0.541304349899292,0.5183397531509399,0.31190475821495056,0.3333333432674408
Age: 50-65,273,0.5235576629638672,0.6402597427368164,0.5778846144676208,0.49534380435943604,0.532608687877655
Race: White,273,0.5328719615936279,0.6451219320297241,0.6029411554336548,0.4804075360298157,0.4901961088180542
Race: Other,273,0.5592105388641357,0.5833333730697632,0.5411183834075928,0.4897959232330322,0.5714285969734192
Overall,274,0.599056601524353,0.6263513565063477,0.6202830076217651,0.6061965823173523,0.6082473993301392
Gender: Male,274,0.6941176056861877,0.735581636428833,0.7362744808197021,0.7343101501464844,0.734375
Gender: Female,274,0.5939849615097046,0.35185185074806213,0.40977445244789124,0.323902428150177,0.3636363744735718
Age: 50-65,274,0.599056601524353,0.6263513565063477,0.6202830076217651,0.6061965823173523,0.6082473993301392
Race: White,274,0.3746129870414734,0.45014244318008423,0.4458204507827759,0.44007283449172974,0.4528301954269409
Race: Black,274,0.0,0.44999998807907104,0.5,0.4736842215061188,0.9000000357627869
Race: Other,274,0.7986111044883728,0.8333333730697632,0.7777777910232544,0.7571429014205933,0.7647058963775635
Overall,275,0.5198347568511963,0.44351351261138916,0.456818163394928,0.4327603578567505,0.4848484992980957
Gender: Male,275,0.5566778779029846,0.5767045021057129,0.560606062412262,0.5469646453857422,0.5833333730697632
Gender: Female,275,0.5267379283905029,0.21666666865348816,0.2954545319080353,0.25,0.3333333432674408
Age: 50-65,275,0.5198347568511963,0.44351351261138916,0.456818163394928,0.4327603578567505,0.4848484992980957
Race: White,275,0.5018116235733032,0.3398268520832062,0.3659420311450958,0.3374060094356537,0.3617021143436432
Race: Other,275,0.45192307233810425,0.5129870176315308,0.509615421295166,0.48915916681289673,0.54347825050354
Overall,276,0.4932079315185547,0.4993412494659424,0.4994775354862213,0.42009803652763367,0.4285714328289032
Gender: Male,276,0.5820105671882629,0.6153846383094788,0.60317462682724,0.5828877091407776,0.5897436141967773
Gender: Female,276,0.4630630612373352,0.40568476915359497,0.43423423171043396,0.29835081100463867,0.3076923191547394
Age: 50-65,276,0.4932079315185547,0.4993412494659424,0.4994775354862213,0.42009803652763367,0.4285714328289032
Race: White,276,0.3659090995788574,0.36944445967674255,0.3397727310657501,0.2700193524360657,0.27450981736183167
Race: Other,276,0.6431372165679932,0.6171428561210632,0.5803921818733215,0.5333333015441895,0.5625
Overall,277,0.6778260469436646,0.6703550815582275,0.6439130306243896,0.623613715171814,0.6354166865348816
Gender: Male,277,0.7999999523162842,0.8333333730697632,0.8282051086425781,0.8212004899978638,0.8214285969734192
Gender: Female,277,0.5924999713897705,0.2142857164144516,0.375,0.27272728085517883,0.375
Age: 50-65,277,0.6778260469436646,0.6703550815582275,0.6439130306243896,0.623613715171814,0.6354166865348816
Race: White,277,0.4954838752746582,0.5062500238418579,0.5051612854003906,0.46841245889663696,0.4821428656578064
Race: Other,277,0.940740704536438,0.875,0.8611111044883728,0.8479262590408325,0.8484848737716675
Overall,278,0.5,0.4774436354637146,0.47857144474983215,0.46276596188545227,0.4653465151786804
Gender: Male,278,0.5978378057479858,0.6275132298469543,0.63027024269104,0.612500011920929,0.6129032373428345
Gender: Female,278,0.36315786838531494,0.1607142835855484,0.22499999403953552,0.1875,0.23076923191547394
Age: 50-65,278,0.5,0.4774436354637146,0.47857144474983215,0.46276596188545227,0.4653465151786804
Race: White,278,0.35374999046325684,0.3206250071525574,0.3206250071525574,0.31578946113586426,0.31578946113586426
Race: Other,278,0.6985507607460022,0.6830769181251526,0.6724637746810913,0.6305555105209351,0.6315789222717285
Overall,279,0.5254237651824951,0.5300546884536743,0.5292978286743164,0.489130437374115,0.4893616735935211
Gender: Male,279,0.6981481313705444,0.6826087236404419,0.6944444179534912,0.6807095408439636,0.6875
Gender: Female,279,0.4097363352775574,0.2697368264198303,0.3580121695995331,0.25405406951904297,0.28260868787765503
Age: 50-65,279,0.5254237651824951,0.5300546884536743,0.5292978286743164,0.489130437374115,0.4893616735935211
Race: White,279,0.25868725776672363,0.3145161271095276,0.27799227833747864,0.2643274962902069,0.27450981736183167
Race: Other,279,0.8264706134796143,0.7948718070983887,0.7705882787704468,0.7538802623748779,0.7567567825317383
Overall,280,0.5193424224853516,0.5617007613182068,0.5466634631156921,0.512499988079071,0.5384615659713745
Gender: Male,280,0.6373625993728638,0.6781609058380127,0.6703296899795532,0.6713286638259888,0.6808510422706604
Gender: Female,280,0.45299142599105835,0.39230769872665405,0.45512819290161133,0.3276740312576294,0.3863636553287506
Age: 50-65,280,0.5193424224853516,0.5617007613182068,0.5466634631156921,0.512499988079071,0.5384615659713745
Race: White,280,0.488095223903656,0.5327540040016174,0.5265151262283325,0.49166667461395264,0.5081967115402222
Race: Other,280,0.6208791732788086,0.5952380895614624,0.5659340620040894,0.5235294103622437,0.5555555820465088
Overall,281,0.5786364078521729,0.5736231803894043,0.5577272772789001,0.523067831993103,0.542553186416626
Gender: Male,281,0.7000000476837158,0.7236559391021729,0.699999988079071,0.6700143814086914,0.6739130616188049
Gender: Female,281,0.5138888359069824,0.37368422746658325,0.4166666567325592,0.36242884397506714,0.4166666865348816
Age: 50-65,281,0.5786364078521729,0.5736231803894043,0.5577272772789001,0.523067831993103,0.542553186416626
Race: White,281,0.3590909242630005,0.4210084080696106,0.42878788709640503,0.3982829451560974,0.4038461744785309
Race: Other,281,0.8958333730697632,0.807692289352417,0.7222222089767456,0.6886447072029114,0.7058823704719543
Overall,282,0.6528046131134033,0.6331018209457397,0.6112185716629028,0.5900900959968567,0.6043956279754639
Gender: Male,282,0.7663043737411499,0.8065134286880493,0.7898551225662231,0.7847985029220581,0.7872340083122253
Gender: Female,282,0.672877848148346,0.380952388048172,0.42236024141311646,0.3616071343421936,0.40909093618392944
Age: 50-65,282,0.6528046131134033,0.6331018209457397,0.6112185716629028,0.5900900959968567,0.6043956279754639
Race: White,282,0.3776683211326599,0.41904762387275696,0.43021348118782043,0.39123374223709106,0.3999999761581421
Race: Other,282,0.920634925365448,0.8888888955116272,0.8333333730697632,0.8374999761581421,0.8461538553237915
Overall,283,0.5699999928474426,0.5274122953414917,0.5199999809265137,0.485199511051178,0.5199999809265137
Gender: Male,283,0.6891025900840759,0.7000000476837158,0.6682692170143127,0.6486151218414307,0.6599999666213989
Gender: Female,283,0.48557692766189575,0.2750677466392517,0.3669871985912323,0.29895976185798645,0.3799999952316284
Age: 50-65,283,0.5699999928474426,0.5274122953414917,0.5199999809265137,0.485199511051178,0.5199999809265137
Race: White,283,0.3611111044883728,0.27395832538604736,0.29907405376434326,0.26831501722335815,0.27659574151039124
Race: Black,283,0.0,1.0,1.0,1.0,1.0
Race: Other,283,0.7869565486907959,0.7941176891326904,0.695652186870575,0.6516203880310059,0.6744186282157898
Overall,284,0.4755747318267822,0.4448584318161011,0.4468390643596649,0.41429704427719116,0.41489359736442566
Gender: Male,284,0.6344537734985352,0.5799731016159058,0.5833333730697632,0.5623342394828796,0.5636363625526428
Gender: Female,284,0.3305555582046509,0.17222222685813904,0.2541666626930237,0.1858585923910141,0.20512820780277252
Age: 50-65,284,0.4755747318267822,0.4448584318161011,0.4468390643596649,0.41429704427719116,0.41489359736442566
Race: White,284,0.37578946352005005,0.3333333432674408,0.34526315331459045,0.3146976828575134,0.3174603283405304
Race: Other,284,0.625,0.6041666269302368,0.625,0.5625,0.5714285969734192
Overall,285,0.5319148302078247,0.5921543836593628,0.5656028389930725,0.5334770679473877,0.5684210658073425
Gender: Male,285,0.6609195470809937,0.705962061882019,0.6747126579284668,0.6640695333480835,0.6779661178588867
Gender: Female,285,0.3333333432674408,0.21875,0.3888888955116272,0.2800000011920929,0.3888888955116272
Age: 50-65,285,0.5319148302078247,0.5921543836593628,0.5656028389930725,0.5334770679473877,0.5684210658073425
Race: White,285,0.3930920958518982,0.40714287757873535,0.41447368264198303,0.37037038803100586,0.37254902720451355
Race: Other,285,0.7564935684204102,0.8666666746139526,0.7142857313156128,0.7230769395828247,0.7777777910232544
Overall,286,0.5139147043228149,0.5571120977401733,0.5491651296615601,0.5377621650695801,0.5591397881507874
Gender: Male,286,0.7606951594352722,0.7426900863647461,0.7219251394271851,0.7277777791023254,0.7500000596046448
Gender: Female,286,0.28484848141670227,0.27097904682159424,0.3015151619911194,0.2616407871246338,0.27027028799057007
Age: 50-65,286,0.5139147043228149,0.5571120977401733,0.5491651296615601,0.5377621650695801,0.5591397881507874
Race: White,286,0.3766578435897827,0.3963963985443115,0.40848806500434875,0.39393937587738037,0.41818180680274963
Race: Other,286,0.7283951044082642,0.7945454716682434,0.75,0.7401764392852783,0.75
Overall,287,0.5298573970794678,0.4869281053543091,0.4893048405647278,0.4715350866317749,0.5052632093429565
Gender: Male,287,0.7633228302001953,0.7138888835906982,0.6810344457626343,0.6819126605987549,0.7058823704719543
Gender: Female,287,0.347107470035553,0.2135416716337204,0.27272728085517883,0.23311546444892883,0.27272728085517883
Age: 50-65,287,0.5298573970794678,0.4869281053543091,0.4893048405647278,0.4715350866317749,0.5052632093429565
Race: White,287,0.4642857313156128,0.4202059209346771,0.42619049549102783,0.41699665784835815,0.43103447556495667
Race: Other,287,0.6715686321258545,0.6594203114509583,0.6078431606292725,0.5972222089767456,0.6551724076271057
Overall,288,0.591911792755127,0.514976978302002,0.5136554837226868,0.4642857313156128,0.46666666865348816
Gender: Male,288,0.7020833492279053,0.6037037372589111,0.6166666746139526,0.5695971250534058,0.5744680762290955
Gender: Female,288,0.4583333134651184,0.3107143044471741,0.3837719261646271,0.30324074625968933,0.3488371968269348
Age: 50-65,288,0.591911792755127,0.514976978302002,0.5136554837226868,0.4642857313156128,0.46666666865348816
Race: White,288,0.46992480754852295,0.3975563943386078,0.3975563943386078,0.38297873735427856,0.3829787075519562
Race: Other,288,0.7564102411270142,0.734375,0.6730769276618958,0.5762917995452881,0.5853658318519592
Overall,289,0.6545073390007019,0.6349206566810608,0.6247379779815674,0.6081649661064148,0.6122449040412903
Gender: Male,289,0.7478005886077881,0.726726770401001,0.7214076519012451,0.7176470756530762,0.71875
Gender: Female,289,0.5607142448425293,0.442307710647583,0.4571428596973419,0.3928571343421936,0.4117647111415863
Age: 50-65,289,0.6545073390007019,0.6349206566810608,0.6247379779815674,0.6081649661064148,0.6122449040412903
Race: White,289,0.6093189716339111,0.5820707082748413,0.5776582956314087,0.5657382607460022,0.568965494632721
Race: Black,289,0.25,0.4000000059604645,0.5,0.4444444477558136,0.800000011920929
Race: Other,289,0.7699999809265137,0.6583710312843323,0.675000011920929,0.6296296119689941,0.6333333849906921
Overall,290,0.5895175933837891,0.5747950673103333,0.5677180290222168,0.5516754984855652,0.5591397881507874
Gender: Male,290,0.8081841468811035,0.7969924807548523,0.8030690550804138,0.7979798316955566,0.800000011920929
Gender: Female,290,0.4928774833679199,0.30519479513168335,0.3717948794364929,0.31492361426353455,0.37735849618911743
Age: 50-65,290,0.5895175933837891,0.5747950673103333,0.5677180290222168,0.5516754984855652,0.5591397881507874
Race: White,290,0.4480676054954529,0.40714287757873535,0.4057971239089966,0.3896551728248596,0.38983049988746643
Race: Other,290,0.8806818723678589,0.9210526347160339,0.8636363744735718,0.8781955242156982,0.8888888955116272
Overall,291,0.5311653017997742,0.6547619104385376,0.6086269021034241,0.5484058260917664,0.5684210658073425
Gender: Male,291,0.7724868059158325,0.7931689023971558,0.7724868059158325,0.7482517957687378,0.75
Gender: Female,291,0.4037036895751953,0.322674423456192,0.4435185194015503,0.302099347114563,0.3829787075519562
Age: 50-65,291,0.5311653017997742,0.6547619104385376,0.6086269021034241,0.5484058260917664,0.5684210658073425
Race: White,291,0.3812499940395355,0.4966386556625366,0.4958333373069763,0.3982829451560974,0.4038461744785309
Race: Other,291,0.568047285079956,0.8714286088943481,0.6538461446762085,0.6615236401557922,0.7692307829856873
Overall,292,0.591117262840271,0.5896637439727783,0.5659340620040894,0.4997710585594177,0.5157895088195801
Gender: Male,292,0.8415384292602539,0.7648026347160339,0.747692346572876,0.7415204644203186,0.7450980544090271
Gender: Female,292,0.43809521198272705,0.13414634764194489,0.3928571343421936,0.20000000298023224,0.25
Age: 50-65,292,0.591117262840271,0.5896637439727783,0.5659340620040894,0.4997710585594177,0.5157895088195801
Race: White,292,0.42105263471603394,0.45694446563720703,0.4611528813838959,0.37553879618644714,0.37704914808273315
Race: Other,292,0.8035714030265808,0.8333333730697632,0.7142857313156128,0.7000000476837158,0.7333333492279053
Overall,293,0.6055814027786255,0.6234848499298096,0.6137209534645081,0.597496747970581,0.602150559425354
Gender: Male,293,0.7319711446762085,0.7668269276618958,0.7668269276618958,0.7586206793785095,0.7586206793785095
Gender: Female,293,0.43790850043296814,0.2678571343421936,0.351307213306427,0.2844444513320923,0.34285715222358704
Age: 50-65,293,0.6055814027786255,0.6234848499298096,0.6137209534645081,0.597496747970581,0.602150559425354
Race: White,293,0.4860140085220337,0.5111111402511597,0.5104895234107971,0.4965035319328308,0.5
Race: Other,293,0.7857142686843872,0.7060606479644775,0.7111800909042358,0.675438642501831,0.6756756901741028
Overall,294,0.5197861194610596,0.5725916028022766,0.5572192668914795,0.4850199222564697,0.49438202381134033
Gender: Male,294,0.7270833253860474,0.7435897588729858,0.737500011920929,0.7267080545425415,0.7272727489471436
Gender: Female,294,0.39400920271873474,0.2591463327407837,0.4089861512184143,0.22857142984867096,0.2666666805744171
Age: 50-65,294,0.5197861194610596,0.5725916028022766,0.5572192668914795,0.4850199222564697,0.49438202381134033
Race: White,294,0.427807480096817,0.44956138730049133,0.4590017795562744,0.3737373948097229,0.3799999952316284
Race: Other,294,0.7559808492660522,0.699999988079071,0.6913875937461853,0.6329254508018494,0.6333333849906921
Overall,295,0.6020793914794922,0.5881226062774658,0.5760869383811951,0.5611009001731873,0.5760869383811951
Gender: Male,295,0.7000000476837158,0.6975806355476379,0.6884615421295166,0.6832298040390015,0.686274528503418
Gender: Female,295,0.5666667222976685,0.4010416865348816,0.43214285373687744,0.3864671289920807,0.4390243887901306
Age: 50-65,295,0.6020793914794922,0.5881226062774658,0.5760869383811951,0.5611009001731873,0.5760869383811951
Race: White,295,0.45059287548065186,0.4449999928474426,0.44565218687057495,0.4433448910713196,0.4444444477558136
Race: Other,295,0.7813853025436401,0.8088235259056091,0.7045454382896423,0.6721407175064087,0.6976743936538696
Overall,296,0.44734692573547363,0.4825514853000641,0.4875510334968567,0.44668495655059814,0.4848484992980957
Gender: Male,296,0.6340090036392212,0.661854088306427,0.6199324131011963,0.6177945137023926,0.6721311211585999
Gender: Female,296,0.21474359929561615,0.19731801748275757,0.24679486453533173,0.1790940761566162,0.18421052396297455
Age: 50-65,296,0.44734692573547363,0.4825514853000641,0.4875510334968567,0.44668495655059814,0.4848484992980957
Race: White,296,0.3194444477558136,0.32730263471603394,0.3541666865348816,0.31837305426597595,0.3333333432674408
Race: Other,296,0.6228070259094238,0.711904764175415,0.6301169395446777,0.5849359035491943,0.6216216087341309
Overall,297,0.6034798622131348,0.5735294222831726,0.5686813592910767,0.5499316453933716,0.5531914830207825
Gender: Male,297,0.836363673210144,0.7870844006538391,0.7915584444999695,0.7543103694915771,0.7543859481811523
Gender: Female,297,0.3323529362678528,0.17307692766189575,0.22499999403953552,0.19565217196941376,0.2432432472705841
Age: 50-65,297,0.6034798622131348,0.5735294222831726,0.5686813592910767,0.5499316453933716,0.5531914830207825
Race: White,297,0.3978835940361023,0.35862910747528076,0.3777777850627899,0.34391534328460693,0.35483869910240173
Race: Other,297,0.9411765336990356,0.9166666269302368,0.9411764740943909,0.9232954978942871,0.9259259104728699
Overall,298,0.5710029602050781,0.5175831317901611,0.5136544108390808,0.4577954411506653,0.47252747416496277
Gender: Male,298,0.6715788841247559,0.6987179517745972,0.6957894563674927,0.6968733072280884,0.7045454978942871
Gender: Female,298,0.6696832180023193,0.31904762983322144,0.4140271544456482,0.23310023546218872,0.25531914830207825
Age: 50-65,298,0.5710029602050781,0.5175831317901611,0.5136544108390808,0.4577954411506653,0.47252747416496277
Race: White,298,0.5423280596733093,0.4466403126716614,0.4642857313156128,0.3664655387401581,0.38596493005752563
Race: Other,298,0.6515836715698242,0.5833333730697632,0.581447958946228,0.5661846399307251,0.5666667222976685
Overall,299,0.5901162624359131,0.6525974273681641,0.5796996355056763,0.5107526779174805,0.5604395866394043
Gender: Male,299,0.7066667079925537,0.7435897588729858,0.682962954044342,0.6682615280151367,0.692307710647583
Gender: Female,299,0.5570652484893799,0.19736842811107635,0.46875,0.2777777910232544,0.38461539149284363
Age: 50-65,299,0.5901162624359131,0.6525974273681641,0.5796996355056763,0.5107526779174805,0.5604395866394043
Race: White,299,0.5900734663009644,0.5294871926307678,0.5211397409439087,0.4166666865348816,0.4285714328289032
Race: Other,299,0.6793650388717651,0.828125,0.6333333253860474,0.6067527532577515,0.694444477558136
Overall,300,0.5078802108764648,0.48441559076309204,0.4858155846595764,0.4677339196205139,0.47524750232696533
Gender: Male,300,0.744623601436615,0.7127193212509155,0.6955645084381104,0.6699999570846558,0.6727272272109985
Gender: Female,300,0.300567090511322,0.21250000596046448,0.239130437374115,0.22109337151050568,0.239130437374115
Age: 50-65,300,0.5078802108764648,0.48441559076309204,0.4858155846595764,0.4677339196205139,0.47524750232696533
Race: White,300,0.2181818187236786,0.2381249964237213,0.22792208194732666,0.22592592239379883,0.22807016968727112
Race: Other,300,0.7783933281898499,0.8392857313156128,0.7631579041481018,0.7490829229354858,0.7631579041481018
Overall,301,0.5134615302085876,0.5207792520523071,0.5115385055541992,0.42492666840553284,0.46739131212234497
Gender: Male,301,0.5410052537918091,0.6199634075164795,0.5866402387619019,0.5528455376625061,0.581818163394928
Gender: Female,301,0.634615421295166,0.15714286267757416,0.42307692766189575,0.2291666716337204,0.29729729890823364
Age: 50-65,301,0.5134615302085876,0.5207792520523071,0.5115385055541992,0.42492666840553284,0.46739131212234497
Race: White,301,0.5089285373687744,0.39444446563720703,0.4491071403026581,0.28628548979759216,0.3137255012989044
Race: Other,301,0.62890625,0.6159420013427734,0.59375,0.5733333230018616,0.59375
Overall,302,0.5690943002700806,0.584825873374939,0.5795984864234924,0.5146385431289673,0.5154638886451721
Gender: Male,302,0.6684210300445557,0.6660714149475098,0.683552622795105,0.6244212985038757,0.6271186470985413
Gender: Female,302,0.5014492273330688,0.3385416865348816,0.4101449251174927,0.3030080795288086,0.34210526943206787
Age: 50-65,302,0.5690943002700806,0.584825873374939,0.5795984864234924,0.5146385431289673,0.5154638886451721
Race: White,302,0.44005846977233887,0.4502924084663391,0.4502924084663391,0.3928571343421936,0.392857164144516
Race: Other,302,0.75,0.75,0.75,0.6666666865348816,0.6666666865348816
Overall,303,0.43356645107269287,0.4453125,0.45104897022247314,0.4285714328289032,0.4375
Gender: Male,303,0.649193525314331,0.6287878751754761,0.6256720423698425,0.626358687877655,0.6363636255264282
Gender: Female,303,0.26923078298568726,0.1806451678276062,0.22802197933197021,0.16626794636249542,0.17073169350624084
Age: 50-65,303,0.43356645107269287,0.4453125,0.45104897022247314,0.4285714328289032,0.4375
Race: White,303,0.38746440410614014,0.33181819319725037,0.34188035130500793,0.331049382686615,0.3396226465702057
Race: Other,303,0.4967948794364929,0.574999988079071,0.572115421295166,0.5131579041481018,0.5135135054588318
Overall,304,0.514893651008606,0.5532467365264893,0.5348936319351196,0.4859446883201599,0.5257731676101685
Gender: Male,304,0.7127403616905212,0.6922481060028076,0.6490384340286255,0.6416260004043579,0.6724137663841248
Gender: Female,304,0.3027777671813965,0.2617647051811218,0.38750001788139343,0.25897255539894104,0.3076923191547394
Age: 50-65,304,0.514893651008606,0.5532467365264893,0.5348936319351196,0.4859446883201599,0.5257731676101685
Race: White,304,0.40860214829444885,0.38235294818878174,0.39677420258522034,0.32320836186408997,0.32608696818351746
Race: Black,304,0.0,0.38461539149284363,0.5,0.43478259444236755,0.7692307829856873
Race: Other,304,0.5994317531585693,0.7083333730697632,0.6420454978942871,0.634615421295166,0.6842105388641357
Overall,305,0.6318627595901489,0.6702860593795776,0.6575980186462402,0.6345381736755371,0.6373626589775085
Gender: Male,305,0.774193525314331,0.7980769276618958,0.7903225421905518,0.7889499664306641,0.7903225421905518
Gender: Female,305,0.6166666746139526,0.3804347813129425,0.40833336114883423,0.30288460850715637,0.3103448152542114
Age: 50-65,305,0.6318627595901489,0.6702860593795776,0.6575980186462402,0.6345381736755371,0.6373626589775085
Race: White,305,0.4621211886405945,0.5087719559669495,0.5094696879386902,0.46739131212234497,0.4693877398967743
Race: Other,305,0.8402777910232544,0.8186813592910767,0.8020833730697632,0.7925021648406982,0.7941176295280457
Overall,306,0.6470588445663452,0.676936149597168,0.6643907427787781,0.6099071502685547,0.6111111044883728
Gender: Male,306,0.809151828289032,0.8099547624588013,0.8058035373687744,0.7997775077819824,0.8000000715255737
Gender: Female,306,0.4722222089767456,0.42592594027519226,0.4583333134651184,0.22558923065662384,0.23333334922790527
Age: 50-65,306,0.6470588445663452,0.676936149597168,0.6643907427787781,0.6099071502685547,0.6111111044883728
Race: White,306,0.4523281455039978,0.5093749761581421,0.5133037567138672,0.42508578300476074,0.442307710647583
Race: Other,306,0.8496240377426147,0.8958333730697632,0.8214285373687744,0.8331648111343384,0.8484848737716675
Overall,307,0.5353397130966187,0.4729729890823364,0.4817601442337036,0.4228963851928711,0.45744678378105164
Gender: Male,307,0.6162962913513184,0.6410256624221802,0.6059259176254272,0.5853269696235657,0.6153846383094788
Gender: Female,307,0.5,0.2142857313156128,0.33173078298568726,0.22638146579265594,0.261904776096344
Age: 50-65,307,0.5353397130966187,0.4729729890823364,0.4817601442337036,0.4228963851928711,0.45744678378105164
Race: White,307,0.4582309424877167,0.3156028389930725,0.37223586440086365,0.28453120589256287,0.3050847351551056
Race: Other,307,0.7692307233810425,0.699999988079071,0.6641025543212891,0.6571428775787354,0.6785714626312256
Overall,308,0.6550523042678833,0.7166666984558105,0.6941264271736145,0.67289137840271,0.6777777671813965
Gender: Male,308,0.7250280380249023,0.7485713958740234,0.744107723236084,0.7330366969108582,0.7333333492279053
Gender: Female,308,0.5267857313156128,0.6599999666213989,0.5892857313156128,0.523809552192688,0.5666667222976685
Age: 50-65,308,0.6550523042678833,0.7166666984558105,0.6941264271736145,0.67289137840271,0.6777777671813965
Race: White,308,0.5826446413993835,0.6571428775787354,0.6515151262283325,0.6176762580871582,0.6181818246841431
Race: Other,308,0.8714286088943481,0.8184210062026978,0.788095235824585,0.7867647409439087,0.7931034564971924
Overall,309,0.59300696849823,0.6006787419319153,0.582983672618866,0.533633291721344,0.542553186416626
Gender: Male,309,0.7609427571296692,0.7591973543167114,0.7609427571296692,0.7549999952316284,0.7551020383834839
Gender: Female,309,0.605042040348053,0.1666666716337204,0.4117647111415863,0.23728813230991364,0.31111112236976624
Age: 50-65,309,0.59300696849823,0.6006787419319153,0.582983672618866,0.533633291721344,0.542553186416626
Race: White,309,0.4737499952316284,0.47159090638160706,0.4749999940395355,0.3973214328289032,0.40000003576278687
Race: Other,309,0.9111111164093018,0.861764669418335,0.8416666984558105,0.8465908765792847,0.8518518805503845
Overall,310,0.6528418064117432,0.66366046667099,0.6579620838165283,0.5742753744125366,0.5744680762290955
Gender: Male,310,0.7634614706039429,0.7706552743911743,0.7740384340286255,0.7423651218414307,0.7424242496490479
Gender: Female,310,0.6173913478851318,0.32692307233810425,0.4217391312122345,0.1690322458744049,0.1785714328289032
Age: 50-65,310,0.6528418064117432,0.66366046667099,0.6579620838165283,0.5742753744125366,0.5744680762290955
Race: White,310,0.5147929191589355,0.5451388955116272,0.5512820482254028,0.44044527411460876,0.442307710647583
Race: Other,310,0.8068181872367859,0.7857142686843872,0.7954545021057129,0.7350649833679199,0.7352941036224365
Overall,311,0.615315318107605,0.5898648500442505,0.5898648500442505,0.5567010045051575,0.5567010045051575
Gender: Male,311,0.8781163692474365,0.7612500190734863,0.7894736528396606,0.7338935732841492,0.7368420958518982
Gender: Female,311,0.3737373948097229,0.2857142686843872,0.3181818127632141,0.28388747572898865,0.30000001192092896
Age: 50-65,311,0.615315318107605,0.5898648500442505,0.5898648500442505,0.5567010045051575,0.5567010045051575
Race: White,311,0.4149443507194519,0.4069264233112335,0.3974562883377075,0.3668965697288513,0.37037038803100586
Race: Other,311,0.8951406478881836,0.8020833730697632,0.7966752052307129,0.7748593091964722,0.7750000357627869
Overall,312,0.5418895483016968,0.5130718946456909,0.510695219039917,0.4780219793319702,0.49473685026168823
Gender: Male,312,0.6987179517745972,0.6579861044883728,0.6458333730697632,0.6347402334213257,0.6399999856948853
Gender: Female,312,0.4819999933242798,0.2916666567325592,0.3649999797344208,0.2909663915634155,0.3333333432674408
Age: 50-65,312,0.5418895483016968,0.5130718946456909,0.510695219039917,0.4780219793319702,0.49473685026168823
Race: White,312,0.4042303264141083,0.4285714626312256,0.43125733733177185,0.39933258295059204,0.40000003576278687
Race: Other,312,0.8596490621566772,0.6733333468437195,0.6140350699424744,0.6085858345031738,0.6774193048477173
Overall,313,0.5787012577056885,0.5733333230018616,0.5428571701049805,0.4389610290527344,0.46666666865348816
Gender: Male,313,0.761904776096344,0.7431034445762634,0.6865079402923584,0.6520246863365173,0.6666666865348816
Gender: Female,313,0.5138407945632935,0.35217392444610596,0.44117647409439087,0.2735042870044708,0.3137255012989044
Age: 50-65,313,0.5787012577056885,0.5733333230018616,0.5428571701049805,0.4389610290527344,0.46666666865348816
Race: White,313,0.4721407890319824,0.3611111044883728,0.41202348470687866,0.2512938380241394,0.261904776096344
Race: Other,313,0.7095959186553955,0.718638002872467,0.6540403962135315,0.605003297328949,0.625
Overall,314,0.4943714737892151,0.49103713035583496,0.4934333860874176,0.438947856426239,0.46236559748649597
Gender: Male,314,0.6279761791229248,0.6076388955116272,0.5922619104385376,0.5666666626930237,0.5769230723381042
Gender: Female,314,0.44607841968536377,0.2547619044780731,0.37377452850341797,0.264102578163147,0.31707316637039185
Age: 50-65,314,0.4943714737892151,0.49103713035583496,0.4934333860874176,0.438947856426239,0.46236559748649597
Race: White,314,0.3893229365348816,0.36250001192092896,0.3854166567325592,0.34375,0.3571428656578064
Race: Other,314,0.7368420362472534,0.7400000095367432,0.6578947305679321,0.5643243193626404,0.5806451439857483
Overall,315,0.6705000400543213,0.6892857551574707,0.6324999928474426,0.5792207717895508,0.6000000238418579
Gender: Male,315,0.7381656169891357,0.7973856329917908,0.7692307829856873,0.7636363506317139,0.7692307829856873
Gender: Female,315,0.839285671710968,0.4305555522441864,0.4851190447807312,0.29846152663230896,0.3684210479259491
Age: 50-65,315,0.6705000400543213,0.6892857551574707,0.6324999928474426,0.5792207717895508,0.6000000238418579
Race: White,315,0.5589743852615356,0.5666666626930237,0.5564102530479431,0.43913042545318604,0.44186046719551086
Race: Other,315,0.7613636255264282,0.778124988079071,0.7022727131843567,0.6888889074325562,0.7142857313156128
Overall,316,0.45510202646255493,0.4907894730567932,0.49464285373687744,0.3880218267440796,0.4175824224948883
Gender: Male,316,0.5117241144180298,0.602251410484314,0.5751724243164062,0.5324675440788269,0.5555555820465088
Gender: Female,316,0.5629630088806152,0.11428571492433548,0.4000000059604645,0.17777778208255768,0.21621622145175934
Age: 50-65,316,0.45510202646255493,0.4907894730567932,0.49464285373687744,0.3880218267440796,0.4175824224948883
Race: White,316,0.27272725105285645,0.29914531111717224,0.32678133249282837,0.20695652067661285,0.2083333432674408
Race: Other,316,0.6398892402648926,0.6979166269302368,0.6052631735801697,0.5529412031173706,0.6052631735801697
Overall,317,0.5388529300689697,0.5426587462425232,0.5298334956169128,0.4900299310684204,0.5268816947937012
Gender: Male,317,0.6666666269302368,0.7139689922332764,0.6429629325866699,0.6176470518112183,0.6538462042808533
Gender: Female,317,0.4665071964263916,0.34354838728904724,0.38397127389907837,0.33375000953674316,0.3658536374568939
Age: 50-65,317,0.5388529300689697,0.5426587462425232,0.5298334956169128,0.4900299310684204,0.5268816947937012
Race: White,317,0.47959184646606445,0.5,0.5,0.4888889193534851,0.5306122303009033
Race: Other,317,0.8166666626930237,0.6119047403335571,0.57833331823349,0.449404776096344,0.45945948362350464
Overall,318,0.7404040098190308,0.6978114247322083,0.6780303120613098,0.6004875898361206,0.602150559425354
Gender: Male,318,0.736046552658081,0.7089800238609314,0.7191860675811768,0.6345523595809937,0.6349206566810608
Gender: Female,318,0.7918552160263062,0.6399999856948853,0.5791855454444885,0.49760764837265015,0.5333333611488342
Age: 50-65,318,0.7404040098190308,0.6978114247322083,0.6780303120613098,0.6004875898361206,0.602150559425354
Race: White,318,0.6899004578590393,0.6406503915786743,0.6230440735816956,0.5333333015441895,0.535714328289032
Race: Other,318,0.8801653385162354,0.761904776096344,0.7727272510528564,0.6966911554336548,0.696969747543335
Overall,319,0.5241090059280396,0.6011594533920288,0.5731656551361084,0.5271929502487183,0.5510203838348389
Gender: Male,319,0.6645160913467407,0.7869918346405029,0.7277419567108154,0.7277777791023254,0.7500000596046448
Gender: Female,319,0.5,0.31985294818878174,0.375,0.2708333432674408,0.2857142984867096
Age: 50-65,319,0.5241090059280396,0.6011594533920288,0.5731656551361084,0.5271929502487183,0.5510203838348389
Race: White,319,0.3660968542098999,0.4316176772117615,0.43376070261001587,0.3682265877723694,0.3684210479259491
Race: Black,319,0.0,0.4615384638309479,0.5,0.47999998927116394,0.9230769872665405
Race: Other,319,0.8153846263885498,0.8409091234207153,0.7307692170143127,0.721194863319397,0.7500000596046448
Overall,320,0.6070922613143921,0.628125011920929,0.6163120865821838,0.6091759204864502,0.6195652484893799
Gender: Male,320,0.7481482028961182,0.7706146836280823,0.7674074172973633,0.7678571343421936,0.7692307829856873
Gender: Female,320,0.6024999618530273,0.39247310161590576,0.42500001192092896,0.3779580891132355,0.42500001192092896
Age: 50-65,320,0.6070922613143921,0.628125011920929,0.6163120865821838,0.6091759204864502,0.6195652484893799
Race: White,320,0.4433497488498688,0.46915584802627563,0.4688013195991516,0.4597839117050171,0.4599999785423279
Race: Black,320,0.0,0.40909090638160706,0.5,0.44999998807907104,0.8181818723678589
Race: Other,320,0.8949580192565918,0.8309524059295654,0.7920168042182922,0.7960526347160339,0.8064515590667725
Overall,321,0.554652214050293,0.5852842926979065,0.5691056847572327,0.5249999761581421,0.5368421077728271
Gender: Male,321,0.5678572058677673,0.691763162612915,0.6773809790611267,0.6675716638565063,0.6724137663841248
Gender: Female,321,0.6089743375778198,0.35624998807907104,0.42628204822540283,0.29118773341178894,0.3243243396282196
Age: 50-65,321,0.554652214050293,0.5852842926979065,0.5691056847572327,0.5249999761581421,0.5368421077728271
Race: White,321,0.4446023106575012,0.45389509201049805,0.4588068127632141,0.4209616184234619,0.42592594027519226
Race: Other,321,0.699999988079071,0.7678571343421936,0.7045454382896423,0.6391597986221313,0.6486486792564392
Overall,322,0.5437042713165283,0.4808959364891052,0.4832499027252197,0.4698120653629303,0.4901961088180542
Gender: Male,322,0.8717948794364929,0.7673159837722778,0.726190447807312,0.6953703165054321,0.7021276354789734
Gender: Female,322,0.3899456560611725,0.26096490025520325,0.27785325050354004,0.26820728182792664,0.30909091234207153
Age: 50-65,322,0.5437042713165283,0.4808959364891052,0.4832499027252197,0.4698120653629303,0.4901961088180542
Race: White,322,0.33617421984672546,0.2872670888900757,0.30539774894714355,0.2909091114997864,0.3076923191547394
Race: Other,322,0.9307958483695984,0.8541666269302368,0.7941176891326904,0.7850044965744019,0.7941176295280457
Overall,323,0.5980392098426819,0.5653846263885498,0.5541666746139526,0.5160173177719116,0.5274725556373596
Gender: Male,323,0.6666666269302368,0.6421568393707275,0.6288889050483704,0.6233320832252502,0.634615421295166
Gender: Female,323,0.591715931892395,0.47379031777381897,0.48076924681663513,0.3743315637111664,0.38461539149284363
Age: 50-65,323,0.5980392098426819,0.5653846263885498,0.5541666746139526,0.5160173177719116,0.5274725556373596
Race: White,323,0.42320263385772705,0.3888888955116272,0.39542484283447266,0.34518516063690186,0.3461538553237915
Race: Other,323,0.8078431487083435,0.8136363625526428,0.7705882787704468,0.7702564001083374,0.78125
Overall,324,0.5004578828811646,0.5189171433448792,0.5132784247398376,0.48673015832901,0.542553186416626
Gender: Male,324,0.6363636255264282,0.7176079750061035,0.6701298952102661,0.6752136945724487,0.719298243522644
Gender: Female,324,0.40294116735458374,0.1666666716337204,0.29411765933036804,0.21276596188545227,0.27027028799057007
Age: 50-65,324,0.5004578828811646,0.5189171433448792,0.5132784247398376,0.48673015832901,0.542553186416626
Race: White,324,0.3878205418586731,0.39523810148239136,0.4118589758872986,0.39050018787384033,0.41999998688697815
Race: Other,324,0.6895425319671631,0.6925287246704102,0.609477162361145,0.5561594367027283,0.6000000238418579
Overall,325,0.533488392829895,0.5472049713134766,0.5353488326072693,0.49266576766967773,0.5161290168762207
Gender: Male,325,0.704326868057251,0.675438642501831,0.65625,0.6550860404968262,0.6724137663841248
Gender: Female,325,0.42424237728118896,0.2540322542190552,0.3844697177410126,0.2261904776096344,0.2571428716182709
Age: 50-65,325,0.533488392829895,0.5472049713134766,0.5353488326072693,0.49266576766967773,0.5161290168762207
Race: White,325,0.25438594818115234,0.32531195878982544,0.2850877344608307,0.2525252401828766,0.25999999046325684
Race: Black,325,0.0,1.0,1.0,1.0,1.0
Race: Other,325,0.6984126567840576,0.7870370149612427,0.6845238208770752,0.6944444179534912,0.7575757503509521
Overall,326,0.4177718758583069,0.3932555913925171,0.406940758228302,0.36437857151031494,0.3711340129375458
Gender: Male,326,0.6029411554336548,0.5857142806053162,0.5827205777168274,0.4997999370098114,0.5
Gender: Female,326,0.3170289993286133,0.1872294396162033,0.23822462558746338,0.20488722622394562,0.23404254019260406
Age: 50-65,326,0.4177718758583069,0.3932555913925171,0.406940758228302,0.36437857151031494,0.3711340129375458
Race: White,326,0.17888197302818298,0.2136422097682953,0.22360247373580933,0.20595237612724304,0.20689654350280762
Race: Other,326,0.7636363506317139,0.7586206793785095,0.6818181872367859,0.6075757741928101,0.6216216087341309
Overall,327,0.6589968204498291,0.5817099809646606,0.5694891810417175,0.533633291721344,0.542553186416626
Gender: Male,327,0.7950310707092285,0.761904776096344,0.7562111616134644,0.7447054386138916,0.7450980544090271
Gender: Female,327,0.6244444847106934,0.2380952537059784,0.35333335399627686,0.2534722089767456,0.302325576543808
Age: 50-65,327,0.6589968204498291,0.5817099809646606,0.5694891810417175,0.533633291721344,0.542553186416626
Race: White,327,0.554858922958374,0.4044643044471741,0.4161441922187805,0.38362574577331543,0.3921568691730499
Race: Other,327,0.8016303777694702,0.7962962985038757,0.760869562625885,0.7149502038955688,0.7179487347602844
Overall,328,0.5168888568878174,0.5182863473892212,0.5155555605888367,0.49081993103027344,0.5052632093429565
Gender: Male,328,0.6837500333786011,0.625,0.6237499713897705,0.6241758465766907,0.6315789222717285
Gender: Female,328,0.4430769085884094,0.35151517391204834,0.42461538314819336,0.28405797481536865,0.31578946113586426
Age: 50-65,328,0.5168888568878174,0.5182863473892212,0.5155555605888367,0.49081993103027344,0.5052632093429565
Race: White,328,0.4768472909927368,0.4853801131248474,0.4876847267150879,0.4554554224014282,0.46875
Race: Other,328,0.6153846383094788,0.550000011920929,0.5461538434028625,0.5303225517272949,0.535714328289032
Overall,329,0.46675533056259155,0.5557284951210022,0.5396720170974731,0.5023809671401978,0.5368421077728271
Gender: Male,329,0.578544020652771,0.6758578419685364,0.6374521255493164,0.6299171447753906,0.6615384817123413
Gender: Female,329,0.4066985845565796,0.24000000953674316,0.34449759125709534,0.236111119389534,0.2666666805744171
Age: 50-65,329,0.46675533056259155,0.5557284951210022,0.5396720170974731,0.5023809671401978,0.5368421077728271
Race: White,329,0.42709678411483765,0.4108695685863495,0.4470967650413513,0.3974025845527649,0.4821428656578064
Race: Other,329,0.5349999666213989,0.6388888955116272,0.6499999761581421,0.5982142686843872,0.6000000238418579
Overall,330,0.49202626943588257,0.4458823502063751,0.45684802532196045,0.41272488236427307,0.4301075339317322
Gender: Male,330,0.5689102411270142,0.5571428537368774,0.5480769276618958,0.5245969295501709,0.5399999618530273
Gender: Female,330,0.4728506803512573,0.3015151619911194,0.3518099784851074,0.28333333134651184,0.302325576543808
Age: 50-65,330,0.49202626943588257,0.4458823502063751,0.45684802532196045,0.41272488236427307,0.4301075339317322
Race: White,330,0.4116743803024292,0.34062498807907104,0.34331798553466797,0.32667407393455505,0.32692310214042664
Race: Other,330,0.6111111044883728,0.6666666865348816,0.5816993713378906,0.5143385529518127,0.5714285969734192
Overall,331,0.47863247990608215,0.5313926935195923,0.5235042572021484,0.4808207154273987,0.5051546096801758
Gender: Male,331,0.5615763664245605,0.6404411792755127,0.6176108717918396,0.5991048812866211,0.6140350699424744
Gender: Female,331,0.488491028547287,0.3246753215789795,0.3964194357395172,0.30666667222976685,0.3499999940395355
Age: 50-65,331,0.47863247990608215,0.5313926935195923,0.5235042572021484,0.4808207154273987,0.5051546096801758
Race: White,331,0.32178932428359985,0.39398497343063354,0.3982684016227722,0.36950549483299255,0.37037038803100586
Race: Black,331,0.0,0.38461539149284363,0.5,0.43478259444236755,0.7692307829856873
Race: Other,331,0.7366071343421936,0.7799999713897705,0.65625,0.5970696210861206,0.6333333849906921
Overall,332,0.6128205060958862,0.6099050045013428,0.5830769538879395,0.5335429906845093,0.550561785697937
Gender: Male,332,0.8210701942443848,0.7901960611343384,0.7474916577339172,0.7274283170700073,0.7346938848495483
Gender: Female,332,0.4895833432674408,0.3095238208770752,0.3854166567325592,0.28900593519210815,0.32500001788139343
Age: 50-65,332,0.6128205060958862,0.6099050045013428,0.5830769538879395,0.5335429906845093,0.550561785697937
Race: White,332,0.5276145935058594,0.5056818127632141,0.5047003626823425,0.44241058826446533,0.45000001788139343
Race: Other,332,0.8181818723678589,0.8055555820465088,0.7307692170143127,0.6950998306274414,0.7083333730697632
Overall,333,0.6494791507720947,0.6358740329742432,0.5854166746139526,0.5243242979049683,0.5568181872367859
Gender: Male,333,0.7318518161773682,0.6944444179534912,0.665925920009613,0.6577622890472412,0.6730769276618958
Gender: Female,333,0.7491638660430908,0.6857143044471741,0.52173912525177,0.3125,0.3888888955116272
Age: 50-65,333,0.6494791507720947,0.6358740329742432,0.5854166746139526,0.5243242979049683,0.5568181872367859
Race: White,333,0.485714316368103,0.3670634925365448,0.42023810744285583,0.3014005720615387,0.3255814015865326
Race: Other,333,0.8260869979858398,0.8484848737716675,0.75,0.7440476417541504,0.7674418687820435
Overall,334,0.6067527532577515,0.6476190686225891,0.6077457666397095,0.544544517993927,0.5604395866394043
Gender: Male,334,0.6428571939468384,0.7235294580459595,0.7087912559509277,0.7000000476837158,0.7037037014961243
Gender: Female,334,0.8400000333786011,0.6666666865348816,0.5199999809265137,0.2884615361690521,0.3513513505458832
Age: 50-65,334,0.6067527532577515,0.6476190686225891,0.6077457666397095,0.544544517993927,0.5604395866394043
Race: White,334,0.5750000476837158,0.5981912016868591,0.559374988079071,0.45644599199295044,0.48076924681663513
Race: Other,334,0.6547619104385376,0.6966666579246521,0.675595223903656,0.6444936990737915,0.6486486792564392
Overall,335,0.640487790107727,0.5964788794517517,0.566829264163971,0.512499988079071,0.5384615659713745
Gender: Male,335,0.7395833730697632,0.6483451128005981,0.6188446879386902,0.5966740846633911,0.6153846383094788
Gender: Female,335,0.5098038911819458,0.4166666865348816,0.47385621070861816,0.2950558364391327,0.3461538553237915
Age: 50-65,335,0.640487790107727,0.5964788794517517,0.566829264163971,0.512499988079071,0.5384615659713745
Race: White,335,0.5798319578170776,0.4777131676673889,0.48389357328414917,0.4021739065647125,0.41818180680274963
Race: Other,335,0.7999999523162842,0.737500011920929,0.6948717832565308,0.6679841876029968,0.6785714626312256
Overall,336,0.5188679695129395,0.4961538314819336,0.4967725872993469,0.45200932025909424,0.4615384638309479
Gender: Male,336,0.6675823926925659,0.6377841234207153,0.6332417726516724,0.6275862455368042,0.6296296119689941
Gender: Female,336,0.41333332657814026,0.12121212482452393,0.3333333432674408,0.17777778208255768,0.21621622145175934
Age: 50-65,336,0.5188679695129395,0.4961538314819336,0.4967725872993469,0.45200932025909424,0.4615384638309479
Race: White,336,0.4100528955459595,0.3815789520740509,0.386904776096344,0.3500770330429077,0.35087719559669495
Race: Other,336,0.7958333492279053,0.7410714626312256,0.668749988079071,0.6477272510528564,0.6774193048477173
Overall,337,0.5564402937889099,0.5694444179534912,0.5702576041221619,0.5311990976333618,0.53125
Gender: Male,337,0.6984848380088806,0.6925287246704102,0.7030303478240967,0.6774078011512756,0.6792452931404114
Gender: Female,337,0.4119047522544861,0.3951612710952759,0.40714287757873535,0.34565216302871704,0.3488371968269348
Age: 50-65,337,0.5564402937889099,0.5694444179534912,0.5702576041221619,0.5311990976333618,0.53125
Race: White,337,0.4842105507850647,0.511904776096344,0.5131579041481018,0.5024510025978088,0.517241358757019
Race: Other,337,0.6534091234207153,0.6666666865348816,0.6363636255264282,0.4642857313156128,0.46666669845581055
Overall,338,0.5526530742645264,0.5729944109916687,0.5638775825500488,0.5508072376251221,0.5656565427780151
Gender: Male,338,0.6663594245910645,0.7269969582557678,0.7069124579429626,0.6924510598182678,0.696969747543335
Gender: Female,338,0.36090224981307983,0.2083333283662796,0.2631579041481018,0.23255814611911774,0.3030303120613098
Age: 50-65,338,0.5526530742645264,0.5729944109916687,0.5638775825500488,0.5508072376251221,0.5656565427780151
Race: White,338,0.37599998712539673,0.3697916865348816,0.3799999952316284,0.367605060338974,0.3799999952316284
Race: Other,338,0.7657004594802856,0.7791005373001099,0.7548308968544006,0.7291291356086731,0.7317072749137878
Overall,339,0.6781014800071716,0.6315476298332214,0.6038534045219421,0.543055534362793,0.5531914830207825
Gender: Male,339,0.7284848690032959,0.6885457038879395,0.6775757074356079,0.6535245180130005,0.6551724076271057
Gender: Female,339,0.739130437374115,0.5151515007019043,0.5050167441368103,0.33779263496398926,0.3888888955116272
Age: 50-65,339,0.6781014800071716,0.6315476298332214,0.6038534045219421,0.543055534362793,0.5531914830207825
Race: White,339,0.6111111640930176,0.4649621248245239,0.4604700803756714,0.3854514956474304,0.3877550959587097
Race: Other,339,0.7244582176208496,0.8035714626312256,0.7105263471603394,0.6740740537643433,0.694444477558136
Overall,340,0.5636842250823975,0.5274247527122498,0.5215789675712585,0.4733341932296753,0.4886363744735718
Gender: Male,340,0.5448718070983887,0.5666667222976685,0.5641025900840759,0.5571658611297607,0.5600000023841858
Gender: Female,340,0.7678571939468384,0.5190476179122925,0.5059523582458496,0.3393802046775818,0.3947368562221527
Age: 50-65,340,0.5636842250823975,0.5274247527122498,0.5215789675712585,0.4733341932296753,0.4886363744735718
Race: White,340,0.40833330154418945,0.401583731174469,0.40937501192092896,0.3392290472984314,0.3404255211353302
Race: Other,340,0.7027777433395386,0.6535714268684387,0.6194444894790649,0.6041666269302368,0.6315789222717285
Overall,341,0.5225181579589844,0.5180995464324951,0.5154963731765747,0.4524272084236145,0.45744678378105164
Gender: Male,341,0.6323529481887817,0.6141892075538635,0.6242647171020508,0.5425925850868225,0.5438596606254578
Gender: Female,341,0.4444444179534912,0.19354838132858276,0.3333333432674408,0.2448979616165161,0.3243243396282196
Age: 50-65,341,0.5225181579589844,0.5180995464324951,0.5154963731765747,0.4524272084236145,0.45744678378105164
Race: White,341,0.2857142686843872,0.3834841847419739,0.4056776762008667,0.3645687699317932,0.3829787075519562
Race: Other,341,0.817307710647583,0.6490384340286255,0.6490384340286255,0.5333333611488342,0.5333333611488342
Overall,342,0.6810506582260132,0.6370967626571655,0.6235928535461426,0.597496747970581,0.602150559425354
Gender: Male,342,0.8074712753295898,0.7705278396606445,0.7650861740112305,0.7543672323226929,0.7547169923782349
Gender: Female,342,0.5780051350593567,0.41577059030532837,0.43989771604537964,0.375,0.4000000059604645
Age: 50-65,342,0.6810506582260132,0.6370967626571655,0.6235928535461426,0.597496747970581,0.602150559425354
Race: White,342,0.6041666269302368,0.5770201683044434,0.5747548937797546,0.5511904954910278,0.5517241358757019
Race: Other,342,0.8373016119003296,0.727053165435791,0.6865079402923584,0.6476476192474365,0.65625
Overall,343,0.5221893787384033,0.504751443862915,0.5032051205635071,0.43420886993408203,0.4615384638309479
Gender: Male,343,0.6213333606719971,0.6465201377868652,0.6066666841506958,0.5609163641929626,0.581818163394928
Gender: Female,343,0.5584415793418884,0.23333334922790527,0.34415584802627563,0.24025973677635193,0.2777777910232544
Age: 50-65,343,0.5221893787384033,0.504751443862915,0.5032051205635071,0.43420886993408203,0.4615384638309479
Race: White,343,0.4265232980251312,0.40714287757873535,0.4184587597846985,0.3631027340888977,0.36734694242477417
Race: Other,343,0.5966386198997498,0.7030303478240967,0.593837559223175,0.552188515663147,0.6315789222717285
Overall,344,0.5453333258628845,0.525664210319519,0.5188888907432556,0.47722750902175903,0.5052632093429565
Gender: Male,344,0.585185170173645,0.701298713684082,0.6722221970558167,0.6323055624961853,0.6382978558540344
Gender: Female,344,0.5043478012084961,0.2735042870044708,0.3617391288280487,0.296875,0.375
Age: 50-65,344,0.5453333258628845,0.525664210319519,0.5188888907432556,0.47722750902175903,0.5052632093429565
Race: White,344,0.49841269850730896,0.3888888955116272,0.39523810148239136,0.37037038803100586,0.37254902720451355
Race: Other,344,0.5696594715118408,0.774193525314331,0.6315789222717285,0.5625,0.6111111044883728
Overall,345,0.702380895614624,0.6477272510528564,0.6160714626312256,0.5833333730697632,0.6000000238418579
Gender: Male,345,0.807692289352417,0.7529411911964417,0.7362637519836426,0.7349228858947754,0.7407407760620117
Gender: Female,345,0.7142857313156128,0.4375,0.4740259647369385,0.33779263496398926,0.3888888955116272
Age: 50-65,345,0.702380895614624,0.6477272510528564,0.6160714626312256,0.5833333730697632,0.6000000238418579
Race: White,345,0.5375000238418579,0.4743589758872986,0.47708332538604736,0.4105362892150879,0.4130434989929199
Race: Other,345,0.8947368860244751,0.8295454978942871,0.7861841917037964,0.7889750003814697,0.800000011920929
Overall,346,0.5272895097732544,0.5720587968826294,0.556660532951355,0.5330067276954651,0.5591397881507874
Gender: Male,346,0.8694444894790649,0.8128571510314941,0.8041666746139526,0.807881772518158,0.8205128312110901
Gender: Female,346,0.4291725158691406,0.3678646981716156,0.41234222054481506,0.33766233921051025,0.37037038803100586
Age: 50-65,346,0.5272895097732544,0.5720587968826294,0.556660532951355,0.5330067276954651,0.5591397881507874
Race: White,346,0.36516129970550537,0.39819005131721497,0.4129032492637634,0.3802083134651184,0.392857164144516
Race: Other,346,0.8872549533843994,0.9047619104385376,0.8333333730697632,0.8473684191703796,0.8620689511299133
Overall,347,0.5208333730697632,0.5274986624717712,0.5257936716079712,0.48761701583862305,0.489130437374115
Gender: Male,347,0.7826086282730103,0.7196969985961914,0.7182273864746094,0.7141666412353516,0.714285671710968
Gender: Female,347,0.30512821674346924,0.2696078419685364,0.3192307949066162,0.22585925459861755,0.23255813121795654
Age: 50-65,347,0.5208333730697632,0.5274986624717712,0.5257936716079712,0.48761701583862305,0.489130437374115
Race: White,347,0.375,0.4083191752433777,0.40625,0.37975192070007324,0.3799999952316284
Race: Other,347,0.6711956262588501,0.6759259104728699,0.654891312122345,0.6112957000732422,0.6153846383094788
Overall,348,0.5813953876495361,0.593017041683197,0.578041136264801,0.5465909242630005,0.557894766330719
Gender: Male,348,0.7165242433547974,0.7485119104385376,0.7378917336463928,0.733476996421814,0.7358490824699402
Gender: Female,348,0.5317646861076355,0.3142857253551483,0.3929411768913269,0.29326921701431274,0.3333333432674408
Age: 50-65,348,0.5813953876495361,0.593017041683197,0.578041136264801,0.5465909242630005,0.557894766330719
Race: White,348,0.5052083730697632,0.4889705777168274,0.4895833432674408,0.43910256028175354,0.4399999976158142
Race: Other,348,0.7397661209106445,0.6949999928474426,0.6710526347160339,0.6636363863945007,0.6756756901741028
Overall,349,0.682215690612793,0.6438078880310059,0.6207482814788818,0.5933465957641602,0.6043956279754639
Gender: Male,349,0.8186813592910767,0.7622721195220947,0.7568681240081787,0.757177472114563,0.7592592835426331
Gender: Female,349,0.5931676626205444,0.4318181872367859,0.47204968333244324,0.329393208026886,0.37837839126586914
Age: 50-65,349,0.682215690612793,0.6438078880310059,0.6207482814788818,0.5933465957641602,0.6043956279754639
Race: White,349,0.5566666126251221,0.4535256624221802,0.4516666531562805,0.40497076511383057,0.4054054021835327
Race: Other,349,0.7690972089767456,0.7521008253097534,0.7083333730697632,0.6950998306274414,0.7083333730697632
Overall,350,0.6669591665267944,0.6726044416427612,0.6232997179031372,0.5733333230018616,0.59375
Gender: Male,350,0.7602564096450806,0.7309941649436951,0.7025641202926636,0.7005347609519958,0.7142857313156128
Gender: Female,350,0.6723647117614746,0.6805555820465088,0.5740740895271301,0.39433836936950684,0.42500001192092896
Age: 50-65,350,0.6669591665267944,0.6726044416427612,0.6232997179031372,0.5733333230018616,0.59375
Race: White,350,0.561904788017273,0.4900568127632141,0.49166667461395264,0.41352975368499756,0.41860464215278625
Race: Black,350,0.3636363744735718,0.42307692766189575,0.5,0.4583333432674408,0.8461538553237915
Race: Other,350,0.7953964471817017,0.7931034564971924,0.739130437374115,0.6930946111679077,0.699999988079071
Overall,351,0.5768024921417236,0.5715847015380859,0.5684430599212646,0.5159574747085571,0.5164835453033447
Gender: Male,351,0.7204861640930176,0.6858974695205688,0.7013888955116272,0.6753246784210205,0.6800000071525574
Gender: Female,351,0.464102566242218,0.32380953431129456,0.40512821078300476,0.2824999988079071,0.31707316637039185
Age: 50-65,351,0.5768024921417236,0.5715847015380859,0.5684430599212646,0.5159574747085571,0.5164835453033447
Race: White,351,0.49494948983192444,0.4722222089767456,0.4722222089767456,0.4313725531101227,0.4313725531101227
Race: Other,351,0.7599999904632568,0.6401515007019043,0.6644444465637207,0.555361807346344,0.5588235259056091
Overall,352,0.5773912668228149,0.6365545988082886,0.613043487071991,0.5897436141967773,0.6041666865348816
Gender: Male,352,0.6927899122238159,0.7113513946533203,0.7042841911315918,0.7047619223594666,0.7096773982048035
Gender: Female,352,0.5641025304794312,0.5268816947937012,0.5091575384140015,0.35606062412261963,0.4117647111415863
Age: 50-65,352,0.5773912668228149,0.6365545988082886,0.613043487071991,0.5897436141967773,0.6041666865348816
Race: White,352,0.5104166269302368,0.5386363863945007,0.5295138955116272,0.4872640073299408,0.508474588394165
Race: Other,352,0.6666666269302368,0.7171945571899414,0.7222222089767456,0.6996662616729736,0.7000000476837158
Overall,353,0.5970745086669922,0.6095317602157593,0.5871010422706604,0.5662100315093994,0.5894737243652344
Gender: Male,353,0.6856763362884521,0.726726770401001,0.7002652883529663,0.6969696879386902,0.7090908885002136
Gender: Female,353,0.5513784885406494,0.40625,0.4398496150970459,0.3779580891132355,0.42500001192092896
Age: 50-65,353,0.5970745086669922,0.6095317602157593,0.5871010422706604,0.5662100315093994,0.5894737243652344
Race: White,353,0.45292210578918457,0.4583333134651184,0.46590909361839294,0.4252873659133911,0.4399999976158142
Race: Other,353,0.7418546676635742,0.7559523582458496,0.7155388593673706,0.7103357315063477,0.7250000238418579
Overall,354,0.5985853672027588,0.6080827116966248,0.576259970664978,0.5656716227531433,0.6288659572601318
Gender: Male,354,0.6926470994949341,0.7253289222717285,0.7014706134796143,0.7083333730697632,0.7407407760620117
Gender: Female,354,0.5789473652839661,0.36315789818763733,0.44298243522644043,0.36424729228019714,0.4883720874786377
Age: 50-65,354,0.5985853672027588,0.6080827116966248,0.576259970664978,0.5656716227531433,0.6288659572601318
Race: White,354,0.4135338366031647,0.4166666865348816,0.4373433589935303,0.39433836936950684,0.42500001192092896
Race: Black,354,0.0,1.0,1.0,1.0,1.0
Race: Other,354,0.7337164878845215,0.7247474789619446,0.6704980731010437,0.6758620738983154,0.7234042286872864
Overall,355,0.528372049331665,0.5528128743171692,0.5427907109260559,0.5276848673820496,0.5591397881507874
Gender: Male,355,0.645780086517334,0.6513513326644897,0.6432225108146667,0.6452669501304626,0.6666666865348816
Gender: Female,355,0.528124988079071,0.36666667461395264,0.42500001192092896,0.33779263496398926,0.3888888955116272
Age: 50-65,355,0.528372049331665,0.5528128743171692,0.5427907109260559,0.5276848673820496,0.5591397881507874
Race: White,355,0.4729344844818115,0.4932432472705841,0.49430200457572937,0.4717608094215393,0.49056604504585266
Race: Other,355,0.6187499761581421,0.6076923608779907,0.5874999761581421,0.5785953402519226,0.6111111044883728
Overall,356,0.5004717111587524,0.48989900946617126,0.49150943756103516,0.4516509473323822,0.46236559748649597
Gender: Male,356,0.6511936187744141,0.6363636255264282,0.6312997341156006,0.6303763389587402,0.6363636255264282
Gender: Female,356,0.4545454680919647,0.20606061816215515,0.33670032024383545,0.19034090638160706,0.21052631735801697
Age: 50-65,356,0.5004717111587524,0.48989900946617126,0.49150943756103516,0.4516509473323822,0.46236559748649597
Race: White,356,0.4089861810207367,0.3712121248245239,0.4020737409591675,0.3586956560611725,0.38983049988746643
Race: Other,356,0.7055555582046509,0.6666666269302368,0.6777777671813965,0.6410256624221802,0.6428571939468384
Overall,357,0.5711091160774231,0.5642857551574707,0.5603756904602051,0.5441356897354126,0.5473684668540955
Gender: Male,357,0.8029100298881531,0.7506720423698425,0.7466931343078613,0.7446949481964111,0.7454545497894287
Gender: Female,357,0.3463541865348816,0.2742946743965149,0.3125,0.26349207758903503,0.2750000059604645
Age: 50-65,357,0.5711091160774231,0.5642857551574707,0.5603756904602051,0.5441356897354126,0.5473684668540955
Race: White,357,0.4836829900741577,0.4335748851299286,0.43589746952056885,0.42223501205444336,0.4237288236618042
Race: Other,357,0.7857142686843872,0.800438642501831,0.7878150939941406,0.7732497453689575,0.774193525314331
Overall,358,0.5670731663703918,0.5443840622901917,0.5344746708869934,0.48827749490737915,0.5053763389587402
Gender: Male,358,0.7414965629577637,0.6870689392089844,0.6845238208770752,0.6854941844940186,0.6938775181770325
Gender: Female,358,0.6327543258666992,0.38749998807907104,0.45533499121665955,0.2646900415420532,0.29545456171035767
Age: 50-65,358,0.5670731663703918,0.5443840622901917,0.5344746708869934,0.48827749490737915,0.5053763389587402
Race: White,358,0.45657896995544434,0.4110473394393921,0.41842105984687805,0.3603576719760895,0.36206895112991333
Race: Other,358,0.8190045356750488,0.7763975262641907,0.7013574838638306,0.7000000476837158,0.7333333492279053
Overall,359,0.6127946376800537,0.5980442762374878,0.5916305780410767,0.5199999809265137,0.5208333730697632
Gender: Male,359,0.7223683595657349,0.6868420839309692,0.6868420839309692,0.6206896305084229,0.6206896305084229
Gender: Female,359,0.48307693004608154,0.4329501986503601,0.446153849363327,0.3613445460796356,0.3684210479259491
Age: 50-65,359,0.6127946376800537,0.5980442762374878,0.5916305780410767,0.5199999809265137,0.5208333730697632
Race: White,359,0.4910714030265808,0.5220588445663452,0.5267857313156128,0.47272729873657227,0.48275861144065857
Race: Other,359,0.7428570985794067,0.7413793206214905,0.625,0.525581419467926,0.5588235259056091
Overall,360,0.5324074029922485,0.5224308967590332,0.5180976390838623,0.5030986070632935,0.5408163070678711
Gender: Male,360,0.6059113144874573,0.6642857193946838,0.6274630427360535,0.607926607131958,0.6315789222717285
Gender: Female,360,0.42500001192092896,0.3419540226459503,0.36250001192092896,0.3492063581943512,0.4146341383457184
Age: 50-65,360,0.5324074029922485,0.5224308967590332,0.5180976390838623,0.5030986070632935,0.5408163070678711
Race: White,360,0.40322577953338623,0.3959302306175232,0.4097782373428345,0.3905882239341736,0.4126984477043152
Race: Other,360,0.7408907413482666,0.7885714769363403,0.7044534683227539,0.7090909481048584,0.75
Overall,361,0.572124719619751,0.5330430269241333,0.5314327478408813,0.4936870038509369,0.49462366104125977
Gender: Male,361,0.5969387888908386,0.5972222089767456,0.5964285731315613,0.5871975421905518,0.5873016119003296
Gender: Female,361,0.6761363744735718,0.42000001668930054,0.4431818127632141,0.2929292917251587,0.30000001192092896
Age: 50-65,361,0.572124719619751,0.5330430269241333,0.5314327478408813,0.4936870038509369,0.49462366104125977
Race: White,361,0.4977116882801056,0.4244047701358795,0.42734551429748535,0.39278990030288696,0.3934426009654999
Race: Other,361,0.7013888359069824,0.6878787875175476,0.7152777910232544,0.6491754055023193,0.6538462042808533
Overall,362,0.6564849615097046,0.6875,0.6480263471603394,0.5865740776062012,0.5957446694374084
Gender: Male,362,0.7575757503509521,0.7522464990615845,0.7205387353897095,0.6945701241493225,0.7000000476837158
Gender: Female,362,0.6758893132209778,0.5724138021469116,0.5415019989013672,0.3928571343421936,0.4117647111415863
Age: 50-65,362,0.6564849615097046,0.6875,0.6480263471603394,0.5865740776062012,0.5957446694374084
Race: White,362,0.49166667461395264,0.568468451499939,0.5791666507720947,0.44044527411460876,0.442307710647583
Race: Other,362,0.8065476417541504,0.8015873432159424,0.726190447807312,0.7281632423400879,0.7567567825317383
Overall,363,0.5683760643005371,0.6038612127304077,0.5908119678497314,0.5683273673057556,0.5773195624351501
Gender: Male,363,0.7630273103713989,0.7878412008285522,0.7878412008285522,0.7878412008285522,0.7894737124443054
Gender: Female,363,0.5521978139877319,0.2428571581840515,0.37637364864349365,0.23633970320224762,0.2750000059604645
Age: 50-65,363,0.5683760643005371,0.6038612127304077,0.5908119678497314,0.5683273673057556,0.5773195624351501
Race: White,363,0.40365856885910034,0.472777783870697,0.47012194991111755,0.43885281682014465,0.44262292981147766
Race: Other,363,0.8535353541374207,0.8366666436195374,0.755050539970398,0.7801418304443359,0.8387096524238586
Overall,364,0.6567299365997314,0.620512843132019,0.6061427593231201,0.5732254981994629,0.5789473652839661
Gender: Male,364,0.7522281408309937,0.7224025726318359,0.7442067861557007,0.696969747543335,0.699999988079071
Gender: Female,364,0.5853174924850464,0.3682432472705841,0.4226190447807312,0.36404749751091003,0.4444444477558136
Age: 50-65,364,0.6567299365997314,0.620512843132019,0.6061427593231201,0.5732254981994629,0.5789473652839661
Race: White,364,0.5685483813285828,0.5352852940559387,0.5315859913825989,0.5031782984733582,0.5090909004211426
Race: Other,364,0.79666668176651,0.7626811265945435,0.7416666746139526,0.7121710777282715,0.7142857313156128
Overall,365,0.5872652530670166,0.6060439348220825,0.5884104371070862,0.5250137448310852,0.53125
Gender: Male,365,0.791887104511261,0.7931689023971558,0.7724868059158325,0.7482517957687378,0.75
Gender: Female,365,0.490234375,0.3632478713989258,0.40625,0.29756098985671997,0.3125
Age: 50-65,365,0.5872652530670166,0.6060439348220825,0.5884104371070862,0.5250137448310852,0.53125
Race: White,365,0.4710526168346405,0.49426114559173584,0.49473685026168823,0.4295082092285156,0.43103447556495667
Race: Other,365,0.817460298538208,0.75,0.7142857313156128,0.6333333253860474,0.6363636255264282
Overall,366,0.5358490943908691,0.5191780924797058,0.5132075548171997,0.4475694000720978,0.47311827540397644
Gender: Male,366,0.6837606430053711,0.609649121761322,0.5890313386917114,0.566220223903656,0.5849056839942932
Gender: Female,366,0.4862637519836426,0.3571428656578064,0.4313186705112457,0.28900593519210815,0.32500001788139343
Age: 50-65,366,0.5358490943908691,0.5191780924797058,0.5132075548171997,0.4475694000720978,0.47311827540397644
Race: White,366,0.469696968793869,0.49624061584472656,0.49696969985961914,0.448484867811203,0.46153849363327026
Race: Other,366,0.6550801992416382,0.560606062412262,0.5320855379104614,0.44285714626312256,0.4871794879436493
Overall,367,0.6326422691345215,0.5896103978157043,0.5917065143585205,0.5553359985351562,0.5555555820465088
Gender: Male,367,0.7699248194694519,0.6799451112747192,0.6969925165176392,0.6761904954910278,0.6851851940155029
Gender: Female,367,0.5097402334213257,0.38669949769973755,0.4253246784210205,0.33600643277168274,0.3611111044883728
Age: 50-65,367,0.6326422691345215,0.5896103978157043,0.5917065143585205,0.5553359985351562,0.5555555820465088
Race: White,367,0.4640522599220276,0.4804232716560364,0.4758170247077942,0.43696582317352295,0.4516128897666931
Race: Other,367,0.8392857313156128,0.7986111044883728,0.7559523582458496,0.7562500238418579,0.7692307829856873
Overall,368,0.48076921701431274,0.46939361095428467,0.4781096577644348,0.43121951818466187,0.46464645862579346
Gender: Male,368,0.5150537490844727,0.5791666507720947,0.5612903237342834,0.5327659845352173,0.5573770403862
Gender: Female,368,0.5070028305053711,0.24884793162345886,0.3473389446735382,0.2648809552192688,0.31578946113586426
Age: 50-65,368,0.48076921701431274,0.46939361095428467,0.4781096577644348,0.43121951818466187,0.46464645862579346
Race: White,368,0.4813218414783478,0.3708791136741638,0.39870691299438477,0.35437431931495667,0.37735849618911743
Race: Other,368,0.5037593841552734,0.5913978815078735,0.5639097690582275,0.5199999809265137,0.550000011920929
Overall,369,0.6657546758651733,0.6589099764823914,0.6183310747146606,0.5765765905380249,0.5957446694374084
Gender: Male,369,0.7071428298950195,0.7157894372940063,0.6952381134033203,0.6836363673210144,0.6896551847457886
Gender: Female,369,0.7047618627548218,0.5454545617103577,0.5142857432365417,0.375,0.4444444477558136
Age: 50-65,369,0.6657546758651733,0.6589099764823914,0.6183310747146606,0.5765765905380249,0.5957446694374084
Race: White,369,0.5526316165924072,0.510617733001709,0.5090460777282715,0.44565218687057495,0.45098039507865906
Race: Other,369,0.7810457944869995,0.8269230723381042,0.75,0.7286821603775024,0.7428571581840515
Overall,370,0.7455357313156128,0.7365195751190186,0.6914682388305664,0.6240384578704834,0.6304348111152649
Gender: Male,370,0.8892921805381775,0.865384578704834,0.8793103694915771,0.8535947799682617,0.8541666865348816
Gender: Female,370,0.6753812432289124,0.4404761791229248,0.4891067445278168,0.3056691884994507,0.3863636553287506
Age: 50-65,370,0.7455357313156128,0.7365195751190186,0.6914682388305664,0.6240384578704834,0.6304348111152649
Race: White,370,0.625,0.5709134340286255,0.599662184715271,0.41499999165534973,0.42222222685813904
Race: Other,370,0.823798656463623,0.8709677457809448,0.7894736528396606,0.7925926446914673,0.8095238208770752
Overall,371,0.5654158592224121,0.5889552235603333,0.5755578279495239,0.5061433911323547,0.510869562625885
Gender: Male,371,0.6698369979858398,0.6841737031936646,0.6786684989929199,0.654088020324707,0.6545454263687134
Gender: Female,371,0.5979020595550537,0.3863636255264282,0.4475524425506592,0.2712121307849884,0.29729729890823364
Age: 50-65,371,0.5654158592224121,0.5889552235603333,0.5755578279495239,0.5061433911323547,0.510869562625885
Race: White,371,0.4755244851112366,0.4927234947681427,0.49184149503707886,0.3589743673801422,0.35999998450279236
Race: Other,371,0.7189542055130005,0.7010869979858398,0.6813725233078003,0.6761984825134277,0.6857143044471741
Overall,372,0.5570652484893799,0.5795755982398987,0.5679347515106201,0.549081563949585,0.563829779624939
Gender: Male,372,0.7433862686157227,0.7506793737411499,0.7440476417541504,0.7433333396911621,0.7454545497894287
Gender: Female,372,0.3968254029750824,0.1818181872367859,0.3333333432674408,0.23529411852359772,0.3076923191547394
Age: 50-65,372,0.5570652484893799,0.5795755982398987,0.5679347515106201,0.549081563949585,0.563829779624939
Race: White,372,0.41786283254623413,0.3970588445663452,0.39952152967453003,0.3651498556137085,0.36538463830947876
Race: Other,372,0.7185184955596924,0.7727272510528564,0.7444444894790649,0.7461538314819336,0.7575757503509521
Overall,373,0.6499999761581421,0.6562867164611816,0.6166666746139526,0.5532894730567932,0.5670102834701538
Gender: Male,373,0.7587718963623047,0.7696025967597961,0.7201754450798035,0.6828780770301819,0.6911764740943909
Gender: Female,373,0.5,0.26499998569488525,0.37631577253341675,0.24347826838493347,0.27586206793785095
Age: 50-65,373,0.6499999761581421,0.6562867164611816,0.6166666746139526,0.5532894730567932,0.5670102834701538
Race: White,373,0.5675057172775269,0.5731884241104126,0.5577803254127502,0.48290950059890747,0.49180325865745544
Race: Other,373,0.8421052694320679,0.7708333730697632,0.7105263471603394,0.6476476192474365,0.65625
Overall,374,0.5193798542022705,0.545638918876648,0.538759708404541,0.5051558017730713,0.5154638886451721
Gender: Male,374,0.6543779373168945,0.7076923251152039,0.6866359710693359,0.6719344854354858,0.6779661178588867
Gender: Female,374,0.28985506296157837,0.24904215335845947,0.31014493107795715,0.2443181872367859,0.2631579041481018
Age: 50-65,374,0.5193798542022705,0.545638918876648,0.538759708404541,0.5051558017730713,0.5154638886451721
Race: White,374,0.4082840085029602,0.3907563090324402,0.4038461446762085,0.3854365348815918,0.4038461744785309
Race: Other,374,0.6696428656578064,0.6666666865348816,0.7142857313156128,0.550000011920929,0.5555555820465088
Overall,375,0.38235294818878174,0.435865193605423,0.4479166865348816,0.4234253764152527,0.4545454680919647
Gender: Male,375,0.5170940160751343,0.5962837934494019,0.5811966061592102,0.566220223903656,0.5849056839942932
Gender: Female,375,0.3030303120613098,0.23284314572811127,0.29356062412261963,0.2535496950149536,0.30434784293174744
Age: 50-65,375,0.38235294818878174,0.435865193605423,0.4479166865348816,0.4234253764152527,0.4545454680919647
Race: White,375,0.27023810148239136,0.3030303120613098,0.3142857253551483,0.30288460850715637,0.3103448152542114
Race: Other,375,0.6309523582458496,0.6666666269302368,0.6031745672225952,0.5333333015441895,0.5625
Overall,376,0.6965020895004272,0.679894208908081,0.6574074029922485,0.6071829795837402,0.6111111044883728
Gender: Male,376,0.8059259653091431,0.7984848618507385,0.7918518781661987,0.7877551317214966,0.7884615659713745
Gender: Female,376,0.7407407760620117,0.5515151619911194,0.5286195278167725,0.35227274894714355,0.3684210479259491
Age: 50-65,376,0.6965020895004272,0.679894208908081,0.6574074029922485,0.6071829795837402,0.6111111044883728
Race: White,376,0.6016806960105896,0.5423423647880554,0.5394958257675171,0.46074074506759644,0.46153849363327026
Race: Other,376,0.8458646535873413,0.8333333730697632,0.8157894611358643,0.7870967388153076,0.7878788113594055
Overall,377,0.6183712482452393,0.635064959526062,0.5984848737716675,0.561904788017273,0.5869565606117249
Gender: Male,377,0.6810035705566406,0.6861110925674438,0.6600955724716187,0.6550860404968262,0.6724137663841248
Gender: Female,377,0.6263736486434937,0.574999988079071,0.5329670310020447,0.39906978607177734,0.44117647409439087
Age: 50-65,377,0.6183712482452393,0.635064959526062,0.5984848737716675,0.561904788017273,0.5869565606117249
Race: White,377,0.5272436141967773,0.5416666269302368,0.5304487347602844,0.490662157535553,0.5199999809265137
Race: Other,377,0.798701286315918,0.699999988079071,0.6688311696052551,0.606249988079071,0.6111111044883728
Overall,378,0.46710240840911865,0.5111662745475769,0.5098039507865906,0.49909257888793945,0.5208333730697632
Gender: Male,378,0.7799999713897705,0.814479649066925,0.7527272701263428,0.7496367692947388,0.7659574151039124
Gender: Female,378,0.32107025384902954,0.26075267791748047,0.2767558693885803,0.2661531865596771,0.2857142686843872
Age: 50-65,378,0.46710240840911865,0.5111662745475769,0.5098039507865906,0.49909257888793945,0.5208333730697632
Race: White,378,0.2552594542503357,0.3006896674633026,0.2973352074623108,0.2953296899795532,0.29629629850387573
Race: Other,378,0.7412587404251099,0.8793103694915771,0.7307692170143127,0.7471619844436646,0.800000011920929
Overall,379,0.4855703115463257,0.4885246157646179,0.48877692222595215,0.4580981433391571,0.4583333432674408
Gender: Male,379,0.7100694179534912,0.6458333730697632,0.6579861044883728,0.6347402334213257,0.6399999856948853
Gender: Female,379,0.27485379576683044,0.23376624286174774,0.30019494891166687,0.23781675100326538,0.260869562625885
Age: 50-65,379,0.4855703115463257,0.4885246157646179,0.48877692222595215,0.4580981433391571,0.4583333432674408
Race: White,379,0.26923078298568726,0.2976190447807312,0.28205129504203796,0.2611111104488373,0.2631579041481018
Race: Other,379,0.7625000476837158,0.70634925365448,0.7166666984558105,0.686274528503418,0.6875
Overall,380,0.6061046123504639,0.5785211324691772,0.5540212988853455,0.5069659352302551,0.5384615659713745
Gender: Male,380,0.6736111044883728,0.7000000476837158,0.6625000238418579,0.6588628888130188,0.6851851940155029
Gender: Female,380,0.6666667461395264,0.35624998807907104,0.42628204822540283,0.29118773341178894,0.3243243396282196
Age: 50-65,380,0.6061046123504639,0.5785211324691772,0.5540212988853455,0.5069659352302551,0.5384615659713745
Race: White,380,0.5766129493713379,0.5125969052314758,0.5087365508079529,0.4463728070259094,0.4727272689342499
Race: Other,380,0.71875,0.6477272510528564,0.6160714626312256,0.5833333730697632,0.6000000238418579
Overall,381,0.5378684997558594,0.4980652332305908,0.49841272830963135,0.46992480754852295,0.4893616735935211
Gender: Male,381,0.7857142686843872,0.7000000476837158,0.6928571462631226,0.6950998306274414,0.7083333730697632
Gender: Female,381,0.38539552688598633,0.24624624848365784,0.3286004066467285,0.23781675100326538,0.260869562625885
Age: 50-65,381,0.5378684997558594,0.4980652332305908,0.49841272830963135,0.46992480754852295,0.4893616735935211
Race: White,381,0.43437498807907104,0.3692810535430908,0.375,0.34518516063690186,0.3461538553237915
Race: Other,381,0.6274509429931641,0.6217948794364929,0.593137264251709,0.5716783404350281,0.6000000238418579
Overall,382,0.613573431968689,0.6217948794364929,0.609649121761322,0.5653387308120728,0.5684210658073425
Gender: Male,382,0.7250000238418579,0.7141176462173462,0.7166666984558105,0.6948275566101074,0.694915235042572
Gender: Female,382,0.6753246784210205,0.3774193525314331,0.43831169605255127,0.3185185194015503,0.3611111044883728
Age: 50-65,382,0.613573431968689,0.6217948794364929,0.609649121761322,0.5653387308120728,0.5684210658073425
Race: White,382,0.5612648725509644,0.5320056676864624,0.529644250869751,0.49743592739105225,0.5
Race: Other,382,0.8181818723678589,0.75,0.75,0.6666666865348816,0.6666666865348816
Overall,383,0.3776223659515381,0.4868340492248535,0.489976704120636,0.43030303716659546,0.44680848717689514
Gender: Male,383,0.4951724410057068,0.5802861452102661,0.569655179977417,0.5455820560455322,0.5555555820465088
Gender: Female,383,0.2664835453033447,0.3137255012989044,0.3956044018268585,0.2708333134651184,0.30000001192092896
Age: 50-65,383,0.3776223659515381,0.4868340492248535,0.489976704120636,0.43030303716659546,0.44680848717689514
Race: White,383,0.2558823823928833,0.3634868264198303,0.37794119119644165,0.32965517044067383,0.3333333432674408
Race: Other,383,0.4909090995788574,0.636904776096344,0.6045454740524292,0.5079365372657776,0.5161290168762207
Overall,384,0.7490421533584595,0.7016890048980713,0.6944444179534912,0.6485782265663147,0.6489361524581909
Gender: Male,384,0.9149184226989746,0.8476470708847046,0.8444055914878845,0.8304597735404968,0.8305084705352783
Gender: Female,384,0.6480000019073486,0.44212961196899414,0.44999998807907104,0.3407043516635895,0.34285715222358704
Age: 50-65,384,0.7490421533584595,0.7016890048980713,0.6944444179534912,0.6485782265663147,0.6489361524581909
Race: White,384,0.6555556058883667,0.5789473652839661,0.5904762148857117,0.4887101650238037,0.4912280738353729
Race: Other,384,0.9098039269447327,0.908730149269104,0.9039216041564941,0.9054187536239624,0.90625
Overall,385,0.5992348194122314,0.5477941036224365,0.5373027324676514,0.4935779571533203,0.510869562625885
Gender: Male,385,0.6777777671813965,0.7145833373069763,0.690740704536438,0.6556776762008667,0.6595744490623474
Gender: Female,385,0.533730149269104,0.3055555522441864,0.375,0.3062201142311096,0.35555556416511536
Age: 50-65,385,0.5992348194122314,0.5477941036224365,0.5373027324676514,0.4935779571533203,0.510869562625885
Race: White,385,0.43189966678619385,0.3311966061592102,0.3584229350090027,0.2988215386867523,0.30612245202064514
Race: Other,385,0.8496732115745544,0.7878788113594055,0.7483659982681274,0.7350714802742004,0.7428571581840515
Overall,386,0.6197870373725891,0.6566901206970215,0.6184560656547546,0.5884556770324707,0.6105263233184814
Gender: Male,386,0.8061002492904663,0.8165374994277954,0.7668845653533936,0.7711399793624878,0.7868852019309998
Gender: Female,386,0.48106062412261963,0.3095238208770752,0.3787878751754761,0.27142858505249023,0.29411765933036804
Age: 50-65,386,0.6197870373725891,0.6566901206970215,0.6184560656547546,0.5884556770324707,0.6105263233184814
Race: White,386,0.5225000381469727,0.42741936445236206,0.4437499940395355,0.37689971923828125,0.39024388790130615
Race: Black,386,0.0,0.42307692766189575,0.5,0.4583333432674408,0.8461538553237915
Race: Other,386,0.8014354109764099,0.7976190447807312,0.769138753414154,0.7524154186248779,0.7560975551605225
Overall,387,0.6584248542785645,0.6428571343421936,0.6144688725471497,0.5588401556015015,0.5684210658073425
Gender: Male,387,0.7094594240188599,0.7068182229995728,0.6921452283859253,0.6778438091278076,0.6811594367027283
Gender: Female,387,0.8796992301940918,0.13461539149284363,0.5,0.21212121844291687,0.26923078298568726
Age: 50-65,387,0.6584248542785645,0.6428571343421936,0.6144688725471497,0.5588401556015015,0.5684210658073425
Race: White,387,0.6096256971359253,0.5963768362998962,0.5889037251472473,0.45843422412872314,0.4590163826942444
Race: Other,387,0.7864583730697632,0.7111110687255859,0.6979166269302368,0.7005347609519958,0.7142857313156128
Overall,388,0.522179365158081,0.5080825090408325,0.5069913268089294,0.4381207227706909,0.4421052932739258
Gender: Male,388,0.5630252361297607,0.6035714149475098,0.6015406250953674,0.5634920597076416,0.5636363625526428
Gender: Female,388,0.5299144983291626,0.29901963472366333,0.38319090008735657,0.25209543108940125,0.2750000059604645
Age: 50-65,388,0.522179365158081,0.5080825090408325,0.5069913268089294,0.4381207227706909,0.4421052932739258
Race: White,388,0.48739492893218994,0.3529411852359772,0.3529411852359772,0.2916666567325592,0.2916666865348816
Race: Other,388,0.5361990928649902,0.6586021184921265,0.6334841847419739,0.5756579041481018,0.5813953280448914
Overall,389,0.5859553217887878,0.566376805305481,0.552211582660675,0.5140977501869202,0.5319148898124695
Gender: Male,389,0.7237851619720459,0.6974085569381714,0.6656010150909424,0.6687179803848267,0.7017543911933899
Gender: Female,389,0.5198413133621216,0.3670635223388672,0.3670635223388672,0.2702702581882477,0.27027028799057007
Age: 50-65,389,0.5859553217887878,0.566376805305481,0.552211582660675,0.5140977501869202,0.5319148898124695
Race: White,389,0.44305554032325745,0.46666669845581055,0.46666669845581055,0.4285714328289032,0.4285714626312256
Race: Other,389,0.7276785969734192,0.7000000476837158,0.6116071343421936,0.5763800144195557,0.6333333849906921
Overall,390,0.6370056867599487,0.6065821051597595,0.5830979347229004,0.5065492391586304,0.5157895088195801
Gender: Male,390,0.7434782981872559,0.7280303239822388,0.7181159257888794,0.6971428394317627,0.698113203048706
Gender: Female,390,0.5623341798782349,0.3076923191547394,0.4403183162212372,0.24278846383094788,0.2857142984867096
Age: 50-65,390,0.6370056867599487,0.6065821051597595,0.5830979347229004,0.5065492391586304,0.5157895088195801
Race: White,390,0.541478157043457,0.5067873597145081,0.5067873597145081,0.4285714328289032,0.4285714626312256
Race: Other,390,0.7555555105209351,0.7777777910232544,0.6666666865348816,0.6071428656578064,0.6363636255264282
Overall,391,0.5988371968269348,0.5519366264343262,0.5395796298980713,0.49561405181884766,0.5157895088195801
Gender: Male,391,0.7076922655105591,0.6975806355476379,0.6884615421295166,0.6832298040390015,0.686274528503418
Gender: Female,391,0.49145299196243286,0.17499999701976776,0.3888888955116272,0.24137930572032928,0.3181818127632141
Age: 50-65,391,0.5988371968269348,0.5519366264343262,0.5395796298980713,0.49561405181884766,0.5157895088195801
Race: White,391,0.41093116998672485,0.39116379618644714,0.39777329564094543,0.375,0.3777777850627899
Race: Other,391,0.7552940845489502,0.75,0.6599999666213989,0.575757622718811,0.5952380895614624
Overall,392,0.5795918703079224,0.5782192945480347,0.563469409942627,0.5430932641029358,0.5656565427780151
Gender: Male,392,0.7954545021057129,0.8047618865966797,0.7597402334213257,0.764049768447876,0.7799999713897705
Gender: Female,392,0.45622897148132324,0.3344017267227173,0.369528591632843,0.32413792610168457,0.34693875908851624
Age: 50-65,392,0.5795918703079224,0.5782192945480347,0.563469409942627,0.5430932641029358,0.5656565427780151
Race: White,392,0.43979591131210327,0.42267441749572754,0.43214285373687744,0.4030729830265045,0.4126984477043152
Race: Other,392,0.8968254327774048,0.875,0.7857142686843872,0.7922078371047974,0.8125
Overall,393,0.5414966344833374,0.5075604915618896,0.5068027377128601,0.4902503788471222,0.4999999701976776
Gender: Male,393,0.6504329442977905,0.6456876993179321,0.6352813839912415,0.6192672848701477,0.6229507923126221
Gender: Female,393,0.3970588445663452,0.2239130437374115,0.2665441036224365,0.23846153914928436,0.27272728085517883
Age: 50-65,393,0.5414966344833374,0.5075604915618896,0.5068027377128601,0.4902503788471222,0.4999999701976776
Race: White,393,0.3307291865348816,0.34716731309890747,0.3489583134651184,0.339074969291687,0.3392857313156128
Race: Other,393,0.7941176891326904,0.7398989796638489,0.6995798349380493,0.6688034534454346,0.6774193048477173
Overall,394,0.5091973543167114,0.5394802689552307,0.5330267548561096,0.5055286884307861,0.5204081535339355
Gender: Male,394,0.6483333110809326,0.7113970518112183,0.6916666626930237,0.6961805820465088,0.7199999690055847
Gender: Female,394,0.396484375,0.3593406677246094,0.375,0.30980393290519714,0.3125
Age: 50-65,394,0.5091973543167114,0.5394802689552307,0.5330267548561096,0.5055286884307861,0.5204081535339355
Race: White,394,0.4282744228839874,0.4603580832481384,0.46777546405792236,0.4166666865348816,0.4285714626312256
Race: Other,394,0.6607142686843872,0.6666666865348816,0.6607142686843872,0.6606335043907166,0.6666666865348816
Overall,395,0.6122221946716309,0.5646153688430786,0.5583333373069763,0.47616100311279297,0.47777777910232544
Gender: Male,395,0.6580644845962524,0.631313145160675,0.625806450843811,0.5876010656356812,0.5882353186607361
Gender: Female,395,0.634482741355896,0.4821428656578064,0.48620688915252686,0.329365074634552,0.3333333432674408
Age: 50-65,395,0.6122221946716309,0.5646153688430786,0.5583333373069763,0.47616100311279297,0.47777777910232544
Race: White,395,0.5158562660217285,0.4340222477912903,0.4122621715068817,0.32499998807907104,0.3333333432674408
Race: Other,395,0.7647058963775635,0.7574999928474426,0.689338207244873,0.6726190447807312,0.696969747543335
Overall,396,0.6140589714050293,0.5985294580459595,0.5911564826965332,0.5793459415435791,0.585106372833252
Gender: Male,396,0.7553879022598267,0.7413419485092163,0.7403017282485962,0.7376344203948975,0.737704873085022
Gender: Female,396,0.4227941036224365,0.18518517911434174,0.3125,0.23255814611911774,0.3030303120613098
Age: 50-65,396,0.6140589714050293,0.5985294580459595,0.5911564826965332,0.5793459415435791,0.585106372833252
Race: White,396,0.49572649598121643,0.4311145544052124,0.43660968542099,0.42391306161880493,0.43396228551864624
Race: Other,396,0.7939393520355225,0.7848484516143799,0.7848484516143799,0.7567567825317383,0.7567567825317383
Overall,397,0.6398348808288574,0.6508333683013916,0.5933952331542969,0.4853587746620178,0.5054945349693298
Gender: Male,397,0.5775729417800903,0.6900900602340698,0.6620583534240723,0.6101949214935303,0.6153846383094788
Gender: Female,397,0.7899408340454102,0.6710526347160339,0.5192307829856873,0.29193902015686035,0.3589743673801422
Age: 50-65,397,0.6398348808288574,0.6508333683013916,0.5933952331542969,0.4853587746620178,0.5054945349693298
Race: White,397,0.6454689502716064,0.5555555820465088,0.5357710719108582,0.3941093683242798,0.40740740299224854
Race: Other,397,0.7134503126144409,0.7142857313156128,0.6842105388641357,0.5692307949066162,0.5714285969734192
Overall,398,0.698951780796051,0.6301848888397217,0.6092243194580078,0.5806589722633362,0.5918367505073547
Gender: Male,398,0.734375,0.7151515483856201,0.721875011920929,0.6918518543243408,0.692307710647583
Gender: Female,398,0.6761904954910278,0.39926743507385254,0.4476190507411957,0.3839285671710968,0.47826087474823
Age: 50-65,398,0.698951780796051,0.6301848888397217,0.6092243194580078,0.5806589722633362,0.5918367505073547
Race: White,398,0.6090226173400879,0.5221773982048035,0.5206767320632935,0.4872727394104004,0.4893616735935211
Race: Other,398,0.8157349824905396,0.729528546333313,0.6915113925933838,0.6709401607513428,0.6818181872367859
Overall,399,0.5858635902404785,0.5909091234207153,0.5676953792572021,0.5231941938400269,0.5444444417953491
Gender: Male,399,0.6620370149612427,0.7035714387893677,0.6759259700775146,0.6709677577018738,0.686274528503418
Gender: Female,399,0.5799999833106995,0.4166666865348816,0.4528571367263794,0.33081674575805664,0.3589743673801422
Age: 50-65,399,0.5858635902404785,0.5909091234207153,0.5676953792572021,0.5231941938400269,0.5444444417953491
Race: White,399,0.5053571462631226,0.4861111044883728,0.4866071343421936,0.4115384817123413,0.4117647111415863
Race: Other,399,0.64682537317276,0.677142858505249,0.6230158805847168,0.6101882457733154,0.65625
Overall,400,0.49450549483299255,0.5367647409439087,0.5297619104385376,0.5161764621734619,0.5531914830207825
Gender: Male,400,0.7349536418914795,0.7295454740524292,0.6753472089767456,0.6672932505607605,0.694915235042572
Gender: Female,400,0.1899999976158142,0.2537878751754761,0.28333333134651184,0.2657342851161957,0.3142857253551483
Age: 50-65,400,0.49450549483299255,0.5367647409439087,0.5297619104385376,0.5161764621734619,0.5531914830207825
Race: White,400,0.3888198733329773,0.4419642984867096,0.4515528082847595,0.4398934245109558,0.5
Race: Other,400,0.6771929264068604,0.6708333492279053,0.6438596248626709,0.6091954112052917,0.6176470518112183
Overall,401,0.502173900604248,0.5066413879394531,0.5060869455337524,0.4920635223388672,0.5
Gender: Male,401,0.6514285802841187,0.6934523582458496,0.6857143044471741,0.6774078011512756,0.6792452931404114
Gender: Female,401,0.3160173296928406,0.24358975887298584,0.28354978561401367,0.2532213032245636,0.27906978130340576
Age: 50-65,401,0.502173900604248,0.5066413879394531,0.5060869455337524,0.4920635223388672,0.5
Race: White,401,0.332932710647583,0.3137255012989044,0.317307710647583,0.3095238208770752,0.3103448152542114
Race: Other,401,0.6909722089767456,0.8333333730697632,0.7777777910232544,0.7571429014205933,0.7647058963775635
Overall,402,0.4389140009880066,0.4479638338088989,0.4479638338088989,0.4040403962135315,0.4040403962135315
Gender: Male,402,0.587890625,0.5833333134651184,0.59375,0.5714285373687744,0.5833333730697632
Gender: Female,402,0.2996633052825928,0.2219512164592743,0.3080808222293854,0.2160031497478485,0.2352941334247589
Age: 50-65,402,0.4389140009880066,0.4479638338088989,0.4479638338088989,0.4040403962135315,0.4040403962135315
Race: White,402,0.3526785671710968,0.38913044333457947,0.3861607313156128,0.3764705955982208,0.37735849618911743
Race: Other,402,0.575596809387207,0.5865102410316467,0.5782493352890015,0.4749999940395355,0.4761904776096344
Overall,403,0.4936061501502991,0.5105593800544739,0.507885754108429,0.46745097637176514,0.49484533071517944
Gender: Male,403,0.6842105388641357,0.7261029481887817,0.7088285088539124,0.7142857313156128,0.7400000095367432
Gender: Female,403,0.41458335518836975,0.24038460850715637,0.33125001192092896,0.21666666865348816,0.23404254019260406
Age: 50-65,403,0.4936061501502991,0.5105593800544739,0.507885754108429,0.46745097637176514,0.49484533071517944
Race: White,403,0.38441556692123413,0.3772865831851959,0.3954545259475708,0.34360411763191223,0.35087719559669495
Race: Other,403,0.6148148775100708,0.6949999928474426,0.644444465637207,0.6329625844955444,0.6666666865348816
Overall,404,0.5307692289352417,0.5400000214576721,0.5307692289352417,0.4624060392379761,0.4747474789619446
Gender: Male,404,0.6378204822540283,0.6673202514648438,0.6367521286010742,0.5880945920944214,0.596774160861969
Gender: Female,404,0.4166666865348816,0.27619048953056335,0.3493589758872986,0.2505626380443573,0.27027028799057007
Age: 50-65,404,0.5307692289352417,0.5400000214576721,0.5307692289352417,0.4624060392379761,0.4747474789619446
Race: White,404,0.4627450704574585,0.44404760003089905,0.4385620951652527,0.3694915175437927,0.3709677457809448
Race: Other,404,0.5466666221618652,0.6442307829856873,0.5666666626930237,0.4993581473827362,0.5666667222976685
Overall,405,0.6148648262023926,0.6159586906433105,0.5974903106689453,0.5419793725013733,0.5483871102333069
Gender: Male,405,0.7126049995422363,0.6761618852615356,0.6974790096282959,0.6491754055023193,0.6538462042808533
Gender: Female,405,0.4238095283508301,0.22368420660495758,0.42500001192092896,0.2931034564971924,0.4146341383457184
Age: 50-65,405,0.6148648262023926,0.6159586906433105,0.5974903106689453,0.5419793725013733,0.5483871102333069
Race: White,405,0.5523809194564819,0.5448079705238342,0.5428571701049805,0.49936142563819885,0.5
Race: Other,405,0.6888889074325562,0.7586206793785095,0.6666666865348816,0.5909091234207153,0.6111111044883728
Overall,406,0.6432980298995972,0.6277778148651123,0.6216931343078613,0.6026144027709961,0.6041666865348816
Gender: Male,406,0.816919207572937,0.7944444417953491,0.8011363744735718,0.7888889312744141,0.7894737124443054
Gender: Female,406,0.4603174328804016,0.2944444417953491,0.3531745970249176,0.2958333492279053,0.3333333432674408
Age: 50-65,406,0.6432980298995972,0.6277778148651123,0.6216931343078613,0.6026144027709961,0.6041666865348816
Race: White,406,0.5601851940155029,0.5386977791786194,0.5364583730697632,0.5219907760620117,0.5254237055778503
Race: Other,406,0.8700000047683716,0.7455357313156128,0.7749999761581421,0.7285068035125732,0.7333333492279053
Overall,407,0.5937198400497437,0.6223958730697632,0.602173924446106,0.586363673210144,0.6043956279754639
Gender: Male,407,0.7638888359069824,0.762499988079071,0.7430555820465088,0.7488038539886475,0.7666667103767395
Gender: Female,407,0.5571428537368774,0.3392857313156128,0.37142857909202576,0.2836134433746338,0.29032257199287415
Age: 50-65,407,0.5937198400497437,0.6223958730697632,0.602173924446106,0.586363673210144,0.6043956279754639
Race: White,407,0.5111111402511597,0.5,0.5,0.4750000238418579,0.48148149251937866
Race: Other,407,0.7857142686843872,0.769444465637207,0.7309523820877075,0.7156863212585449,0.7241379022598267
Overall,408,0.4937499761581421,0.4980148673057556,0.4982143044471741,0.4640394449234009,0.46875
Gender: Male,408,0.5858725309371948,0.6027027368545532,0.6052631735801697,0.5437191724777222,0.5438596606254578
Gender: Female,408,0.35449737310409546,0.30519479513168335,0.341269850730896,0.31386348605155945,0.3589743673801422
Age: 50-65,408,0.4937499761581421,0.4980148673057556,0.4982143044471741,0.4640394449234009,0.46875
Race: White,408,0.24074074625968933,0.3125,0.3222222328186035,0.2904347777366638,0.2916666865348816
Race: Other,408,0.7873684167861938,0.6758620738983154,0.6610526442527771,0.6333333253860474,0.6363636255264282
Overall,409,0.5286771655082703,0.5462304353713989,0.5300647616386414,0.4833333492279053,0.5268816947937012
Gender: Male,409,0.6828125715255737,0.7564102411270142,0.703125,0.711480975151062,0.75
Gender: Female,409,0.4100528955459595,0.21190476417541504,0.33994707465171814,0.21397650241851807,0.24390242993831635
Age: 50-65,409,0.5286771655082703,0.5462304353713989,0.5300647616386414,0.4833333492279053,0.5268816947937012
Race: White,409,0.32842105627059937,0.3697270452976227,0.38947367668151855,0.351578950881958,0.3636363744735718
Race: Other,409,0.7547619342803955,0.7857142686843872,0.6428571343421936,0.5858585834503174,0.6341463327407837
Overall,410,0.44143354892730713,0.4712159037590027,0.4746503233909607,0.4639316201210022,0.4895833432674408
Gender: Male,410,0.6999999284744263,0.7317290306091309,0.7166666984558105,0.7211496829986572,0.7400000095367432
Gender: Female,410,0.28409093618392944,0.1763392835855484,0.22537878155708313,0.19298246502876282,0.21739131212234497
Age: 50-65,410,0.44143354892730713,0.4712159037590027,0.4746503233909607,0.4639316201210022,0.4895833432674408
Race: White,410,0.23111112415790558,0.2846890091896057,0.30000001192092896,0.2873303294181824,0.30000001192092896
Race: Other,410,0.8774509429931641,0.8444444537162781,0.8039215803146362,0.8133848309516907,0.8275861740112305
Overall,411,0.6410256624221802,0.6280041933059692,0.6256410479545593,0.5367907881736755,0.5368421077728271
Gender: Male,411,0.7422969341278076,0.731792688369751,0.731792688369751,0.6909090876579285,0.6909090876579285
Gender: Female,411,0.5913978815078735,0.484375,0.4856630861759186,0.32457786798477173,0.32500001788139343
Age: 50-65,411,0.6410256624221802,0.6280041933059692,0.6256410479545593,0.5367907881736755,0.5368421077728271
Race: White,411,0.6253560781478882,0.6089743375778198,0.6089743375778198,0.5263158082962036,0.5263158082962036
Race: Other,411,0.6666666269302368,0.6660839319229126,0.6583333611488342,0.567251443862915,0.5675675868988037
Overall,412,0.5161978006362915,0.538241982460022,0.5285592675209045,0.48918768763542175,0.5154638886451721
Gender: Male,412,0.6881721019744873,0.7395833730697632,0.6923536062240601,0.6858872175216675,0.7068965435028076
Gender: Female,412,0.3166666626930237,0.19153225421905518,0.2875000238418579,0.20516304671764374,0.23076923191547394
Age: 50-65,412,0.5161978006362915,0.538241982460022,0.5285592675209045,0.48918768763542175,0.5154638886451721
Race: White,412,0.4226190447807312,0.3931685984134674,0.4124999940395355,0.3611355125904083,0.37288135290145874
Race: Other,412,0.6588234901428223,0.7708333730697632,0.7039215564727783,0.6945917010307312,0.71875
Overall,413,0.47894054651260376,0.4681818187236786,0.4726443886756897,0.4515514671802521,0.46875
Gender: Male,413,0.6521738767623901,0.6614583730697632,0.6497584581375122,0.6486151218414307,0.6599999666213989
Gender: Female,413,0.38653844594955444,0.23039215803146362,0.2884615361690521,0.23781675100326538,0.260869562625885
Age: 50-65,413,0.47894054651260376,0.4681818187236786,0.4726443886756897,0.4515514671802521,0.46875
Race: White,413,0.4506048262119293,0.42628204822540283,0.43044355511665344,0.4214285612106323,0.4285714626312256
Race: Other,413,0.6026785969734192,0.5833333730697632,0.5535714626312256,0.49760764837265015,0.5333333611488342
Overall,414,0.427109956741333,0.43533697724342346,0.43947142362594604,0.426898717880249,0.4329896867275238
Gender: Male,414,0.7525084018707275,0.6684210300445557,0.6605350971221924,0.6507337689399719,0.6530612111091614
Gender: Female,414,0.24347826838493347,0.1878557801246643,0.21391305327415466,0.19576719403266907,0.2083333432674408
Age: 50-65,414,0.427109956741333,0.43533697724342346,0.43947142362594604,0.426898717880249,0.4329896867275238
Race: White,414,0.2795698940753937,0.2928921580314636,0.298088401556015,0.29120713472366333,0.2931034564971924
Race: Other,414,0.6904761791229248,0.6499999761581421,0.6428571343421936,0.6235294342041016,0.625
Overall,415,0.72463059425354,0.7096773982048035,0.69852215051651,0.644503653049469,0.6451612710952759
Gender: Male,415,0.7327365875244141,0.7777777910232544,0.7877237796783447,0.7708011269569397,0.7719298601150513
Gender: Female,415,0.8506944179534912,0.6875,0.5833333134651184,0.4155844449996948,0.4444444477558136
Age: 50-65,415,0.72463059425354,0.7096773982048035,0.69852215051651,0.644503653049469,0.6451612710952759
Race: White,415,0.6442307233810425,0.5923423171043396,0.598557710647583,0.5084409117698669,0.5090909004211426
Race: Other,415,0.8646616339683533,0.8500000238418579,0.8421052694320679,0.8180147409439087,0.8181818723678589
Overall,416,0.5168067216873169,0.5408986210823059,0.5372899174690247,0.4866071343421936,0.4888888895511627
Gender: Male,416,0.6494252681732178,0.6472700834274292,0.6472700834274292,0.6415094137191772,0.6415094137191772
Gender: Female,416,0.5740740895271301,0.3712121248245239,0.43703705072402954,0.2505626380443573,0.27027028799057007
Age: 50-65,416,0.5168067216873169,0.5408986210823059,0.5372899174690247,0.4866071343421936,0.4888888895511627
Race: White,416,0.3787878751754761,0.37857145071029663,0.38731062412261963,0.3254067599773407,0.3265306055545807
Race: Black,416,0.0,0.27272728085517883,0.5,0.3529411852359772,0.5454545617103577
Race: Other,416,0.75,0.7410714626312256,0.75,0.7321428656578064,0.7333333492279053
Overall,417,0.5604915022850037,0.5541176795959473,0.532608687877655,0.4810442328453064,0.532608687877655
Gender: Male,417,0.6718092560768127,0.6946429014205933,0.6528751850128174,0.6505519151687622,0.6851851940155029
Gender: Female,417,0.6144927740097046,0.17142857611179352,0.4000000059604645,0.23999999463558197,0.31578946113586426
Age: 50-65,417,0.5604915022850037,0.5541176795959473,0.532608687877655,0.4810442328453064,0.532608687877655
Race: White,417,0.41129034757614136,0.36231884360313416,0.4233871102333069,0.3321428894996643,0.38181817531585693
Race: Other,417,0.7399999499320984,0.7893518209457397,0.7083333134651184,0.7086031436920166,0.7428571581840515
Overall,418,0.5,0.5605590343475342,0.5503876209259033,0.5141550302505493,0.5257731676101685
Gender: Male,418,0.7020201683044434,0.7321428656578064,0.7297979593276978,0.7306553721427917,0.7346938848495483
Gender: Female,418,0.498046875,0.3606271743774414,0.421875,0.2874493896961212,0.3125
Age: 50-65,418,0.5,0.5605590343475342,0.5503876209259033,0.5141550302505493,0.5257731676101685
Race: White,418,0.40789473056793213,0.4848484992980957,0.48391813039779663,0.45291775465011597,0.45454543828964233
Race: Other,418,0.5813148617744446,0.601190447807312,0.5588235259056091,0.5072463750839233,0.5588235259056091
Overall,419,0.4945833683013916,0.4380630552768707,0.4541666507720947,0.413823664188385,0.44897958636283875
Gender: Male,419,0.6063100099563599,0.5888158082962036,0.5740740895271301,0.5556350946426392,0.5740740895271301
Gender: Female,419,0.3913043439388275,0.1805555522441864,0.3095238208770752,0.22807016968727112,0.29545456171035767
Age: 50-65,419,0.4945833683013916,0.4380630552768707,0.4541666507720947,0.413823664188385,0.44897958636283875
Race: White,419,0.4345238208770752,0.32496413588523865,0.35476189851760864,0.3283255100250244,0.36206895112991333
Race: Other,419,0.6535087823867798,0.6577380895614624,0.6162281036376953,0.5363247990608215,0.5483870506286621
Overall,420,0.4989999830722809,0.520145058631897,0.512499988079071,0.44128912687301636,0.47777777910232544
Gender: Male,420,0.6071428656578064,0.6428571939468384,0.6071428656578064,0.5809524059295654,0.6071428656578064
Gender: Female,420,0.6628788113594055,0.14516128599643707,0.375,0.20930232107639313,0.2647058963775635
Age: 50-65,420,0.4989999830722809,0.520145058631897,0.512499988079071,0.44128912687301636,0.47777777910232544
Race: White,420,0.3736979365348816,0.37070709466934204,0.4166666567325592,0.339400053024292,0.3750000298023224
Race: Other,420,0.7708333134651184,0.7727272510528564,0.6875,0.625668466091156,0.6428571939468384
Overall,421,0.49253731966018677,0.4920635223388672,0.4916044771671295,0.44353604316711426,0.4444444477558136
Gender: Male,421,0.6055226922035217,0.6346153616905212,0.6794872283935547,0.6102564334869385,0.634615421295166
Gender: Female,421,0.4417293071746826,0.1851351261138916,0.2810150384902954,0.20488722622394562,0.23404254019260406
Age: 50-65,421,0.49253731966018677,0.4920635223388672,0.4916044771671295,0.44353604316711426,0.4444444477558136
Race: White,421,0.3155555725097656,0.36139535903930664,0.33444446325302124,0.30142074823379517,0.30882352590560913
Race: Other,421,0.8413461446762085,0.7878788113594055,0.7740384340286255,0.7574671506881714,0.7586206793785095
Overall,422,0.6877890825271606,0.6674876809120178,0.6572617888450623,0.6510319113731384,0.6559139490127563
Gender: Male,422,0.8222222328186035,0.8054298758506775,0.800000011920929,0.7991071343421936,0.8000000715255737
Gender: Female,422,0.5588235855102539,0.375,0.4007352888584137,0.36538460850715637,0.39393940567970276
Age: 50-65,422,0.6877890825271606,0.6674876809120178,0.6572617888450623,0.6510319113731384,0.6559139490127563
Race: White,422,0.5816667079925537,0.5928093194961548,0.5924999713897705,0.5916666984558105,0.5918367505073547
Race: Other,422,0.851190447807312,0.7583333253860474,0.730654776096344,0.6991870403289795,0.7027027010917664
Overall,423,0.6087344288825989,0.6683006286621094,0.6377005577087402,0.6085164546966553,0.6210526823997498
Gender: Male,423,0.7155172228813171,0.8006993532180786,0.7780172824859619,0.7674291729927063,0.7704917788505554
Gender: Female,423,0.5754386186599731,0.2896551787853241,0.39298245310783386,0.2916666567325592,0.3529411852359772
Age: 50-65,423,0.6087344288825989,0.6683006286621094,0.6377005577087402,0.6085164546966553,0.6210526823997498
Race: White,423,0.5064934492111206,0.5384615659713745,0.5350649356842041,0.4887101650238037,0.4912280738353729
Race: Other,423,0.8333333730697632,0.875,0.800000011920929,0.8035714626312256,0.8181818723678589
Overall,424,0.492671400308609,0.5247058868408203,0.514893651008606,0.46483343839645386,0.52173912525177
Gender: Male,424,0.6306818127632141,0.7489316463470459,0.720643937587738,0.7306346893310547,0.7755101919174194
Gender: Female,424,0.49014779925346375,0.12820513546466827,0.3571428656578064,0.18867924809455872,0.23255813121795654
Age: 50-65,424,0.492671400308609,0.5247058868408203,0.514893651008606,0.46483343839645386,0.52173912525177
Race: White,424,0.44648832082748413,0.36936938762664795,0.4030100405216217,0.3552631735801697,0.3877550959587097
Race: Other,424,0.5852941274642944,0.8125,0.6470588445663452,0.6118881106376648,0.6756756901741028
Overall,425,0.622978687286377,0.6146479845046997,0.5942553281784058,0.5711759328842163,0.5876288414001465
Gender: Male,425,0.7494505643844604,0.7709790468215942,0.7554944753646851,0.7595720291137695,0.7704917788505554
Gender: Female,425,0.5104166269302368,0.30000001192092896,0.375,0.2571428716182709,0.2777777910232544
Age: 50-65,425,0.622978687286377,0.6146479845046997,0.5942553281784058,0.5711759328842163,0.5876288414001465
Race: White,425,0.5522875785827637,0.5107142925262451,0.5098039507865906,0.48683854937553406,0.49180325865745544
Race: Other,425,0.75,0.804347813129425,0.71875,0.6827262043952942,0.7000000476837158
Overall,426,0.6770685911178589,0.6684149503707886,0.6366430521011353,0.6215879321098328,0.6413043737411499
Gender: Male,426,0.8400000333786011,0.757331371307373,0.7507143020629883,0.7515326142311096,0.7547169923782349
Gender: Female,426,0.6815788745880127,0.4928571581840515,0.4973684251308441,0.39814814925193787,0.4871794879436493
Age: 50-65,426,0.6770685911178589,0.6684149503707886,0.6366430521011353,0.6215879321098328,0.6413043737411499
Race: White,426,0.5399999618530273,0.5281385183334351,0.5236363410949707,0.4960373044013977,0.5106382966041565
Race: Other,426,0.8482972383499146,0.7916666865348816,0.7600619196891785,0.7450826168060303,0.75
Overall,427,0.6047619581222534,0.5637198686599731,0.5587301850318909,0.4721418023109436,0.47311827540397644
Gender: Male,427,0.6336805820465088,0.6333333253860474,0.6388888955116272,0.5993589758872986,0.5999999642372131
Gender: Female,427,0.6424731016159058,0.46846848726272583,0.4811827838420868,0.3121897578239441,0.3255814015865326
Age: 50-65,427,0.6047619581222534,0.5637198686599731,0.5587301850318909,0.4721418023109436,0.47311827540397644
Race: White,427,0.5723683834075928,0.4542619585990906,0.4517543911933899,0.33973589539527893,0.3400000035762787
Race: Other,427,0.6602563858032227,0.6522436141967773,0.6522436141967773,0.5945945978164673,0.5945945978164673
Overall,428,0.5316038131713867,0.5420875549316406,0.5353773832321167,0.49551886320114136,0.5053763389587402
Gender: Male,428,0.6214286088943481,0.6859582662582397,0.675000011920929,0.644444465637207,0.6458333730697632
Gender: Female,428,0.4960000216960907,0.33571428060531616,0.38499999046325684,0.3220779299736023,0.35555556416511536
Age: 50-65,428,0.5316038131713867,0.5420875549316406,0.5353773832321167,0.49551886320114136,0.5053763389587402
Race: White,428,0.43375682830810547,0.4791288375854492,0.4791288375854492,0.4583333432674408,0.4583333432674408
Race: Other,428,0.6970587968826294,0.6336206793785095,0.5911765098571777,0.5403726696968079,0.5675675868988037
Overall,429,0.542553186416626,0.5317028760910034,0.5242830514907837,0.4960591197013855,0.5268816947937012
Gender: Male,429,0.5887097120285034,0.6298798322677612,0.6162634491920471,0.6148459911346436,0.6363636255264282
Gender: Female,429,0.65625,0.3541666865348816,0.42045456171035767,0.3214285671710968,0.3684210479259491
Age: 50-65,429,0.542553186416626,0.5317028760910034,0.5242830514907837,0.4960591197013855,0.5268816947937012
Race: White,429,0.5161943435668945,0.5084033608436584,0.5080971717834473,0.4878773093223572,0.4888888895511627
Race: Other,429,0.5812357068061829,0.485714316368103,0.4919908344745636,0.44297081232070923,0.523809552192688
Overall,430,0.6174988746643066,0.6106060743331909,0.6003206372261047,0.5496891140937805,0.5520833730697632
Gender: Male,430,0.752598762512207,0.7222825884819031,0.7125779390335083,0.6818181872367859,0.682539701461792
Gender: Female,430,0.5041322708129883,0.34890109300613403,0.3863636255264282,0.2926374673843384,0.3030303120613098
Age: 50-65,430,0.6174988746643066,0.6106060743331909,0.6003206372261047,0.5496891140937805,0.5520833730697632
Race: White,430,0.5523415803909302,0.5287456512451172,0.5227272510528564,0.4613306522369385,0.4727272689342499
Race: Other,430,0.7080000042915344,0.6480263471603394,0.6800000071525574,0.617325484752655,0.6285714507102966
Overall,431,0.5701923370361328,0.6328125,0.6144230365753174,0.5798076391220093,0.5869565606117249
Gender: Male,431,0.744516134262085,0.7312252521514893,0.7264516353607178,0.7139208316802979,0.7142857313156128
Gender: Female,431,0.4317460060119629,0.3935483694076538,0.4476190507411957,0.33779263496398926,0.3888888955116272
Age: 50-65,431,0.5701923370361328,0.6328125,0.6144230365753174,0.5798076391220093,0.5869565606117249
Race: White,431,0.5203125476837158,0.5542265176773071,0.5531250238418579,0.5190529227256775,0.5192307829856873
Race: Other,431,0.6374269127845764,0.7480158805847168,0.682748556137085,0.6552795171737671,0.6756756901741028
Overall,432,0.44990891218185425,0.44607841968536377,0.4474043548107147,0.4121212363243103,0.41237112879753113
Gender: Male,432,0.7107279300689697,0.6447368860244751,0.6475095748901367,0.616847813129425,0.6170212626457214
Gender: Female,432,0.2916666567325592,0.23333334922790527,0.2569444477558136,0.21718186140060425,0.2199999988079071
Age: 50-65,432,0.44990891218185425,0.44607841968536377,0.4474043548107147,0.4121212363243103,0.41237112879753113
Race: White,432,0.2985537052154541,0.33076924085617065,0.3181818127632141,0.3004608154296875,0.3030303120613098
Race: Other,432,0.7112299799919128,0.6875,0.6604278087615967,0.6025806665420532,0.6071428656578064
Overall,433,0.5504543781280518,0.5291666984558105,0.5200861096382141,0.46104949712753296,0.489130437374115
Gender: Male,433,0.6549999713897705,0.6428571939468384,0.6166666746139526,0.5953933000564575,0.6122449040412903
Gender: Female,433,0.49321264028549194,0.342342346906662,0.42081448435783386,0.30324074625968933,0.3488371968269348
Age: 50-65,433,0.5504543781280518,0.5291666984558105,0.5200861096382141,0.46104949712753296,0.489130437374115
Race: White,433,0.42797785997390747,0.3841463327407837,0.3947368264198303,0.3314814865589142,0.3333333432674408
Race: Other,433,0.615384578704834,0.8199999928474426,0.6538461446762085,0.6255379915237427,0.6896551847457886
Overall,434,0.5949667692184448,0.5981507897377014,0.565527081489563,0.49266576766967773,0.5161290168762207
Gender: Male,434,0.6500638723373413,0.6915204524993896,0.6673052310943604,0.6517184972763062,0.660714328289032
Gender: Female,434,0.7166666388511658,0.1527777761220932,0.4583333432674408,0.2291666716337204,0.29729729890823364
Age: 50-65,434,0.5949667692184448,0.5981507897377014,0.565527081489563,0.49266576766967773,0.5161290168762207
Race: White,434,0.543055534362793,0.5681818127632141,0.550000011920929,0.453125,0.4642857313156128
Race: Other,434,0.7316176891326904,0.6263736486434937,0.5845588445663452,0.5416666865348816,0.575757622718811
Overall,435,0.6298421621322632,0.6435065269470215,0.6056910753250122,0.5572010278701782,0.5760869383811951
Gender: Male,435,0.7683190107345581,0.7280701994895935,0.6961206793785095,0.6908783912658691,0.7049179673194885
Gender: Female,435,0.5101010203361511,0.4761905074119568,0.4898989796638489,0.29621621966362,0.32258063554763794
Age: 50-65,435,0.6298421621322632,0.6435065269470215,0.6056910753250122,0.5572010278701782,0.5760869383811951
Race: White,435,0.6452763080596924,0.6013985872268677,0.5775400996208191,0.47240257263183594,0.47999998927116394
Race: Other,435,0.7128027677536011,0.6679841876029968,0.6470588445663452,0.6357142925262451,0.6470588445663452
Overall,436,0.5140740871429443,0.5415384769439697,0.5333333611488342,0.5090909004211426,0.5333333611488342
Gender: Male,436,0.6936274766921997,0.7010796070098877,0.6825980544090271,0.6858872175216675,0.7068965435028076
Gender: Female,436,0.3636363744735718,0.19871795177459717,0.29653680324554443,0.19919919967651367,0.21875
Age: 50-65,436,0.5140740871429443,0.5415384769439697,0.5333333611488342,0.5090909004211426,0.5333333611488342
Race: White,436,0.3957115113735199,0.4035087823867798,0.4035087823867798,0.3913043439388275,0.3913043439388275
Race: Other,436,0.48765432834625244,0.699999988079071,0.6111111044883728,0.5625,0.6111111044883728
Overall,437,0.5793135166168213,0.5829670429229736,0.5700371265411377,0.5456928014755249,0.5591397881507874
Gender: Male,437,0.7639999389648438,0.7485994100570679,0.7366666793823242,0.7384511232376099,0.7454545497894287
Gender: Female,437,0.482142835855484,0.28801843523979187,0.363095223903656,0.26451611518859863,0.28947368264198303
Age: 50-65,437,0.5793135166168213,0.5829670429229736,0.5700371265411377,0.5456928014755249,0.5591397881507874
Race: White,437,0.4692513346672058,0.3990042805671692,0.40508022904396057,0.3732011318206787,0.3750000298023224
Race: Other,437,0.8025209903717041,0.8863636255264282,0.8214285373687744,0.827201783657074,0.8387096524238586
Overall,438,0.49092555046081543,0.47689077258110046,0.48003631830215454,0.43132954835891724,0.4375
Gender: Male,438,0.7212643623352051,0.7298761606216431,0.7133620977401733,0.6954022645950317,0.698113203048706
Gender: Female,438,0.24876847863197327,0.07352941483259201,0.1785714328289032,0.1041666641831398,0.11627906560897827
Age: 50-65,438,0.49092555046081543,0.47689077258110046,0.48003631830215454,0.43132954835891724,0.4375
Race: White,438,0.41418761014938354,0.4244047701358795,0.42734551429748535,0.39278990030288696,0.3934426009654999
Race: Other,438,0.6133333444595337,0.5892857313156128,0.5583333373069763,0.4875107407569885,0.5142857432365417
Overall,439,0.442307710647583,0.48689696192741394,0.49038460850715637,0.4420512914657593,0.46875
Gender: Male,439,0.5,0.5811688303947449,0.5600961446762085,0.5421052575111389,0.5862069129943848
Gender: Female,439,0.4038461446762085,0.34291186928749084,0.36858972907066345,0.2850174307823181,0.28947368264198303
Age: 50-65,439,0.442307710647583,0.48689696192741394,0.49038460850715637,0.4420512914657593,0.46875
Race: White,439,0.37788018584251404,0.3854166865348816,0.3986175060272217,0.3594624996185303,0.36538463830947876
Race: Other,439,0.4970237910747528,0.5904762148857117,0.5565476417541504,0.48291924595832825,0.5135135054588318
Overall,440,0.6301642656326294,0.5867456793785095,0.5801393985748291,0.5622895956039429,0.5666666626930237
Gender: Male,440,0.7816091775894165,0.7119815349578857,0.7114942669868469,0.7115329504013062,0.7118644118309021
Gender: Female,440,0.6000000238418579,0.27314814925193787,0.38863638043403625,0.25219297409057617,0.29032257199287415
Age: 50-65,440,0.6301642656326294,0.5867456793785095,0.5801393985748291,0.5622895956039429,0.5666666626930237
Race: White,440,0.5509803891181946,0.46666669845581055,0.4647058844566345,0.4445454478263855,0.44680848717689514
Race: Other,440,0.7801858186721802,0.7083333730697632,0.6857585310935974,0.6824378371238708,0.694444477558136
Overall,441,0.6637463569641113,0.5895833373069763,0.5538172721862793,0.4967476725578308,0.5408163070678711
Gender: Male,441,0.8228021860122681,0.7664165496826172,0.6950549483299255,0.6658172607421875,0.6851851940155029
Gender: Female,441,0.5300207138061523,0.20512820780277252,0.380952388048172,0.2666666805744171,0.3636363744735718
Age: 50-65,441,0.6637463569641113,0.5895833373069763,0.5538172721862793,0.4967476725578308,0.5408163070678711
Race: White,441,0.5696969628334045,0.44999998807907104,0.4636363685131073,0.40092164278030396,0.42307692766189575
Race: Black,441,0.0,0.4000000059604645,0.5,0.4444444477558136,0.800000011920929
Race: Other,441,0.8297213315963745,0.7833333015441895,0.6578947305679321,0.601702094078064,0.6388888955116272
Overall,442,0.5964444279670715,0.6354296207427979,0.596666693687439,0.573474109172821,0.6105263233184814
Gender: Male,442,0.695344090461731,0.7725146412849426,0.7358299493789673,0.7429718971252441,0.765625
Gender: Female,442,0.530701756477356,0.1607142835855484,0.375,0.22499999403953552,0.29032257199287415
Age: 50-65,442,0.5964444279670715,0.6354296207427979,0.596666693687439,0.573474109172821,0.6105263233184814
Race: White,442,0.5427631139755249,0.49190282821655273,0.4934210479259491,0.42339181900024414,0.4313725531101227
Race: Black,442,0.0,1.0,1.0,1.0,1.0
Race: Other,442,0.7264957427978516,0.752525269985199,0.7136752605438232,0.718181848526001,0.7419354915618896
Overall,443,0.5977878570556641,0.6061538457870483,0.5867270231246948,0.54453444480896,0.5555555820465088
Gender: Male,443,0.7146666049957275,0.67507004737854,0.6666666865348816,0.6527085304260254,0.6545454263687134
Gender: Female,443,0.615646243095398,0.44354838132858276,0.4761904776096344,0.34666669368743896,0.4000000059604645
Age: 50-65,443,0.5977878570556641,0.6061538457870483,0.5867270231246948,0.54453444480896,0.5555555820465088
Race: White,443,0.5019304752349854,0.5064562559127808,0.5057915449142456,0.4456391930580139,0.4482758641242981
Race: Other,443,0.8186813592910767,0.7796052694320679,0.7335164546966553,0.7272727489471436,0.7407407760620117
Overall,444,0.5504167079925537,0.5954861044883728,0.5916666984558105,0.5592948794364929,0.5600000023841858
Gender: Male,444,0.7661375999450684,0.7643243074417114,0.7587301731109619,0.7416666746139526,0.7419354915618896
Gender: Female,444,0.23384615778923035,0.2929292917251587,0.3107692301273346,0.2611111104488373,0.2631579041481018
Age: 50-65,444,0.5504167079925537,0.5954861044883728,0.5916666984558105,0.5592948794364929,0.5600000023841858
Race: White,444,0.37159252166748047,0.47261905670166016,0.46700143814086914,0.4455750584602356,0.4655172526836395
Race: Black,444,0.0,0.4615384638309479,0.5,0.47999998927116394,0.9230769872665405
Race: Other,444,0.7777777910232544,0.675595223903656,0.6489899158477783,0.5817307829856873,0.5862069129943848
Overall,445,0.5810276865959167,0.6014492511749268,0.5726284384727478,0.5363888740539551,0.5666666626930237
Gender: Male,445,0.7511111497879028,0.7876343727111816,0.737777829170227,0.7440476417541504,0.7674418687820435
Gender: Female,445,0.5018796920776367,0.40643274784088135,0.4398496150970459,0.35372215509414673,0.3829787075519562
Age: 50-65,445,0.5810276865959167,0.6014492511749268,0.5726284384727478,0.5363888740539551,0.5666666626930237
Race: White,445,0.5507246255874634,0.5166666507720947,0.5144927501678467,0.4960373044013977,0.5106382966041565
Race: Other,445,0.720634937286377,0.75,0.6428571343421936,0.5555555820465088,0.5833333134651184
Overall,446,0.6313220858573914,0.6119047403335571,0.6042591333389282,0.5945641994476318,0.6000000238418579
Gender: Male,446,0.7453703880310059,0.7170138955116272,0.7170138955116272,0.7118644118309021,0.7118644118309021
Gender: Female,446,0.4551083445549011,0.3571428656578064,0.400928795337677,0.3565957546234131,0.4166666567325592
Age: 50-65,446,0.6313220858573914,0.6119047403335571,0.6042591333389282,0.5945641994476318,0.6000000238418579
Race: White,446,0.49509119987487793,0.49783551692962646,0.4978961944580078,0.48076921701431274,0.48148149251937866
Race: Other,446,0.7333333492279053,0.7086465954780579,0.7055555582046509,0.6966911554336548,0.696969747543335
Overall,447,0.554693877696991,0.546807587146759,0.5442857146263123,0.5386766195297241,0.5454545617103577
Gender: Male,447,0.7211934328079224,0.6805555820465088,0.6805555820465088,0.6666666865348816,0.6666666865348816
Gender: Female,447,0.2441471517086029,0.23999999463558197,0.260869562625885,0.25,0.3333333432674408
Age: 50-65,447,0.554693877696991,0.546807587146759,0.5442857146263123,0.5386766195297241,0.5454545617103577
Race: White,447,0.3298701047897339,0.35283249616622925,0.34480518102645874,0.34360411763191223,0.35087719559669495
Race: Black,447,0.30000001192092896,0.4545454680919647,0.5,0.4761904776096344,0.9090909361839294
Race: Other,447,0.8290598392486572,0.7809523940086365,0.752136766910553,0.7580825090408325,0.774193525314331
Overall,448,0.5631163716316223,0.5196969509124756,0.5160256624221802,0.4709956645965576,0.48351648449897766
Gender: Male,448,0.5387930870056152,0.5424242615699768,0.5402299165725708,0.5255997180938721,0.5283018946647644
Gender: Female,448,0.686956524848938,0.49696969985961914,0.4985507130622864,0.3779762089252472,0.42105263471603394
Age: 50-65,448,0.5631163716316223,0.5196969509124756,0.5160256624221802,0.4709956645965576,0.48351648449897766
Race: White,448,0.4776785969734192,0.4058823585510254,0.4166666567325592,0.39284369349479675,0.4038461744785309
Race: Other,448,0.6858974695205688,0.7241379022598267,0.6666666865348816,0.5595238208770752,0.5675675868988037
Overall,449,0.614757776260376,0.5953623056411743,0.5744680762290955,0.5498084425926208,0.5744680762290955
Gender: Male,449,0.7685834169387817,0.7128205299377441,0.6746143102645874,0.6751879453659058,0.7037037014961243
Gender: Female,449,0.6145833730697632,0.4333333373069763,0.4479166567325592,0.3861892819404602,0.4000000059604645
Age: 50-65,449,0.614757776260376,0.5953623056411743,0.5744680762290955,0.5498084425926208,0.5744680762290955
Race: White,449,0.5084174871444702,0.45967739820480347,0.4621211886405945,0.44528302550315857,0.44897958636283875
Race: Black,449,0.0,0.44999998807907104,0.5,0.4736842215061188,0.9000000357627869
Race: Other,449,0.7269736528396606,0.7857142686843872,0.6842105388641357,0.632867157459259,0.6571428775787354
Overall,450,0.5758985280990601,0.5762825012207031,0.5484143495559692,0.47895437479019165,0.5102040767669678
Gender: Male,450,0.6860215067863464,0.7370820641517639,0.6677419543266296,0.6445221900939941,0.6721311211585999
Gender: Female,450,0.47333335876464844,0.22499999403953552,0.35333335399627686,0.21515151858329773,0.2432432472705841
Age: 50-65,450,0.5758985280990601,0.5762825012207031,0.5484143495559692,0.47895437479019165,0.5102040767669678
Race: White,450,0.4574074149131775,0.4166666865348816,0.4333333373069763,0.3650793731212616,0.375
Race: Other,450,0.7477272748947144,0.7857142686843872,0.6590908765792847,0.6050156950950623,0.6428571343421936
Overall,451,0.5388437509536743,0.5307971239089966,0.5230352282524109,0.5052083730697632,0.557894766330719
Gender: Male,451,0.7549407482147217,0.7159091234207153,0.6501976251602173,0.6467532515525818,0.6964285969734192
Gender: Female,451,0.34391534328460693,0.30519479513168335,0.341269850730896,0.31386348605155945,0.3589743673801422
Age: 50-65,451,0.5388437509536743,0.5307971239089966,0.5230352282524109,0.5052083730697632,0.557894766330719
Race: White,451,0.3707983195781708,0.3876262605190277,0.40651261806488037,0.37072649598121643,0.3870967626571655
Race: Other,451,0.817460298538208,0.8250000476837158,0.7579364776611328,0.780701756477356,0.8399999737739563
Overall,452,0.4422457218170166,0.49060148000717163,0.49079611897468567,0.47819191217422485,0.4787233769893646
Gender: Male,452,0.5645714998245239,0.6300904750823975,0.631428599357605,0.6165601015090942,0.6166666746139526
Gender: Female,452,0.3055555820465088,0.21969696879386902,0.2430555522441864,0.2245613932609558,0.23529411852359772
Age: 50-65,452,0.4422457218170166,0.49060148000717163,0.49079611897468567,0.47819191217422485,0.4787233769893646
Race: White,452,0.31154686212539673,0.36666667461395264,0.3692810535430908,0.3599677085876465,0.3606557250022888
Race: Other,452,0.7219251394271851,0.7230769395828247,0.732620358467102,0.7128205299377441,0.7142857313156128
Overall,453,0.5984693765640259,0.6037549376487732,0.5803571343421936,0.5064102411270142,0.5164835453033447
Gender: Male,453,0.6741071939468384,0.6309523582458496,0.6309523582458496,0.6037735939025879,0.6037735939025879
Gender: Female,453,0.5357142686843872,0.6891891956329346,0.5208333134651184,0.3145098090171814,0.3947368562221527
Age: 50-65,453,0.5984693765640259,0.6037549376487732,0.5803571343421936,0.5064102411270142,0.5164835453033447
Race: White,453,0.4742647111415863,0.4538288116455078,0.4623161852359772,0.38131314516067505,0.3877550959587097
Race: Other,453,0.8571428656578064,0.7692307829856873,0.7272727489471436,0.6625000238418579,0.6666666865348816
Overall,454,0.6658756732940674,0.6650246381759644,0.6430944204330444,0.6216739416122437,0.6304348111152649
Gender: Male,454,0.7308378219604492,0.7263889312744141,0.7179144620895386,0.7141252756118774,0.7164179086685181
Gender: Female,454,0.5866667032241821,0.44565218687057495,0.4833333194255829,0.33155080676078796,0.3999999761581421
Age: 50-65,454,0.6658756732940674,0.6650246381759644,0.6430944204330444,0.6216739416122437,0.6304348111152649
Race: White,454,0.5336134433746338,0.5906432867050171,0.586834728717804,0.5448527336120605,0.5454545021057129
Race: Other,454,0.8705357313156128,0.75,0.7232142686843872,0.7222222089767456,0.7333333492279053
Overall,455,0.5921375751495361,0.6606060862541199,0.5911547541618347,0.49273180961608887,0.52173912525177
Gender: Male,455,0.6938406229019165,0.7146464586257935,0.6539855003356934,0.6313725709915161,0.6595744490623474
Gender: Female,455,0.6850961446762085,0.6585365533828735,0.5625,0.35185185074806213,0.3777777850627899
Age: 50-65,455,0.5921375751495361,0.6606060862541199,0.5911547541618347,0.49273180961608887,0.52173912525177
Race: White,455,0.5565789341926575,0.5874999761581421,0.5552631616592407,0.43137258291244507,0.4482758641242981
Race: Other,455,0.7282050848007202,0.782608687877655,0.6666666865348816,0.6111111044883728,0.6428571939468384
Overall,456,0.6310185194015503,0.6179678440093994,0.5951389074325562,0.5785670280456543,0.602150559425354
Gender: Male,456,0.5927536487579346,0.6895425319671631,0.6681159138679504,0.6368553638458252,0.6415094137191772
Gender: Female,456,0.6986666917800903,0.47311830520629883,0.47999998927116394,0.4642857015132904,0.550000011920929
Age: 50-65,456,0.6310185194015503,0.6179678440093994,0.5951389074325562,0.5785670280456543,0.602150559425354
Race: White,456,0.5246212482452393,0.5409356951713562,0.5397727489471436,0.538020133972168,0.54347825050354
Race: Other,456,0.8249999284744263,0.8142857551574707,0.675000011920929,0.6452241539955139,0.6904761791229248
Overall,457,0.53125,0.4795467257499695,0.4832427501678467,0.4565191864967346,0.4787233769893646
Gender: Male,457,0.6445578336715698,0.5798245668411255,0.5773809552192688,0.5775861740112305,0.5918367505073547
Gender: Female,457,0.5123456716537476,0.3631756901741028,0.4166666567325592,0.3220779299736023,0.35555556416511536
Age: 50-65,457,0.53125,0.4795467257499695,0.4832427501678467,0.4565191864967346,0.4787233769893646
Race: White,457,0.347107470035553,0.32282912731170654,0.32575756311416626,0.30886244773864746,0.30909091234207153
Race: Other,457,0.726190447807312,0.7435897588729858,0.6507936716079712,0.6363636255264282,0.6875
Overall,458,0.5272727012634277,0.5174731016159058,0.5164904594421387,0.49743592739105225,0.5
Gender: Male,458,0.7350000143051147,0.7163461446762085,0.7250000238418579,0.7159091234207153,0.7199999690055847
Gender: Female,458,0.3965217173099518,0.17105263471603394,0.28260868787765503,0.21311475336551666,0.2708333432674408
Age: 50-65,458,0.5272727012634277,0.5174731016159058,0.5164904594421387,0.49743592739105225,0.5
Race: White,458,0.3356643319129944,0.34464287757873535,0.3479021191596985,0.33822259306907654,0.33898305892944336
Race: Other,458,0.9190475940704346,0.7631579041481018,0.7857142686843872,0.7084639668464661,0.7096773982048035
Overall,459,0.5837887525558472,0.6205018758773804,0.6158925294876099,0.566595733165741,0.5670102834701538
Gender: Male,459,0.7326315641403198,0.7398580312728882,0.7489473819732666,0.7290664911270142,0.7301587462425232
Gender: Female,459,0.4387351870536804,0.25833332538604736,0.3853754997253418,0.23215898871421814,0.2647058963775635
Age: 50-65,459,0.5837887525558472,0.6205018758773804,0.6158925294876099,0.566595733165741,0.5670102834701538
Race: White,459,0.4864864945411682,0.4974533021450043,0.49688151478767395,0.4318181872367859,0.4399999976158142
Race: Other,459,0.683574914932251,0.7248677015304565,0.705314040184021,0.679879903793335,0.6829267740249634
Overall,460,0.6323809623718262,0.6958333253860474,0.6342856884002686,0.5849624276161194,0.6086956858634949
Gender: Male,460,0.8397436141967773,0.875,0.807692289352417,0.8095238208770752,0.8214285969734192
Gender: Female,460,0.6701388359069824,0.265625,0.3958333432674408,0.24025973677635193,0.2777777910232544
Age: 50-65,460,0.6323809623718262,0.6958333253860474,0.6342856884002686,0.5849624276161194,0.6086956858634949
Race: White,460,0.4642857313156128,0.4523809552192688,0.4714285731315613,0.3495798408985138,0.3720930218696594
Race: Other,460,0.8454545736312866,0.8448275923728943,0.7954545021057129,0.7795918583869934,0.785714328289032
Overall,461,0.5274930000305176,0.5142857432365417,0.5139794945716858,0.48398181796073914,0.4842105507850647
Gender: Male,461,0.6799999475479126,0.67037034034729,0.6725000143051147,0.6662557721138,0.6666666865348816
Gender: Female,461,0.39743590354919434,0.22499999403953552,0.2884615361690521,0.20168067514896393,0.21052631735801697
Age: 50-65,461,0.5274930000305176,0.5142857432365417,0.5139794945716858,0.48398181796073914,0.4842105507850647
Race: White,461,0.3485063910484314,0.36764705181121826,0.3591749668121338,0.33738407492637634,0.3392857313156128
Race: Other,461,0.7807692289352417,0.6980769634246826,0.6980769634246826,0.6666666865348816,0.6666666865348816
Overall,462,0.6027668118476868,0.6319444179534912,0.5844861268997192,0.5393319129943848,0.5777778029441833
Gender: Male,462,0.6213017702102661,0.7108107805252075,0.6730769276618958,0.6577622890472412,0.6730769276618958
Gender: Female,462,0.6611111164093018,0.39523810148239136,0.4694444537162781,0.345365047454834,0.44736841320991516
Age: 50-65,462,0.6027668118476868,0.6319444179534912,0.5844861268997192,0.5393319129943848,0.5777778029441833
Race: White,462,0.5008209943771362,0.5125000476837158,0.5082101821899414,0.43253469467163086,0.4599999785423279
Race: Other,462,0.7114845514297485,0.7708333730697632,0.6820728182792664,0.6721568703651428,0.7105263471603394
Overall,463,0.6204710006713867,0.6484894752502441,0.6313405632972717,0.61793053150177,0.6276595592498779
Gender: Male,463,0.7633928060531616,0.765625,0.765625,0.765625,0.7666667103767395
Gender: Female,463,0.5357142686843872,0.36021506786346436,0.4535714387893677,0.31014493107795715,0.38235294818878174
Age: 50-65,463,0.6204710006713867,0.6484894752502441,0.6313405632972717,0.61793053150177,0.6276595592498779
Race: White,463,0.5461309552192688,0.48856210708618164,0.4895833432674408,0.4496956765651703,0.4528301954269409
Race: Black,463,0.0,1.0,1.0,1.0,1.0
Race: Other,463,0.7749999761581421,0.8109244108200073,0.8083333373069763,0.8062499761581421,0.8064515590667725
Overall,464,0.6510000228881836,0.6023706793785095,0.5950000286102295,0.5744151473045349,0.5777778029441833
Gender: Male,464,0.664932370185852,0.5993589758872986,0.5967742204666138,0.5941345691680908,0.596774160861969
Gender: Female,464,0.9298245906829834,0.7045454382896423,0.6578947305679321,0.5303225517272949,0.535714328289032
Age: 50-65,464,0.6510000228881836,0.6023706793785095,0.5950000286102295,0.5744151473045349,0.5777778029441833
Race: White,464,0.4470899701118469,0.3767942786216736,0.36375659704208374,0.35628020763397217,0.3658536374568939
Race: Other,464,0.7070938348770142,0.7718832492828369,0.7345538139343262,0.7083333730697632,0.7142857313156128
Overall,465,0.5714285373687744,0.5548387169837952,0.5517564415931702,0.4991304278373718,0.5
Gender: Male,465,0.6315789222717285,0.6372548937797546,0.6511471271514893,0.6004791855812073,0.6034482717514038
Gender: Female,465,0.5426136255264282,0.32027649879455566,0.38920456171035767,0.3030080795288086,0.34210526943206787
Age: 50-65,465,0.5714285373687744,0.5548387169837952,0.5517564415931702,0.4991304278373718,0.5
Race: White,465,0.5108225345611572,0.4588414430618286,0.4561688303947449,0.4141366183757782,0.4153846204280853
Race: Other,465,0.7443181276321411,0.7749999761581421,0.71875,0.6591864824295044,0.6666666865348816
Overall,466,0.5739796161651611,0.567724883556366,0.5544217824935913,0.5326610803604126,0.5567010045051575
Gender: Male,466,0.720108687877655,0.7196969985961914,0.7167119979858398,0.7179487347602844,0.7272726893424988
Gender: Female,466,0.6847058534622192,0.2756756842136383,0.4023529589176178,0.27407407760620117,0.3333333432674408
Age: 50-65,466,0.5739796161651611,0.567724883556366,0.5544217824935913,0.5326610803604126,0.5567010045051575
Race: White,466,0.44039270281791687,0.4375,0.43828892707824707,0.425728976726532,0.42592594027519226
Race: Other,466,0.7314578294754028,0.8285714387893677,0.6470588445663452,0.6238244771957397,0.699999988079071
Overall,467,0.5667613744735718,0.5630449056625366,0.5445075631141663,0.5014492869377136,0.532608687877655
Gender: Male,467,0.569655179977417,0.6410256624221802,0.613793134689331,0.6029411554336548,0.6296296119689941
Gender: Female,467,0.6637681126594543,0.4375,0.4652174115180969,0.35876742005348206,0.3947368562221527
Age: 50-65,467,0.5667613744735718,0.5630449056625366,0.5445075631141663,0.5014492869377136,0.532608687877655
Race: White,467,0.4647058844566345,0.40789473056793213,0.4176470637321472,0.3668965697288513,0.37037038803100586
Race: Other,467,0.651260495185852,0.8269230723381042,0.6785714626312256,0.6585067510604858,0.7096773982048035
Overall,468,0.5611083507537842,0.5937670469284058,0.5848590135574341,0.570135772228241,0.5777778029441833
Gender: Male,468,0.7005494832992554,0.7244039177894592,0.7197802066802979,0.7198201417922974,0.7222222089767456
Gender: Female,468,0.4984126687049866,0.3660714328289032,0.4047619104385376,0.33600643277168274,0.3611111044883728
Age: 50-65,468,0.5611083507537842,0.5937670469284058,0.5848590135574341,0.570135772228241,0.5777778029441833
Race: White,468,0.49275362491607666,0.49193549156188965,0.49275362491607666,0.47777777910232544,0.4893616735935211
Race: Black,468,0.0,0.3499999940395355,0.5,0.4117647111415863,0.699999988079071
Race: Other,468,0.75,0.6777777671813965,0.6846153736114502,0.6654378175735474,0.6666666865348816
Overall,469,0.5653846263885498,0.5348759293556213,0.5249999761581421,0.46637049317359924,0.489130437374115
Gender: Male,469,0.6479263305664062,0.59375,0.5746544003486633,0.5428707599639893,0.560606062412262
Gender: Female,469,0.5555555820465088,0.31884056329727173,0.41830065846443176,0.26875001192092896,0.3076923191547394
Age: 50-65,469,0.5653846263885498,0.5348759293556213,0.5249999761581421,0.46637049317359924,0.489130437374115
Race: White,469,0.43014708161354065,0.3961039185523987,0.4215686321258545,0.3602941036224365,0.37931033968925476
Race: Other,469,0.8014706373214722,0.807692289352417,0.7058823704719543,0.6726190447807312,0.696969747543335
Overall,470,0.5838122367858887,0.5854166746139526,0.5785440802574158,0.5299999713897705,0.5319148898124695
Gender: Male,470,0.9099999666213989,0.8386287689208984,0.8374999761581421,0.8366666436195374,0.8367346525192261
Gender: Female,470,0.43434345722198486,0.23496240377426147,0.3219696879386902,0.1899999976158142,0.20000000298023224
Age: 50-65,470,0.5838122367858887,0.5854166746139526,0.5785440802574158,0.5299999713897705,0.5319148898124695
Race: White,470,0.41723665595054626,0.44999998807907104,0.44528043270111084,0.38178780674934387,0.38333335518836975
Race: Other,470,0.8055555820465088,0.7735294103622437,0.7583333253860474,0.7393103837966919,0.7407407760620117
Overall,471,0.4833333492279053,0.5151515007019043,0.5136363506317139,0.44932079315185547,0.4516128897666931
Gender: Male,471,0.5543209314346313,0.6012499928474426,0.6000000238418579,0.5959938168525696,0.5964912176132202
Gender: Female,471,0.7611111402511597,0.5882353186607361,0.5333333611488342,0.21250000596046448,0.2222222238779068
Age: 50-65,471,0.4833333492279053,0.5151515007019043,0.5136363506317139,0.44932079315185547,0.4516128897666931
Race: White,471,0.3125,0.3888888955116272,0.3499999940395355,0.24475525319576263,0.25
Race: Black,471,0.0,0.4000000059604645,0.5,0.4444444477558136,0.800000011920929
Race: Other,471,0.6470588445663452,0.6333333253860474,0.6307189464569092,0.627354621887207,0.6285714507102966
Overall,472,0.5627886056900024,0.5424107313156128,0.5394736528396606,0.503281831741333,0.5052632093429565
Gender: Male,472,0.78166663646698,0.749597430229187,0.7583333253860474,0.739060640335083,0.7400000095367432
Gender: Female,472,0.44238680601119995,0.1944444477558136,0.29629629850387573,0.21296295523643494,0.24444444477558136
Age: 50-65,472,0.5627886056900024,0.5424107313156128,0.5394736528396606,0.503281831741333,0.5052632093429565
Race: White,472,0.37166666984558105,0.4000000059604645,0.38333332538604736,0.3400000035762787,0.34545454382896423
Race: Other,472,0.7684210538864136,0.7386363744735718,0.7210526466369629,0.7235772609710693,0.7352941036224365
Overall,473,0.559003472328186,0.5777778029441833,0.5734266042709351,0.5714285373687744,0.5833333730697632
Gender: Male,473,0.72951740026474,0.75,0.7424242496490479,0.7442455291748047,0.7500000596046448
Gender: Female,473,0.32817336916923523,0.2708333432674408,0.2956656515598297,0.27826783061027527,0.3055555522441864
Age: 50-65,473,0.559003472328186,0.5777778029441833,0.5734266042709351,0.5714285373687744,0.5833333730697632
Race: White,473,0.4298245906829834,0.44772255420684814,0.4507797360420227,0.44749999046325684,0.4769230782985687
Race: Other,473,0.7828054428100586,0.814479649066925,0.814479649066925,0.800000011920929,0.8000000715255737
Overall,474,0.6985105276107788,0.6360153555870056,0.6276322603225708,0.564393937587738,0.5652173757553101
Gender: Male,474,0.7494118213653564,0.7068764567375183,0.708823561668396,0.6948275566101074,0.694915235042572
Gender: Female,474,0.8700000047683716,0.6333333253860474,0.5600000023841858,0.31766918301582336,0.3333333432674408
Age: 50-65,474,0.6985105276107788,0.6360153555870056,0.6276322603225708,0.564393937587738,0.5652173757553101
Race: White,474,0.5980861186981201,0.5381944179534912,0.5350877046585083,0.47903525829315186,0.48076924681663513
Race: Other,474,0.8733333349227905,0.75,0.7599999904632568,0.675438642501831,0.6756756901741028
Overall,475,0.5621734857559204,0.5636818408966064,0.5598223209381104,0.5045372247695923,0.5054945349693298
Gender: Male,475,0.7894736528396606,0.7509398460388184,0.7509398460388184,0.7234042286872864,0.7234042286872864
Gender: Female,475,0.3642857074737549,0.3176470696926117,0.3523809611797333,0.2666666805744171,0.27272728085517883
Age: 50-65,475,0.5621734857559204,0.5636818408966064,0.5598223209381104,0.5045372247695923,0.5054945349693298
Race: White,475,0.46756428480148315,0.4436701536178589,0.44063645601272583,0.3864583373069763,0.3870967626571655
Race: Other,475,0.8547008037567139,0.8214285373687744,0.807692289352417,0.7722567319869995,0.7727273106575012
Overall,476,0.557692289352417,0.5363805890083313,0.5288461446762085,0.48038727045059204,0.49450549483299255
Gender: Male,476,0.6800000071525574,0.6586687564849854,0.6366666555404663,0.609929084777832,0.6181818246841431
Gender: Female,476,0.5064935684204102,0.2980295419692993,0.3668830990791321,0.27826783061027527,0.3055555522441864
Age: 50-65,476,0.557692289352417,0.5363805890083313,0.5288461446762085,0.48038727045059204,0.49450549483299255
Race: White,476,0.45328283309936523,0.37857145071029663,0.40340909361839294,0.35227274894714355,0.3684210479259491
Race: Other,476,0.747863233089447,0.7954545021057129,0.75,0.7047619223594666,0.7096773982048035
Overall,477,0.5150501728057861,0.5460784435272217,0.5392976403236389,0.5271929502487183,0.5510203838348389
Gender: Male,477,0.5815850496292114,0.7025744915008545,0.6742424368858337,0.673832893371582,0.694915235042572
Gender: Female,477,0.40789473056793213,0.31018519401550293,0.33815789222717285,0.31114131212234497,0.3333333432674408
Age: 50-65,477,0.5150501728057861,0.5460784435272217,0.5392976403236389,0.5271929502487183,0.5510203838348389
Race: White,477,0.4219977557659149,0.45588237047195435,0.45622897148132324,0.44984716176986694,0.45000001788139343
Race: Black,477,0.0,0.44999998807907104,0.5,0.4736842215061188,0.9000000357627869
Race: Other,477,0.5416666269302368,0.6875,0.59375,0.5625,0.6428571939468384
Overall,478,0.4895833134651184,0.5692640542984009,0.5466666221618652,0.5030986070632935,0.5408163070678711
Gender: Male,478,0.8203125,0.8144962787628174,0.75,0.7681159377098083,0.8125
Gender: Female,478,0.3952205777168274,0.32499998807907104,0.37132352590560913,0.26948052644729614,0.2800000011920929
Age: 50-65,478,0.4895833134651184,0.5692640542984009,0.5466666221618652,0.5030986070632935,0.5408163070678711
Race: White,478,0.3768116235733032,0.379807710647583,0.40942031145095825,0.35437431931495667,0.37735849618911743
Race: Black,478,0.3333333134651184,0.3461538553237915,0.5,0.40909090638160706,0.692307710647583
Race: Other,478,0.76953125,0.8333333730697632,0.75,0.7333333492279053,0.75
Overall,479,0.5129629373550415,0.5687719583511353,0.5453703999519348,0.47373437881469727,0.4999999701976776
Gender: Male,479,0.5984615087509155,0.7055555582046509,0.670769214630127,0.6533386707305908,0.6666666865348816
Gender: Female,479,0.488095223903656,0.2788461446762085,0.4178571403026581,0.2534722089767456,0.302325576543808
Age: 50-65,479,0.5129629373550415,0.5687719583511353,0.5453703999519348,0.47373437881469727,0.4999999701976776
Race: White,479,0.432692289352417,0.3181818127632141,0.3701923191547394,0.2897959351539612,0.3095238208770752
Race: Black,479,0.0,0.36666667461395264,0.5,0.42307692766189575,0.7333333492279053
Race: Other,479,0.6794871687889099,0.7407407760620117,0.7083333134651184,0.6191176176071167,0.6216216087341309
Overall,480,0.5034146308898926,0.5238474011421204,0.5146341323852539,0.4449059069156647,0.48351648449897766
Gender: Male,480,0.5677083134651184,0.6146304607391357,0.5989583134651184,0.5960150957107544,0.625
Gender: Female,480,0.7692307233810425,0.12857143580913544,0.5,0.20454545319080353,0.2571428716182709
Age: 50-65,480,0.5034146308898926,0.5238474011421204,0.5146341323852539,0.4449059069156647,0.48351648449897766
Race: White,480,0.44301992654800415,0.41403162479400635,0.43803417682647705,0.3231250047683716,0.3333333432674408
Race: Other,480,0.6647058725357056,0.6904761791229248,0.6411764621734619,0.6447368860244751,0.7037037014961243
Overall,481,0.5857409238815308,0.6092530488967896,0.5913326740264893,0.530548095703125,0.5368421077728271
Gender: Male,481,0.769565224647522,0.7805059552192688,0.7731884121894836,0.7543672323226929,0.7547169923782349
Gender: Female,481,0.46173471212387085,0.23513513803482056,0.375,0.22638146579265594,0.261904776096344
Age: 50-65,481,0.5857409238815308,0.6092530488967896,0.5913326740264893,0.530548095703125,0.5368421077728271
Race: White,481,0.5699999332427979,0.5183823704719543,0.5166666507720947,0.47665053606033325,0.47999998927116394
Race: Other,481,0.642011821269989,0.7241379022598267,0.692307710647583,0.5873016119003296,0.5897436141967773
Overall,482,0.507602870464325,0.5423774123191833,0.5355545282363892,0.5034090876579285,0.5157895088195801
Gender: Male,482,0.7723214626312256,0.7843136787414551,0.7589285373687744,0.7603687047958374,0.7692307829856873
Gender: Female,482,0.28809523582458496,0.20606061816215515,0.2690476179122925,0.19846490025520325,0.20930232107639313
Age: 50-65,482,0.507602870464325,0.5423774123191833,0.5355545282363892,0.5034090876579285,0.5157895088195801
Race: White,482,0.3661290407180786,0.3308081030845642,0.3379032015800476,0.31266847252845764,0.3137255012989044
Race: Black,482,0.0,0.4615384638309479,0.5,0.47999998927116394,0.9230769872665405
Race: Other,482,0.7090908885002136,0.761904776096344,0.75,0.6770833730697632,0.6774193048477173
Overall,483,0.43220338225364685,0.5002937316894531,0.5002230405807495,0.42966026067733765,0.44329896569252014
Gender: Male,483,0.5907407402992249,0.6330645084381104,0.6222222447395325,0.5927952527999878,0.5957446694374084
Gender: Female,483,0.3645833134651184,0.2940199375152588,0.3923611044883728,0.2643968164920807,0.29999998211860657
Age: 50-65,483,0.43220338225364685,0.5002937316894531,0.5002230405807495,0.42966026067733765,0.44329896569252014
Race: White,483,0.3050000071525574,0.36666667461395264,0.38750001788139343,0.31188809871673584,0.31666669249534607
Race: Other,483,0.658730149269104,0.7083333730697632,0.658730149269104,0.6113360524177551,0.625
Overall,484,0.5268336534500122,0.49875468015670776,0.4991055428981781,0.4466449022293091,0.4736842215061188
Gender: Male,484,0.5625,0.6333333253860474,0.6121794581413269,0.6006726026535034,0.6200000047683716
Gender: Female,484,0.6071428656578064,0.30075186491012573,0.38865548372268677,0.27532467246055603,0.31111112236976624
Age: 50-65,484,0.5268336534500122,0.49875468015670776,0.4991055428981781,0.4466449022293091,0.4736842215061188
Race: White,484,0.44025975465774536,0.4166666865348816,0.4240259528160095,0.3829260766506195,0.38596493005752563
Race: Other,484,0.6532508134841919,0.65625,0.5619195103645325,0.49579834938049316,0.5833333134651184
Overall,485,0.6232492923736572,0.5626470446586609,0.5497198700904846,0.5105262994766235,0.5268816947937012
Gender: Male,485,0.7210884690284729,0.7253787517547607,0.7023809552192688,0.6700336933135986,0.6734693646430969
Gender: Female,485,0.6045548915863037,0.31111112236976624,0.37681159377098083,0.3125,0.3636363744735718
Age: 50-65,485,0.6232492923736572,0.5626470446586609,0.5497198700904846,0.5105262994766235,0.5268816947937012
Race: White,485,0.4476190507411957,0.3901785612106323,0.40238097310066223,0.36645960807800293,0.37254902720451355
Race: Other,485,0.9204152822494507,0.8400000333786011,0.7647058963775635,0.7509157657623291,0.7647058963775635
Overall,486,0.5004748106002808,0.504643976688385,0.5028489828109741,0.4191059470176697,0.4516128897666931
Gender: Male,486,0.6688963174819946,0.666267991065979,0.6162207126617432,0.5946691036224365,0.6326530575752258
Gender: Female,486,0.6029776334762573,0.2850877344608307,0.3784119188785553,0.23052464425563812,0.25
Age: 50-65,486,0.5004748106002808,0.504643976688385,0.5028489828109741,0.4191059470176697,0.4516128897666931
Race: White,486,0.4625850319862366,0.42045456171035767,0.44285714626312256,0.35842880606651306,0.3750000298023224
Race: Other,486,0.6296296119689941,0.6499999761581421,0.5777778029441833,0.49949443340301514,0.5454545617103577
Overall,487,0.5225974321365356,0.5946817398071289,0.5610389709472656,0.46759259700775146,0.4888888895511627
Gender: Male,487,0.6683502197265625,0.6317567825317383,0.5984848737716675,0.5528031587600708,0.5714285373687744
Gender: Female,487,0.4148351550102234,0.5666666626930237,0.5329670310020447,0.36611008644104004,0.39024388790130615
Age: 50-65,487,0.5225974321365356,0.5946817398071289,0.5610389709472656,0.46759259700775146,0.4888888895511627
Race: White,487,0.3575851321220398,0.5055555701255798,0.5038699507713318,0.37163978815078735,0.38181817531585693
Race: Other,487,0.7239583730697632,0.6904761791229248,0.6458333730697632,0.5942028760910034,0.6071428656578064
Overall,488,0.5972291231155396,0.5872809886932373,0.5665512084960938,0.5324675440788269,0.5555555820465088
Gender: Male,488,0.8142857551574707,0.7428570985794067,0.7428570985794067,0.7428570985794067,0.75
Gender: Female,488,0.5530864000320435,0.3333333432674408,0.45185184478759766,0.27407407760620117,0.3333333432674408
Age: 50-65,488,0.5972291231155396,0.5872809886932373,0.5665512084960938,0.5324675440788269,0.5555555820465088
Race: White,488,0.5666666626930237,0.5360360145568848,0.5280702114105225,0.4583333134651184,0.4693877398967743
Race: Other,488,0.659649133682251,0.6442687511444092,0.6280701756477356,0.6263736486434937,0.6470588445663452
Overall,489,0.562367856502533,0.5821428298950195,0.5680761337280273,0.5298006534576416,0.5408163070678711
Gender: Male,489,0.8185185194015503,0.8157894611358643,0.7814815044403076,0.7813299298286438,0.7894737124443054
Gender: Female,489,0.24175824224948883,0.2048611044883728,0.26648351550102234,0.1873873919248581,0.19512194395065308
Age: 50-65,489,0.562367856502533,0.5821428298950195,0.5680761337280273,0.5298006534576416,0.5408163070678711
Race: White,489,0.4794050455093384,0.46804511547088623,0.47082382440567017,0.42375168204307556,0.42622947692871094
Race: Other,489,0.6509803533554077,0.748792290687561,0.7019608020782471,0.6761133670806885,0.6875
Overall,490,0.5873551964759827,0.6177098155021667,0.5798745155334473,0.4972972869873047,0.5161290168762207
Gender: Male,490,0.7266921997070312,0.7055476903915405,0.6845465898513794,0.671875,0.6785714626312256
Gender: Female,490,0.8333333730697632,0.13513512909412384,0.5,0.21276596188545227,0.27027028799057007
Age: 50-65,490,0.5873551964759827,0.6177098155021667,0.5798745155334473,0.4972972869873047,0.5161290168762207
Race: White,490,0.45252525806427,0.46683046221733093,0.47272729873657227,0.37062937021255493,0.375
Race: Other,490,0.7882353067398071,0.7931034564971924,0.699999988079071,0.6552795171737671,0.6756756901741028
Overall,491,0.7320175170898438,0.6296019554138184,0.614254355430603,0.5727790594100952,0.5773195624351501
Gender: Male,491,0.8216277360916138,0.7006579041481018,0.7040133476257324,0.6612021923065186,0.6612902879714966
Gender: Female,491,0.6078431606292725,0.39080458879470825,0.43790850043296814,0.3659420311450958,0.4285714328289032
Age: 50-65,491,0.7320175170898438,0.6296019554138184,0.614254355430603,0.5727790594100952,0.5773195624351501
Race: White,491,0.6851851940155029,0.5654761791229248,0.5654761791229248,0.5263158082962036,0.5263158082962036
Race: Other,491,0.7472527623176575,0.6844444274902344,0.6520146727561951,0.582456111907959,0.5882353186607361
Overall,492,0.6186274290084839,0.6535211205482483,0.6068627238273621,0.5496764183044434,0.5714285969734192
Gender: Male,492,0.7934472560882568,0.7595238089561462,0.7329059839248657,0.7280058860778809,0.7358490824699402
Gender: Female,492,0.5876923203468323,0.4166666865348816,0.48153847455978394,0.2819350063800812,0.34210526943206787
Age: 50-65,492,0.6186274290084839,0.6535211205482483,0.6068627238273621,0.5496764183044434,0.5714285969734192
Race: White,492,0.625,0.6118881106376648,0.5952380895614624,0.538020133972168,0.54347825050354
Race: Other,492,0.6352940797805786,0.6952381134033203,0.6205882430076599,0.5626477599143982,0.5945945978164673
Overall,493,0.5085924863815308,0.4649631083011627,0.4727904796600342,0.44668495655059814,0.4848484992980957
Gender: Male,493,0.5826612710952759,0.6061381101608276,0.5836693644523621,0.5625,0.5873016119003296
Gender: Female,493,0.453125,0.20370370149612427,0.2750000059604645,0.23404255509376526,0.3055555522441864
Age: 50-65,493,0.5085924863815308,0.4649631083011627,0.4727904796600342,0.44668495655059814,0.4848484992980957
Race: White,493,0.39586207270622253,0.3194444477558136,0.338620662689209,0.3237924873828888,0.35185185074806213
Race: Other,493,0.6696428656578064,0.6961206793785095,0.6354166865348816,0.5747126340866089,0.5945945978164673
Overall,494,0.5006418228149414,0.5464612245559692,0.5412922501564026,0.505050539970398,0.5102040767669678
Gender: Male,494,0.7418181896209717,0.7509157657623291,0.7490909099578857,0.7445652484893799,0.7446808218955994
Gender: Female,494,0.44078946113586426,0.2963414788246155,0.36266446113586426,0.27142858505249023,0.29411765933036804
Age: 50-65,494,0.5006418228149414,0.5464612245559692,0.5412922501564026,0.505050539970398,0.5102040767669678
Race: White,494,0.4086538553237915,0.42717087268829346,0.4166666865348816,0.3766666650772095,0.38181817531585693
Race: Other,494,0.6701754331588745,0.6833333373069763,0.6543859839439392,0.6520930528640747,0.6764705777168274
Overall,495,0.6039501428604126,0.6068840622901917,0.5766631960868835,0.5102201104164124,0.5280898809432983
Gender: Male,495,0.6687500476837158,0.6581196784973145,0.6387499570846558,0.6081249713897705,0.6140350699424744
Gender: Female,495,0.6541666984558105,0.4333333373069763,0.4833333492279053,0.30735933780670166,0.375
Age: 50-65,495,0.6039501428604126,0.6068840622901917,0.5766631960868835,0.5102201104164124,0.5280898809432983
Race: White,495,0.5128204822540283,0.5220588445663452,0.5209790468215942,0.4127659797668457,0.4130434989929199
Race: Other,495,0.678670346736908,0.6583333015441895,0.6052631139755249,0.5691609978675842,0.6052631735801697
Overall,496,0.6233259439468384,0.6105413436889648,0.6082589626312256,0.5108118057250977,0.510869562625885
Gender: Male,496,0.674242377281189,0.668498158454895,0.7323232889175415,0.6211474537849426,0.6382978558540344
Gender: Female,496,0.6008403301239014,0.4294871687889099,0.4653361439704895,0.3382352888584137,0.3777777850627899
Age: 50-65,496,0.6233259439468384,0.6105413436889648,0.6082589626312256,0.5108118057250977,0.510869562625885
Race: White,496,0.5523809194564819,0.510840117931366,0.5126984119415283,0.4040403962135315,0.4067796468734741
Race: Other,496,0.8148148059844971,0.7857142686843872,0.75,0.696969747543335,0.7000000476837158
Overall,497,0.5879226922988892,0.5866228342056274,0.5572463870048523,0.5180084705352783,0.5604395866394043
Gender: Male,497,0.6790281534194946,0.6870629787445068,0.6368286609649658,0.634615421295166,0.6842105388641357
Gender: Female,497,0.6401515007019043,0.4107142686843872,0.4431818127632141,0.3321428596973419,0.3529411852359772
Age: 50-65,497,0.5879226922988892,0.5866228342056274,0.5572463870048523,0.5180084705352783,0.5604395866394043
Race: White,497,0.5119999647140503,0.47093021869659424,0.47999998927116394,0.42226892709732056,0.45454543828964233
Race: Other,497,0.6944444179534912,0.7685714364051819,0.6865079402923584,0.681063175201416,0.71875
Overall,498,0.5072324275970459,0.5080825090408325,0.5069913268089294,0.4381207227706909,0.4421052932739258
Gender: Male,498,0.6485713720321655,0.6780303120613098,0.6678571701049805,0.6573275923728943,0.6603773832321167
Gender: Female,498,0.4680134654045105,0.236111119389534,0.3080808222293854,0.16239316761493683,0.1666666716337204
Age: 50-65,498,0.5072324275970459,0.5080825090408325,0.5069913268089294,0.4381207227706909,0.4421052932739258
Race: White,498,0.38749998807907104,0.36250001192092896,0.36250001192092896,0.3103448152542114,0.3103448152542114
Race: Other,498,0.7081339359283447,0.75,0.7105263471603394,0.6296296119689941,0.6333333849906921
Overall,499,0.5239709615707397,0.6101190447807312,0.5895884037017822,0.5146299600601196,0.521276593208313
Gender: Male,499,0.5999999642372131,0.7584670186042786,0.7416666746139526,0.6989160776138306,0.699999988079071
Gender: Female,499,0.5333333015441895,0.3629343509674072,0.41839081048965454,0.29487180709838867,0.3181818127632141
Age: 50-65,499,0.5239709615707397,0.6101190447807312,0.5895884037017822,0.5146299600601196,0.521276593208313
Race: White,499,0.453125,0.46271929144859314,0.4704861044883728,0.39123374223709106,0.3999999761581421
Race: Other,499,0.6291208267211914,0.75,0.7307692170143127,0.6491228342056274,0.6500000357627869
Overall,500,0.5383838415145874,0.6110013127326965,0.5851010084152222,0.5160173177719116,0.5274725556373596
Gender: Male,500,0.5959595441818237,0.682539701461792,0.674242377281189,0.6481481790542603,0.6491228342056274
Gender: Female,500,0.6477272510528564,0.1666666716337204,0.4583333432674408,0.24444444477558136,0.3235294222831726
Age: 50-65,500,0.5383838415145874,0.6110013127326965,0.5851010084152222,0.5160173177719116,0.5274725556373596
Race: White,500,0.4526315927505493,0.44963371753692627,0.4517543911933899,0.3582621216773987,0.35849058628082275
Race: Other,500,0.6764705777168274,0.8199999928474426,0.7352941036224365,0.7102438807487488,0.7272727489471436
Overall,501,0.5863678455352783,0.5978261232376099,0.5735294222831726,0.5287162065505981,0.5483871102333069
Gender: Male,501,0.6723647117614746,0.6611111164093018,0.6445869207382202,0.6331511735916138,0.6415094137191772
Gender: Female,501,0.4973958730697632,0.5,0.5,0.3779580891132355,0.42500001192092896
Age: 50-65,501,0.5863678455352783,0.5978261232376099,0.5735294222831726,0.5287162065505981,0.5483871102333069
Race: White,501,0.5323529243469238,0.46979331970214844,0.47205883264541626,0.4241486191749573,0.42592594027519226
Race: Other,501,0.5248868465423584,0.7708333730697632,0.6764705777168274,0.6122208833694458,0.6333333849906921
Overall,502,0.5030146837234497,0.5338709950447083,0.5316537618637085,0.5121455192565918,0.5154638886451721
Gender: Male,502,0.5614035129547119,0.675000011920929,0.6611841917037964,0.6112852692604065,0.6129032373428345
Gender: Female,502,0.3815789520740509,0.3333333432674408,0.33552631735801697,0.3341604471206665,0.34285715222358704
Age: 50-65,502,0.5030146837234497,0.5338709950447083,0.5316537618637085,0.5121455192565918,0.5154638886451721
Race: White,502,0.397777795791626,0.40250545740127563,0.4005555510520935,0.39278990030288696,0.3934426009654999
Race: Other,502,0.6111111044883728,0.7916666269302368,0.7222222089767456,0.6761133670806885,0.6875
Overall,503,0.5755991339683533,0.5703125,0.5627450942993164,0.5437161326408386,0.5520833730697632
Gender: Male,503,0.8397436141967773,0.8204509019851685,0.8189102411270142,0.8193496465682983,0.8199999928474426
Gender: Female,503,0.44834309816360474,0.20420420169830322,0.30799219012260437,0.22420634329319,0.260869562625885
Age: 50-65,503,0.5755991339683533,0.5703125,0.5627450942993164,0.5437161326408386,0.5520833730697632
Race: White,503,0.48432600498199463,0.4277777671813965,0.43887147307395935,0.40047019720077515,0.4117647111415863
Race: Black,503,0.4285714030265808,0.3499999940395355,0.5,0.4117647111415863,0.699999988079071
Race: Other,503,0.7401315569877625,0.7156863212585449,0.7171052694320679,0.7140523195266724,0.7142857313156128
Overall,504,0.6479418873786926,0.5767511129379272,0.5748183727264404,0.5317028760910034,0.5319148898124695
Gender: Male,504,0.8042328357696533,0.6856249570846558,0.6964285373687744,0.6650170087814331,0.6666666865348816
Gender: Female,504,0.5403726696968079,0.3426724076271057,0.38664597272872925,0.3060765266418457,0.3243243396282196
Age: 50-65,504,0.6479418873786926,0.5767511129379272,0.5748183727264404,0.5317028760910034,0.5319148898124695
Race: White,504,0.5227272510528564,0.45071685314178467,0.4479166865348816,0.4071756601333618,0.40816324949264526
Race: Other,504,0.8020833730697632,0.7133333683013916,0.7083333730697632,0.6747967600822449,0.675000011920929
Overall,505,0.5357142686843872,0.543979823589325,0.5290476083755493,0.49726778268814087,0.554347813129425
Gender: Male,505,0.5733333230018616,0.6704545617103577,0.6100000143051147,0.587087094783783,0.6363636255264282
Gender: Female,505,0.5735294222831726,0.3663793206214905,0.40882351994514465,0.36571431159973145,0.4324324429035187
Age: 50-65,505,0.5357142686843872,0.543979823589325,0.5290476083755493,0.49726778268814087,0.554347813129425
Race: White,505,0.5104895234107971,0.4494505524635315,0.4597902297973633,0.4379391074180603,0.4791666865348816
Race: Other,505,0.653333306312561,0.6580459475517273,0.5916666984558105,0.5104895234107971,0.5428571701049805
Overall,506,0.559583306312561,0.5065789222717285,0.5045832991600037,0.46666669845581055,0.5102040767669678
Gender: Male,506,0.6260504722595215,0.6123737096786499,0.5934873819351196,0.5852842926979065,0.6129032373428345
Gender: Female,506,0.534375011920929,0.1875,0.375,0.25,0.3333333432674408
Age: 50-65,506,0.559583306312561,0.5065789222717285,0.5045832991600037,0.46666669845581055,0.5102040767669678
Race: White,506,0.5355113744735718,0.4660714268684387,0.4730113744735718,0.4583333432674408,0.5185185074806213
Race: Other,506,0.6696429252624512,0.574999988079071,0.5535714626312256,0.46022728085517883,0.4736842215061188
Overall,507,0.5814299583435059,0.5948485136032104,0.5777060389518738,0.5288461446762085,0.5384615659713745
Gender: Male,507,0.6543209552764893,0.6752246618270874,0.6531986594200134,0.6266968250274658,0.6333333849906921
Gender: Female,507,0.5954545140266418,0.4099999964237213,0.4386363625526428,0.33760684728622437,0.35483869910240173
Age: 50-65,507,0.5814299583435059,0.5948485136032104,0.5777060389518738,0.5288461446762085,0.5384615659713745
Race: White,507,0.49622926115989685,0.4645550847053528,0.4645550847053528,0.3928571343421936,0.392857164144516
Race: Other,507,0.8035714626312256,0.7430555820465088,0.7083333730697632,0.6848484873771667,0.692307710647583
Overall,508,0.5546875,0.5107526779174805,0.5104166865348816,0.45626479387283325,0.45652174949645996
Gender: Male,508,0.7154605388641357,0.6142857074737549,0.6184210777282715,0.5876010656356812,0.5882353186607361
Gender: Female,508,0.4670329689979553,0.3472222089767456,0.3791208863258362,0.28588590025901794,0.2926829159259796
Age: 50-65,508,0.5546875,0.5107526779174805,0.5104166865348816,0.45626479387283325,0.45652174949645996
Race: White,508,0.400390625,0.39373815059661865,0.390625,0.3538862466812134,0.3541666865348816
Race: Other,508,0.7589743733406067,0.6552197933197021,0.6448718309402466,0.584376871585846,0.5853658318519592
Overall,509,0.5263644456863403,0.5887097120285034,0.5788621306419373,0.5678541660308838,0.5806451439857483
Gender: Male,509,0.7730768918991089,0.7914438247680664,0.7794871926307678,0.78125,0.785714328289032
Gender: Female,509,0.2911764979362488,0.2162698358297348,0.28970590233802795,0.2344827651977539,0.27027028799057007
Age: 50-65,509,0.5263644456863403,0.5887097120285034,0.5788621306419373,0.5678541660308838,0.5806451439857483
Race: White,509,0.337797611951828,0.4270833134651184,0.4375,0.40909090638160706,0.42307692766189575
Race: Other,509,0.7843136787414551,0.75,0.7450980544090271,0.7420147657394409,0.7428571581840515
Overall,510,0.5833333730697632,0.5719696879386902,0.5545976758003235,0.47777777910232544,0.4893616735935211
Gender: Male,510,0.8109375238418579,0.7326388955116272,0.7093750238418579,0.6517857313156128,0.6538462042808533
Gender: Female,510,0.3461538553237915,0.2361111044883728,0.36298078298568726,0.24278846383094788,0.2857142984867096
Age: 50-65,510,0.5833333730697632,0.5719696879386902,0.5545976758003235,0.47777777910232544,0.4893616735935211
Race: White,510,0.408730149269104,0.4396853446960449,0.454365074634552,0.37362638115882874,0.38596493005752563
Race: Other,510,0.8454545736312866,0.717391312122345,0.7045454382896423,0.5933529138565063,0.59375
Overall,511,0.4622092843055725,0.5360531210899353,0.5315614938735962,0.5252833366394043,0.5555555820465088
Gender: Male,511,0.6285073161125183,0.7341269850730896,0.6986532211303711,0.6977777481079102,0.7166666984558105
Gender: Female,511,0.28260868787765503,0.25,0.270380437374115,0.25897255539894104,0.3076923191547394
Age: 50-65,511,0.4622092843055725,0.5360531210899353,0.5315614938735962,0.5252833366394043,0.5555555820465088
Race: White,511,0.42023807764053345,0.4459134638309479,0.4464285671710968,0.4456391930580139,0.4482758641242981
Race: Other,511,0.4300000071525574,0.7166666984558105,0.6083333492279053,0.5799999833106995,0.6571428775787354
Overall,512,0.6091219186782837,0.6526988744735718,0.6374680399894714,0.6220779418945312,0.6288659572601318
Gender: Male,512,0.6365331411361694,0.7265037298202515,0.7246038913726807,0.7120550870895386,0.7121212482452393
Gender: Female,512,0.5630252361297607,0.3499999940395355,0.41806724667549133,0.3549571633338928,0.4516128897666931
Age: 50-65,512,0.6091219186782837,0.6526988744735718,0.6374680399894714,0.6220779418945312,0.6288659572601318
Race: White,512,0.5566666722297668,0.5758620500564575,0.5733333230018616,0.5685534477233887,0.5714285373687744
Race: Other,512,0.6853333115577698,0.7207977175712585,0.7066666483879089,0.6491228342056274,0.6500000357627869
Overall,513,0.6881579160690308,0.6909246444702148,0.6467105150222778,0.5866928696632385,0.5979381203651428
Gender: Male,513,0.6822344064712524,0.7434343695640564,0.720695972442627,0.6840332746505737,0.6865671277046204
Gender: Female,513,0.8009259104728699,0.4464285671710968,0.4861111342906952,0.32500001788139343,0.40000003576278687
Age: 50-65,513,0.6881579160690308,0.6909246444702148,0.6467105150222778,0.5866928696632385,0.5979381203651428
Race: White,513,0.7043010592460632,0.5888888835906982,0.5573476552963257,0.4508620500564575,0.4693877398967743
Race: Other,513,0.7514286041259766,0.737500011920929,0.7442857027053833,0.6921052932739258,0.692307710647583
Overall,514,0.558966875076294,0.5638806223869324,0.5521442890167236,0.5009042024612427,0.510869562625885
Gender: Male,514,0.6796875,0.639194130897522,0.6272321343421936,0.6113770604133606,0.6166666746139526
Gender: Female,514,0.531818151473999,0.3928571343421936,0.44545453786849976,0.2874493896961212,0.3125
Age: 50-65,514,0.558966875076294,0.5638806223869324,0.5521442890167236,0.5009042024612427,0.510869562625885
Race: White,514,0.4895833730697632,0.43790850043296814,0.4340277910232544,0.38370370864868164,0.38461539149284363
Race: Other,514,0.6339869499206543,0.7321428656578064,0.648692786693573,0.6195652484893799,0.6571428775787354
Overall,515,0.5614358186721802,0.625,0.5966405868530273,0.549081563949585,0.563829779624939
Gender: Male,515,0.7524038553237915,0.714574933052063,0.6911057829856873,0.6913927793502808,0.7068965435028076
Gender: Female,515,0.47736626863479614,0.5290322303771973,0.5185185074806213,0.32499998807907104,0.3333333432674408
Age: 50-65,515,0.5614358186721802,0.625,0.5966405868530273,0.549081563949585,0.563829779624939
Race: White,515,0.4191919267177582,0.4839285612106323,0.4848484992980957,0.4304967522621155,0.4313725531101227
Race: Black,515,0.0,1.0,1.0,1.0,1.0
Race: Other,515,0.7038461565971375,0.7599999904632568,0.699999988079071,0.6278195381164551,0.6363636255264282
Overall,516,0.5340908765792847,0.5613839626312256,0.5520833134651184,0.5292397737503052,0.54347825050354
Gender: Male,516,0.6781609058380127,0.7098930478096008,0.7005108594894409,0.6939890384674072,0.6964285969734192
Gender: Female,516,0.37770897150039673,0.18333333730697632,0.3235294222831726,0.23404255509376526,0.3055555522441864
Age: 50-65,516,0.5340908765792847,0.5613839626312256,0.5520833134651184,0.5292397737503052,0.54347825050354
Race: White,516,0.3663157820701599,0.3482142686843872,0.3568421006202698,0.3378308415412903,0.34090909361839294
Race: Black,516,0.0,0.4000000059604645,0.5,0.4444444477558136,0.800000011920929
Race: Other,516,0.7226890325546265,0.7660256624221802,0.7324930429458618,0.7054263353347778,0.7105263471603394
Overall,517,0.5200490951538086,0.5462962985038757,0.5368248820304871,0.5050526857376099,0.5252525210380554
Gender: Male,517,0.7546296119689941,0.7946428656578064,0.7546296119689941,0.7532258033752441,0.7647058963775635
Gender: Female,517,0.3928571343421936,0.23955774307250977,0.3107143044471741,0.24426449835300446,0.2708333432674408
Age: 50-65,517,0.5200490951538086,0.5462962985038757,0.5368248820304871,0.5050526857376099,0.5252525210380554
Race: White,517,0.38653844594955444,0.4047619104385376,0.4134615361690521,0.3752020299434662,0.3787878751754761
Race: Other,517,0.8039215803146362,0.8695652484893799,0.75,0.7583333253860474,0.7931034564971924
Overall,518,0.5414676666259766,0.5521778464317322,0.5499348640441895,0.5461242198944092,0.5520833730697632
Gender: Male,518,0.7952380776405334,0.759615421295166,0.7571429014205933,0.7574671506881714,0.7586206793785095
Gender: Female,518,0.24376732110977173,0.1955128312110901,0.2368421107530594,0.21003584563732147,0.2368421107530594
Age: 50-65,518,0.5414676666259766,0.5521778464317322,0.5499348640441895,0.5461242198944092,0.5520833730697632
Race: White,518,0.3812500238418579,0.35741686820983887,0.3606249988079071,0.3500770330429077,0.35087719559669495
Race: Other,518,0.853383481502533,0.8444444537162781,0.8496240377426147,0.8462255597114563,0.8484848737716675
Overall,519,0.4668576121330261,0.48076921701431274,0.48261046409606934,0.4655315577983856,0.4747474789619446
Gender: Male,519,0.6021219491958618,0.6600877046585083,0.645225465297699,0.6303763389587402,0.6363636255264282
Gender: Female,519,0.3457556664943695,0.25517240166664124,0.27950310707092285,0.25894737243652344,0.27272728085517883
Age: 50-65,519,0.4668576121330261,0.48076921701431274,0.48261046409606934,0.4655315577983856,0.4747474789619446
Race: White,519,0.3928571343421936,0.3920940160751343,0.3939075469970703,0.3864583373069763,0.3870967626571655
Race: Other,519,0.6470588445663452,0.635869562625885,0.605042040348053,0.5643243193626404,0.5806451439857483
Overall,520,0.5170731544494629,0.46917808055877686,0.48024389147758484,0.4130547046661377,0.450549453496933
Gender: Male,520,0.6809523701667786,0.6701388955116272,0.6166666746139526,0.5794872045516968,0.6097560524940491
Gender: Female,520,0.5057470798492432,0.28184282779693604,0.36781609058380127,0.2784380316734314,0.3199999928474426
Age: 50-65,520,0.5170731544494629,0.46917808055877686,0.48024389147758484,0.4130547046661377,0.450549453496933
Race: White,520,0.3916666507720947,0.3484848737716675,0.3916666507720947,0.3178999423980713,0.3400000035762787
Race: Other,520,0.7581698894500732,0.625,0.5800653696060181,0.5333333611488342,0.5714285969734192
Overall,521,0.4339712858200073,0.47777777910232544,0.48564594984054565,0.4024730324745178,0.4301075339317322
Gender: Male,521,0.48557692766189575,0.538095235824585,0.5320512652397156,0.5166035890579224,0.5399999618530273
Gender: Female,521,0.49462366104125977,0.47083336114883423,0.4905914068222046,0.270361989736557,0.302325576543808
Age: 50-65,521,0.4339712858200073,0.47777777910232544,0.48564594984054565,0.4024730324745178,0.4301075339317322
Race: White,521,0.19921106100082397,0.28333333134651184,0.29487180709838867,0.21124675869941711,0.21153846383094788
Race: Other,521,0.7142857313156128,0.75,0.652255654335022,0.6413043737411499,0.696969747543335
Overall,522,0.554347813129425,0.5458145141601562,0.5366847515106201,0.5097202062606812,0.5319148898124695
Gender: Male,522,0.6679894328117371,0.713942289352417,0.6765872836112976,0.6590908765792847,0.6727272272109985
Gender: Female,522,0.47894734144210815,0.2896551787853241,0.339473694562912,0.2958333492279053,0.3333333432674408
Age: 50-65,522,0.554347813129425,0.5458145141601562,0.5366847515106201,0.5097202062606812,0.5319148898124695
Race: White,522,0.3899868130683899,0.3726884722709656,0.38208168745040894,0.35384616255760193,0.3571428656578064
Race: Other,522,0.7666666507720947,0.8333333730697632,0.7333333492279053,0.718181848526001,0.7419354915618896
Overall,523,0.6067852973937988,0.6032913327217102,0.5820356011390686,0.4879171550273895,0.49438202381134033
Gender: Male,523,0.7321428060531616,0.7331932783126831,0.7202380895614624,0.7088103294372559,0.7111111283302307
Gender: Female,523,0.7588235139846802,0.48750001192092896,0.4941176474094391,0.25894737243652344,0.27272728085517883
Age: 50-65,523,0.6067852973937988,0.6032913327217102,0.5820356011390686,0.4879171550273895,0.49438202381134033
Race: White,523,0.5610859394073486,0.5595238208770752,0.5527903437614441,0.4448353052139282,0.4464285969734192
Race: Other,523,0.6904761791229248,0.6885714530944824,0.6309523582458496,0.5733333230018616,0.59375
Overall,524,0.5858070850372314,0.6182650923728943,0.6018089056015015,0.5804843306541443,0.5913978219032288
Gender: Male,524,0.7566137313842773,0.7682748436927795,0.7427248954772949,0.7384511232376099,0.7454545497894287
Gender: Female,524,0.5113636255264282,0.37857145071029663,0.40340909361839294,0.35227274894714355,0.3684210479259491
Age: 50-65,524,0.5858070850372314,0.6182650923728943,0.6018089056015015,0.5804843306541443,0.5913978219032288
Race: White,524,0.4272727370262146,0.4492063522338867,0.45151516795158386,0.41426026821136475,0.4150943458080292
Race: Other,524,0.7708333730697632,0.8391608595848083,0.788690447807312,0.7959022521972656,0.8108108043670654
Overall,525,0.5785984992980957,0.5777778029441833,0.5530303120613098,0.5208333730697632,0.5652173757553101
Gender: Male,525,0.5656249523162842,0.6291666626930237,0.596875011920929,0.59375,0.6538462042808533
Gender: Female,525,0.6666666865348816,0.515625,0.5104166865348816,0.4270833432674408,0.45000001788139343
Age: 50-65,525,0.5785984992980957,0.5777778029441833,0.5530303120613098,0.5208333730697632,0.5652173757553101
Race: White,525,0.5009074211120605,0.46875,0.47096186876296997,0.43529412150382996,0.4375
Race: Other,525,0.6696428060531616,0.7132352590560913,0.5863094925880432,0.5632184147834778,0.6842105388641357
Overall,526,0.5868005752563477,0.5943223237991333,0.5492587089538574,0.4647705554962158,0.510869562625885
Gender: Male,526,0.5931034088134766,0.6309523582458496,0.591034471988678,0.5683289170265198,0.6111111044883728
Gender: Female,526,0.8365384340286255,0.6666666865348816,0.5384615659713745,0.3214285671710968,0.3684210479259491
Age: 50-65,526,0.5868005752563477,0.5943223237991333,0.5492587089538574,0.4647705554962158,0.510869562625885
Race: White,526,0.6290849447250366,0.5593434572219849,0.5383986830711365,0.40145719051361084,0.4150943458080292
Race: Other,526,0.6583333015441895,0.5692307949066162,0.5375000238418579,0.4833333492279053,0.5483870506286621
Overall,527,0.46066927909851074,0.5320813655853271,0.5267274975776672,0.5202797651290894,0.5714285373687744
Gender: Male,527,0.6432749032974243,0.7473867535591125,0.7076023817062378,0.7186146974563599,0.7636363506317139
Gender: Female,527,0.33478260040283203,0.2769230902194977,0.31086957454681396,0.2870211601257324,0.3255814015865326
Age: 50-65,527,0.46066927909851074,0.5320813655853271,0.5267274975776672,0.5202797651290894,0.5714285373687744
Race: White,527,0.300595223903656,0.36789554357528687,0.3720238208770752,0.3632653057575226,0.36538463830947876
Race: Black,527,0.0,0.4545454680919647,0.5,0.4761904776096344,0.9090909361839294
Race: Other,527,0.6159999966621399,0.7298851013183594,0.6600000262260437,0.6759259700775146,0.7714285850524902
Overall,528,0.5861904621124268,0.6304347515106201,0.5985714197158813,0.5572010278701782,0.5760869383811951
Gender: Male,528,0.7488095164299011,0.7826398611068726,0.7345237731933594,0.7276995182037354,0.7413793206214905
Gender: Female,528,0.4848484992980957,0.3095238208770752,0.3787878751754761,0.27142858505249023,0.29411765933036804
Age: 50-65,528,0.5861904621124268,0.6304347515106201,0.5985714197158813,0.5572010278701782,0.5760869383811951
Race: White,528,0.4464285969734192,0.4635416567325592,0.46875,0.40416666865348816,0.40909093618392944
Race: Black,528,0.0,0.40909090638160706,0.5,0.44999998807907104,0.8181818723678589
Race: Other,528,0.8176470994949341,0.7622377872467041,0.720588207244873,0.6946736574172974,0.7027027010917664
Overall,529,0.49466776847839355,0.5246478915214539,0.5200984477996826,0.5037053227424622,0.5353535413742065
Gender: Male,529,0.7294372320175171,0.7526738047599792,0.7045454978942871,0.7007215023040771,0.7213114500045776
Gender: Female,529,0.2611111104488373,0.1666666716337204,0.22499999403953552,0.19148936867713928,0.2368421107530594
Age: 50-65,529,0.49466776847839355,0.5246478915214539,0.5200984477996826,0.5037053227424622,0.5353535413742065
Race: White,529,0.34322577714920044,0.32380953431129456,0.3329032063484192,0.31794872879981995,0.3214285969734192
Race: Black,529,0.0,0.4285714328289032,0.5,0.4615384638309479,0.8571429252624512
Race: Other,529,0.7740384340286255,0.8636363744735718,0.7692307829856873,0.7710525989532471,0.7931034564971924
Overall,530,0.5920329689979553,0.6291061639785767,0.5773809552192688,0.5077335238456726,0.542553186416626
Gender: Male,530,0.733077883720398,0.726190447807312,0.6698595285415649,0.6413886547088623,0.660714328289032
Gender: Female,530,0.576811671257019,0.3523809611797333,0.45507246255874634,0.29846152663230896,0.3684210479259491
Age: 50-65,530,0.5920329689979553,0.6291061639785767,0.5773809552192688,0.5077335238456726,0.542553186416626
Race: White,530,0.5968858003616333,0.6312741041183472,0.6176470518112183,0.5277777910232544,0.529411792755127
Race: Black,530,0.0,1.0,1.0,1.0,1.0
Race: Other,530,0.5777777433395386,0.38333332538604736,0.4611111283302307,0.3365079462528229,0.42424243688583374
Overall,531,0.5882352590560913,0.6566742062568665,0.6263110041618347,0.5930736064910889,0.6063829660415649
Gender: Male,531,0.6750841736793518,0.798713207244873,0.7735689878463745,0.752525269985199,0.7551020383834839
Gender: Female,531,0.5535714626312256,0.4444444477558136,0.4642857313156128,0.4019138813018799,0.4444444477558136
Age: 50-65,531,0.5882352590560913,0.6566742062568665,0.6263110041618347,0.5930736064910889,0.6063829660415649
Race: White,531,0.505859375,0.46875,0.46875,0.4166666567325592,0.4166666865348816
Race: Black,531,0.2222222089767456,0.44999998807907104,0.5,0.4736842215061188,0.9000000357627869
Race: Other,531,0.7469135522842407,0.8461538553237915,0.7777777910232544,0.7662338018417358,0.7777777910232544
Overall,532,0.6652930378913879,0.6567708253860474,0.6378204822540283,0.6106765270233154,0.6170212626457214
Gender: Male,532,0.8410494327545166,0.8493788838386536,0.8472222089767456,0.8430769443511963,0.843137264251709
Gender: Female,532,0.6066666841506958,0.3234127163887024,0.40111109614372253,0.30324074625968933,0.3488371968269348
Age: 50-65,532,0.6652930378913879,0.6567708253860474,0.6378204822540283,0.6106765270233154,0.6170212626457214
Race: White,532,0.5772058963775635,0.5770201683044434,0.5747548937797546,0.5511904954910278,0.5517241358757019
Race: Other,532,0.8083333969116211,0.8260869979858398,0.75,0.7280701994895935,0.7419354915618896
Overall,533,0.5539966225624084,0.5349206924438477,0.5280612111091614,0.5024531483650208,0.5257731676101685
Gender: Male,533,0.7307692766189575,0.7225755453109741,0.692307710647583,0.6761904954910278,0.6851851940155029
Gender: Female,533,0.4458874464035034,0.24696969985961914,0.3192640542984009,0.26862168312072754,0.3255814015865326
Age: 50-65,533,0.5539966225624084,0.5349206924438477,0.5280612111091614,0.5024531483650208,0.5257731676101685
Race: White,533,0.44576722383499146,0.3741987347602844,0.39616402983665466,0.3700104057788849,0.3999999761581421
Race: Other,533,0.7460317611694336,0.7045454978942871,0.6964285969734192,0.6360294222831726,0.6363636255264282
Overall,534,0.45487862825393677,0.49875932931900024,0.4988548159599304,0.4562091529369354,0.4583333432674408
Gender: Male,534,0.6969146728515625,0.682539701461792,0.6878403425216675,0.6660869717597961,0.6666666865348816
Gender: Female,534,0.3240740895271301,0.23157894611358643,0.31111112236976624,0.22857142984867096,0.25
Age: 50-65,534,0.45487862825393677,0.49875932931900024,0.4988548159599304,0.4562091529369354,0.4583333432674408
Race: White,534,0.21176469326019287,0.33571428060531616,0.3139705955982208,0.29280397295951843,0.2982456088066101
Race: Other,534,0.6776315569877625,0.7329059839248657,0.6792763471603394,0.6428571939468384,0.6571428775787354
Overall,535,0.6335583925247192,0.6000586748123169,0.5822082757949829,0.49971991777420044,0.5052632093429565
Gender: Male,535,0.7613636255264282,0.680701732635498,0.6950757503509521,0.6312708854675293,0.6326530575752258
Gender: Female,535,0.5119047164916992,0.3829268217086792,0.4523809552192688,0.3148433566093445,0.3695652186870575
Age: 50-65,535,0.6335583925247192,0.6000586748123169,0.5822082757949829,0.49971991777420044,0.5052632093429565
Race: White,535,0.5872235894203186,0.53125,0.5393120646476746,0.43132954835891724,0.4375
Race: Other,535,0.7120181322097778,0.654411792755127,0.5952380895614624,0.5523511171340942,0.5952380895614624
Overall,536,0.5609090924263,0.6083894968032837,0.5804545283317566,0.5409172177314758,0.563829779624939
Gender: Male,536,0.7878787517547607,0.8171701431274414,0.7878788113594055,0.7969924807548523,0.8148148059844971
Gender: Female,536,0.4702194333076477,0.2696078419685364,0.3526645600795746,0.21269841492176056,0.22500000894069672
Age: 50-65,536,0.5609090924263,0.6083894968032837,0.5804545283317566,0.5409172177314758,0.563829779624939
Race: White,536,0.40779221057891846,0.45104897022247314,0.4636363685131073,0.38825756311416626,0.4035087823867798
Race: Other,536,0.7817460298538208,0.8363636136054993,0.79365074634552,0.800000011920929,0.8125
Overall,537,0.6326203346252441,0.6372881531715393,0.6299465298652649,0.5834282636642456,0.584269642829895
Gender: Male,537,0.7831541299819946,0.764214038848877,0.7831541299819946,0.752525269985199,0.7551020383834839
Gender: Female,537,0.5546875,0.3961039185523987,0.4375,0.3416721522808075,0.375
Age: 50-65,537,0.6326203346252441,0.6372881531715393,0.6299465298652649,0.5834282636642456,0.584269642829895
Race: White,537,0.4796379804611206,0.4862745404243469,0.48416292667388916,0.4213406443595886,0.42553189396858215
Race: Other,537,0.8042328357696533,0.7884615659713745,0.7579364776611328,0.739304780960083,0.7435897588729858
Overall,538,0.6322547793388367,0.6231883764266968,0.6004108786582947,0.5160210728645325,0.52173912525177
Gender: Male,538,0.7419354915618896,0.7241379022598267,0.7419354915618896,0.635610818862915,0.6363636255264282
Gender: Female,538,0.6035714149475098,0.44999998807907104,0.4714285731315613,0.3777777850627899,0.4166666865348816
Age: 50-65,538,0.6322547793388367,0.6231883764266968,0.6004108786582947,0.5160210728645325,0.52173912525177
Race: White,538,0.48976606130599976,0.49242424964904785,0.4941520690917969,0.38580644130706787,0.392857164144516
Race: Other,538,0.8818181753158569,0.7749999761581421,0.7749999761581421,0.7096773982048035,0.7096773982048035
Overall,539,0.638107419013977,0.6290568113327026,0.6084825396537781,0.5978711843490601,0.6185566782951355
Gender: Male,539,0.8229166269302368,0.8926031589508057,0.859375,0.8678799867630005,0.8750000596046448
Gender: Female,539,0.5071770548820496,0.21129031479358673,0.28588518500328064,0.23125000298023224,0.2682926654815674
Age: 50-65,539,0.638107419013977,0.6290568113327026,0.6084825396537781,0.5978711843490601,0.6185566782951355
Race: White,539,0.47593581676483154,0.5013175010681152,0.5013368725776672,0.4819776713848114,0.4821428656578064
Race: Black,539,0.0,1.0,1.0,1.0,1.0
Race: Other,539,0.7587719559669495,0.7766666412353516,0.6820175647735596,0.6868686676025391,0.7419354915618896
Overall,540,0.5256733894348145,0.5610795021057129,0.5542929172515869,0.5486841797828674,0.5714285373687744
Gender: Male,540,0.7051724195480347,0.7729779481887817,0.7560344934463501,0.7611874341964722,0.7755101919174194
Gender: Female,540,0.4116666913032532,0.3392156958580017,0.3633333444595337,0.3398522436618805,0.36734694242477417
Age: 50-65,540,0.5256733894348145,0.5610795021057129,0.5542929172515869,0.5486841797828674,0.5714285373687744
Race: White,540,0.3065134286880493,0.375,0.3773946166038513,0.3732011318206787,0.3750000298023224
Race: Black,540,0.3333333134651184,0.44999998807907104,0.5,0.4736842215061188,0.9000000357627869
Race: Other,540,0.8253967761993408,0.875,0.7857142686843872,0.7922078371047974,0.8125
Overall,541,0.5681818127632141,0.5809990763664246,0.5743996500968933,0.5711759328842163,0.5876288414001465
Gender: Male,541,0.7484848499298096,0.7648809552192688,0.7696969509124756,0.7661169767379761,0.7692307829856873
Gender: Female,541,0.4584980010986328,0.3142857253551483,0.37154150009155273,0.3211206793785095,0.3777777850627899
Age: 50-65,541,0.5681818127632141,0.5809990763664246,0.5743996500968933,0.5711759328842163,0.5876288414001465
Race: White,541,0.4032258093357086,0.46590906381607056,0.46650123596191406,0.46562498807907104,0.4736842215061188
Race: Other,541,0.8229166269302368,0.8041666746139526,0.7534722089767456,0.7509157657623291,0.7647058963775635
Overall,542,0.656104326248169,0.6055417060852051,0.5789841413497925,0.5034090876579285,0.5157895088195801
Gender: Male,542,0.725806474685669,0.7411764860153198,0.7034739255905151,0.6761363744735718,0.6842105388641357
Gender: Female,542,0.4983164966106415,0.32121211290359497,0.40067341923713684,0.2443181872367859,0.2631579041481018
Age: 50-65,542,0.656104326248169,0.6055417060852051,0.5789841413497925,0.5034090876579285,0.5157895088195801
Race: White,542,0.6148147583007812,0.4963414669036865,0.49722224473953247,0.36645960807800293,0.37254902720451355
Race: Other,542,0.7132867574691772,0.6557971239089966,0.6503496766090393,0.5996732115745544,0.6000000238418579
Overall,543,0.47894054651260376,0.5249999761581421,0.5165002346038818,0.4683634042739868,0.5104166865348816
Gender: Male,543,0.6212121248245239,0.703201949596405,0.6785714626312256,0.6655555963516235,0.6744186282157898
Gender: Female,543,0.42735040187835693,0.21276596188545227,0.38461539149284363,0.27397260069847107,0.37735849618911743
Age: 50-65,543,0.47894054651260376,0.5249999761581421,0.5165002346038818,0.4683634042739868,0.5104166865348816
Race: White,543,0.3496168553829193,0.4436274468898773,0.4559386968612671,0.41068366169929504,0.4307692348957062
Race: Other,543,0.764102578163147,0.800000011920929,0.6153846383094788,0.5625,0.6428571939468384
Overall,544,0.507227897644043,0.5276315808296204,0.5267857313156128,0.5093867778778076,0.5102040767669678
Gender: Male,544,0.7210084199905396,0.726190447807312,0.7554621696472168,0.7062146663665771,0.7115384936332703
Gender: Female,544,0.3466666340827942,0.2232142835855484,0.26380953192710876,0.2390977442264557,0.28260868787765503
Age: 50-65,544,0.507227897644043,0.5276315808296204,0.5267857313156128,0.5093867778778076,0.5102040767669678
Race: White,544,0.28125,0.3316498398780823,0.3125,0.3072373867034912,0.31666669249534607
Race: Other,544,0.8070175647735596,0.8458498120307922,0.8070175647735596,0.8131868243217468,0.8235294222831726
Overall,545,0.5209549069404602,0.5485411286354065,0.5485411286354065,0.4680851101875305,0.46808508038520813
Gender: Male,545,0.6730769276618958,0.6582633256912231,0.6810897588729858,0.596666693687439,0.5999999642372131
Gender: Female,545,0.43491125106811523,0.3165322542190552,0.36538463830947876,0.2700534760951996,0.28205129504203796
Age: 50-65,545,0.5209549069404602,0.5485411286354065,0.5485411286354065,0.4680851101875305,0.46808508038520813
Race: White,545,0.45299145579338074,0.4871795177459717,0.4871795177459717,0.42105263471603394,0.42105263471603394
Race: Other,545,0.6730769872665405,0.6345454454421997,0.642307698726654,0.5274131298065186,0.5277777910232544
Overall,546,0.4913461208343506,0.49641790986061096,0.4971154034137726,0.4528462290763855,0.46739131212234497
Gender: Male,546,0.6520832777023315,0.6339285373687744,0.625,0.6239316463470459,0.6363636255264282
Gender: Female,546,0.478515625,0.3632478713989258,0.40625,0.29756098985671997,0.3125
Age: 50-65,546,0.4913461208343506,0.49641790986061096,0.4971154034137726,0.4528462290763855,0.46739131212234497
Race: White,546,0.3850339949131012,0.32499998807907104,0.34761905670166016,0.29797491431236267,0.3035714328289032
Race: Other,546,0.6770833730697632,0.7339181303977966,0.7083333730697632,0.674838662147522,0.6785714626312256
Overall,547,0.6513243913650513,0.7228168845176697,0.6717325448989868,0.6481906175613403,0.6666666865348816
Gender: Male,547,0.737851619720459,0.8054053783416748,0.789002537727356,0.7946282625198364,0.8070175647735596
Gender: Female,547,0.7041419744491577,0.6911764740943909,0.5961538553237915,0.4378860592842102,0.4615384638309479
Age: 50-65,547,0.6513243913650513,0.7228168845176697,0.6717325448989868,0.6481906175613403,0.6666666865348816
Race: White,547,0.568359375,0.596969723701477,0.59375,0.5206252336502075,0.5208333730697632
Race: Other,547,0.7860962152481079,0.8120689392089844,0.741978645324707,0.7450980544090271,0.7692307829856873
Overall,548,0.6452358961105347,0.5728021860122681,0.5612858533859253,0.5419819951057434,0.5591397881507874
Gender: Male,548,0.8100358247756958,0.7171052694320679,0.6971325874328613,0.695960521697998,0.7068965435028076
Gender: Female,548,0.5,0.2916666865348816,0.3500000238418579,0.2857142984867096,0.3142857253551483
Age: 50-65,548,0.6452358961105347,0.5728021860122681,0.5612858533859253,0.5419819951057434,0.5591397881507874
Race: White,548,0.6184614896774292,0.5075757503509521,0.5069230794906616,0.49743789434432983,0.5098039507865906
Race: Other,548,0.6647727489471436,0.6499999761581421,0.6193181872367859,0.5681818127632141,0.5789473652839661
Overall,549,0.44062501192092896,0.48961037397384644,0.49166667461395264,0.40602582693099976,0.4130434989929199
Gender: Male,549,0.6437389850616455,0.6727272868156433,0.6507936716079712,0.6190476417541504,0.625
Gender: Female,549,0.38292011618614197,0.2239382266998291,0.3030303120613098,0.17499999701976776,0.1818181872367859
Age: 50-65,549,0.44062501192092896,0.48961037397384644,0.49166667461395264,0.40602582693099976,0.4130434989929199
Race: White,549,0.3260233998298645,0.3484320640563965,0.37280702590942383,0.3033333420753479,0.30909091234207153
Race: Other,549,0.616600751876831,0.7115384340286255,0.6739130616188049,0.555361807346344,0.5588235259056091
Overall,550,0.6378278732299805,0.6071428656578064,0.5911182761192322,0.5553247928619385,0.563829779624939
Gender: Male,550,0.7537878751754761,0.7161765098571777,0.685606062412262,0.643750011920929,0.6491228342056274
Gender: Female,550,0.4911764860153198,0.43881118297576904,0.4485294222831726,0.4171042740345001,0.4324324429035187
Age: 50-65,550,0.6378278732299805,0.6071428656578064,0.5911182761192322,0.5553247928619385,0.563829779624939
Race: White,550,0.5466666221618652,0.5164203643798828,0.5166666507720947,0.4997999370098114,0.5
Race: Other,550,0.763157844543457,0.779411792755127,0.6590908765792847,0.5998698472976685,0.6341463327407837
Overall,551,0.4757575988769531,0.5477777719497681,0.532575786113739,0.4259259104728699,0.44086021184921265
Gender: Male,551,0.6048387289047241,0.6267507076263428,0.6042627096176147,0.5785714387893677,0.5932203531265259
Gender: Female,551,0.517241358757019,0.5757575631141663,0.517241358757019,0.16491228342056274,0.1764705926179886
Age: 50-65,551,0.4757575988769531,0.5477777719497681,0.532575786113739,0.4259259104728699,0.44086021184921265
Race: White,551,0.33590734004974365,0.4070512652397156,0.4160231649875641,0.31266847252845764,0.3137255012989044
Race: Other,551,0.6483516693115234,0.7321428656578064,0.6428571343421936,0.5392953753471375,0.5588235259056091
Overall,552,0.5209029912948608,0.550000011920929,0.5426421165466309,0.517757773399353,0.5306122303009033
Gender: Male,552,0.7123809456825256,0.8020833730697632,0.7761905193328857,0.7580105066299438,0.760869562625885
Gender: Female,552,0.4000000059604645,0.29135337471961975,0.3355555534362793,0.2953929603099823,0.32692310214042664
Age: 50-65,552,0.5209029912948608,0.550000011920929,0.5426421165466309,0.517757773399353,0.5306122303009033
Race: White,552,0.40526318550109863,0.3858093023300171,0.39157894253730774,0.3636363744735718,0.3650793731212616
Race: Black,552,0.0,0.44999998807907104,0.5,0.4736842215061188,0.9000000357627869
Race: Other,552,0.8397436141967773,0.8529411554336548,0.807692289352417,0.7947455048561096,0.7999999523162842
Overall,553,0.5950000286102295,0.5414285659790039,0.5329545140266418,0.48181819915771484,0.49473685026168823
Gender: Male,553,0.9006409645080566,0.7745097875595093,0.7467948794364929,0.7348021268844604,0.7400000095367432
Gender: Female,553,0.43103450536727905,0.18412162363529205,0.29849138855934143,0.1968383491039276,0.2222222238779068
Age: 50-65,553,0.5950000286102295,0.5414285659790039,0.5329545140266418,0.48181819915771484,0.49473685026168823
Race: White,553,0.4742014408111572,0.3477272689342499,0.3765355944633484,0.31235432624816895,0.32203391194343567
Race: Other,553,0.85546875,0.8636363744735718,0.8125,0.8056679964065552,0.8125
Overall,554,0.6202597618103027,0.6604554653167725,0.6207792162895203,0.54453444480896,0.5555555820465088
Gender: Male,554,0.7958333492279053,0.7616541385650635,0.7416666746139526,0.7198201417922974,0.7222222089767456
Gender: Female,554,0.5381817817687988,0.3970588445663452,0.4745454788208008,0.25925925374031067,0.3055555522441864
Age: 50-65,554,0.6202597618103027,0.6604554653167725,0.6207792162895203,0.54453444480896,0.5555555820465088
Race: White,554,0.5950412750244141,0.5174603462219238,0.5151515007019043,0.36231884360313416,0.3636363744735718
Race: Other,554,0.7315789461135864,0.7916666865348816,0.7486842274665833,0.7350543737411499,0.7435897588729858
Overall,555,0.5679925680160522,0.569023609161377,0.5568917989730835,0.5377621650695801,0.5591397881507874
Gender: Male,555,0.7104166746139526,0.7333333492279053,0.7041666507720947,0.6983783841133118,0.7096773982048035
Gender: Female,555,0.34166669845581055,0.1666666716337204,0.2666666805744171,0.20512820780277252,0.25806450843811035
Age: 50-65,555,0.5679925680160522,0.569023609161377,0.5568917989730835,0.5377621650695801,0.5591397881507874
Race: White,555,0.38809525966644287,0.3782051205635071,0.386904776096344,0.37689971923828125,0.39024388790130615
Race: Other,555,0.7133333683013916,0.7325268983840942,0.6922222375869751,0.6442360877990723,0.6511628031730652
Overall,556,0.375,0.41515153646469116,0.42500001192092896,0.38920581340789795,0.3958333432674408
Gender: Male,556,0.6030769348144531,0.6212121248245239,0.6107692122459412,0.6003134846687317,0.6078431606292725
Gender: Female,556,0.20444443821907043,0.15909090638160706,0.20000000298023224,0.1517857164144516,0.15555556118488312
Age: 50-65,556,0.375,0.41515153646469116,0.42500001192092896,0.38920581340789795,0.3958333432674408
Race: White,556,0.24302133917808533,0.2638888955116272,0.27668309211730957,0.2573263645172119,0.25999999046325684
Race: Other,556,0.5416666269302368,0.5865384340286255,0.5803571343421936,0.5249999761581421,0.5263158082962036
Overall,557,0.515107274055481,0.5466200113296509,0.538986325263977,0.491346150636673,0.5
Gender: Male,557,0.7676923274993896,0.7222222089767456,0.703076958656311,0.698462724685669,0.7058823704719543
Gender: Female,557,0.4166666865348816,0.29356062412261963,0.3433907926082611,0.23663663864135742,0.24390242993831635
Age: 50-65,557,0.515107274055481,0.5466200113296509,0.538986325263977,0.491346150636673,0.5
Race: White,557,0.40673214197158813,0.4244832992553711,0.4333800673484802,0.4000000059604645,0.40740740299224854
Race: Other,557,0.8106060028076172,0.7400000095367432,0.7045454382896423,0.6146469116210938,0.6176470518112183
Overall,558,0.6230158805847168,0.6789297461509705,0.6592261791229248,0.566692590713501,0.5684210658073425
Gender: Male,558,0.615384578704834,0.7045454978942871,0.7087912559509277,0.6499027609825134,0.6500000357627869
Gender: Female,558,0.7689393758773804,0.6774193644523621,0.5833333134651184,0.4047619104385376,0.4285714328289032
Age: 50-65,558,0.6230158805847168,0.6789297461509705,0.6592261791229248,0.566692590713501,0.5684210658073425
Race: White,558,0.7073643207550049,0.6153250932693481,0.6443798542022705,0.4866666793823242,0.49090906977653503
Race: Other,558,0.6245614290237427,0.7244444489479065,0.6771929860115051,0.6357142925262451,0.6470588445663452
Overall,559,0.554634153842926,0.642313539981842,0.5912194848060608,0.5304437875747681,0.5604395866394043
Gender: Male,559,0.6975446343421936,0.7666666507720947,0.7008928656578064,0.6919359564781189,0.7166666984558105
Gender: Female,559,0.5959595441818237,0.2916666865348816,0.41161617636680603,0.2291891872882843,0.25806450843811035
Age: 50-65,559,0.554634153842926,0.642313539981842,0.5912194848060608,0.5304437875747681,0.5604395866394043
Race: White,559,0.46848738193511963,0.550000011920929,0.5367647409439087,0.453441321849823,0.46666666865348816
Race: Other,559,0.5930736064910889,0.7232142686843872,0.6352813839912415,0.5904762148857117,0.6279069781303406
Overall,560,0.5398550629615784,0.5995792150497437,0.5857487916946411,0.5601022839546204,0.5699999928474426
Gender: Male,560,0.6874003410339355,0.7230982780456543,0.6917862892150879,0.6884012222290039,0.7042253613471985
Gender: Female,560,0.3095238208770752,0.29722222685813904,0.2827380895614624,0.24047619104385376,0.24137930572032928
Age: 50-65,560,0.5398550629615784,0.5995792150497437,0.5857487916946411,0.5601022839546204,0.5699999928474426
Race: White,560,0.44117647409439087,0.4886363744735718,0.4884910583496094,0.4735221564769745,0.4736842215061188
Race: Black,560,0.0,0.4545454680919647,0.5,0.4761904776096344,0.9090909361839294
Race: Other,560,0.6396760940551758,0.7599999904632568,0.6842105388641357,0.6113360524177551,0.625
Overall,561,0.6229946613311768,0.6173912882804871,0.5866310000419617,0.5045955181121826,0.516853928565979
Gender: Male,561,0.6739131212234497,0.6785714626312256,0.6463210582733154,0.6198276281356812,0.6326530575752258
Gender: Female,561,0.8119122385978699,0.563725471496582,0.5407523512840271,0.3650793731212616,0.375
Age: 50-65,561,0.6229946613311768,0.6173912882804871,0.5866310000419617,0.5045955181121826,0.516853928565979
Race: White,561,0.5044444799423218,0.572115421295166,0.5666666626930237,0.4878773093223572,0.4888888895511627
Race: Other,561,0.8323863744735718,0.6705068945884705,0.6051136255264282,0.5260455012321472,0.5526315569877625
Overall,562,0.6789965629577637,0.6410447359085083,0.6205357313156128,0.6049532294273376,0.6185566782951355
Gender: Male,562,0.82962965965271,0.7905701994895935,0.7804232835769653,0.7835079431533813,0.7903225421905518
Gender: Female,562,0.6468532085418701,0.3218390941619873,0.39160841703414917,0.2857142984867096,0.3142857253551483
Age: 50-65,562,0.6789965629577637,0.6410447359085083,0.6205357313156128,0.6049532294273376,0.6185566782951355
Race: White,562,0.6103895902633667,0.5477941036224365,0.5422078371047974,0.5129870176315308,0.5199999809265137
Race: Black,562,0.0,1.0,1.0,1.0,1.0
Race: Other,562,0.6603174209594727,0.6655844449996948,0.6619048118591309,0.6386100053787231,0.6388888955116272
Overall,563,0.6113289594650269,0.6476190686225891,0.601307213306427,0.5555555820465088,0.5833333730697632
Gender: Male,563,0.745192289352417,0.8048128485679626,0.7740384340286255,0.7726333141326904,0.7799999713897705
Gender: Female,563,0.6783626079559326,0.3154761791229248,0.4395711421966553,0.29455313086509705,0.3695652186870575
Age: 50-65,563,0.6113289594650269,0.6476190686225891,0.601307213306427,0.5555555820465088,0.5833333730697632
Race: White,563,0.507882833480835,0.5544871687889099,0.5382882952690125,0.45777779817581177,0.4754098057746887
Race: Other,563,0.7789115905761719,0.8078703880310059,0.726190447807312,0.7348484992980957,0.7714285850524902
Overall,564,0.4885375499725342,0.4670763611793518,0.47035571932792664,0.4618852138519287,0.48514851927757263
Gender: Male,564,0.6678614616394043,0.6458333730697632,0.6254480481147766,0.6187793612480164,0.6379310488700867
Gender: Female,564,0.33552634716033936,0.24768517911434174,0.26096490025520325,0.2532213032245636,0.27906978130340576
Age: 50-65,564,0.4885375499725342,0.4670763611793518,0.47035571932792664,0.4618852138519287,0.48514851927757263
Race: White,564,0.3888888955116272,0.39267241954803467,0.39358973503112793,0.3930487036705017,0.4057971239089966
Race: Other,564,0.6904761791229248,0.7916666269302368,0.6666666865348816,0.6184210777282715,0.6551724076271057
Overall,565,0.6205856800079346,0.6195652484893799,0.5876399278640747,0.5370185375213623,0.5567010045051575
Gender: Male,565,0.7268145084381104,0.7388888597488403,0.6950604915618896,0.6827458143234253,0.6984127163887024
Gender: Female,565,0.5691699981689453,0.3379310369491577,0.4071146249771118,0.27142858505249023,0.29411765933036804
Age: 50-65,565,0.6205856800079346,0.6195652484893799,0.5876399278640747,0.5370185375213623,0.5567010045051575
Race: White,565,0.6134259104728699,0.5566860437393188,0.5451388955116272,0.5083333253860474,0.5254237055778503
Race: Other,565,0.6571428775787354,0.7083333134651184,0.6666666865348816,0.5441176891326904,0.5483870506286621
Overall,566,0.6312292814254761,0.6470588445663452,0.6139060258865356,0.5799086689949036,0.5978261232376099
Gender: Male,566,0.6480938196182251,0.7335164546966553,0.686950147151947,0.6331511735916138,0.6415094137191772
Gender: Female,566,0.6164021492004395,0.5258620977401733,0.5198413133621216,0.4985714256763458,0.5384615659713745
Age: 50-65,566,0.6312292814254761,0.6470588445663452,0.6139060258865356,0.5799086689949036,0.5978261232376099
Race: White,566,0.6324110627174377,0.597953200340271,0.5882740616798401,0.5499839782714844,0.5535714626312256
Race: Other,566,0.6577777862548828,0.7083333134651184,0.6333333253860474,0.5970696210861206,0.6333333849906921
Overall,567,0.5918368101119995,0.6245059370994568,0.5918367505073547,0.5496764183044434,0.5714285969734192
Gender: Male,567,0.8121739625930786,0.8125,0.7782608866691589,0.7658536434173584,0.7708333730697632
Gender: Female,567,0.4298245906829834,0.27252253890037537,0.3892543911933899,0.28333333134651184,0.3488371968269348
Age: 50-65,567,0.5918368101119995,0.6245059370994568,0.5918367505073547,0.5496764183044434,0.5714285969734192
Race: White,567,0.4923599362373352,0.49688151478767395,0.4974533021450043,0.4318181872367859,0.4399999976158142
Race: Other,567,0.7438271045684814,0.7592592239379883,0.6944444179534912,0.6740740537643433,0.694444477558136
Overall,568,0.5495833158493042,0.5643478035926819,0.5462499856948853,0.5088539719581604,0.5408163070678711
Gender: Male,568,0.7253333330154419,0.6989489793777466,0.6766666173934937,0.6754598617553711,0.6909090876579285
Gender: Female,568,0.5155555009841919,0.28421053290367126,0.40888890624046326,0.28333333134651184,0.3488371968269348
Age: 50-65,568,0.5495833158493042,0.5643478035926819,0.5462499856948853,0.5088539719581604,0.5408163070678711
Race: White,568,0.45045042037963867,0.41291290521621704,0.41291290521621704,0.3636363744735718,0.3636363446712494
Race: Black,568,0.3999999761581421,0.4545454680919647,0.5,0.4761904776096344,0.9090909361839294
Race: Other,568,0.7333333492279053,0.7518518567085266,0.6416666507720947,0.6395494341850281,0.71875
Overall,569,0.6709359884262085,0.6811136603355408,0.6554187536239624,0.58753502368927,0.5913978219032288
Gender: Male,569,0.8363844156265259,0.7764639854431152,0.7808924913406372,0.7376344203948975,0.737704873085022
Gender: Female,569,0.6083333492279053,0.1666666716337204,0.4166666567325592,0.2380952388048172,0.3125
Age: 50-65,569,0.6709359884262085,0.6811136603355408,0.6554187536239624,0.58753502368927,0.5913978219032288
Race: White,569,0.6067073345184326,0.5742647051811218,0.5769817233085632,0.4735221564769745,0.4736842215061188
Race: Other,569,0.8277311325073242,0.8181818127632141,0.7647058963775635,0.7350427508354187,0.7419354915618896
Overall,570,0.47960150241851807,0.5342105031013489,0.5246679186820984,0.4252771735191345,0.4375
Gender: Male,570,0.577380895614624,0.6721611618995667,0.6398809552192688,0.5775362253189087,0.5849056839942932
Gender: Female,570,0.45897436141967773,0.28828829526901245,0.37948718667030334,0.23555555939674377,0.25581395626068115
Age: 50-65,570,0.47960150241851807,0.5342105031013489,0.5246679186820984,0.4252771735191345,0.4375
Race: White,570,0.5055643916130066,0.4861111044883728,0.4856915771961212,0.425728976726532,0.42592594027519226
Race: Other,570,0.5160256624221802,0.6857143044471741,0.5416666865348816,0.34775641560554504,0.4054054021835327
Overall,571,0.5140664577484131,0.5192307829856873,0.5170503258705139,0.5068523287773132,0.5257731676101685
Gender: Male,571,0.6412500143051147,0.635064959526062,0.6299999952316284,0.6129629611968994,0.6140350699424744
Gender: Female,571,0.26923078298568726,0.2666666805744171,0.3076923191547394,0.2857142984867096,0.4000000059604645
Age: 50-65,571,0.5140664577484131,0.5192307829856873,0.5170503258705139,0.5068523287773132,0.5257731676101685
Race: White,571,0.43910253047943115,0.43910256028175354,0.43910256028175354,0.43910256028175354,0.4399999976158142
Race: Other,571,0.6554621458053589,0.625,0.5840336084365845,0.5260455012321472,0.5526315569877625
Overall,572,0.5324798822402954,0.5378023982048035,0.5355618596076965,0.49858132004737854,0.4999999701976776
Gender: Male,572,0.5959999561309814,0.6600000262260437,0.6600000262260437,0.6545454263687134,0.6545454263687134
Gender: Female,572,0.5308641791343689,0.3392857313156128,0.3888888955116272,0.2700534760951996,0.28205129504203796
Age: 50-65,572,0.5324798822402954,0.5378023982048035,0.5355618596076965,0.49858132004737854,0.4999999701976776
Race: White,572,0.43363845348358154,0.43445122241973877,0.42620140314102173,0.380952388048172,0.38461539149284363
Race: Other,572,0.7402597665786743,0.7279411554336548,0.701298713684082,0.7028862237930298,0.7199999690055847
Overall,573,0.6497929096221924,0.6608695983886719,0.6277036666870117,0.5836830139160156,0.5957446694374084
Gender: Male,573,0.7126436233520508,0.7431818246841431,0.7306034564971924,0.7153598070144653,0.7169811725616455
Gender: Female,573,0.6519607305526733,0.5083333253860474,0.5036764740943909,0.3864671289920807,0.4390243887901306
Age: 50-65,573,0.6497929096221924,0.6608695983886719,0.6277036666870117,0.5836830139160156,0.5957446694374084
Race: White,573,0.6620879173278809,0.5923076868057251,0.598901093006134,0.5354800224304199,0.5365853309631348
Race: Black,573,0.0,0.4285714328289032,0.5,0.4615384638309479,0.8571429252624512
Race: Other,573,0.676630437374115,0.6413792967796326,0.6114130616188049,0.5535353422164917,0.5641025900840759
Overall,574,0.5561224222183228,0.550000011920929,0.5394248366355896,0.5062741041183472,0.5268816947937012
Gender: Male,574,0.6784511804580688,0.6966911554336548,0.680134654045105,0.6805737018585205,0.6938775181770325
Gender: Female,574,0.49891066551208496,0.3541666865348816,0.4084967374801636,0.3121293783187866,0.34090909361839294
Age: 50-65,574,0.5561224222183228,0.550000011920929,0.5394248366355896,0.5062741041183472,0.5268816947937012
Race: White,574,0.4017093777656555,0.3815789520740509,0.3782051205635071,0.33312809467315674,0.3333333432674408
Race: Other,574,0.8888888955116272,0.8214285373687744,0.75,0.7692307829856873,0.8148148059844971
Overall,575,0.49239349365234375,0.5354310274124146,0.5339756608009338,0.4885866343975067,0.489130437374115
Gender: Male,575,0.5531250238418579,0.6392592191696167,0.6468750238418579,0.631205677986145,0.634615421295166
Gender: Female,575,0.45604395866394043,0.3137255012989044,0.3956044018268585,0.2708333134651184,0.30000001192092896
Age: 50-65,575,0.49239349365234375,0.5354310274124146,0.5339756608009338,0.4885866343975067,0.489130437374115
Race: White,575,0.29032260179519653,0.3387424051761627,0.3290322422981262,0.3030303120613098,0.30434784293174744
Race: Other,575,0.6952662467956543,0.7042856812477112,0.7115384340286255,0.6407894492149353,0.6410256624221802
Overall,576,0.6890838146209717,0.7286567687988281,0.6866471767425537,0.6339963674545288,0.6413043737411499
Gender: Male,576,0.8193473815917969,0.8051378726959229,0.7837995290756226,0.7609953880310059,0.7627118825912476
Gender: Female,576,0.6984126567840576,0.5646551847457886,0.5297619104385376,0.38829270005226135,0.42424243688583374
Age: 50-65,576,0.6890838146209717,0.7286567687988281,0.6866471767425537,0.6339963674545288,0.6413043737411499
Race: White,576,0.6942307949066162,0.6501548290252686,0.6865384578704834,0.5604038834571838,0.5660377740859985
Race: Other,576,0.6964285373687744,0.7559523582458496,0.6535714268684387,0.6458333730697632,0.7058823704719543
Overall,577,0.5795339345932007,0.5344932675361633,0.5286220908164978,0.5007175803184509,0.516853928565979
Gender: Male,577,0.6908442378044128,0.6526315808296204,0.6379310488700867,0.6289979219436646,0.6379310488700867
Gender: Female,577,0.5170940160751343,0.2433333396911621,0.3354701101779938,0.25219297409057617,0.29032257199287415
Age: 50-65,577,0.5795339345932007,0.5344932675361633,0.5286220908164978,0.5007175803184509,0.516853928565979
Race: White,577,0.40570172667503357,0.3756410479545593,0.39364033937454224,0.3596249222755432,0.3720930218696594
Race: Other,577,0.7632850408554077,0.6524724960327148,0.6340579390525818,0.6038647890090942,0.6097560524940491
Overall,578,0.5362499952316284,0.5049974918365479,0.5041666626930237,0.48047173023223877,0.5
Gender: Male,578,0.6581817865371704,0.6671052575111389,0.6539393663406372,0.6550860404968262,0.6724137663841248
Gender: Female,578,0.41066670417785645,0.24014335870742798,0.30666667222976685,0.23273657262325287,0.25
Age: 50-65,578,0.5362499952316284,0.5049974918365479,0.5041666626930237,0.48047173023223877,0.5
Race: White,578,0.3928571343421936,0.3549107313156128,0.3549107313156128,0.3396226465702057,0.3396226465702057
Race: Black,578,0.0,0.46666666865348816,0.5,0.48275861144065857,0.9333333969116211
Race: Other,578,0.6470588445663452,0.625,0.5995475053787231,0.5542857050895691,0.5666667222976685
Overall,579,0.5406162738800049,0.5420329570770264,0.5357142686843872,0.5049095153808594,0.5161290168762207
Gender: Male,579,0.7069597244262695,0.656862735748291,0.6465201377868652,0.6466165781021118,0.6595744490623474
Gender: Female,579,0.5083333253860474,0.4298701286315918,0.4437499940395355,0.36202773451805115,0.3695652186870575
Age: 50-65,579,0.5406162738800049,0.5420329570770264,0.5357142686843872,0.5049095153808594,0.5161290168762207
Race: White,579,0.45673078298568726,0.4419703185558319,0.4483173191547394,0.4226244390010834,0.43103447556495667
Race: Other,579,0.6698564291000366,0.682539701461792,0.6650717854499817,0.5982142686843872,0.6000000238418579
Overall,580,0.5041685104370117,0.5577066540718079,0.5340061187744141,0.4604215621948242,0.5
Gender: Male,580,0.5548387169837952,0.6914634108543396,0.6266129016876221,0.6222222447395325,0.686274528503418
Gender: Female,580,0.5707070827484131,0.4041353464126587,0.43560606241226196,0.2800000011920929,0.2888889014720917
Age: 50-65,580,0.5041685104370117,0.5577066540718079,0.5340061187744141,0.4604215621948242,0.5
Race: White,580,0.497863233089447,0.4779411554336548,0.48557692766189575,0.3905882239341736,0.4126984477043152
Race: Other,580,0.5054944753646851,0.6954545378684998,0.6181318759918213,0.5833333134651184,0.6296296119689941
Overall,581,0.45495498180389404,0.5166666507720947,0.5122622847557068,0.4443613886833191,0.4615384638309479
Gender: Male,581,0.5789473652839661,0.6861472129821777,0.6616541147232056,0.6126374006271362,0.6170212626457214
Gender: Female,581,0.4038461446762085,0.2335907220840454,0.35256412625312805,0.24848484992980957,0.29545456171035767
Age: 50-65,581,0.45495498180389404,0.5166666507720947,0.5122622847557068,0.4443613886833191,0.4615384638309479
Race: White,581,0.2770833373069763,0.31351983547210693,0.3333333432674408,0.2795443832874298,0.28260868787765503
Race: Other,581,0.6576087474822998,0.7580645084381104,0.6739130616188049,0.5984899997711182,0.6153846383094788
Overall,582,0.41197341680526733,0.5021644830703735,0.5019955635070801,0.4755244851112366,0.4791666865348816
Gender: Male,582,0.5600000023841858,0.6290761232376099,0.6266666650772095,0.6176762580871582,0.6181818246841431
Gender: Female,582,0.2775000035762787,0.29516130685806274,0.3412500023841858,0.27720364928245544,0.2926829159259796
Age: 50-65,582,0.41197341680526733,0.5021644830703735,0.5019955635070801,0.4755244851112366,0.4791666865348816
Race: White,582,0.2857142686843872,0.3899018168449402,0.3819549083709717,0.3668965697288513,0.37037038803100586
Race: Other,582,0.6277777552604675,0.6178570985794067,0.5916666388511658,0.5594202876091003,0.5789473652839661
Overall,583,0.6036585569381714,0.5826470851898193,0.5659005641937256,0.5235314965248108,0.5376344323158264
Gender: Male,583,0.614545464515686,0.6813910007476807,0.6754544973373413,0.6755636930465698,0.6808510422706604
Gender: Female,583,0.7708333730697632,0.5083333253860474,0.5041666626930237,0.3611111044883728,0.3913043439388275
Age: 50-65,583,0.6036585569381714,0.5826470851898193,0.5659005641937256,0.5235314965248108,0.5376344323158264
Race: White,583,0.5746714472770691,0.5152778029441833,0.5131421685218811,0.48766374588012695,0.5
Race: Other,583,0.6904761791229248,0.7083333134651184,0.6666666865348816,0.5441176891326904,0.5483870506286621
Overall,584,0.5368181467056274,0.5833333730697632,0.5518181920051575,0.4931372404098511,0.5319148898124695
Gender: Male,584,0.7857142686843872,0.809808611869812,0.7202380895614624,0.7215908765792847,0.7551020383834839
Gender: Female,584,0.3642241358757019,0.2875939905643463,0.3782327473163605,0.25925925374031067,0.2888889014720917
Age: 50-65,584,0.5368181467056274,0.5833333730697632,0.5518181920051575,0.4931372404098511,0.5319148898124695
Race: White,584,0.4319775104522705,0.4523809552192688,0.4663394093513489,0.4010733664035797,0.42592594027519226
Race: Other,584,0.6975308656692505,0.800000011920929,0.6666666865348816,0.625,0.6666666865348816
Overall,585,0.49418604373931885,0.5871795415878296,0.5760286450386047,0.5494580268859863,0.557894766330719
Gender: Male,585,0.708695650100708,0.7805059552192688,0.7731884121894836,0.7543672323226929,0.7547169923782349
Gender: Female,585,0.3272727131843567,0.2373737394809723,0.3227272927761078,0.25867316126823425,0.3095238208770752
Age: 50-65,585,0.49418604373931885,0.5871795415878296,0.5760286450386047,0.5494580268859863,0.557894766330719
Race: White,585,0.2943722903728485,0.39398497343063354,0.3982684016227722,0.36950549483299255,0.37037038803100586
Race: Other,585,0.7306501865386963,0.8400000333786011,0.7894736528396606,0.7714285850524902,0.7777777910232544
Overall,586,0.5728980302810669,0.5965222120285034,0.585644006729126,0.5614233016967773,0.5684210658073425
Gender: Male,586,0.6832432746887207,0.6702702641487122,0.6702702641487122,0.6451612710952759,0.6451612710952759
Gender: Female,586,0.35555556416511536,0.3240740895271301,0.39444443583488464,0.3365079462528229,0.42424243688583374
Age: 50-65,586,0.5728980302810669,0.5965222120285034,0.585644006729126,0.5614233016967773,0.5684210658073425
Race: White,586,0.5158730149269104,0.4657738208770752,0.46349209547042847,0.43214285373687744,0.43396228551864624
Race: Other,586,0.6736111044883728,0.7333333492279053,0.6944444179534912,0.6886447072029114,0.7058823704719543
Overall,587,0.6721311807632446,0.6583071947097778,0.6460945010185242,0.5777778029441833,0.5789473652839661
Gender: Male,587,0.7552631497383118,0.7678787708282471,0.7907894849777222,0.7394429445266724,0.7413793206214905
Gender: Female,587,0.6055901050567627,0.2916666865348816,0.4145962595939636,0.2710795998573303,0.3243243396282196
Age: 50-65,587,0.6721311807632446,0.6583071947097778,0.6460945010185242,0.5777778029441833,0.5789473652839661
Race: White,587,0.5806451439857483,0.572549045085907,0.5663082599639893,0.5083612203598022,0.5102040767669678
Race: Other,587,0.8137755393981934,0.75,0.75,0.6666666865348816,0.6666666865348816
Overall,588,0.5581818222999573,0.5568910241127014,0.5322727560997009,0.4859375059604645,0.5531914830207825
Gender: Male,588,0.7777777910232544,0.8128654956817627,0.7049808502197266,0.7142067551612854,0.7659574151039124
Gender: Female,588,0.4780219793319702,0.2589285671710968,0.37637364864349365,0.2762046754360199,0.3404255211353302
Age: 50-65,588,0.5581818222999573,0.5568910241127014,0.5322727560997009,0.4859375059604645,0.5531914830207825
Race: White,588,0.47448277473449707,0.4000000059604645,0.43931034207344055,0.38708415627479553,0.46296295523643494
Race: Other,588,0.7785466909408569,0.8035714626312256,0.6764705777168274,0.6386473178863525,0.6764705777168274
Overall,589,0.5185528993606567,0.682539701461792,0.628014862537384,0.5876847505569458,0.6129032373428345
Gender: Male,589,0.8414285182952881,0.9375,0.875,0.8952381014823914,0.9090908765792847
Gender: Female,589,0.29885056614875793,0.2447916716337204,0.31226053833961487,0.1790940761566162,0.18421052396297455
Age: 50-65,589,0.5185528993606567,0.682539701461792,0.628014862537384,0.5876847505569458,0.6129032373428345
Race: White,589,0.3908730149269104,0.49444445967674255,0.4960317611694336,0.4171539843082428,0.43478262424468994
Race: Black,589,0.0,0.30000001192092896,0.5,0.375,0.6000000238418579
Race: Other,589,0.820588231086731,0.884615421295166,0.8235294222831726,0.8276396989822388,0.8378378748893738
Overall,590,0.6115942001342773,0.6351501941680908,0.6173912882804871,0.6031153202056885,0.6153846383094788
Gender: Male,590,0.7185184955596924,0.7549999952316284,0.7518518567085266,0.7524813413619995,0.7543859481811523
Gender: Female,590,0.5578947067260742,0.32499998807907104,0.4263157844543457,0.31014493107795715,0.38235294818878174
Age: 50-65,590,0.6115942001342773,0.6351501941680908,0.6173912882804871,0.6031153202056885,0.6153846383094788
Race: White,590,0.5322338938713074,0.5226891040802002,0.5202398896217346,0.49325335025787354,0.5
Race: Other,590,0.7598683834075928,0.7862318754196167,0.7598683834075928,0.761904776096344,0.7714285850524902
Overall,591,0.5629528760910034,0.563095211982727,0.5480072498321533,0.5220339298248291,0.5531914830207825
Gender: Male,591,0.7306547164916992,0.7706767320632935,0.7142857313156128,0.7097288370132446,0.7307692766189575
Gender: Female,591,0.456818163394928,0.2874999940395355,0.3454545736312866,0.29326921701431274,0.3333333432674408
Age: 50-65,591,0.5629528760910034,0.563095211982727,0.5480072498321533,0.5220339298248291,0.5531914830207825
Race: White,591,0.4623243808746338,0.48750001192092896,0.4897828698158264,0.4613598585128784,0.4821428656578064
Race: Other,591,0.7279411554336548,0.6549999713897705,0.6139705777168274,0.5814633965492249,0.6060606241226196
Overall,592,0.520370364189148,0.5483870506286621,0.543055534362793,0.5269135236740112,0.5376344323158264
Gender: Male,592,0.6547619104385376,0.6818181872367859,0.6746032238006592,0.6699999570846558,0.6727272272109985
Gender: Female,592,0.43888890743255615,0.3007662892341614,0.35555556416511536,0.3030080795288086,0.34210526943206787
Age: 50-65,592,0.520370364189148,0.5483870506286621,0.543055534362793,0.5269135236740112,0.5376344323158264
Race: White,592,0.4404761791229248,0.4316770136356354,0.4345238208770752,0.4267745018005371,0.43103447556495667
Race: Other,592,0.710084080696106,0.804347813129425,0.7352941036224365,0.6983783841133118,0.7096773982048035
Overall,593,0.6402320861816406,0.6164547204971313,0.570841372013092,0.5180084705352783,0.5604395866394043
Gender: Male,593,0.7545454502105713,0.7081447839736938,0.6672727465629578,0.6585956811904907,0.6808510422706604
Gender: Female,593,0.6631578803062439,0.4625000059604645,0.4873684048652649,0.35710111260414124,0.4318181872367859
Age: 50-65,593,0.6402320861816406,0.6164547204971313,0.570841372013092,0.5180084705352783,0.5604395866394043
Race: White,593,0.6290322542190552,0.5658915042877197,0.545698881149292,0.4845539629459381,0.5090909004211426
Race: Other,593,0.699999988079071,0.6692308187484741,0.5916666984558105,0.5319396257400513,0.5806451439857483
Overall,594,0.6955127716064453,0.7095080614089966,0.6735348105430603,0.6397631168365479,0.6489361524581909
Gender: Male,594,0.8017857074737549,0.7873737812042236,0.7540178298950195,0.7518518567085266,0.7611939907073975
Gender: Female,594,0.5714285373687744,0.5363636612892151,0.5285714268684387,0.3668965697288513,0.37037038803100586
Age: 50-65,594,0.6955127716064453,0.7095080614089966,0.6735348105430603,0.6397631168365479,0.6489361524581909
Race: White,594,0.6654040813446045,0.6138888597488403,0.6035353541374207,0.5495818257331848,0.5517241358757019
Race: Other,594,0.7836538553237915,0.824999988079071,0.78125,0.7539393901824951,0.7586206793785095
Overall,595,0.5217592716217041,0.5326157808303833,0.5231481790542603,0.5025171041488647,0.563829779624939
Gender: Male,595,0.6358024477958679,0.6628289222717285,0.6527777910232544,0.6565977931022644,0.7037037014961243
Gender: Female,595,0.5808080434799194,0.30000001192092896,0.41161617636680603,0.30118799209594727,0.375
Age: 50-65,595,0.5217592716217041,0.5326157808303833,0.5231481790542603,0.5025171041488647,0.563829779624939
Race: White,595,0.28296297788619995,0.25641027092933655,0.31703704595565796,0.26875001192092896,0.3076923191547394
Race: Black,595,0.0,0.44999998807907104,0.5,0.4736842215061188,0.9000000357627869
Race: Other,595,0.8875000476837158,0.9166666269302368,0.8333333730697632,0.8545454740524292,0.875
Overall,596,0.6515151262283325,0.6142936944961548,0.6073668003082275,0.5485783815383911,0.5494505763053894
Gender: Male,596,0.8111110925674438,0.7380952835083008,0.7916666865348816,0.7254902124404907,0.738095223903656
Gender: Female,596,0.617347002029419,0.3826219439506531,0.4345238208770752,0.34139785170555115,0.3877550959587097
Age: 50-65,596,0.6515151262283325,0.6142936944961548,0.6073668003082275,0.5485783815383911,0.5494505763053894
Race: White,596,0.5881578922271729,0.5166666507720947,0.5171052813529968,0.45747125148773193,0.4576271176338196
Race: Other,596,0.8382352590560913,0.800000011920929,0.7647058963775635,0.7211538553237915,0.7241379022598267
Overall,597,0.5132978558540344,0.4833877980709076,0.4864804744720459,0.4602898359298706,0.4842105507850647
Gender: Male,597,0.6678261756896973,0.65625,0.6391304731369019,0.6329284906387329,0.6458333730697632
Gender: Female,597,0.4163636267185211,0.27146464586257935,0.335454523563385,0.27969348430633545,0.3191489279270172
Age: 50-65,597,0.5132978558540344,0.4833877980709076,0.4864804744720459,0.4602898359298706,0.4842105507850647
Race: White,597,0.41449272632598877,0.3861607313156128,0.38913044333457947,0.3764705955982208,0.37735849618911743
Race: Other,597,0.6433823108673096,0.6111111640930176,0.5661764740943909,0.5227272510528564,0.575757622718811
Overall,598,0.5026595592498779,0.40857142210006714,0.42907804250717163,0.3961864411830902,0.43157896399497986
Gender: Male,598,0.6437499523162842,0.5333333015441895,0.5291666388511658,0.5206971764564514,0.5454545617103577
Gender: Female,598,0.5046296119689941,0.27840909361839294,0.34953704476356506,0.28700658679008484,0.3333333432674408
Age: 50-65,598,0.5026595592498779,0.40857142210006714,0.42907804250717163,0.3961864411830902,0.43157896399497986
Race: White,598,0.3629032373428345,0.24624624848365784,0.272849440574646,0.24556708335876465,0.2545454502105713
Race: Other,598,0.6590909361839294,0.7019704580307007,0.6331169009208679,0.6302521228790283,0.694444477558136
Overall,599,0.5960783958435059,0.5828947424888611,0.5549019575119019,0.5231980681419373,0.5729166865348816
Gender: Male,599,0.6468590497970581,0.7321428656578064,0.6986417770385742,0.7060153484344482,0.7400000095367432
Gender: Female,599,0.6192307472229004,0.36666667461395264,0.4384615421295166,0.3291666805744171,0.3913043439388275
Age: 50-65,599,0.5960783958435059,0.5828947424888611,0.5549019575119019,0.5231980681419373,0.5729166865348816
Race: White,599,0.5602563619613647,0.5017889142036438,0.5012820363044739,0.45264577865600586,0.4821428656578064
Race: Black,599,0.0,0.40909090638160706,0.5,0.44999998807907104,0.8181818723678589
Race: Other,599,0.6826923489570618,0.6753246784210205,0.629807710647583,0.6184210777282715,0.6551724076271057
Overall,600,0.5164545774459839,0.5328947305679321,0.5219394564628601,0.4920635223388672,0.5520833730697632
Gender: Male,600,0.6443182229995728,0.6648352146148682,0.6193181872367859,0.6218298673629761,0.6935483813285828
Gender: Female,600,0.38827836513519287,0.29100531339645386,0.3553113639354706,0.27142858505249023,0.29411765933036804
Age: 50-65,600,0.5164545774459839,0.5328947305679321,0.5219394564628601,0.4920635223388672,0.5520833730697632
Race: White,600,0.41304343938827515,0.3149350881576538,0.3760869801044464,0.30393996834754944,0.3396226465702057
Race: Black,600,0.0,1.0,1.0,1.0,1.0
Race: Other,600,0.7206478118896484,0.7584540843963623,0.7165992259979248,0.7229437232017517,0.75
Overall,601,0.5471428632736206,0.5181086659431458,0.5128571391105652,0.46104949712753296,0.489130437374115
Gender: Male,601,0.687747061252594,0.6333333253860474,0.6185770630836487,0.6098929047584534,0.6222222447395325
Gender: Female,601,0.5112781524658203,0.34959352016448975,0.4304511547088623,0.30882352590560913,0.3617021143436432
Age: 50-65,601,0.5471428632736206,0.5181086659431458,0.5128571391105652,0.46104949712753296,0.489130437374115
Race: White,601,0.42548078298568726,0.41287878155708313,0.4170673191547394,0.3330039381980896,0.3333333432674408
Race: Other,601,0.6141176223754883,0.5959596037864685,0.567058801651001,0.5543766617774963,0.6190476417541504
Overall,602,0.49658870697021484,0.5539215803146362,0.5428850054740906,0.4881470799446106,0.5
Gender: Male,602,0.7835497856140137,0.8387097120285034,0.7727272510528564,0.7567873001098633,0.7674418687820435
Gender: Female,602,0.4319852888584137,0.28828829526901245,0.3272058963775635,0.25757575035095215,0.26530611515045166
Age: 50-65,602,0.49658870697021484,0.5539215803146362,0.5428850054740906,0.4881470799446106,0.5
Race: White,602,0.43434345722198486,0.45277780294418335,0.4570707082748413,0.4109916090965271,0.41379308700561523
Race: Other,602,0.7611111402511597,0.7857142686843872,0.699999988079071,0.649350643157959,0.6666666865348816
Overall,603,0.6493710279464722,0.6127049326896667,0.6008909940719604,0.5582283139228821,0.5617977380752563
Gender: Male,603,0.7861111164093018,0.6941176652908325,0.6833333373069763,0.6648275852203369,0.6666666865348816
Gender: Female,603,0.6340579986572266,0.4791666865348816,0.4836956560611725,0.3920595645904541,0.4000000059604645
Age: 50-65,603,0.6493710279464722,0.6127049326896667,0.6008909940719604,0.5582283139228821,0.5617977380752563
Race: White,603,0.523809552192688,0.45989304780960083,0.4571428894996643,0.3990384638309479,0.3999999761581421
Race: Other,603,0.7746913433074951,0.7945454716682434,0.75,0.7401764392852783,0.75
Overall,604,0.5593137741088867,0.528679609298706,0.5259803533554077,0.46590909361839294,0.46808508038520813
Gender: Male,604,0.783746600151062,0.6964285969734192,0.689393937587738,0.654088020324707,0.6545454263687134
Gender: Female,604,0.40432101488113403,0.22177419066429138,0.28703704476356506,0.19667774438858032,0.20512820780277252
Age: 50-65,604,0.5593137741088867,0.528679609298706,0.5259803533554077,0.46590909361839294,0.46808508038520813
Race: White,604,0.3691056966781616,0.3840682804584503,0.36747968196868896,0.31794872879981995,0.3214285969734192
Race: Other,604,0.8185185194015503,0.7361111044883728,0.6888889074325562,0.6552706956863403,0.6666666865348816
Overall,605,0.5282738208770752,0.6572580337524414,0.6354166269302368,0.6128542423248291,0.6222222447395325
Gender: Male,605,0.6333333253860474,0.7198275923728943,0.720370352268219,0.7192118167877197,0.719298243522644
Gender: Female,605,0.39629632234573364,0.22727273404598236,0.5,0.3125,0.4545454680919647
Age: 50-65,605,0.5282738208770752,0.6572580337524414,0.6354166269302368,0.6128542423248291,0.6222222447395325
Race: White,605,0.37460315227508545,0.5,0.5,0.46731141209602356,0.4705882668495178
Race: Other,605,0.7163742780685425,0.865384578704834,0.8055555820465088,0.8015325665473938,0.8108108043670654
Overall,606,0.43594080209732056,0.46349209547042847,0.46596193313598633,0.44528302550315857,0.44897958636283875
Gender: Male,606,0.5493420958518982,0.5370370149612427,0.5394736528396606,0.524844765663147,0.529411792755127
Gender: Female,606,0.2862318754196167,0.29924243688583374,0.35597825050354004,0.30882352590560913,0.3617021143436432
Age: 50-65,606,0.43594080209732056,0.46349209547042847,0.46596193313598633,0.44528302550315857,0.44897958636283875
Race: White,606,0.239130437374115,0.3103896379470825,0.3132992386817932,0.2980295419692993,0.2982456088066101
Race: Other,606,0.7335526347160339,0.6800699234008789,0.6694079041481018,0.6546052694320679,0.6571428775787354
Overall,607,0.5347092151641846,0.582608699798584,0.562382698059082,0.5473873019218445,0.5913978219032288
Gender: Male,607,0.817460298538208,0.8129085302352905,0.8039682507514954,0.8080483078956604,0.8301886916160583
Gender: Female,607,0.5703325271606445,0.1617647111415863,0.3235294222831726,0.21568627655506134,0.2750000059604645
Age: 50-65,607,0.5347092151641846,0.582608699798584,0.562382698059082,0.5473873019218445,0.5913978219032288
Race: White,607,0.4413580298423767,0.45588237047195435,0.4606481194496155,0.4494202136993408,0.4705882668495178
Race: Black,607,0.0,0.3636363744735718,0.5,0.42105263471603394,0.7272727489471436
Race: Other,607,0.7941176891326904,0.8400000333786011,0.7142857313156128,0.7047619223594666,0.7419354915618896
Overall,608,0.6956115961074829,0.635869562625885,0.605042040348053,0.5643243193626404,0.5806451439857483
Gender: Male,608,0.7322485446929932,0.696969747543335,0.692307710647583,0.6904761791229248,0.692307710647583
Gender: Female,608,0.7825000286102295,0.7051281929016113,0.5400000214576721,0.36498314142227173,0.4390243887901306
Age: 50-65,608,0.6956115961074829,0.635869562625885,0.605042040348053,0.5643243193626404,0.5806451439857483
Race: White,608,0.6274193525314331,0.5241312980651855,0.5201612710952759,0.46315789222717285,0.4705882668495178
Race: Other,608,0.7535713911056519,0.7208333015441895,0.6892856955528259,0.6421052813529968,0.6470588445663452
Overall,609,0.48646432161331177,0.4120370149612427,0.42986056208610535,0.39173728227615356,0.4141414165496826
Gender: Male,609,0.5700000524520874,0.5854700803756714,0.5666666626930237,0.5440850853919983,0.5714285373687744
Gender: Female,609,0.41050904989242554,0.2460317611694336,0.2898193895816803,0.2452060431241989,0.25999999046325684
Age: 50-65,609,0.48646432161331177,0.4120370149612427,0.42986056208610535,0.39173728227615356,0.4141414165496826
Race: White,609,0.41297298669815063,0.35476189851760864,0.3681080937385559,0.33438074588775635,0.33870965242385864
Race: Other,609,0.5535714626312256,0.49761903285980225,0.4985119104385376,0.4637681245803833,0.5405405759811401
Overall,610,0.49777182936668396,0.5458152890205383,0.5282976627349854,0.46520543098449707,0.5052632093429565
Gender: Male,610,0.5538194179534912,0.6666666269302368,0.625,0.6000000238418579,0.625
Gender: Female,610,0.5222221612930298,0.36178863048553467,0.43703705072402954,0.3229011297225952,0.3829787075519562
Age: 50-65,610,0.49777182936668396,0.5458152890205383,0.5282976627349854,0.46520543098449707,0.5052632093429565
Race: White,610,0.39032256603240967,0.375,0.40564513206481934,0.3366180658340454,0.3529411852359772
Race: Other,610,0.6470588445663452,0.774193525314331,0.6499999761581421,0.5849359035491943,0.6216216087341309
Overall,611,0.6306390762329102,0.5335497856140137,0.5291353464126587,0.48351651430130005,0.4893616735935211
Gender: Male,611,0.6776859760284424,0.6330645084381104,0.6363636255264282,0.6176762580871582,0.6181818246841431
Gender: Female,611,0.657608687877655,0.17142857611179352,0.375,0.23529411852359772,0.3076923191547394
Age: 50-65,611,0.6306390762329102,0.5335497856140137,0.5291353464126587,0.48351651430130005,0.4893616735935211
Race: White,611,0.5577639937400818,0.40602582693099976,0.41863352060317993,0.3725961446762085,0.37931033968925476
Race: Other,611,0.7472527027130127,0.7154150009155273,0.6996337175369263,0.6458333730697632,0.6470588445663452
Overall,612,0.6568888425827026,0.6533188819885254,0.5944444537162781,0.5606799125671387,0.6105263233184814
Gender: Male,612,0.7567567825317383,0.7882059812545776,0.7344594597816467,0.7485294342041016,0.7894737124443054
Gender: Female,612,0.6769230365753174,0.4117647111415863,0.4630769193172455,0.3030080795288086,0.34210526943206787
Age: 50-65,612,0.6568888425827026,0.6533188819885254,0.5944444537162781,0.5606799125671387,0.6105263233184814
Race: White,612,0.6261904239654541,0.5294871926307678,0.5273809432983398,0.46395665407180786,0.4651162624359131
Race: Other,612,0.6091954112052917,0.7589743733406067,0.6160919666290283,0.6117647290229797,0.7272727489471436
Overall,613,0.6363636255264282,0.6348484754562378,0.6123737096786499,0.5539215803146362,0.5604395866394043
Gender: Male,613,0.746320366859436,0.7140151262283325,0.695671021938324,0.6856702566146851,0.6911764740943909
Gender: Female,613,0.6666666269302368,0.5681818127632141,0.5249999761581421,0.16761904954910278,0.17391304671764374
Age: 50-65,613,0.6363636255264282,0.6348484754562378,0.6123737096786499,0.5539215803146362,0.5604395866394043
Race: White,613,0.5393939018249512,0.5622710585594177,0.5515151619911194,0.4839524030685425,0.49056604504585266
Race: Other,613,0.7272727489471436,0.7323232889175415,0.6960227489471436,0.6518675088882446,0.6578947305679321
Overall,614,0.5953065156936646,0.6337718963623047,0.5876436829566956,0.49201130867004395,0.5106382966041565
Gender: Male,614,0.6155202984809875,0.7916666269302368,0.7222222089767456,0.6761133670806885,0.6875
Gender: Female,614,0.647311806678772,0.4000000059604645,0.448387086391449,0.2992628812789917,0.32608696818351746
Age: 50-65,614,0.5953065156936646,0.6337718963623047,0.5876436829566956,0.49201130867004395,0.5106382966041565
Race: White,614,0.5592105388641357,0.49772727489471436,0.49835526943206787,0.36250001192092896,0.37037038803100586
Race: Other,614,0.7142857313156128,0.7692307829856873,0.699999988079071,0.6357142925262451,0.6470588445663452
Overall,615,0.6078431606292725,0.6594967842102051,0.5917366743087769,0.5217609405517578,0.5591397881507874
Gender: Male,615,0.727011501789093,0.7755813598632812,0.670258641242981,0.6535947918891907,0.698113203048706
Gender: Female,615,0.7264957427978516,0.4950980544090271,0.4971510171890259,0.3552546799182892,0.375
Age: 50-65,615,0.6078431606292725,0.6594967842102051,0.5917366743087769,0.5217609405517578,0.5591397881507874
Race: White,615,0.6019736528396606,0.591269850730896,0.5567433834075928,0.4494202136993408,0.4705882668495178
Race: Other,615,0.621052622795105,0.6878306865692139,0.6245614290237427,0.5641025900840759,0.5882353186607361
Overall,616,0.558584451675415,0.5270655155181885,0.5227164030075073,0.4881470799446106,0.5
Gender: Male,616,0.7200000286102295,0.6787658929824829,0.6713043451309204,0.6643356680870056,0.6666666865348816
Gender: Female,616,0.48076921701431274,0.2916666865348816,0.3717948794364929,0.2810457646846771,0.3181818127632141
Age: 50-65,616,0.558584451675415,0.5270655155181885,0.5227164030075073,0.4881470799446106,0.5
Race: White,616,0.38461536169052124,0.42336955666542053,0.4246795177459717,0.39667338132858276,0.3968254327774048
Race: Other,616,0.8571428060531616,0.8333333730697632,0.6818181872367859,0.6666666865348816,0.7199999690055847
Overall,617,0.53125,0.5289855003356934,0.5221153497695923,0.4710703492164612,0.489130437374115
Gender: Male,617,0.5548654794692993,0.6203473806381226,0.6004140973091125,0.5769230723381042,0.5909091234207153
Gender: Female,617,0.5553538799285889,0.43421053886413574,0.4546279311180115,0.37381917238235474,0.3958333432674408
Age: 50-65,617,0.53125,0.5289855003356934,0.5221153497695923,0.4710703492164612,0.489130437374115
Race: White,617,0.4285714030265808,0.4209558963775635,0.43322983384132385,0.3638099730014801,0.3692307770252228
Race: Other,617,0.7833333015441895,0.7604166269302368,0.7083333730697632,0.7053571343421936,0.7272727489471436
Overall,618,0.5173319578170776,0.5583333373069763,0.5551470518112183,0.510143518447876,0.5111111402511597
Gender: Male,618,0.6142473220825195,0.6220159530639648,0.6236559152603149,0.6176762580871582,0.6181818246841431
Gender: Female,618,0.6360000371932983,0.5201612710952759,0.5099999904632568,0.3229604661464691,0.34285715222358704
Age: 50-65,618,0.5173319578170776,0.5583333373069763,0.5551470518112183,0.510143518447876,0.5111111402511597
Race: White,618,0.3181818127632141,0.3306451439857483,0.31439393758773804,0.2652152478694916,0.2666666805744171
Race: Other,618,0.7559523582458496,0.7708333730697632,0.7708333730697632,0.7567567825317383,0.7567567825317383
Overall,619,0.4842105209827423,0.5700344443321228,0.558373212814331,0.5079365372657776,0.5161290168762207
Gender: Male,619,0.6948717832565308,0.7165775299072266,0.7076923251152039,0.7083333730697632,0.7142857313156128
Gender: Female,619,0.4051724076271057,0.34090909361839294,0.4094827473163605,0.20694752037525177,0.21621622145175934
Age: 50-65,619,0.4842105209827423,0.5700344443321228,0.558373212814331,0.5079365372657776,0.5161290168762207
Race: White,619,0.3187969923019409,0.4000000059604645,0.4157894551753998,0.34624695777893066,0.35185185074806213
Race: Other,619,0.7568627595901489,0.8083333373069763,0.7901960611343384,0.7793103456497192,0.78125
Overall,620,0.5634920597076416,0.5535714626312256,0.5461309552192688,0.5217611193656921,0.5333333611488342
Gender: Male,620,0.6238094568252563,0.617117166519165,0.6083333492279053,0.5975867509841919,0.6034482717514038
Gender: Female,620,0.6428571939468384,0.41428571939468384,0.4404762089252472,0.37641027569770813,0.40625
Age: 50-65,620,0.5634920597076416,0.5535714626312256,0.5461309552192688,0.5217611193656921,0.5333333611488342
Race: White,620,0.42105263471603394,0.34354838728904724,0.38397127389907837,0.33375000953674316,0.3658536374568939
Race: Other,620,0.6720647811889648,0.6666666865348816,0.6639676094055176,0.6442687511444092,0.644444465637207
Overall,621,0.5774774551391602,0.5747596025466919,0.5700450539588928,0.5245097875595093,0.5257731676101685
Gender: Male,621,0.6619048118591309,0.6994505524635315,0.7160714268684387,0.6699134111404419,0.6721311211585999
Gender: Female,621,0.515625,0.1666666716337204,0.3125,0.21739129722118378,0.2777777910232544
Age: 50-65,621,0.5774774551391602,0.5747596025466919,0.5700450539588928,0.5245097875595093,0.5257731676101685
Race: White,621,0.5311850309371948,0.5027716159820557,0.502598762512207,0.47407031059265137,0.4761905074119568
Race: Other,621,0.7857142686843872,0.6842105388641357,0.7272727489471436,0.5817307829856873,0.5862069129943848
Overall,622,0.47160494327545166,0.45454543828964233,0.4592592716217041,0.44999998807907104,0.4747474789619446
Gender: Male,622,0.586789608001709,0.6369748115539551,0.6251919865608215,0.6267942786216736,0.6538462042808533
Gender: Female,622,0.39311593770980835,0.25504031777381897,0.27989131212234497,0.260185182094574,0.27659574151039124
Age: 50-65,622,0.47160494327545166,0.45454543828964233,0.4592592716217041,0.44999998807907104,0.4747474789619446
Race: White,622,0.3725806474685669,0.37541529536247253,0.3790322542190552,0.3765570819377899,0.39436620473861694
Race: Other,622,0.7362637519836426,0.7954545021057129,0.6785714626312256,0.6345864534378052,0.6666666865348816
Overall,623,0.5504162311553955,0.5780303478240967,0.5714616179466248,0.5613207817077637,0.5698924660682678
Gender: Male,623,0.7508361339569092,0.7132107019424438,0.7132107019424438,0.7132107019424438,0.714285671710968
Gender: Female,623,0.4583333432674408,0.4058823585510254,0.4333333373069763,0.37690630555152893,0.40909093618392944
Age: 50-65,623,0.5504162311553955,0.5780303478240967,0.5714616179466248,0.5613207817077637,0.5698924660682678
Race: White,623,0.43057501316070557,0.46565935015678406,0.46493688225746155,0.4613003134727478,0.46296295523643494
Race: Black,623,0.0,0.4166666567325592,0.5,0.4545454680919647,0.8333333730697632
Race: Other,623,0.7417582273483276,0.7285714149475098,0.6758241653442383,0.649350643157959,0.6666666865348816
Overall,624,0.6027462482452393,0.6602465510368347,0.6477272510528564,0.6361020803451538,0.6413043737411499
Gender: Male,624,0.8254545331001282,0.8505434989929199,0.8518182039260864,0.8507936596870422,0.8510637879371643
Gender: Female,624,0.48814231157302856,0.3888888955116272,0.42885375022888184,0.36961206793785095,0.42222222685813904
Age: 50-65,624,0.6027462482452393,0.6602465510368347,0.6477272510528564,0.6361020803451538,0.6413043737411499
Race: White,624,0.44599997997283936,0.5,0.5,0.4878773093223572,0.4888888895511627
Race: Other,624,0.7755681872367859,0.7927536368370056,0.7869318127632141,0.7629938125610352,0.7631579041481018
Overall,625,0.5833333134651184,0.5580645203590393,0.5511363744735718,0.5326560139656067,0.54347825050354
Gender: Male,625,0.7542088031768799,0.7543103694915771,0.7483165264129639,0.75,0.7551020383834839
Gender: Female,625,0.529411792755127,0.3015151619911194,0.3518099784851074,0.28333333134651184,0.302325576543808
Age: 50-65,625,0.5833333134651184,0.5580645203590393,0.5511363744735718,0.5326560139656067,0.54347825050354
Race: White,625,0.45679011940956116,0.42500001192092896,0.43265992403030396,0.4086172878742218,0.4166666865348816
Race: Other,625,0.8724489212036133,0.8111110925674438,0.7857142686843872,0.78125,0.785714328289032
Overall,626,0.5700089931488037,0.6066666841506958,0.5722674131393433,0.5533104538917542,0.6105263233184814
Gender: Male,626,0.8342245817184448,0.8500000238418579,0.7495543956756592,0.7716895341873169,0.8199999928474426
Gender: Female,626,0.454365074634552,0.3500000238418579,0.3958333432674408,0.3382352888584137,0.3777777850627899
Age: 50-65,626,0.5700089931488037,0.6066666841506958,0.5722674131393433,0.5533104538917542,0.6105263233184814
Race: White,626,0.4682539701461792,0.5166666507720947,0.5132275223731995,0.4845539629459381,0.5090909004211426
Race: Other,626,0.7666666507720947,0.7518518567085266,0.6416666507720947,0.6395494341850281,0.71875
Overall,627,0.6380789279937744,0.6353234052658081,0.6166380643844604,0.5893845558166504,0.5979381203651428
Gender: Male,627,0.7940740585327148,0.8373205661773682,0.8133333325386047,0.8050974607467651,0.8076923489570618
Gender: Female,627,0.568825900554657,0.3582887649536133,0.3927125334739685,0.33452320098876953,0.35555556416511536
Age: 50-65,627,0.6380789279937744,0.6353234052658081,0.6166380643844604,0.5893845558166504,0.5979381203651428
Race: White,627,0.4700854420661926,0.5017626285552979,0.5018315315246582,0.4660733938217163,0.46666669845581055
Race: Black,627,0.0,0.44999998807907104,0.5,0.4736842215061188,0.9000000357627869
Race: Other,627,0.923076868057251,0.8500000238418579,0.7692307829856873,0.7617647051811218,0.7777777910232544
Overall,628,0.6351908445358276,0.5965085625648499,0.5755933523178101,0.49674326181411743,0.5054945349693298
Gender: Male,628,0.7916666865348816,0.6902834177017212,0.6727941036224365,0.6352201700210571,0.6379310488700867
Gender: Female,628,0.6826087236404419,0.30000001192092896,0.4217391312122345,0.23846153914928436,0.27272728085517883
Age: 50-65,628,0.6351908445358276,0.5965085625648499,0.5755933523178101,0.49674326181411743,0.5054945349693298
Race: White,628,0.5327635407447815,0.5199335813522339,0.5170940160751343,0.4181874394416809,0.42105263471603394
Race: Other,628,0.8499999642372131,0.741847813129425,0.6854166984558105,0.6600877046585083,0.6774193048477173
Overall,629,0.398639440536499,0.4222222566604614,0.4222222566604614,0.3877550959587097,0.3877550959587097
Gender: Male,629,0.6692789793014526,0.6552795171737671,0.6567398309707642,0.6469230651855469,0.6470588445663452
Gender: Female,629,0.22850677371025085,0.12619048357009888,0.14479638636112213,0.10597826540470123,0.10638297349214554
Age: 50-65,629,0.398639440536499,0.4222222566604614,0.4222222566604614,0.3877550959587097,0.3877550959587097
Race: White,629,0.16470587253570557,0.23925668001174927,0.2065359503030777,0.19017764925956726,0.19354838132858276
Race: Other,629,0.7490196228027344,0.726190447807312,0.7235294580459595,0.7184751033782959,0.71875
Overall,630,0.593792200088501,0.6123943328857422,0.5897436141967773,0.5317073464393616,0.5416666865348816
Gender: Male,630,0.897777795791626,0.8134453892707825,0.7762962579727173,0.7636363506317139,0.7692307829856873
Gender: Female,630,0.4000000059604645,0.3125,0.37142857909202576,0.25894737243652344,0.27272728085517883
Age: 50-65,630,0.593792200088501,0.6123943328857422,0.5897436141967773,0.5317073464393616,0.5416666865348816
Race: White,630,0.5236842036247253,0.5215924382209778,0.5210525989532471,0.46535831689834595,0.4655172526836395
Race: Other,630,0.7380952835083008,0.7692307829856873,0.6666666865348816,0.6000000238418579,0.625
Overall,631,0.5130208730697632,0.49450549483299255,0.49687498807907104,0.36707615852355957,0.3913043439388275
Gender: Male,631,0.6041666269302368,0.631313145160675,0.5902777910232544,0.5258467197418213,0.5476190447807312
Gender: Female,631,0.5476190447807312,0.3222222328186035,0.420634925365448,0.23522116243839264,0.25999999046325684
Age: 50-65,631,0.5130208730697632,0.49450549483299255,0.49687498807907104,0.36707615852355957,0.3913043439388275
Race: White,631,0.3121951222419739,0.33522728085517883,0.3231707215309143,0.2153846174478531,0.21568627655506134
Race: Black,631,0.0,0.375,0.5,0.4285714328289032,0.75
Race: Other,631,0.7115384340286255,0.75,0.59375,0.4912280738353729,0.5517241358757019
Overall,632,0.4608333110809326,0.5208333730697632,0.5154166221618652,0.47895437479019165,0.5102040767669678
Gender: Male,632,0.5607196688652039,0.6666666865348816,0.6266866326332092,0.6176470518112183,0.6538462042808533
Gender: Female,632,0.42884987592697144,0.3532467484474182,0.3898635506629944,0.3274853825569153,0.3478260934352875
Age: 50-65,632,0.4608333110809326,0.5208333730697632,0.5154166221618652,0.47895437479019165,0.5102040767669678
Race: White,632,0.29876160621643066,0.3581081032752991,0.353715181350708,0.30886244773864746,0.30909091234207153
Race: Other,632,0.6363636255264282,0.6904761791229248,0.6212121248245239,0.6222222447395325,0.7058823704719543
Overall,633,0.5876190662384033,0.54347825050354,0.5328571200370789,0.5123465061187744,0.554347813129425
Gender: Male,633,0.7142857313156128,0.6698718070983887,0.6402116417884827,0.6212121248245239,0.6363636255264282
Gender: Female,633,0.4534161388874054,0.2666666805744171,0.3478260934352875,0.30188679695129395,0.4324324429035187
Age: 50-65,633,0.5876190662384033,0.54347825050354,0.5328571200370789,0.5123465061187744,0.554347813129425
Race: White,633,0.4418181777000427,0.4058823585510254,0.4127272963523865,0.39743590354919434,0.40425530076026917
Race: Other,633,0.8043478727340698,0.75,0.63451087474823,0.6201298832893372,0.692307710647583
Overall,634,0.6074987649917603,0.5833333730697632,0.552681565284729,0.49534380435943604,0.532608687877655
Gender: Male,634,0.6909937858581543,0.6723214387893677,0.649844765663147,0.6471306681632996,0.6666666865348816
Gender: Female,634,0.7846153974533081,0.4294871687889099,0.4858974516391754,0.29497355222702026,0.3658536374568939
Age: 50-65,634,0.6074987649917603,0.5833333730697632,0.552681565284729,0.49534380435943604,0.532608687877655
Race: White,634,0.47146737575531006,0.44999998807907104,0.4694293439388275,0.3837535083293915,0.41818180680274963
Race: Other,634,0.7764706015586853,0.7291666269302368,0.6725490093231201,0.6389743685722351,0.65625
Overall,635,0.5567150712013245,0.5540943145751953,0.5494555234909058,0.5077997446060181,0.5104166865348816
Gender: Male,635,0.7049689292907715,0.7366771101951599,0.7344720363616943,0.7253845930099487,0.7254902124404907
Gender: Female,635,0.46666666865348816,0.2916666865348816,0.3500000238418579,0.25339367985725403,0.2666666805744171
Age: 50-65,635,0.5567150712013245,0.5540943145751953,0.5494555234909058,0.5077997446060181,0.5104166865348816
Race: White,635,0.46086955070495605,0.4683229923248291,0.4683229923248291,0.4482758641242981,0.4482758641242981
Race: Other,635,0.747826099395752,0.699999988079071,0.6739130616188049,0.5437787771224976,0.5454545617103577
Overall,636,0.6282051205635071,0.5921856164932251,0.5774359107017517,0.5407636761665344,0.550561785697937
Gender: Male,636,0.7693761587142944,0.7281745672225952,0.7173912525177002,0.7140124440193176,0.717391312122345
Gender: Female,636,0.5972222089767456,0.4214285612106323,0.4490740895271301,0.3495798408985138,0.3720930218696594
Age: 50-65,636,0.6282051205635071,0.5921856164932251,0.5774359107017517,0.5407636761665344,0.550561785697937
Race: White,636,0.5407407283782959,0.48273026943206787,0.48055556416511536,0.427852988243103,0.4313725531101227
Race: Other,636,0.7773109674453735,0.6696428656578064,0.6197478771209717,0.6039488911628723,0.6451612710952759
Overall,637,0.5513636469841003,0.5146198868751526,0.5090909004211426,0.44705885648727417,0.4893616735935211
Gender: Male,637,0.6499999761581421,0.6818181872367859,0.6230769157409668,0.6017069816589355,0.6428571939468384
Gender: Female,637,0.5059523582458496,0.2239583432674408,0.3422619104385376,0.2289855033159256,0.2631579041481018
Age: 50-65,637,0.5513636469841003,0.5146198868751526,0.5090909004211426,0.44705885648727417,0.4893616735935211
Race: White,637,0.4019607901573181,0.3055555820465088,0.37745100259780884,0.280303031206131,0.30909091234207153
Race: Other,637,0.7528408765792847,0.7875000238418579,0.6960227489471436,0.6955127716064453,0.7368420958518982
Overall,638,0.46113765239715576,0.5083333253860474,0.5078158974647522,0.50127112865448,0.5104166865348816
Gender: Male,638,0.7456790208816528,0.6904761791229248,0.6777777671813965,0.6761363744735718,0.6842105388641357
Gender: Female,638,0.21052631735801697,0.24583333730697632,0.2592105269432068,0.24850499629974365,0.25641027092933655
Age: 50-65,638,0.46113765239715576,0.5083333253860474,0.5078158974647522,0.50127112865448,0.5104166865348816
Race: White,638,0.2759856581687927,0.3369697034358978,0.33930703997612,0.33774039149284363,0.3448275923728943
Race: Other,638,0.8663967847824097,0.8095238208770752,0.7894736528396606,0.7490196228027344,0.75
Overall,639,0.33173269033432007,0.36047038435935974,0.3765506446361542,0.3592393398284912,0.3799999952316284
Gender: Male,639,0.5057471394538879,0.5887097120285034,0.5842911601066589,0.5852941274642944,0.6170212626457214
Gender: Female,639,0.20821113884449005,0.15604574978351593,0.19134896993637085,0.16235631704330444,0.16981132328510284
Age: 50-65,639,0.33173269033432007,0.36047038435935974,0.3765506446361542,0.3592393398284912,0.3799999952316284
Race: White,639,0.2083696722984314,0.21964284777641296,0.22624236345291138,0.2190682590007782,0.22058823704719543
Race: Other,639,0.5064102411270142,0.7000000476837158,0.6282051205635071,0.5989304780960083,0.6399999856948853
Overall,640,0.4961038827896118,0.5350637435913086,0.5333333611488342,0.5136029124259949,0.5154638886451721
Gender: Male,640,0.7271634340286255,0.7401961088180542,0.7355769276618958,0.723809540271759,0.7241379022598267
Gender: Female,640,0.19565215706825256,0.1944444477558136,0.23097826540470123,0.19667774438858032,0.20512820780277252
Age: 50-65,640,0.4961038827896118,0.5350637435913086,0.5333333611488342,0.5136029124259949,0.5154638886451721
Race: White,640,0.42319750785827637,0.4396551847457886,0.4396551847457886,0.4313725531101227,0.4313725531101227
Race: Other,640,0.5565476417541504,0.6220238208770752,0.6220238208770752,0.5789473652839661,0.5789473652839661
Overall,641,0.6183024644851685,0.6382575631141663,0.603840708732605,0.530600368976593,0.542553186416626
Gender: Male,641,0.7434715628623962,0.7352471947669983,0.7265745401382446,0.6918518543243408,0.692307710647583
Gender: Female,641,0.567307710647583,0.3461538553237915,0.45673078298568726,0.28902819752693176,0.3571428656578064
Age: 50-65,641,0.6183024644851685,0.6382575631141663,0.603840708732605,0.530600368976593,0.542553186416626
Race: White,641,0.5361841917037964,0.4833333492279053,0.4802631735801697,0.3030303120613098,0.30434784293174744
Race: Other,641,0.739234447479248,0.7614942789077759,0.7177033424377441,0.7147375345230103,0.7317072749137878
Overall,642,0.6652660965919495,0.6799655556678772,0.6463585495948792,0.6121768355369568,0.6236559152603149
Gender: Male,642,0.6892361044883728,0.7571429014205933,0.75,0.7482517957687378,0.75
Gender: Female,642,0.7469135522842407,0.6346153616905212,0.5648148059844971,0.449760764837265,0.4888888895511627
Age: 50-65,642,0.6652660965919495,0.6799655556678772,0.6463585495948792,0.6121768355369568,0.6236559152603149
Race: White,642,0.5874999761581421,0.5566280484199524,0.5611110925674438,0.4986587166786194,0.5
Race: Other,642,0.7894736528396606,0.8799999952316284,0.7272727489471436,0.7443181872367859,0.8000000715255737
Overall,643,0.6652777791023254,0.6386554837226868,0.6222221851348877,0.559440553188324,0.5625
Gender: Male,643,0.7173912525177002,0.7010368704795837,0.7107487916946411,0.6927083730697632,0.694915235042572
Gender: Female,643,0.7532051205635071,0.1756756752729416,0.5,0.25999999046325684,0.3513513505458832
Age: 50-65,643,0.6652777791023254,0.6386554837226868,0.6222221851348877,0.559440553188324,0.5625
Race: White,643,0.6065789461135864,0.5976744294166565,0.5828947424888611,0.49625638127326965,0.5
Race: Other,643,0.761904776096344,0.6849817037582397,0.6849817037582397,0.6470588445663452,0.6470588445663452
Overall,644,0.45493197441101074,0.489130437374115,0.49213436245918274,0.45574259757995605,0.49484533071517944
Gender: Male,644,0.567241370677948,0.6711711883544922,0.6310344934463501,0.6287878751754761,0.6734693646430969
Gender: Female,644,0.3660714030265808,0.2985258102416992,0.35357144474983215,0.2874493896961212,0.3125
Age: 50-65,644,0.45493197441101074,0.489130437374115,0.49213436245918274,0.45574259757995605,0.49484533071517944
Race: White,644,0.3628571331501007,0.36666667461395264,0.4047619104385376,0.3499999940395355,0.38461539149284363
Race: Other,644,0.6586538553237915,0.7083333730697632,0.6682692170143127,0.6640926599502563,0.6896551847457886
Overall,645,0.5842803120613098,0.5825825929641724,0.5520833730697632,0.5134848952293396,0.5652173757553101
Gender: Male,645,0.700657844543457,0.6578282713890076,0.6370614171028137,0.6399535536766052,0.6774193048477173
Gender: Female,645,0.48000001907348633,0.1666666716337204,0.5,0.25,0.3333333432674408
Age: 50-65,645,0.5842803120613098,0.5825825929641724,0.5520833730697632,0.5134848952293396,0.5652173757553101
Race: White,645,0.39800000190734863,0.2381756752729416,0.3449999988079071,0.2583732008934021,0.31111112236976624
Race: Black,645,0.0,0.4583333432674408,0.5,0.47826087474823,0.9166666865348816
Race: Other,645,0.8366013169288635,0.8400000333786011,0.7777777910232544,0.761904776096344,0.7714285850524902
Overall,646,0.5051020383834839,0.5704917907714844,0.5675039291381836,0.560869574546814,0.5643564462661743
Gender: Male,646,0.7320196628570557,0.8061538934707642,0.7940887212753296,0.7803921699523926,0.78125
Gender: Female,646,0.1764705777168274,0.16969697177410126,0.17941176891326904,0.1741071492433548,0.18918919563293457
Age: 50-65,646,0.5051020383834839,0.5704917907714844,0.5675039291381836,0.560869574546814,0.5643564462661743
Race: White,646,0.39080458879470825,0.45747125148773193,0.45747125148773193,0.45747125148773193,0.4576271176338196
Race: Other,646,0.6484848260879517,0.7777777910232544,0.7272727489471436,0.6696428656578064,0.6756756901741028
Overall,647,0.5647857785224915,0.5401408672332764,0.5297805666923523,0.4391025900840759,0.450549453496933
Gender: Male,647,0.6082949638366699,0.5963963866233826,0.5821812748908997,0.5322338938713074,0.5384615659713745
Gender: Female,647,0.6728395223617554,0.44705885648727417,0.4722222089767456,0.31114131212234497,0.3333333432674408
Age: 50-65,647,0.5647857785224915,0.5401408672332764,0.5297805666923523,0.4391025900840759,0.450549453496933
Race: White,647,0.5375000238418579,0.4166666567325592,0.4312500059604645,0.31794872879981995,0.3214285969734192
Race: Other,647,0.656862735748291,0.699404776096344,0.6642156839370728,0.6133333444595337,0.6206896305084229
Overall,648,0.5035272836685181,0.4765625,0.47883597016334534,0.4523914158344269,0.4583333432674408
Gender: Male,648,0.7386363744735718,0.6805555820465088,0.6661931872367859,0.6275862455368042,0.6296296119689941
Gender: Female,648,0.25681817531585693,0.2142857313156128,0.2454545497894287,0.2222222238779068,0.2380952388048172
Age: 50-65,648,0.5035272836685181,0.4765625,0.47883597016334534,0.4523914158344269,0.4583333432674408
Race: White,648,0.31199997663497925,0.31060606241226196,0.3166666626930237,0.30702918767929077,0.30909091234207153
Race: Other,648,0.7666666507720947,0.7083333134651184,0.7083333134651184,0.5882353186607361,0.5882353186607361
Overall,649,0.47456055879592896,0.5285714864730835,0.5249768495559692,0.5105262994766235,0.5268816947937012
Gender: Male,649,0.6447204947471619,0.6757763624191284,0.6757763624191284,0.6757763624191284,0.6896551847457886
Gender: Female,649,0.31884056329727173,0.2678571343421936,0.33514490723609924,0.24166667461395264,0.2571428716182709
Age: 50-65,649,0.47456055879592896,0.5285714864730835,0.5249768495559692,0.5105262994766235,0.5268816947937012
Race: White,649,0.3244147300720215,0.3690476417541504,0.37123745679855347,0.36629119515419006,0.36734694242477417
Race: Black,649,0.0,0.3636363744735718,0.5,0.42105263471603394,0.7272727489471436
Race: Other,649,0.6691176891326904,0.7569444179534912,0.7040441036224365,0.682692289352417,0.696969747543335
Overall,650,0.4878522753715515,0.5106545090675354,0.5068027377128601,0.4449059069156647,0.48351648449897766
Gender: Male,650,0.5591397285461426,0.5905923843383789,0.5698924660682678,0.557748556137085,0.5999999642372131
Gender: Female,650,0.4618181586265564,0.390625,0.4490908980369568,0.27826783061027527,0.3055555522441864
Age: 50-65,650,0.4878522753715515,0.5106545090675354,0.5068027377128601,0.4449059069156647,0.48351648449897766
Race: White,650,0.40833333134651184,0.4365941882133484,0.4583333432674408,0.40283140540122986,0.4482758641242981
Race: Other,650,0.6650717258453369,0.625,0.5861244201660156,0.485714316368103,0.5
Overall,651,0.5645320415496826,0.5726600885391235,0.5726600885391235,0.5376344323158264,0.5376344323158264
Gender: Male,651,0.7151442766189575,0.7319711446762085,0.7319711446762085,0.7241379022598267,0.7241379022598267
Gender: Female,651,0.49572646617889404,0.29914531111717224,0.29914531111717224,0.22857142984867096,0.22857142984867096
Age: 50-65,651,0.5645320415496826,0.5726600885391235,0.5726600885391235,0.5376344323158264,0.5376344323158264
Race: White,651,0.4803030490875244,0.46408045291900635,0.46212121844291687,0.4496956765651703,0.4528301954269409
Race: Other,651,0.7053571939468384,0.7592592239379883,0.7291666865348816,0.6557491421699524,0.6578947305679321
Overall,652,0.5379009246826172,0.5469948649406433,0.5357142686843872,0.49444445967674255,0.5164835453033447
Gender: Male,652,0.694444477558136,0.7029411792755127,0.6742424368858337,0.6762445569038391,0.7017543911933899
Gender: Female,652,0.46666663885116577,0.255952388048172,0.3177777826786041,0.19965125620365143,0.20588235557079315
Age: 50-65,652,0.5379009246826172,0.5469948649406433,0.5357142686843872,0.49444445967674255,0.5164835453033447
Race: White,652,0.4597402811050415,0.5076219439506531,0.5064935088157654,0.45004671812057495,0.45614033937454224
Race: Other,652,0.6555554866790771,0.5857143402099609,0.5666666626930237,0.553383469581604,0.5925925970077515
Overall,653,0.5833333134651184,0.5824036598205566,0.5690901279449463,0.5497347712516785,0.5670102834701538
Gender: Male,653,0.6773809790611267,0.6888889074325562,0.6619047522544861,0.6446078419685364,0.6551724076271057
Gender: Female,653,0.5105262994766235,0.4139610528945923,0.4302631616592407,0.40416669845581055,0.43589743971824646
Age: 50-65,653,0.5833333134651184,0.5824036598205566,0.5690901279449463,0.5497347712516785,0.5670102834701538
Race: White,653,0.5456790328025818,0.515584409236908,0.5148147940635681,0.5049628019332886,0.5087719559669495
Race: Other,653,0.6882591247558594,0.668571412563324,0.6194331645965576,0.546558678150177,0.5625
Overall,654,0.7013221383094788,0.6446154117584229,0.6412259340286255,0.5221632719039917,0.5222222208976746
Gender: Male,654,0.7380456924438477,0.6800000071525574,0.7338877320289612,0.6604413986206055,0.6800000071525574
Gender: Female,654,0.6894587278366089,0.16249999403953552,0.5,0.24528302252292633,0.32500001788139343
Age: 50-65,654,0.7013221383094788,0.6446154117584229,0.6412259340286255,0.5221632719039917,0.5222222208976746
Race: White,654,0.7751938104629517,0.574999988079071,0.604651153087616,0.30351170897483826,0.30612245202064514
Race: Other,654,0.7724868059158325,0.7853261232376099,0.7777777910232544,0.7686222791671753,0.7692307829856873
Overall,655,0.531627893447876,0.5524725317955017,0.5444185733795166,0.5330067276954651,0.5591397881507874
Gender: Male,655,0.5666666626930237,0.6428571939468384,0.625,0.6263736486434937,0.6599999666213989
Gender: Female,655,0.5891304016113281,0.4474359154701233,0.45543476939201355,0.4266666769981384,0.44186046719551086
Age: 50-65,655,0.531627893447876,0.5524725317955017,0.5444185733795166,0.5330067276954651,0.5591397881507874
Race: White,655,0.45875000953674316,0.4469696879386902,0.44749999046325684,0.43842363357543945,0.4385964870452881
Race: Other,655,0.5850000381469727,0.740384578704834,0.625,0.6273291707038879,0.7333333492279053
Overall,656,0.6862648725509644,0.682589054107666,0.6595849990844727,0.645714282989502,0.6555555462837219
Gender: Male,656,0.8065476417541504,0.807692289352417,0.8095238208770752,0.8074073791503906,0.8076923489570618
Gender: Female,656,0.6555556058883667,0.24285714328289032,0.42500001192092896,0.30909091234207153,0.44736841320991516
Age: 50-65,656,0.6862648725509644,0.682589054107666,0.6595849990844727,0.645714282989502,0.6555555462837219
Race: White,656,0.5422077775001526,0.6267361044883728,0.6185064911842346,0.5974234938621521,0.5999999642372131
Race: Other,656,0.855555534362793,0.7424242496490479,0.699999988079071,0.69332355260849,0.7105263471603394
Overall,657,0.5851647853851318,0.6131552457809448,0.6027930378913879,0.5653387308120728,0.5684210658073425
Gender: Male,657,0.7659313678741455,0.7463235259056091,0.7463235259056091,0.7241379022598267,0.7241379022598267
Gender: Female,657,0.3787878751754761,0.3095238208770752,0.3787878751754761,0.29118773341178894,0.3243243396282196
Age: 50-65,657,0.5851647853851318,0.6131552457809448,0.6027930378913879,0.5653387308120728,0.5684210658073425
Race: White,657,0.3857142925262451,0.4279411733150482,0.4124999940395355,0.36250001192092896,0.37037038803100586
Race: Other,657,0.83203125,0.8116883039474487,0.78125,0.7757757902145386,0.78125
Overall,658,0.6250591278076172,0.6811593770980835,0.6359338164329529,0.6080200672149658,0.6304348111152649
Gender: Male,658,0.7111110687255859,0.8055555820465088,0.7648148536682129,0.748106062412262,0.7543859481811523
Gender: Female,658,0.6274509429931641,0.3333333432674408,0.41830065846443176,0.3371211886405945,0.4285714328289032
Age: 50-65,658,0.6250591278076172,0.6811593770980835,0.6359338164329529,0.6080200672149658,0.6304348111152649
Race: White,658,0.4901961088180542,0.44354838132858276,0.4571078419685364,0.3970588445663452,0.4146341383457184
Race: Other,658,0.7617391347885132,0.8571428656578064,0.782608687877655,0.7777777910232544,0.7916666865348816
Overall,659,0.6059302091598511,0.5727699995040894,0.5518890619277954,0.4980158805847168,0.52173912525177
Gender: Male,659,0.7486095428466797,0.7103174924850464,0.6768631935119629,0.6677353382110596,0.6833333969116211
Gender: Female,659,0.5227272510528564,0.12068965286016464,0.3499999940395355,0.1794871836900711,0.21875
Age: 50-65,659,0.6059302091598511,0.5727699995040894,0.5518890619277954,0.4980158805847168,0.52173912525177
Race: White,659,0.5173010230064392,0.4139676094055176,0.4264706075191498,0.34893617033958435,0.3529411852359772
Race: Other,659,0.6901960372924805,0.7291666269302368,0.6725490093231201,0.6389743685722351,0.65625
Overall,660,0.6638655662536621,0.699404776096344,0.6407563090324402,0.5921052694320679,0.6129032373428345
Gender: Male,660,0.7878412008285522,0.8170731663703918,0.7580645084381104,0.7284852266311646,0.7368420958518982
Gender: Female,660,0.512499988079071,0.4096774160861969,0.45625001192092896,0.3565957546234131,0.4166666567325592
Age: 50-65,660,0.6638655662536621,0.699404776096344,0.6407563090324402,0.5921052694320679,0.6129032373428345
Race: White,660,0.5618661642074585,0.5636363625526428,0.5496957302093506,0.4692307710647583,0.47826087474823
Race: Other,660,0.839712917804718,0.8064516186714172,0.7272727489471436,0.6924999952316284,0.707317054271698
Overall,661,0.4554730951786041,0.4552197754383087,0.46219852566719055,0.43488621711730957,0.4516128897666931
Gender: Male,661,0.5907692909240723,0.6126644611358643,0.6053845882415771,0.6003134846687317,0.6078431606292725
Gender: Female,661,0.40740740299224854,0.2070707082748413,0.2986111342906952,0.22638146579265594,0.261904776096344
Age: 50-65,661,0.4554730951786041,0.4552197754383087,0.46219852566719055,0.43488621711730957,0.4516128897666931
Race: White,661,0.3723118305206299,0.34752321243286133,0.3676075339317322,0.33467739820480347,0.34545454382896423
Race: Other,661,0.5987654328346252,0.5981818437576294,0.5833333730697632,0.5669606924057007,0.5833333134651184
Overall,662,0.485714316368103,0.572139322757721,0.5627706050872803,0.5288720726966858,0.5360824465751648
Gender: Male,662,0.6456789970397949,0.7493243217468262,0.7277777791023254,0.7150000333786011,0.719298243522644
Gender: Female,662,0.31466665863990784,0.28333336114883423,0.3266666829586029,0.26349207758903503,0.2750000059604645
Age: 50-65,662,0.485714316368103,0.572139322757721,0.5627706050872803,0.5288720726966858,0.5360824465751648
Race: White,662,0.3261260986328125,0.3688156008720398,0.342342346906662,0.33030304312705994,0.3461538553237915
Race: Black,662,0.3636363744735718,0.4583333432674408,0.5,0.47826087474823,0.9166666865348816
Race: Other,662,0.5808823108673096,0.807692289352417,0.7058823704719543,0.6726190447807312,0.696969747543335
Overall,663,0.5547480583190918,0.5884615182876587,0.5724321603775024,0.544544517993927,0.5604395866394043
Gender: Male,663,0.6915113925933838,0.7347368597984314,0.7308489084243774,0.7267080545425415,0.7272727489471436
Gender: Female,663,0.5018181800842285,0.35535717010498047,0.42636361718177795,0.33669355511665344,0.40425530076026917
Age: 50-65,663,0.5547480583190918,0.5884615182876587,0.5724321603775024,0.544544517993927,0.5604395866394043
Race: White,663,0.44464606046676636,0.448484867811203,0.4537205100059509,0.41258740425109863,0.4166666865348816
Race: Other,663,0.7142857313156128,0.7744755148887634,0.7336309552192688,0.73758864402771,0.7567567825317383
Overall,664,0.6014492511749268,0.6412338018417358,0.5927110314369202,0.5446009635925293,0.5773195624351501
Gender: Male,664,0.6652777194976807,0.7713816165924072,0.7291666269302368,0.6970547437667847,0.7037037014961243
Gender: Female,664,0.575757622718811,0.23076923191547394,0.40909090638160706,0.2950819730758667,0.41860464215278625
Age: 50-65,664,0.6014492511749268,0.6412338018417358,0.5927110314369202,0.5446009635925293,0.5773195624351501
Race: White,664,0.5703703165054321,0.5162162184715271,0.5111111402511597,0.44286391139030457,0.46808508038520813
Race: Other,664,0.6397515535354614,0.7441176176071167,0.671842634677887,0.6363636255264282,0.6590909361839294
Overall,665,0.7433962225914001,0.6725589036941528,0.6450471878051758,0.6051887273788452,0.6129032373428345
Gender: Male,665,0.8685064911842346,0.84375,0.8214285373687744,0.7987117767333984,0.7999999523162842
Gender: Female,665,0.6311111450195312,0.4133986830711365,0.44111108779907227,0.36764705181121826,0.39534884691238403
Age: 50-65,665,0.7433962225914001,0.6725589036941528,0.6450471878051758,0.6051887273788452,0.6129032373428345
Race: White,665,0.5540540218353271,0.5416666865348816,0.5464527010917664,0.4876477122306824,0.49056604504585266
Race: Other,665,0.8819444179534912,0.8333333730697632,0.71875,0.7043478488922119,0.7352941036224365
Overall,666,0.6290485858917236,0.5430769324302673,0.5354251265525818,0.48934561014175415,0.5
Gender: Male,666,0.6076388359069824,0.60047847032547,0.5972222089767456,0.5661846399307251,0.5666667222976685
Gender: Female,666,0.7321428060531616,0.20370370149612427,0.3928571343421936,0.26829269528388977,0.36666667461395264
Age: 50-65,666,0.6290485858917236,0.5430769324302673,0.5354251265525818,0.48934561014175415,0.5
Race: White,666,0.6300675868988037,0.4780701994895935,0.47888511419296265,0.3960114121437073,0.3962264060974121
Race: Other,666,0.6260503530502319,0.6095238327980042,0.5966386795043945,0.5921052694320679,0.6129032373428345
Overall,667,0.5236110687255859,0.5282805562019348,0.5231481790542603,0.47777777910232544,0.4893616735935211
Gender: Male,667,0.6337792873382568,0.6514337062835693,0.6413043737411499,0.6287878751754761,0.6326530575752258
Gender: Female,667,0.43487393856048584,0.3496621549129486,0.40651261806488037,0.3055555522441864,0.3333333432674408
Age: 50-65,667,0.5236110687255859,0.5282805562019348,0.5231481790542603,0.47777777910232544,0.4893616735935211
Race: White,667,0.36000001430511475,0.3928571343421936,0.3928571343421936,0.3636363744735718,0.3636363446712494
Race: Other,667,0.7894736528396606,0.7758620977401733,0.6578947305679321,0.5955555438995361,0.6285714507102966
Overall,668,0.5576820969581604,0.6079545617103577,0.5909091234207153,0.5173961520195007,0.5222222208976746
Gender: Male,668,0.6880131959915161,0.7250000238418579,0.721674919128418,0.6998800039291382,0.699999988079071
Gender: Female,668,0.6220238208770752,0.3888888955116272,0.4523809552192688,0.2708333134651184,0.30000001192092896
Age: 50-65,668,0.5576820969581604,0.6079545617103577,0.5909091234207153,0.5173961520195007,0.5222222208976746
Race: White,668,0.4189383387565613,0.49059832096099854,0.4921090602874756,0.37634408473968506,0.37931033968925476
Race: Other,668,0.7916667461395264,0.7780748605728149,0.7708333730697632,0.7496806979179382,0.7500000596046448
Overall,669,0.6494172811508179,0.6538461446762085,0.6268064975738525,0.5770162343978882,0.585106372833252
Gender: Male,669,0.8248276710510254,0.8008657693862915,0.7875862121582031,0.7765517234802246,0.7777777910232544
Gender: Female,669,0.6181318759918213,0.3571428656578064,0.4313186705112457,0.28900593519210815,0.32500001788139343
Age: 50-65,669,0.6494172811508179,0.6538461446762085,0.6268064975738525,0.5770162343978882,0.585106372833252
Race: White,669,0.5567765235900879,0.5515872836112976,0.5476190447807312,0.4820384383201599,0.4833333492279053
Race: Other,669,0.7884615659713745,0.8095238208770752,0.75,0.7156863212585449,0.7241379022598267
Overall,670,0.5443668961524963,0.5585294365882874,0.5496011972427368,0.47899162769317627,0.4838709533214569
Gender: Male,670,0.6111111640930176,0.6669355034828186,0.674242377281189,0.6268771886825562,0.6274510025978088
Gender: Female,670,0.521634578704834,0.26216214895248413,0.39423078298568726,0.25867316126823425,0.3095238208770752
Age: 50-65,670,0.5443668961524963,0.5585294365882874,0.5496011972427368,0.47899162769317627,0.4838709533214569
Race: White,670,0.3333333134651184,0.35606062412261963,0.35606062412261963,0.2978723347187042,0.2978723347187042
Race: Other,670,0.7849999666213989,0.7666666507720947,0.7200000286102295,0.6533816456794739,0.6585365533828735
Overall,671,0.6135076284408569,0.5724790096282959,0.5601307153701782,0.5469092130661011,0.5729166865348816
Gender: Male,671,0.755050539970398,0.6973683834075928,0.6799242496490479,0.6826072931289673,0.7017543911933899
Gender: Female,671,0.4523809552192688,0.36666667461395264,0.4047619104385376,0.3499999940395355,0.38461539149284363
Age: 50-65,671,0.6135076284408569,0.5724790096282959,0.5601307153701782,0.5469092130661011,0.5729166865348816
Race: White,671,0.5718954205513,0.4541666805744171,0.46405228972435,0.44333234429359436,0.49180325865745544
Race: Other,671,0.7098214626312256,0.75,0.7410714626312256,0.7321428656578064,0.7333333492279053
Overall,672,0.5510203838348389,0.5542974472045898,0.545809805393219,0.5249662399291992,0.5416666865348816
Gender: Male,672,0.7521367073059082,0.7090773582458496,0.7001424431800842,0.6954022645950317,0.698113203048706
Gender: Female,672,0.4112553894519806,0.26249998807907104,0.35606062412261963,0.28333333134651184,0.3488371968269348
Age: 50-65,672,0.5510203838348389,0.5542974472045898,0.545809805393219,0.5249662399291992,0.5416666865348816
Race: White,672,0.408730149269104,0.43274855613708496,0.43915343284606934,0.4241810441017151,0.4363636374473572
Race: Other,672,0.8107142448425293,0.7208333015441895,0.6892856955528259,0.6421052813529968,0.6470588445663452
Overall,673,0.569658100605011,0.6003521084785461,0.5852563977241516,0.5295454263687134,0.5353535413742065
Gender: Male,673,0.6751514673233032,0.7373737096786499,0.7278788089752197,0.7061102390289307,0.7068965435028076
Gender: Female,673,0.5291005373001099,0.3095238208770752,0.39417991042137146,0.264687716960907,0.2926829159259796
Age: 50-65,673,0.569658100605011,0.6003521084785461,0.5852563977241516,0.5295454263687134,0.5353535413742065
Race: White,673,0.5058479309082031,0.4791666865348816,0.48099416494369507,0.41644561290740967,0.41818180680274963
Race: Black,673,0.3333333134651184,0.4285714328289032,0.5,0.4615384638309479,0.8571429252624512
Race: Other,673,0.6704545021057129,0.6527777910232544,0.6875,0.5927602052688599,0.6000000238418579
Overall,674,0.678075909614563,0.6225992441177368,0.5885754227638245,0.5595712661743164,0.5913978219032288
Gender: Male,674,0.7357954978942871,0.6944444179534912,0.6789772510528564,0.6823529601097107,0.7037037014961243
Gender: Female,674,0.8472222089767456,0.574999988079071,0.5291666984558105,0.3871428668498993,0.43589743971824646
Age: 50-65,674,0.678075909614563,0.6225992441177368,0.5885754227638245,0.5595712661743164,0.5913978219032288
Race: White,674,0.578703761100769,0.44999998807907104,0.4583333432674408,0.4166666865348816,0.4285714328289032
Race: Other,674,0.803030252456665,0.7681818008422852,0.6915584206581116,0.6721407175064087,0.6976743936538696
Overall,675,0.6068421006202698,0.6157190799713135,0.5910526514053345,0.5435563325881958,0.5568181872367859
Gender: Male,675,0.7292307615280151,0.6912225484848022,0.6876922845840454,0.6851851940155029,0.686274528503418
Gender: Female,675,0.7147436141967773,0.6805555820465088,0.5208333134651184,0.3053061068058014,0.37837839126586914
Age: 50-65,675,0.6068421006202698,0.6157190799713135,0.5910526514053345,0.5435563325881958,0.5568181872367859
Race: White,675,0.4858388304710388,0.4264705777168274,0.44553378224372864,0.37042924761772156,0.3863636553287506
Race: Other,675,0.8428571224212646,0.8008241653442383,0.7607142925262451,0.748774528503418,0.7560975551605225
Overall,676,0.5261857509613037,0.5299603939056396,0.5261857509613037,0.508571445941925,0.5222222208976746
Gender: Male,676,0.692460298538208,0.6882591247558594,0.6845238208770752,0.6850000023841858,0.6888889074325562
Gender: Female,676,0.4779999852180481,0.33571428060531616,0.38499999046325684,0.3220779299736023,0.35555556416511536
Age: 50-65,676,0.5261857509613037,0.5299603939056396,0.5261857509613037,0.508571445941925,0.5222222208976746
Race: White,676,0.4285714328289032,0.4322638213634491,0.43831169605255127,0.4141414165496826,0.41999998688697815
Race: Other,676,0.6560846567153931,0.6481481790542603,0.6269841194152832,0.6208333373069763,0.6410256624221802
Overall,677,0.552727222442627,0.5199999809265137,0.516883134841919,0.4599999785423279,0.46666666865348816
Gender: Male,677,0.5428571701049805,0.5489510297775269,0.5461538434028625,0.522537112236023,0.5245901346206665
Gender: Female,677,0.7388889193534851,0.4871795177459717,0.49444445967674255,0.31552794575691223,0.3448275923728943
Age: 50-65,677,0.552727222442627,0.5199999809265137,0.516883134841919,0.4599999785423279,0.46666666865348816
Race: White,677,0.46230441331863403,0.3928571343421936,0.41038405895233154,0.33397620916366577,0.3392857313156128
Race: Other,677,0.7104072570800781,0.6985645890235901,0.6877828240394592,0.6651785373687744,0.6666666865348816
Overall,678,0.6140909194946289,0.6647603511810303,0.637499988079071,0.5923667550086975,0.6000000238418579
Gender: Male,678,0.7354312539100647,0.7660714387893677,0.7604894638061523,0.7454702258110046,0.7457627058029175
Gender: Female,678,0.5324675440788269,0.3484848737716675,0.45129871368408203,0.295319139957428,0.3611111044883728
Age: 50-65,678,0.6140909194946289,0.6647603511810303,0.637499988079071,0.5923667550086975,0.6000000238418579
Race: White,678,0.5128676891326904,0.5478469133377075,0.5367647409439087,0.440591961145401,0.44897958636283875
Race: Other,678,0.7908902168273926,0.7767857313156128,0.7567287683486938,0.7467294931411743,0.75
Overall,679,0.5151515007019043,0.5943337678909302,0.5675133466720581,0.5217188000679016,0.5473684668540955
Gender: Male,679,0.6364883184432983,0.7664473652839661,0.7222222089767456,0.7101967930793762,0.7222222089767456
Gender: Female,679,0.4950980544090271,0.2547619044780731,0.37377452850341797,0.264102578163147,0.31707316637039185
Age: 50-65,679,0.5151515007019043,0.5943337678909302,0.5675133466720581,0.5217188000679016,0.5473684668540955
Race: White,679,0.4940476417541504,0.49639642238616943,0.4970238208770752,0.4647350311279297,0.48076924681663513
Race: Other,679,0.6713286638259888,0.7321428656578064,0.6590908765792847,0.5584524869918823,0.5714285969734192
Overall,680,0.5991295576095581,0.6192307472229004,0.5974371433258057,0.5821428298950195,0.6043956279754639
Gender: Male,680,0.6632652878761292,0.6792318820953369,0.6607142686843872,0.6517184972763062,0.660714328289032
Gender: Female,680,0.5690789222717285,0.4821428656578064,0.4884868562221527,0.4495837092399597,0.5142857432365417
Age: 50-65,680,0.5991295576095581,0.6192307472229004,0.5974371433258057,0.5821428298950195,0.6043956279754639
Race: White,680,0.5887097120285034,0.5673375129699707,0.5584677457809448,0.5528455376625061,0.581818163394928
Race: Other,680,0.6184210777282715,0.6944444179534912,0.6688596606254578,0.6092437505722046,0.6129032373428345
Overall,681,0.5921951532363892,0.5964788794517517,0.566829264163971,0.512499988079071,0.5384615659713745
Gender: Male,681,0.6949602365493774,0.68543541431427,0.6637930870056152,0.6590908765792847,0.6727272272109985
Gender: Female,681,0.6145833730697632,0.4117647111415863,0.4791666865348816,0.2775919735431671,0.3333333432674408
Age: 50-65,681,0.5921951532363892,0.5964788794517517,0.566829264163971,0.512499988079071,0.5384615659713745
Race: White,681,0.5174603462219238,0.5366300344467163,0.5317460298538208,0.4496956765651703,0.4528301954269409
Race: Other,681,0.6666666269302368,0.6133333444595337,0.5708333253860474,0.5319396257400513,0.5806451439857483
Overall,682,0.5795559883117676,0.5875420570373535,0.5721554160118103,0.5511583089828491,0.5698924660682678
Gender: Male,682,0.747474730014801,0.7148648500442505,0.7007575631141663,0.7038961052894592,0.719298243522644
Gender: Female,682,0.5351170301437378,0.3694581389427185,0.41137123107910156,0.3142857253551483,0.3333333432674408
Age: 50-65,682,0.5795559883117676,0.5875420570373535,0.5721554160118103,0.5511583089828491,0.5698924660682678
Race: White,682,0.5159313678741455,0.47777777910232544,0.4803921580314636,0.442307710647583,0.4482758641242981
Race: Other,682,0.7932692766189575,0.7388888597488403,0.7067307829856873,0.7070707082748413,0.7241379022598267
Overall,683,0.5031111240386963,0.49163877964019775,0.4933333396911621,0.4715350866317749,0.5052632093429565
Gender: Male,683,0.6416666507720947,0.6654411554336548,0.6499999761581421,0.6527777910232544,0.6800000071525574
Gender: Female,683,0.437999963760376,0.27142858505249023,0.3400000035762787,0.27532467246055603,0.31111112236976624
Age: 50-65,683,0.5031111240386963,0.49163877964019775,0.4933333396911621,0.4715350866317749,0.5052632093429565
Race: White,683,0.41333335638046265,0.34122806787490845,0.3491666615009308,0.3400673270225525,0.34693875908851624
Race: Other,683,0.656818151473999,0.7285714149475098,0.6272727251052856,0.5906432867050171,0.6428571343421936
Overall,684,0.5042881965637207,0.532608687877655,0.5270154476165771,0.5141165852546692,0.5463917255401611
Gender: Male,684,0.5626134872436523,0.6722222566604614,0.6687840223312378,0.6701786518096924,0.6875
Gender: Female,684,0.4883333444595337,0.3679487109184265,0.414166659116745,0.35555556416511536,0.40816324949264526
Age: 50-65,684,0.5042881965637207,0.532608687877655,0.5270154476165771,0.5141165852546692,0.5463917255401611
Race: White,684,0.30852997303009033,0.32499998807907104,0.3221415579319,0.31220147013664246,0.3125
Race: Black,684,0.0,0.46666666865348816,0.5,0.48275861144065857,0.9333333969116211
Race: Other,684,0.7571428418159485,0.7211538553237915,0.6642857193946838,0.6640316247940063,0.7058823704719543
Overall,685,0.6256521940231323,0.6225806474685669,0.6073912978172302,0.5988706946372986,0.6145833730697632
Gender: Male,685,0.7194525599479675,0.7208333015441895,0.7072336077690125,0.6995304822921753,0.703125
Gender: Female,685,0.4615384638309479,0.33142855763435364,0.38056680560112,0.34545454382896423,0.4375
Age: 50-65,685,0.6256521940231323,0.6225806474685669,0.6073912978172302,0.5988706946372986,0.6145833730697632
Race: White,685,0.5454545617103577,0.5258620977401733,0.524545431137085,0.5212962627410889,0.5319148898124695
Race: Black,685,0.25,0.4000000059604645,0.5,0.4444444477558136,0.800000011920929
Race: Other,685,0.7513368725776672,0.7115384340286255,0.6911764740943909,0.6631228923797607,0.6666666865348816
Overall,686,0.48148149251937866,0.4897260069847107,0.4930555522441864,0.44366902112960815,0.4838709533214569
Gender: Male,686,0.548799991607666,0.6693767309188843,0.6000000238418579,0.554367184638977,0.5999999642372131
Gender: Female,686,0.4108695685863495,0.3238636255264282,0.365217387676239,0.31900453567504883,0.3488371968269348
Age: 50-65,686,0.48148149251937866,0.4897260069847107,0.4930555522441864,0.44366902112960815,0.4838709533214569
Race: White,686,0.37285900115966797,0.3452380895614624,0.3801053762435913,0.3217675983905792,0.3392857313156128
Race: Other,686,0.7541666030883789,0.7166666984558105,0.6354166865348816,0.6039488911628723,0.6451612710952759
Overall,687,0.5476398468017578,0.5060606002807617,0.5052447319030762,0.49427393078804016,0.5208333730697632
Gender: Male,687,0.7350649833679199,0.7033783793449402,0.6954545378684998,0.6984127163887024,0.719298243522644
Gender: Female,687,0.3636363744735718,0.18793103098869324,0.25802138447761536,0.20516304671764374,0.23076923191547394
Age: 50-65,687,0.5476398468017578,0.5060606002807617,0.5052447319030762,0.49427393078804016,0.5208333730697632
Race: White,687,0.40509259700775146,0.3429487347602844,0.35821759700775146,0.3458195924758911,0.37288135290145874
Race: Other,687,0.7999999523162842,0.8071428537368774,0.768750011920929,0.7654054164886475,0.774193525314331
Overall,688,0.7328798770904541,0.6883116960525513,0.6578231453895569,0.6370656490325928,0.6489361524581909
Gender: Male,688,0.7742915153503418,0.7348718047142029,0.7317813634872437,0.7030525207519531,0.703125
Gender: Female,688,0.6172248721122742,0.29629629850387573,0.42105263471603394,0.3478260934352875,0.5333333611488342
Age: 50-65,688,0.7328798770904541,0.6883116960525513,0.6578231453895569,0.6370656490325928,0.6489361524581909
Race: White,688,0.735714316368103,0.6428571343421936,0.6428571343421936,0.625,0.625
Race: Black,688,0.0,0.4545454680919647,0.5,0.4761904776096344,0.9090909361839294
Race: Other,688,0.8400000333786011,0.6967592239379883,0.6416666507720947,0.5833333730697632,0.6000000238418579
Overall,689,0.5292929410934448,0.5346153974533081,0.5295454263687134,0.47720327973365784,0.48351648449897766
Gender: Male,689,0.7102272510528564,0.7393509149551392,0.7234848737716675,0.7140124440193176,0.717391312122345
Gender: Female,689,0.3894009292125702,0.2777777910232544,0.3341013789176941,0.23499999940395355,0.24444444477558136
Age: 50-65,689,0.5292929410934448,0.5346153974533081,0.5295454263687134,0.47720327973365784,0.48351648449897766
Race: White,689,0.45039018988609314,0.4130434989929199,0.4286510646343231,0.36284583806991577,0.3709677457809448
Race: Other,689,0.7066667079925537,0.75,0.75,0.7200000286102295,0.7199999690055847
Overall,690,0.5761088132858276,0.6152597665786743,0.6073588728904724,0.5310657620429993,0.5319148898124695
Gender: Male,690,0.6666666269302368,0.6574074029922485,0.6641260385513306,0.6299810409545898,0.6307692527770996
Gender: Female,690,0.5892857313156128,0.6428571343421936,0.523809552192688,0.26767677068710327,0.3103448152542114
Age: 50-65,690,0.5761088132858276,0.6152597665786743,0.6073588728904724,0.5310657620429993,0.5319148898124695
Race: White,690,0.569369375705719,0.5996240377426147,0.5954954624176025,0.48057714104652405,0.48076924681663513
Race: Other,690,0.6186666488647461,0.6236263513565063,0.6200000047683716,0.5747342109680176,0.574999988079071
Overall,691,0.4973696768283844,0.5568627715110779,0.5346724390983582,0.4634888470172882,0.5
Gender: Male,691,0.5862069129943848,0.6751012206077576,0.6355799436569214,0.630277156829834,0.6666666865348816
Gender: Female,691,0.5890804529190063,0.38513511419296265,0.4511494040489197,0.264687716960907,0.2926829159259796
Age: 50-65,691,0.4973696768283844,0.5568627715110779,0.5346724390983582,0.4634888470172882,0.5
Race: White,691,0.4438502788543701,0.4265734553337097,0.4438502788543701,0.350649356842041,0.35999998450279236
Race: Other,691,0.5338164567947388,0.7309523820877075,0.6171497702598572,0.5876436829566956,0.6585365533828735
Overall,692,0.45777177810668945,0.4799107313156128,0.4818059206008911,0.4571428894996643,0.46315792202949524
Gender: Male,692,0.6309771537780762,0.6075388193130493,0.6008316278457642,0.569693922996521,0.5714285969734192
Gender: Female,692,0.22265625,0.20909090340137482,0.25,0.22267206013202667,0.25
Age: 50-65,692,0.45777177810668945,0.4799107313156128,0.4818059206008911,0.4571428894996643,0.46315792202949524
Race: White,692,0.26623374223709106,0.3246753215789795,0.3246753215789795,0.3199999928474426,0.3199999928474426
Race: Other,692,0.7101448774337769,0.699999988079071,0.6623188257217407,0.5983086824417114,0.6052631735801697
Overall,693,0.5947521924972534,0.6142857074737549,0.581632673740387,0.5357142686843872,0.5604395866394043
Gender: Male,693,0.6666666269302368,0.7124999761581421,0.6847826242446899,0.6713286638259888,0.6808510422706604
Gender: Female,693,0.6189473867416382,0.46052631735801697,0.4810526371002197,0.37747594714164734,0.4318181872367859
Age: 50-65,693,0.5947521924972534,0.6142857074737549,0.581632673740387,0.5357142686843872,0.5604395866394043
Race: White,693,0.40808823704719543,0.46666669845581055,0.47610294818878174,0.375,0.3877550959587097
Race: Other,693,0.8029412031173706,0.7552447319030762,0.7147058844566345,0.7127329111099243,0.7297297716140747
Overall,694,0.5495613813400269,0.6088709831237793,0.6065789461135864,0.5712499618530273,0.5714285373687744
Gender: Male,694,0.6888889074325562,0.7190152406692505,0.720512866973877,0.710084080696106,0.7101449370384216
Gender: Female,694,0.3154761791229248,0.30416667461395264,0.3601190447807312,0.23317307233810425,0.24137930572032928
Age: 50-65,694,0.5495613813400269,0.6088709831237793,0.6065789461135864,0.5712499618530273,0.5714285373687744
Race: White,694,0.5173159837722778,0.5515873432159424,0.5562770366668701,0.5270935893058777,0.53125
Race: Other,694,0.6078431606292725,0.699404776096344,0.6642156839370728,0.6133333444595337,0.6206896305084229
Overall,695,0.5801749229431152,0.5699999928474426,0.5561224222183228,0.5217717885971069,0.5384615659713745
Gender: Male,695,0.8575712442398071,0.7680491209030151,0.7616192102432251,0.7636363506317139,0.7692307829856873
Gender: Female,695,0.3964496850967407,0.12857143580913544,0.3461538553237915,0.1875,0.23076923191547394
Age: 50-65,695,0.5801749229431152,0.5699999928474426,0.5561224222183228,0.5217717885971069,0.5384615659713745
Race: White,695,0.4813218116760254,0.4432692527770996,0.457614928483963,0.4084821343421936,0.43396228551864624
Race: Other,695,0.8134920597076416,0.7166666984558105,0.70634925365448,0.686274528503418,0.6875
Overall,696,0.5924908518791199,0.6055831909179688,0.5874541997909546,0.5524329543113708,0.563829779624939
Gender: Male,696,0.5964705944061279,0.6692308187484741,0.6552941203117371,0.6244212985038757,0.6271186470985413
Gender: Female,696,0.5947712659835815,0.4464285671710968,0.46568629145622253,0.40888890624046326,0.4571428596973419
Age: 50-65,696,0.5924908518791199,0.6055831909179688,0.5874541997909546,0.5524329543113708,0.563829779624939
Race: White,696,0.4535104036331177,0.4722222089767456,0.4715369939804077,0.43725574016571045,0.4375
Race: Other,696,0.7777777910232544,0.7277777791023254,0.6626983880996704,0.6208333373069763,0.6410256624221802
Overall,697,0.5593219995498657,0.47826087474823,0.482280433177948,0.40602582693099976,0.4130434989929199
Gender: Male,697,0.7444444298744202,0.6029411554336548,0.5972222089767456,0.5727273225784302,0.5744680762290955
Gender: Female,697,0.4038461446762085,0.28205129504203796,0.3774038553237915,0.2257085144519806,0.24444444477558136
Age: 50-65,697,0.5593219995498657,0.47826087474823,0.482280433177948,0.40602582693099976,0.4130434989929199
Race: White,697,0.4598214030265808,0.3713178336620331,0.3764880895614624,0.2928932309150696,0.2931034564971924
Race: Other,697,0.696832537651062,0.625,0.5995475053787231,0.5542857050895691,0.5666667222976685
Overall,698,0.49953097105026245,0.4640394449234009,0.46575984358787537,0.44932079315185547,0.4516128897666931
Gender: Male,698,0.6672413945198059,0.6387959718704224,0.6431034803390503,0.6312708854675293,0.6326530575752258
Gender: Female,698,0.3354037404060364,0.1979166716337204,0.2598343789577484,0.21725067496299744,0.25
Age: 50-65,698,0.49953097105026245,0.4640394449234009,0.46575984358787537,0.44932079315185547,0.4516128897666931
Race: White,698,0.32248520851135254,0.24039939045906067,0.25,0.24300110340118408,0.25
Race: Other,698,0.7447552680969238,0.739130437374115,0.7692307829856873,0.6735293865203857,0.6756756901741028
Overall,699,0.6299999952316284,0.5404271483421326,0.5278947353363037,0.46363264322280884,0.4886363744735718
Gender: Male,699,0.7355072498321533,0.6791666746139526,0.6557971239089966,0.6466165781021118,0.6595744490623474
Gender: Female,699,0.6640211343765259,0.2736486494541168,0.41137564182281494,0.24794434010982513,0.2926829159259796
Age: 50-65,699,0.6299999952316284,0.5404271483421326,0.5278947353363037,0.46363264322280884,0.4886363744735718
Race: White,699,0.5112781524658203,0.49166667461395264,0.4934210479259491,0.43425923585891724,0.44680848717689514
Race: Other,699,0.7744361162185669,0.6147186160087585,0.5664160251617432,0.5054944753646851,0.550000011920929
Overall,700,0.5525498390197754,0.5241596698760986,0.5203990936279297,0.48004865646362305,0.4895833432674408
Gender: Male,700,0.6417003870010376,0.6134676933288574,0.6082996129989624,0.5771960020065308,0.578125
Gender: Female,700,0.41960781812667847,0.18518517911434174,0.3333333432674408,0.2380952388048172,0.3125
Age: 50-65,700,0.5525498390197754,0.5241596698760986,0.5203990936279297,0.48004865646362305,0.4895833432674408
Race: White,700,0.4416666626930237,0.40412187576293945,0.41083335876464844,0.39915433526039124,0.40816324949264526
Race: Other,700,0.7135278582572937,0.703125,0.6724138259887695,0.5452991724014282,0.5476190447807312
Overall,701,0.6703637838363647,0.6480231285095215,0.636202335357666,0.6256052255630493,0.6315789818763733
Gender: Male,701,0.7552521228790283,0.7163865566253662,0.7163865566253662,0.7096773982048035,0.7096773982048035
Gender: Female,701,0.6407407522201538,0.4259259104728699,0.4555555582046509,0.40634921193122864,0.4848484992980957
Age: 50-65,701,0.6703637838363647,0.6480231285095215,0.636202335357666,0.6256052255630493,0.6315789818763733
Race: White,701,0.49175411462783813,0.45588237047195435,0.45952022075653076,0.43710339069366455,0.442307710647583
Race: Other,701,0.8794118165969849,0.8497023582458496,0.845588207244873,0.8377193212509155,0.8378378748893738
Overall,702,0.5705313682556152,0.6235177516937256,0.5905796885490417,0.5630110502243042,0.593406617641449
Gender: Male,702,0.7290322780609131,0.7361111044883728,0.7193548679351807,0.7213930487632751,0.7321428656578064
Gender: Female,702,0.4300000071525574,0.19696970283985138,0.4333333373069763,0.2708333432674408,0.37142857909202576
Age: 50-65,702,0.5705313682556152,0.6235177516937256,0.5905796885490417,0.5630110502243042,0.593406617641449
Race: White,702,0.4811828136444092,0.5249999761581421,0.5201612710952759,0.47690218687057495,0.49090906977653503
Race: Black,702,0.0,0.44999998807907104,0.5,0.4736842215061188,0.9000000357627869
Race: Other,702,0.7633136510848999,0.7443609237670898,0.692307710647583,0.675000011920929,0.692307710647583
Overall,703,0.5678670406341553,0.608660101890564,0.5921052694320679,0.5907692313194275,0.6315789818763733
Gender: Male,703,0.7071428298950195,0.7514005899429321,0.7136905193328857,0.7196705341339111,0.7457627058029175
Gender: Female,703,0.4025973677635193,0.3692307770252228,0.3896103799343109,0.375,0.4444444477558136
Age: 50-65,703,0.5678670406341553,0.608660101890564,0.5921052694320679,0.5907692313194275,0.6315789818763733
Race: White,703,0.45614033937454224,0.5012626647949219,0.5010964870452881,0.49593496322631836,0.5483870506286621
Race: Other,703,0.807692289352417,0.7777777910232544,0.7472527623176575,0.7349228858947754,0.7407407760620117
Overall,704,0.5607985258102417,0.5625,0.5580762028694153,0.5189542770385742,0.5208333730697632
Gender: Male,704,0.5949656963348389,0.6161110997200012,0.6195652484893799,0.5897228717803955,0.5901638865470886
Gender: Female,704,0.5699999928474426,0.4107142686843872,0.4416666626930237,0.36692506074905396,0.4000000059604645
Age: 50-65,704,0.5607985258102417,0.5625,0.5580762028694153,0.5189542770385742,0.5208333730697632
Race: White,704,0.5789473652839661,0.5667613744735718,0.5706766843795776,0.5356037616729736,0.5370370149612427
Race: Other,704,0.6066666841506958,0.5199999809265137,0.5166666507720947,0.4750000238418579,0.48571428656578064
Overall,705,0.7074829339981079,0.6718913316726685,0.6598639488220215,0.6448780298233032,0.6483516693115234
Gender: Male,705,0.7457912564277649,0.7358333468437195,0.738215446472168,0.7342511415481567,0.7346938848495483
Gender: Female,705,0.6977272033691406,0.5909091234207153,0.5613636374473572,0.5143030881881714,0.5476190447807312
Age: 50-65,705,0.7074829339981079,0.6718913316726685,0.6598639488220215,0.6448780298233032,0.6483516693115234
Race: White,705,0.6551724076271057,0.5448718070983887,0.5469348430633545,0.5299999713897705,0.5319148898124695
Race: Other,705,0.8166666030883789,0.8237179517745972,0.7805555462837219,0.7797101736068726,0.7894737124443054
Overall,706,0.5933465957641602,0.5753520727157593,0.5531281232833862,0.4853587746620178,0.5054945349693298
Gender: Male,706,0.6847290992736816,0.6472972631454468,0.6342364549636841,0.6241758465766907,0.6315789222717285
Gender: Female,706,0.8249999284744263,0.14705882966518402,0.5,0.22727273404598236,0.29411765933036804
Age: 50-65,706,0.5933465957641602,0.5753520727157593,0.5531281232833862,0.4853587746620178,0.5054945349693298
Race: White,706,0.46783626079559326,0.4171717166900635,0.44005846977233887,0.32879817485809326,0.3392857313156128
Race: Other,706,0.8979592323303223,0.7865496873855591,0.75,0.7417654991149902,0.7500000596046448
Overall,707,0.6095237731933594,0.6678921580314636,0.630476176738739,0.5931203961372375,0.6086956858634949
Gender: Male,707,0.6803518533706665,0.7305194735527039,0.7082111835479736,0.6971356868743896,0.703125
Gender: Female,707,0.7967914342880249,0.442307710647583,0.4839572310447693,0.3229018449783325,0.392857164144516
Age: 50-65,707,0.6095237731933594,0.6678921580314636,0.630476176738739,0.5931203961372375,0.6086956858634949
Race: White,707,0.5559524297714233,0.5471576452255249,0.5434523820877075,0.47413793206214905,0.4754098057746887
Race: Other,707,0.7799999713897705,0.8947368860244751,0.800000011920929,0.8161764740943909,0.8399999737739563
Overall,708,0.5562410950660706,0.5868544578552246,0.5614618062973022,0.5157894492149353,0.54347825050354
Gender: Male,708,0.751124382019043,0.7171171307563782,0.6806596517562866,0.6454545259475708,0.6538462042808533
Gender: Female,708,0.4324999749660492,0.30392158031463623,0.4000000059604645,0.3162393271923065,0.4000000059604645
Age: 50-65,708,0.5562410950660706,0.5868544578552246,0.5614618062973022,0.5157894492149353,0.54347825050354
Race: White,708,0.4599999785423279,0.4727393686771393,0.47842106223106384,0.4166666865348816,0.4285714626312256
Race: Other,708,0.8133333325386047,0.875,0.75,0.761904776096344,0.7999999523162842
Overall,709,0.5203373432159424,0.45384615659713745,0.462797611951828,0.44128912687301636,0.47777777910232544
Gender: Male,709,0.7956081032752991,0.6339009404182434,0.6461148262023926,0.6374245882034302,0.6792452931404114
Gender: Female,709,0.4265734553337097,0.18010753393173218,0.2919580638408661,0.1741071492433548,0.18918919563293457
Age: 50-65,709,0.5203373432159424,0.45384615659713745,0.462797611951828,0.44128912687301636,0.47777777910232544
Race: White,709,0.4722222089767456,0.3787878751754761,0.3958333134651184,0.37381917238235474,0.3958333432674408
Race: Other,709,0.5477941036224365,0.489130437374115,0.4908088445663452,0.4672364592552185,0.4848484992980957
Overall,710,0.5731818079948425,0.5839734077453613,0.5745454430580139,0.5674335956573486,0.585106372833252
Gender: Male,710,0.7805555462837219,0.7597402334213257,0.75,0.7523809671401978,0.7592592835426331
Gender: Female,710,0.4025000333786011,0.30000001192092896,0.3500000238418579,0.30666667222976685,0.3499999940395355
Age: 50-65,710,0.5731818079948425,0.5839734077453613,0.5745454430580139,0.5674335956573486,0.585106372833252
Race: White,710,0.49142858386039734,0.456845223903656,0.4585714340209961,0.4496956765651703,0.4528301954269409
Race: Other,710,0.739393949508667,0.770370364189148,0.7212121486663818,0.7281632423400879,0.7567567825317383
Overall,711,0.6649616360664368,0.6683313846588135,0.6221227645874023,0.5849099159240723,0.6082473993301392
Gender: Male,711,0.8387096524238586,0.8522727489471436,0.7833333015441895,0.7750354409217834,0.7868852019309998
Gender: Female,711,0.4793650507926941,0.25,0.3571428656578064,0.25925925374031067,0.3055555522441864
Age: 50-65,711,0.6649616360664368,0.6683313846588135,0.6221227645874023,0.5849099159240723,0.6082473993301392
Race: White,711,0.6145833730697632,0.5833333730697632,0.5636574029922485,0.5226250886917114,0.5423728823661804
Race: Other,711,0.7647058963775635,0.8148148059844971,0.7222222089767456,0.6940559148788452,0.7142857313156128
Overall,712,0.5254306793212891,0.6058332920074463,0.5781378149986267,0.5580357313156128,0.5959596037864685
Gender: Male,712,0.6869369745254517,0.7493734359741211,0.7240990996360779,0.730644702911377,0.7540982961654663
Gender: Female,712,0.5142045021057129,0.2818181812763214,0.39772728085517883,0.2819350063800812,0.34210526943206787
Age: 50-65,712,0.5254306793212891,0.6058332920074463,0.5781378149986267,0.5580357313156128,0.5959596037864685
Race: White,712,0.5161290168762207,0.49418604373931885,0.4951612949371338,0.4713447093963623,0.49180325865745544
Race: Black,712,0.0,0.44999998807907104,0.5,0.4736842215061188,0.9000000357627869
Race: Other,712,0.545918345451355,0.8181818127632141,0.7142857313156128,0.6888889074325562,0.7142857313156128
Overall,713,0.6691964268684387,0.625,0.6142857074737549,0.5804196000099182,0.5833333730697632
Gender: Male,713,0.7966538071632385,0.7127273082733154,0.7258687019348145,0.6881720423698425,0.6896551847457886
Gender: Female,713,0.5180055499076843,0.36866360902786255,0.42105263471603394,0.35692307353019714,0.42105263471603394
Age: 50-65,713,0.6691964268684387,0.625,0.6142857074737549,0.5804196000099182,0.5833333730697632
Race: White,713,0.5165441036224365,0.4750445783138275,0.4742647111415863,0.41976791620254517,0.41999998688697815
Race: Other,713,0.8575757741928101,0.728787899017334,0.728787899017334,0.7027027010917664,0.7027027010917664
Overall,714,0.5689815282821655,0.5486111044883728,0.5356481671333313,0.5186892151832581,0.5744680762290955
Gender: Male,714,0.7629032135009766,0.7151786088943481,0.6943548321723938,0.6994949579238892,0.7254902124404907
Gender: Female,714,0.49130433797836304,0.22972972691059113,0.3695652186870575,0.28333333134651184,0.39534884691238403
Age: 50-65,714,0.5689815282821655,0.5486111044883728,0.5356481671333313,0.5186892151832581,0.5744680762290955
Race: White,714,0.49727770686149597,0.37631577253341675,0.41470053791999817,0.3823983669281006,0.4791666865348816
Race: Other,714,0.6536796689033508,0.6814516186714172,0.6461039185523987,0.6312178373336792,0.6511628031730652
Overall,715,0.529411792755127,0.6271498799324036,0.5901960730552673,0.5469092130661011,0.5729166865348816
Gender: Male,715,0.631391167640686,0.7013888955116272,0.6724137663841248,0.6601911783218384,0.6724137663841248
Gender: Female,715,0.41477274894714355,0.45588237047195435,0.48295456171035767,0.35692307353019714,0.42105263471603394
Age: 50-65,715,0.529411792755127,0.6271498799324036,0.5901960730552673,0.5469092130661011,0.5729166865348816
Race: White,715,0.4583333134651184,0.5098039507865906,0.5083333253860474,0.43047618865966797,0.43478262424468994
Race: Black,715,0.0,0.4583333432674408,0.5,0.47826087474823,0.9166666865348816
Race: Other,715,0.5638889074325562,0.6857143044471741,0.644444465637207,0.6144927740097046,0.6315789222717285
Overall,716,0.5267254710197449,0.5303969979286194,0.5254281163215637,0.4967415928840637,0.5113636255264282
Gender: Male,716,0.7071428298950195,0.6220238208770752,0.6171428561210632,0.6159420013427734,0.6226415038108826
Gender: Female,716,0.35664334893226624,0.36666667461395264,0.4300699234008789,0.30663222074508667,0.34285715222358704
Age: 50-65,716,0.5267254710197449,0.5303969979286194,0.5254281163215637,0.4967415928840637,0.5113636255264282
Race: White,716,0.4889706075191498,0.4595588445663452,0.4595588445663452,0.4000000059604645,0.3999999761581421
Race: Other,716,0.5583333373069763,0.5909091234207153,0.5833333134651184,0.58441561460495,0.625
Overall,717,0.5722996592521667,0.5172077417373657,0.5115417838096619,0.4858868420124054,0.5567010045051575
Gender: Male,717,0.6090225577354431,0.6000000238418579,0.5842105150222778,0.5854545831680298,0.6481481790542603
Gender: Female,717,0.6363636255264282,0.3963963985443115,0.45021647214889526,0.3645320236682892,0.44186046719551086
Age: 50-65,717,0.5722996592521667,0.5172077417373657,0.5115417838096619,0.4858868420124054,0.5567010045051575
Race: White,717,0.49125874042510986,0.39230769872665405,0.4143356680870056,0.37381917238235474,0.3958333432674408
Race: Black,717,0.0,0.40909090638160706,0.5,0.44999998807907104,0.8181818723678589
Race: Other,717,0.7169230580329895,0.6405529975891113,0.5938461422920227,0.5928571224212646,0.6842105388641357
Overall,718,0.5578703880310059,0.515499472618103,0.512499988079071,0.48383206129074097,0.5053763389587402
Gender: Male,718,0.8279772996902466,0.7225806713104248,0.6956521272659302,0.6861598491668701,0.695652186870575
Gender: Female,718,0.42000001668930054,0.27146464586257935,0.335454523563385,0.27969348430633545,0.3191489279270172
Age: 50-65,718,0.5578703880310059,0.515499472618103,0.512499988079071,0.48383206129074097,0.5053763389587402
Race: White,718,0.3218750059604645,0.305042028427124,0.3187499940395355,0.2860853374004364,0.2884615361690521
Race: Other,718,0.82962965965271,0.7986111044883728,0.7388888597488403,0.7380952835083008,0.7575757503509521
Overall,719,0.5106787085533142,0.48124998807907104,0.4914570450782776,0.39917367696762085,0.46739131212234497
Gender: Male,719,0.39311593770980835,0.4642857313156128,0.48188406229019165,0.4124999940395355,0.4893616735935211
Gender: Female,719,0.6578947305679321,0.5125000476837158,0.5050607323646545,0.3849097788333893,0.4444444477558136
Age: 50-65,719,0.5106787085533142,0.48124998807907104,0.4914570450782776,0.39917367696762085,0.46739131212234497
Race: White,719,0.47294116020202637,0.42518940567970276,0.453529417514801,0.3713850677013397,0.4067796468734741
Race: Other,719,0.6190476417541504,0.75,0.5333333611488342,0.3958333432674408,0.517241358757019
Overall,720,0.5087963342666626,0.561904788017273,0.5481481552124023,0.4960373044013977,0.5106382966041565
Gender: Male,720,0.5680224299430847,0.63910973072052,0.6227208971977234,0.5874999761581421,0.5925925970077515
Gender: Female,720,0.4603580832481384,0.411255419254303,0.4475703239440918,0.35999998450279236,0.4000000059604645
Age: 50-65,720,0.5087963342666626,0.561904788017273,0.5481481552124023,0.4960373044013977,0.5106382966041565
Race: White,720,0.3211805522441864,0.3684210479259491,0.3784722089767456,0.30666667222976685,0.3076923191547394
Race: Other,720,0.6955016851425171,0.7833333015441895,0.7352941036224365,0.7235772609710693,0.7352941036224365
Overall,721,0.6212121248245239,0.6864520311355591,0.6316288113594055,0.5942028760910034,0.6195652484893799
Gender: Male,721,0.720703125,0.7603254318237305,0.703125,0.6858692765235901,0.703125
Gender: Female,721,0.5208333730697632,0.4583333134651184,0.4791666567325592,0.3777777850627899,0.4285714626312256
Age: 50-65,721,0.6212121248245239,0.6864520311355591,0.6316288113594055,0.5942028760910034,0.6195652484893799
Race: White,721,0.5233333110809326,0.5625,0.5416666865348816,0.4583333134651184,0.47999998927116394
Race: Other,721,0.6988303661346436,0.8006993532180786,0.7514619827270508,0.7448276281356812,0.7567567825317383
Overall,722,0.6652461886405945,0.6247484683990479,0.5880681872367859,0.5478260517120361,0.5760869383811951
Gender: Male,722,0.7623089551925659,0.7261029481887817,0.7088285088539124,0.7142857313156128,0.7400000095367432
Gender: Female,722,0.7639256715774536,0.5621621608734131,0.5305039882659912,0.3576470613479614,0.380952388048172
Age: 50-65,722,0.6652461886405945,0.6247484683990479,0.5880681872367859,0.5478260517120361,0.5760869383811951
Race: White,722,0.6590909361839294,0.557539701461792,0.5470778942108154,0.5073891878128052,0.5199999809265137
Race: Other,722,0.6916666626930237,0.7027649879455566,0.6222221851348877,0.5691609978675842,0.6052631735801697
Overall,723,0.599130392074585,0.6357746124267578,0.6047825813293457,0.5865440368652344,0.6145833730697632
Gender: Male,723,0.7878787517547607,0.7717949151992798,0.7470862865447998,0.7506039142608643,0.7627118825912476
Gender: Female,723,0.40294116735458374,0.3031249940395355,0.4073529541492462,0.3053061068058014,0.37837839126586914
Age: 50-65,723,0.599130392074585,0.6357746124267578,0.6047825813293457,0.5865440368652344,0.6145833730697632
Race: White,723,0.4277699589729309,0.46740859746932983,0.4712482690811157,0.4375,0.4444444477558136
Race: Other,723,0.8126983642578125,0.875,0.7666666507720947,0.7763975262641907,0.8055555820465088
Overall,724,0.6884242296218872,0.7620192170143127,0.7223355770111084,0.67289137840271,0.6777777671813965
Gender: Male,724,0.7749360799789429,0.8017902970314026,0.8017902970314026,0.7719298005104065,0.7719298601150513
Gender: Female,724,0.6691728830337524,0.7333333492279053,0.5789473652839661,0.45454543828964233,0.5151515007019043
Age: 50-65,724,0.6884242296218872,0.7620192170143127,0.7223355770111084,0.67289137840271,0.6777777671813965
Race: White,724,0.5645161271095276,0.6553030610084534,0.6417050361633301,0.53240966796875,0.5333333611488342
Race: Other,724,0.9047619104385376,0.8541666269302368,0.8333333730697632,0.8146341443061829,0.8157894611358643
Overall,725,0.4729344844818115,0.48047947883605957,0.48646724224090576,0.4165057837963104,0.44086021184921265
Gender: Male,725,0.6143999695777893,0.6378676891326904,0.6200000047683716,0.6072757244110107,0.6200000047683716
Gender: Female,725,0.5689655542373657,0.12820513546466827,0.3571428656578064,0.18867924809455872,0.23255813121795654
Age: 50-65,725,0.4729344844818115,0.48047947883605957,0.48646724224090576,0.4165057837963104,0.44086021184921265
Race: White,725,0.2631579041481018,0.2773892879486084,0.33786076307296753,0.2610837519168854,0.2800000011920929
Race: Other,725,0.7875000238418579,0.7222222089767456,0.668749988079071,0.6246992349624634,0.6388888955116272
Overall,726,0.5259259343147278,0.5227272510528564,0.5208333730697632,0.5079365372657776,0.5161290168762207
Gender: Male,726,0.6206896305084229,0.6363636255264282,0.633004903793335,0.6297556161880493,0.6315789222717285
Gender: Female,726,0.5448916554450989,0.29629629850387573,0.3467492461204529,0.29870131611824036,0.3333333432674408
Age: 50-65,726,0.5259259343147278,0.5227272510528564,0.5208333730697632,0.5079365372657776,0.5161290168762207
Race: White,726,0.41499999165534973,0.42025089263916016,0.4258333444595337,0.4166666865348816,0.4285714328289032
Race: Other,726,0.7045454978942871,0.6275362372398376,0.625,0.6049896478652954,0.6052631735801697
Overall,727,0.588207483291626,0.5714285969734192,0.5636792182922363,0.532226026058197,0.5376344323158264
Gender: Male,727,0.8125936985015869,0.7559523582458496,0.7578710317611694,0.7499074935913086,0.75
Gender: Female,727,0.38235294818878174,0.15714286267757416,0.3235294222831726,0.21153846383094788,0.2682926654815674
Age: 50-65,727,0.588207483291626,0.5714285969734192,0.5636792182922363,0.532226026058197,0.5376344323158264
Race: White,727,0.3797954022884369,0.3683823347091675,0.3855498731136322,0.34360411763191223,0.35087719559669495
Race: Other,727,0.9305555820465088,0.8529411554336548,0.8611111044883728,0.8331479430198669,0.8333333730697632
Overall,728,0.560606062412262,0.5352941155433655,0.5303030610084534,0.5,0.5102040767669678
Gender: Male,728,0.658730149269104,0.6761133670806885,0.6726190447807312,0.6660069227218628,0.6666666865348816
Gender: Female,728,0.5536231994628906,0.3722943663597107,0.41449275612831116,0.3437148332595825,0.37735849618911743
Age: 50-65,728,0.560606062412262,0.5352941155433655,0.5303030610084534,0.5,0.5102040767669678
Race: White,728,0.354411780834198,0.35735294222831726,0.35735294222831726,0.3333333432674408,0.3333333432674408
Race: Other,728,0.8227146863937378,0.7714285850524902,0.7105263471603394,0.69332355260849,0.7105263471603394
Overall,729,0.6651651859283447,0.6975757479667664,0.6631631851196289,0.608578085899353,0.6153846383094788
Gender: Male,729,0.8089081048965454,0.7705278396606445,0.7650861740112305,0.7543672323226929,0.7547169923782349
Gender: Female,729,0.6338461637496948,0.6857143044471741,0.5600000023841858,0.3779762089252472,0.42105263471603394
Age: 50-65,729,0.6651651859283447,0.6975757479667664,0.6631631851196289,0.608578085899353,0.6153846383094788
Race: White,729,0.5344129800796509,0.5861111283302307,0.5941295623779297,0.4697728157043457,0.4705882668495178
Race: Other,729,0.8815789222717285,0.8100000023841858,0.7549341917037964,0.7552447319030762,0.7714285850524902
Overall,730,0.6360592842102051,0.5942028760910034,0.5714969038963318,0.5253071188926697,0.54347825050354
Gender: Male,730,0.7268518209457397,0.6944444179534912,0.6782407760620117,0.6761904954910278,0.686274528503418
Gender: Female,730,0.6851851940155029,0.46666669845581055,0.4841269850730896,0.33375000953674316,0.3658536374568939
Age: 50-65,730,0.6360592842102051,0.5942028760910034,0.5714969038963318,0.5253071188926697,0.54347825050354
Race: White,730,0.7178683280944824,0.6029411554336548,0.5932601690292358,0.5644409656524658,0.5686274766921997
Race: Other,730,0.6124999523162842,0.5666666626930237,0.5375000238418579,0.45819395780563354,0.5
Overall,731,0.5139130353927612,0.527992844581604,0.5204347372055054,0.4909862279891968,0.53125
Gender: Male,731,0.7175698280334473,0.6274510025978088,0.6174055933952332,0.6179965734481812,0.6399999856948853
Gender: Female,731,0.4057142734527588,0.3791666626930237,0.44476190209388733,0.34320464730262756,0.4130434989929199
Age: 50-65,731,0.5139130353927612,0.527992844581604,0.5204347372055054,0.4909862279891968,0.53125
Race: White,731,0.35190218687057495,0.39642858505249023,0.401494562625885,0.37997347116470337,0.38181817531585693
Race: Other,731,0.7749999761581421,0.8448275923728943,0.625,0.6081632971763611,0.71875
Overall,732,0.5098389983177185,0.5527690649032593,0.5451699495315552,0.5158001780509949,0.5263158082962036
Gender: Male,732,0.639285683631897,0.696969747543335,0.6857143044471741,0.6836363673210144,0.6896551847457886
Gender: Female,732,0.4423076808452606,0.27619048953056335,0.3493589758872986,0.2505626380443573,0.27027028799057007
Age: 50-65,732,0.5098389983177185,0.5527690649032593,0.5451699495315552,0.5158001780509949,0.5263158082962036
Race: White,732,0.4301801919937134,0.45792683959007263,0.4611486494541168,0.42375168204307556,0.42622947692871094
Race: Other,732,0.6794871687889099,0.752525269985199,0.7136752605438232,0.718181848526001,0.7419354915618896
Overall,733,0.5857832431793213,0.6517199277877808,0.6083808541297913,0.5929739475250244,0.6354166865348816
Gender: Male,733,0.6962524652481079,0.7527778148651123,0.7243589758872986,0.7308489084243774,0.7538461685180664
Gender: Female,733,0.5378150939941406,0.2068965584039688,0.4285714328289032,0.27906978130340576,0.3870967626571655
Age: 50-65,733,0.5857832431793213,0.6517199277877808,0.6083808541297913,0.5929739475250244,0.6354166865348816
Race: White,733,0.5064102411270142,0.5571428537368774,0.5480769276618958,0.5245969295501709,0.5399999618530273
Race: Other,733,0.7053571343421936,0.761904776096344,0.663690447807312,0.6530264616012573,0.7027027010917664
Overall,734,0.6412835121154785,0.6246377229690552,0.6029693484306335,0.5362019538879395,0.542553186416626
Gender: Male,734,0.8421052694320679,0.7308270931243896,0.7308270931243896,0.6666666865348816,0.6666666865348816
Gender: Female,734,0.49616366624832153,0.35784316062927246,0.4258311986923218,0.3238674998283386,0.375
Age: 50-65,734,0.6412835121154785,0.6246377229690552,0.6029693484306335,0.5362019538879395,0.542553186416626
Race: White,734,0.5382113456726074,0.48114633560180664,0.4796748161315918,0.39208173751831055,0.392857164144516
Race: Other,734,0.7117646932601929,0.8448275923728943,0.7352941036224365,0.7281632423400879,0.7567567825317383
Overall,735,0.5901360511779785,0.5420634746551514,0.5338010191917419,0.5109243988990784,0.5360824465751648
Gender: Male,735,0.7135076522827148,0.6824866533279419,0.648692786693573,0.6445221900939941,0.6721311211585999
Gender: Female,735,0.4476190209388733,0.30384618043899536,0.3380952477455139,0.29189613461494446,0.3055555522441864
Age: 50-65,735,0.5901360511779785,0.5420634746551514,0.5338010191917419,0.5109243988990784,0.5360824465751648
Race: White,735,0.5291666388511658,0.45588237047195435,0.4583333134651184,0.4413793087005615,0.4444444477558136
Race: Other,735,0.6470588445663452,0.6571428775787354,0.5970588326454163,0.5683333277702332,0.6216216087341309
Overall,736,0.6052393913269043,0.5427559614181519,0.5354561805725098,0.49428021907806396,0.5052632093429565
Gender: Male,736,0.669829249382019,0.6321428418159485,0.6404174566268921,0.6026144027709961,0.6041666865348816
Gender: Female,736,0.5797101259231567,0.2964285612106323,0.39673912525177,0.31458333134651184,0.40425530076026917
Age: 50-65,736,0.6052393913269043,0.5427559614181519,0.5354561805725098,0.49428021907806396,0.5052632093429565
Race: White,736,0.4055727422237396,0.35388511419296265,0.366099089384079,0.31857144832611084,0.3207547068595886
Race: Other,736,0.8666666746139526,0.7693603038787842,0.7222222089767456,0.7003583908081055,0.7105263471603394
Overall,737,0.6157804727554321,0.5962963104248047,0.578044593334198,0.5668154954910278,0.5979381203651428
Gender: Male,737,0.7116477489471436,0.7553571462631226,0.703125,0.7083333730697632,0.7407407760620117
Gender: Female,737,0.5303030014038086,0.4089743494987488,0.423160195350647,0.3977591395378113,0.41860464215278625
Age: 50-65,737,0.6157804727554321,0.5962963104248047,0.578044593334198,0.5668154954910278,0.5979381203651428
Race: White,737,0.4866666793823242,0.479619562625885,0.48000001907348633,0.4720291495323181,0.4727272689342499
Race: Other,737,0.764285683631897,0.8333333730697632,0.6428571343421936,0.6222222447395325,0.7058823704719543
Overall,738,0.5471698045730591,0.621666669845581,0.581985592842102,0.5217188000679016,0.5473684668540955
Gender: Male,738,0.7009602785110474,0.7790143489837646,0.7407407760620117,0.7315341234207153,0.7407407760620117
Gender: Female,738,0.5615384578704834,0.15789473056793213,0.4000000059604645,0.22641509771347046,0.2926829159259796
Age: 50-65,738,0.5471698045730591,0.621666669845581,0.581985592842102,0.5217188000679016,0.5473684668540955
Race: White,738,0.4754902124404907,0.45116281509399414,0.46568629145622253,0.34710144996643066,0.35849058628082275
Race: Other,738,0.736842155456543,0.7961538434028625,0.7383900880813599,0.7333333492279053,0.75
Overall,739,0.52685546875,0.5531309247016907,0.5546875,0.49978289008140564,0.5
Gender: Male,739,0.700775146484375,0.6646634340286255,0.7124031186103821,0.6244218349456787,0.6379310488700867
Gender: Female,739,0.3389355540275574,0.2291666716337204,0.31792718172073364,0.24724872410297394,0.28947368264198303
Age: 50-65,739,0.52685546875,0.5531309247016907,0.5546875,0.49978289008140564,0.5
Race: White,739,0.3692810535430908,0.4363636374473572,0.43137258291244507,0.39428573846817017,0.3962264060974121
Race: Other,739,0.7435897588729858,0.6547619104385376,0.6944444179534912,0.5916666984558105,0.6000000238418579
Overall,740,0.6230158805847168,0.6466666460037231,0.6018518805503845,0.5865632891654968,0.6354166865348816
Gender: Male,740,0.726244330406189,0.7585227489471436,0.7058823108673096,0.7069597244262695,0.7333333492279053
Gender: Female,740,0.6625000238418579,0.3580645024776459,0.4312500059604645,0.3613445460796356,0.472222238779068
Age: 50-65,740,0.6230158805847168,0.6466666460037231,0.6018518805503845,0.5865632891654968,0.6354166865348816
Race: White,740,0.4938271641731262,0.49392712116241455,0.49537035822868347,0.469854474067688,0.5098039507865906
Race: Other,740,0.7754011154174805,0.8548387289047241,0.7352941036224365,0.7350943088531494,0.7692307829856873
Overall,741,0.5793420076370239,0.6160037517547607,0.6020408272743225,0.5896940231323242,0.6020408272743225
Gender: Male,741,0.7510775327682495,0.7768878936767578,0.7607758641242981,0.7516961097717285,0.7540982961654663
Gender: Female,741,0.3735294044017792,0.2698412835597992,0.3294117748737335,0.2884615361690521,0.3513513505458832
Age: 50-65,741,0.5793420076370239,0.6160037517547607,0.6020408272743225,0.5896940231323242,0.6020408272743225
Race: White,741,0.5377155542373657,0.5827702283859253,0.5792025923728943,0.5708874464035034,0.5737704634666443
Race: Other,741,0.7761905193328857,0.6845238208770752,0.6476190686225891,0.633838415145874,0.6551724076271057
Overall,742,0.5786458253860474,0.6216517686843872,0.6135416626930237,0.5426136255264282,0.54347825050354
Gender: Male,742,0.7245370149612427,0.7710622549057007,0.7569444179534912,0.7159565687179565,0.7166666984558105
Gender: Female,742,0.5,0.29428571462631226,0.3125,0.2179863154888153,0.21875
Age: 50-65,742,0.5786458253860474,0.6216517686843872,0.6135416626930237,0.5426136255264282,0.54347825050354
Race: White,742,0.5139784812927246,0.5253549814224243,0.5268816947937012,0.47727274894714355,0.47826087474823
Race: Other,742,0.6683673858642578,0.725806474685669,0.6964285373687744,0.5931624174118042,0.5952380895614624
Overall,743,0.5412087440490723,0.598809540271759,0.5950091481208801,0.5676546096801758,0.5684210658073425
Gender: Male,743,0.6041666269302368,0.686904788017273,0.6924019455909729,0.6862980723381042,0.6896551847457886
Gender: Female,743,0.563636302947998,0.38749998807907104,0.44545453786849976,0.329393208026886,0.37837839126586914
Age: 50-65,743,0.5412087440490723,0.598809540271759,0.5950091481208801,0.5676546096801758,0.5684210658073425
Race: White,743,0.29870128631591797,0.40851446986198425,0.39069265127182007,0.3815789520740509,0.40425530076026917
Race: Other,743,0.726190447807312,0.8068181872367859,0.7410714626312256,0.736842155456543,0.7555555701255798
Overall,744,0.5553470849990845,0.5552940964698792,0.5440900325775146,0.5013701915740967,0.5161290168762207
Gender: Male,744,0.7311828136444092,0.7004504203796387,0.6794354915618896,0.650384783744812,0.6545454263687134
Gender: Female,744,0.3641456365585327,0.24884793162345886,0.3473389446735382,0.2648809552192688,0.31578946113586426
Age: 50-65,744,0.5553470849990845,0.5552940964698792,0.5440900325775146,0.5013701915740967,0.5161290168762207
Race: White,744,0.33908045291900635,0.34062498807907104,0.3534482717514038,0.3163636326789856,0.3191489279270172
Race: Other,744,0.7850241661071777,0.7903225421905518,0.717391312122345,0.670377254486084,0.6829267740249634
Overall,745,0.6557724475860596,0.6013031005859375,0.602292001247406,0.5699570178985596,0.5699999928474426
Gender: Male,745,0.8318182229995728,0.746874988079071,0.7693182229995728,0.7375661134719849,0.7419354915618896
Gender: Female,745,0.5227272510528564,0.2662835121154785,0.32670456171035767,0.26451611518859863,0.28947368264198303
Age: 50-65,745,0.6557724475860596,0.6013031005859375,0.602292001247406,0.5699570178985596,0.5699999928474426
Race: White,745,0.5797101259231567,0.504690408706665,0.5051760077476501,0.45967739820480347,0.46268656849861145
Race: Other,745,0.7999999523162842,0.8054298758506775,0.800000011920929,0.7991071343421936,0.8000000715255737
Overall,746,0.5435203313827515,0.5589802265167236,0.5374758243560791,0.48547011613845825,0.5274725556373596
Gender: Male,746,0.5782312750816345,0.5747863054275513,0.5595238208770752,0.5496323704719543,0.5918367505073547
Gender: Female,746,0.6274038553237915,0.6027027368545532,0.5456730723381042,0.41205111145973206,0.4523809552192688
Age: 50-65,746,0.5435203313827515,0.5589802265167236,0.5374758243560791,0.48547011613845825,0.5274725556373596
Race: White,746,0.5105262994766235,0.4918830990791321,0.4934210479259491,0.40745192766189575,0.41379308700561523
Race: Other,746,0.5785714387893677,0.6413043737411499,0.5928571224212646,0.6004228591918945,0.7407407760620117
Overall,747,0.644432783126831,0.591306746006012,0.5877100825309753,0.5439376831054688,0.5444444417953491
Gender: Male,747,0.7495256662368774,0.7026087045669556,0.7210626602172852,0.699999988079071,0.7083333730697632
Gender: Female,747,0.6376470327377319,0.3472222089767456,0.42235293984413147,0.3097991347312927,0.3571428656578064
Age: 50-65,747,0.644432783126831,0.591306746006012,0.5877100825309753,0.5439376831054688,0.5444444417953491
Race: White,747,0.6080139875411987,0.47478991746902466,0.46864113211631775,0.40860214829444885,0.41818180680274963
Race: Other,747,0.7647058963775635,0.7947368621826172,0.7745097875595093,0.7803030014038086,0.7931034564971924
Overall,748,0.5957446694374084,0.6281392574310303,0.5955319404602051,0.5630630850791931,0.5876288414001465
Gender: Male,748,0.7590497732162476,0.8132694959640503,0.7590497732162476,0.7644215822219849,0.7833333611488342
Gender: Female,748,0.432692289352417,0.27619048953056335,0.3493589758872986,0.2505626380443573,0.27027028799057007
Age: 50-65,748,0.5957446694374084,0.6281392574310303,0.5955319404602051,0.5630630850791931,0.5876288414001465
Race: White,748,0.5863970518112183,0.5868055820465088,0.5689338445663452,0.5492683053016663,0.575757622718811
Race: Other,748,0.7426470518112183,0.7105263471603394,0.6764705777168274,0.5571658611297607,0.5600000023841858
Overall,749,0.48458331823349,0.44460785388946533,0.4529166519641876,0.42974138259887695,0.44897958636283875
Gender: Male,749,0.6369047164916992,0.6076388955116272,0.5922619104385376,0.5666666626930237,0.5769230723381042
Gender: Female,749,0.33522725105285645,0.2589285671710968,0.29545456171035767,0.2698412835597992,0.30434784293174744
Age: 50-65,749,0.48458331823349,0.44460785388946533,0.4529166519641876,0.42974138259887695,0.44897958636283875
Race: White,749,0.392857164144516,0.385174423456192,0.39419645071029663,0.379209041595459,0.38805970549583435
Race: Other,749,0.7032966613769531,0.6190476417541504,0.5824176073074341,0.553383469581604,0.5925925970077515
Overall,750,0.5236453413963318,0.6274007558822632,0.5980295538902283,0.5174528360366821,0.5268816947937012
Gender: Male,750,0.7824074029922485,0.7911183834075928,0.7731481790542603,0.7624223232269287,0.7647058963775635
Gender: Female,750,0.2961876690387726,0.28205129504203796,0.42521995306015015,0.20941177010536194,0.2380952388048172
Age: 50-65,750,0.5236453413963318,0.6274007558822632,0.5980295538902283,0.5174528360366821,0.5268816947937012
Race: White,750,0.34356725215911865,0.4521739184856415,0.46783626079559326,0.34375,0.3571428656578064
Race: Other,750,0.8321428298950195,0.8181818127632141,0.800000011920929,0.7638888955116272,0.7647058963775635
Overall,751,0.5763673782348633,0.5464404821395874,0.5430856347084045,0.49297481775283813,0.49450549483299255
Gender: Male,751,0.675084114074707,0.6439393758773804,0.6439393758773804,0.5882353186607361,0.5882353186607361
Gender: Female,751,0.5182291269302368,0.3996865153312683,0.4166666567325592,0.3650793731212616,0.375
Age: 50-65,751,0.5763673782348633,0.5464404821395874,0.5430856347084045,0.49297481775283813,0.49450549483299255
Race: White,751,0.36883628368377686,0.4015151560306549,0.3717948794364929,0.34578725695610046,0.36538463830947876
Race: Other,751,0.7685185074806213,0.721674919128418,0.6388888955116272,0.601702094078064,0.6388888955116272
Overall,752,0.48277348279953003,0.4847480058670044,0.4851421117782593,0.4733312129974365,0.47422680258750916
Gender: Male,752,0.7536946535110474,0.7250000238418579,0.721674919128418,0.6998800039291382,0.699999988079071
Gender: Female,752,0.2963636517524719,0.23026315867900848,0.2390909045934677,0.2309090942144394,0.23404254019260406
Age: 50-65,752,0.48277348279953003,0.4847480058670044,0.4851421117782593,0.4733312129974365,0.47422680258750916
Race: White,752,0.38769805431365967,0.38533836603164673,0.38630008697509766,0.37864524126052856,0.3787878751754761
Race: Other,752,0.7384614944458008,0.732620358467102,0.7230769395828247,0.7128205299377441,0.7142857313156128
Overall,753,0.47520843148231506,0.4632352888584137,0.4692847728729248,0.4341007471084595,0.4479166865348816
Gender: Male,753,0.6805555820465088,0.6875,0.6666666269302368,0.6571428775787354,0.6666666865348816
Gender: Female,753,0.3357531428337097,0.2083333432674408,0.27132487297058105,0.2124168425798416,0.2291666716337204
Age: 50-65,753,0.47520843148231506,0.4632352888584137,0.4692847728729248,0.4341007471084595,0.4479166865348816
Race: White,753,0.3716689944267273,0.3413533866405487,0.35203367471694946,0.32965517044067383,0.3333333432674408
Race: Other,753,0.6292517185211182,0.6196581125259399,0.5952380895614624,0.5333333611488342,0.5428571701049805
Overall,754,0.5008913278579712,0.5245202779769897,0.5204991102218628,0.49081993103027344,0.5052632093429565
Gender: Male,754,0.7142857313156128,0.75,0.75,0.75,0.7551020383834839
Gender: Female,754,0.4833333492279053,0.19963371753692627,0.3291666805744171,0.20884521305561066,0.239130437374115
Age: 50-65,754,0.5008913278579712,0.5245202779769897,0.5204991102218628,0.49081993103027344,0.5052632093429565
Race: White,754,0.4282744526863098,0.4563397169113159,0.4620581865310669,0.4214285612106323,0.4285714626312256
Race: Other,754,0.6794872283935547,0.6458333730697632,0.634615421295166,0.6305419206619263,0.6399999856948853
Overall,755,0.4548611044883728,0.3770242929458618,0.40625,0.36250001192092896,0.3921568691730499
Gender: Male,755,0.7067900896072388,0.6636363863945007,0.6111111044883728,0.5867803692817688,0.6274510025978088
Gender: Female,755,0.2857142686843872,0.13055555522441864,0.18333333730697632,0.1450292468070984,0.1568627506494522
Age: 50-65,755,0.4548611044883728,0.3770242929458618,0.40625,0.36250001192092896,0.3921568691730499
Race: White,755,0.334285706281662,0.24296537041664124,0.2738095223903656,0.24710425734519958,0.26153847575187683
Race: Other,755,0.656862735748291,0.75,0.6470588445663452,0.560606062412262,0.5862069129943848
Overall,756,0.5979964733123779,0.5801216959953308,0.5688153505325317,0.5288720726966858,0.5360824465751648
Gender: Male,756,0.8766025900840759,0.7840722799301147,0.7772436141967773,0.7777777910232544,0.7799999713897705
Gender: Female,756,0.4791666567325592,0.3157051205635071,0.3802083432674408,0.260185182094574,0.27659574151039124
Age: 50-65,756,0.5979964733123779,0.5801216959953308,0.5688153505325317,0.5288720726966858,0.5360824465751648
Race: White,756,0.5066518783569336,0.4261627793312073,0.42960089445114136,0.38032788038253784,0.3809524178504944
Race: Other,756,0.836363673210144,0.8235294222831726,0.800000011920929,0.7678571343421936,0.7692307829856873
Overall,757,0.5031818151473999,0.561274528503418,0.5511363744735718,0.5065492391586304,0.5157895088195801
Gender: Male,757,0.7258979082107544,0.7465887069702148,0.739130437374115,0.7371428608894348,0.739130437374115
Gender: Female,757,0.37867647409439087,0.3338414430618286,0.3998161852359772,0.28189656138420105,0.30612245202064514
Age: 50-65,757,0.5031818151473999,0.561274528503418,0.5511363744735718,0.5065492391586304,0.5157895088195801
Race: White,757,0.37518036365509033,0.42105263471603394,0.4307359457015991,0.3836042881011963,0.3888888955116272
Race: Other,757,0.6920635104179382,0.7345454692840576,0.7047619223594666,0.6625000238418579,0.6666666865348816
Overall,758,0.4869387745857239,0.4848484992980957,0.486530601978302,0.47103193402290344,0.4848484992980957
Gender: Male,758,0.7290909290313721,0.6992337107658386,0.6890909075737,0.6785225868225098,0.6808510422706604
Gender: Female,758,0.34962964057922363,0.25585585832595825,0.2992592453956604,0.26875001192092896,0.3076923191547394
Age: 50-65,758,0.4869387745857239,0.4848484992980957,0.486530601978302,0.47103193402290344,0.4848484992980957
Race: White,758,0.31676411628723145,0.31676411628723145,0.31676411628723145,0.3076923191547394,0.3076923191547394
Race: Other,758,0.827380895614624,0.8500000238418579,0.75,0.7450980544090271,0.7692307829856873
Overall,759,0.5426774621009827,0.5741567611694336,0.5671608448028564,0.5422969460487366,0.5473684668540955
Gender: Male,759,0.7848557829856873,0.7878788113594055,0.7740384340286255,0.7574671506881714,0.7586206793785095
Gender: Female,759,0.2916666865348816,0.1796296238899231,0.2425595223903656,0.1950487643480301,0.21621622145175934
Age: 50-65,759,0.5426774621009827,0.5741567611694336,0.5671608448028564,0.5422969460487366,0.5473684668540955
Race: White,759,0.44796377420425415,0.46357226371765137,0.4649321436882019,0.44862157106399536,0.45000001788139343
Race: Other,759,0.770370364189148,0.8125,0.75,0.7179487347602844,0.7272727489471436
Overall,760,0.566135048866272,0.5552940964698792,0.5440900325775146,0.5013701915740967,0.5161290168762207
Gender: Male,760,0.6090909242630005,0.636274516582489,0.6263636350631714,0.6126374006271362,0.6170212626457214
Gender: Female,760,0.6374269127845764,0.44736844301223755,0.46881091594696045,0.3774436116218567,0.4130434989929199
Age: 50-65,760,0.566135048866272,0.5552940964698792,0.5440900325775146,0.5013701915740967,0.5161290168762207
Race: White,760,0.47178131341934204,0.46405231952667236,0.47089946269989014,0.41025641560554504,0.42028987407684326
Race: Other,760,0.8666666746139526,0.7952381372451782,0.7583333253860474,0.7603485584259033,0.7727273106575012
Overall,761,0.38730156421661377,0.45643940567970276,0.46870750188827515,0.4228963851928711,0.45744678378105164
Gender: Male,761,0.4718196392059326,0.6269841194152832,0.6030595898628235,0.5924496054649353,0.6200000047683716
Gender: Female,761,0.3910256624221802,0.2152777761220932,0.32478633522987366,0.23311546444892883,0.27272728085517883
Age: 50-65,761,0.38730156421661377,0.45643940567970276,0.46870750188827515,0.4228963851928711,0.45744678378105164
Race: White,761,0.2211180031299591,0.30416667461395264,0.32484471797943115,0.287810742855072,0.2931034564971924
Race: Other,761,0.6064814329147339,0.8461538553237915,0.6666666865348816,0.6590908765792847,0.7333333492279053
Overall,762,0.6179167032241821,0.5643478035926819,0.5462499856948853,0.5088539719581604,0.5408163070678711
Gender: Male,762,0.6626983880996704,0.7000000476837158,0.658730149269104,0.6372787356376648,0.6545454263687134
Gender: Female,762,0.6125540733337402,0.3392857313156128,0.40259742736816406,0.3345237970352173,0.39534884691238403
Age: 50-65,762,0.6179167032241821,0.5643478035926819,0.5462499856948853,0.5088539719581604,0.5408163070678711
Race: White,762,0.5359195470809937,0.4436274468898773,0.45043104887008667,0.42391306161880493,0.43396228551864624
Race: Other,762,0.7675000429153442,0.7941176891326904,0.6499999761581421,0.6011396050453186,0.6500000357627869
Overall,763,0.6614100337028503,0.6700819730758667,0.6539888381958008,0.6391534805297852,0.6451612710952759
Gender: Male,763,0.8099490404129028,0.8039591312408447,0.8035714626312256,0.8035087585449219,0.8035714626312256
Gender: Female,763,0.735119104385376,0.40312498807907104,0.4538690447807312,0.34775641560554504,0.4054054021835327
Age: 50-65,763,0.6614100337028503,0.6700819730758667,0.6539888381958008,0.6391534805297852,0.6451612710952759
Race: White,763,0.5299999713897705,0.5324675440788269,0.5333333611488342,0.5192307829856873,0.5199999809265137
Race: Other,763,0.8877192735671997,0.8125,0.7631579041481018,0.7294429540634155,0.7352941036224365
Overall,764,0.5419580340385437,0.5804597735404968,0.5856643319129944,0.4885866343975067,0.489130437374115
Gender: Male,764,0.6899999976158142,0.6997649669647217,0.7124999761581421,0.6491228342056274,0.6500000357627869
Gender: Female,764,0.4294871687889099,0.3076923191547394,0.3076923191547394,0.1875,0.1875
Age: 50-65,764,0.5419580340385437,0.5804597735404968,0.5856643319129944,0.4885866343975067,0.489130437374115
Race: White,764,0.40040650963783264,0.4611110985279083,0.4502032399177551,0.36927515268325806,0.37735849618911743
Race: Other,764,0.6599999666213989,0.7083333134651184,0.7200000286102295,0.5996732115745544,0.6000000238418579
Overall,765,0.520291805267334,0.49810606241226196,0.49863201379776,0.47091931104660034,0.521276593208313
Gender: Male,765,0.79296875,0.7184873819351196,0.703125,0.7090909481048584,0.75
Gender: Female,765,0.4873294234275818,0.22039473056793213,0.3343079686164856,0.2390977442264557,0.28260868787765503
Age: 50-65,765,0.520291805267334,0.49810606241226196,0.49863201379776,0.47091931104660034,0.521276593208313
Race: White,765,0.29347825050354004,0.28214287757873535,0.3105590045452118,0.28056424856185913,0.29411765933036804
Race: Black,765,0.0,0.4000000059604645,0.5,0.4444444477558136,0.800000011920929
Race: Other,765,0.8807692527770996,0.8703703880310059,0.7307692170143127,0.7413213849067688,0.7878788113594055
Overall,766,0.5233516693115234,0.5631663203239441,0.5542582273483276,0.5092093348503113,0.5157895088195801
Gender: Male,766,0.6299999952316284,0.6783217191696167,0.6699999570846558,0.6384698152542114,0.6393442153930664
Gender: Female,766,0.4392856955528259,0.244047611951828,0.3464285731315613,0.2527472674846649,0.29411765933036804
Age: 50-65,766,0.5233516693115234,0.5631663203239441,0.5542582273483276,0.5092093348503113,0.5157895088195801
Race: White,766,0.42510122060775757,0.4833887219429016,0.4848178029060364,0.4497666358947754,0.453125
Race: Other,766,0.7373737096786499,0.75,0.6944444179534912,0.6133333444595337,0.6206896305084229
Overall,767,0.5313788652420044,0.5416666865348816,0.5412276983261108,0.5103635191917419,0.5104166865348816
Gender: Male,767,0.6788194179534912,0.6858974695205688,0.7013888955116272,0.6753246784210205,0.6800000071525574
Gender: Female,767,0.4035087823867798,0.3284313678741455,0.36354774236679077,0.31011128425598145,0.32608696818351746
Age: 50-65,767,0.5313788652420044,0.5416666865348816,0.5412276983261108,0.5103635191917419,0.5104166865348816
Race: White,767,0.4492063522338867,0.4452381134033203,0.4452381134033203,0.4313725531101227,0.4313725531101227
Race: Other,767,0.7000000476837158,0.6606060862541199,0.6766666173934937,0.6191176176071167,0.6216216087341309
Overall,768,0.5267947912216187,0.5785543918609619,0.5664812922477722,0.5526455044746399,0.5730336904525757
Gender: Male,768,0.7443609237670898,0.7574074268341064,0.7612781524658203,0.7589743733406067,0.7659574151039124
Gender: Female,768,0.46759259700775146,0.3285714387893677,0.402777761220932,0.3097991347312927,0.3571428656578064
Age: 50-65,768,0.5267947912216187,0.5785543918609619,0.5664812922477722,0.5526455044746399,0.5730336904525757
Race: White,768,0.4069444537162781,0.4368421137332916,0.4416666626930237,0.4209616184234619,0.42592594027519226
Race: Other,768,0.7647058963775635,0.8184523582458496,0.7622548937797546,0.7710525989532471,0.7931034564971924
Overall,769,0.5943043828010559,0.604347825050354,0.5784313678741455,0.5624920725822449,0.602150559425354
Gender: Male,769,0.6501240730285645,0.6944444179534912,0.6693547964096069,0.666883111000061,0.6842105388641357
Gender: Female,769,0.5968749523162842,0.3580645024776459,0.4312500059604645,0.3613445460796356,0.472222238779068
Age: 50-65,769,0.5943043828010559,0.604347825050354,0.5784313678741455,0.5624920725822449,0.602150559425354
Race: White,769,0.5243055820465088,0.4368421137332916,0.4583333432674408,0.4079696238040924,0.4583333432674408
Race: Other,769,0.7764705419540405,0.7387820482254028,0.7191176414489746,0.7196969985961914,0.7297297716140747
Overall,770,0.4644249379634857,0.4800724387168884,0.48391813039779663,0.4204585552215576,0.4301075339317322
Gender: Male,770,0.7184343338012695,0.7057926654815674,0.6704545617103577,0.6241758465766907,0.6315789222717285
Gender: Female,770,0.1180555522441864,0.0714285746216774,0.1666666716337204,0.10000000149011612,0.1111111119389534
Age: 50-65,770,0.4644249379634857,0.4800724387168884,0.48391813039779663,0.4204585552215576,0.4301075339317322
Race: White,770,0.2171945720911026,0.2380952537059784,0.25113123655319214,0.19112318754196167,0.1914893537759781
Race: Other,770,0.7000000476837158,0.7243589758872986,0.6944444179534912,0.6761363744735718,0.6842105388641357
Overall,771,0.5306977033615112,0.5120587944984436,0.5095348954200745,0.4900299310684204,0.5268816947937012
Gender: Male,771,0.6729323267936707,0.6199597120285034,0.6118420958518982,0.6130750775337219,0.6382978558540344
Gender: Female,771,0.5397727489471436,0.38288289308547974,0.4261363744735718,0.36209553480148315,0.4130434989929199
Age: 50-65,771,0.5306977033615112,0.5120587944984436,0.5095348954200745,0.4900299310684204,0.5268816947937012
Race: White,771,0.4425925612449646,0.3848484754562378,0.39444446563720703,0.3516339957714081,0.3541666865348816
Race: Other,771,0.6753246784210205,0.6465517282485962,0.6379870176315308,0.6416040062904358,0.7179487347602844
Overall,772,0.6373737454414368,0.6325430870056152,0.6242424249649048,0.5583226680755615,0.5591397881507874
Gender: Male,772,0.7654808759689331,0.737812876701355,0.737812876701355,0.7142857313156128,0.7142857313156128
Gender: Female,772,0.5370370149612427,0.46236559748649597,0.4740740656852722,0.316334068775177,0.3243243396282196
Age: 50-65,772,0.6373737454414368,0.6325430870056152,0.6242424249649048,0.5583226680755615,0.5591397881507874
Race: White,772,0.5074074268341064,0.4866071343421936,0.4861111044883728,0.4115384817123413,0.4117647111415863
Race: Other,772,0.7826086282730103,0.7916666269302368,0.782608687877655,0.7295321226119995,0.7297297716140747
Overall,773,0.6142857074737549,0.6594202518463135,0.6204761862754822,0.6074984073638916,0.6413043737411499
Gender: Male,773,0.668055534362793,0.7255638837814331,0.7083333134651184,0.7101967930793762,0.7222222089767456
Gender: Female,773,0.6722222566604614,0.5147058963775635,0.5055555701255798,0.42424243688583374,0.5263158082962036
Age: 50-65,773,0.6142857074737549,0.6594202518463135,0.6204761862754822,0.6074984073638916,0.6413043737411499
Race: White,773,0.5561224222183228,0.5742705464363098,0.5714285373687744,0.4997164011001587,0.5
Race: Other,773,0.7188940048217773,0.6857143044471741,0.6497696042060852,0.6590908765792847,0.7333333492279053
Overall,774,0.5994318723678589,0.5813491940498352,0.569886326789856,0.5015323162078857,0.5057471394538879
Gender: Male,774,0.7083333730697632,0.675000011920929,0.6895833015441895,0.6495238542556763,0.6521739363670349
Gender: Female,774,0.5475000143051147,0.3006756901741028,0.42625001072883606,0.279765784740448,0.3414633870124817
Age: 50-65,774,0.5994318723678589,0.5813491940498352,0.569886326789856,0.5015323162078857,0.5057471394538879
Race: White,774,0.40672266483306885,0.41025644540786743,0.42352941632270813,0.3422619104385376,0.3461538553237915
Race: Other,774,0.8714286088943481,0.804347813129425,0.7749999761581421,0.7332171201705933,0.7352941036224365
Overall,775,0.5452847480773926,0.5308219194412231,0.5210084319114685,0.49193549156188965,0.5483871102333069
Gender: Male,775,0.7740384340286255,0.7124999761581421,0.7043269276618958,0.7080440521240234,0.7636363506317139
Gender: Female,775,0.41025644540786743,0.22121211886405945,0.35256412625312805,0.21003584563732147,0.2368421107530594
Age: 50-65,775,0.5452847480773926,0.5308219194412231,0.5210084319114685,0.49193549156188965,0.5483871102333069
Race: White,775,0.3894009292125702,0.3110367953777313,0.3698156476020813,0.3114250600337982,0.35593220591545105
Race: Other,775,0.798701286315918,0.8888888955116272,0.8181818127632141,0.8263888955116272,0.8399999737739563
Overall,776,0.5597484111785889,0.5428436994552612,0.5408805012702942,0.5244187116622925,0.5263158082962036
Gender: Male,776,0.7958579659461975,0.7259358167648315,0.75,0.7291666865348816,0.7435897588729858
Gender: Female,776,0.4495530128479004,0.3214285671710968,0.3659003674983978,0.3266918361186981,0.3750000298023224
Age: 50-65,776,0.5597484111785889,0.5428436994552612,0.5408805012702942,0.5244187116622925,0.5263158082962036
Race: White,776,0.3214285373687744,0.3333333432674408,0.3333333432674408,0.3265306055545807,0.3265306055545807
Race: Other,776,0.8877005577087402,0.800000011920929,0.7887700796127319,0.7686222791671753,0.7692307829856873
Overall,777,0.6494791507720947,0.6838709712028503,0.6781250238418579,0.6085106134414673,0.6086956858634949
Gender: Male,777,0.7808641791343689,0.7719780206680298,0.8055555820465088,0.7698863744735718,0.7777777910232544
Gender: Female,777,0.5148809552192688,0.4305555522441864,0.4851190447807312,0.29846152663230896,0.3684210479259491
Age: 50-65,777,0.6494791507720947,0.6838709712028503,0.6781250238418579,0.6085106134414673,0.6086956858634949
Race: White,777,0.5171568393707275,0.5946089029312134,0.6096813678741455,0.5047619342803955,0.5076923370361328
Race: Other,777,0.9015151262283325,0.8666666746139526,0.8333333730697632,0.8230769634246826,0.8260869979858398
Overall,778,0.6180927157402039,0.5948718190193176,0.582442045211792,0.5588401556015015,0.5684210658073425
Gender: Male,778,0.6985507011413574,0.7280303239822388,0.7181159257888794,0.6971428394317627,0.698113203048706
Gender: Female,778,0.5941042900085449,0.3687500059604645,0.4047619104385376,0.3609251379966736,0.4047619104385376
Age: 50-65,778,0.6180927157402039,0.5948718190193176,0.582442045211792,0.5588401556015015,0.5684210658073425
Race: White,778,0.5425000190734863,0.5031969547271729,0.503125011920929,0.49060094356536865,0.4912280738353729
Race: Other,778,0.7986111044883728,0.7962962985038757,0.6944444179534912,0.6520930528640747,0.6764705777168274
Overall,779,0.5659439563751221,0.5552536249160767,0.541327953338623,0.4868406057357788,0.5052632093429565
Gender: Male,779,0.7161458730697632,0.7232277393341064,0.6927083730697632,0.6553288102149963,0.660714328289032
Gender: Female,779,0.47058823704719543,0.1666666716337204,0.3235294222831726,0.2199999988079071,0.28205129504203796
Age: 50-65,779,0.5659439563751221,0.5552536249160767,0.541327953338623,0.4868406057357788,0.5052632093429565
Race: White,779,0.4263157844543457,0.339712917804718,0.38245612382888794,0.3080872893333435,0.3265306055545807
Race: Other,779,0.8096591234207153,0.7467948794364929,0.71875,0.680672287940979,0.6842105388641357
Overall,780,0.5938904285430908,0.5759804248809814,0.5626684427261353,0.5249999761581421,0.5368421077728271
Gender: Male,780,0.7939560413360596,0.8084260821342468,0.7664835453033447,0.7523809671401978,0.7592592835426331
Gender: Female,780,0.4074999988079071,0.2290322482585907,0.28999999165534973,0.22735561430454254,0.24390242993831635
Age: 50-65,780,0.5938904285430908,0.5759804248809814,0.5626684427261353,0.5249999761581421,0.5368421077728271
Race: White,780,0.42916667461395264,0.46666669845581055,0.46666669845581055,0.4285714328289032,0.4285714626312256
Race: Other,780,0.8071894645690918,0.7321428656578064,0.648692786693573,0.6195652484893799,0.6571428775787354
Overall,781,0.6233659982681274,0.565625011920929,0.5600489974021912,0.5477575063705444,0.5555555820465088
Gender: Male,781,0.9351851940155029,0.8636363744735718,0.8333333730697632,0.8210526704788208,0.8235294222831726
Gender: Female,781,0.3576388955116272,0.24952560663223267,0.2708333134651184,0.2549889087677002,0.2708333432674408
Age: 50-65,781,0.6233659982681274,0.565625011920929,0.5600489974021912,0.5477575063705444,0.5555555820465088
Race: White,781,0.46198156476020813,0.40833333134651184,0.41129031777381897,0.4040403962135315,0.4067796468734741
Race: Other,781,0.8701754808425903,0.8260869979858398,0.7894736528396606,0.7614035606384277,0.7647058963775635
Overall,782,0.6334681510925293,0.601763904094696,0.5758341550827026,0.5516678094863892,0.584269642829895
Gender: Male,782,0.6493213176727295,0.6732954978942871,0.6380090713500977,0.6336996555328369,0.6666666865348816
Gender: Female,782,0.7156863212585449,0.44565218687057495,0.4632352888584137,0.3875776529312134,0.41379308700561523
Age: 50-65,782,0.6334681510925293,0.601763904094696,0.5758341550827026,0.5516678094863892,0.584269642829895
Race: White,782,0.5484330654144287,0.5166666507720947,0.5135327577590942,0.4873511791229248,0.5094339847564697
Race: Other,782,0.8416666984558105,0.7410714626312256,0.668749988079071,0.6477272510528564,0.6774193048477173
Overall,783,0.6051020622253418,0.5136554837226868,0.5099489688873291,0.4584656357765198,0.483146071434021
Gender: Male,783,0.7140741348266602,0.5949580073356628,0.5837036967277527,0.5666666626930237,0.5769230723381042
Gender: Female,783,0.560606062412262,0.3068181872367859,0.4227272868156433,0.2884615361690521,0.3513513505458832
Age: 50-65,783,0.6051020622253418,0.5136554837226868,0.5099489688873291,0.4584656357765198,0.483146071434021
Race: White,783,0.4347222149372101,0.3318426012992859,0.36944445967674255,0.2925170063972473,0.3035714328289032
Race: Other,783,0.879807710647583,0.7946428656578064,0.7379807829856873,0.7387387752532959,0.7586206793785095
Overall,784,0.4987013041973114,0.49089252948760986,0.4913420081138611,0.4722074270248413,0.47422680258750916
Gender: Male,784,0.5111111402511597,0.5642856955528259,0.5666666626930237,0.5408695936203003,0.5416666865348816
Gender: Female,784,0.4699999988079071,0.39962121844291687,0.4116666615009308,0.39195549488067627,0.40816324949264526
Age: 50-65,784,0.4987013041973114,0.49089252948760986,0.4913420081138611,0.4722074270248413,0.47422680258750916
Race: White,784,0.37426406145095825,0.42500001192092896,0.42430615425109863,0.4141661524772644,0.41428571939468384
Race: Other,784,0.8051948547363281,0.6798245906829834,0.6331169009208679,0.5833333730697632,0.5999999642372131
Overall,785,0.5477832555770874,0.5380512475967407,0.5263546705245972,0.43488621711730957,0.4516128897666931
Gender: Male,785,0.6590908765792847,0.6567460298538208,0.6282467842102051,0.5894910097122192,0.5999999642372131
Gender: Female,785,0.5820512771606445,0.33157896995544434,0.41794872283935547,0.2532213032245636,0.27906978130340576
Age: 50-65,785,0.5477832555770874,0.5380512475967407,0.5263546705245972,0.43488621711730957,0.4516128897666931
Race: White,785,0.5219594836235046,0.3779069781303406,0.4113175570964813,0.2928236722946167,0.30188679695129395
Race: Other,785,0.5922619104385376,0.7123016119003296,0.6592261791229248,0.6075757741928101,0.6216216087341309
Overall,786,0.5840592384338379,0.5961111187934875,0.575348436832428,0.5231071710586548,0.5360824465751648
Gender: Male,786,0.6319444179534912,0.6836007237434387,0.6788194179534912,0.6198479533195496,0.6200000047683716
Gender: Female,786,0.5326087474822998,0.41826921701431274,0.4538043439388275,0.38407257199287415,0.44680848717689514
Age: 50-65,786,0.5840592384338379,0.5961111187934875,0.575348436832428,0.5231071710586548,0.5360824465751648
Race: White,786,0.3888888955116272,0.451260507106781,0.45261436700820923,0.40362560749053955,0.4038461744785309
Race: Other,786,0.7983193397521973,0.7833333015441895,0.6904761791229248,0.6375641822814941,0.6578947305679321
Overall,787,0.49813607335090637,0.5257056355476379,0.5237651467323303,0.48214486241340637,0.4842105507850647
Gender: Male,787,0.665032684803009,0.6897926330566406,0.6944444179534912,0.6344802379608154,0.634615421295166
Gender: Female,787,0.3552631735801697,0.28629031777381897,0.3256579041481018,0.28333333134651184,0.302325576543808
Age: 50-65,787,0.49813607335090637,0.5257056355476379,0.5237651467323303,0.48214486241340637,0.4842105507850647
Race: White,787,0.42819496989250183,0.4583333432674408,0.4578392505645752,0.4462519884109497,0.4464285969734192
Race: Other,787,0.6466666460037231,0.699999988079071,0.6399999856948853,0.5044642686843872,0.5135135054588318
Overall,788,0.5326781272888184,0.5754527449607849,0.5552825331687927,0.4844054579734802,0.5
Gender: Male,788,0.7615384459495544,0.7348214387893677,0.7023077011108398,0.694122314453125,0.7058823704719543
Gender: Female,788,0.5090909004211426,0.31111112236976624,0.3969697058200836,0.22735561430454254,0.24390242993831635
Age: 50-65,788,0.5326781272888184,0.5754527449607849,0.5552825331687927,0.4844054579734802,0.5
Race: White,788,0.44038155674934387,0.380952388048172,0.4046105146408081,0.3088896572589874,0.31481480598449707
Race: Other,788,0.7644230127334595,0.824999988079071,0.78125,0.7539393901824951,0.7586206793785095
Overall,789,0.6547215580940247,0.5737905502319336,0.5583535432815552,0.48090195655822754,0.4893616735935211
Gender: Male,789,0.7809916734695435,0.8002481460571289,0.75,0.7390835285186768,0.75
Gender: Female,789,0.5841995477676392,0.3499999940395355,0.3752598762512207,0.2573263645172119,0.25999999046325684
Age: 50-65,789,0.6547215580940247,0.5737905502319336,0.5583535432815552,0.48090195655822754,0.4893616735935211
Race: White,789,0.6092436909675598,0.5208978652954102,0.5189075469970703,0.46992355585098267,0.4727272689342499
Race: Other,789,0.7536231279373169,0.7068965435028076,0.6304347515106201,0.4995794892311096,0.5142857432365417
Overall,790,0.5889917612075806,0.6285714507102966,0.5925925970077515,0.5181030035018921,0.5333333611488342
Gender: Male,790,0.6464515924453735,0.7360482811927795,0.7019354701042175,0.671875,0.6785714626312256
Gender: Female,790,0.6521738767623901,0.31182795763015747,0.4308300316333771,0.2527472674846649,0.29411765933036804
Age: 50-65,790,0.5889917612075806,0.6285714507102966,0.5925925970077515,0.5181030035018921,0.5333333611488342
Race: White,790,0.489633172750473,0.5011086463928223,0.50079745054245,0.40909090638160706,0.42307692766189575
Race: Other,790,0.7607142925262451,0.7799999713897705,0.7250000238418579,0.6693191528320312,0.6764705777168274
Overall,791,0.5127876996994019,0.5038889050483704,0.502983808517456,0.47795718908309937,0.5154638886451721
Gender: Male,791,0.6520000696182251,0.605311393737793,0.5766666531562805,0.557748556137085,0.5999999642372131
Gender: Female,791,0.41496598720550537,0.38333332538604736,0.4047619104385376,0.3761141002178192,0.4047619104385376
Age: 50-65,791,0.5127876996994019,0.5038889050483704,0.502983808517456,0.47795718908309937,0.5154638886451721
Race: White,791,0.4270833134651184,0.4337978959083557,0.44062501192092896,0.42333245277404785,0.4354838728904724
Race: Other,791,0.6785714626312256,0.6785714626312256,0.579365074634552,0.5362318754196167,0.625
Overall,792,0.6102222204208374,0.624024510383606,0.5988888740539551,0.5839744806289673,0.6105263233184814
Gender: Male,792,0.859375,0.8194444179534912,0.776442289352417,0.7803030014038086,0.7931034564971924
Gender: Female,792,0.44152045249938965,0.2521551847457886,0.3318713307380676,0.2710795998573303,0.3243243396282196
Age: 50-65,792,0.6102222204208374,0.624024510383606,0.5988888740539551,0.5839744806289673,0.6105263233184814
Race: White,792,0.47089946269989014,0.4721362292766571,0.4761905074119568,0.45470088720321655,0.4727272689342499
Race: Other,792,0.843137264251709,0.8260869979858398,0.7647058963775635,0.7408907413482666,0.75
Overall,793,0.6875,0.6265753507614136,0.5982142686843872,0.5476113557815552,0.5612244606018066
Gender: Male,793,0.8199999928474426,0.7785714268684387,0.7599999904632568,0.7433333396911621,0.7454545497894287
Gender: Female,793,0.6561086177825928,0.27105262875556946,0.401583731174469,0.26862168312072754,0.3255814015865326
Age: 50-65,793,0.6875,0.6265753507614136,0.5982142686843872,0.5476113557815552,0.5612244606018066
Race: White,793,0.6471794843673706,0.5785024166107178,0.5666666626930237,0.509760320186615,0.515625
Race: Other,793,0.8348214626312256,0.7111800909042358,0.6517857313156128,0.6122208833694458,0.6333333849906921
Overall,794,0.37348926067352295,0.42203742265701294,0.42690059542655945,0.40812379121780396,0.4117647111415863
Gender: Male,794,0.6413793563842773,0.6614035367965698,0.6586207151412964,0.6324999928474426,0.6326530575752258
Gender: Female,794,0.18000000715255737,0.18412698805332184,0.21571429073810577,0.1934782713651657,0.2075471729040146
Age: 50-65,794,0.37348926067352295,0.42203742265701294,0.42690059542655945,0.40812379121780396,0.4117647111415863
Race: White,794,0.2732371687889099,0.34186992049217224,0.3441506624221802,0.33750247955322266,0.3380281627178192
Race: Other,794,0.7722221612930298,0.6428571343421936,0.6166666746139526,0.5303225517272949,0.535714328289032
Overall,795,0.5160377621650696,0.5849598050117493,0.5698113441467285,0.5269135236740112,0.5376344323158264
Gender: Male,795,0.5988506078720093,0.6382063627243042,0.6293103694915771,0.6217948794364929,0.6271186470985413
Gender: Female,795,0.5059288740158081,0.5416666865348816,0.5197628736495972,0.35501354932785034,0.38235294818878174
Age: 50-65,795,0.5160377621650696,0.5849598050117493,0.5698113441467285,0.5269135236740112,0.5376344323158264
Race: White,795,0.4342857003211975,0.4812312126159668,0.4821428656578064,0.4356173276901245,0.4363636374473572
Race: Other,795,0.6470588445663452,0.699404776096344,0.6642156839370728,0.6133333444595337,0.6206896305084229
Overall,796,0.587445855140686,0.5616246461868286,0.5571428537368774,0.5329053401947021,0.5360824465751648
Gender: Male,796,0.6253070831298828,0.650921642780304,0.6609336733818054,0.6403483152389526,0.6440678238868713
Gender: Female,796,0.5666666626930237,0.21875,0.3499999940395355,0.26923078298568726,0.3684210479259491
Age: 50-65,796,0.587445855140686,0.5616246461868286,0.5571428537368774,0.5329053401947021,0.5360824465751648
Race: White,796,0.4139784872531891,0.44354838132858276,0.44354838132858276,0.4363636374473572,0.4363636374473572
Race: Other,796,0.8500000238418579,0.7586206793785095,0.7083333134651184,0.635026752948761,0.6410256624221802
Overall,797,0.5662715435028076,0.5697802305221558,0.5684267282485962,0.48381128907203674,0.4838709533214569
Gender: Male,797,0.7457002401351929,0.7248157262802124,0.7248157262802124,0.6779661178588867,0.6779661178588867
Gender: Female,797,0.2380952537059784,0.2202381044626236,0.25132274627685547,0.14632034301757812,0.14705882966518402
Age: 50-65,797,0.5662715435028076,0.5697802305221558,0.5684267282485962,0.48381128907203674,0.4838709533214569
Race: White,797,0.4312500059604645,0.4649122953414917,0.4625000059604645,0.39208173751831055,0.392857164144516
Race: Other,797,0.75,0.695652186870575,0.7083333134651184,0.5753676891326904,0.575757622718811
Overall,798,0.5471428632736206,0.5388059616088867,0.5309523940086365,0.4935779571533203,0.510869562625885
Gender: Male,798,0.6739130616188049,0.6449999809265137,0.6432806253433228,0.6428571939468384,0.644444465637207
Gender: Female,798,0.567669153213501,0.39047619700431824,0.45676693320274353,0.3229011297225952,0.3829787075519562
Age: 50-65,798,0.5471428632736206,0.5388059616088867,0.5309523940086365,0.4935779571533203,0.510869562625885
Race: White,798,0.37931036949157715,0.33571428060531616,0.36120688915252686,0.3162790834903717,0.3265306055545807
Race: Other,798,0.8100000023841858,0.7462121248245239,0.7166666984558105,0.6815550327301025,0.6857143044471741
Overall,799,0.6918336153030396,0.6638805866241455,0.6409861445426941,0.561904788017273,0.5652173757553101
Gender: Male,799,0.801960825920105,0.8148148059844971,0.8333333730697632,0.7863636016845703,0.7872340083122253
Gender: Female,799,0.568965494632721,0.36250001192092896,0.4407327473163605,0.2909663915634155,0.3333333432674408
Age: 50-65,799,0.6918336153030396,0.6638805866241455,0.6409861445426941,0.561904788017273,0.5652173757553101
Race: White,799,0.6167076826095581,0.5105041861534119,0.5122849941253662,0.393464058637619,0.3958333432674408
Race: Other,799,0.6977273225784302,0.8225806355476379,0.75,0.7254902124404907,0.738095223903656
Overall,800,0.5290507078170776,0.5611169338226318,0.5474631786346436,0.5134615302085876,0.5353535413742065
Gender: Male,800,0.671296238899231,0.6833333373069763,0.6655092239379883,0.6640695333480835,0.6779661178588867
Gender: Female,800,0.4506666660308838,0.3284313678741455,0.40666666626930237,0.28900593519210815,0.32500001788139343
Age: 50-65,800,0.5290507078170776,0.5611169338226318,0.5474631786346436,0.5134615302085876,0.5353535413742065
Race: White,800,0.45315903425216675,0.41989666223526,0.43246185779571533,0.39670330286026,0.4098360538482666
Race: Other,800,0.6832579374313354,0.7954545021057129,0.7352941036224365,0.691428542137146,0.7000000476837158
Overall,801,0.5343358516693115,0.4910714328289032,0.4919799566268921,0.4424242377281189,0.44565218687057495
Gender: Male,801,0.7647058963775635,0.6893038749694824,0.698752224445343,0.6394230723381042,0.6399999856948853
Gender: Female,801,0.3680555820465088,0.13636364042758942,0.25,0.1764705926179886,0.2142857164144516
Age: 50-65,801,0.5343358516693115,0.4910714328289032,0.4919799566268921,0.4424242377281189,0.44565218687057495
Race: White,801,0.3263888955116272,0.30514705181121826,0.3159722089767456,0.2788461446762085,0.2800000011920929
Race: Other,801,0.782608687877655,0.71833336353302,0.703416109085083,0.6476190686225891,0.6486486792564392
Overall,802,0.48937249183654785,0.5890151262283325,0.5713562965393066,0.5217611193656921,0.5333333611488342
Gender: Male,802,0.6875,0.7495755553245544,0.7355769276618958,0.7348021268844604,0.7400000095367432
Gender: Female,802,0.5416666269302368,0.3285714387893677,0.4107142984867096,0.25209543108940125,0.2750000059604645
Age: 50-65,802,0.48937249183654785,0.5890151262283325,0.5713562965393066,0.5217611193656921,0.5333333611488342
Race: White,802,0.4798851013183594,0.5557432174682617,0.5474138259887695,0.5173041820526123,0.5283018946647644
Race: Other,802,0.6072874069213867,0.6875,0.6457489728927612,0.5835835933685303,0.59375
Overall,803,0.5717469453811646,0.5222007632255554,0.5153743624687195,0.46327686309814453,0.49473685026168823
Gender: Male,803,0.7136752009391785,0.6948052048683167,0.6282051205635071,0.5897833108901978,0.6226415038108826
Gender: Female,803,0.4583333134651184,0.3218750059604645,0.3680555522441864,0.3082352876663208,0.3333333432674408
Age: 50-65,803,0.5717469453811646,0.5222007632255554,0.5153743624687195,0.46327686309814453,0.49473685026168823
Race: White,803,0.5347394943237305,0.4477941393852234,0.4559553265571594,0.42424243688583374,0.4385964870452881
Race: Other,803,0.6666666865348816,0.7222222089767456,0.6052631735801697,0.4816053509712219,0.5161290168762207
Overall,804,0.5938644409179688,0.6045321226119995,0.5654761791229248,0.4992735981941223,0.5319148898124695
Gender: Male,804,0.7222222089767456,0.7337043285369873,0.7041666507720947,0.7051328420639038,0.7222222089767456
Gender: Female,804,0.6904761791229248,0.14102564752101898,0.4583333432674408,0.21568627655506134,0.2750000059604645
Age: 50-65,804,0.5938644409179688,0.6045321226119995,0.5654761791229248,0.4992735981941223,0.5319148898124695
Race: White,804,0.5675675868988037,0.4958471655845642,0.49662160873413086,0.4145658314228058,0.42105263471603394
Race: Other,804,0.6070175170898438,0.8166666626930237,0.6333333253860474,0.5982813835144043,0.6764705777168274
Overall,805,0.5847221612930298,0.6377832293510437,0.6041666865348816,0.549081563949585,0.563829779624939
Gender: Male,805,0.7692307233810425,0.7235294580459595,0.7087912559509277,0.7000000476837158,0.7037037014961243
Gender: Female,805,0.4203296899795532,0.5090090036392212,0.5027472376823425,0.3238674998283386,0.375
Age: 50-65,805,0.5847221612930298,0.6377832293510437,0.6041666865348816,0.549081563949585,0.563829779624939
Race: White,805,0.44956138730049133,0.5285714268684387,0.5328947305679321,0.41790446639060974,0.41999998688697815
Race: Other,805,0.78125,0.6964285373687744,0.637499988079071,0.625,0.6666666865348816
Overall,806,0.5158766508102417,0.47530239820480347,0.47745051980018616,0.4524272084236145,0.45744678378105164
Gender: Male,806,0.760869562625885,0.6853448152542114,0.6797658801078796,0.6722408533096313,0.6734693646430969
Gender: Female,806,0.3539094626903534,0.20454546809196472,0.25925925374031067,0.20814479887485504,0.2222222238779068
Age: 50-65,806,0.5158766508102417,0.47530239820480347,0.47745051980018616,0.4524272084236145,0.45744678378105164
Race: White,806,0.3836538791656494,0.3511904776096344,0.35576921701431274,0.3327205777168274,0.3333333432674408
Race: Other,806,0.8205128312110901,0.7610294222831726,0.7275640964508057,0.7126436829566956,0.7199999690055847
Overall,807,0.6013133525848389,0.6195652484893799,0.5902907848358154,0.5419819951057434,0.5591397881507874
Gender: Male,807,0.6657825708389282,0.6666666865348816,0.6604774594306946,0.6527085304260254,0.6545454263687134
Gender: Female,807,0.6289855241775513,0.7027027010917664,0.52173912525177,0.33012819290161133,0.42105263471603394
Age: 50-65,807,0.6013133525848389,0.6195652484893799,0.5902907848358154,0.5419819951057434,0.5591397881507874
Race: White,807,0.5013889074325562,0.5617886185646057,0.5527777671813965,0.4779813289642334,0.4821428656578064
Race: Other,807,0.7458333373069763,0.679347813129425,0.637499988079071,0.6198439598083496,0.6451612710952759
Overall,808,0.6054613590240479,0.5196139216423035,0.514830470085144,0.5036572217941284,0.5789473652839661
Gender: Male,808,0.7416268587112427,0.6801242232322693,0.6387559771537781,0.6428571343421936,0.7000000476837158
Gender: Female,808,0.4659864008426666,0.24074074625968933,0.3095238208770752,0.2708333432674408,0.37142857909202576
Age: 50-65,808,0.6054613590240479,0.5196139216423035,0.514830470085144,0.5036572217941284,0.5789473652839661
Race: White,808,0.46519526839256287,0.304824560880661,0.34889641404151917,0.32211312651634216,0.41999998688697815
Race: Other,808,0.7676470279693604,0.7333333492279053,0.6852940917015076,0.6792750358581543,0.7027027010917664
Overall,809,0.4755244851112366,0.46776020526885986,0.47342658042907715,0.4251759648323059,0.43617019057273865
Gender: Male,809,0.5396825075149536,0.5935672521591187,0.5846560597419739,0.5727794766426086,0.581818163394928
Gender: Female,809,0.4444444477558136,0.2522321343421936,0.32870370149612427,0.2179144322872162,0.23076923191547394
Age: 50-65,809,0.4755244851112366,0.46776020526885986,0.47342658042907715,0.4251759648323059,0.43617019057273865
Race: White,809,0.3114478290081024,0.3017857074737549,0.31313133239746094,0.27339237928390503,0.27450981736183167
Race: Other,809,0.6611111164093018,0.6857143044471741,0.644444465637207,0.6144927740097046,0.6315789222717285
Overall,810,0.5306122303009033,0.5442908406257629,0.5392290353775024,0.5212962627410889,0.5319148898124695
Gender: Male,810,0.7169312238693237,0.7137097120285034,0.7103174924850464,0.7082228064537048,0.7090908885002136
Gender: Female,810,0.420634925365448,0.171875,0.3055555522441864,0.2199999988079071,0.28205129504203796
Age: 50-65,810,0.5306122303009033,0.5442908406257629,0.5392290353775024,0.5212962627410889,0.5319148898124695
Race: White,810,0.3563748002052307,0.43932414054870605,0.43932414054870605,0.42307692766189575,0.42307692766189575
Race: Black,810,0.375,0.3333333432674408,0.5,0.4000000059604645,0.6666666865348816
Race: Other,810,0.7589285373687744,0.6749999523162842,0.65625,0.6527777910232544,0.6666666865348816
Overall,811,0.6120607852935791,0.6555697917938232,0.6153846383094788,0.5550239086151123,0.5698924660682678
Gender: Male,811,0.7163515090942383,0.7380383014678955,0.7213570475578308,0.7127569913864136,0.7166666984558105
Gender: Female,811,0.7999999523162842,0.1515151560306549,0.5,0.23255814611911774,0.3030303120613098
Age: 50-65,811,0.6120607852935791,0.6555697917938232,0.6153846383094788,0.5550239086151123,0.5698924660682678
Race: White,811,0.6416666507720947,0.6142534017562866,0.6052083373069763,0.5097505450248718,0.5106382966041565
Race: Other,811,0.6140351295471191,0.692460298538208,0.6418128609657288,0.6209613680839539,0.6486486792564392
Overall,812,0.6922669410705566,0.6932795643806458,0.6904131174087524,0.6263285279273987,0.6263736486434937
Gender: Male,812,0.8871915340423584,0.8148148059844971,0.8296122550964355,0.7991071343421936,0.8000000715255737
Gender: Female,812,0.5,0.37962961196899414,0.43434345722198486,0.27136752009391785,0.29032257199287415
Age: 50-65,812,0.6922669410705566,0.6932795643806458,0.6904131174087524,0.6263285279273987,0.6263736486434937
Race: White,812,0.6538461446762085,0.56144779920578,0.593589723110199,0.5006645917892456,0.5306122303009033
Race: Other,812,0.7300000190734863,0.7884615659713745,0.7250000238418579,0.6761984825134277,0.6857143044471741
Overall,813,0.46045786142349243,0.5085164904594421,0.5080645084381104,0.4402777850627899,0.44086021184921265
Gender: Male,813,0.4879089891910553,0.5548128485679626,0.558321475982666,0.5164694786071777,0.5178571939468384
Gender: Female,813,0.46666666865348816,0.3951612710952759,0.4350000023841858,0.3060765266418457,0.3243243396282196
Age: 50-65,813,0.46045786142349243,0.5085164904594421,0.5080645084381104,0.4402777850627899,0.44086021184921265
Race: White,813,0.4064626097679138,0.45625001192092896,0.4523809552192688,0.3563218414783478,0.3571428656578064
Race: Other,813,0.5406249761581421,0.5833333730697632,0.574999988079071,0.550000011920929,0.5555555820465088
Overall,814,0.4060606062412262,0.44183313846588135,0.4571428596973419,0.3996463418006897,0.42268040776252747
Gender: Male,814,0.6285713911056519,0.6666666865348816,0.6238095164299011,0.6192358732223511,0.6666666865348816
Gender: Female,814,0.26225489377975464,0.19350649416446686,0.21078431606292725,0.15177305042743683,0.15217392146587372
Age: 50-65,814,0.4060606062412262,0.44183313846588135,0.4571428596973419,0.3996463418006897,0.42268040776252747
Race: White,814,0.31688594818115234,0.3030303120613098,0.32894736528396606,0.2836134433746338,0.29032257199287415
Race: Other,814,0.546875,0.760869562625885,0.65625,0.5809524059295654,0.6071428656578064
Overall,815,0.5302579402923584,0.5480519533157349,0.5367063283920288,0.46589261293411255,0.47826087474823
Gender: Male,815,0.5498083829879761,0.6709957122802734,0.6513410210609436,0.5927952527999878,0.5957446694374084
Gender: Female,815,0.5534979104995728,0.3631756901741028,0.4166666567325592,0.3220779299736023,0.35555556416511536
Age: 50-65,815,0.5302579402923584,0.5480519533157349,0.5367063283920288,0.46589261293411255,0.47826087474823
Race: White,815,0.4480968713760376,0.44117647409439087,0.44117647409439087,0.3921568691730499,0.3921568691730499
Race: Other,815,0.6696428656578064,0.75,0.6190476417541504,0.5256410241127014,0.5675675868988037
Overall,816,0.644730806350708,0.59375,0.585595965385437,0.5597944259643555,0.563829779624939
Gender: Male,816,0.819892406463623,0.7629076242446899,0.7600806355476379,0.7453703880310059,0.7454545497894287
Gender: Female,816,0.48663100600242615,0.2777777910232544,0.3395721912384033,0.27728208899497986,0.3076923191547394
Age: 50-65,816,0.644730806350708,0.59375,0.585595965385437,0.5597944259643555,0.563829779624939
Race: White,816,0.47058820724487305,0.45777779817581177,0.4570136070251465,0.44155845046043396,0.44186046719551086
Race: Other,816,0.7510121464729309,0.7027649879455566,0.6781376600265503,0.6399999856948853,0.644444465637207
Overall,817,0.55298912525177,0.5458145141601562,0.5366847515106201,0.5097202062606812,0.5319148898124695
Gender: Male,817,0.767379641532898,0.7663043737411499,0.7620320916175842,0.7636363506317139,0.7692307829856873
Gender: Female,817,0.5524193048477173,0.33888888359069824,0.4025537371635437,0.31954753398895264,0.3636363446712494
Age: 50-65,817,0.55298912525177,0.5458145141601562,0.5366847515106201,0.5097202062606812,0.5319148898124695
Race: White,817,0.5213793516159058,0.45151033997535706,0.4579310417175293,0.4319775700569153,0.4444444477558136
Race: Other,817,0.6666666269302368,0.7288888692855835,0.680701732635498,0.678030252456665,0.7058823704719543
Overall,818,0.48592591285705566,0.5776397585868835,0.5555555820465088,0.5215311050415039,0.5555555820465088
Gender: Male,818,0.6541353464126587,0.7702020406723022,0.701127827167511,0.706250011920929,0.7446808218955994
Gender: Female,818,0.48868778347969055,0.36666667461395264,0.40045249462127686,0.3311111032962799,0.3488371968269348
Age: 50-65,818,0.48592591285705566,0.5776397585868835,0.5555555820465088,0.5215311050415039,0.5555555820465088
Race: White,818,0.36221590638160706,0.45389509201049805,0.4588068127632141,0.4209616184234619,0.42592594027519226
Race: Other,818,0.7954545021057129,0.8478261232376099,0.6818181872367859,0.6769230961799622,0.7407407760620117
Overall,819,0.6934624910354614,0.5864318609237671,0.5641646385192871,0.47777777910232544,0.4893616735935211
Gender: Male,819,0.6976190805435181,0.6185897588729858,0.6101190447807312,0.5743145942687988,0.5762711763381958
Gender: Female,819,0.8598484992980957,0.6617647409439087,0.5208333134651184,0.2844444513320923,0.34285715222358704
Age: 50-65,819,0.6934624910354614,0.5864318609237671,0.5641646385192871,0.47777777910232544,0.4893616735935211
Race: White,819,0.6859756112098694,0.5347222089767456,0.5228658318519592,0.35874998569488525,0.3684210479259491
Race: Other,819,0.7767857313156128,0.6805555820465088,0.6741071343421936,0.6651785373687744,0.6666666865348816
Overall,820,0.5069725513458252,0.5850840210914612,0.5728744864463806,0.5250137448310852,0.53125
Gender: Male,820,0.7410714626312256,0.7857142686843872,0.7678571343421936,0.7641723155975342,0.7678571939468384
Gender: Female,820,0.3448275923728943,0.23376624286174774,0.3072100281715393,0.19191919267177582,0.20000000298023224
Age: 50-65,820,0.5069725513458252,0.5850840210914612,0.5728744864463806,0.5250137448310852,0.53125
Race: White,820,0.3997114300727844,0.44038158655166626,0.4458874464035034,0.4041379392147064,0.40740740299224854
Race: Other,820,0.6894409656524658,0.7692307829856873,0.739130437374115,0.6735293865203857,0.6756756901741028
Overall,821,0.6780185699462891,0.6339699029922485,0.6194530129432678,0.5578231811523438,0.5604395866394043
Gender: Male,821,0.8118022680282593,0.7562500238418579,0.7615630030632019,0.7114317417144775,0.7115384936332703
Gender: Female,821,0.6472222805023193,0.3861607313156128,0.42916667461395264,0.33081674575805664,0.3589743673801422
Age: 50-65,821,0.6780185699462891,0.6339699029922485,0.6194530129432678,0.5578231811523438,0.5604395866394043
Race: White,821,0.638888955116272,0.5229779481887817,0.5267094373703003,0.44528302550315857,0.44897958636283875
Race: Other,821,0.7543860077857971,0.7416666746139526,0.7035087943077087,0.6693191528320312,0.6764705777168274
Overall,822,0.43998152017593384,0.46895426511764526,0.4736842215061188,0.4238544702529907,0.43157896399497986
Gender: Male,822,0.626086950302124,0.6215277910232544,0.614130437374115,0.6012002229690552,0.604651153087616
Gender: Female,822,0.4084967374801636,0.3159645199775696,0.36437907814979553,0.2753295600414276,0.2884615361690521
Age: 50-65,822,0.43998152017593384,0.46895426511764526,0.4736842215061188,0.4238544702529907,0.43157896399497986
Race: White,822,0.29102563858032227,0.30420053005218506,0.3147435784339905,0.2703480124473572,0.2711864411830902
Race: Other,822,0.6626983880996704,0.727053165435791,0.6865079402923584,0.6476476192474365,0.65625
Overall,823,0.6361111402511597,0.6082227826118469,0.5944444537162781,0.5577739477157593,0.563829779624939
Gender: Male,823,0.7045977115631104,0.7106879353523254,0.6971264481544495,0.690559446811676,0.694915235042572
Gender: Female,823,0.685606062412262,0.4285714626312256,0.4469697177410126,0.3341604471206665,0.34285715222358704
Age: 50-65,823,0.6361111402511597,0.6082227826118469,0.5944444537162781,0.5577739477157593,0.563829779624939
Race: White,823,0.6013824939727783,0.5564103126525879,0.5506912469863892,0.5338015556335449,0.5423728823661804
Race: Other,823,0.7678571939468384,0.699999988079071,0.7142857313156128,0.5857143402099609,0.5862069129943848
Overall,824,0.5675555467605591,0.5980392694473267,0.5800000429153442,0.5523502826690674,0.5684210658073425
Gender: Male,824,0.6990595459938049,0.7011363506317139,0.684952974319458,0.6835885047912598,0.6935483813285828
Gender: Female,824,0.5198413133621216,0.36071428656578064,0.4226190447807312,0.30192306637763977,0.3333333432674408
Age: 50-65,824,0.5675555467605591,0.5980392694473267,0.5800000429153442,0.5523502826690674,0.5684210658073425
Race: White,824,0.5111607313156128,0.512499988079071,0.5111607313156128,0.49095022678375244,0.5
Race: Other,824,0.6911764740943909,0.7727272510528564,0.7058823704719543,0.6446078419685364,0.6551724076271057
Overall,825,0.515468418598175,0.529733419418335,0.5189542770385742,0.4604215621948242,0.5
Gender: Male,825,0.7101449370384216,0.8333333730697632,0.739130437374115,0.7235294580459595,0.7446808218955994
Gender: Female,825,0.39115646481513977,0.15853658318519592,0.3095238208770752,0.20967741310596466,0.26530611515045166
Age: 50-65,825,0.515468418598175,0.529733419418335,0.5189542770385742,0.4604215621948242,0.5
Race: White,825,0.44305557012557983,0.3874296545982361,0.4166666865348816,0.36243292689323425,0.3888888955116272
Race: Other,825,0.613003134727478,0.7833333015441895,0.6578947305679321,0.601702094078064,0.6388888955116272
Overall,826,0.6571018695831299,0.6435065269470215,0.6056910753250122,0.5572010278701782,0.5760869383811951
Gender: Male,826,0.7602040767669678,0.71875,0.6785714030265808,0.6631015539169312,0.6785714626312256
Gender: Female,826,0.6220735907554626,0.5166666507720947,0.5100334286689758,0.3937450051307678,0.4166666567325592
Age: 50-65,826,0.6571018695831299,0.6435065269470215,0.6056910753250122,0.5572010278701782,0.5760869383811951
Race: White,826,0.5903360843658447,0.4951923191547394,0.49579834938049316,0.4400199055671692,0.4444444477558136
Race: Other,826,0.7310924530029297,0.7931034564971924,0.7142857313156128,0.6695652008056641,0.6842105388641357
Overall,827,0.6022598743438721,0.5965517163276672,0.5949152708053589,0.528030276298523,0.5280898809432983
Gender: Male,827,0.6398025751113892,0.6547619104385376,0.6603618860244751,0.6268771886825562,0.6274510025978088
Gender: Female,827,0.7138047218322754,0.5249999761581421,0.5202020406723022,0.39094078540802,0.3947368562221527
Age: 50-65,827,0.6022598743438721,0.5965517163276672,0.5949152708053589,0.528030276298523,0.5280898809432983
Race: White,827,0.4019230604171753,0.4207516312599182,0.4067307710647583,0.3358395993709564,0.3396226465702057
Race: Other,827,0.8697478771209717,0.8684210777282715,0.8529411554336548,0.8380355834960938,0.8387096524238586
Overall,828,0.6068376302719116,0.6664438247680664,0.6251885294914246,0.5736781358718872,0.5888888835906982
Gender: Male,828,0.6746666431427002,0.7438080310821533,0.7100000381469727,0.6842283010482788,0.6909090876579285
Gender: Female,828,0.6428571939468384,0.5,0.5,0.3881118893623352,0.4285714328289032
Age: 50-65,828,0.6068376302719116,0.6664438247680664,0.6251885294914246,0.5736781358718872,0.5888888835906982
Race: White,828,0.5438311696052551,0.6072261333465576,0.5746753215789795,0.5166035890579224,0.5399999618530273
Race: Other,828,0.7556390762329102,0.75,0.7274435758590698,0.6944444179534912,0.696969747543335
Overall,829,0.5981858968734741,0.56294846534729,0.5437641739845276,0.4992735981941223,0.5319148898124695
Gender: Male,829,0.6878306865692139,0.7456445693969727,0.6865079402923584,0.6694945096969604,0.6909090876579285
Gender: Female,829,0.5454545617103577,0.2433035671710968,0.34625670313835144,0.25897255539894104,0.3076923191547394
Age: 50-65,829,0.5981858968734741,0.56294846534729,0.5437641739845276,0.4992735981941223,0.5319148898124695
Race: White,829,0.49553000926971436,0.38257575035095215,0.42081737518310547,0.3651666045188904,0.4107142984867096
Race: Other,829,0.7703349590301514,0.761904776096344,0.7368420958518982,0.6651785373687744,0.6666666865348816
Overall,830,0.5646853446960449,0.5625,0.5559440851211548,0.5343915224075317,0.5416666865348816
Gender: Male,830,0.7534722089767456,0.7324879169464111,0.7228009700775146,0.7105339169502258,0.7118644118309021
Gender: Female,830,0.4382352828979492,0.2162698358297348,0.28970590233802795,0.2344827651977539,0.27027028799057007
Age: 50-65,830,0.5646853446960449,0.5625,0.5559440851211548,0.5343915224075317,0.5416666865348816
Race: White,830,0.41885966062545776,0.4124999940395355,0.4155701994895935,0.3864583373069763,0.3870967626571655
Race: Other,830,0.8512820601463318,0.8388888835906982,0.812820553779602,0.8155467510223389,0.8214285969734192
Overall,831,0.5011904239654541,0.5054877996444702,0.5053571462631226,0.49425625801086426,0.49504950642585754
Gender: Male,831,0.6631700992584229,0.6942567825317383,0.7010489702224731,0.6553672552108765,0.6557376384735107
Gender: Female,831,0.28388744592666626,0.23273657262325287,0.23273657262325287,0.23273657262325287,0.25
Age: 50-65,831,0.5011904239654541,0.5054877996444702,0.5053571462631226,0.49425625801086426,0.49504950642585754
Race: White,831,0.31224489212036133,0.36592739820480347,0.3642857074737549,0.3636363744735718,0.3650793731212616
Race: Other,831,0.8300000429153442,0.800000011920929,0.75,0.7083333730697632,0.7142857313156128
Overall,832,0.48148149251937866,0.5995784997940063,0.5777778029441833,0.5385593175888062,0.5555555820465088
Gender: Male,832,0.7598565816879272,0.7934210300445557,0.7664276957511902,0.7674992084503174,0.7758620381355286
Gender: Female,832,0.14550265669822693,0.21190476417541504,0.33994707465171814,0.21397650241851807,0.24390242993831635
Age: 50-65,832,0.48148149251937866,0.5995784997940063,0.5777778029441833,0.5385593175888062,0.5555555820465088
Race: White,832,0.33986926078796387,0.3888888955116272,0.39542484283447266,0.34518516063690186,0.3461538553237915
Race: Black,832,0.0,1.0,1.0,1.0,1.0
Race: Other,832,0.684374988079071,0.807692289352417,0.75,0.7142857313156128,0.7222222089767456
Overall,833,0.4951900839805603,0.5539473295211792,0.5375629663467407,0.4515514671802521,0.46875
Gender: Male,833,0.614814817905426,0.6672269105911255,0.6474074125289917,0.6405529975891113,0.6538462042808533
Gender: Female,833,0.5058823823928833,0.44308942556381226,0.4794117510318756,0.23052464425563812,0.25
Age: 50-65,833,0.4951900839805603,0.5539473295211792,0.5375629663467407,0.4515514671802521,0.46875
Race: White,833,0.47578346729278564,0.4588414430618286,0.46153849363327026,0.38520801067352295,0.38596493005752563
Race: Other,833,0.5657894611358643,0.7580645084381104,0.6052631735801697,0.5143385529518127,0.5714285969734192
Overall,834,0.528265118598938,0.5821078419685364,0.5653021335601807,0.5104015469551086,0.52173912525177
Gender: Male,834,0.6466836929321289,0.6944444179534912,0.6785714626312256,0.671875,0.6785714626312256
Gender: Female,834,0.5615384578704834,0.375,0.4384615421295166,0.2571428716182709,0.2777777910232544
Age: 50-65,834,0.528265118598938,0.5821078419685364,0.5653021335601807,0.5104015469551086,0.52173912525177
Race: White,834,0.4734848439693451,0.4285714626312256,0.4337121248245239,0.36629119515419006,0.36734694242477417
Race: Black,834,0.25,0.3636363744735718,0.5,0.42105263471603394,0.7272727489471436
Race: Other,834,0.7103174924850464,0.7454545497894287,0.7142857313156128,0.682539701461792,0.6875
Overall,835,0.47438567876815796,0.5,0.5,0.47593584656715393,0.5
Gender: Male,835,0.8400000333786011,0.817460298538208,0.7666666507720947,0.7771836519241333,0.7999999523162842
Gender: Female,835,0.2323048859834671,0.17436975240707397,0.21869328618049622,0.17858710885047913,0.1875
Age: 50-65,835,0.47438567876815796,0.5,0.5,0.47593584656715393,0.5
Race: White,835,0.3257918655872345,0.375,0.37782806158065796,0.3659621775150299,0.36666667461395264
Race: Black,835,0.375,0.4000000059604645,0.5,0.4444444477558136,0.800000011920929
Race: Other,835,0.7230769395828247,0.8125,0.6538461446762085,0.6199095249176025,0.6785714626312256
Overall,836,0.5879653692245483,0.5814393758773804,0.5657827854156494,0.5120413899421692,0.5222222208976746
Gender: Male,836,0.7710344791412354,0.7056276798248291,0.6965517401695251,0.6970547437667847,0.7037037014961243
Gender: Female,836,0.4151785671710968,0.43939393758773804,0.4732142984867096,0.23524783551692963,0.25
Age: 50-65,836,0.5879653692245483,0.5814393758773804,0.5657827854156494,0.5120413899421692,0.5222222208976746
Race: White,836,0.5981481075286865,0.5321428775787354,0.5333333611488342,0.45076924562454224,0.45098039507865906
Race: Other,836,0.4842105507850647,0.620192289352417,0.5877193212509155,0.5729468464851379,0.6176470518112183
Overall,837,0.5812757015228271,0.5867308974266052,0.5601851940155029,0.48150044679641724,0.5
Gender: Male,837,0.6784313917160034,0.6677083373069763,0.6578431129455566,0.5950113534927368,0.5957446694374084
Gender: Female,837,0.4934210777282715,0.33012819290161133,0.44188597798347473,0.31157636642456055,0.39534884691238403
Age: 50-65,837,0.5812757015228271,0.5867308974266052,0.5601851940155029,0.48150044679641724,0.5
Race: White,837,0.5062388181686401,0.469854474067688,0.4741533100605011,0.39613527059555054,0.3999999761581421
Race: Other,837,0.6852941513061523,0.774193525314331,0.6499999761581421,0.5849359035491943,0.6216216087341309
Overall,838,0.5307549238204956,0.5199999809265137,0.5163094401359558,0.45445331931114197,0.46315792202949524
Gender: Male,838,0.6007259488105774,0.65625,0.6451905965805054,0.6026144027709961,0.6041666865348816
Gender: Female,838,0.5402299165725708,0.3245614171028137,0.3850574791431427,0.29323309659957886,0.3191489279270172
Age: 50-65,838,0.5307549238204956,0.5199999809265137,0.5163094401359558,0.45445331931114197,0.46315792202949524
Race: White,838,0.4544159770011902,0.37195122241973877,0.38034188747406006,0.3149460554122925,0.31578946113586426
Race: Other,838,0.7122807502746582,0.7244444489479065,0.6771929860115051,0.6357142925262451,0.6470588445663452
Overall,839,0.6521303653717041,0.6902597546577454,0.6468671560287476,0.5674502849578857,0.5760869383811951
Gender: Male,839,0.6736111044883728,0.7460317611694336,0.7152777910232544,0.6632996797561646,0.6666666865348816
Gender: Female,839,0.7922078371047974,0.5535714626312256,0.5259740352630615,0.37641027569770813,0.40625
Age: 50-65,839,0.6521303653717041,0.6902597546577454,0.6468671560287476,0.5674502849578857,0.5760869383811951
Race: White,839,0.6180555820465088,0.6538461446762085,0.6354166865348816,0.5176252126693726,0.5192307829856873
Race: Other,839,0.8233333230018616,0.7136752605438232,0.6666666865348816,0.617325484752655,0.6285714507102966
Overall,840,0.607272744178772,0.5685714483261108,0.5545454621315002,0.5034090876579285,0.5157895088195801
Gender: Male,840,0.7437037229537964,0.7260504364967346,0.6992592811584473,0.6848484873771667,0.692307710647583
Gender: Female,840,0.5690475702285767,0.3303571343421936,0.386904776096344,0.28333333134651184,0.302325576543808
Age: 50-65,840,0.607272744178772,0.5685714483261108,0.5545454621315002,0.5034090876579285,0.5157895088195801
Race: White,840,0.5282608270645142,0.4833333492279053,0.4853261113166809,0.4249492883682251,0.4285714626312256
Race: Other,840,0.8816567659378052,0.7443609237670898,0.692307710647583,0.675000011920929,0.692307710647583
Overall,841,0.6273504495620728,0.6331169009208679,0.6168091297149658,0.48761701583862305,0.489130437374115
Gender: Male,841,0.6535087823867798,0.6834795475006104,0.6834795475006104,0.6181818246841431,0.6181818246841431
Gender: Female,841,0.8232759237289429,0.6176470518112183,0.5517241358757019,0.2842261791229248,0.29729729890823364
Age: 50-65,841,0.6273504495620728,0.6331169009208679,0.6168091297149658,0.48761701583862305,0.489130437374115
Race: White,841,0.5555555820465088,0.5521064400672913,0.5607235431671143,0.34518516063690186,0.3461538553237915
Race: Other,841,0.7976190447807312,0.7430070042610168,0.706845223903656,0.6696428656578064,0.6756756901741028
Overall,842,0.5690834522247314,0.6180371046066284,0.6014592051506042,0.5948275923728943,0.6170212626457214
Gender: Male,842,0.7002688646316528,0.7295321226119995,0.7110214829444885,0.7136411070823669,0.7272726893424988
Gender: Female,842,0.4605262875556946,0.4413793087005615,0.4552631378173828,0.4236453175544739,0.4615384638309479
Age: 50-65,842,0.5690834522247314,0.6180371046066284,0.6014592051506042,0.5948275923728943,0.6170212626457214
Race: White,842,0.4559999704360962,0.47877758741378784,0.48000001907348633,0.47240257263183594,0.47999998927116394
Race: Black,842,0.0,0.375,0.5,0.4285714328289032,0.75
Race: Other,842,0.7921569347381592,0.8136363625526428,0.7705882787704468,0.7702564001083374,0.78125
Overall,843,0.5429338216781616,0.49875468015670776,0.4991055428981781,0.4466449022293091,0.4736842215061188
Gender: Male,843,0.6900420188903809,0.6666666269302368,0.6178120374679565,0.5556350946426392,0.5740740895271301
Gender: Female,843,0.39047616720199585,0.2935483753681183,0.34761905670166016,0.2998102307319641,0.3414633870124817
Age: 50-65,843,0.5429338216781616,0.49875468015670776,0.4991055428981781,0.4466449022293091,0.4736842215061188
Race: White,843,0.4898989796638489,0.3642857074737549,0.38804712891578674,0.3500213921070099,0.36734694242477417
Race: Other,843,0.6305556297302246,0.663306474685669,0.612500011920929,0.523097813129425,0.5384615659713745
Overall,844,0.5674464702606201,0.5833333730697632,0.565704345703125,0.5275893211364746,0.5444444417953491
Gender: Male,844,0.6846153736114502,0.7070707082748413,0.6892307996749878,0.6802507638931274,0.686274528503418
Gender: Female,844,0.5380434989929199,0.3484848737716675,0.41847825050354004,0.31386348605155945,0.3589743673801422
Age: 50-65,844,0.5674464702606201,0.5833333730697632,0.565704345703125,0.5275893211364746,0.5444444417953491
Race: White,844,0.5183823108673096,0.4791666865348816,0.4797794222831726,0.4283333420753479,0.4285714328289032
Race: Other,844,0.6185184717178345,0.6949999928474426,0.644444465637207,0.6329625844955444,0.6666666865348816
Overall,845,0.6126126050949097,0.531862735748291,0.5308203101158142,0.4994902014732361,0.4999999701976776
Gender: Male,845,0.5862745046615601,0.5550000071525574,0.5647059082984924,0.5353448390960693,0.5510203838348389
Gender: Female,845,0.6126482486724854,0.4285714328289032,0.45059290528297424,0.4019138813018799,0.4444444477558136
Age: 50-65,845,0.6126126050949097,0.531862735748291,0.5308203101158142,0.4994902014732361,0.4999999701976776
Race: White,845,0.4285714328289032,0.3982684016227722,0.39398497343063354,0.36950549483299255,0.37037038803100586
Race: Other,845,0.7967914342880249,0.7115384340286255,0.6911764740943909,0.6631228923797607,0.6666666865348816
Overall,846,0.5545809268951416,0.5458823442459106,0.5380116701126099,0.47654783725738525,0.4838709533214569
Gender: Male,846,0.7904762029647827,0.7543859481811523,0.7485713958740234,0.7386363744735718,0.739130437374115
Gender: Female,846,0.5833333730697632,0.20528456568717957,0.3489583432674408,0.20488722622394562,0.23404254019260406
Age: 50-65,846,0.5545809268951416,0.5458823442459106,0.5380116701126099,0.47654783725738525,0.4838709533214569
Race: White,846,0.4985380172729492,0.4008130431175232,0.4108186960220337,0.33738407492637634,0.3392857313156128
Race: Other,846,0.7466063499450684,0.75,0.726244330406189,0.696969747543335,0.7000000476837158
Overall,847,0.6467519998550415,0.624404788017273,0.5990990996360779,0.533633291721344,0.542553186416626
Gender: Male,847,0.6808035373687744,0.692380964756012,0.7254464626312256,0.6661828756332397,0.6739130616188049
Gender: Female,847,0.6278260946273804,0.2222222238779068,0.43478259444236755,0.29411765933036804,0.4166666865348816
Age: 50-65,847,0.6467519998550415,0.624404788017273,0.5990990996360779,0.533633291721344,0.542553186416626
Race: White,847,0.5,0.5040650367736816,0.5031746029853821,0.40750089287757874,0.4150943458080292
Race: Other,847,0.84375,0.7467948794364929,0.71875,0.680672287940979,0.6842105388641357
Overall,848,0.6221405267715454,0.5835134983062744,0.563112735748291,0.5301984548568726,0.5555555820465088
Gender: Male,848,0.708730161190033,0.6568825840950012,0.6230158805847168,0.5993730425834656,0.6197183132171631
Gender: Female,848,0.4358974099159241,0.3712121248245239,0.4128205180168152,0.3523809611797333,0.392857164144516
Age: 50-65,848,0.6221405267715454,0.5835134983062744,0.563112735748291,0.5301984548568726,0.5555555820465088
Race: White,848,0.5447530746459961,0.5202020406723022,0.5185185074806213,0.5029239654541016,0.5098039507865906
Race: Black,848,0.0,1.0,1.0,1.0,1.0
Race: Other,848,0.7678570747375488,0.638248860836029,0.5892857313156128,0.48243728280067444,0.5
Overall,849,0.6859244108200073,0.6964285373687744,0.6790966391563416,0.6205357313156128,0.6222222447395325
Gender: Male,849,0.7228261232376099,0.7472826242446899,0.7472826242446899,0.7272727489471436,0.7272726893424988
Gender: Female,849,0.7462121248245239,0.6833333373069763,0.6041666865348816,0.4407064914703369,0.4571428596973419
Age: 50-65,849,0.6859244108200073,0.6964285373687744,0.6790966391563416,0.6205357313156128,0.6222222447395325
Race: White,849,0.5806451439857483,0.6078431606292725,0.5946236848831177,0.4978642463684082,0.5
Race: Other,849,0.7882353067398071,0.776442289352417,0.7705882787704468,0.7379466891288757,0.738095223903656
Overall,850,0.6062753200531006,0.610714316368103,0.578441321849823,0.5138888955116272,0.5333333611488342
Gender: Male,850,0.7511111497879028,0.7696078419685364,0.7444444894790649,0.7422798275947571,0.75
Gender: Female,850,0.6195286512374878,0.125,0.40909090638160706,0.19148936867713928,0.2368421107530594
Age: 50-65,850,0.6062753200531006,0.610714316368103,0.578441321849823,0.5138888955116272,0.5333333611488342
Race: White,850,0.5120689868927002,0.4451219439506531,0.4689655303955078,0.3704031705856323,0.40816324949264526
Race: Other,850,0.7708333134651184,0.7333333492279053,0.7333333492279053,0.6875,0.6875
Overall,851,0.5650522708892822,0.5650782585144043,0.5434473156929016,0.47011759877204895,0.49462366104125977
Gender: Male,851,0.8723076581954956,0.7773278951644897,0.7107692360877991,0.6886447072029114,0.7058823704719543
Gender: Female,851,0.40816324949264526,0.2083333432674408,0.3392857015132904,0.20941177010536194,0.2380952388048172
Age: 50-65,851,0.5650522708892822,0.5650782585144043,0.5434473156929016,0.47011759877204895,0.49462366104125977
Race: White,851,0.44871795177459717,0.37310606241226196,0.41410255432128906,0.30588236451148987,0.32203391194343567
Race: Other,851,0.8285714387893677,0.8333333730697632,0.7666666507720947,0.747826099395752,0.7586206793785095
Overall,852,0.6446676254272461,0.5892857313156128,0.5765184164047241,0.5452682375907898,0.554347813129425
Gender: Male,852,0.7996716499328613,0.7666666507720947,0.7627257704734802,0.7398959398269653,0.7400000095367432
Gender: Female,852,0.5249999761581421,0.25367647409439087,0.3477272689342499,0.27407407760620117,0.3333333432674408
Age: 50-65,852,0.6446676254272461,0.5892857313156128,0.5765184164047241,0.5452682375907898,0.554347813129425
Race: White,852,0.5551724433898926,0.48947370052337646,0.48965519666671753,0.46916666626930237,0.4693877398967743
Race: Other,852,0.8187134265899658,0.7480158805847168,0.682748556137085,0.6552795171737671,0.6756756901741028
Overall,853,0.5947550535202026,0.6597222089767456,0.6024245619773865,0.5545150637626648,0.5888888835906982
Gender: Male,853,0.8984375,0.8090277910232544,0.778124988079071,0.7875816822052002,0.8076923489570618
Gender: Female,853,0.6430976390838623,0.3888888955116272,0.47306397557258606,0.24724872410297394,0.28947368264198303
Age: 50-65,853,0.5947550535202026,0.6597222089767456,0.6024245619773865,0.5545150637626648,0.5888888835906982
Race: White,853,0.3893333077430725,0.4833333492279053,0.4866666793823242,0.4158730208873749,0.42500001192092896
Race: Black,853,0.0,0.4545454680919647,0.5,0.4761904776096344,0.9090909361839294
Race: Other,853,0.820105791091919,0.7903225421905518,0.6904761791229248,0.6432089805603027,0.6666666865348816
Overall,854,0.6320801973342896,0.6238806247711182,0.6040100455284119,0.538020133972168,0.54347825050354
Gender: Male,854,0.7931034564971924,0.772580623626709,0.7648903131484985,0.7447054386138916,0.7450980544090271
Gender: Female,854,0.5741758346557617,0.33888888359069824,0.4203296899795532,0.264687716960907,0.2926829159259796
Age: 50-65,854,0.6320801973342896,0.6238806247711182,0.6040100455284119,0.538020133972168,0.54347825050354
Race: White,854,0.4700854420661926,0.45098039507865906,0.4465812146663666,0.36629119515419006,0.36734694242477417
Race: Other,854,0.8366667032241821,0.800000011920929,0.75,0.7083333730697632,0.7142857313156128
Overall,855,0.6223155856132507,0.6267080903053284,0.5952380895614624,0.5511583089828491,0.5698924660682678
Gender: Male,855,0.7616747617721558,0.7725694179534912,0.7528180480003357,0.7373737096786499,0.7400000095367432
Gender: Female,855,0.5416666269302368,0.29736843705177307,0.4155701994895935,0.2976406514644623,0.3720930218696594
Age: 50-65,855,0.6223155856132507,0.6267080903053284,0.5952380895614624,0.5511583089828491,0.5698924660682678
Race: White,855,0.5571688413619995,0.47689077258110046,0.48003631830215454,0.43132954835891724,0.4375
Race: Black,855,0.0,1.0,1.0,1.0,1.0
Race: Other,855,0.7377622127532959,0.75,0.7045454382896423,0.6236559152603149,0.6285714507102966
Overall,856,0.5065573453903198,0.5423076748847961,0.5390710234642029,0.46049606800079346,0.4615384638309479
Gender: Male,856,0.6739131212234497,0.7023809552192688,0.6989966630935669,0.6933667063713074,0.6938775181770325
Gender: Female,856,0.5306122303009033,0.3675675690174103,0.4000000059604645,0.18863636255264282,0.190476194024086
Age: 50-65,856,0.5065573453903198,0.5423076748847961,0.5390710234642029,0.46049606800079346,0.4615384638309479
Race: White,856,0.37551021575927734,0.4000000059604645,0.4000000059604645,0.3265306055545807,0.3265306055545807
Race: Other,856,0.6909090876579285,0.6666666865348816,0.6745454668998718,0.5830116271972656,0.5833333134651184
Overall,857,0.5986841917037964,0.5805288553237915,0.5678137540817261,0.5248869061470032,0.5333333611488342
Gender: Male,857,0.6403940916061401,0.6157635450363159,0.6157635450363159,0.6000000238418579,0.5999999642372131
Gender: Female,857,0.6035805940628052,0.5142857432365417,0.5063938498497009,0.3956044018268585,0.45000001788139343
Age: 50-65,857,0.5986841917037964,0.5805288553237915,0.5678137540817261,0.5248869061470032,0.5333333611488342
Race: White,857,0.5182138681411743,0.4724005162715912,0.4747356176376343,0.4308035671710968,0.4333333671092987
Race: Other,857,0.8256410360336304,0.8095238208770752,0.7333333492279053,0.7005347609519958,0.7142857313156128
Overall,858,0.5978260636329651,0.5829127430915833,0.554347813129425,0.5123465061187744,0.554347813129425
Gender: Male,858,0.5987097024917603,0.6440422534942627,0.6232258081436157,0.6190476417541504,0.6428571939468384
Gender: Female,858,0.8190476298332214,0.45588237047195435,0.49047619104385376,0.32919254899024963,0.4166666567325592
Age: 50-65,858,0.5978260636329651,0.5829127430915833,0.554347813129425,0.5123465061187744,0.554347813129425
Race: White,858,0.5559440851211548,0.4736841917037964,0.4825174808502197,0.42222222685813904,0.4583333432674408
Race: Other,858,0.6240601539611816,0.6953405141830444,0.6365914940834045,0.615384578704834,0.6500000357627869
Overall,859,0.5485739707946777,0.5400192737579346,0.5369875431060791,0.5210084319114685,0.5263158082962036
Gender: Male,859,0.9404761791229248,0.8438735008239746,0.8452380895614624,0.8441365957260132,0.8444444537162781
Gender: Female,859,0.3883333206176758,0.2149122953414917,0.28333333134651184,0.22003284096717834,0.23999999463558197
Age: 50-65,859,0.5485739707946777,0.5400192737579346,0.5369875431060791,0.5210084319114685,0.5263158082962036
Race: White,859,0.48156678676605225,0.4605882167816162,0.46140551567077637,0.45622119307518005,0.4576271176338196
Race: Other,859,0.7293232679367065,0.7152777910232544,0.6748120188713074,0.6278195381164551,0.6363636255264282
Overall,860,0.42163461446762085,0.48701298236846924,0.49038460850715637,0.43488943576812744,0.45652174949645996
Gender: Male,860,0.8253968358039856,0.7739938497543335,0.7809523940086365,0.7749999761581421,0.7777777910232544
Gender: Female,860,0.3741109371185303,0.13725490868091583,0.3684210479259491,0.20000000298023224,0.25
Age: 50-65,860,0.42163461446762085,0.48701298236846924,0.49038460850715637,0.43488943576812744,0.45652174949645996
Race: White,860,0.2832080125808716,0.33130699396133423,0.36090224981307983,0.2738095223903656,0.2786885201931
Race: Other,860,0.7166666984558105,0.7749999761581421,0.7444444894790649,0.7543859481811523,0.785714328289032
Overall,861,0.582870364189148,0.6177347302436829,0.6097221970558167,0.5827927589416504,0.585106372833252
Gender: Male,861,0.7653846740722656,0.7857142686843872,0.7871794700622559,0.7854406237602234,0.785714328289032
Gender: Female,861,0.4761904776096344,0.25151515007019043,0.3779762089252472,0.24724872410297394,0.28947368264198303
Age: 50-65,861,0.582870364189148,0.6177347302436829,0.6097221970558167,0.5827927589416504,0.585106372833252
Race: White,861,0.46992480754852295,0.4941176772117615,0.49436089396476746,0.4671201705932617,0.46808508038520813
Race: Other,861,0.6902834177017212,0.7306034564971924,0.7165992259979248,0.6875,0.6888889074325562
Overall,862,0.6234450340270996,0.6060371398925781,0.5655502080917358,0.4788011610507965,0.5053763389587402
Gender: Male,862,0.7280219793319702,0.7053571343421936,0.6579670310020447,0.6426470279693604,0.6666666865348816
Gender: Female,862,0.6620689630508423,0.4583333432674408,0.4844827353954315,0.25815218687057495,0.28205129504203796
Age: 50-65,862,0.6234450340270996,0.6060371398925781,0.5655502080917358,0.4788011610507965,0.5053763389587402
Race: White,862,0.48403358459472656,0.47671839594841003,0.48235294222831726,0.3763118386268616,0.38461539149284363
Race: Other,862,0.7714285850524902,0.75,0.6499999761581421,0.5641025900840759,0.5882353186607361
Overall,863,0.6879227161407471,0.6976190805435181,0.6403381824493408,0.610253095626831,0.6373626589775085
Gender: Male,863,0.8052108883857727,0.8346036672592163,0.772332489490509,0.773809552192688,0.7894737124443054
Gender: Female,863,0.6285714507102966,0.3896551728248596,0.44285714626312256,0.3358139395713806,0.38235294818878174
Age: 50-65,863,0.6879227161407471,0.6976190805435181,0.6403381824493408,0.610253095626831,0.6373626589775085
Race: White,863,0.6626343727111816,0.5842490792274475,0.5618279576301575,0.5075757503509521,0.5272727012634277
Race: Other,863,0.7263157963752747,0.865384578704834,0.7666666507720947,0.7700483202934265,0.7941176295280457
Overall,864,0.6794425249099731,0.6969696879386902,0.6553011536598206,0.6197669506072998,0.6333333253860474
Gender: Male,864,0.7784314155578613,0.7545454502105713,0.7745097875595093,0.7417582273483276,0.7446808218955994
Gender: Female,864,0.49780702590942383,0.26829269528388977,0.4583333432674408,0.3384615480899811,0.5116279125213623
Age: 50-65,864,0.6794425249099731,0.6969696879386902,0.6553011536598206,0.6197669506072998,0.6333333253860474
Race: White,864,0.6010100841522217,0.6336032152175903,0.6111111044883728,0.524844765663147,0.529411792755127
Race: Other,864,0.7828947305679321,0.7632575631141663,0.7286183834075928,0.7286821603775024,0.7428571581840515
Overall,865,0.5561224222183228,0.6383053064346313,0.6007652878761292,0.5526455044746399,0.5730336904525757
Gender: Male,865,0.6724138259887695,0.696581244468689,0.6699507236480713,0.6560813188552856,0.6666666865348816
Gender: Female,865,0.5208333730697632,0.522988498210907,0.5083333253860474,0.35524922609329224,0.40625
Age: 50-65,865,0.5561224222183228,0.6383053064346313,0.6007652878761292,0.5526455044746399,0.5730336904525757
Race: White,865,0.5353260636329651,0.49537035822868347,0.4959239065647125,0.4558139443397522,0.4615384638309479
Race: Other,865,0.5879917144775391,0.800000011920929,0.695652186870575,0.65625,0.6818181872367859
Overall,866,0.6748658418655396,0.6527777910232544,0.6377459764480591,0.6159030199050903,0.6210526823997498
Gender: Male,866,0.7822580337524414,0.7879418134689331,0.7792338728904724,0.7763691544532776,0.7777778506278992
Gender: Female,866,0.4958333373069763,0.3205128312110901,0.38333335518836975,0.2874493896961212,0.3125
Age: 50-65,866,0.6748658418655396,0.6527777910232544,0.6377459764480591,0.6159030199050903,0.6210526823997498
Race: White,866,0.5070027709007263,0.485714316368103,0.4859943985939026,0.454365074634552,0.45454543828964233
Race: Black,866,0.0,1.0,1.0,1.0,1.0
Race: Other,866,0.9259259700775146,0.8333333730697632,0.8333333730697632,0.800000011920929,0.8000000715255737
Overall,867,0.5159041285514832,0.5364764332771301,0.5320261716842651,0.5104212760925293,0.5208333730697632
Gender: Male,867,0.6041666269302368,0.6570513248443604,0.6417824029922485,0.6217948794364929,0.6271186470985413
Gender: Female,867,0.43274855613708496,0.32867133617401123,0.35672515630722046,0.3272727429866791,0.3513513505458832
Age: 50-65,867,0.5159041285514832,0.5364764332771301,0.5320261716842651,0.5104212760925293,0.5208333730697632
Race: White,867,0.2984374761581421,0.3606060743331909,0.35624998807907104,0.34518516063690186,0.3461538553237915
Race: Other,867,0.7752525210380554,0.7831541299819946,0.6994949579238892,0.6925227046012878,0.7250000238418579
Overall,868,0.514586329460144,0.6596078872680664,0.5973218679428101,0.5719759464263916,0.6304348111152649
Gender: Male,868,0.7849462032318115,0.9078947305679321,0.8055555820465088,0.8285857439041138,0.8571428656578064
Gender: Female,868,0.426086962223053,0.28603604435920715,0.39673912525177,0.2976406514644623,0.3720930218696594
Age: 50-65,868,0.514586329460144,0.6596078872680664,0.5973218679428101,0.5719759464263916,0.6304348111152649
Race: White,868,0.41090911626815796,0.4853801131248474,0.4909090995788574,0.44649258255958557,0.5106382966041565
Race: Other,868,0.7368420958518982,0.8392857313156128,0.7352941036224365,0.7242553234100342,0.75
Overall,869,0.4655647575855255,0.49609097838401794,0.49696969985961914,0.42105263471603394,0.4318181872367859
Gender: Male,869,0.6010100841522217,0.6313725709915161,0.6127946376800537,0.5833333730697632,0.5918367505073547
Gender: Female,869,0.36688312888145447,0.27272728085517883,0.3538961112499237,0.2179144322872162,0.23076923191547394
Age: 50-65,869,0.4655647575855255,0.49609097838401794,0.49696969985961914,0.42105263471603394,0.4318181872367859
Race: White,869,0.421875,0.41208791732788086,0.421875,0.3516339957714081,0.3541666865348816
Race: Other,869,0.46666663885116577,0.5991379022598267,0.5696969628334045,0.4954545497894287,0.5135135054588318
Overall,870,0.5047169923782349,0.5419355034828186,0.5390223264694214,0.5216552019119263,0.5257731676101685
Gender: Male,870,0.6791604161262512,0.7651515007019043,0.7623687982559204,0.7499074935913086,0.75
Gender: Female,870,0.3948412537574768,0.23317307233810425,0.2797619104385376,0.24273329973220825,0.2666666805744171
Age: 50-65,870,0.5047169923782349,0.5419355034828186,0.5390223264694214,0.5216552019119263,0.5257731676101685
Race: White,870,0.34090912342071533,0.3571428656578064,0.3583916127681732,0.3538862466812134,0.3541666865348816
Race: Black,870,0.0,0.44999998807907104,0.5,0.4736842215061188,0.9000000357627869
Race: Other,870,0.7011834383010864,0.7042856812477112,0.7115384340286255,0.6407894492149353,0.6410256624221802
Overall,871,0.5385638475418091,0.5351307392120361,0.5285904407501221,0.5043478012084961,0.5263158082962036
Gender: Male,871,0.6525735855102539,0.6902173757553101,0.6608455777168274,0.6509615182876587,0.6666666865348816
Gender: Female,871,0.2788461446762085,0.13636364042758942,0.23076923191547394,0.17142857611179352,0.20689654350280762
Age: 50-65,871,0.5385638475418091,0.5351307392120361,0.5285904407501221,0.5043478012084961,0.5263158082962036
Race: White,871,0.30434781312942505,0.3459051847457886,0.3586956560611725,0.3438914120197296,0.35555556416511536
Race: Other,871,0.72817462682724,0.7486631274223328,0.6845238208770752,0.649350643157959,0.6666666865348816
Overall,872,0.5113636255264282,0.5364912748336792,0.5236363410949707,0.48673015832901,0.542553186416626
Gender: Male,872,0.640350878238678,0.6549144983291626,0.6271929740905762,0.6287878751754761,0.6734693646430969
Gender: Female,872,0.5379999876022339,0.3717948794364929,0.4399999976158142,0.3357025682926178,0.4000000059604645
Age: 50-65,872,0.5113636255264282,0.5364912748336792,0.5236363410949707,0.48673015832901,0.542553186416626
Race: White,872,0.5230566263198853,0.4880952537059784,0.4907773435115814,0.4317512512207031,0.4464285969734192
Race: Other,872,0.5991735458374023,0.5392857193946838,0.5227272510528564,0.5049999952316284,0.6363636255264282
Overall,873,0.6410492658615112,0.6529762148857117,0.618269681930542,0.5710775852203369,0.585106372833252
Gender: Male,873,0.7007406949996948,0.8020833730697632,0.7577778100967407,0.7422798275947571,0.75
Gender: Female,873,0.5913461446762085,0.4264705777168274,0.45192307233810425,0.3576470613479614,0.380952388048172
Age: 50-65,873,0.6410492658615112,0.6529762148857117,0.618269681930542,0.5710775852203369,0.585106372833252
Race: White,873,0.6822580695152283,0.6027960777282715,0.600806474685669,0.568461537361145,0.5686274766921997
Race: Other,873,0.7132867574691772,0.7166666984558105,0.6136363744735718,0.4875107407569885,0.5142857432365417
Overall,874,0.5651628971099854,0.5740038156509399,0.5651628971099854,0.5295454263687134,0.5353535413742065
Gender: Male,874,0.7265625,0.7166666984558105,0.703125,0.6769230365753174,0.6785714626312256
Gender: Female,874,0.43111109733581543,0.3536931872367859,0.38555556535720825,0.3311111032962799,0.3488371968269348
Age: 50-65,874,0.5651628971099854,0.5740038156509399,0.5651628971099854,0.5295454263687134,0.5353535413742065
Race: White,874,0.4653371572494507,0.494047611951828,0.494301974773407,0.46859902143478394,0.4696969985961914
Race: Other,874,0.8705882430076599,0.75,0.7058823704719543,0.625,0.6296296119689941
Overall,875,0.6526806354522705,0.6682900190353394,0.6449883580207825,0.6009179353713989,0.6063829660415649
Gender: Male,875,0.8047138452529907,0.7613122463226318,0.7592592835426331,0.7499305009841919,0.7500000596046448
Gender: Female,875,0.5795454382896423,0.421875,0.48106062412261963,0.2916666567325592,0.3529411852359772
Age: 50-65,875,0.6526806354522705,0.6682900190353394,0.6449883580207825,0.6009179353713989,0.6063829660415649
Race: White,875,0.5931721329689026,0.5694444179534912,0.5711237192153931,0.5177033543586731,0.5178571939468384
Race: Other,875,0.7983193397521973,0.804347813129425,0.7352941036224365,0.6983783841133118,0.7096773982048035
Overall,876,0.5350403785705566,0.5236258506774902,0.5220125913619995,0.5017297267913818,0.5052632093429565
Gender: Male,876,0.7127976417541504,0.7133333683013916,0.7142857313156128,0.7114317417144775,0.7115384936332703
Gender: Female,876,0.41333335638046265,0.20261438190937042,0.29777780175209045,0.22171945869922638,0.25581395626068115
Age: 50-65,876,0.5350403785705566,0.5236258506774902,0.5220125913619995,0.5017297267913818,0.5052632093429565
Race: White,876,0.4051724076271057,0.37012195587158203,0.38523706793785095,0.3631868362426758,0.37704914808273315
Race: Other,876,0.8083333969116211,0.7698412537574768,0.7833333015441895,0.7490196228027344,0.75
Overall,877,0.5696325302124023,0.5617007613182068,0.5466634631156921,0.512499988079071,0.5384615659713745
Gender: Male,877,0.6178659796714783,0.6108108162879944,0.6017369627952576,0.5991048812866211,0.6140350699424744
Gender: Female,877,0.754578709602356,0.5268816947937012,0.5091575384140015,0.35606062412261963,0.4117647111415863
Age: 50-65,877,0.5696325302124023,0.5617007613182068,0.5466634631156921,0.512499988079071,0.5384615659713745
Race: White,877,0.49898582696914673,0.4665314555168152,0.4665314555168152,0.43478259444236755,0.43478262424468994
Race: Other,877,0.5676329135894775,0.6333333253860474,0.5676328539848328,0.5287356376647949,0.6097560524940491
Overall,878,0.6710208058357239,0.6333333253860474,0.6238510012626648,0.5954842567443848,0.5978261232376099
Gender: Male,878,0.7772657871246338,0.7451274394989014,0.7511520385742188,0.7303704023361206,0.7307692766189575
Gender: Female,878,0.5505050420761108,0.43189963698387146,0.45202019810676575,0.39433836936950684,0.42500001192092896
Age: 50-65,878,0.6710208058357239,0.6333333253860474,0.6238510012626648,0.5954842567443848,0.5978261232376099
Race: White,878,0.4219067096710205,0.4198783040046692,0.4198783040046692,0.3913043439388275,0.3913043439388275
Race: Other,878,0.9575757384300232,0.8409091234207153,0.8409091234207153,0.8108108043670654,0.8108108043670654
Overall,879,0.5980081558227539,0.5719534158706665,0.5531914830207825,0.5220339298248291,0.5531914830207825
Gender: Male,879,0.775240421295166,0.7238163948059082,0.6875,0.6858872175216675,0.7068965435028076
Gender: Female,879,0.514285683631897,0.25,0.3571428656578064,0.25925925374031067,0.3055555522441864
Age: 50-65,879,0.5980081558227539,0.5719534158706665,0.5531914830207825,0.5220339298248291,0.5531914830207825
Race: White,879,0.38980263471603394,0.4402834177017212,0.45148026943206787,0.38362574577331543,0.3921568691730499
Race: Black,879,0.0,0.4545454680919647,0.5,0.4761904776096344,0.9090909361839294
Race: Other,879,0.7896825075149536,0.6909090876579285,0.6666666269302368,0.6666666269302368,0.6875
Overall,880,0.6300492286682129,0.6612902879714966,0.6527093648910522,0.6014131307601929,0.602150559425354
Gender: Male,880,0.7270935773849487,0.7317317128181458,0.7280788421630859,0.7184751033782959,0.71875
Gender: Female,880,0.7826086282730103,0.6200000047683716,0.5869565010070801,0.34169653058052063,0.3448275923728943
Age: 50-65,880,0.6300492286682129,0.6612902879714966,0.6527093648910522,0.6014131307601929,0.602150559425354
Race: White,880,0.5609756112098694,0.5805194973945618,0.5945122241973877,0.5210084319114685,0.5263158082962036
Race: Other,880,0.7249999642372131,0.7626262903213501,0.7166666984558105,0.6983783841133118,0.7096773982048035
Overall,881,0.43580302596092224,0.44289854168891907,0.4546709656715393,0.4083915948867798,0.42553189396858215
Gender: Male,881,0.5,0.5903226137161255,0.5795454382896423,0.5705159902572632,0.5869565606117249
Gender: Female,881,0.43074002861976624,0.2815789580345154,0.34250473976135254,0.2549889087677002,0.2708333432674408
Age: 50-65,881,0.43580302596092224,0.44289854168891907,0.4546709656715393,0.4083915948867798,0.42553189396858215
Race: White,881,0.3321678340435028,0.32083332538604736,0.3496503531932831,0.2881953716278076,0.2950819432735443
Race: Other,881,0.6307692527770996,0.6491228342056274,0.6307692527770996,0.625668466091156,0.6428571939468384
Overall,882,0.6905370950698853,0.7091048955917358,0.6155157685279846,0.5554119348526001,0.5979381203651428
Gender: Male,882,0.8530092239379883,0.8189393877983093,0.7436342239379883,0.7412281036376953,0.7627118825912476
Gender: Female,882,0.6815476417541504,0.1756756752729416,0.4642857015132904,0.2549019753932953,0.34210526943206787
Age: 50-65,882,0.6905370950698853,0.7091048955917358,0.6155157685279846,0.5554119348526001,0.5979381203651428
Race: White,882,0.638157844543457,0.5833333134651184,0.5690789222717285,0.4413793087005615,0.4444444477558136
Race: Black,882,0.0,1.0,1.0,1.0,1.0
Race: Other,882,0.7346154451370239,0.8448275923728943,0.6538461446762085,0.6434574127197266,0.7272727489471436
Overall,883,0.60326087474823,0.5763528347015381,0.5508893132209778,0.5063545107841492,0.5444444417953491
Gender: Male,883,0.5780998468399048,0.6380952596664429,0.6167471408843994,0.5894910097122192,0.5999999642372131
Gender: Female,883,0.7042606472969055,0.375,0.4548872113227844,0.3592677116394043,0.4749999940395355
Age: 50-65,883,0.60326087474823,0.5763528347015381,0.5508893132209778,0.5063545107841492,0.5444444417953491
Race: White,883,0.4736842215061188,0.4307692348957062,0.44078946113586426,0.4070601165294647,0.41860464215278625
Race: Other,883,0.7327272891998291,0.8048780560493469,0.6363636255264282,0.5930736064910889,0.6595744490623474
Overall,884,0.4856361150741577,0.5950292348861694,0.5592795610427856,0.5267845392227173,0.585106372833252
Gender: Male,884,0.7421875,0.807692289352417,0.7437499761581421,0.7558685541152954,0.7884615659713745
Gender: Female,884,0.30434781312942505,0.18918919563293457,0.3684210479259491,0.25,0.3333333432674408
Age: 50-65,884,0.4856361150741577,0.5950292348861694,0.5592795610427856,0.5267845392227173,0.585106372833252
Race: White,884,0.31111109256744385,0.3742690086364746,0.4203703701496124,0.3766578435897827,0.46808508038520813
Race: Black,884,0.375,0.3636363744735718,0.5,0.42105263471603394,0.7272727489471436
Race: Other,884,0.7531249523162842,0.7962962985038757,0.7250000238418579,0.6824378371238708,0.694444477558136
Overall,885,0.6170213222503662,0.5816953182220459,0.5577507615089417,0.5194971561431885,0.5520833730697632
Gender: Male,885,0.6419752836227417,0.706250011920929,0.6782407760620117,0.658257782459259,0.6666666865348816
Gender: Female,885,0.616600751876831,0.31410256028175354,0.41403162479400635,0.32603687047958374,0.42222222685813904
Age: 50-65,885,0.6170213222503662,0.5816953182220459,0.5577507615089417,0.5194971561431885,0.5520833730697632
Race: White,885,0.3506787419319153,0.3780241906642914,0.3631221652030945,0.3163636326789856,0.3191489279270172
Race: Black,885,0.0,1.0,1.0,1.0,1.0
Race: Other,885,0.8138889074325562,0.7651515007019043,0.6458333134651184,0.6416040062904358,0.7179487347602844
Overall,886,0.625,0.6341735124588013,0.59159916639328,0.5231941938400269,0.5444444417953491
Gender: Male,886,0.7034482955932617,0.7072368860244751,0.6810344457626343,0.6684412956237793,0.6779661178588867
Gender: Female,886,0.7626262903213501,0.14516128599643707,0.5,0.22499999403953552,0.29032257199287415
Age: 50-65,886,0.625,0.6341735124588013,0.59159916639328,0.5231941938400269,0.5444444417953491
Race: White,886,0.6035503149032593,0.5290178656578064,0.5192307829856873,0.39595961570739746,0.41025641560554504
Race: Other,886,0.6721611618995667,0.688095211982727,0.6446886658668518,0.6024435758590698,0.6170212626457214
Overall,887,0.5591132640838623,0.5803030729293823,0.5783251523971558,0.5374205112457275,0.5376344323158264
Gender: Male,887,0.7364252805709839,0.7388392686843872,0.7420814037322998,0.7330366969108582,0.7333333492279053
Gender: Female,887,0.4166666567325592,0.18928572535514832,0.2986111342906952,0.1696178913116455,0.1818181872367859
Age: 50-65,887,0.5591132640838623,0.5803030729293823,0.5783251523971558,0.5374205112457275,0.5376344323158264
Race: White,887,0.3692307472229004,0.3892045319080353,0.36666667461395264,0.3407743275165558,0.35185185074806213
Race: Other,887,0.73308265209198,0.8181818127632141,0.7894736528396606,0.7555555701255798,0.7575757503509521
Overall,888,0.5507099628448486,0.5780626535415649,0.56947261095047,0.5080214142799377,0.510869562625885
Gender: Male,888,0.7666666507720947,0.7297101020812988,0.7297101020812988,0.7169811129570007,0.7169811725616455
Gender: Female,888,0.5389610528945923,0.23928570747375488,0.3814935088157654,0.20516304671764374,0.23076923191547394
Age: 50-65,888,0.5507099628448486,0.5780626535415649,0.56947261095047,0.5080214142799377,0.510869562625885
Race: White,888,0.5023809671401978,0.5077519416809082,0.5071429014205933,0.4412715435028076,0.44262292981147766
Race: Other,888,0.7666666507720947,0.7256944179534912,0.7166666984558105,0.6794872283935547,0.6800000071525574
Overall,889,0.47982916235923767,0.4900285005569458,0.4916943311691284,0.46198832988739014,0.47826087474823
Gender: Male,889,0.565000057220459,0.5539772510528564,0.5475000143051147,0.5353448390960693,0.5510203838348389
Gender: Female,889,0.4955555498600006,0.41477274894714355,0.4333333373069763,0.37888890504837036,0.39534884691238403
Age: 50-65,889,0.47982916235923767,0.4900285005569458,0.4916943311691284,0.46198832988739014,0.47826087474823
Race: White,889,0.33529412746429443,0.341017484664917,0.3529411852359772,0.3126935064792633,0.31481480598449707
Race: Other,889,0.7408906817436218,0.7136363983154297,0.6902834177017212,0.6945917010307312,0.71875
Overall,890,0.6277512311935425,0.6068840622901917,0.5846890211105347,0.5269135236740112,0.5376344323158264
Gender: Male,890,0.6617647409439087,0.6502525210380554,0.6458333730697632,0.6202380657196045,0.6206896305084229
Gender: Female,890,0.6530612707138062,0.4469696879386902,0.488095223903656,0.3200739920139313,0.4000000059604645
Age: 50-65,890,0.6277512311935425,0.6068840622901917,0.5846890211105347,0.5269135236740112,0.5376344323158264
Race: White,890,0.5342742204666138,0.44880950450897217,0.4566532373428345,0.37847697734832764,0.3829787075519562
Race: Black,890,0.0,0.44999998807907104,0.5,0.4736842215061188,0.9000000357627869
Race: Other,890,0.7725752592086792,0.7083333730697632,0.7006689310073853,0.6386100053787231,0.6388888955116272
Overall,891,0.6156186461448669,0.5268816947937012,0.5253549814224243,0.47727274894714355,0.47826087474823
Gender: Male,891,0.7724957466125488,0.6505635976791382,0.6587436199188232,0.6376811265945435,0.6399999856948853
Gender: Female,891,0.6172839403152466,0.2857142984867096,0.37037038803100586,0.25882354378700256,0.2857142984867096
Age: 50-65,891,0.6156186461448669,0.5268816947937012,0.5253549814224243,0.47727274894714355,0.47826087474823
Race: White,891,0.5810810327529907,0.4821428656578064,0.4812312126159668,0.4356173276901245,0.4363636374473572
Race: Other,891,0.7105263471603394,0.5891304016113281,0.5770676732063293,0.5386766195297241,0.5454545617103577
Overall,892,0.5500928163528442,0.5403225421905518,0.5359461903572083,0.5174528360366821,0.5268816947937012
Gender: Male,892,0.6602254509925842,0.7077921628952026,0.706119179725647,0.6998800039291382,0.699999988079071
Gender: Female,892,0.4935064911842346,0.24673202633857727,0.33225110173225403,0.26862168312072754,0.3255814015865326
Age: 50-65,892,0.5500928163528442,0.5403225421905518,0.5359461903572083,0.5174528360366821,0.5268816947937012
Race: White,892,0.4137931168079376,0.43430233001708984,0.44269776344299316,0.4166666865348816,0.4285714626312256
Race: Other,892,0.8166667222976685,0.7215908765792847,0.7166666984558105,0.7032967209815979,0.7037037014961243
Overall,893,0.6746433973312378,0.6529762148857117,0.618269681930542,0.5710775852203369,0.585106372833252
Gender: Male,893,0.8786982297897339,0.7973856329917908,0.7692307829856873,0.7636363506317139,0.7692307829856873
Gender: Female,893,0.5777777433395386,0.4166666865348816,0.4555555582046509,0.32620322704315186,0.3571428656578064
Age: 50-65,893,0.6746433973312378,0.6529762148857117,0.618269681930542,0.5710775852203369,0.585106372833252
Race: White,893,0.609375,0.5568990111351013,0.5625,0.480652391910553,0.4821428656578064
Race: Other,893,0.7461538314819336,0.7392857074737549,0.6288461685180664,0.6180555820465088,0.696969747543335
Overall,894,0.661057710647583,0.6337313652038574,0.607692301273346,0.5645102262496948,0.5760869383811951
Gender: Male,894,0.7983871698379517,0.7633053064346313,0.7526881694793701,0.7555555701255798,0.7636363506317139
Gender: Female,894,0.5753967761993408,0.4962121248245239,0.4980158805847168,0.2842261791229248,0.29729729890823364
Age: 50-65,894,0.661057710647583,0.6337313652038574,0.607692301273346,0.5645102262496948,0.5760869383811951
Race: White,894,0.5374149680137634,0.4642857313156128,0.4714285731315613,0.40136054158210754,0.4107142984867096
Race: Other,894,0.8778280019760132,0.8421052694320679,0.8235294222831726,0.7991071343421936,0.8000000715255737
Overall,895,0.538095235824585,0.5584415793418884,0.5428571701049805,0.5208333730697632,0.5652173757553101
Gender: Male,895,0.6073529720306396,0.6369047164916992,0.6014705896377563,0.6003289222717285,0.6666666865348816
Gender: Female,895,0.6136363744735718,0.4464285671710968,0.4573863744735718,0.40625,0.42105263471603394
Age: 50-65,895,0.538095235824585,0.5584415793418884,0.5428571701049805,0.5208333730697632,0.5652173757553101
Race: White,895,0.4444444477558136,0.46875,0.47101449966430664,0.45454543828964233,0.4599999785423279
Race: Other,895,0.6811593770980835,0.6985294222831726,0.5782608985900879,0.543859601020813,0.6578947305679321
Overall,896,0.5308823585510254,0.4985096752643585,0.49852943420410156,0.457385390996933,0.45744678378105164
Gender: Male,896,0.5871710777282715,0.6203703880310059,0.6282894611358643,0.6180528402328491,0.6274510025978088
Gender: Female,896,0.5357142686843872,0.21846845746040344,0.3511904776096344,0.22171945869922638,0.25581395626068115
Age: 50-65,896,0.5308823585510254,0.4985096752643585,0.49852943420410156,0.457385390996933,0.45744678378105164
Race: White,896,0.4571078419685364,0.39605262875556946,0.40318629145622253,0.37634408473968506,0.37931033968925476
Race: Other,896,0.7200000286102295,0.6520146727561951,0.6844444274902344,0.582456111907959,0.5882353186607361
Overall,897,0.5693256855010986,0.6341614723205566,0.6025640964508057,0.5456928014755249,0.5591397881507874
Gender: Male,897,0.8568840026855469,0.8709677457809448,0.8333333730697632,0.8259259462356567,0.8297871947288513
Gender: Female,897,0.4479166865348816,0.2838827967643738,0.37708333134651184,0.25405406951904297,0.28260868787765503
Age: 50-65,897,0.5693256855010986,0.6341614723205566,0.6025640964508057,0.5456928014755249,0.5591397881507874
Race: White,897,0.40156251192092896,0.455654114484787,0.46875,0.3854365348815918,0.4038461744785309
Race: Other,897,0.865384578704834,0.8095238208770752,0.800000011920929,0.7573529481887817,0.7575757503509521
Overall,898,0.6274509429931641,0.5662100315093994,0.5426470637321472,0.4747980237007141,0.5054945349693298
Gender: Male,898,0.6958333253860474,0.6609195470809937,0.6458333730697632,0.64420485496521,0.6590909361839294
Gender: Female,898,0.784274160861969,0.5037878751754761,0.5010080337524414,0.30882352590560913,0.3617021143436432
Age: 50-65,898,0.6274509429931641,0.5662100315093994,0.5426470637321472,0.4747980237007141,0.5054945349693298
Race: White,898,0.627764105796814,0.5248227119445801,0.5171990394592285,0.42413485050201416,0.4406779706478119
Race: Other,898,0.682692289352417,0.6376811265945435,0.5913461446762085,0.5695006847381592,0.6206896305084229
Overall,899,0.508888840675354,0.5051282048225403,0.5044444799423218,0.48181819915771484,0.49473685026168823
Gender: Male,899,0.656551718711853,0.6605113744735718,0.6558620929718018,0.6470588445663452,0.6481481790542603
Gender: Female,899,0.4214285612106323,0.1818181872367859,0.30000001192092896,0.22641509771347046,0.2926829159259796
Age: 50-65,899,0.508888840675354,0.5051282048225403,0.5044444799423218,0.48181819915771484,0.49473685026168823
Race: White,899,0.3463541269302368,0.3857142925262451,0.390625,0.3732011318206787,0.3750000298023224
Race: Other,899,0.7306501865386963,0.7037037014961243,0.6532507538795471,0.6387959718704224,0.6666666865348816
Overall,900,0.5465812087059021,0.591304361820221,0.5807692408561707,0.5314815044403076,0.5353535413742065
Gender: Male,900,0.8022857308387756,0.7571770548820496,0.7457143068313599,0.7159565687179565,0.7166666984558105
Gender: Female,900,0.2571428418159485,0.2540322542190552,0.3257142901420593,0.23838384449481964,0.25641027092933655
Age: 50-65,900,0.5465812087059021,0.591304361820221,0.5807692408561707,0.5314815044403076,0.5353535413742065
Race: White,900,0.45641028881073,0.5171052813529968,0.5166666507720947,0.45747125148773193,0.4576271176338196
Race: Other,900,0.6607142686843872,0.6783217191696167,0.6517857313156128,0.6145833730697632,0.6216216087341309
Overall,901,0.6086745262145996,0.6002330780029297,0.583820641040802,0.5355769395828247,0.54347825050354
Gender: Male,901,0.7190669775009155,0.6906976699829102,0.6663286089897156,0.6435185074806213,0.6507936716079712
Gender: Female,901,0.5777777433395386,0.3804347813129425,0.40833336114883423,0.30288460850715637,0.3103448152542114
Age: 50-65,901,0.6086745262145996,0.6002330780029297,0.583820641040802,0.5355769395828247,0.54347825050354
Race: White,901,0.49624061584472656,0.420512855052948,0.43007516860961914,0.3668965697288513,0.37037038803100586
Race: Other,901,0.8293650150299072,0.8333333730697632,0.8055555820465088,0.7793103456497192,0.78125
Overall,902,0.5133333206176758,0.5735930800437927,0.5404762029647827,0.4647705554962158,0.510869562625885
Gender: Male,902,0.5526315569877625,0.6785714626312256,0.626518189907074,0.6184284687042236,0.6666666865348816
Gender: Female,902,0.6330645084381104,0.46666669845581055,0.4858871102333069,0.3247126340866089,0.3617021143436432
Age: 50-65,902,0.5133333206176758,0.5735930800437927,0.5404762029647827,0.4647705554962158,0.510869562625885
Race: White,902,0.42735040187835693,0.4460887908935547,0.4564102590084076,0.32965517044067383,0.3333333432674408
Race: Other,902,0.6692307591438293,0.765625,0.6307692527770996,0.6453201770782471,0.7777777910232544
Overall,903,0.6598532199859619,0.6913461685180664,0.6564465761184692,0.5994599461555481,0.6067416071891785
Gender: Male,903,0.7043478488922119,0.7444444894790649,0.7231884002685547,0.6954022645950317,0.698113203048706
Gender: Female,903,0.6588628888130188,0.6166666746139526,0.5702341198921204,0.4514835774898529,0.472222238779068
Age: 50-65,903,0.6598532199859619,0.6913461685180664,0.6564465761184692,0.5994599461555481,0.6067416071891785
Race: White,903,0.6282051205635071,0.5877193212509155,0.6068376302719116,0.5234672427177429,0.5306122303009033
Race: Other,903,0.7389705777168274,0.8035714626312256,0.65625,0.6158730387687683,0.6666666865348816
Overall,904,0.5190908908843994,0.45135748386383057,0.4609090983867645,0.42575186491012573,0.44680848717689514
Gender: Male,904,0.5842857360839844,0.542569637298584,0.5392857193946838,0.5337243676185608,0.5471698045730591
Gender: Female,904,0.6100000143051147,0.3046218752861023,0.38374999165534973,0.2824999988079071,0.31707316637039185
Age: 50-65,904,0.5190908908843994,0.45135748386383057,0.4609090983867645,0.42575186491012573,0.44680848717689514
Race: White,904,0.3935483694076538,0.27149322628974915,0.30451613664627075,0.2708333432674408,0.2857142984867096
Race: Other,904,0.703703761100769,0.7361111044883728,0.6888889074325562,0.6552706956863403,0.6666666865348816
Overall,905,0.5341006517410278,0.568323016166687,0.5562660098075867,0.5412161946296692,0.5670102834701538
Gender: Male,905,0.7376312017440796,0.7222222089767456,0.6919040679931641,0.692307710647583,0.7115384936332703
Gender: Female,905,0.3596838116645813,0.3787878751754761,0.4051383435726166,0.36883115768432617,0.4000000059604645
Age: 50-65,905,0.5341006517410278,0.568323016166687,0.5562660098075867,0.5412161946296692,0.5670102834701538
Race: White,905,0.4166666865348816,0.4422336220741272,0.44999998807907104,0.4308709502220154,0.45000001788139343
Race: Other,905,0.77734375,0.770531415939331,0.71875,0.7046153545379639,0.71875
Overall,906,0.5913879871368408,0.5625,0.5494731664657593,0.48004865646362305,0.4895833432674408
Gender: Male,906,0.6146953105926514,0.6586021184921265,0.6586021184921265,0.6122449040412903,0.6122449040412903
Gender: Female,906,0.6090225577354431,0.34959352016448975,0.4304511547088623,0.30882352590560913,0.3617021143436432
Age: 50-65,906,0.5913879871368408,0.5625,0.5494731664657593,0.48004865646362305,0.4895833432674408
Race: White,906,0.4047619104385376,0.44753578305244446,0.4345238208770752,0.34624695777893066,0.35185185074806213
Race: Other,906,0.6815476417541504,0.6738095283508301,0.6086309552192688,0.5899403095245361,0.6486486792564392
Overall,907,0.5273607969284058,0.5777027010917664,0.5556900501251221,0.46510279178619385,0.4787233769893646
Gender: Male,907,0.7349228262901306,0.7392857074737549,0.6879382729530334,0.6380952596664429,0.6481481790542603
Gender: Female,907,0.3690476417541504,0.28431373834609985,0.3690476417541504,0.23273657262325287,0.25
Age: 50-65,907,0.5273607969284058,0.5777027010917664,0.5556900501251221,0.46510279178619385,0.4787233769893646
Race: White,907,0.42954856157302856,0.4984472095966339,0.49863201379776,0.38178780674934387,0.38333335518836975
Race: Other,907,0.703125,0.6666666269302368,0.6145833730697632,0.5508021712303162,0.5714285969734192
Overall,908,0.4773736000061035,0.5488791465759277,0.5348269939422607,0.4940229654312134,0.5263158082962036
Gender: Male,908,0.6185064315795898,0.722453236579895,0.673701286315918,0.6703296899795532,0.699999988079071
Gender: Female,908,0.42181074619293213,0.3333333432674408,0.3888888955116272,0.3055555522441864,0.3333333432674408
Age: 50-65,908,0.4773736000061035,0.5488791465759277,0.5348269939422607,0.4940229654312134,0.5263158082962036
Race: White,908,0.4382352828979492,0.4124999940395355,0.4279411733150482,0.36250001192092896,0.37037038803100586
Race: Other,908,0.5789473652839661,0.7150000333786011,0.6616541147232056,0.6590908765792847,0.696969747543335
Overall,909,0.6161616444587708,0.6642857193946838,0.6355218887329102,0.6016260385513306,0.6122449040412903
Gender: Male,909,0.8185763955116272,0.8227053284645081,0.7899305820465088,0.775478720664978,0.779411792755127
Gender: Female,909,0.2731481194496155,0.14000000059604645,0.2916666567325592,0.18918919563293457,0.23333334922790527
Age: 50-65,909,0.6161616444587708,0.6642857193946838,0.6355218887329102,0.6016260385513306,0.6122449040412903
Race: White,909,0.566919207572937,0.5485293865203857,0.5416666865348816,0.5012500286102295,0.5087719559669495
Race: Other,909,0.7619047164916992,0.761904776096344,0.761904776096344,0.6875,0.6875
Overall,910,0.49861112236976624,0.5339285731315613,0.5263888835906982,0.47412586212158203,0.4893616735935211
Gender: Male,910,0.7342857122421265,0.7317460775375366,0.7085714340209961,0.7065337896347046,0.7169811725616455
Gender: Female,910,0.31896552443504333,0.18333333730697632,0.30890804529190063,0.17750759422779083,0.19512194395065308
Age: 50-65,910,0.49861112236976624,0.5339285731315613,0.5263888835906982,0.47412586212158203,0.4893616735935211
Race: White,910,0.4843205213546753,0.47858017683029175,0.4796748161315918,0.41874998807907104,0.4193548262119293
Race: Other,910,0.4754902124404907,0.612500011920929,0.5661764740943909,0.5423242449760437,0.6206896305084229
Overall,911,0.5978407859802246,0.5507246255874634,0.5425101518630981,0.4920635223388672,0.5
Gender: Male,911,0.7657784223556519,0.6926406621932983,0.687237024307251,0.6662087440490723,0.6666666865348816
Gender: Female,911,0.48557692766189575,0.2361111044883728,0.36298078298568726,0.24278846383094788,0.2857142984867096
Age: 50-65,911,0.5978407859802246,0.5507246255874634,0.5425101518630981,0.4920635223388672,0.5
Race: White,911,0.5925324559211731,0.4965277910232544,0.4967532455921173,0.47665053606033325,0.47999998927116394
Race: Other,911,0.565432071685791,0.6565656661987305,0.614814817905426,0.5138888955116272,0.523809552192688
Overall,912,0.5801886916160583,0.5962963104248047,0.578044593334198,0.5668154954910278,0.5979381203651428
Gender: Male,912,0.6936339139938354,0.7538700103759766,0.7175066471099854,0.7136411070823669,0.7272726893424988
Gender: Female,912,0.49768519401550293,0.3499999940395355,0.3888888955116272,0.3571428656578064,0.4285714328289032
Age: 50-65,912,0.5801886916160583,0.5962963104248047,0.578044593334198,0.5668154954910278,0.5979381203651428
Race: White,912,0.4615384638309479,0.4888888895511627,0.48974359035491943,0.4835309386253357,0.5
Race: Other,912,0.7810457944869995,0.8035714626312256,0.6944444179534912,0.6577777862548828,0.6857143044471741
Overall,913,0.5234042406082153,0.5337313413619995,0.5267139673233032,0.4980158805847168,0.52173912525177
Gender: Male,913,0.5744047164916992,0.6143790483474731,0.6041666865348816,0.6006144285202026,0.6153846383094788
Gender: Female,913,0.6368286609649658,0.411255419254303,0.4475703239440918,0.35999998450279236,0.4000000059604645
Age: 50-65,913,0.5234042406082153,0.5337313413619995,0.5267139673233032,0.4980158805847168,0.52173912525177
Race: White,913,0.42524510622024536,0.3766140639781952,0.3946078419685364,0.3526395261287689,0.36206895112991333
Race: Other,913,0.7395833134651184,0.8125,0.7604166269302368,0.7666666507720947,0.785714328289032
Overall,914,0.48373985290527344,0.4651415944099426,0.4710930585861206,0.4297202229499817,0.4421052932739258
Gender: Male,914,0.6111111640930176,0.6190476417541504,0.6068376302719116,0.5945355296134949,0.6037735939025879
Gender: Female,914,0.41728395223617554,0.23232322931289673,0.3037037253379822,0.2222222238779068,0.2380952388048172
Age: 50-65,914,0.48373985290527344,0.4651415944099426,0.4710930585861206,0.4297202229499817,0.4421052932739258
Race: White,914,0.36000001430511475,0.2944444417953491,0.32923078536987305,0.30080646276474,0.3333333432674408
Race: Other,914,0.6868131756782532,0.6652299165725708,0.6579670310020447,0.5607143044471741,0.5609756112098694
Overall,915,0.5953326225280762,0.5750774145126343,0.5722442865371704,0.5485783815383911,0.5494505763053894
Gender: Male,915,0.6816976070404053,0.6606183052062988,0.6584880352020264,0.654088020324707,0.6545454263687134
Gender: Female,915,0.6041666865348816,0.45384615659713745,0.4583333432674408,0.38699692487716675,0.3888888955116272
Age: 50-65,915,0.5953326225280762,0.5750774145126343,0.5722442865371704,0.5485783815383911,0.5494505763053894
Race: White,915,0.5427083373069763,0.5360360145568848,0.5375000238418579,0.5145583748817444,0.515625
Race: Other,915,0.7179486751556396,0.6626983880996704,0.6314102411270142,0.6179965734481812,0.6399999856948853
Overall,916,0.592410683631897,0.560606062412262,0.5535714626312256,0.5155770182609558,0.5208333730697632
Gender: Male,916,0.7707979679107666,0.6916667222976685,0.6952462196350098,0.6598639488220215,0.6599999666213989
Gender: Female,916,0.5123809576034546,0.3444444537162781,0.3933333456516266,0.3313283324241638,0.3695652186870575
Age: 50-65,916,0.592410683631897,0.560606062412262,0.5535714626312256,0.5155770182609558,0.5208333730697632
Race: White,916,0.4117647111415863,0.4027777910232544,0.4073529541492462,0.36950549483299255,0.37037038803100586
Race: Other,916,0.8308080434799194,0.761904776096344,0.7222222089767456,0.6930946111679077,0.699999988079071
Overall,917,0.6114130020141602,0.5697977542877197,0.5484601259231567,0.5077335238456726,0.542553186416626
Gender: Male,917,0.6800000071525574,0.6309523582458496,0.5993548631668091,0.5869336128234863,0.625
Gender: Female,917,0.7014492750167847,0.47926267981529236,0.48695653676986694,0.3942028880119324,0.42105263471603394
Age: 50-65,917,0.6114130020141602,0.5697977542877197,0.5484601259231567,0.5077335238456726,0.542553186416626
Race: White,917,0.49671053886413574,0.46138995885849,0.46710526943206787,0.40605589747428894,0.4117647111415863
Race: Black,917,0.0,0.4000000059604645,0.5,0.4444444477558136,0.800000011920929
Race: Other,917,0.800751805305481,0.6840659379959106,0.6259398460388184,0.6158730387687683,0.6666666865348816
Overall,918,0.462978720664978,0.43087121844291687,0.43787235021591187,0.42092692852020264,0.4329896867275238
Gender: Male,918,0.7319999933242798,0.6313813924789429,0.6166666746139526,0.5934139490127563,0.5999999642372131
Gender: Female,918,0.229545459151268,0.1814814805984497,0.20681819319725037,0.19183672964572906,0.2142857164144516
Age: 50-65,918,0.462978720664978,0.43087121844291687,0.43787235021591187,0.42092692852020264,0.4329896867275238
Race: White,918,0.2858585715293884,0.2978947162628174,0.3060606122016907,0.29716023802757263,0.30158731341362
Race: Other,918,0.7754011154174805,0.6875,0.6604278087615967,0.6025806665420532,0.6071428656578064
Overall,919,0.6256224513053894,0.6483585834503174,0.6063829660415649,0.576421856880188,0.6063829660415649
Gender: Male,919,0.6675676107406616,0.7154254913330078,0.6824324131011963,0.6809524297714233,0.7014925479888916
Gender: Female,919,0.7470588684082031,0.4300000071525574,0.4794117510318756,0.3097744584083557,0.37037038803100586
Age: 50-65,919,0.6256224513053894,0.6483585834503174,0.6063829660415649,0.576421856880188,0.6063829660415649
Race: White,919,0.5416666269302368,0.5233739614486694,0.516523003578186,0.4630393981933594,0.49056604504585266
Race: Other,919,0.7222222089767456,0.7833333015441895,0.7236841917037964,0.7127329111099243,0.7297297716140747
Overall,920,0.5280612707138062,0.5686567425727844,0.5586735010147095,0.5408915877342224,0.5567010045051575
Gender: Male,920,0.6838095188140869,0.7221095561981201,0.7085714340209961,0.6933333873748779,0.695652186870575
Gender: Female,920,0.40740740299224854,0.3906882703304291,0.4166666865348816,0.38503119349479675,0.4313725531101227
Age: 50-65,920,0.5280612707138062,0.5686567425727844,0.5586735010147095,0.5408915877342224,0.5567010045051575
Race: White,920,0.4071294665336609,0.45277780294418335,0.4521576166152954,0.4327094554901123,0.43283581733703613
Race: Other,920,0.7333333492279053,0.8947368860244751,0.7142857313156128,0.7411764860153198,0.8181818723678589
Overall,921,0.5469136238098145,0.5101810097694397,0.5092592835426331,0.4886363744735718,0.49494948983192444
Gender: Male,921,0.7799999713897705,0.7547619342803955,0.7469230890274048,0.7435202598571777,0.7450980544090271
Gender: Female,921,0.37857142090797424,0.20549452304840088,0.2607142925262451,0.2124168425798416,0.2291666716337204
Age: 50-65,921,0.5469136238098145,0.5101810097694397,0.5092592835426331,0.4886363744735718,0.49494948983192444
Race: White,921,0.3632432222366333,0.3686486482620239,0.3686486482620239,0.35483869910240173,0.35483869910240173
Race: Other,921,0.8345588445663452,0.7569444179534912,0.7040441036224365,0.682692289352417,0.696969747543335
Overall,922,0.6475000381469727,0.6609848737716675,0.6274999976158142,0.5869454145431519,0.6000000238418579
Gender: Male,922,0.7220844030380249,0.7480158805847168,0.7326302528381348,0.7171216011047363,0.719298243522644
Gender: Female,922,0.5939849615097046,0.36666667461395264,0.4548872113227844,0.3181818127632141,0.39393940567970276
Age: 50-65,922,0.6475000381469727,0.6609848737716675,0.6274999976158142,0.5869454145431519,0.6000000238418579
Race: White,922,0.4793028235435486,0.5012407302856445,0.501089334487915,0.44999998807907104,0.4545454680919647
Race: Other,922,0.7727272510528564,0.8225806355476379,0.75,0.7254902124404907,0.738095223903656
Overall,923,0.6919518709182739,0.6721014380455017,0.631822407245636,0.6105911731719971,0.6344085931777954
Gender: Male,923,0.868055522441864,0.7835526466369629,0.7494212985038757,0.7506039142608643,0.7627118825912476
Gender: Female,923,0.5894737243652344,0.40689656138420105,0.4526315927505493,0.35606062412261963,0.4117647111415863
Age: 50-65,923,0.6919518709182739,0.6721014380455017,0.631822407245636,0.6105911731719971,0.6344085931777954
Race: White,923,0.5988505482673645,0.5727273225784302,0.5551724433898926,0.5288697481155396,0.5593220591545105
Race: Other,923,0.938095211982727,0.8500000238418579,0.800000011920929,0.7867647409439087,0.7931034564971924
Overall,924,0.5452346801757812,0.6086956262588501,0.5834542512893677,0.5292397737503052,0.54347825050354
Gender: Male,924,0.673525333404541,0.7142857313156128,0.7037037014961243,0.7000000476837158,0.7037037014961243
Gender: Female,924,0.5608974695205688,0.4027777910232544,0.47756412625312805,0.2648809552192688,0.31578946113586426
Age: 50-65,924,0.5452346801757812,0.6086956262588501,0.5834542512893677,0.5292397737503052,0.54347825050354
Race: White,924,0.45670998096466064,0.5463801026344299,0.5443723201751709,0.4465579688549042,0.44680848717689514
Race: Other,924,0.6052631735801697,0.6431034803390503,0.6092105507850647,0.5883181095123291,0.6153846383094788
Overall,925,0.3947606086730957,0.4743589758872986,0.477416455745697,0.44519317150115967,0.4526315927505493
Gender: Male,925,0.5105041861534119,0.6034090518951416,0.595588207244873,0.5766806602478027,0.5806451439857483
Gender: Female,925,0.23076921701431274,0.18250000476837158,0.2557692229747772,0.19360901415348053,0.21212121844291687
Age: 50-65,925,0.3947606086730957,0.4743589758872986,0.477416455745697,0.44519317150115967,0.4526315927505493
Race: White,925,0.2083333432674408,0.2560606002807617,0.2604166865348816,0.2450142502784729,0.24528302252292633
Race: Other,925,0.6859503984451294,0.739130437374115,0.7272727489471436,0.6360294222831726,0.6363636255264282
Overall,926,0.5371428728103638,0.5225225687026978,0.5166666507720947,0.4297202229499817,0.4421052932739258
Gender: Male,926,0.5281385183334351,0.6674876809120178,0.6471861600875854,0.6386554837226868,0.6511628031730652
Gender: Female,926,0.7041420340538025,0.3968254029750824,0.43589743971824646,0.2593703269958496,0.26923078298568726
Age: 50-65,926,0.5371428728103638,0.5225225687026978,0.5166666507720947,0.4297202229499817,0.4421052932739258
Race: White,926,0.4375,0.39743590354919434,0.4097222089767456,0.3246753215789795,0.32692310214042664
Race: Other,926,0.616847813129425,0.6794354915618896,0.6209238767623901,0.5449553728103638,0.5641025900840759
Overall,927,0.5024703741073608,0.4625668525695801,0.47233203053474426,0.4327731132507324,0.46666666865348816
Gender: Male,927,0.6373456716537476,0.612500011920929,0.5972222089767456,0.5887097120285034,0.6078431606292725
Gender: Female,927,0.427807480096817,0.1666666716337204,0.3235294222831726,0.2199999988079071,0.28205129504203796
Age: 50-65,927,0.5024703741073608,0.4625668525695801,0.47233203053474426,0.4327731132507324,0.46666666865348816
Race: White,927,0.3189033269882202,0.28035715222358704,0.32251083850860596,0.26543423533439636,0.2777777910232544
Race: Other,927,0.7692307233810425,0.7159091234207153,0.6719456911087036,0.6703296899795532,0.7000000476837158
Overall,928,0.6501976251602173,0.6269841194152832,0.6067193746566772,0.5929706692695618,0.6111111044883728
Gender: Male,928,0.7552335262298584,0.7725694179534912,0.7528180480003357,0.7373737096786499,0.7400000095367432
Gender: Female,928,0.5319693088531494,0.36917561292648315,0.4066496193408966,0.37321937084198,0.45000001788139343
Age: 50-65,928,0.6501976251602173,0.6269841194152832,0.6067193746566772,0.5929706692695618,0.6111111044883728
Race: White,928,0.48806363344192505,0.47972971200942993,0.48209547996520996,0.4613306522369385,0.4727272689342499
Race: Other,928,0.9166666269302368,0.8913043737411499,0.8214285373687744,0.8303287029266357,0.84375
Overall,929,0.6107692718505859,0.6099050045013428,0.5830769538879395,0.5335429906845093,0.550561785697937
Gender: Male,929,0.6953846216201782,0.7070707082748413,0.6892307996749878,0.6802507638931274,0.686274528503418
Gender: Female,929,0.6398809552192688,0.4264705777168274,0.4702380895614624,0.3214285671710968,0.3684210479259491
Age: 50-65,929,0.6107692718505859,0.6099050045013428,0.5830769538879395,0.5335429906845093,0.550561785697937
Race: White,929,0.49641579389572144,0.47948718070983887,0.4856630861759186,0.39195549488067627,0.40816324949264526
Race: Other,929,0.7660819292068481,0.7366666793823242,0.7076023817062378,0.6946736574172974,0.7027027010917664
Overall,930,0.6296791434288025,0.6349999904632568,0.5902406573295593,0.5389987230300903,0.5684210658073425
Gender: Male,930,0.6836917400360107,0.7047872543334961,0.6724910140037537,0.6676115989685059,0.6865671277046204
Gender: Female,930,0.71875,0.1428571492433548,0.5,0.2222222238779068,0.2857142984867096
Age: 50-65,930,0.6296791434288025,0.6349999904632568,0.5902406573295593,0.5389987230300903,0.5684210658073425
Race: White,930,0.631428599357605,0.5786163806915283,0.5476190447807312,0.4834657907485962,0.5230769515037537
Race: Other,930,0.6848484873771667,0.7152777910232544,0.6878787875175476,0.6491754055023193,0.6538462042808533
Overall,931,0.603432297706604,0.6521240472793579,0.6229128241539001,0.6105911731719971,0.6344085931777954
Gender: Male,931,0.8487499952316284,0.7884615659713745,0.753125011920929,0.757287859916687,0.7719298601150513
Gender: Female,931,0.4272446036338806,0.4017857313156128,0.43188855051994324,0.3777777850627899,0.4166666567325592
Age: 50-65,931,0.603432297706604,0.6521240472793579,0.6229128241539001,0.6105911731719971,0.6344085931777954
Race: White,931,0.4707792401313782,0.501838207244873,0.5016233921051025,0.47240257263183594,0.47999998927116394
Race: Other,931,0.7666666507720947,0.8299999833106995,0.7749999761581421,0.7822222709655762,0.800000011920929
Overall,932,0.7146248817443848,0.6664295792579651,0.6111111044883728,0.5991379022598267,0.6559139490127563
Gender: Male,932,0.8365384340286255,0.8513513803482056,0.7250000238418579,0.7230432033538818,0.760869562625885
Gender: Female,932,0.6390976905822754,0.4972972869873047,0.4981203079223633,0.47639256715774536,0.5531914830207825
Age: 50-65,932,0.7146248817443848,0.6664295792579651,0.6111111044883728,0.5991379022598267,0.6559139490127563
Race: White,932,0.5918367505073547,0.547619104385376,0.5357142686843872,0.5047619342803955,0.535714328289032
Race: Other,932,0.918181836605072,0.884615421295166,0.7272727489471436,0.7472826242446899,0.8064515590667725
Overall,933,0.6203980445861816,0.5850440263748169,0.5865671634674072,0.5051020383834839,0.5051546096801758
Gender: Male,933,0.7092198729515076,0.6734892725944519,0.7104018926620483,0.623552143573761,0.6307692527770996
Gender: Female,933,0.44999998807907104,0.1428571492433548,0.3333333432674408,0.20000000298023224,0.25
Age: 50-65,933,0.6203980445861816,0.5850440263748169,0.5865671634674072,0.5051020383834839,0.5051546096801758
Race: White,933,0.49071210622787476,0.49488306045532227,0.49458205699920654,0.4356173276901245,0.4363636374473572
Race: Other,933,0.7901785373687744,0.6666666865348816,0.7142857313156128,0.550000011920929,0.5555555820465088
Overall,934,0.553135871887207,0.561904788017273,0.5509581565856934,0.5051558017730713,0.5154638886451721
Gender: Male,934,0.6365714073181152,0.6893453598022461,0.668571412563324,0.6296296119689941,0.6333333849906921
Gender: Female,934,0.4672619104385376,0.29741379618644714,0.3601190447807312,0.29118773341178894,0.3243243396282196
Age: 50-65,934,0.553135871887207,0.561904788017273,0.5509581565856934,0.5051558017730713,0.5154638886451721
Race: White,934,0.46770334243774414,0.3888888955116272,0.410287082195282,0.34103071689605713,0.3500000238418579
Race: Other,934,0.75,0.7638888955116272,0.7638888955116272,0.7333333492279053,0.7333333492279053
Overall,935,0.5635555982589722,0.554347813129425,0.5400000214576721,0.4994731545448303,0.5263158082962036
Gender: Male,935,0.6325925588607788,0.7243243455886841,0.6844444274902344,0.675000011920929,0.692307710647583
Gender: Female,935,0.5688889026641846,0.2964285612106323,0.3733333349227905,0.2870211601257324,0.3255814015865326
Age: 50-65,935,0.5635555982589722,0.554347813129425,0.5400000214576721,0.4994731545448303,0.5263158082962036
Race: White,935,0.5173333883285522,0.48839008808135986,0.49000000953674316,0.4613306522369385,0.4727272689342499
Race: Other,935,0.6333333253860474,0.6282051205635071,0.5833333730697632,0.48178136348724365,0.5
Overall,936,0.4879069924354553,0.4746376872062683,0.4804651141166687,0.438947856426239,0.46236559748649597
Gender: Male,936,0.7458194494247437,0.6460784673690796,0.6245819330215454,0.6016260385513306,0.6122449040412903
Gender: Female,936,0.35208332538604736,0.22698412835597992,0.32083335518836975,0.24848484992980957,0.29545456171035767
Age: 50-65,936,0.4879069924354553,0.4746376872062683,0.4804651141166687,0.438947856426239,0.46236559748649597
Race: White,936,0.4095860719680786,0.3582887649536133,0.38453158736228943,0.3429991602897644,0.3606557250022888
Race: Other,936,0.6904761791229248,0.7180451154708862,0.6726190447807312,0.6405529975891113,0.6538462042808533
Overall,937,0.4272959232330322,0.48402637243270874,0.4866071343421936,0.4639699459075928,0.4845360815525055
Gender: Male,937,0.55982905626297,0.6753968000411987,0.6574074029922485,0.650293231010437,0.6603773832321167
Gender: Female,937,0.37474119663238525,0.21212121844291687,0.283643901348114,0.23311546444892883,0.27272728085517883
Age: 50-65,937,0.4272959232330322,0.48402637243270874,0.4866071343421936,0.4639699459075928,0.4845360815525055
Race: White,937,0.3137931227684021,0.3379310369491577,0.3379310369491577,0.3265306055545807,0.3265306055545807
Race: Other,937,0.5394736528396606,0.6000000238418579,0.5710526704788208,0.5334271788597107,0.5641025900840759
Overall,938,0.5731922388076782,0.5361905097961426,0.5251322984695435,0.4639316201210022,0.4895833432674408
Gender: Male,938,0.6430768966674805,0.7055555582046509,0.670769214630127,0.6533386707305908,0.6666666865348816
Gender: Female,938,0.6428571939468384,0.2371794879436493,0.3707983195781708,0.24369747936725616,0.2888889014720917
Age: 50-65,938,0.5731922388076782,0.5361905097961426,0.5251322984695435,0.4639316201210022,0.4895833432674408
Race: White,938,0.4555555582046509,0.3945736587047577,0.4055555462837219,0.3257824182510376,0.32758620381355286
Race: Other,938,0.7523809671401978,0.7210144996643066,0.6452381014823914,0.6184210777282715,0.6551724076271057
Overall,939,0.5626822113990784,0.6253654956817627,0.5833333134651184,0.5304437875747681,0.5604395866394043
Gender: Male,939,0.6136363744735718,0.685661792755127,0.6639610528945923,0.6347402334213257,0.6399999856948853
Gender: Female,939,0.5357142686843872,0.4035087823867798,0.47380951046943665,0.35201147198677063,0.46341460943222046
Age: 50-65,939,0.5626822113990784,0.6253654956817627,0.5833333134651184,0.5304437875747681,0.5604395866394043
Race: White,939,0.5091911554336548,0.4912280738353729,0.49264705181121826,0.39613527059555054,0.3999999761581421
Race: Other,939,0.6428570747375488,0.7906403541564941,0.6915584206581116,0.6974790096282959,0.75
Overall,940,0.5773979425430298,0.5541486740112305,0.5477207899093628,0.5104690790176392,0.5161290168762207
Gender: Male,940,0.65625,0.6668624877929688,0.6584821343421936,0.647552490234375,0.6500000357627869
Gender: Female,940,0.42561984062194824,0.29629629850387573,0.3636363744735718,0.25563910603523254,0.27272728085517883
Age: 50-65,940,0.5773979425430298,0.5541486740112305,0.5477207899093628,0.5104690790176392,0.5161290168762207
Race: White,940,0.43274855613708496,0.3612903356552124,0.3742690086364746,0.34285715222358704,0.3478260934352875
Race: Other,940,0.687179446220398,0.7235449552536011,0.7166666984558105,0.6583333015441895,0.6585365533828735
Overall,941,0.5381543636322021,0.5842857360839844,0.5654392242431641,0.5351817607879639,0.557894766330719
Gender: Male,941,0.6643677949905396,0.7626050710678101,0.7155172824859619,0.6994305849075317,0.7118644118309021
Gender: Female,941,0.38699692487716675,0.2410714328289032,0.32043343782424927,0.25925925374031067,0.3055555522441864
Age: 50-65,941,0.5381543636322021,0.5842857360839844,0.5654392242431641,0.5351817607879639,0.557894766330719
Race: White,941,0.5657726526260376,0.5527777671813965,0.5485312938690186,0.5417348742485046,0.5535714626312256
Race: Other,941,0.47278910875320435,0.7333333492279053,0.6190476417541504,0.5104895234107971,0.5428571701049805
Overall,942,0.5493826866149902,0.575757622718811,0.5661375522613525,0.5343915224075317,0.5416666865348816
Gender: Male,942,0.6470588445663452,0.7039626836776733,0.6906318664550781,0.6699134111404419,0.6721311211585999
Gender: Female,942,0.4033333361148834,0.2916666865348816,0.3500000238418579,0.2857142984867096,0.3142857253551483
Age: 50-65,942,0.5493826866149902,0.575757622718811,0.5661375522613525,0.5343915224075317,0.5416666865348816
Race: White,942,0.44871795177459717,0.497668981552124,0.497668981552124,0.4590163826942444,0.4590163826942444
Race: Other,942,0.7767857313156128,0.6931818127632141,0.6517857313156128,0.6411483287811279,0.6666666865348816
Overall,943,0.4595959782600403,0.49807417392730713,0.4983164966106415,0.4702702760696411,0.47959181666374207
Gender: Male,943,0.5948387384414673,0.678520679473877,0.6619354486465454,0.6387096643447876,0.6428571939468384
Gender: Female,943,0.32723110914230347,0.23333334922790527,0.2803203761577606,0.24081632494926453,0.261904776096344
Age: 50-65,943,0.4595959782600403,0.49807417392730713,0.4983164966106415,0.4702702760696411,0.47959181666374207
Race: White,943,0.3524492383003235,0.3592105209827423,0.37216246128082275,0.3526395261287689,0.36206895112991333
Race: Other,943,0.648829460144043,0.6945454478263855,0.6789297461509705,0.6099071502685547,0.6111111044883728
Overall,944,0.46043771505355835,0.5498834848403931,0.5450336933135986,0.5401069521903992,0.5612244606018066
Gender: Male,944,0.7045454978942871,0.8301435708999634,0.8136363625526428,0.8188153505325317,0.826923131942749
Gender: Female,944,0.3806818127632141,0.2075892835855484,0.25189393758773804,0.22420634329319,0.260869562625885
Age: 50-65,944,0.46043771505355835,0.5498834848403931,0.5450336933135986,0.5401069521903992,0.5612244606018066
Race: White,944,0.3060606122016907,0.34047621488571167,0.34772729873657227,0.34365326166152954,0.3962264060974121
Race: Other,944,0.6994047164916992,0.7492753267288208,0.7559523582458496,0.7103257179260254,0.7105263471603394
Overall,945,0.6000000238418579,0.6881759166717529,0.6242856979370117,0.5710145235061646,0.5978261232376099
Gender: Male,945,0.7533936500549316,0.772229790687561,0.7251131534576416,0.7281787991523743,0.7500000596046448
Gender: Female,945,0.6875,0.6333333253860474,0.5416666865348816,0.2874493896961212,0.3125
Age: 50-65,945,0.6000000238418579,0.6881759166717529,0.6242856979370117,0.5710145235061646,0.5978261232376099
Race: White,945,0.5960783958435059,0.5862573385238647,0.5578431487083435,0.45221447944641113,0.46808508038520813
Race: Other,945,0.6371191740036011,0.7714285850524902,0.7105263471603394,0.69332355260849,0.7105263471603394
Overall,946,0.4975174069404602,0.5406010150909424,0.5315293073654175,0.519170880317688,0.5714285969734192
Gender: Male,946,0.6915204524993896,0.6994773149490356,0.667397677898407,0.6753246784210205,0.7272726893424988
Gender: Female,946,0.39318883419036865,0.29629629850387573,0.3467492461204529,0.29870131611824036,0.3333333432674408
Age: 50-65,946,0.4975174069404602,0.5406010150909424,0.5315293073654175,0.519170880317688,0.5714285969734192
Race: White,946,0.3863636255264282,0.4265872836112976,0.42992424964904785,0.42500001192092896,0.43478262424468994
Race: Black,946,0.0,0.375,0.5,0.4285714328289032,0.75
Race: Other,946,0.7346154451370239,0.7392857074737549,0.6288461685180664,0.6180555820465088,0.696969747543335
Overall,947,0.5831524133682251,0.5486111044883728,0.5364741683006287,0.5027052164077759,0.53125
Gender: Male,947,0.6510344743728638,0.6772655248641968,0.6537930965423584,0.649350643157959,0.6666666865348816
Gender: Female,947,0.6203703880310059,0.3285714387893677,0.402777761220932,0.3097991347312927,0.3571428656578064
Age: 50-65,947,0.5831524133682251,0.5486111044883728,0.5364741683006287,0.5027052164077759,0.53125
Race: White,947,0.46838706731796265,0.4166666865348816,0.43677419424057007,0.38706469535827637,0.4107142984867096
Race: Other,947,0.7731091976165771,0.6857143044471741,0.6638655662536621,0.6391534805297852,0.6451612710952759
Overall,948,0.4633699655532837,0.5083333253860474,0.5080128312110901,0.4832944869995117,0.4842105507850647
Gender: Male,948,0.5707070827484131,0.6256250143051147,0.626893937587738,0.613916277885437,0.6140350699424744
Gender: Female,948,0.3275362253189087,0.29285717010498047,0.33188408613204956,0.27695560455322266,0.28947368264198303
Age: 50-65,948,0.4633699655532837,0.5083333253860474,0.5080128312110901,0.4832944869995117,0.4842105507850647
Race: White,948,0.31684210896492004,0.4121621549129486,0.4110526442527771,0.39667338132858276,0.3968254327774048
Race: Other,948,0.7129629850387573,0.70634925365448,0.6805555820465088,0.6296296119689941,0.6333333849906921
Overall,949,0.6723164319992065,0.6639492511749268,0.6278249025344849,0.5494580268859863,0.557894766330719
Gender: Male,949,0.6927899122238159,0.7233781814575195,0.690700113773346,0.6688034534454346,0.6774193048477173
Gender: Female,949,0.791208803653717,0.6206896305084229,0.5769230723381042,0.32777780294418335,0.3333333432674408
Age: 50-65,949,0.6723164319992065,0.6639492511749268,0.6278249025344849,0.5494580268859863,0.557894766330719
Race: White,949,0.6501548290252686,0.5820707082748413,0.5503095984458923,0.4326319694519043,0.4528301954269409
Race: Other,949,0.7418181896209717,0.6915584206581116,0.714545488357544,0.6363636255264282,0.6388888955116272
Overall,950,0.6159090995788574,0.6131221652030945,0.5681818127632141,0.485640287399292,0.5157895088195801
Gender: Male,950,0.5709877014160156,0.6679536700248718,0.6342592835426331,0.6225329041481018,0.6470588445663452
Gender: Female,950,0.8436723947525024,0.6585365533828735,0.5483871102333069,0.328976035118103,0.3636363744735718
Age: 50-65,950,0.6159090995788574,0.6131221652030945,0.5681818127632141,0.485640287399292,0.5157895088195801
Race: White,950,0.6333333253860474,0.597517728805542,0.5436508059501648,0.3834896981716156,0.4150943458080292
Race: Other,950,0.6759002804756165,0.6599326729774475,0.6315789222717285,0.6144927740097046,0.6315789222717285
Overall,951,0.5773993730545044,0.6184640526771545,0.5748193860054016,0.5002673864364624,0.5280898809432983
Gender: Male,951,0.6293706893920898,0.6166666746139526,0.5897436141967773,0.5434523820877075,0.5593220591545105
Gender: Female,951,0.6157407760620117,0.7142857313156128,0.5555555820465088,0.4000000059604645,0.46666669845581055
Age: 50-65,951,0.5773993730545044,0.6184640526771545,0.5748193860054016,0.5002673864364624,0.5280898809432983
Race: White,951,0.44720497727394104,0.5317073464393616,0.5201863050460815,0.45476973056793213,0.4901961088180542
Race: Other,951,0.8311688899993896,0.7200000286102295,0.6666666865348816,0.5555555820465088,0.5625
Overall,952,0.6300241947174072,0.5793255567550659,0.5694915056228638,0.5070679783821106,0.5106382966041565
Gender: Male,952,0.8742235898971558,0.8023809194564819,0.7958074808120728,0.7839815020561218,0.7843137383460999
Gender: Female,952,0.5188171863555908,0.17792794108390808,0.3077957034111023,0.16988417506217957,0.1860465109348297
Age: 50-65,952,0.6300241947174072,0.5793255567550659,0.5694915056228638,0.5070679783821106,0.5106382966041565
Race: White,952,0.538095235824585,0.4646739065647125,0.4690476059913635,0.384535014629364,0.3870967626571655
Race: Other,952,0.8605769872665405,0.7878788113594055,0.7740384340286255,0.7574671506881714,0.7586206793785095
Overall,953,0.4528043866157532,0.5682432651519775,0.5460556149482727,0.4907909035682678,0.521276593208313
Gender: Male,953,0.616161584854126,0.6610294580459595,0.6382575631141663,0.6381556987762451,0.6666666865348816
Gender: Female,953,0.414814829826355,0.46568629145622253,0.4870370328426361,0.2712121307849884,0.29729729890823364
Age: 50-65,953,0.4528043866157532,0.5682432651519775,0.5460556149482727,0.4907909035682678,0.521276593208313
Race: White,953,0.28034186363220215,0.3692307770252228,0.3692307770252228,0.29629629850387573,0.29629629850387573
Race: Other,953,0.7561983466148376,0.8928571343421936,0.7272727489471436,0.7524999976158142,0.8181818723678589
Overall,954,0.653082549571991,0.6896766424179077,0.6593521237373352,0.578292727470398,0.5824176073074341
Gender: Male,954,0.7547892332077026,0.8214285373687744,0.8275861740112305,0.7871376872062683,0.7872340083122253
Gender: Female,954,0.5816091895103455,0.46666669845581055,0.4850574731826782,0.328976035118103,0.3636363744735718
Age: 50-65,954,0.653082549571991,0.6896766424179077,0.6593521237373352,0.578292727470398,0.5824176073074341
Race: White,954,0.5987933874130249,0.6162601709365845,0.6078431606292725,0.49936142563819885,0.5
Race: Other,954,0.736842155456543,0.7727272510528564,0.7368420958518982,0.674369752407074,0.6774193048477173
Overall,955,0.5314716100692749,0.5036231875419617,0.5028812289237976,0.47722750902175903,0.5052632093429565
Gender: Male,955,0.7471264600753784,0.7539682388305664,0.7101806402206421,0.7142857313156128,0.7400000095367432
Gender: Female,955,0.4271255135536194,0.21969696879386902,0.2753036618232727,0.2257085144519806,0.24444444477558136
Age: 50-65,955,0.5314716100692749,0.5036231875419617,0.5028812289237976,0.47722750902175903,0.5052632093429565
Race: White,955,0.42245370149612427,0.3328947424888611,0.35300925374031067,0.3266022801399231,0.33898305892944336
Race: Other,955,0.7066667079925537,0.8260869979858398,0.7333333492279053,0.7129186391830444,0.7333333492279053
Overall,956,0.5436002016067505,0.576508641242981,0.5724120140075684,0.5430340766906738,0.5444444417953491
Gender: Male,956,0.6263158321380615,0.6370689868927002,0.6394736766815186,0.637983500957489,0.6530612111091614
Gender: Female,956,0.4758453965187073,0.37719297409057617,0.4661835730075836,0.3241758346557617,0.4146341383457184
Age: 50-65,956,0.5436002016067505,0.576508641242981,0.5724120140075684,0.5430340766906738,0.5444444417953491
Race: White,956,0.32473117113113403,0.41458332538604736,0.4118279814720154,0.36926716566085815,0.3695652186870575
Race: Other,956,0.7369614839553833,0.7524038553237915,0.7380952835083008,0.7343300580978394,0.738095223903656
Overall,957,0.5014976263046265,0.5050551891326904,0.5047069191932678,0.4769231081008911,0.47959181666374207
Gender: Male,957,0.7703803777694702,0.7472826242446899,0.7472826242446899,0.7272727489471436,0.7272726893424988
Gender: Female,957,0.25999999046325684,0.109375,0.1944444477558136,0.14000000059604645,0.1627907007932663
Age: 50-65,957,0.5014976263046265,0.5050551891326904,0.5047069191932678,0.4769231081008911,0.47959181666374207
Race: White,957,0.41628265380859375,0.39938557147979736,0.39938557147979736,0.38461539149284363,0.38461539149284363
Race: Other,957,0.5833333134651184,0.6432360410690308,0.625,0.5894191861152649,0.5952380895614624
Overall,958,0.5008912682533264,0.5011148452758789,0.5008912682533264,0.465004026889801,0.4842105507850647
Gender: Male,958,0.6028920412063599,0.6071428656578064,0.590100109577179,0.5688416361808777,0.5833333730697632
Gender: Female,958,0.43333330750465393,0.2916666865348816,0.3500000238418579,0.2857142984867096,0.3142857253551483
Age: 50-65,958,0.5008912682533264,0.5011148452758789,0.5008912682533264,0.465004026889801,0.4842105507850647
Race: White,958,0.32427847385406494,0.29523810744285583,0.31748726963996887,0.2753623127937317,0.2800000011920929
Race: Other,958,0.7456140518188477,0.7360140085220337,0.6973683834075928,0.6881226301193237,0.7027027010917664
Overall,959,0.5736434459686279,0.6284246444702148,0.5968992114067078,0.5497347712516785,0.5670102834701538
Gender: Male,959,0.6812169551849365,0.7543859481811523,0.7301587462425232,0.7213779091835022,0.7272726893424988
Gender: Female,959,0.5913461446762085,0.37567567825317383,0.4447115361690521,0.3097991347312927,0.3571428656578064
Age: 50-65,959,0.5736434459686279,0.6284246444702148,0.5968992114067078,0.5497347712516785,0.5670102834701538
Race: White,959,0.4172932505607605,0.4887218177318573,0.4887218177318573,0.38461539149284363,0.38461539149284363
Race: Black,959,0.0,1.0,1.0,1.0,1.0
Race: Other,959,0.7203947305679321,0.7400000095367432,0.6973683834075928,0.6940559148788452,0.7142857313156128
Overall,960,0.6212121248245239,0.5851619243621826,0.5726381540298462,0.5465909242630005,0.557894766330719
Gender: Male,960,0.7298851013183594,0.6853448152542114,0.6853448152542114,0.6792452931404114,0.6792452931404114
Gender: Female,960,0.5568181276321411,0.31621623039245605,0.4227272868156433,0.317738801240921,0.4047619104385376
Age: 50-65,960,0.6212121248245239,0.5851619243621826,0.5726381540298462,0.5465909242630005,0.557894766330719
Race: White,960,0.5066845417022705,0.4786628782749176,0.4799465239048004,0.4448353052139282,0.4464285969734192
Race: Other,960,0.7647058963775635,0.7200000286102295,0.6797385811805725,0.6683893203735352,0.6857143044471741
Overall,961,0.609599232673645,0.6464285850524902,0.6014349460601807,0.5601637959480286,0.5888888835906982
Gender: Male,961,0.7752975821495056,0.7689075469970703,0.738095223903656,0.7382888197898865,0.75
Gender: Female,961,0.5420290231704712,0.3523809611797333,0.45507246255874634,0.29846152663230896,0.3684210479259491
Age: 50-65,961,0.609599232673645,0.6464285850524902,0.6014349460601807,0.5601637959480286,0.5888888835906982
Race: White,961,0.48120301961898804,0.5135746598243713,0.5112782120704651,0.4592728912830353,0.46808508038520813
Race: Other,961,0.7530864477157593,0.8103448152542114,0.6944444179534912,0.6629787683486938,0.694444477558136
Overall,962,0.4396961033344269,0.4632936716079712,0.47364673018455505,0.407927930355072,0.4301075339317322
Gender: Male,962,0.6066251993179321,0.6666666865348816,0.6252588033676147,0.6071428656578064,0.6363636255264282
Gender: Female,962,0.32954543828964233,0.26538461446762085,0.32670456171035767,0.23340380191802979,0.2448979616165161
Age: 50-65,962,0.4396961033344269,0.4632936716079712,0.47364673018455505,0.407927930355072,0.4301075339317322
Race: White,962,0.22162161767482758,0.23076924681663513,0.25405406951904297,0.19111111760139465,0.19230769574642181
Race: Other,962,0.6209149956703186,0.7523148059844971,0.6781045794487,0.6577777862548828,0.6857143044471741
Overall,963,0.7073171138763428,0.6605392694473267,0.6252989172935486,0.5836085677146912,0.5978261232376099
Gender: Male,963,0.8463767766952515,0.7972136735916138,0.7782608866691589,0.7533118724822998,0.7547169923782349
Gender: Female,963,0.5396825075149536,0.30588236451148987,0.4126984179019928,0.3076923191547394,0.38461539149284363
Age: 50-65,963,0.7073171138763428,0.6605392694473267,0.6252989172935486,0.5836085677146912,0.5978261232376099
Race: White,963,0.6269350051879883,0.5329391956329346,0.5301857590675354,0.4699999988079071,0.4716981053352356
Race: Other,963,0.7565789222717285,0.8518518209457397,0.75,0.7463768124580383,0.7714285850524902
Overall,964,0.6933660507202148,0.6063045263290405,0.5778869986534119,0.5068225860595703,0.52173912525177
Gender: Male,964,0.7184873819351196,0.6810897588729858,0.6582633256912231,0.596666693687439,0.5999999642372131
Gender: Female,964,0.6875,0.40312498807907104,0.4538690447807312,0.34775641560554504,0.4054054021835327
Age: 50-65,964,0.6933660507202148,0.6063045263290405,0.5778869986534119,0.5068225860595703,0.52173912525177
Race: White,964,0.6024999618530273,0.5273597836494446,0.5249999761581421,0.44862157106399536,0.45000001788139343
Race: Other,964,0.9179487228393555,0.8125,0.6538461446762085,0.6199095249176025,0.6785714626312256
Overall,965,0.4951111078262329,0.6410934925079346,0.5711111426353455,0.5206365585327148,0.5894737243652344
Gender: Male,965,0.7236841917037964,0.8420454263687134,0.7475329041481018,0.7638888955116272,0.8039215803146362
Gender: Female,965,0.35256409645080566,0.18292683362960815,0.4166666567325592,0.2542372941970825,0.34090909361839294
Age: 50-65,965,0.4951111078262329,0.6410934925079346,0.5711111426353455,0.5206365585327148,0.5894737243652344
Race: White,965,0.4099617004394531,0.4891892075538635,0.492337167263031,0.4083915948867798,0.42553189396858215
Race: Black,965,0.0,0.46875,0.5,0.4838709533214569,0.9375
Race: Other,965,0.6705882549285889,0.8035714626312256,0.6333333253860474,0.5883041024208069,0.65625
Overall,966,0.5908153057098389,0.5665349364280701,0.5521155595779419,0.4743763208389282,0.48351648449897766
Gender: Male,966,0.75,0.6321429014205933,0.6256793737411499,0.5988063812255859,0.5999999642372131
Gender: Female,966,0.5199999809265137,0.3970588445663452,0.4745454788208008,0.25925925374031067,0.3055555522441864
Age: 50-65,966,0.5908153057098389,0.5665349364280701,0.5521155595779419,0.4743763208389282,0.48351648449897766
Race: White,966,0.477642297744751,0.48475611209869385,0.48475611209869385,0.3396226465702057,0.3396226465702057
Race: Other,966,0.73046875,0.6454545259475708,0.625,0.6113360524177551,0.625
Overall,967,0.552161693572998,0.5335497856140137,0.5291353464126587,0.48351651430130005,0.4893616735935211
Gender: Male,967,0.5410053133964539,0.5779221057891846,0.579365074634552,0.5437191724777222,0.5438596606254578
Gender: Female,967,0.6029411554336548,0.37634408473968506,0.4323529601097107,0.34775641560554504,0.4054054021835327
Age: 50-65,967,0.552161693572998,0.5335497856140137,0.5291353464126587,0.48351651430130005,0.4893616735935211
Race: White,967,0.406862735748291,0.36386555433273315,0.36764705181121826,0.32667407393455505,0.32692310214042664
Race: Other,967,0.6988636255264282,0.7323232889175415,0.6960227489471436,0.6518675088882446,0.6578947305679321
Overall,968,0.6792058944702148,0.6524884700775146,0.6376698017120361,0.5695573091506958,0.5714285969734192
Gender: Male,968,0.7214285731315613,0.7330434322357178,0.7392857074737549,0.7281045913696289,0.7291666865348816
Gender: Female,968,0.8102564215660095,0.6666666865348816,0.5666666626930237,0.36764705181121826,0.39534884691238403
Age: 50-65,968,0.6792058944702148,0.6524884700775146,0.6376698017120361,0.5695573091506958,0.5714285969734192
Race: White,968,0.4871794581413269,0.5109243988990784,0.5128205418586731,0.4196428656578064,0.42307692766189575
Race: Other,968,0.8819444179534912,0.8333333730697632,0.7777777910232544,0.7571429014205933,0.7647058963775635
Overall,969,0.6364477872848511,0.5837823152542114,0.5719241499900818,0.5550239086151123,0.5698924660682678
Gender: Male,969,0.7075351476669312,0.6927453279495239,0.6730523705482483,0.6679841876029968,0.6785714626312256
Gender: Female,969,0.6088235378265381,0.4037036895751953,0.42352941632270813,0.38333332538604736,0.4054054021835327
Age: 50-65,969,0.6364477872848511,0.5837823152542114,0.5719241499900818,0.5550239086151123,0.5698924660682678
Race: White,969,0.6070075035095215,0.5269309282302856,0.5250946879386902,0.5157414078712463,0.5230769515037537
Race: Other,969,0.6863905191421509,0.8095238208770752,0.692307710647583,0.6601307392120361,0.692307710647583
Overall,970,0.6000000238418579,0.5662686824798584,0.5528571605682373,0.5160856246948242,0.532608687877655
Gender: Male,970,0.6772487163543701,0.6659663915634155,0.6567460298538208,0.650384783744812,0.6545454263687134
Gender: Female,970,0.6727272272109985,0.3068181872367859,0.4227272868156433,0.2884615361690521,0.3513513505458832
Age: 50-65,970,0.6000000238418579,0.5662686824798584,0.5528571605682373,0.5160856246948242,0.532608687877655
Race: White,970,0.489393949508667,0.5016891956329346,0.5015151500701904,0.4496956765651703,0.4528301954269409
Race: Other,970,0.7266436219215393,0.6133333444595337,0.5882353186607361,0.5641025900840759,0.5882353186607361
Overall,971,0.5754106044769287,0.5265151262283325,0.5209059119224548,0.48150044679641724,0.5
Gender: Male,971,0.6247619390487671,0.6198830604553223,0.6171428561210632,0.6079545021057129,0.6086956858634949
Gender: Female,971,0.5541666746139526,0.30512821674346924,0.4208333492279053,0.3056691884994507,0.3863636553287506
Age: 50-65,971,0.5754106044769287,0.5265151262283325,0.5209059119224548,0.48150044679641724,0.5
Race: White,971,0.32108843326568604,0.32499998807907104,0.34761905670166016,0.29797491431236267,0.3035714328289032
Race: Other,971,0.9210525751113892,0.8799999952316284,0.7857142686843872,0.7954545617103577,0.8181818723678589
Overall,972,0.6041041016578674,0.5692307949066162,0.5585585832595825,0.509313702583313,0.5164835453033447
Gender: Male,972,0.784000039100647,0.7649999856948853,0.7649999856948853,0.7555555701255798,0.7555555701255798
Gender: Female,972,0.5801217555999756,0.23333334922790527,0.3701825737953186,0.2390977442264557,0.28260868787765503
Age: 50-65,972,0.6041041016578674,0.5692307949066162,0.5585585832595825,0.509313702583313,0.5164835453033447
Race: White,972,0.40833333134651184,0.32034632563591003,0.3270833492279053,0.2762681245803833,0.27659574151039124
Race: Other,972,0.7929292917251587,0.8214285373687744,0.7727272510528564,0.7442455291748047,0.75
Overall,973,0.5256167054176331,0.5133333206176758,0.5099620223045349,0.4163811206817627,0.4270833432674408
Gender: Male,973,0.5784615278244019,0.5970394611358643,0.5907692313194275,0.582456111907959,0.5882353186607361
Gender: Female,973,0.743827223777771,0.604651153087616,0.5277777910232544,0.2257085144519806,0.24444444477558136
Age: 50-65,973,0.5256167054176331,0.5133333206176758,0.5099620223045349,0.4163811206817627,0.4270833432674408
Race: White,973,0.43047618865966797,0.4119241237640381,0.43809524178504944,0.3100649416446686,0.3199999928474426
Race: Other,973,0.691428542137146,0.5787037014961243,0.572857141494751,0.5115359425544739,0.5128205418586731
Overall,974,0.5868794322013855,0.6513075828552246,0.6077127456665039,0.5789915323257446,0.6105263233184814
Gender: Male,974,0.6233333349227905,0.7556818127632141,0.699999988079071,0.6827262043952942,0.7000000476837158
Gender: Female,974,0.5653594732284546,0.4080459773540497,0.44771242141723633,0.3848288655281067,0.4571428596973419
Age: 50-65,974,0.5868794322013855,0.6513075828552246,0.6077127456665039,0.5789915323257446,0.6105263233184814
Race: White,974,0.5909823179244995,0.5833333730697632,0.5611916184425354,0.5166035890579224,0.5399999618530273
Race: Other,974,0.6437499523162842,0.6692308187484741,0.637499988079071,0.6000000238418579,0.6111111044883728
Overall,975,0.5112570524215698,0.4856486916542053,0.4882739186286926,0.44800567626953125,0.46236559748649597
Gender: Male,975,0.6884615421295166,0.6741935610771179,0.6557692289352417,0.6260162591934204,0.6304348111152649
Gender: Female,975,0.4139194190502167,0.25757575035095215,0.3241758346557617,0.2645803689956665,0.2978723347187042
Age: 50-65,975,0.5112570524215698,0.4856486916542053,0.4882739186286926,0.44800567626953125,0.46236559748649597
Race: White,975,0.4649122953414917,0.3696742057800293,0.3696742057800293,0.33898305892944336,0.33898305892944336
Race: Other,975,0.6309523582458496,0.7095237970352173,0.6309523582458496,0.6067227125167847,0.6538462042808533
Overall,976,0.5127571821212769,0.5256167054176331,0.5222222208976746,0.494950532913208,0.5050504803657532
Gender: Male,976,0.5926724672317505,0.6304877996444702,0.6153017282485962,0.5978022217750549,0.6065573692321777
Gender: Female,976,0.46875,0.3484848737716675,0.37215909361839294,0.33051443099975586,0.34210526943206787
Age: 50-65,976,0.5127571821212769,0.5256167054176331,0.5222222208976746,0.494950532913208,0.5050504803657532
Race: White,976,0.4796634018421173,0.48088234663009644,0.4817671775817871,0.4613003134727478,0.46296295523643494
Race: Black,976,0.0,0.3636363744735718,0.5,0.42105263471603394,0.7272727489471436
Race: Other,976,0.5178571343421936,0.5355731248855591,0.5321428775787354,0.49607670307159424,0.5
Overall,977,0.5968992710113525,0.5799086689949036,0.5558595657348633,0.5047892332077026,0.5319148898124695
Gender: Male,977,0.8746439218521118,0.8374999761581421,0.75,0.7363184094429016,0.7547169923782349
Gender: Female,977,0.3700000047683716,0.19886364042758942,0.30125001072883606,0.21397650241851807,0.24390242993831635
Age: 50-65,977,0.5968992710113525,0.5799086689949036,0.5558595657348633,0.5047892332077026,0.5319148898124695
Race: White,977,0.5242105722427368,0.4727393686771393,0.47842106223106384,0.4166666865348816,0.4285714626312256
Race: Other,977,0.8273810148239136,0.8333333730697632,0.7083333134651184,0.6941176652908325,0.7307692766189575
Overall,978,0.4659864008426666,0.5400728583335876,0.5374149680137634,0.5288720726966858,0.5360824465751648
Gender: Male,978,0.7364672422409058,0.7579710483551025,0.75356125831604,0.7533118724822998,0.7547169923782349
Gender: Female,978,0.23395442962646484,0.23821339011192322,0.28157350420951843,0.24786324799060822,0.27272728085517883
Age: 50-65,978,0.4659864008426666,0.5400728583335876,0.5374149680137634,0.5288720726966858,0.5360824465751648
Race: White,978,0.3098958134651184,0.34163475036621094,0.3385416865348816,0.33738407492637634,0.3392857313156128
Race: Other,978,0.75,0.8600000143051147,0.78125,0.7786046266555786,0.7941176295280457
Overall,979,0.6600472927093506,0.6557197570800781,0.6345154047012329,0.6189084053039551,0.6304348111152649
Gender: Male,979,0.8384615182876587,0.8069828748703003,0.7987179756164551,0.8004535436630249,0.8035714626312256
Gender: Female,979,0.5841269493103027,0.3500000238418579,0.41428571939468384,0.3185185194015503,0.3611111044883728
Age: 50-65,979,0.6600472927093506,0.6557197570800781,0.6345154047012329,0.6189084053039551,0.6304348111152649
Race: White,979,0.6030303239822388,0.5261437892913818,0.5242424011230469,0.4970238208770752,0.5
Race: Other,979,0.7450979948043823,0.8087121248245239,0.766339898109436,0.761904776096344,0.7714285850524902
Overall,980,0.5977182388305664,0.6614906787872314,0.6160714626312256,0.5970696210861206,0.6333333253860474
Gender: Male,980,0.7539682388305664,0.7896825075149536,0.7896825075149536,0.7896825075149536,0.8113207817077637
Gender: Female,980,0.7243589758872986,0.5098039507865906,0.5032051205635071,0.329393208026886,0.37837839126586914
Age: 50-65,980,0.5977182388305664,0.6614906787872314,0.6160714626312256,0.5970696210861206,0.6333333253860474
Race: White,980,0.5,0.588850200176239,0.5692934989929199,0.514266312122345,0.5272727012634277
Race: Other,980,0.7549999952316284,0.7484471797943115,0.699999988079071,0.7127223014831543,0.7666667103767395
Overall,981,0.5832199454307556,0.5982142686843872,0.5748299360275269,0.5535257458686829,0.585106372833252
Gender: Male,981,0.8183332681655884,0.8333333730697632,0.7599999904632568,0.74210524559021,0.7551020383834839
Gender: Female,981,0.42000001668930054,0.32620322704315186,0.3700000047683716,0.3357025682926178,0.4000000059604645
Age: 50-65,981,0.5832199454307556,0.5982142686843872,0.5748299360275269,0.5535257458686829,0.585106372833252
Race: White,981,0.3913043737411499,0.39444446563720703,0.41149067878723145,0.3768230080604553,0.3921568691730499
Race: Other,981,0.8093750476837158,0.8703703880310059,0.78125,0.7855319380760193,0.8055555820465088
Overall,982,0.6431818008422852,0.6371708512306213,0.6018182039260864,0.5633114576339722,0.585106372833252
Gender: Male,982,0.6851851940155029,0.7157894372940063,0.6752136945724487,0.6619136929512024,0.6792452931404114
Gender: Female,982,0.6960784196853638,0.5246212482452393,0.5159313678741455,0.4362500011920929,0.46341460943222046
Age: 50-65,982,0.6431818008422852,0.6371708512306213,0.6018182039260864,0.5633114576339722,0.585106372833252
Race: White,982,0.5897833108901978,0.5473856329917908,0.5448916554450989,0.4898395538330078,0.49056604504585266
Race: Other,982,0.7301587462425232,0.7435897588729858,0.6507936716079712,0.6363636255264282,0.6875
Overall,983,0.5078189373016357,0.5,0.5,0.49230772256851196,0.5151515007019043
Gender: Male,983,0.709549069404602,0.6742424368858337,0.6677718758583069,0.6673387289047241,0.6727272272109985
Gender: Female,983,0.36000001430511475,0.21212121844291687,0.2800000011920929,0.24137930572032928,0.3181818127632141
Age: 50-65,983,0.5078189373016357,0.5,0.5,0.49230772256851196,0.5151515007019043
Race: White,983,0.26504629850387573,0.2902098000049591,0.2916666865348816,0.28793102502822876,0.2881355881690979
Race: Other,983,0.8218623399734497,0.8799999952316284,0.7692307829856873,0.781818151473999,0.8125
Overall,984,0.5098038911819458,0.6343130469322205,0.5856209397315979,0.5546875,0.6041666865348816
Gender: Male,984,0.7328571081161499,0.8458333015441895,0.7964285612106323,0.8114285469055176,0.8363636136054993
Gender: Female,984,0.44999998807907104,0.1621621549129486,0.375,0.22641509771347046,0.2926829159259796
Age: 50-65,984,0.5098038911819458,0.6343130469322205,0.5856209397315979,0.5546875,0.6041666865348816
Race: White,984,0.3024475574493408,0.3717948794364929,0.42132869362831116,0.3480093479156494,0.3958333432674408
Race: Black,984,0.0,1.0,1.0,1.0,1.0
Race: Other,984,0.7485380172729492,0.8333333730697632,0.7631579041481018,0.7448276281356812,0.7567567825317383
Overall,985,0.5368629693984985,0.502594530582428,0.501731812953949,0.449760764837265,0.4888888895511627
Gender: Male,985,0.5961538553237915,0.612500011920929,0.5923076868057251,0.5809524059295654,0.6071428656578064
Gender: Female,985,0.5714285373687744,0.16129031777381897,0.38461539149284363,0.22727273404598236,0.29411765933036804
Age: 50-65,985,0.5368629693984985,0.502594530582428,0.501731812953949,0.449760764837265,0.4888888895511627
Race: White,985,0.3424369692802429,0.26871657371520996,0.3182773292064667,0.25339367985725403,0.2666666805744171
Race: Other,985,0.752860426902771,0.7610294222831726,0.6624714136123657,0.6452241539955139,0.6904761791229248
Overall,986,0.5279653072357178,0.5528571605682373,0.5445997714996338,0.46891772747039795,0.4736842215061188
Gender: Male,986,0.6833333373069763,0.675000011920929,0.675000011920929,0.6666666865348816,0.6666666865348816
Gender: Female,986,0.34838706254959106,0.11249999701976776,0.44999998807907104,0.18000000715255737,0.2195121943950653
Age: 50-65,986,0.5279653072357178,0.5528571605682373,0.5445997714996338,0.46891772747039795,0.4736842215061188
Race: White,986,0.39534881711006165,0.42222222685813904,0.4281805753707886,0.3325917720794678,0.3333333432674408
Race: Other,986,0.7272727489471436,0.7277777791023254,0.7192513942718506,0.6781609058380127,0.6785714626312256
Overall,987,0.6245098114013672,0.7068414092063904,0.6585784554481506,0.6128628253936768,0.6263736486434937
Gender: Male,987,0.734375,0.8071428537368774,0.768750011920929,0.7654054164886475,0.774193525314331
Gender: Female,987,0.6071428656578064,0.4679487347602844,0.4851190447807312,0.28921568393707275,0.3103448152542114
Age: 50-65,987,0.6245098114013672,0.7068414092063904,0.6585784554481506,0.6128628253936768,0.6263736486434937
Race: White,987,0.5755517482757568,0.6150793433189392,0.598471999168396,0.5353535413742065,0.5399999618530273
Race: Black,987,0.0,0.44999998807907104,0.5,0.4736842215061188,0.9000000357627869
Race: Other,987,0.719298243522644,0.7727272510528564,0.7368420958518982,0.674369752407074,0.6774193048477173
Overall,988,0.46198830008506775,0.43329328298568726,0.44098883867263794,0.38516953587532043,0.3888888955116272
Gender: Male,988,0.6100218296051025,0.5580357313156128,0.5566449165344238,0.5224806070327759,0.5227273106575012
Gender: Female,988,0.3479166626930237,0.2750000059604645,0.33125001192092896,0.248076930642128,0.260869562625885
Age: 50-65,988,0.46198830008506775,0.43329328298568726,0.44098883867263794,0.38516953587532043,0.3888888955116272
Race: White,988,0.37187498807907104,0.2916666865348816,0.3333333432674408,0.2698412537574768,0.28125
Race: Other,988,0.7109375,0.699999988079071,0.71875,0.6643356680870056,0.6666666865348816
Overall,989,0.552884578704834,0.512394368648529,0.509615421295166,0.4687747061252594,0.4895833432674408
Gender: Male,989,0.711309552192688,0.6691728830337524,0.6339285373687744,0.6006144285202026,0.6153846383094788
Gender: Female,989,0.4895833134651184,0.3181818127632141,0.36250001192092896,0.3121293783187866,0.34090909361839294
Age: 50-65,989,0.552884578704834,0.512394368648529,0.509615421295166,0.4687747061252594,0.4895833432674408
Race: White,989,0.38499999046325684,0.3947368264198303,0.4050000011920929,0.379084974527359,0.38596493005752563
Race: Other,989,0.7964285612106323,0.75,0.6499999761581421,0.5641025900840759,0.5882353186607361
Overall,990,0.5503662824630737,0.5237675905227661,0.5185439586639404,0.46022728085517883,0.4736842215061188
Gender: Male,990,0.7138849496841431,0.7025641202926636,0.6661991477012634,0.6213183403015137,0.6296296119689941
Gender: Female,990,0.4650000333786011,0.2517361044883728,0.32124999165534973,0.24632352590560913,0.2682926654815674
Age: 50-65,990,0.5503662824630737,0.5237675905227661,0.5185439586639404,0.46022728085517883,0.4736842215061188
Race: White,990,0.3918918967247009,0.2788461446762085,0.329054057598114,0.25187498331069946,0.2631579041481018
Race: Other,990,0.8259259462356567,0.8409091234207153,0.8055555820465088,0.7847157716751099,0.7878788113594055
Overall,991,0.47326454520225525,0.49461206793785095,0.49530959129333496,0.4641975462436676,0.47311827540397644
Gender: Male,991,0.5958131551742554,0.6162987947463989,0.6103059649467468,0.5974234938621521,0.5999999642372131
Gender: Female,991,0.4333333373069763,0.3166666626930237,0.3655555546283722,0.3014005720615387,0.3255814015865326
Age: 50-65,991,0.47326454520225525,0.49461206793785095,0.49530959129333496,0.4641975462436676,0.47311827540397644
Race: White,991,0.34259259700775146,0.36013513803482056,0.363095223903656,0.33312809467315674,0.3333333432674408
Race: Other,991,0.7428570985794067,0.7138888835906982,0.6833333373069763,0.6757763624191284,0.6896551847457886
Overall,992,0.4899521470069885,0.4826086759567261,0.48660287261009216,0.4259259104728699,0.44086021184921265
Gender: Male,992,0.6031745672225952,0.6499999761581421,0.6285714507102966,0.582456111907959,0.5882353186607361
Gender: Female,992,0.48000001907348633,0.20955882966518402,0.3141176700592041,0.22638146579265594,0.261904776096344
Age: 50-65,992,0.4899521470069885,0.4826086759567261,0.48660287261009216,0.4259259104728699,0.44086021184921265
Race: White,992,0.3752940893173218,0.3095238208770752,0.3588235378265381,0.2976190447807312,0.32203391194343567
Race: Other,992,0.7380952835083008,0.7272727489471436,0.7142857313156128,0.612500011920929,0.6129032373428345
Overall,993,0.6047027111053467,0.5277777910232544,0.5226264595985413,0.49561405181884766,0.5157895088195801
Gender: Male,993,0.870192289352417,0.7610294222831726,0.7275640964508057,0.7126436829566956,0.7199999690055847
Gender: Female,993,0.40909090638160706,0.22192513942718506,0.29446640610694885,0.24369747936725616,0.2888889014720917
Age: 50-65,993,0.6047027111053467,0.5277777910232544,0.5226264595985413,0.49561405181884766,0.5157895088195801
Race: White,993,0.42045456171035767,0.36766916513442993,0.375,0.34984520077705383,0.35185185074806213
Race: Other,993,0.7977941036224365,0.7574999928474426,0.689338207244873,0.6726190447807312,0.696969747543335
Overall,994,0.6080038547515869,0.5926932096481323,0.5740115642547607,0.48787063360214233,0.49473685026168823
Gender: Male,994,0.7460317611694336,0.7153226137161255,0.711904764175415,0.6861538887023926,0.686274528503418
Gender: Female,994,0.5533498525619507,0.3008130192756653,0.43920594453811646,0.23311546444892883,0.27272728085517883
Age: 50-65,994,0.6080038547515869,0.5926932096481323,0.5740115642547607,0.48787063360214233,0.49473685026168823
Race: White,994,0.5230352282524109,0.5309210419654846,0.531842827796936,0.45747125148773193,0.4576271176338196
Race: Other,994,0.79365074634552,0.75,0.6111111044883728,0.5151515007019043,0.5625
Overall,995,0.39975452423095703,0.4224637746810913,0.43432897329330444,0.4155844449996948,0.4444444477558136
Gender: Male,995,0.5149343013763428,0.5698052048683167,0.5513739585876465,0.5284552574157715,0.568965494632721
Gender: Female,995,0.2571428418159485,0.2537499964237213,0.26547619700431824,0.25724637508392334,0.2682926654815674
Age: 50-65,995,0.39975452423095703,0.4224637746810913,0.43432897329330444,0.4155844449996948,0.4444444477558136
Race: White,995,0.3075268864631653,0.3252747356891632,0.3290322422981262,0.3249662518501282,0.32786881923675537
Race: Other,995,0.5037593841552734,0.6853448152542114,0.5808270573616028,0.5416666865348816,0.6363636255264282
Overall,996,0.49857139587402344,0.4730392098426819,0.47904762625694275,0.4565998911857605,0.5
Gender: Male,996,0.6445578336715698,0.5994318127632141,0.5892857313156128,0.587505578994751,0.6122449040412903
Gender: Female,996,0.3722943663597107,0.2767857313156128,0.36471861600875854,0.2976406514644623,0.3720930218696594
Age: 50-65,996,0.49857139587402344,0.4730392098426819,0.47904762625694275,0.4565998911857605,0.5
Race: White,996,0.3554421663284302,0.3541666865348816,0.3690476417541504,0.3400673270225525,0.34693875908851624
Race: Other,996,0.6584615707397461,0.6000000238418579,0.573846161365509,0.5722943544387817,0.6578947305679321
Overall,997,0.5695200562477112,0.5414870977401733,0.5380999445915222,0.5314285755157471,0.5444444417953491
Gender: Male,997,0.7341136932373047,0.6515151262283325,0.6505016684532166,0.6507337689399719,0.6530612111091614
Gender: Female,997,0.4809523820877075,0.37580645084381104,0.40833336114883423,0.3692307770252228,0.4146341383457184
Age: 50-65,997,0.5695200562477112,0.5414870977401733,0.5380999445915222,0.5314285755157471,0.5444444417953491
Race: White,997,0.2884615659713745,0.33571428060531616,0.33916085958480835,0.3321739137172699,0.3333333432674408
Race: Other,997,0.8155080080032349,0.7870370149612427,0.7486631274223328,0.7529908418655396,0.7692307829856873
Overall,998,0.5775861740112305,0.5670511722564697,0.5471602082252502,0.4528462290763855,0.46739131212234497
Gender: Male,998,0.5851393342018127,0.6465201377868652,0.6238390207290649,0.5431034564971924,0.5471698045730591
Gender: Female,998,0.6472222805023193,0.3764705955982208,0.4416666626930237,0.31386348605155945,0.3589743673801422
Age: 50-65,998,0.5775861740112305,0.5670511722564697,0.5471602082252502,0.4528462290763855,0.46739131212234497
Race: White,998,0.5086580514907837,0.4351351261138916,0.44805195927619934,0.33561331033706665,0.3404255211353302
Race: Other,998,0.6200000047683716,0.6944444179534912,0.6322221755981445,0.5622171759605408,0.5813953280448914
Overall,999,0.37774723768234253,0.3858974575996399,0.39812272787094116,0.3627012372016907,0.3684210777282715
Gender: Male,999,0.45258617401123047,0.4985337257385254,0.4985632300376892,0.4898395538330078,0.49056604504585266
Gender: Female,999,0.34074074029922485,0.18014705181121826,0.28518518805503845,0.19183672964572906,0.2142857164144516
Age: 50-65,999,0.37774723768234253,0.3858974575996399,0.39812272787094116,0.3627012372016907,0.3684210777282715
Race: White,999,0.26770830154418945,0.2836691439151764,0.2874999940395355,0.26544567942619324,0.265625
Race: Other,999,0.5333333015441895,0.5446428656578064,0.5416666865348816,0.47727274894714355,0.47826087474823
