group,iteration,AUC,Precision,Recall,F1,Accuracy
Overall,0,0.7175846099853516,0.6586005687713623,0.6470028758049011,0.646341860294342,0.6589403748512268
Gender: Male,0,0.7620689868927002,0.7770543098449707,0.6181992292404175,0.5981900691986084,0.6959459781646729
Gender: Female,0,0.6811814308166504,0.6251526474952698,0.6210970878601074,0.6192668676376343,0.6233766078948975
Age: <40,0,0.703227162361145,0.6666666269302368,0.6531863212585449,0.6484620571136475,0.6571428775787354
Age: 40-50,0,0.9215270280838013,0.84375,0.7799575328826904,0.7971765995025635,0.828125
Age: 50-65,0,0.5844481587409973,0.547619104385376,0.5468227863311768,0.5462962985038757,0.5510203838348389
Race: White,0,0.630081295967102,0.5534709095954895,0.5534709095954895,0.5534709095954895,0.5966386795043945
Race: Black,0,0.5220588445663452,0.4248120188713074,0.4264705777168274,0.42211979627609253,0.42424243688583374
Race: Other,0,0.8211802244186401,0.7930363416671753,0.7685861587524414,0.7564935088157654,0.7599999904632568
Overall,1,0.6871126890182495,0.6341286301612854,0.587090253829956,0.5667188763618469,0.6245846748352051
Gender: Male,1,0.6998682618141174,0.7483781576156616,0.5706192255020142,0.5254507064819336,0.6648044586181641
Gender: Female,1,0.6379032135009766,0.5712056756019592,0.5674731135368347,0.5605844259262085,0.5655737519264221
Age: <40,1,0.6690140962600708,0.6441223621368408,0.5840375423431396,0.5503129959106445,0.6106870174407959
Age: 40-50,1,0.7017543911933899,0.6791208982467651,0.6099864840507507,0.614577054977417,0.7228915691375732
Age: 50-65,1,0.688359797000885,0.574404776096344,0.5595238208770752,0.5316770076751709,0.5517241358757019
Race: White,1,0.6439393758773804,0.5384615659713745,0.5281385183334351,0.5220588445663452,0.6307692527770996
Race: Black,1,0.7604166865348816,0.6034482717514038,0.640625,0.39094078540802,0.3947368562221527
Race: Other,1,0.7289935350418091,0.7287037372589111,0.6425438523292542,0.6297720074653625,0.6842105388641357
Overall,2,0.5851428508758545,0.5448318123817444,0.5349047780036926,0.5217875242233276,0.5699658393859863
Gender: Male,2,0.6022359728813171,0.5604575276374817,0.5217710733413696,0.46865472197532654,0.6094674468040466
Gender: Female,2,0.5295958518981934,0.5149934887886047,0.5149934887886047,0.5149934887886047,0.5161290168762207
Age: <40,2,0.6160337924957275,0.5563417673110962,0.5431987047195435,0.5270543098449707,0.5704225301742554
Age: 40-50,2,0.801111102104187,0.7333333492279053,0.6944444179534912,0.7067669630050659,0.7692307829856873
Age: 50-65,2,0.38257575035095215,0.39247310161590576,0.4134199023246765,0.38536307215690613,0.41860464215278625
Race: White,2,0.4793967008590698,0.3979592025279999,0.42458927631378174,0.4020339250564575,0.5
Race: Black,2,0.3333333134651184,0.3541666865348816,0.3585858643054962,0.34837090969085693,0.3499999940395355
Race: Other,2,0.7024253606796265,0.6784188151359558,0.6402052640914917,0.6311721801757812,0.6598639488220215
Overall,3,0.6956890225410461,0.6679403781890869,0.6251412034034729,0.6164110898971558,0.656462550163269
Gender: Male,3,0.6919751167297363,0.714476466178894,0.5694396495819092,0.5314508676528931,0.668789803981781
Gender: Female,3,0.6800937652587891,0.6463334560394287,0.6429027915000916,0.6404199600219727,0.6423357725143433
Age: <40,3,0.7235367298126221,0.6791208982467651,0.6353258490562439,0.6190077066421509,0.6474820375442505
Age: 40-50,3,0.8116666078567505,0.8019323348999023,0.7083333134651184,0.7335271239280701,0.8181818127632141
Age: 50-65,3,0.6105982065200806,0.5839675664901733,0.566439151763916,0.5495495796203613,0.5799999833106995
Race: White,3,0.6245037317276001,0.5707508325576782,0.5486387014389038,0.5412282943725586,0.64000004529953
Race: Black,3,0.3125,0.33760684728622437,0.3303571343421936,0.31677019596099854,0.3181818127632141
Race: Other,3,0.7955893278121948,0.7776436805725098,0.7131208181381226,0.7011157870292664,0.7210884094238281
Overall,4,0.647357702255249,0.6301572918891907,0.6055063009262085,0.5974879860877991,0.6283783912658691
Gender: Male,4,0.5498511791229248,0.6350304484367371,0.5453869104385376,0.5031760931015015,0.6513158082962036
Gender: Female,4,0.6904025077819824,0.6055072546005249,0.6056501865386963,0.6041475534439087,0.6041666865348816
Age: <40,4,0.6436453461647034,0.6215230226516724,0.6014079451560974,0.5833333730697632,0.6000000238418579
Age: 40-50,4,0.7512500286102295,0.7222222089767456,0.6875,0.6974790096282959,0.7500000596046448
Age: 50-65,4,0.5793885588645935,0.5768035054206848,0.5608974695205688,0.5508870482444763,0.593406617641449
Race: White,4,0.4769230782985687,0.42916667461395264,0.44006410241127014,0.4313252866268158,0.5254237055778503
Race: Black,4,0.53125,0.5512820482254028,0.5416666865348816,0.37254902720451355,0.375
Race: Other,4,0.8048642873764038,0.7947826385498047,0.7556561231613159,0.7553715705871582,0.767123281955719
Overall,5,0.6745119690895081,0.6109870672225952,0.5905249118804932,0.5831509828567505,0.6169491410255432
Gender: Male,5,0.687666654586792,0.6522007584571838,0.5616666674613953,0.5296884179115295,0.65625
Gender: Female,5,0.6273605823516846,0.5708791017532349,0.5708168745040894,0.5703468322753906,0.5703703761100769
Age: <40,5,0.7016949653625488,0.6487616300582886,0.6163437962532043,0.6048876047134399,0.6356589198112488
Age: 40-50,5,0.6886363625526428,0.6666666269302368,0.6454545259475708,0.6521738767623901,0.71875
Age: 50-65,5,0.6288461685180664,0.529910683631897,0.5257692337036133,0.5105957388877869,0.529411792755127
Race: White,5,0.5790760517120361,0.48821794986724854,0.489130437374115,0.4878306984901428,0.5833333730697632
Race: Black,5,0.5062500238418579,0.4047619104385376,0.4124999940395355,0.320561945438385,0.3214285969734192
Race: Other,5,0.8098374605178833,0.7585526704788208,0.7157443761825562,0.6999828815460205,0.7111110687255859
Overall,6,0.6027212142944336,0.537224531173706,0.5281582474708557,0.5148870944976807,0.5742574334144592
Gender: Male,6,0.6227272748947144,0.5726950168609619,0.5194128751754761,0.4608893096446991,0.6357616186141968
Gender: Female,6,0.5753448009490967,0.5054396390914917,0.5053256154060364,0.5045806765556335,0.5131579041481018
Age: <40,6,0.6798402070999146,0.5821525454521179,0.5572839975357056,0.5253382325172424,0.5652173757553101
Age: 40-50,6,0.7043313980102539,0.6190476417541504,0.598870038986206,0.6055327653884888,0.7402597665786743
Age: 50-65,6,0.41915225982666016,0.4107142686843872,0.4215070605278015,0.4095577299594879,0.4431818425655365
Race: White,6,0.525185227394104,0.42424240708351135,0.4333333373069763,0.4268077611923218,0.5185185074806213
Race: Black,6,0.317307710647583,0.25,0.26442307233810425,0.23636364936828613,0.2380952388048172
Race: Other,6,0.6943508982658386,0.720512866973877,0.6447811126708984,0.6287878751754761,0.6734693646430969
Overall,7,0.6634162664413452,0.6157571077346802,0.6019172668457031,0.6028920412063599,0.6421404480934143
Gender: Male,7,0.6505454778671265,0.6463963985443115,0.5472727417945862,0.519879937171936,0.699999988079071
Gender: Female,7,0.6187214851379395,0.5791789293289185,0.5784558057785034,0.5751878023147583,0.5755395889282227
Age: <40,7,0.6991869807243347,0.6774436235427856,0.6498983502388,0.654890775680542,0.699999988079071
Age: 40-50,7,0.7147436141967773,0.6177033185958862,0.598557710647583,0.600862979888916,0.662162184715271
Age: 50-65,7,0.5691823959350586,0.5345237851142883,0.5325696468353271,0.5305137634277344,0.5473684668540955
Race: White,7,0.5868314504623413,0.5049518942832947,0.5050315856933594,0.5049554109573364,0.5954198241233826
Race: Black,7,0.31168830394744873,0.3360323905944824,0.3246753215789795,0.30980393290519714,0.3125
Race: Other,7,0.7875773906707764,0.7883995771408081,0.7374005317687988,0.7424242496490479,0.7647058963775635
Overall,8,0.6697028875350952,0.620159924030304,0.5990674495697021,0.5859684944152832,0.6085526347160339
Gender: Male,8,0.6685925722122192,0.636781632900238,0.5477451086044312,0.49169912934303284,0.612500011920929
Gender: Female,8,0.6466588973999023,0.6036079525947571,0.6043123602867126,0.6032290458679199,0.6041666865348816
Age: <40,8,0.6446750164031982,0.6187707781791687,0.6060044765472412,0.580172061920166,0.5859375
Age: 40-50,8,0.7620689868927002,0.7425925731658936,0.6693965792655945,0.6663442850112915,0.7101449370384216
Age: 50-65,8,0.6365591287612915,0.5445670485496521,0.5376344323158264,0.530701756477356,0.5700934529304504
Race: White,8,0.6706491708755493,0.5894495248794556,0.5737754106521606,0.5728583931922913,0.6326530575752258
Race: Black,8,0.3333333134651184,0.4696969985961914,0.46666669845581055,0.4097222089767456,0.4117647111415863
Race: Other,8,0.7063705921173096,0.6519886255264282,0.6332226991653442,0.6012635231018066,0.6071428656578064
Overall,9,0.6374338865280151,0.5825351476669312,0.5683862566947937,0.5592623949050903,0.5907590985298157
Gender: Male,9,0.6485443115234375,0.634581446647644,0.5565953254699707,0.5196625590324402,0.636904776096344
Gender: Female,9,0.6043039560317993,0.5332528352737427,0.5332674384117126,0.5332309007644653,0.5333333015441895
Age: <40,9,0.6655455231666565,0.6734210252761841,0.6385326981544495,0.62339186668396,0.6449275612831116
Age: 40-50,9,0.7478693127632141,0.6553571224212646,0.6235795021057129,0.6200000047683716,0.6578947305679321
Age: 50-65,9,0.4979035556316376,0.4045976996421814,0.41299790143966675,0.40626275539398193,0.449438214302063
Race: White,9,0.592414379119873,0.526940107345581,0.523392379283905,0.5211743116378784,0.5894039869308472
Race: Black,9,0.48051947355270386,0.3639705777168274,0.37987014651298523,0.350649356842041,0.35999998450279236
Race: Other,9,0.7166001796722412,0.6812536716461182,0.6527916193008423,0.6276134252548218,0.6377952694892883
Overall,10,0.6205933094024658,0.5706278085708618,0.5546137094497681,0.5472107529640198,0.6067796349525452
Gender: Male,10,0.6601134538650513,0.6914986968040466,0.582608699798584,0.5587530136108398,0.6739130616188049
Gender: Female,10,0.5475398898124695,0.4892156720161438,0.48902925848960876,0.48847925662994385,0.4954954981803894
Age: <40,10,0.7098245620727539,0.6914557218551636,0.648596465587616,0.6368778347969055,0.663551390171051
Age: 40-50,10,0.7421427965164185,0.5910633206367493,0.5575000047683716,0.553056001663208,0.6790123581886292
Age: 50-65,10,0.4356984496116638,0.4346349835395813,0.44308942556381226,0.43485915660858154,0.49532708525657654
Race: White,10,0.5479375720024109,0.4195402264595032,0.43366777896881104,0.4240448772907257,0.5572519302368164
Race: Black,10,0.28333336114883423,0.3222222328186035,0.3333333432674408,0.26406925916671753,0.2647058963775635
Race: Other,10,0.7652536630630493,0.7616421580314636,0.709262490272522,0.7149690985679626,0.7461538314819336
Overall,11,0.5886535048484802,0.5625333786010742,0.5513513088226318,0.5479249954223633,0.6081081032752991
Gender: Male,11,0.6197159290313721,0.6592664122581482,0.5551378726959229,0.5220174789428711,0.6728395223617554
Gender: Female,11,0.5511573553085327,0.5241448879241943,0.5249999761581421,0.5221599340438843,0.5298507213592529
Age: <40,11,0.6683480739593506,0.6482323408126831,0.6233711838722229,0.6190077066421509,0.6474820375442505
Age: 40-50,11,0.5277777910232544,0.43617022037506104,0.4270833432674408,0.43157893419265747,0.7592592835426331
Age: 50-65,11,0.4807395935058594,0.4337899684906006,0.4441448450088501,0.4305896759033203,0.4757281541824341
Race: White,11,0.4315018057823181,0.41203704476356506,0.4164835214614868,0.4140844941139221,0.5486111044883728
Race: Black,11,0.35353535413742065,0.2967033088207245,0.31313133239746094,0.2929292917251587,0.30000001192092896
Race: Other,11,0.7783421277999878,0.7632052898406982,0.7024936676025391,0.6957957148551941,0.7196969985961914
Overall,12,0.671318769454956,0.621735155582428,0.5942760109901428,0.5852357149124146,0.6258503198623657
Gender: Male,12,0.6259030103683472,0.6817703247070312,0.5593395233154297,0.5237327218055725,0.6729559302330017
Gender: Female,12,0.6553846597671509,0.5723596811294556,0.5719780325889587,0.5701581239700317,0.5703703761100769
Age: <40,12,0.6666666865348816,0.6755132079124451,0.6209090948104858,0.5992755889892578,0.6382978558540344
Age: 40-50,12,0.7517006397247314,0.6916666626930237,0.6434240341186523,0.656410276889801,0.7611939907073975
Age: 50-65,12,0.5889670252799988,0.5,0.5,0.49168384075164795,0.5
Race: White,12,0.671638011932373,0.5117647051811218,0.509100079536438,0.5011197924613953,0.5909091234207153
Race: Black,12,0.3333333134651184,0.23863637447357178,0.3402777910232544,0.21212121844291687,0.23076924681663513
Race: Other,12,0.7484235763549805,0.7620025873184204,0.7218960523605347,0.7197802066802979,0.7352941036224365
Overall,13,0.6759819984436035,0.6450322270393372,0.6186730265617371,0.6172664165496826,0.6563574075698853
Gender: Male,13,0.6529220938682556,0.6980546712875366,0.5776785612106323,0.5617736577987671,0.7065868377685547
Gender: Female,13,0.6000000238418579,0.5884725451469421,0.5885416269302368,0.5884687900543213,0.5887096524238586
Age: <40,13,0.6981209516525269,0.7069143056869507,0.663807213306427,0.6406416893005371,0.6571428775787354
Age: 40-50,13,0.7424999475479126,0.5885341167449951,0.5762499570846558,0.5801807641983032,0.7121212482452393
Age: 50-65,13,0.631421685218811,0.5742481350898743,0.5707885026931763,0.5716903209686279,0.6117647290229797
Race: White,13,0.6492059230804443,0.5195869207382202,0.515324592590332,0.5123499631881714,0.6492537260055542
Race: Black,13,0.3888888955116272,0.37142857909202576,0.3333333432674408,0.3142857253551483,0.3333333432674408
Race: Other,13,0.7278079986572266,0.7458655834197998,0.7154664993286133,0.7107505798339844,0.7218044996261597
Overall,14,0.6088471412658691,0.5614143013954163,0.5499379634857178,0.5412945747375488,0.5836177468299866
Gender: Male,14,0.6535764336585999,0.5712752342224121,0.5291023850440979,0.48073628544807434,0.6038960814476013
Gender: Female,14,0.5904901027679443,0.5565998554229736,0.5567657947540283,0.556653618812561,0.5611510872840881
Age: <40,14,0.625821590423584,0.586403489112854,0.5693662166595459,0.5560994148254395,0.5877862572669983
Age: 40-50,14,0.6021825075149536,0.5738636255264282,0.538690447807312,0.5334174036979675,0.7297297716140747
Age: 50-65,14,0.5082815885543823,0.4572649598121643,0.45859211683273315,0.45199793577194214,0.4545454680919647
Race: White,14,0.5954046249389648,0.5050504803657532,0.5044955015182495,0.5026315450668335,0.585185170173645
Race: Black,14,0.2395833432674408,0.3218623697757721,0.2708333134651184,0.2632632851600647,0.28125
Race: Other,14,0.702551007270813,0.6758913397789001,0.6321428418159485,0.6225705146789551,0.6587302088737488
Overall,15,0.6825494170188904,0.6385784149169922,0.6057402491569519,0.605911374092102,0.6689655184745789
Gender: Male,15,0.6612200736999512,0.676600992679596,0.5650871396064758,0.5455761551856995,0.704402506351471
Gender: Female,15,0.6845238208770752,0.6163522005081177,0.6145237684249878,0.6150986552238464,0.6259542107582092
Age: <40,15,0.7355623245239258,0.7005746960639954,0.6591185331344604,0.6612622737884521,0.7008547186851501
Age: 40-50,15,0.7444444298744202,0.5966042280197144,0.5916666984558105,0.5939013957977295,0.746666669845581
Age: 50-65,15,0.5794548988342285,0.5692753791809082,0.5501048564910889,0.5271139740943909,0.5714285373687744
Race: White,15,0.559147834777832,0.5006930232048035,0.500501275062561,0.4914334714412689,0.6204379796981812
Race: Black,15,0.3055555522441864,0.3611111044883728,0.3611111044883728,0.3076923191547394,0.3076923191547394
Race: Other,15,0.8133503198623657,0.7608239650726318,0.711309552192688,0.7182450294494629,0.75
Overall,16,0.7205159664154053,0.6418918967247009,0.6070100665092468,0.5912975072860718,0.625
Gender: Male,16,0.7457655668258667,0.757993757724762,0.5690088868141174,0.504273533821106,0.6282051205635071
Gender: Female,16,0.7059183716773987,0.6226551532745361,0.6214286088943481,0.6204797625541687,0.6214285492897034
Age: <40,16,0.7387080192565918,0.6522762775421143,0.6018907427787781,0.5809580087661743,0.6290322542190552
Age: 40-50,16,0.8070312738418579,0.7366071343421936,0.6656249761581421,0.65625,0.694444477558136
Age: 50-65,16,0.6422568559646606,0.576286792755127,0.5664265751838684,0.5538956522941589,0.5699999928474426
Race: White,16,0.669245183467865,0.5725757479667664,0.5561416149139404,0.5473575592041016,0.6015037894248962
Race: Black,16,0.6000000238418579,0.5,0.5,0.4272727370262146,0.4285714328289032
Race: Other,16,0.7823927402496338,0.7265795469284058,0.6653417944908142,0.6481361985206604,0.6760563254356384
Overall,17,0.6684728860855103,0.6437793374061584,0.6042319536209106,0.579649031162262,0.612040102481842
Gender: Male,17,0.6338245868682861,0.6643120646476746,0.5750877261161804,0.53120356798172,0.6176470518112183
Gender: Female,17,0.7111380100250244,0.6219388246536255,0.6157385110855103,0.6022610664367676,0.604651153087616
Age: <40,17,0.663930356502533,0.6588889360427856,0.6067163944244385,0.5609042644500732,0.5905511975288391
Age: 40-50,17,0.7837837934494019,0.75,0.7176386713981628,0.7098913192749023,0.7200000286102295
Age: 50-65,17,0.5918989181518555,0.5172077417373657,0.5115417838096619,0.4858868420124054,0.5567010045051575
Race: White,17,0.6429947018623352,0.5658327341079712,0.5481463670730591,0.5208210945129395,0.5581395626068115
Race: Black,17,0.5588235259056091,0.6176470518112183,0.6176470518112183,0.380952388048172,0.380952388048172
Race: Other,17,0.7205184698104858,0.7207472920417786,0.6639284491539001,0.6571629047393799,0.6912751793861389
Overall,18,0.597146213054657,0.5472028255462646,0.5404210686683655,0.534331738948822,0.5709459781646729
Gender: Male,18,0.5777777433395386,0.5618233680725098,0.5202614665031433,0.45119616389274597,0.5810810923576355
Gender: Female,18,0.6474118232727051,0.561917781829834,0.5635783672332764,0.5583711862564087,0.5608108043670654
Age: <40,18,0.583168625831604,0.5507736802101135,0.5432312488555908,0.5351793766021729,0.5668789744377136
Age: 40-50,18,0.7179487347602844,0.569444477558136,0.5801281929016113,0.5718518495559692,0.6666666865348816
Age: 50-65,18,0.5723140239715576,0.5272952914237976,0.5227272510528564,0.501886785030365,0.5227273106575012
Race: White,18,0.45170730352401733,0.4514991044998169,0.45528456568717957,0.452091783285141,0.517241358757019
Race: Black,18,0.13445377349853516,0.13025210797786713,0.13025210797786713,0.12903225421905518,0.12903225421905518
Race: Other,18,0.7715689539909363,0.7337995767593384,0.6825627684593201,0.6778694987297058,0.7046979665756226
Overall,19,0.6354288458824158,0.592410683631897,0.5706140398979187,0.564948320388794,0.6258503198623657
Gender: Male,19,0.6305642127990723,0.5062893033027649,0.5018808841705322,0.45242878794670105,0.6549707651138306
Gender: Female,19,0.591631293296814,0.5844827890396118,0.5843485593795776,0.584376871585846,0.5853658318519592
Age: <40,19,0.6263513565063477,0.5826966166496277,0.5621621608734131,0.55884850025177,0.640350878238678
Age: 40-50,19,0.6818181276321411,0.6399204730987549,0.597866415977478,0.6018691658973694,0.7042253613471985
Age: 50-65,19,0.5921052694320679,0.5604708194732666,0.5502699017524719,0.5351812243461609,0.5596330165863037
Race: White,19,0.5499531030654907,0.49903208017349243,0.4991791844367981,0.4965595602989197,0.6206896305084229
Race: Black,19,0.3303571343421936,0.34761905670166016,0.3571428656578064,0.31677019596099854,0.3181818127632141
Race: Other,19,0.7647058963775635,0.7261424660682678,0.6677467823028564,0.6558265686035156,0.6850393414497375
Overall,20,0.6828384399414062,0.6043753623962402,0.5818586349487305,0.5750555396080017,0.6213592290878296
Gender: Male,20,0.7037221193313599,0.6655251383781433,0.5602359771728516,0.5262641906738281,0.6645962595939636
Gender: Female,20,0.6505228281021118,0.5710565447807312,0.5700788497924805,0.5699063539505005,0.5743243098258972
Age: <40,20,0.7083100080490112,0.6470905542373657,0.6019607782363892,0.5892118215560913,0.6418918967247009
Age: 40-50,20,0.6997607946395874,0.6179245710372925,0.5747607946395874,0.5744756460189819,0.6984127163887024
Age: 50-65,20,0.6337792873382568,0.5354452729225159,0.5334448218345642,0.5298006534576416,0.5408163070678711
Race: White,20,0.6753859519958496,0.5097020268440247,0.5090051293373108,0.5086336135864258,0.6066666841506958
Race: Black,20,0.6545454263687134,0.3928571343421936,0.44545453786849976,0.2874493896961212,0.3125
Race: Other,20,0.7250488996505737,0.7258145809173584,0.6763209104537964,0.6540025472640991,0.6713286638259888
Overall,21,0.6468087434768677,0.6165317893028259,0.5903989672660828,0.5873913168907166,0.6438356041908264
Gender: Male,21,0.6184566020965576,0.6551724672317505,0.5607123970985413,0.541875422000885,0.699999988079071
Gender: Female,21,0.6094470024108887,0.572838306427002,0.5714285373687744,0.5709310173988342,0.575757622718811
Age: <40,21,0.6013824939727783,0.5872253179550171,0.5585253238677979,0.5279693603515625,0.575757622718811
Age: 40-50,21,0.7160087823867798,0.7058404684066772,0.6584429740905762,0.6715686321258545,0.7611939907073975
Age: 50-65,21,0.6895492076873779,0.615079402923584,0.6114242076873779,0.6129032373428345,0.6559139490127563
Race: White,21,0.6269841194152832,0.5313725471496582,0.5253968238830566,0.5225694179534912,0.6212121248245239
Race: Black,21,0.16249999403953552,0.26249998807907104,0.26249998807907104,0.190476194024086,0.190476194024086
Race: Other,21,0.7318181991577148,0.7390776872634888,0.6918830871582031,0.6977728605270386,0.7338129878044128
Overall,22,0.6822082996368408,0.6159403920173645,0.5990356802940369,0.5967675447463989,0.6301369667053223
Gender: Male,22,0.7299131155014038,0.7179487347602844,0.5774856805801392,0.5460106134414673,0.6760563254356384
Gender: Female,22,0.6383968591690063,0.5856609344482422,0.5861513614654541,0.5854876041412354,0.5866667032241821
Age: <40,22,0.7092702388763428,0.6600908637046814,0.6320512890815735,0.6252620220184326,0.6503496170043945
Age: 40-50,22,0.767533540725708,0.6892655491828918,0.6319937109947205,0.6343216300010681,0.7027027010917664
Age: 50-65,22,0.5370370149612427,0.5,0.5,0.5,0.5200000405311584
Race: White,22,0.5851175785064697,0.47830885648727417,0.4792909622192383,0.47842466831207275,0.5526315569877625
Race: Black,22,0.6640625,0.40909090638160706,0.46875,0.2888889014720917,0.3333333432674408
Race: Other,22,0.7672634124755859,0.745769202709198,0.7179027795791626,0.7192654609680176,0.7337662577629089
Overall,23,0.6015156507492065,0.5811738967895508,0.558617115020752,0.5415933132171631,0.5932203531265259
Gender: Male,23,0.5836870670318604,0.6178691387176514,0.5426015853881836,0.48896631598472595,0.6121211647987366
Gender: Female,23,0.6349999904632568,0.5641025900840759,0.561904788017273,0.5608108043670654,0.5692307949066162
Age: <40,23,0.5983606576919556,0.5932111740112305,0.5664702653884888,0.5291418433189392,0.5600000023841858
Age: 40-50,23,0.7626208066940308,0.8374999761581421,0.674006462097168,0.6996262073516846,0.8088235259056091
Age: 50-65,23,0.48966866731643677,0.4611540138721466,0.46666669845581055,0.45476973056793213,0.4901961088180542
Race: White,23,0.5854700803756714,0.49436089396476746,0.49572649598121643,0.4838070869445801,0.5691056847572327
Race: Black,23,0.2647058963775635,0.20394736528396606,0.27941176295280457,0.16761904954910278,0.17391304671764374
Race: Other,23,0.7006206512451172,0.7024335861206055,0.6503285765647888,0.6422569155693054,0.6778523325920105
Overall,24,0.658189058303833,0.598734974861145,0.5830627679824829,0.5765550136566162,0.6066666841506958
Gender: Male,24,0.6936026811599731,0.7475504875183105,0.6237373948097229,0.6076740026473999,0.6909090876579285
Gender: Female,24,0.5772947072982788,0.5032967329025269,0.5032938122749329,0.5032675862312317,0.5037037134170532
Age: <40,24,0.702886700630188,0.6447916626930237,0.6135621070861816,0.6049455404281616,0.6393442153930664
Age: 40-50,24,0.7397708892822266,0.6208695769309998,0.6137479543685913,0.6160320043563843,0.6575342416763306
Age: 50-65,24,0.5566037893295288,0.5366162061691284,0.5315674543380737,0.5157647132873535,0.5333333611488342
Race: White,24,0.5811740756034851,0.47457432746887207,0.4776315689086914,0.47311830520629883,0.5442177057266235
Race: Black,24,0.6045454740524292,0.54313725233078,0.550000011920929,0.5195195078849792,0.53125
Race: Other,24,0.7271482944488525,0.7477177381515503,0.6930760741233826,0.6815789937973022,0.7024793028831482
Overall,25,0.6214072704315186,0.6123102307319641,0.585946261882782,0.5831258296966553,0.6456953883171082
Gender: Male,25,0.6184325218200684,0.654088020324707,0.5426705479621887,0.4888017773628235,0.6432748436927795
Gender: Female,25,0.6886510848999023,0.6377118825912476,0.6455948352813721,0.6376863718032837,0.6488549709320068
Age: <40,25,0.5934094190597534,0.6211323738098145,0.5954852104187012,0.595726490020752,0.6589147448539734
Age: 40-50,25,0.7197039723396301,0.6825885772705078,0.6096206903457642,0.6115427613258362,0.7142857313156128
Age: 50-65,25,0.5674114227294922,0.5626747608184814,0.5518105030059814,0.5438253283500671,0.582524299621582
Race: White,25,0.5383623242378235,0.5165945291519165,0.514829158782959,0.5145672559738159,0.6456692814826965
Race: Black,25,0.35750001668930054,0.3229166865348816,0.3725000023841858,0.2965686321258545,0.31707316637039185
Race: Other,25,0.802884578704834,0.7717647552490234,0.7115384340286255,0.7156054973602295,0.746268630027771
Overall,26,0.6150892972946167,0.547705888748169,0.5397320985794067,0.5260328054428101,0.5533333420753479
Gender: Male,26,0.6962279081344604,0.6272894144058228,0.5650749206542969,0.4985507130622864,0.5549132823944092
Gender: Female,26,0.6124870777130127,0.5488833785057068,0.5508255958557129,0.5456599593162537,0.5511810779571533
Age: <40,26,0.6295058727264404,0.5882352590560913,0.5687514543533325,0.5287250280380249,0.5461538434028625
Age: 40-50,26,0.7529162168502808,0.7088989615440369,0.6468716859817505,0.6521738767623901,0.71875
Age: 50-65,26,0.5351449251174927,0.444465309381485,0.4463768005371094,0.44441381096839905,0.46226415038108826
Race: White,26,0.627734899520874,0.48588043451309204,0.48632562160491943,0.48594772815704346,0.5702478885650635
Race: Black,26,0.4502924084663391,0.375,0.3830409646034241,0.320561945438385,0.3214285969734192
Race: Other,26,0.6558279991149902,0.6261006593704224,0.6068763136863708,0.5737330317497253,0.5827814340591431
Overall,27,0.6634012460708618,0.642753005027771,0.6247061491012573,0.6262363791465759,0.6609588861465454
Gender: Male,27,0.615325391292572,0.6723282337188721,0.5869272351264954,0.5754621028900146,0.6887417435646057
Gender: Female,27,0.676841676235199,0.628882646560669,0.6300366520881653,0.628947377204895,0.631205677986145
Age: <40,27,0.657149076461792,0.6811110973358154,0.6421098709106445,0.6331222057342529,0.6617646813392639
Age: 40-50,27,0.6689895391464233,0.5665761232376099,0.5569105744361877,0.5570052862167358,0.6290322542190552
Age: 50-65,27,0.680079460144043,0.652784526348114,0.6567312479019165,0.654411792755127,0.6808510422706604
Race: White,27,0.5729824304580688,0.507022500038147,0.50789475440979,0.5059288740158081,0.6160000562667847
Race: Black,27,0.5,0.5363636612892151,0.5416666865348816,0.43529412150382996,0.4375
Race: Other,27,0.770437479019165,0.7832122445106506,0.7411621809005737,0.7410033941268921,0.7555555701255798
Overall,28,0.6475988626480103,0.6408084630966187,0.6084039211273193,0.6047316789627075,0.6531986594200134
Gender: Male,28,0.6051474809646606,0.6307843327522278,0.5523383617401123,0.5230518579483032,0.6646707057952881
Gender: Female,28,0.6704680919647217,0.6368243098258972,0.6347113251686096,0.6348096132278442,0.6384615302085876
Age: <40,28,0.6573350429534912,0.6594321727752686,0.6267361044883728,0.614150881767273,0.6397058963775635
Age: 40-50,28,0.7118181586265564,0.6651785373687744,0.6345454454421997,0.64250248670578,0.7222222089767456
Age: 50-65,28,0.562566876411438,0.5760869979858398,0.5561497211456299,0.5480884313583374,0.6179775595664978
Race: White,28,0.6260162591934204,0.6322194933891296,0.5930603742599487,0.5945945978164673,0.6880000233650208
Race: Black,28,0.25999999046325684,0.24264705181121826,0.2666666805744171,0.23510468006134033,0.23999999463558197
Race: Other,28,0.7321159839630127,0.7054762840270996,0.6681099534034729,0.6666666865348816,0.6938775181770325
Overall,29,0.6953228712081909,0.6272221803665161,0.5981615781784058,0.5953254699707031,0.6498316526412964
Gender: Male,29,0.6564365029335022,0.5837104320526123,0.5283887386322021,0.4967350661754608,0.6867469549179077
Gender: Female,29,0.6986013650894165,0.6036958694458008,0.6026806831359863,0.6019167900085449,0.6030534505844116
Age: <40,29,0.6845171451568604,0.6520146727561951,0.6151498556137085,0.6057437062263489,0.6446280479431152
Age: 40-50,29,0.767307698726654,0.6851851940155029,0.6730769276618958,0.6782522201538086,0.75
Age: 50-65,29,0.6557376384735107,0.5562499761581421,0.5411742329597473,0.5266221761703491,0.5865384936332703
Race: White,29,0.6848825216293335,0.5877022743225098,0.56920325756073,0.5693975687026978,0.6541353464126587
Race: Black,29,0.4166666865348816,0.47727274894714355,0.4791666865348816,0.46315789222717285,0.47058823704719543
Race: Other,29,0.7318594455718994,0.6760510206222534,0.6329365372657776,0.6268842220306396,0.6666666269302368
Overall,30,0.7260293960571289,0.6742056608200073,0.6504955887794495,0.6518518924713135,0.680272102355957
Gender: Male,30,0.7319711446762085,0.7587991952896118,0.6001602411270142,0.5947747230529785,0.7368420958518982
Gender: Female,30,0.6631557941436768,0.6190381050109863,0.6190381050109863,0.6190381050109863,0.6197183132171631
Age: <40,30,0.7791397571563721,0.7402255535125732,0.7061290740966797,0.7055429816246033,0.7226277589797974
Age: 40-50,30,0.859477162361145,0.7921052575111389,0.8022875785827637,0.7968958616256714,0.8405797481536865
Age: 50-65,30,0.5527950525283813,0.4763205647468567,0.47981369495391846,0.46363264322280884,0.4886363744735718
Race: White,30,0.6491414308547974,0.60563725233078,0.5913716554641724,0.5922986268997192,0.6408450603485107
Race: Black,30,0.36000001430511475,0.3958333432674408,0.36666667461395264,0.33503836393356323,0.3499999940395355
Race: Other,30,0.839980959892273,0.780434787273407,0.7450142502784729,0.7521902322769165,0.7727273106575012
Overall,31,0.6614420413970947,0.5968968868255615,0.5695592164993286,0.5576624870300293,0.6169491410255432
Gender: Male,31,0.6767677068710327,0.5627990365028381,0.5176767706871033,0.4680652618408203,0.6564416885375977
Gender: Female,31,0.60560142993927,0.5701298713684082,0.5681818127632141,0.5651620626449585,0.5681818127632141
Age: <40,31,0.6712454557418823,0.6002938151359558,0.5687729120254517,0.5491101145744324,0.6040268540382385
Age: 40-50,31,0.7425997257232666,0.6604651212692261,0.6332046389579773,0.637499988079071,0.6896551847457886
Age: 50-65,31,0.5730458498001099,0.5484362840652466,0.5342318415641785,0.5191256999969482,0.5909091234207153
Race: White,31,0.6132978200912476,0.5465909242630005,0.5327127575874329,0.5278798937797546,0.6567164063453674
Race: Black,31,0.2967033088207245,0.1547619104385376,0.18131868541240692,0.14786967635154724,0.15000000596046448
Race: Other,31,0.7540290355682373,0.6797618865966797,0.6368855834007263,0.6191659569740295,0.6453900337219238
Overall,32,0.6535561084747314,0.6440158486366272,0.6115713715553284,0.6018592119216919,0.6372881531715393
Gender: Male,32,0.6709558963775635,0.6296519041061401,0.5496323704719543,0.49978214502334595,0.6158536076545715
Gender: Female,32,0.6449580192565918,0.6638418436050415,0.66246497631073,0.6625292897224426,0.6641221642494202
Age: <40,32,0.6692537069320679,0.7049565315246582,0.6736318469047546,0.6520318984985352,0.6619718074798584
Age: 40-50,32,0.7833333015441895,0.7167832255363464,0.6722221970558167,0.6866359710693359,0.779411792755127
Age: 50-65,32,0.5240761041641235,0.4365384578704834,0.45380738377571106,0.42426109313964844,0.48235294222831726
Race: White,32,0.5211485624313354,0.5248200297355652,0.5202223062515259,0.5159664154052734,0.6000000238418579
Race: Black,32,0.4399999976158142,0.34375,0.36666667461395264,0.24812030792236328,0.25
Race: Other,32,0.7793333530426025,0.7605897188186646,0.7091666460037231,0.6989759802818298,0.7161290049552917
Overall,33,0.668877124786377,0.6387025117874146,0.6115207672119141,0.6075036525726318,0.6458333134651184
Gender: Male,33,0.6039682626724243,0.6858586072921753,0.5547618865966797,0.5060696601867676,0.6506849527359009
Gender: Female,33,0.7340660095214844,0.6385565996170044,0.6388611793518066,0.6386768817901611,0.6408450603485107
Age: <40,33,0.6426982879638672,0.6064516305923462,0.5856189727783203,0.5758218765258789,0.609375
Age: 40-50,33,0.7297677993774414,0.7384615540504456,0.6418015956878662,0.6416040062904358,0.7179487347602844
Age: 50-65,33,0.6516717672348022,0.6232921481132507,0.6151975393295288,0.6156250238418579,0.6341463327407837
Race: White,33,0.6238030195236206,0.5418367385864258,0.5336525440216064,0.5305037498474121,0.6171875
Race: Black,33,0.30666667222976685,0.3214285671710968,0.30000001192092896,0.24812030792236328,0.25
Race: Other,33,0.7219129800796509,0.7509238719940186,0.7099567651748657,0.7093531489372253,0.7285714149475098
Overall,34,0.6401504278182983,0.5944444537162781,0.5745614171028137,0.5734939575195312,0.6440677642822266
Gender: Male,34,0.6778401136398315,0.7379454970359802,0.5955119132995605,0.5801094770431519,0.7062146663665771
Gender: Female,34,0.6062015295028687,0.5352563858032227,0.5375193357467651,0.5331093668937683,0.5508474707603455
Age: <40,34,0.6511853933334351,0.6383700966835022,0.5950253009796143,0.5805360078811646,0.634482741355896
Age: 40-50,34,0.7562500238418579,0.7909091114997864,0.7200000286102295,0.743915319442749,0.8333333730697632
Age: 50-65,34,0.5432099103927612,0.4464285671710968,0.4454190731048584,0.44585680961608887,0.511904776096344
Race: White,34,0.5262390375137329,0.47262951731681824,0.4693877696990967,0.470088392496109,0.6111111640930176
Race: Black,34,0.45454543828964233,0.4318181872367859,0.4518716633319855,0.37285903096199036,0.392857164144516
Race: Other,34,0.7890946865081787,0.7648093700408936,0.6858024597167969,0.6836200952529907,0.7234042286872864
Overall,35,0.6428704261779785,0.5408135652542114,0.5279955267906189,0.5132600665092468,0.5993377566337585
Gender: Male,35,0.6753803491592407,0.6709129810333252,0.5594447255134583,0.5271013379096985,0.6744186282157898
Gender: Female,35,0.6013232469558716,0.47049689292907715,0.47206565737724304,0.46985381841659546,0.5
Age: <40,35,0.703747034072876,0.6298999190330505,0.5729508399963379,0.5326781868934631,0.5954198241233826
Age: 40-50,35,0.7376847267150879,0.5758928656578064,0.5837438106536865,0.5789473652839661,0.7222222089767456
Age: 50-65,35,0.5397435426712036,0.44164758920669556,0.4564102590084076,0.4364326596260071,0.5151515007019043
Race: White,35,0.593281090259552,0.4120894968509674,0.43225082755088806,0.4167288839817047,0.5352112650871277
Race: Black,35,0.4907407760620117,0.38749998807907104,0.4166666865348816,0.3576470613479614,0.380952388048172
Race: Other,35,0.6863636374473572,0.7221052646636963,0.6370129585266113,0.6314393877983093,0.6978417634963989
Overall,36,0.6309502124786377,0.5366460084915161,0.5276424288749695,0.5169082283973694,0.5866667032241821
Gender: Male,36,0.5855573415756226,0.45109888911247253,0.48253530263900757,0.4336329698562622,0.6339869499206543
Gender: Female,36,0.6197761297225952,0.5289473533630371,0.527705192565918,0.5258064270019531,0.5374149680137634
Age: <40,36,0.6725108623504639,0.5804196000099182,0.5497835874557495,0.5072463750839233,0.5588235259056091
Age: 40-50,36,0.7762802839279175,0.6090686321258545,0.6199461221694946,0.6134615540504456,0.7313432693481445
Age: 50-65,36,0.5377960205078125,0.46506208181381226,0.4692623019218445,0.46370193362236023,0.5257731676101685
Race: White,36,0.5543028116226196,0.421603262424469,0.43361711502075195,0.4259592294692993,0.5714285373687744
Race: Black,36,0.875,0.6000000238418579,0.625,0.36666667461395264,0.3684210479259491
Race: Other,36,0.6851977109909058,0.6385294198989868,0.6064406633377075,0.5965591669082642,0.6343283653259277
Overall,37,0.6307946443557739,0.5913937091827393,0.5686616897583008,0.5646103620529175,0.6375839114189148
Gender: Male,37,0.6068965196609497,0.630065381526947,0.5326765179634094,0.47970816493034363,0.6564416885375977
Gender: Female,37,0.6755368709564209,0.5981781482696533,0.6018908023834229,0.5987654328346252,0.614814817905426
Age: <40,37,0.641554057598114,0.6208333373069763,0.5881756544113159,0.5872713327407837,0.6666666865348816
Age: 40-50,37,0.7843832969665527,0.8083333373069763,0.6969831585884094,0.7169069647789001,0.7916666865348816
Age: 50-65,37,0.5197628736495972,0.46136999130249023,0.4680500626564026,0.45578229427337646,0.5089285969734192
Race: White,37,0.5853754281997681,0.5004058480262756,0.5003952383995056,0.5003002882003784,0.5897436141967773
Race: Black,37,0.5066666603088379,0.6388888955116272,0.5666666626930237,0.33503836393356323,0.3499999940395355
Race: Other,37,0.7516891956329346,0.8088166117668152,0.6844031810760498,0.6867908835411072,0.7459015846252441
Overall,38,0.6842648386955261,0.672470211982727,0.6299676895141602,0.6130362749099731,0.6421404480934143
Gender: Male,38,0.6892411708831787,0.7152777910232544,0.5858858227729797,0.5339338779449463,0.6234567761421204
Gender: Female,38,0.6909633874893188,0.6696271896362305,0.6648550629615784,0.6620548963546753,0.6642335653305054
Age: <40,38,0.7304649353027344,0.7177273035049438,0.6848350167274475,0.6742900013923645,0.6875
Age: 40-50,38,0.7148147821426392,0.6745613813400269,0.592129647731781,0.5706324577331543,0.6567164063453674
Age: 50-65,38,0.5836776494979858,0.5781805515289307,0.5568181872367859,0.5243242979049683,0.5568181872367859
Race: White,38,0.5467914342880249,0.5537371635437012,0.5367647409439087,0.5208669900894165,0.598214328289032
Race: Black,38,0.4629629850387573,0.3499999940395355,0.3611111342906952,0.2720588445663452,0.27272728085517883
Race: Other,38,0.835979700088501,0.800000011920929,0.7452702522277832,0.7389830350875854,0.7532467246055603
Overall,39,0.6688311696052551,0.6291758418083191,0.6114323735237122,0.603404700756073,0.6219931244850159
Gender: Male,39,0.6550238132476807,0.5963702201843262,0.540852427482605,0.49567556381225586,0.6097560524940491
Gender: Female,39,0.6385965347290039,0.6333333253860474,0.6323308348655701,0.6326709985733032,0.6377952694892883
Age: <40,39,0.7226773500442505,0.6777626872062683,0.6568431854248047,0.6342978477478027,0.6408450603485107
Age: 40-50,39,0.8620154857635498,0.7299145460128784,0.708527147769928,0.7175325155258179,0.7931034564971924
Age: 50-65,39,0.5096617937088013,0.4801377058029175,0.48188406229019165,0.4709956645965576,0.48351648449897766
Race: White,39,0.5634920597076416,0.4990712106227875,0.4990842342376709,0.4990394115447998,0.5691056847572327
Race: Black,39,0.3515625,0.33157896995544434,0.375,0.28042328357696533,0.2916666865348816
Race: Other,39,0.8255311250686646,0.7760416269302368,0.7501966953277588,0.719571590423584,0.7222222089767456
Overall,40,0.6391775608062744,0.6147743463516235,0.5980979204177856,0.5921748876571655,0.617161750793457
Gender: Male,40,0.6751543283462524,0.7162337303161621,0.6027777791023254,0.5654023885726929,0.6419752836227417
Gender: Female,40,0.6327110528945923,0.5883300304412842,0.5890827775001526,0.5876361131668091,0.588652491569519
Age: <40,40,0.6756088733673096,0.6614518165588379,0.647260308265686,0.6399883031845093,0.6482758522033691
Age: 40-50,40,0.7260458469390869,0.8174999952316284,0.6713899970054626,0.6862255334854126,0.7758620381355286
Age: 50-65,40,0.505050539970398,0.4581637382507324,0.46262627840042114,0.45355188846588135,0.47999998927116394
Race: White,40,0.5659090876579285,0.5155400037765503,0.5136363506317139,0.5107853412628174,0.5724637508392334
Race: Black,40,0.3062499761581421,0.3095238208770752,0.32499998807907104,0.24904215335845947,0.25
Race: Other,40,0.8006829023361206,0.7591973543167114,0.7315407395362854,0.7281745672225952,0.7372262477874756
Overall,41,0.6761528849601746,0.6071985363960266,0.5905047059059143,0.5823180675506592,0.6073825359344482
Gender: Male,41,0.6973611116409302,0.6592105627059937,0.5672222375869751,0.5251897573471069,0.6279069781303406
Gender: Female,41,0.6706149578094482,0.5793287754058838,0.5786290168762207,0.5780627727508545,0.5793651342391968
Age: <40,41,0.7254129648208618,0.6614359617233276,0.6341966986656189,0.6198477149009705,0.6369863152503967
Age: 40-50,41,0.7162162065505981,0.7683982849121094,0.7094594240188599,0.7266760468482971,0.7924528121948242
Age: 50-65,41,0.5625,0.4564732313156128,0.46017158031463623,0.4502881169319153,0.46464645862579346
Race: White,41,0.628822922706604,0.534627377986908,0.5317931771278381,0.5320512652397156,0.6164383292198181
Race: Black,41,0.222222238779068,0.3482142984867096,0.2638888955116272,0.24786324799060822,0.27272728085517883
Race: Other,41,0.7469358444213867,0.7007575631141663,0.6783224940299988,0.6491754055023193,0.6538461446762085
Overall,42,0.6861224174499512,0.6343486309051514,0.6142176985740662,0.6003918647766113,0.616161584854126
Gender: Male,42,0.7462491989135742,0.7340335845947266,0.5908349752426147,0.5327380895614624,0.6178343892097473
Gender: Female,42,0.6627764105796814,0.6130220890045166,0.6130220890045166,0.6130220890045166,0.6142857074737549
Age: <40,42,0.6599469184875488,0.6496753692626953,0.6222811937332153,0.6110056638717651,0.6341463327407837
Age: 40-50,42,0.8101603984832764,0.8033006191253662,0.7272727489471436,0.7285217046737671,0.7564102411270142
Age: 50-65,42,0.5911308526992798,0.49564820528030396,0.4957871437072754,0.47826087474823,0.4791666865348816
Race: White,42,0.5915915966033936,0.5318886637687683,0.5271771550178528,0.5232371687889099,0.5798319578170776
Race: Black,42,0.5256410241127014,0.41818180680274963,0.38461539149284363,0.30158731341362,0.3125
Race: Other,42,0.8107143044471741,0.7485119104385376,0.7197368144989014,0.7056452035903931,0.7123287916183472
Overall,43,0.607340931892395,0.5532897710800171,0.5456037521362305,0.5389382839202881,0.5723905563354492
Gender: Male,43,0.6112325191497803,0.6437631845474243,0.5445803999900818,0.49820786714553833,0.6499999761581421
Gender: Female,43,0.5599415302276611,0.5030834078788757,0.5030864477157593,0.5030032396316528,0.5031847357749939
Age: <40,43,0.6741337776184082,0.6146082878112793,0.6000597476959229,0.5931727886199951,0.6120689511299133
Age: 40-50,43,0.704807698726654,0.6590613126754761,0.6173076629638672,0.6265356540679932,0.7361111044883728
Age: 50-65,43,0.4511784315109253,0.4137362837791443,0.4207070767879486,0.4092903137207031,0.4220183193683624
Race: White,43,0.4729032516479492,0.4009259343147278,0.4194623529911041,0.4057360291481018,0.503496527671814
Race: Black,43,0.4611111283302307,0.3764705955982208,0.38333332538604736,0.3668965697288513,0.37037038803100586
Race: Other,43,0.7423114776611328,0.7116647958755493,0.6917163133621216,0.6851039528846741,0.6929134130477905
Overall,44,0.6774474382400513,0.6129593849182129,0.5922102928161621,0.5871794819831848,0.6254180669784546
Gender: Male,44,0.6489512920379639,0.6206896305084229,0.5311055779457092,0.47253280878067017,0.6387096643447876
Gender: Female,44,0.684984564781189,0.6111111044883728,0.6114550828933716,0.6108108162879944,0.6111111044883728
Age: <40,44,0.665057897567749,0.6214826703071594,0.6083494424819946,0.6069538593292236,0.6307692527770996
Age: 40-50,44,0.7530864477157593,0.6577922105789185,0.6071428656578064,0.6009554862976074,0.6666666865348816
Age: 50-65,44,0.6364749670028687,0.5732848644256592,0.5575275421142578,0.5464100241661072,0.5899999737739563
Race: White,44,0.637596845626831,0.5358823537826538,0.5295542478561401,0.5255703926086426,0.5970149040222168
Race: Black,44,0.3680555522441864,0.3195488750934601,0.3333333432674408,0.26814815402030945,0.26923078298568726
Race: Other,44,0.7523206472396851,0.7300896048545837,0.6950421929359436,0.6967611908912659,0.7194244861602783
Overall,45,0.624864935874939,0.577208399772644,0.5659446120262146,0.5630117058753967,0.6048110127449036
Gender: Male,45,0.5995514392852783,0.5514184236526489,0.5175120830535889,0.45571595430374146,0.5935483574867249
Gender: Female,45,0.7118338346481323,0.620779275894165,0.6260162591934204,0.6146469116210938,0.6176470518112183
Age: <40,45,0.5928362607955933,0.5308049917221069,0.52582848072052,0.5181741118431091,0.5615384578704834
Age: 40-50,45,0.7122153043746948,0.6643939018249512,0.6123188734054565,0.6180617809295654,0.7164179086685181
Age: 50-65,45,0.6167582273483276,0.5765132904052734,0.5723443031311035,0.5710775852203369,0.585106372833252
Race: White,45,0.6030820608139038,0.52862149477005,0.5255101919174194,0.5246368646621704,0.5986394286155701
Race: Black,45,0.4444444179534912,0.4889705777168274,0.4895833432674408,0.43910256028175354,0.4399999976158142
Race: Other,45,0.6862801313400269,0.6447456479072571,0.6241388916969299,0.621363639831543,0.6470588445663452
Overall,46,0.6231802701950073,0.5712121725082397,0.5551798939704895,0.5434780120849609,0.5898305177688599
Gender: Male,46,0.6236996650695801,0.5228978991508484,0.5091964602470398,0.45444151759147644,0.5843373537063599
Gender: Female,46,0.6445520520210266,0.593201756477356,0.592615008354187,0.5927634835243225,0.5968992114067078
Age: <40,46,0.6396279335021973,0.6069711446762085,0.5770062804222107,0.5473813414573669,0.5808823704719543
Age: 40-50,46,0.767992377281189,0.6622377634048462,0.6098484992980957,0.6101556420326233,0.6911764740943909
Age: 50-65,46,0.5051020383834839,0.4866120219230652,0.48750001192092896,0.48547011613845825,0.5274725556373596
Race: White,46,0.5452173948287964,0.49316802620887756,0.4941304326057434,0.4895640015602112,0.563380241394043
Race: Black,46,0.644444465637207,0.625,0.5833333134651184,0.34285715222358704,0.3478260934352875
Race: Other,46,0.7344348430633545,0.6758578419685364,0.6374521255493164,0.6299171447753906,0.6615384817123413
Overall,47,0.7013992071151733,0.6321330070495605,0.6071361899375916,0.5975208878517151,0.6258503198623657
Gender: Male,47,0.6155914068222046,0.5285853147506714,0.5072091817855835,0.4540887176990509,0.6642335653305054
Gender: Female,47,0.6733001470565796,0.5968739986419678,0.5986733436584473,0.5915447473526001,0.5923566818237305
Age: <40,47,0.7522807121276855,0.6805555820465088,0.6459649205207825,0.6430861949920654,0.6742424368858337
Age: 40-50,47,0.790123462677002,0.6704545021057129,0.6566951274871826,0.6592082977294922,0.6818181872367859
Age: 50-65,47,0.5865217447280884,0.5416666269302368,0.5313043594360352,0.49427393078804016,0.5208333730697632
Race: White,47,0.5723456740379333,0.45419201254844666,0.4665432274341583,0.447257399559021,0.5343511700630188
Race: Black,47,0.43703699111938477,0.4583333134651184,0.4555555582046509,0.44973546266555786,0.4583333432674408
Race: Other,47,0.8306418657302856,0.7879542112350464,0.7395445108413696,0.7292207479476929,0.7410072088241577
Overall,48,0.6360741853713989,0.6230822801589966,0.6051356792449951,0.60142982006073,0.6296296119689941
Gender: Male,48,0.6350139379501343,0.7386877536773682,0.5886554718017578,0.5555104613304138,0.6705201864242554
Gender: Female,48,0.5943273305892944,0.5758547186851501,0.573900580406189,0.5703170895576477,0.5725806355476379
Age: <40,48,0.6753472089767456,0.6400350332260132,0.6215277910232544,0.600775420665741,0.6102941036224365
Age: 40-50,48,0.6426630020141602,0.6058823466300964,0.6100543737411499,0.6077256202697754,0.6935483813285828
Age: 50-65,48,0.5929352045059204,0.5972906351089478,0.5830529928207397,0.5801339149475098,0.6161616444587708
Race: White,48,0.5780892372131348,0.5198761820793152,0.5174485445022583,0.5166552662849426,0.6230769157409668
Race: Black,48,0.2696078419685364,0.33413460850715637,0.33088237047195435,0.33212122321128845,0.3448275923728943
Race: Other,48,0.712837815284729,0.7477678060531616,0.7109375,0.6877155303955078,0.695652186870575
Overall,49,0.6433209180831909,0.6027950048446655,0.5741122364997864,0.5537854433059692,0.596666693687439
Gender: Male,49,0.6237313747406006,0.6430107355117798,0.5397014617919922,0.4777364134788513,0.6227545142173767
Gender: Female,49,0.6151927709579468,0.5683908462524414,0.567460298538208,0.5632925629615784,0.5639097690582275
Age: <40,49,0.654578685760498,0.6169180870056152,0.5794872045516968,0.5512431859970093,0.5945945978164673
Age: 40-50,49,0.7482993006706238,0.691374659538269,0.660997748374939,0.6715686321258545,0.7611939907073975
Age: 50-65,49,0.523809552192688,0.5047814249992371,0.5039682388305664,0.45982205867767334,0.47058823704719543
Race: White,49,0.6307300329208374,0.5573022365570068,0.5479626655578613,0.5487945079803467,0.6564885377883911
Race: Black,49,0.2371794879436493,0.3166666626930237,0.21794873476028442,0.22267206013202667,0.25
Race: Other,49,0.7114726305007935,0.7088122367858887,0.6399828791618347,0.5939352512359619,0.6204379796981812
Overall,50,0.6361969709396362,0.6078648567199707,0.5890804529190063,0.586679995059967,0.6310344934463501
Gender: Male,50,0.6117569208145142,0.6752747297286987,0.56997150182724,0.5528273582458496,0.7013888955116272
Gender: Female,50,0.6209298372268677,0.5593542456626892,0.558817982673645,0.5586624145507812,0.5616438388824463
Age: <40,50,0.6313291788101196,0.6049559116363525,0.5914331078529358,0.5897145867347717,0.6222221851348877
Age: 40-50,50,0.749407172203064,0.6499518156051636,0.6229249238967896,0.6301723718643188,0.7179487347602844
Age: 50-65,50,0.5364865064620972,0.5625,0.5496621131896973,0.5298132300376892,0.5584415793418884
Race: White,50,0.5825426578521729,0.4864864945411682,0.48956355452537537,0.4789915978908539,0.569444477558136
Race: Black,50,0.13846153020858765,0.21969696879386902,0.2153846174478531,0.21590909361839294,0.21739131212234497
Race: Other,50,0.7719392776489258,0.8035714626312256,0.753250241279602,0.7599219083786011,0.7804877758026123
Overall,51,0.6658263206481934,0.6385167241096497,0.608123242855072,0.6017263531684875,0.6418918967247009
Gender: Male,51,0.600357174873352,0.6252400875091553,0.5582143068313599,0.5348523259162903,0.6602564454078674
Gender: Female,51,0.7242857217788696,0.6257662773132324,0.6214286088943481,0.6181359887123108,0.6214285492897034
Age: <40,51,0.6819711327552795,0.6568100452423096,0.6262019276618958,0.6081012487411499,0.6279069781303406
Age: 40-50,51,0.7904483675956726,0.6772727370262146,0.6900584697723389,0.6828007698059082,0.7599999904632568
Age: 50-65,51,0.5861742496490479,0.5777778029441833,0.5530303120613098,0.5208333730697632,0.5652173757553101
Race: White,51,0.6318029165267944,0.5607450604438782,0.5489361882209778,0.5475490093231201,0.6338028311729431
Race: Black,51,0.40625,0.375,0.42500001192092896,0.2708333432674408,0.2857142984867096
Race: Other,51,0.7591701745986938,0.7550840377807617,0.7189476490020752,0.7161409854888916,0.7301587462425232
Overall,52,0.6968344449996948,0.6923248767852783,0.6550324559211731,0.6513485908508301,0.6800000071525574
Gender: Male,52,0.6552069187164307,0.7599915266036987,0.6020527482032776,0.5900043845176697,0.7177913784980774
Gender: Female,52,0.6624244451522827,0.6372172236442566,0.6386971473693848,0.6345497369766235,0.6350364685058594
Age: <40,52,0.7383246421813965,0.6986170411109924,0.6729985475540161,0.6575381755828857,0.6666666269302368
Age: 40-50,52,0.7885375022888184,0.7755244970321655,0.6946640610694885,0.7114568948745728,0.779411792755127
Age: 50-65,52,0.5276815891265869,0.5981241464614868,0.5784313678741455,0.5739348530769348,0.6235294342041016
Race: White,52,0.6219257116317749,0.5905823111534119,0.5659340620040894,0.5653594732284546,0.6691729426383972
Race: Black,52,0.3125,0.26249998807907104,0.26249998807907104,0.2142857164144516,0.2142857313156128
Race: Other,52,0.8449275493621826,0.8154761791229248,0.7853002548217773,0.7791313529014587,0.7841726541519165
Overall,53,0.6509650945663452,0.5941176414489746,0.5716911554336548,0.5544775128364563,0.5912162065505981
Gender: Male,53,0.6522951126098633,0.6954337954521179,0.570163905620575,0.5349807143211365,0.6645962595939636
Gender: Female,53,0.5604444146156311,0.5099999904632568,0.5099999904632568,0.5037037134170532,0.5037037134170532
Age: <40,53,0.6787799596786499,0.6421568393707275,0.6066406965255737,0.5826529860496521,0.6102941036224365
Age: 40-50,53,0.7321428060531616,0.65674889087677,0.6071428656578064,0.6056898832321167,0.6818181872367859
Age: 50-65,53,0.569161057472229,0.48971861600875854,0.49138325452804565,0.47373437881469727,0.4999999701976776
Race: White,53,0.616929292678833,0.44350960850715637,0.45644113421440125,0.4442629814147949,0.5655737519264221
Race: Black,53,0.3333333134651184,0.3791666626930237,0.33888888359069824,0.29230770468711853,0.30434784293174744
Race: Other,53,0.6918072700500488,0.7100886702537537,0.6665787696838379,0.6404762268066406,0.6556291580200195
Overall,54,0.6068264245986938,0.5584291219711304,0.542992353439331,0.5364589691162109,0.6237288117408752
Gender: Male,54,0.624193549156189,0.574999988079071,0.5211143493652344,0.4662662744522095,0.6395348906517029
Gender: Female,54,0.645796537399292,0.576797366142273,0.5828924179077148,0.5764284133911133,0.6016259789466858
Age: <40,54,0.5787879228591919,0.5474591255187988,0.5351731777191162,0.5231991410255432,0.5899280905723572
Age: 40-50,54,0.6332417726516724,0.5326923131942749,0.5116758346557617,0.49684005975723267,0.782608687877655
Age: 50-65,54,0.5604575276374817,0.5222222208976746,0.5196078419685364,0.514800488948822,0.5517241358757019
Race: White,54,0.6458333730697632,0.5448232293128967,0.5410879850387573,0.5423831343650818,0.6991869807243347
Race: Black,54,0.28421053290367126,0.22894737124443054,0.22894737124443054,0.2068965584039688,0.20689654350280762
Race: Other,54,0.6768763065338135,0.6349062323570251,0.5904664993286133,0.5787558555603027,0.6433566212654114
Overall,55,0.6573513746261597,0.605134129524231,0.5854460597038269,0.5825381278991699,0.6305084824562073
Gender: Male,55,0.7080914974212646,0.711309552192688,0.5772859454154968,0.559515118598938,0.7088607549667358
Gender: Female,55,0.5420939922332764,0.5386344194412231,0.538568377494812,0.5385725498199463,0.540145993232727
Age: <40,55,0.7190302610397339,0.6753826141357422,0.6333333253860474,0.6285961270332336,0.6692307591438293
Age: 40-50,55,0.642390251159668,0.6526315808296204,0.6218487620353699,0.6296296119689941,0.7222222089767456
Age: 50-65,55,0.5797373056411743,0.4838709831237793,0.48545965552330017,0.4788011610507965,0.5053763389587402
Race: White,55,0.5660676956176758,0.4749999940395355,0.48017969727516174,0.47108399868011475,0.5692307949066162
Race: Black,55,0.5461538434028625,0.4166666865348816,0.41923078894615173,0.4171539843082428,0.43478262424468994
Race: Other,55,0.7313642501831055,0.7420960664749146,0.6953988075256348,0.6940314769744873,0.7183098196983337
Overall,56,0.6351158618927002,0.5924707651138306,0.5720934867858887,0.5688754320144653,0.6333333253860474
Gender: Male,56,0.6620669364929199,0.7409583926200867,0.579945981502533,0.5565890073776245,0.7034883499145508
Gender: Female,56,0.5670440196990967,0.5312807559967041,0.5319496989250183,0.5307859778404236,0.5390625
Age: <40,56,0.6335775852203369,0.6160377264022827,0.5819453597068787,0.5690587162971497,0.625
Age: 40-50,56,0.6609929203987122,0.6844919919967651,0.6468085050582886,0.6593406796455383,0.774193525314331
Age: 50-65,56,0.6068547964096069,0.519536554813385,0.5173386931419373,0.5139256715774536,0.5588235259056091
Race: White,56,0.5938644409179688,0.45119333267211914,0.4583333432674408,0.4527803361415863,0.5821917653083801
Race: Black,56,0.4259259104728699,0.442307710647583,0.444444477558136,0.4272727370262146,0.4285714328289032
Race: Other,56,0.7119539976119995,0.7624920606613159,0.6908046007156372,0.6876150369644165,0.7218044996261597
Overall,57,0.6712124347686768,0.6131507158279419,0.5892437100410461,0.584593653678894,0.6326530575752258
Gender: Male,57,0.7201417684555054,0.7339617013931274,0.6185852885246277,0.6076763272285461,0.6987951397895813
Gender: Female,57,0.6041666269302368,0.5364372730255127,0.5357142686843872,0.5355355143547058,0.546875
Age: <40,57,0.6967329382896423,0.7080599665641785,0.6576704382896423,0.632975697517395,0.6538461446762085
Age: 40-50,57,0.743559718132019,0.5732010006904602,0.5690866708755493,0.5709123611450195,0.746666669845581
Age: 50-65,57,0.5835897922515869,0.4818965792655945,0.48384618759155273,0.47647058963775635,0.5056179761886597
Race: White,57,0.6254681348800659,0.5107142925262451,0.5086430311203003,0.5046987533569336,0.6171875
Race: Black,57,0.21367520093917847,0.32499998807907104,0.3205128312110901,0.31677019596099854,0.3181818127632141
Race: Other,57,0.7813529968261719,0.7325081825256348,0.6784260869026184,0.6688963174819946,0.694444477558136
Overall,58,0.6573610305786133,0.621004581451416,0.5923168659210205,0.5817708373069763,0.6232876777648926
Gender: Male,58,0.6298993825912476,0.5906025171279907,0.5349462628364563,0.4860742688179016,0.6129032373428345
Gender: Female,58,0.6852564215660095,0.6345394849777222,0.6310897469520569,0.630608320236206,0.6350364685058594
Age: <40,58,0.672488272190094,0.6627820730209351,0.6232863664627075,0.5944444537162781,0.6164383292198181
Age: 40-50,58,0.7521865367889404,0.7534668445587158,0.6598639488220215,0.6759259700775146,0.7714285850524902
Age: 50-65,58,0.5655913949012756,0.4643137454986572,0.4673835039138794,0.4627976417541504,0.5
Race: White,58,0.6244829893112183,0.5008116960525513,0.5006203651428223,0.49490267038345337,0.6330274939537048
Race: Black,58,0.2083333283662796,0.2539682686328888,0.2847222089767456,0.23510468006134033,0.23999999463558197
Race: Other,58,0.7573717832565308,0.720845639705658,0.6799679398536682,0.6624921560287476,0.6772152185440063
Overall,59,0.6278060674667358,0.5846890211105347,0.5692322254180908,0.5626860857009888,0.6033897995948792
Gender: Male,59,0.6508837938308716,0.633874237537384,0.5520833134651184,0.5059741139411926,0.6234567761421204
Gender: Female,59,0.6165517568588257,0.5766531229019165,0.5778160691261292,0.5760473608970642,0.5789473652839661
Age: <40,59,0.6550580263137817,0.6140429377555847,0.5845771431922913,0.5772807002067566,0.6339285969734192
Age: 40-50,59,0.712890625,0.7208800315856934,0.6666666269302368,0.669005274772644,0.7125000357627869
Age: 50-65,59,0.5265957117080688,0.46952736377716064,0.4720744490623474,0.46527573466300964,0.48543688654899597
Race: White,59,0.5676190853118896,0.5114378929138184,0.5095238089561462,0.5020080208778381,0.5564516186714172
Race: Black,59,0.3044871687889099,0.34696969389915466,0.3381410241127014,0.3223443329334259,0.3243243396282196
Race: Other,59,0.7554925680160522,0.7221201062202454,0.6712733507156372,0.6771084070205688,0.7238805890083313
Overall,60,0.5802267789840698,0.5443655848503113,0.5331746339797974,0.5183517932891846,0.5747508406639099
Gender: Male,60,0.5984598398208618,0.7580128312110901,0.550605058670044,0.4876965880393982,0.6524389982223511
Gender: Female,60,0.5394680500030518,0.4790239632129669,0.4789789915084839,0.4789758324623108,0.48175182938575745
Age: <40,60,0.6477820873260498,0.6160393953323364,0.5936595797538757,0.5650599002838135,0.5813953280448914
Age: 40-50,60,0.5627706050872803,0.5136363506317139,0.5077922344207764,0.49346840381622314,0.6710526347160339
Age: 50-65,60,0.4695373475551605,0.4203296899795532,0.43357765674591064,0.421188622713089,0.4895833432674408
Race: White,60,0.5284091234207153,0.4677777886390686,0.4725378751754761,0.46605876088142395,0.5441176295280457
Race: Black,60,0.18076923489570618,0.20604395866394043,0.29423078894615173,0.21652421355247498,0.24242424964904785
Race: Other,60,0.7239049673080444,0.7266488075256348,0.6577353477478027,0.6485486030578613,0.689393937587738
Overall,61,0.5943694114685059,0.5553211569786072,0.5451977252960205,0.5389493703842163,0.5898305177688599
Gender: Male,61,0.5890731811523438,0.6255494356155396,0.5412008762359619,0.49145299196243286,0.6339869499206543
Gender: Female,61,0.5823973417282104,0.5364832878112793,0.5373698472976685,0.5355975031852722,0.5422534942626953
Age: <40,61,0.6155382990837097,0.5227615237236023,0.5167591571807861,0.5037202835083008,0.5797101259231567
Age: 40-50,61,0.6534181833267212,0.6726190447807312,0.6383147835731506,0.6464425921440125,0.7222222089767456
Age: 50-65,61,0.5367424488067627,0.5261194109916687,0.523863673210144,0.5175644159317017,0.5339806079864502
Race: White,61,0.5043359994888306,0.4649122953414917,0.46639567613601685,0.46538007259368896,0.5496183037757874
Race: Black,61,0.40909090638160706,0.3869565427303314,0.4015151560306549,0.24904215335845947,0.25
Race: Other,61,0.7398428916931152,0.6972222328186035,0.6593714952468872,0.6614656448364258,0.6985294222831726
Overall,62,0.6387156248092651,0.5628675222396851,0.551694929599762,0.5478320121765137,0.6047297716140747
Gender: Male,62,0.6728895902633667,0.6291139125823975,0.5551947951316833,0.5247200727462769,0.6516854166984558
Gender: Female,62,0.6149235963821411,0.5321838855743408,0.5335630774497986,0.5281715989112854,0.5338982939720154
Age: <40,62,0.6602410078048706,0.5817307829856873,0.5665662884712219,0.5597147941589355,0.6013985872268677
Age: 40-50,62,0.6290597915649414,0.5299806594848633,0.5264957547187805,0.5271738767623901,0.6896551847457886
Age: 50-65,62,0.600454568862915,0.5306503176689148,0.5261363983154297,0.519045352935791,0.557894766330719
Race: White,62,0.6174193620681763,0.44310450553894043,0.44064515829086304,0.4417613744735718,0.5877862572669983
Race: Black,62,0.442176878452301,0.4124999940395355,0.4047619104385376,0.320561945438385,0.3214285969734192
Race: Other,62,0.7157031893730164,0.6948648691177368,0.6555219888687134,0.6505101919174194,0.6788321137428284
Overall,63,0.6378288865089417,0.5596674680709839,0.544496476650238,0.5341110229492188,0.5993377566337585
Gender: Male,63,0.6419621706008911,0.5696428418159485,0.5233937501907349,0.4819125533103943,0.6557376980781555
Gender: Female,63,0.5704584121704102,0.5110795497894287,0.511035680770874,0.5109127163887024,0.5126050710678101
Age: <40,63,0.6196428537368774,0.5862244963645935,0.5502976179122925,0.5248599052429199,0.6101694703102112
Age: 40-50,63,0.7534340620040894,0.6684588193893433,0.6291208863258362,0.6338672637939453,0.699999988079071
Age: 50-65,63,0.550133466720581,0.4722222089767456,0.4756004512310028,0.4682706594467163,0.509615421295166
Race: White,63,0.6701645851135254,0.5240641832351685,0.5185185074806213,0.5090909004211426,0.5833333134651184
Race: Black,63,0.4444444179534912,0.3382352888584137,0.3253968358039856,0.2788461446762085,0.2800000011920929
Race: Other,63,0.6061356067657471,0.6380952596664429,0.6004453301429749,0.6007678508758545,0.6766917705535889
Overall,64,0.6399427652359009,0.6071344614028931,0.5812231302261353,0.5719550251960754,0.6204620599746704
Gender: Male,64,0.6733044385910034,0.6879085302352905,0.5746753215789795,0.5423588156700134,0.6608186960220337
Gender: Female,64,0.5998615026473999,0.5639097690582275,0.5628030300140381,0.5625327229499817,0.5681818127632141
Age: <40,64,0.6695728302001953,0.6274510025978088,0.5963382720947266,0.5814393758773804,0.6176470518112183
Age: 40-50,64,0.7004802227020264,0.6832298040390015,0.6062424778938293,0.5896892547607422,0.6626505851745605
Age: 50-65,64,0.5343883037567139,0.5391246676445007,0.53590989112854,0.5353248119354248,0.5833333730697632
Race: White,64,0.6209335327148438,0.5383309721946716,0.5383309721946716,0.5383309721946716,0.6470588445663452
Race: Black,64,0.2878788113594055,0.318452388048172,0.3459596037864685,0.2549634277820587,0.25806450843811035
Race: Other,64,0.7502164840698242,0.756009578704834,0.6844155788421631,0.6549019813537598,0.6764705777168274
Overall,65,0.6810389757156372,0.6260319948196411,0.5922785997390747,0.5841768980026245,0.6385135054588318
Gender: Male,65,0.6625850200653076,0.6873700618743896,0.5613095164299011,0.529644250869751,0.6832298040390015
Gender: Female,65,0.6650549173355103,0.5846590995788574,0.5818681120872498,0.5800000429153442,0.585185170173645
Age: <40,65,0.7601466178894043,0.7029637098312378,0.6595967411994934,0.6511955261230469,0.6774193048477173
Age: 40-50,65,0.7130730152130127,0.6351810097694397,0.6014431118965149,0.6105769276618958,0.7530864477157593
Age: 50-65,65,0.5599033832550049,0.4736495614051819,0.4806763231754303,0.4449059069156647,0.48351648449897766
Race: White,65,0.5933364629745483,0.4930660128593445,0.4945652186870575,0.48665404319763184,0.5869565606117249
Race: Black,65,0.6057692766189575,0.48750001192092896,0.49038460850715637,0.4166666865348816,0.4285714328289032
Race: Other,65,0.7707526683807373,0.7755952477455139,0.6991397738456726,0.6923167705535889,0.7226277589797974
Overall,66,0.7017961740493774,0.6365211606025696,0.6083210706710815,0.6044579148292542,0.6466667056083679
Gender: Male,66,0.7426822185516357,0.746666669845581,0.6105137467384338,0.5982227325439453,0.7058823704719543
Gender: Female,66,0.6321157217025757,0.5675287246704102,0.5668880343437195,0.5666667222976685,0.5692307949066162
Age: <40,66,0.6939328908920288,0.6665838956832886,0.6300639510154724,0.6177985668182373,0.6458333134651184
Age: 40-50,66,0.7023810148239136,0.6204301118850708,0.5952380895614624,0.6012240648269653,0.7142857313156128
Age: 50-65,66,0.7002583742141724,0.576296329498291,0.5665374994277954,0.5594050884246826,0.5822784900665283
Race: White,66,0.6219696998596191,0.49666666984558105,0.4972222149372101,0.4920894503593445,0.5789473652839661
Race: Black,66,0.19117647409439087,0.2757352888584137,0.2757352888584137,0.23999999463558197,0.23999999463558197
Race: Other,66,0.8500000238418579,0.8261260986328125,0.7554435729980469,0.7596505880355835,0.7816901206970215
Overall,67,0.6822349429130554,0.6311984062194824,0.5901870131492615,0.5683607459068298,0.6140939593315125
Gender: Male,67,0.6655345559120178,0.6012048721313477,0.5316981077194214,0.4676470458507538,0.6022099852561951
Gender: Female,67,0.6999415159225464,0.6385074853897095,0.635831356048584,0.63150954246521,0.632478654384613
Age: <40,67,0.7021541595458984,0.6799214482307434,0.6518226861953735,0.6347010135650635,0.6474820375442505
Age: 40-50,67,0.7962962985038757,0.7478813529014587,0.5722222328186035,0.559440553188324,0.7460317611694336
Age: 50-65,67,0.5644811391830444,0.4572795629501343,0.47286146879196167,0.4227994382381439,0.4791666865348816
Race: White,67,0.6729655265808105,0.5136363506317139,0.5075585842132568,0.4771985709667206,0.5923076868057251
Race: Black,67,0.3999999761581421,0.2857142984867096,0.23333334922790527,0.16408668458461761,0.1666666716337204
Race: Other,67,0.7272080183029175,0.7235399484634399,0.6778846383094788,0.6663669347763062,0.6866666674613953
Overall,68,0.6443778276443481,0.6277437210083008,0.5997695922851562,0.594321608543396,0.6387959718704224
Gender: Male,68,0.6319643259048462,0.6830357313156128,0.5732142925262451,0.5486111044883728,0.6794871687889099
Gender: Female,68,0.6243137121200562,0.5928714871406555,0.5906863212585449,0.5898932218551636,0.5944055914878845
Age: <40,68,0.7135555744171143,0.682692289352417,0.6398487091064453,0.6237178444862366,0.6499999761581421
Age: 40-50,68,0.5928432941436768,0.6370370388031006,0.6073501110076904,0.6122558116912842,0.695652186870575
Age: 50-65,68,0.5657142996788025,0.5353846549987793,0.5298701524734497,0.5249999761581421,0.5777778029441833
Race: White,68,0.49022990465164185,0.4774671196937561,0.4803161025047302,0.47664836049079895,0.5748031735420227
Race: Black,68,0.4365079402923584,0.4571428596973419,0.4523809552192688,0.3324176073074341,0.3333333432674408
Race: Other,68,0.784552812576294,0.7889139652252197,0.7234804630279541,0.7252631187438965,0.751724123954773
Overall,69,0.6781286001205444,0.6559010744094849,0.6136187314987183,0.6100795865058899,0.6666666269302368
Gender: Male,69,0.6820405125617981,0.655637264251709,0.5332809090614319,0.4842660427093506,0.6832298040390015
Gender: Female,69,0.6657596826553345,0.6456321477890015,0.6436507701873779,0.6437161564826965,0.6466165781021118
Age: <40,69,0.7033827304840088,0.6632399559020996,0.6287391781806946,0.6280487775802612,0.6721311211585999
Age: 40-50,69,0.729581356048584,0.8068181872367859,0.6667810678482056,0.6628935933113098,0.7307692170143127
Age: 50-65,69,0.593869686126709,0.5630741119384766,0.5493295192718506,0.54302978515625,0.6063829660415649
Race: White,69,0.6572649478912354,0.5997012853622437,0.5760684013366699,0.5783977508544922,0.6821705102920532
Race: Black,69,0.4514285624027252,0.3958333432674408,0.3857142925262451,0.2805474102497101,0.28125
Race: Other,69,0.782288670539856,0.7569616436958313,0.6971747279167175,0.7042124271392822,0.7443609237670898
Overall,70,0.6677182912826538,0.5963767766952515,0.5820987820625305,0.5743089914321899,0.5993266105651855
Gender: Male,70,0.7073526382446289,0.7571428418159485,0.5656814575195312,0.5021423101425171,0.6333333253860474
Gender: Female,70,0.6483333110809326,0.566044807434082,0.5655555725097656,0.5641216039657593,0.5646258592605591
Age: <40,70,0.6939414143562317,0.6257764101028442,0.6086519360542297,0.6007011532783508,0.6194029450416565
Age: 40-50,70,0.7892857193946838,0.7804232835769653,0.6892856955528259,0.6899696588516235,0.7352941036224365
Age: 50-65,70,0.554367184638977,0.45998072624206543,0.4630124866962433,0.4562729001045227,0.4736842215061188
Race: White,70,0.620580792427063,0.527482271194458,0.5260942578315735,0.5257487893104553,0.563380241394043
Race: Black,70,0.40441176295280457,0.3159722089767456,0.30514705181121826,0.2788461446762085,0.2800000011920929
Race: Other,70,0.7741477489471436,0.7589815855026245,0.6962594985961914,0.6793371438980103,0.699999988079071
Overall,71,0.7118924856185913,0.6567386388778687,0.6295017004013062,0.6323529481887817,0.6800000071525574
Gender: Male,71,0.6795235276222229,0.709586501121521,0.5843259692192078,0.5869856476783752,0.7650601863861084
Gender: Female,71,0.6484375,0.5753623247146606,0.5754464268684387,0.5746031999588013,0.5746268630027771
Age: <40,71,0.7350287437438965,0.676086962223053,0.632895827293396,0.6256828308105469,0.6639344096183777
Age: 40-50,71,0.7814933061599731,0.7321428656578064,0.7024736404418945,0.7092671394348145,0.7395833730697632
Age: 50-65,71,0.5696388483047485,0.5355191230773926,0.5335298776626587,0.5340908765792847,0.6341463327407837
Race: White,71,0.6291309595108032,0.545624852180481,0.5417380928993225,0.5423469543457031,0.6231884360313416
Race: Black,71,0.4404761791229248,0.3392857313156128,0.3392857313156128,0.31578946113586426,0.31578946113586426
Race: Other,71,0.8235294222831726,0.8178571462631226,0.7437119483947754,0.7530224323272705,0.7832167744636536
Overall,72,0.7260621786117554,0.6199625730514526,0.5871002674102783,0.5711791515350342,0.6153846383094788
Gender: Male,72,0.7425999641418457,0.7743427753448486,0.5859780311584473,0.5645236968994141,0.7134503126144409
Gender: Female,72,0.5884276628494263,0.49369901418685913,0.49358490109443665,0.4838709831237793,0.484375
Age: <40,72,0.7897467613220215,0.68608558177948,0.6262972354888916,0.6022207140922546,0.6402877569198608
Age: 40-50,72,0.7037036418914795,0.6714285612106323,0.6134752035140991,0.6120355725288391,0.6891891956329346
Age: 50-65,72,0.6353261470794678,0.49743592739105225,0.49782609939575195,0.48370498418807983,0.5116279125213623
Race: White,72,0.710494875907898,0.5378788113594055,0.5227109789848328,0.5048190355300903,0.625
Race: Black,72,0.23333331942558289,0.3279220759868622,0.35277777910232544,0.2724014222621918,0.27586206793785095
Race: Other,72,0.8028074502944946,0.7074481844902039,0.676247775554657,0.6655250787734985,0.6791044473648071
Overall,73,0.7122547626495361,0.6511523723602295,0.6227289438247681,0.6190476417541504,0.6533333659172058
Gender: Male,73,0.7441943883895874,0.7089371681213379,0.5934293270111084,0.5797558426856995,0.6987179517745972
Gender: Female,73,0.6407486200332642,0.606249988079071,0.6049585342407227,0.6032290458679199,0.6041666865348816
Age: <40,73,0.7778459787368774,0.7210648059844971,0.6564291715621948,0.638932466506958,0.6714285612106323
Age: 40-50,73,0.7167831659317017,0.6728571653366089,0.6692308187484741,0.6709061861038208,0.7160493731498718
Age: 50-65,73,0.6240310072898865,0.5470370054244995,0.5410206317901611,0.5327023863792419,0.5569620132446289
Race: White,73,0.6856927275657654,0.595588207244873,0.5849887132644653,0.5880597233772278,0.6739130616188049
Race: Black,73,0.28148147463798523,0.4265734553337097,0.42222222685813904,0.41258740425109863,0.4166666865348816
Race: Other,73,0.7973484992980957,0.734412670135498,0.6843434572219849,0.658847451210022,0.6739130616188049
Overall,74,0.65032559633255,0.6331691741943359,0.6131628155708313,0.6112565398216248,0.6430976390838623
Gender: Male,74,0.6284620761871338,0.6262344121932983,0.5535714030265808,0.52422034740448,0.6558441519737244
Gender: Female,74,0.662749707698822,0.6290606260299683,0.6291617155075073,0.6290804147720337,0.6293706297874451
Age: <40,74,0.6540404558181763,0.6388888955116272,0.6136363744735718,0.5882353186607361,0.60317462682724
Age: 40-50,74,0.7773585319519043,0.7199674844741821,0.7045283317565918,0.7107163667678833,0.7564102411270142
Age: 50-65,74,0.551345944404602,0.5600754022598267,0.5555832386016846,0.555942714214325,0.602150559425354
Race: White,74,0.5891640782356262,0.5460381507873535,0.5388544797897339,0.5384807586669922,0.6341463327407837
Race: Black,74,0.2678571343421936,0.3214285671710968,0.3214285671710968,0.2222222238779068,0.2222222238779068
Race: Other,74,0.7162898778915405,0.7086056470870972,0.6896352767944336,0.6879335641860962,0.6987179517745972
Overall,75,0.6415441036224365,0.5854045152664185,0.5660821795463562,0.5482856631278992,0.5821917653083801
Gender: Male,75,0.6171301603317261,0.5582542419433594,0.5212397575378418,0.4582677185535431,0.5813953280448914
Gender: Female,75,0.626009464263916,0.5837732553482056,0.5839599370956421,0.5832175612449646,0.5833333730697632
Age: <40,75,0.5804398059844971,0.5352470874786377,0.5280671119689941,0.4907737970352173,0.508474588394165
Age: 40-50,75,0.7821350693702698,0.7067669630050659,0.6797385811805725,0.6904969215393066,0.7887324094772339
Age: 50-65,75,0.6291667222976685,0.5465753674507141,0.538636326789856,0.5092853903770447,0.5242718458175659
Race: White,75,0.5719696879386902,0.5073162317276001,0.5059523582458496,0.5002578496932983,0.5859375
Race: Black,75,0.5170068144798279,0.4385964870452881,0.4285714626312256,0.35384616255760193,0.3571428656578064
Race: Other,75,0.7388949394226074,0.6738889217376709,0.6356446743011475,0.6071367859840393,0.625
Overall,76,0.6893569231033325,0.6512711048126221,0.6247202157974243,0.6288279294967651,0.6860067844390869
Gender: Male,76,0.6472069025039673,0.6058441400527954,0.5373168587684631,0.5206349492073059,0.7350993156433105
Gender: Female,76,0.6799200773239136,0.6307012438774109,0.6299700736999512,0.6302083730697632,0.6338028311729431
Age: <40,76,0.72767174243927,0.670002818107605,0.6341891884803772,0.6399420499801636,0.7042253613471985
Age: 40-50,76,0.7465090751647949,0.7058823704719543,0.6917293071746826,0.6977777481079102,0.7647058963775635
Age: 50-65,76,0.5726950168609619,0.5759180784225464,0.5635342597961426,0.5562893152236938,0.5903614163398743
Race: White,76,0.6007009148597717,0.5657608509063721,0.5565420389175415,0.5585585832595825,0.6734693646430969
Race: Black,76,0.3979591727256775,0.32499998807907104,0.3571428656578064,0.2791762053966522,0.2857142984867096
Race: Other,76,0.8184000253677368,0.772573709487915,0.7366666793823242,0.7443763017654419,0.7680000066757202
Overall,77,0.5922480821609497,0.5631067752838135,0.5541666746139526,0.550007700920105,0.5890411138534546
Gender: Male,77,0.578341007232666,0.5685185194015503,0.5248656272888184,0.4771929681301117,0.6241610646247864
Gender: Female,77,0.5765427350997925,0.5528168678283691,0.5534018874168396,0.5513725280761719,0.5524475574493408
Age: <40,77,0.6588982939720154,0.6427203416824341,0.6183792352676392,0.5956164598464966,0.6097560524940491
Age: 40-50,77,0.733796238899231,0.6499999761581421,0.6388888955116272,0.6434574127197266,0.7272727489471436
Age: 50-65,77,0.4421052932739258,0.4222080111503601,0.4261133670806885,0.4235074520111084,0.4757281541824341
Race: White,77,0.5647368431091309,0.47989100217819214,0.4796052575111389,0.47971779108047485,0.5629629492759705
Race: Black,77,0.0833333283662796,0.1884615421295166,0.16249999403953552,0.16761904954910278,0.17391304671764374
Race: Other,77,0.7264214158058167,0.732467532157898,0.6795986890792847,0.6649999618530273,0.6865671277046204
Overall,78,0.6686744093894958,0.650090754032135,0.6351496577262878,0.636939525604248,0.6644295454025269
Gender: Male,78,0.6004127860069275,0.6548076868057251,0.5664602518081665,0.5448092818260193,0.6780821681022644
Gender: Female,78,0.685017466545105,0.653112530708313,0.6538327932357788,0.6511799097061157,0.6513158082962036
Age: <40,78,0.6787048578262329,0.7075650095939636,0.6822332739830017,0.6775637865066528,0.6906474828720093
Age: 40-50,78,0.7753622531890869,0.7035146951675415,0.6858178377151489,0.692577600479126,0.746268630027771
Age: 50-65,78,0.5867140293121338,0.528124988079071,0.5273833274841309,0.5274781584739685,0.5652173757553101
Race: White,78,0.6460046768188477,0.55213463306427,0.5559635758399963,0.553001880645752,0.6201550364494324
Race: Black,78,0.5062500238418579,0.4888888895511627,0.48750001192092896,0.4256410300731659,0.4285714626312256
Race: Other,78,0.7447240352630615,0.775747537612915,0.7357954978942871,0.7364486455917358,0.7517729997634888
Overall,79,0.6728782653808594,0.6185925602912903,0.5956239700317383,0.5872081518173218,0.6204620599746704
Gender: Male,79,0.6591539978981018,0.7255555391311646,0.5527912378311157,0.5069018006324768,0.6792452335357666
Gender: Female,79,0.5986790657043457,0.5544401407241821,0.5547785758972168,0.5541795492172241,0.5555555820465088
Age: <40,79,0.7066563367843628,0.6734654307365417,0.6151961088180542,0.5941851139068604,0.64000004529953
Age: 40-50,79,0.722719132900238,0.733660101890564,0.6918604373931885,0.6997098922729492,0.739130437374115
Age: 50-65,79,0.5895875692367554,0.5150183439254761,0.5138607025146484,0.5079861283302307,0.5229357481002808
Race: White,79,0.6216920614242554,0.5423869490623474,0.5358861088752747,0.5305435061454773,0.5763888955116272
Race: Black,79,0.2448979616165161,0.2666666805744171,0.2857142984867096,0.23636364936828613,0.2380952388048172
Race: Other,79,0.7911714911460876,0.7598038911819458,0.7024617791175842,0.6993808746337891,0.7246376872062683
Overall,80,0.7051161527633667,0.6188902258872986,0.5754047632217407,0.5425000190734863,0.59333336353302
Gender: Male,80,0.6690824627876282,0.7053571343421936,0.5629016757011414,0.5096399188041687,0.6379310488700867
Gender: Female,80,0.6831632852554321,0.5518518686294556,0.548214316368103,0.5281497836112976,0.5317460894584656
Age: <40,80,0.6854220032691956,0.6537610292434692,0.5888746976852417,0.5418060421943665,0.5912408828735352
Age: 40-50,80,0.8452380895614624,0.6657894849777222,0.5865384340286255,0.5592105388641357,0.641791045665741
Age: 50-65,80,0.6370370388031006,0.5616901516914368,0.5477124452590942,0.5278688669204712,0.5625
Race: White,80,0.6793831586837769,0.546798050403595,0.5308441519737244,0.5126050710678101,0.5972222089767456
Race: Black,80,0.40909093618392944,0.31521737575531006,0.3454545736312866,0.18406593799591064,0.18518519401550293
Race: Other,80,0.8133717775344849,0.7532680034637451,0.6677489280700684,0.6416666507720947,0.6744186282157898
Overall,81,0.6026819944381714,0.567203164100647,0.5523946285247803,0.5453149080276489,0.6047297716140747
Gender: Male,81,0.6042087078094482,0.5681818127632141,0.526262640953064,0.48129624128341675,0.6226415038108826
Gender: Female,81,0.6258818507194519,0.5706140398979187,0.5709876418113708,0.5707689523696899,0.5839415788650513
Age: <40,81,0.5969125032424927,0.5926937460899353,0.5665278434753418,0.5546724796295166,0.6153846383094788
Age: 40-50,81,0.6530768871307373,0.6000000238418579,0.573846161365509,0.5722943544387817,0.6578947305679321
Age: 50-65,81,0.5675675868988037,0.5126728415489197,0.511218786239624,0.5063545107841492,0.5444444417953491
Race: White,81,0.5155279636383057,0.48726707696914673,0.48726707696914673,0.48726707696914673,0.5905511975288391
Race: Black,81,0.3240740895271301,0.40625,0.3888888955116272,0.32867133617401123,0.3333333432674408
Race: Other,81,0.6898953914642334,0.6884058117866516,0.6258226633071899,0.6121936440467834,0.6620689630508423
Overall,82,0.6782857179641724,0.6232863664627075,0.5916428565979004,0.5811266303062439,0.6279863119125366
Gender: Male,82,0.7076398134231567,0.6601307392120361,0.55925452709198,0.509379506111145,0.6235294342041016
Gender: Female,82,0.6892108917236328,0.6281671524047852,0.6276167631149292,0.6278491020202637,0.6341463327407837
Age: <40,82,0.6282221078872681,0.6225000023841858,0.5781291723251343,0.5573782920837402,0.6209677457809448
Age: 40-50,82,0.7483636140823364,0.734375,0.6745454668998718,0.6884607672691345,0.762499988079071
Age: 50-65,82,0.6575481295585632,0.5290960073471069,0.5260891318321228,0.5079079270362854,0.516853928565979
Race: White,82,0.6391352415084839,0.5396551489830017,0.5318736433982849,0.5294832587242126,0.6279069781303406
Race: Black,82,0.26363635063171387,0.33571431040763855,0.2909091114997864,0.21793103218078613,0.2222222238779068
Race: Other,82,0.7778494358062744,0.7467161417007446,0.6858064532279968,0.6793071031570435,0.7080292105674744
Overall,83,0.6065635085105896,0.5731126666069031,0.557244062423706,0.5477157235145569,0.5959596037864685
Gender: Male,83,0.5967468023300171,0.5882620811462402,0.5274398922920227,0.4634551405906677,0.6023392081260681
Gender: Female,83,0.6237139701843262,0.5861895084381104,0.5879629850387573,0.5846855640411377,0.5873016119003296
Age: <40,83,0.6389170289039612,0.6609195470809937,0.6169028282165527,0.6117107272148132,0.6640625
Age: 40-50,83,0.707446813583374,0.5534188151359558,0.539893627166748,0.5376538038253784,0.6567164063453674
Age: 50-65,83,0.49000000953674316,0.47058823704719543,0.4738461375236511,0.4572329521179199,0.4705882668495178
Race: White,83,0.49462366104125977,0.44101837277412415,0.4478619694709778,0.4427702724933624,0.5441176295280457
Race: Black,83,0.4866666793823242,0.2916666865348816,0.38333332538604736,0.2784380316734314,0.3199999928474426
Race: Other,83,0.7653679847717285,0.7421512603759766,0.6919913291931152,0.6796691417694092,0.6985294222831726
Overall,84,0.6886056661605835,0.6426267623901367,0.6123106479644775,0.5928962826728821,0.616161584854126
Gender: Male,84,0.6431857347488403,0.6472972631454468,0.5626797080039978,0.5125725269317627,0.6071428656578064
Gender: Female,84,0.7210038900375366,0.6326086521148682,0.6337718963623047,0.6277056336402893,0.6279069781303406
Age: <40,84,0.6077097654342651,0.59183669090271,0.5634920597076416,0.5269947648048401,0.5634921193122864
Age: 40-50,84,0.8537415266036987,0.7648953199386597,0.723809540271759,0.7234195470809937,0.7402597665786743
Age: 50-65,84,0.6567028760910034,0.6045092940330505,0.5892210006713867,0.5710775852203369,0.585106372833252
Race: White,84,0.6967098712921143,0.6160454154014587,0.5923308730125427,0.5904954671859741,0.6444444060325623
Race: Black,84,0.39393937587738037,0.4841269850730896,0.4696969985961914,0.3021346628665924,0.3199999928474426
Race: Other,84,0.7433760762214661,0.6882522106170654,0.653739333152771,0.6289725303649902,0.6423357725143433
Overall,85,0.6346189379692078,0.5767441987991333,0.5651515126228333,0.5619274377822876,0.604651153087616
Gender: Male,85,0.6429358124732971,0.6208333373069763,0.5478898882865906,0.5262389779090881,0.6918238997459412
Gender: Female,85,0.5298551321029663,0.5070422291755676,0.5070422291755676,0.5070422291755676,0.5070422291755676
Age: <40,85,0.6459684371948242,0.6022112369537354,0.5805375576019287,0.5701121687889099,0.6081081032752991
Age: 40-50,85,0.6958333253860474,0.5770676732063293,0.5854166746139526,0.5793103575706482,0.6557376384735107
Age: 50-65,85,0.6028846502304077,0.546875,0.5403845906257629,0.5334685444831848,0.5652173757553101
Race: White,85,0.6163120269775391,0.4665523171424866,0.4723404049873352,0.4653846025466919,0.568345308303833
Race: Black,85,0.3166666626930237,0.1696428656578064,0.19166667759418488,0.17499999701976776,0.1818181872367859
Race: Other,85,0.7115542888641357,0.7198830842971802,0.6932566165924072,0.6920435428619385,0.7071428894996643
Overall,86,0.7054299116134644,0.6300464868545532,0.5975112915039062,0.5868024826049805,0.6299999952316284
Gender: Male,86,0.7439167499542236,0.7162805795669556,0.6143648624420166,0.6064767241477966,0.699999988079071
Gender: Female,86,0.6197183132171631,0.5566666722297668,0.5520514249801636,0.5415562391281128,0.550000011920929
Age: <40,86,0.733378529548645,0.6479592323303223,0.6147670745849609,0.5929793119430542,0.6165413856506348
Age: 40-50,86,0.7960784435272217,0.758865237236023,0.7385621070861816,0.7472826242446899,0.8064515590667725
Age: 50-65,86,0.6434335708618164,0.5196182727813721,0.5135729908943176,0.485714316368103,0.5428571701049805
Race: White,86,0.6073725819587708,0.4032737910747528,0.44371598958969116,0.4073083698749542,0.548872172832489
Race: Black,86,0.6307692527770996,0.5458333492279053,0.5423076748847961,0.5180952548980713,0.52173912525177
Race: Other,86,0.8036679029464722,0.7554545402526855,0.7169884443283081,0.7096189260482788,0.7222222089767456
Overall,87,0.6730910539627075,0.6215623617172241,0.604010283946991,0.6013913154602051,0.6321070194244385
Gender: Male,87,0.6872117519378662,0.6783956289291382,0.5759958028793335,0.5511253476142883,0.6713286638259888
Gender: Female,87,0.6385959386825562,0.5949001312255859,0.5947594046592712,0.5948052406311035,0.5961538553237915
Age: <40,87,0.7003023624420166,0.6763690710067749,0.6448412537574768,0.6429150104522705,0.6734693646430969
Age: 40-50,87,0.7493961453437805,0.6609195470809937,0.6352657079696655,0.6320512890815735,0.6585365533828735
Age: 50-65,87,0.5340136289596558,0.48097825050354004,0.4821428656578064,0.47989511489868164,0.5142857432365417
Race: White,87,0.6238304376602173,0.5341760516166687,0.5301321148872375,0.5281649231910706,0.5840000510215759
Race: Black,87,0.5060728788375854,0.39613527059555054,0.41295546293258667,0.3650793731212616,0.375
Race: Other,87,0.7590725421905518,0.7435064911842346,0.711693525314331,0.7140130996704102,0.7323943376541138
Overall,88,0.6274759769439697,0.6146802306175232,0.5930249094963074,0.5879051089286804,0.6271186470985413
Gender: Male,88,0.5925461649894714,0.5687919855117798,0.5256811380386353,0.47954821586608887,0.6242424249649048
Gender: Female,88,0.6470588445663452,0.6304450631141663,0.6306926012039185,0.6304193735122681,0.6307692527770996
Age: <40,88,0.5927350521087646,0.6147915720939636,0.5858974456787109,0.565079391002655,0.5985401272773743
Age: 40-50,88,0.8146929740905762,0.7255319356918335,0.7324560880661011,0.7287449836730957,0.7761194109916687
Age: 50-65,88,0.5759804248809814,0.5423077344894409,0.5350490212440491,0.5245559215545654,0.5604395866394043
Race: White,88,0.5908976793289185,0.5018518567085266,0.5015086531639099,0.497492253780365,0.6159420609474182
Race: Black,88,0.3541666865348816,0.3857142925262451,0.375,0.31677019596099854,0.3181818127632141
Race: Other,88,0.6696663498878479,0.716001033782959,0.6875548362731934,0.6778409481048584,0.6888888478279114
Overall,89,0.6514078378677368,0.6202478408813477,0.5872879028320312,0.5767257809638977,0.6296296119689941
Gender: Male,89,0.6551003456115723,0.6524122953414917,0.5677953958511353,0.5344617962837219,0.6416184902191162
Gender: Female,89,0.6453227996826172,0.6054158210754395,0.6005270481109619,0.6003223657608032,0.6129032373428345
Age: <40,89,0.7452107071876526,0.6942000389099121,0.6427203416824341,0.6326959729194641,0.6692307591438293
Age: 40-50,89,0.6054421663284302,0.5047233700752258,0.5034013986587524,0.4950055480003357,0.6285714507102966
Age: 50-65,89,0.5499999523162842,0.5793378949165344,0.5594016909599304,0.5388985276222229,0.5773195624351501
Race: White,89,0.5984495878219604,0.5560344457626343,0.5377906560897827,0.5181518197059631,0.5890411138534546
Race: Black,89,0.43529409170150757,0.3970588445663452,0.3970588445663452,0.37037035822868347,0.37037038803100586
Race: Other,89,0.7325227856636047,0.7395833730697632,0.6779497265815735,0.6846243143081665,0.7338709235191345
Overall,90,0.6887175440788269,0.6443032026290894,0.6182810068130493,0.6158924102783203,0.6523178815841675
Gender: Male,90,0.6800062656402588,0.7539321184158325,0.596280574798584,0.5787387490272522,0.7065868377685547
Gender: Female,90,0.6556189656257629,0.5851624011993408,0.5851624011993408,0.5851624011993408,0.585185170173645
Age: <40,90,0.6541659832000732,0.6342374086380005,0.6159002184867859,0.6097105741500854,0.6298701167106628
Age: 40-50,90,0.811414361000061,0.7490347623825073,0.6600496172904968,0.6764705777168274,0.7727273106575012
Age: 50-65,90,0.6797235012054443,0.614661693572998,0.5937020182609558,0.5908902883529663,0.634615421295166
Race: White,90,0.6847560405731201,0.5660538077354431,0.5591463446617126,0.56020188331604,0.6311475038528442
Race: Black,90,0.23076924681663513,0.24444445967674255,0.25874125957489014,0.24475525319576263,0.25
Race: Other,90,0.7712494134902954,0.7781548500061035,0.7164548635482788,0.7097288370132446,0.7307692170143127
Overall,91,0.6081967353820801,0.595311164855957,0.5808582305908203,0.5771857500076294,0.6130136847496033
Gender: Male,91,0.6373361349105835,0.7178571224212646,0.5789337754249573,0.537466824054718,0.6516128778457642
Gender: Female,91,0.5975663065910339,0.5708955526351929,0.5722512006759644,0.5678695440292358,0.569343090057373
Age: <40,91,0.6049627661705017,0.5816092491149902,0.570471465587616,0.5576625466346741,0.5748031735420227
Age: 40-50,91,0.7939882278442383,0.7536656856536865,0.7536656856536865,0.7536656856536865,0.8095238208770752
Age: 50-65,91,0.4375764727592468,0.44565218687057495,0.455630362033844,0.43466970324516296,0.4691358208656311
Race: White,91,0.5331813097000122,0.5001393556594849,0.5001266598701477,0.49801796674728394,0.5572519302368164
Race: Black,91,0.34117645025253296,0.3190789520740509,0.3382352888584137,0.2924138009548187,0.29629629850387573
Race: Other,91,0.711660623550415,0.7489035129547119,0.7059891223907471,0.707848846912384,0.7313432693481445
Overall,92,0.6218888759613037,0.5993740558624268,0.5819041728973389,0.5776945352554321,0.6190475821495056
Gender: Male,92,0.6365902423858643,0.6377233862876892,0.558906614780426,0.5306122303009033,0.6583850979804993
Gender: Female,92,0.5706497430801392,0.5698412656784058,0.5699682235717773,0.5698723793029785,0.5714285969734192
Age: <40,92,0.6388758420944214,0.6248606443405151,0.6049180030822754,0.5956790447235107,0.6183205842971802
Age: 40-50,92,0.7043650150299072,0.6804195642471313,0.670634925365448,0.674932062625885,0.7471264600753784
Age: 50-65,92,0.4722222089767456,0.44999998807907104,0.4611110985279083,0.4345238208770752,0.4736842215061188
Race: White,92,0.6183557510375977,0.5518518686294556,0.5446491837501526,0.5454373359680176,0.6495726704597473
Race: Black,92,0.2631579041481018,0.3246753215789795,0.3360323905944824,0.30980393290519714,0.3125
Race: Other,92,0.6974790096282959,0.679092526435852,0.650019109249115,0.6424077749252319,0.6620689630508423
Overall,93,0.6562613248825073,0.6361016035079956,0.6083469390869141,0.6008793115615845,0.6354514956474304
Gender: Male,93,0.649092972278595,0.6658676862716675,0.5735544562339783,0.5337599515914917,0.6294117569923401
Gender: Female,93,0.6907989978790283,0.6407990455627441,0.6407990455627441,0.6407990455627441,0.643410861492157
Age: <40,93,0.6556159257888794,0.6619266271591187,0.6278985738754272,0.6166690587997437,0.644295334815979
Age: 40-50,93,0.6858586072921753,0.7060606479644775,0.6373737454414368,0.6452941298484802,0.7313432693481445
Age: 50-65,93,0.6238372325897217,0.5405844449996948,0.5363371968269348,0.5267106890678406,0.5421686768531799
Race: White,93,0.6457364559173584,0.6349722146987915,0.6127907037734985,0.6166387796401978,0.6793892979621887
Race: Black,93,0.15740740299224854,0.25555557012557983,0.1944444477558136,0.19576719403266907,0.2083333432674408
Race: Other,93,0.7451626062393188,0.697616696357727,0.6540247201919556,0.6417167782783508,0.6666666865348816
Overall,94,0.6523582935333252,0.5876091718673706,0.5637917518615723,0.5343883633613586,0.5681062936782837
Gender: Male,94,0.6573611497879028,0.6157371997833252,0.5420833230018616,0.47956523299217224,0.5906432867050171
Gender: Female,94,0.6037009954452515,0.5490909218788147,0.5486661791801453,0.5383522510528564,0.5384615659713745
Age: <40,94,0.6413502097129822,0.5850107669830322,0.5554383397102356,0.4728778600692749,0.49624061584472656
Age: 40-50,94,0.831428587436676,0.7598360776901245,0.7264285683631897,0.7384615540504456,0.790123462677002
Age: 50-65,94,0.5581395626068115,0.4684741497039795,0.4735729694366455,0.4502747058868408,0.4712643623352051
Race: White,94,0.6471763849258423,0.5333333611488342,0.5224887728691101,0.5100758671760559,0.6165413856506348
Race: Black,94,0.23888888955116272,0.31060606241226196,0.2916666865348816,0.2724014222621918,0.27586206793785095
Race: Other,94,0.7242190837860107,0.6642394661903381,0.6302952766418457,0.5729873180389404,0.5827338099479675
Overall,95,0.6379472613334656,0.5874720811843872,0.5649097561836243,0.5457875728607178,0.5866667032241821
Gender: Male,95,0.6469622850418091,0.6247002482414246,0.5512315630912781,0.49477070569992065,0.5923566818237305
Gender: Female,95,0.6396307945251465,0.5772727131843567,0.5734485387802124,0.5711715221405029,0.5804196000099182
Age: <40,95,0.6052812933921814,0.6006944179534912,0.5799081325531006,0.5590111017227173,0.5833333730697632
Age: 40-50,95,0.8125,0.6265664100646973,0.6147727370262146,0.6196428537368774,0.7464788556098938
Age: 50-65,95,0.6132403612136841,0.5205640196800232,0.5152438879013062,0.4554760456085205,0.47422680258750916
Race: White,95,0.514014482498169,0.4115159511566162,0.43851718306541443,0.40763115882873535,0.4888888895511627
Race: Black,95,0.4743589758872986,0.4895833432674408,0.49358972907066345,0.35227274894714355,0.3684210479259491
Race: Other,95,0.7637631893157959,0.7357723712921143,0.6913650035858154,0.6852659583091736,0.7054794430732727
Overall,96,0.6314677000045776,0.6013513803482056,0.5782461762428284,0.5701600313186646,0.6182432770729065
Gender: Male,96,0.5998309850692749,0.5902777910232544,0.5263736248016357,0.4568665325641632,0.5961538553237915
Gender: Female,96,0.7050042152404785,0.6348221302032471,0.6370899677276611,0.6354166269302368,0.6428571343421936
Age: <40,96,0.5441067218780518,0.5215533971786499,0.5137138366699219,0.4796748161315918,0.546875
Age: 40-50,96,0.8295018672943115,0.7452107667922974,0.7452107667922974,0.7452107667922974,0.8157894611358643
Age: 50-65,96,0.6183712482452393,0.5687466859817505,0.5615530610084534,0.5452682375907898,0.554347813129425
Race: White,96,0.5594884157180786,0.5359396934509277,0.5304877758026123,0.5287356376647949,0.6097560524940491
Race: Black,96,0.32999998331069946,0.39141416549682617,0.2849999964237213,0.26767677068710327,0.3103448152542114
Race: Other,96,0.732607364654541,0.6875,0.6355111598968506,0.6341257095336914,0.6875
Overall,97,0.665564775466919,0.621730387210846,0.6000000238418579,0.5925925970077515,0.6228955984115601
Gender: Male,97,0.7290018796920776,0.7150793671607971,0.5765536427497864,0.5373516082763672,0.6577181220054626
Gender: Female,97,0.6007305383682251,0.5877289772033691,0.58748859167099,0.5873668789863586,0.5878378748893738
Age: <40,97,0.7200610637664795,0.6289098262786865,0.6079328656196594,0.5766347646713257,0.5873016119003296
Age: 40-50,97,0.7928204536437988,0.7613636255264282,0.735897421836853,0.7429718971252441,0.765625
Age: 50-65,97,0.5259343981742859,0.510185182094574,0.5083905458450317,0.5028394460678101,0.5794392228126526
Race: White,97,0.5558182597160339,0.542242705821991,0.536117672920227,0.5335015058517456,0.59375
Race: Black,97,0.34057968854904175,0.3526315987110138,0.2971014380455017,0.26181817054748535,0.27586206793785095
Race: Other,97,0.7967328429222107,0.743970513343811,0.6987179517745972,0.6979921460151672,0.7214285731315613
Overall,98,0.6738454103469849,0.6363308429718018,0.6101118326187134,0.6067413091659546,0.6460481286048889
Gender: Male,98,0.6752632856369019,0.7032967209815979,0.575542688369751,0.559482753276825,0.7123287916183472
Gender: Female,98,0.5987818837165833,0.581250011920929,0.580414891242981,0.5785887837409973,0.5793103575706482
Age: <40,98,0.6785714626312256,0.6463748216629028,0.6194196343421936,0.6088888645172119,0.6333333849906921
Age: 40-50,98,0.7860000133514404,0.7166666984558105,0.6733333468437195,0.6800000071525574,0.7250000238418579
Age: 50-65,98,0.5566326379776001,0.5500621795654297,0.5410714149475098,0.5360341668128967,0.593406617641449
Race: White,98,0.5894607901573181,0.5488786697387695,0.5416666865348816,0.5380094051361084,0.5877862572669983
Race: Black,98,0.2604166865348816,0.14705882966518402,0.3125,0.20000000298023224,0.25
Race: Other,98,0.8200168609619141,0.7755417823791504,0.7245584726333618,0.7305253744125366,0.7571428418159485
Overall,99,0.6614924073219299,0.6281682252883911,0.602487325668335,0.5948660969734192,0.6296296119689941
Gender: Male,99,0.6667224168777466,0.6733193397521973,0.5827759504318237,0.5516115427017212,0.6433120965957642
Gender: Female,99,0.6717948913574219,0.61142498254776,0.6092307567596436,0.6091811656951904,0.6142857074737549
Age: <40,99,0.7316901683807373,0.7020533084869385,0.6628521084785461,0.653556227684021,0.6754966974258423
Age: 40-50,99,0.7504000067710876,0.6461988687515259,0.6200000047683716,0.6250815391540527,0.6933333277702332
Age: 50-65,99,0.42845791578292847,0.44509804248809814,0.45548489689826965,0.4322390556335449,0.4647887349128723
Race: White,99,0.5811349153518677,0.4930426776409149,0.4944002032279968,0.48523032665252686,0.5572519302368164
Race: Black,99,0.3776223659515381,0.17499999701976776,0.3181818127632141,0.22580644488334656,0.2916666865348816
Race: Other,99,0.7959061861038208,0.790345311164856,0.7456279993057251,0.741186261177063,0.7535210847854614
Overall,100,0.6049603223800659,0.5696789026260376,0.5608134865760803,0.5595430135726929,0.6061643958091736
Gender: Male,100,0.6372179985046387,0.6758639812469482,0.5593045353889465,0.5209927558898926,0.6622516512870789
Gender: Female,100,0.5894957780838013,0.5483092069625854,0.5504201650619507,0.5422077775001526,0.5460992455482483
Age: <40,100,0.6765928268432617,0.6605262756347656,0.6337718963623047,0.6315789222717285,0.6616541743278503
Age: 40-50,100,0.6989361643791199,0.6734848022460938,0.6218085289001465,0.6305147409439087,0.7313432693481445
Age: 50-65,100,0.42355889081954956,0.4005012512207031,0.4005012512207031,0.4005012512207031,0.43478262424468994
Race: White,100,0.5065410733222961,0.4678243398666382,0.4670329689979553,0.46731266379356384,0.5338345766067505
Race: Black,100,0.625,0.43888890743255615,0.4508928656578064,0.34285715222358704,0.3478260934352875
Race: Other,100,0.717028021812439,0.7211111187934875,0.6797651052474976,0.6844933032989502,0.7205882668495178
Overall,101,0.6641139984130859,0.6122900247573853,0.5943098664283752,0.5868550539016724,0.6135593056678772
Gender: Male,101,0.6539179086685181,0.6532738208770752,0.5560479164123535,0.5070157051086426,0.6257668733596802
Gender: Female,101,0.6691919565200806,0.5990533232688904,0.5984848737716675,0.5979079008102417,0.5984848737716675
Age: <40,101,0.7259563207626343,0.640297532081604,0.613387942314148,0.592767596244812,0.6115702390670776
Age: 40-50,101,0.630081295967102,0.6277778148651123,0.609078586101532,0.614098846912384,0.694915235042572
Age: 50-65,101,0.6159684658050537,0.571524977684021,0.5643594264984131,0.557727038860321,0.573913037776947
Race: White,101,0.5478895902633667,0.5013889074325562,0.5013527870178223,0.5012332201004028,0.5692307949066162
Race: Black,101,0.18888889253139496,0.30882352590560913,0.28333333134651184,0.21590909361839294,0.21739131212234497
Race: Other,101,0.8346238136291504,0.7730016708374023,0.7244391441345215,0.7069143652915955,0.7183098196983337
Overall,102,0.6566132307052612,0.6131752729415894,0.5859677791595459,0.5719519257545471,0.6105610728263855
Gender: Male,102,0.6610825061798096,0.6666666865348816,0.5635125041007996,0.5323344469070435,0.6666666865348816
Gender: Female,102,0.6075000166893005,0.5617056488990784,0.5598214268684387,0.5517195463180542,0.5533333420753479
Age: <40,102,0.7251880168914795,0.6817739009857178,0.6402255892753601,0.611472487449646,0.6301369667053223
Age: 40-50,102,0.710010290145874,0.716486930847168,0.644994854927063,0.6606060862541199,0.7714285850524902
Age: 50-65,102,0.46659594774246216,0.4268518388271332,0.4371686279773712,0.42064374685287476,0.4482758641242981
Race: White,102,0.606918215751648,0.5202144980430603,0.5165094137191772,0.5090798735618591,0.569343090057373
Race: Black,102,0.4722222089767456,0.261904776096344,0.3611111342906952,0.19576719403266907,0.2083333432674408
Race: Other,102,0.7542457580566406,0.7570141553878784,0.6995005011558533,0.6940314769744873,0.7183098196983337
Overall,103,0.6961815357208252,0.6312534213066101,0.6167932748794556,0.6182166337966919,0.6518771052360535
Gender: Male,103,0.7265702486038208,0.7279805541038513,0.5928274393081665,0.5843750238418579,0.7236841917037964
Gender: Female,103,0.6385639905929565,0.5763636827468872,0.5762404203414917,0.5744466781616211,0.5744680762290955
Age: <40,103,0.7316567897796631,0.6282051801681519,0.6153846383094788,0.6133866310119629,0.632478654384613
Age: 40-50,103,0.8107692003250122,0.8156682252883911,0.7107692360877991,0.7285714149475098,0.7894737124443054
Age: 50-65,103,0.5636672973632812,0.5416130423545837,0.5411714911460876,0.5413333177566528,0.5699999928474426
Race: White,103,0.5691699981689453,0.495555579662323,0.49560824036598206,0.49555468559265137,0.565517246723175
Race: Black,103,0.625,0.6271929740905762,0.6006944179534912,0.5129870176315308,0.5199999809265137
Race: Other,103,0.8448739051818848,0.7980769276618958,0.7620773315429688,0.766603410243988,0.7804877758026123
Overall,104,0.6700073480606079,0.6164484024047852,0.6013510227203369,0.601730227470398,0.6404109597206116
Gender: Male,104,0.6583549976348877,0.5678160786628723,0.5255411267280579,0.4880000054836273,0.6500000357627869
Gender: Female,104,0.6717592477798462,0.6329946517944336,0.6333333253860474,0.6287665367126465,0.6287878751754761
Age: <40,104,0.6649543046951294,0.6127451062202454,0.5951769351959229,0.5942073464393616,0.6363636255264282
Age: 40-50,104,0.8262195587158203,0.7825059294700623,0.7428861856460571,0.7537878751754761,0.7846153974533081
Age: 50-65,104,0.5850867033004761,0.5261437892913818,0.5236249566078186,0.5207310914993286,0.5566037893295288
Race: White,104,0.7115583419799805,0.5838068127632141,0.5913312435150146,0.5861049294471741,0.6571428775787354
Race: Black,104,0.38235294818878174,0.4124999940395355,0.3970588445663452,0.34285715222358704,0.3478260934352875
Race: Other,104,0.6973429918289185,0.7034056186676025,0.6586956977844238,0.6485469341278076,0.6744186282157898
Overall,105,0.6705666184425354,0.6660964488983154,0.6305809617042542,0.6242105960845947,0.6578072905540466
Gender: Male,105,0.5552476644515991,0.7333333492279053,0.5581812262535095,0.5128291845321655,0.6748465895652771
Gender: Female,105,0.7032666206359863,0.6376811265945435,0.6381454467773438,0.6373765468597412,0.6376811861991882
Age: <40,105,0.6923943758010864,0.7076464891433716,0.6703286170959473,0.6505982875823975,0.6643835306167603
Age: 40-50,105,0.7962499856948853,0.7484471797943115,0.699999988079071,0.7127223014831543,0.7666667103767395
Age: 50-65,105,0.5726933479309082,0.529891312122345,0.5230661630630493,0.5128205418586731,0.5789473652839661
Race: White,105,0.6916221380233765,0.6147249341011047,0.6053178906440735,0.609065592288971,0.7142857313156128
Race: Black,105,0.30000001192092896,0.3690476417541504,0.3166666626930237,0.1736111044883728,0.1764705926179886
Race: Other,105,0.7443302869796753,0.7143892049789429,0.6834691762924194,0.6549267768859863,0.6622516512870789
Overall,106,0.5822254419326782,0.5643318891525269,0.5488439798355103,0.5378487706184387,0.5938566327095032
Gender: Male,106,0.5933947563171387,0.7355263233184814,0.582488477230072,0.5527312755584717,0.6826347708702087
Gender: Female,106,0.5266227126121521,0.4714285731315613,0.4716024398803711,0.471395879983902,0.4761905074119568
Age: <40,106,0.5974392890930176,0.5921659469604492,0.5651041269302368,0.5389830470085144,0.5808823704719543
Age: 40-50,106,0.6135802268981934,0.6710526347160339,0.644444465637207,0.6546546816825867,0.782608687877655
Age: 50-65,106,0.5116761922836304,0.4464285671710968,0.4532952904701233,0.43979412317276,0.46590909361839294
Race: White,106,0.49425286054611206,0.47180110216140747,0.4757053256034851,0.47059643268585205,0.5572519302368164
Race: Black,106,0.2857142686843872,0.4285714328289032,0.1428571492433548,0.2142857164144516,0.27272728085517883
Race: Other,106,0.6836363673210144,0.6742424368858337,0.6229946613311768,0.6199095249176025,0.6785714030265808
Overall,107,0.6513222455978394,0.6174447536468506,0.5885472297668457,0.5654290914535522,0.5952380895614624
Gender: Male,107,0.6781542897224426,0.700653612613678,0.5664023160934448,0.507331371307373,0.6190476417541504
Gender: Female,107,0.5821428298950195,0.5672906637191772,0.5678571462631226,0.5632444620132446,0.5634921193122864
Age: <40,107,0.6968315839767456,0.6764705777168274,0.6328125,0.6171709895133972,0.6470588445663452
Age: 40-50,107,0.797385573387146,0.6720930337905884,0.6209150552749634,0.6272855401039124,0.7169811725616455
Age: 50-65,107,0.5375093817710876,0.5066666603088379,0.505626380443573,0.45836400985717773,0.46666669845581055
Race: White,107,0.5396322011947632,0.4625506103038788,0.4765377342700958,0.44345909357070923,0.5357142686843872
Race: Black,107,0.3163264989852905,0.3214285671710968,0.3214285671710968,0.2857142984867096,0.2857142984867096
Race: Other,107,0.8060109615325928,0.7610020637512207,0.7241575717926025,0.6999826431274414,0.7067669630050659
Overall,108,0.6894744634628296,0.6161123514175415,0.5956225991249084,0.5943411588668823,0.6409395933151245
Gender: Male,108,0.6889320611953735,0.6739465594291687,0.5657281875610352,0.5455836653709412,0.6993464231491089
Gender: Female,108,0.649636447429657,0.5765247344970703,0.5763490200042725,0.5764092206954956,0.5793103575706482
Age: <40,108,0.7123622894287109,0.6379238963127136,0.6020501852035522,0.6020066738128662,0.6722689270973206
Age: 40-50,108,0.8325791954994202,0.7409090995788574,0.7198340892791748,0.7275943756103516,0.7662337422370911
Age: 50-65,108,0.5821759104728699,0.49866071343421936,0.49884259700775146,0.4858871102333069,0.5098039507865906
Race: White,108,0.6518607139587402,0.5460373163223267,0.5395157933235168,0.5383546948432922,0.6107382774353027
Race: Black,108,0.3333333730697632,0.5288461446762085,0.5249999761581421,0.4097222089767456,0.4117647111415863
Race: Other,108,0.7630578875541687,0.703982949256897,0.6702278852462769,0.6729975342750549,0.7045454978942871
Overall,109,0.6715760231018066,0.6178774833679199,0.5931519865989685,0.5834007859230042,0.6190475821495056
Gender: Male,109,0.7048022747039795,0.6429953575134277,0.5652365684509277,0.537466824054718,0.6516128778457642
Gender: Female,109,0.6093620657920837,0.5863347053527832,0.5844034552574158,0.5809771418571472,0.5827338099479675
Age: <40,109,0.7422559261322021,0.659770131111145,0.621858537197113,0.5993150472640991,0.6239316463470459
Age: 40-50,109,0.7429687976837158,0.631313145160675,0.621874988079071,0.6259109377861023,0.738095223903656
Age: 50-65,109,0.549249529838562,0.5301587581634521,0.5267354249954224,0.4983583390712738,0.5053763389587402
Race: White,109,0.6140096187591553,0.540465235710144,0.5298309326171875,0.5238192677497864,0.6277372241020203
Race: Black,109,0.35885167121887207,0.375,0.36602872610092163,0.36026936769485474,0.36666667461395264
Race: Other,109,0.7550919055938721,0.7188644409179688,0.6780924201011658,0.6559597253799438,0.6692913174629211
Overall,110,0.6363677978515625,0.6314784288406372,0.6091724038124084,0.606486976146698,0.6421404480934143
Gender: Male,110,0.6612406969070435,0.6402256488800049,0.5764152407646179,0.5609648823738098,0.6623376607894897
Gender: Female,110,0.6140183210372925,0.6187548637390137,0.6162146329879761,0.6160142421722412,0.6206896305084229
Age: <40,110,0.7142516374588013,0.6894820332527161,0.6711625456809998,0.6703976392745972,0.6846153736114502
Age: 40-50,110,0.6655519008636475,0.6416666507720947,0.6066053509712219,0.6123120188713074,0.7066667079925537
Age: 50-65,110,0.5134519338607788,0.5153623223304749,0.512083888053894,0.4931372404098511,0.5319148898124695
Race: White,110,0.583382248878479,0.547667384147644,0.5321602821350098,0.5179694890975952,0.6081081032752991
Race: Black,110,0.2697368562221527,0.3055555522441864,0.2927631735801697,0.25824177265167236,0.25925925374031067
Race: Other,110,0.7598710656166077,0.7605908513069153,0.7511415481567383,0.7544889450073242,0.7661290168762207
Overall,111,0.6580708026885986,0.5787190794944763,0.5567277073860168,0.5450221300125122,0.6095890402793884
Gender: Male,111,0.6826211214065552,0.610119104385376,0.5463714599609375,0.5115536451339722,0.6402116417884827
Gender: Female,111,0.610221266746521,0.5466101765632629,0.5461479425430298,0.5461685657501221,0.553398072719574
Age: <40,111,0.697606086730957,0.6202062368392944,0.5842366814613342,0.5751896500587463,0.6397058963775635
Age: 40-50,111,0.6496598720550537,0.5648148059844971,0.5357142686843872,0.518750011920929,0.6507936716079712
Age: 50-65,111,0.6073762774467468,0.5210437774658203,0.517507016658783,0.5046451091766357,0.5376344323158264
Race: White,111,0.6200592517852783,0.5211628079414368,0.5224802494049072,0.5215517282485962,0.6756756901741028
Race: Black,111,0.658333420753479,0.5327380895614624,0.5458333492279053,0.3725961446762085,0.37931033968925476
Race: Other,111,0.6803135871887207,0.6239583492279053,0.582926869392395,0.5573675036430359,0.6052631735801697
Overall,112,0.6418640613555908,0.6249407529830933,0.5938884615898132,0.5934072136878967,0.6643835306167603
Gender: Male,112,0.5872111320495605,0.6347532272338867,0.5521571636199951,0.5303969383239746,0.6936416029930115
Gender: Female,112,0.6776812076568604,0.6112244725227356,0.6105797290802002,0.6108567714691162,0.6218487620353699
Age: <40,112,0.6569092273712158,0.6598148345947266,0.6137921810150146,0.6121415495872498,0.6771653294563293
Age: 40-50,112,0.706944465637207,0.6407692432403564,0.6270833611488342,0.6326530575752258,0.7460317611694336
Age: 50-65,112,0.5944443941116333,0.5716882944107056,0.5547618865966797,0.5443947911262512,0.5980392098426819
Race: White,112,0.6089193820953369,0.5249999761581421,0.5192967653274536,0.515666127204895,0.6399999856948853
Race: Black,112,0.16049382090568542,0.25,0.2777777910232544,0.2571428716182709,0.2777777910232544
Race: Other,112,0.7847222089767456,0.7889292240142822,0.7126067876815796,0.7158275842666626,0.75
Overall,113,0.6228848099708557,0.6098051071166992,0.5890417695045471,0.5881994962692261,0.6435986161231995
Gender: Male,113,0.5576298236846924,0.593137264251709,0.5323863625526428,0.49767568707466125,0.6706587076187134
Gender: Female,113,0.6367102861404419,0.6056451797485352,0.6070261001586914,0.6048582792282104,0.6065573692321777
Age: <40,113,0.6857681274414062,0.7192249298095703,0.6552327275276184,0.6337945461273193,0.6639344096183777
Age: 40-50,113,0.6725146770477295,0.5858050584793091,0.5789473652839661,0.5816429853439331,0.7066667079925537
Age: 50-65,113,0.5249999761581421,0.5139784812927246,0.5135416984558105,0.5134848952293396,0.5652173757553101
Race: White,113,0.6123693585395813,0.5254386067390442,0.5210511088371277,0.5180580615997314,0.6080000400543213
Race: Black,113,0.30000001192092896,0.21111111342906952,0.28333333134651184,0.20384615659713745,0.21739131212234497
Race: Other,113,0.7073327302932739,0.7364253401756287,0.7016509771347046,0.7096109390258789,0.7446808218955994
Overall,114,0.6853814125061035,0.6022204160690308,0.585564374923706,0.5832474231719971,0.6258503198623657
Gender: Male,114,0.7218015789985657,0.6950746774673462,0.5684333443641663,0.5447916984558105,0.6973684430122375
Gender: Female,114,0.6234825849533081,0.5485408306121826,0.548656702041626,0.5484896898269653,0.5492957830429077
Age: <40,114,0.7436563372612,0.6886363625526428,0.6326673626899719,0.6164066195487976,0.6549295783042908
Age: 40-50,114,0.7278911471366882,0.6776922941207886,0.6309523582458496,0.6374680399894714,0.7142857313156128
Age: 50-65,114,0.5767544507980347,0.492983341217041,0.49259868264198303,0.49115806818008423,0.516853928565979
Race: White,114,0.664218544960022,0.5108901262283325,0.5101351141929626,0.509878396987915,0.6124030947685242
Race: Black,114,0.1904762089252472,0.29120880365371704,0.2738095223903656,0.24812030792236328,0.25
Race: Other,114,0.7443552017211914,0.7110494375228882,0.6747034192085266,0.6692686080932617,0.6896551847457886
Overall,115,0.6265153884887695,0.5983766317367554,0.5759502649307251,0.558974027633667,0.5925925970077515
Gender: Male,115,0.6492475271224976,0.6607142686843872,0.5551839470863342,0.48538315296173096,0.5882353186607361
Gender: Female,115,0.6166666746139526,0.5974912643432617,0.5976368188858032,0.5975268483161926,0.5984252095222473
Age: <40,115,0.6447368860244751,0.641087532043457,0.5915831327438354,0.5670799612998962,0.6187050342559814
Age: 40-50,115,0.7485713958740234,0.625612735748291,0.5976190567016602,0.5834401845932007,0.6153846383094788
Age: 50-65,115,0.5097222328186035,0.5361168384552002,0.5326389074325562,0.5235314965248108,0.5376344323158264
Race: White,115,0.6165963411331177,0.5684397220611572,0.5542897582054138,0.5508285164833069,0.6209677457809448
Race: Black,115,0.33838385343551636,0.2929292917251587,0.2929292917251587,0.27586206793785095,0.27586206793785095
Race: Other,115,0.701062798500061,0.6898148059844971,0.6426087021827698,0.6115437746047974,0.631944477558136
Overall,116,0.7081671953201294,0.619215190410614,0.6029411554336548,0.6047316789627075,0.6531986594200134
Gender: Male,116,0.7269355058670044,0.6111519932746887,0.5487096905708313,0.5144032835960388,0.6358024477958679
Gender: Female,116,0.7409003973007202,0.6670334339141846,0.6817528605461121,0.6643309593200684,0.6740740537643433
Age: <40,116,0.7038793563842773,0.6739386916160583,0.6271551847457886,0.6207885146141052,0.6666666865348816
Age: 40-50,116,0.7750760316848755,0.6708333492279053,0.6661601066589355,0.6682927012443542,0.7205882668495178
Age: 50-65,116,0.6897848844528198,0.5352150201797485,0.5352150201797485,0.5352150201797485,0.5824176073074341
Race: White,116,0.7476190328598022,0.5790178775787354,0.5972527265548706,0.5833129286766052,0.7022900581359863
Race: Black,116,0.307692289352417,0.42455244064331055,0.4159544110298157,0.39393940567970276,0.4000000059604645
Race: Other,116,0.7948131561279297,0.7134125232696533,0.659801721572876,0.6507760286331177,0.682539701461792
Overall,117,0.6584662199020386,0.6386541128158569,0.6008793115615845,0.5927510261535645,0.6450511813163757
Gender: Male,117,0.6394906044006348,0.6312883496284485,0.5313231945037842,0.4772343337535858,0.6589595079421997
Gender: Female,117,0.64083331823349,0.6253132820129395,0.625,0.6247655153274536,0.6250000596046448
Age: <40,117,0.673506498336792,0.6918317079544067,0.6207792162895203,0.602117121219635,0.656000018119812
Age: 40-50,117,0.7894736528396606,0.7344129681587219,0.6881091594696045,0.7006415128707886,0.761904776096344
Age: 50-65,117,0.5213675498962402,0.4958333373069763,0.49658119678497314,0.47936511039733887,0.511904776096344
Race: White,117,0.5841615200042725,0.5366666913032532,0.5307453274726868,0.5305779576301575,0.6535432934761047
Race: Black,117,0.4107142984867096,0.3815789520740509,0.4196428656578064,0.29230770468711853,0.30434784293174744
Race: Other,117,0.7624266147613525,0.7483125925064087,0.6871820092201233,0.6702306270599365,0.692307710647583
Overall,118,0.6488064527511597,0.6088863611221313,0.5744032263755798,0.567313015460968,0.6480836272239685
Gender: Male,118,0.65742027759552,0.7104166746139526,0.5787968039512634,0.5557392835617065,0.6918238997459412
Gender: Female,118,0.6407692432403564,0.563676655292511,0.5589743852615356,0.5588546991348267,0.59375
Age: <40,118,0.6450216770172119,0.6190263032913208,0.5862554311752319,0.5790939927101135,0.6402877569198608
Age: 40-50,118,0.7906558513641357,0.6588486433029175,0.566936194896698,0.5595238208770752,0.7297297716140747
Age: 50-65,118,0.5416666865348816,0.5459330081939697,0.5363636016845703,0.527107834815979,0.5810810923576355
Race: White,118,0.500308632850647,0.43706294894218445,0.4555555582046509,0.4400995373725891,0.60317462682724
Race: Black,118,0.7333333492279053,0.5256410241127014,0.5166666507720947,0.4170040488243103,0.4375
Race: Other,118,0.7621568441390991,0.7357577085494995,0.6671568751335144,0.6656785011291504,0.7103448510169983
Overall,119,0.6285897493362427,0.5835380554199219,0.565510630607605,0.5562636256217957,0.6020066738128662
Gender: Male,119,0.6595441102981567,0.6641025543212891,0.5651200413703918,0.5340678095817566,0.6620689630508423
Gender: Female,119,0.6031503677368164,0.5406731963157654,0.5392953753471375,0.5376565456390381,0.5454545617103577
Age: <40,119,0.7028965950012207,0.6432496309280396,0.596997082233429,0.5820537805557251,0.6370967626571655
Age: 40-50,119,0.6090909242630005,0.5848214626312256,0.5690909028053284,0.5710029602050781,0.6666666865348816
Age: 50-65,119,0.5603318214416504,0.514495849609375,0.5130090713500977,0.5009689927101135,0.5145630836486816
Race: White,119,0.6034482717514038,0.504341721534729,0.5035632252693176,0.4968565106391907,0.569343090057373
Race: Black,119,0.18095238506793976,0.22142857313156128,0.22142857313156128,0.19354838132858276,0.19354838132858276
Race: Other,119,0.7255980968475342,0.7597853541374207,0.6968899369239807,0.6988505721092224,0.732824444770813
Overall,120,0.6340949535369873,0.5991489291191101,0.5751903653144836,0.5667724609375,0.6193548440933228
Gender: Male,120,0.6259328126907349,0.6316425204277039,0.5508395433425903,0.5140271782875061,0.6480446457862854
Gender: Female,120,0.6354460120201111,0.5759838819503784,0.5752347707748413,0.5753021240234375,0.580152690410614
Age: <40,120,0.6420226097106934,0.6186507940292358,0.5903505086898804,0.5588375329971313,0.5815602540969849
Age: 40-50,120,0.7350426912307739,0.6488721966743469,0.6208791136741638,0.628237247467041,0.7191011309623718
Age: 50-65,120,0.5061813592910767,0.5,0.5,0.4940476417541504,0.574999988079071
Race: White,120,0.5625700950622559,0.5095570087432861,0.508838415145874,0.508590579032898,0.6296296119689941
Race: Black,120,0.2361111044883728,0.35093170404434204,0.3333333432674408,0.23248052597045898,0.23333334922790527
Race: Other,120,0.7342135310173035,0.7284658551216125,0.6715461015701294,0.6612325310707092,0.6896551847457886
Overall,121,0.638798713684082,0.6010069847106934,0.5866835117340088,0.585112452507019,0.6237288117408752
Gender: Male,121,0.6572258472442627,0.6553571224212646,0.5631808042526245,0.5395513772964478,0.6794871687889099
Gender: Female,121,0.5931392908096313,0.5613871812820435,0.5616424083709717,0.5607873201370239,0.5611510872840881
Age: <40,121,0.7036820650100708,0.6648648977279663,0.6426066756248474,0.6290761232376099,0.6410256624221802
Age: 40-50,121,0.7779017686843872,0.6929596066474915,0.6651785373687744,0.6761618852615356,0.7916666865348816
Age: 50-65,121,0.4618768095970154,0.4591269791126251,0.46224337816238403,0.4579545259475708,0.49056604504585266
Race: White,121,0.5100843906402588,0.4601190686225891,0.4607176184654236,0.46039339900016785,0.565517246723175
Race: Black,121,0.6296296119689941,0.6499999761581421,0.6388888955116272,0.5982142686843872,0.6000000238418579
Race: Other,121,0.7571365833282471,0.728463888168335,0.6933465003967285,0.6778409481048584,0.6888888478279114
Overall,122,0.6277011036872864,0.5789502263069153,0.5719230771064758,0.5728715658187866,0.6216216087341309
Gender: Male,122,0.666608989238739,0.7222222089767456,0.5997057557106018,0.5941658020019531,0.7222222089767456
Gender: Female,122,0.5574073791503906,0.5058126449584961,0.5060185194015503,0.4977342486381531,0.5
Age: <40,122,0.6789755821228027,0.6426966190338135,0.61346036195755,0.6133853197097778,0.6638655662536621
Age: 40-50,122,0.6803728342056274,0.653205156326294,0.6310306787490845,0.6352459192276001,0.6853932738304138
Age: 50-65,122,0.5037989616394043,0.4636118412017822,0.46054938435554504,0.4598214328289032,0.5
Race: White,122,0.5255581736564636,0.47983238101005554,0.47737956047058105,0.4760068655014038,0.5426356792449951
Race: Black,122,0.3469387888908386,0.38333335518836975,0.3571428656578064,0.31354838609695435,0.3214285969734192
Race: Other,122,0.803174614906311,0.7457118034362793,0.6948979496955872,0.7059482336044312,0.7553957104682922
Overall,123,0.5958333015441895,0.5531639456748962,0.5413919687271118,0.5207771062850952,0.5540540814399719
Gender: Male,123,0.5892658233642578,0.6002093553543091,0.5304985046386719,0.45890551805496216,0.5875000357627869
Gender: Female,123,0.5534127950668335,0.515709638595581,0.515709638595581,0.5147058963775635,0.5147058963775635
Age: <40,123,0.6325792074203491,0.6148867607116699,0.5803167223930359,0.5497075915336609,0.5864661931991577
Age: 40-50,123,0.7327272891998291,0.6683006286621094,0.6404545307159424,0.6452876329421997,0.695652186870575
Age: 50-65,123,0.4745454490184784,0.40312498807907104,0.41545453667640686,0.3907407522201538,0.40425530076026917
Race: White,123,0.5726120471954346,0.4653233289718628,0.472953200340271,0.45585012435913086,0.5153846144676208
Race: Black,123,0.09333333373069763,0.1666666716337204,0.1666666716337204,0.1599999964237213,0.1599999964237213
Race: Other,123,0.6931589841842651,0.7161725163459778,0.661368191242218,0.6372212767601013,0.6595744490623474
Overall,124,0.6312428712844849,0.5436529517173767,0.5341688990592957,0.522894561290741,0.5748299360275269
Gender: Male,124,0.6545454263687134,0.7036713361740112,0.5441287755966187,0.4885435402393341,0.6622516512870789
Gender: Female,124,0.5477218627929688,0.4804595708847046,0.4804595708847046,0.4804595708847046,0.4825174808502197
Age: <40,124,0.6083899736404419,0.550000011920929,0.5388889312744141,0.5043478012084961,0.5263158082962036
Age: 40-50,124,0.7587719559669495,0.6269230842590332,0.5964912176132202,0.6016393303871155,0.7037037014961243
Age: 50-65,124,0.5164834856987,0.4583333134651184,0.4615384638309479,0.45868945121765137,0.5250000357627869
Race: White,124,0.6400634050369263,0.4968162477016449,0.49722516536712646,0.49420851469039917,0.580152690410614
Race: Black,124,0.25833332538604736,0.26363638043403625,0.28333333134651184,0.24705883860588074,0.25
Race: Other,124,0.6989171504974365,0.6698386669158936,0.6239407062530518,0.6107234954833984,0.6488549709320068
Overall,125,0.694896399974823,0.645698070526123,0.6117186546325684,0.5984495878219604,0.6312292218208313
Gender: Male,125,0.7120668888092041,0.7353448271751404,0.6019265055656433,0.5629338622093201,0.6484848260879517
Gender: Female,125,0.6796536445617676,0.6108149886131287,0.608008623123169,0.6067004799842834,0.6102941036224365
Age: <40,125,0.683032214641571,0.6468671560287476,0.6150825023651123,0.6012102365493774,0.6293706297874451
Age: 40-50,125,0.7342995405197144,0.7481481432914734,0.661835789680481,0.6800000071525574,0.78125
Age: 50-65,125,0.671882152557373,0.566047728061676,0.5572940707206726,0.5241601467132568,0.5319148898124695
Race: White,125,0.6555807590484619,0.5520150065422058,0.5419501066207886,0.536859393119812,0.6000000238418579
Race: Black,125,0.40816324949264526,0.380952388048172,0.380952388048172,0.2857142984867096,0.2857142984867096
Race: Other,125,0.8029412031173706,0.7808516025543213,0.7159804105758667,0.7065509557723999,0.7272727489471436
Overall,126,0.6596879959106445,0.6372971534729004,0.5987958312034607,0.5886445641517639,0.6399999856948853
Gender: Male,126,0.695906400680542,0.7000000476837158,0.5637958645820618,0.5025244951248169,0.6171428561210632
Gender: Female,126,0.68666672706604,0.660508394241333,0.6633332967758179,0.6615151166915894,0.6720000505447388
Age: <40,126,0.7700072526931763,0.778333306312561,0.7006728649139404,0.6976945400238037,0.7307692170143127
Age: 40-50,126,0.6334232091903687,0.5728813409805298,0.5579515099525452,0.5595238208770752,0.6756756901741028
Age: 50-65,126,0.5095486640930176,0.48570579290390015,0.4895833432674408,0.4524502456188202,0.4895833432674408
Race: White,126,0.6326949596405029,0.5572916269302368,0.5451436042785645,0.5452823042869568,0.6666666865348816
Race: Black,126,0.4365079402923584,0.4285714328289032,0.4285714328289032,0.29629629850387573,0.29629629850387573
Race: Other,126,0.7150464057922363,0.7164759635925293,0.6624870896339417,0.6508638858795166,0.6797385811805725
Overall,127,0.6743457317352295,0.6336556673049927,0.5973509550094604,0.5840821266174316,0.6287625432014465
Gender: Male,127,0.6326388716697693,0.7086167931556702,0.5479166507720947,0.4882805645465851,0.6474359035491943
Gender: Female,127,0.6993348598480225,0.6102558970451355,0.6078834533691406,0.6060606241226196,0.6083915829658508
Age: <40,127,0.6584134697914124,0.6420836448669434,0.5914663672447205,0.5501085519790649,0.5891472697257996
Age: 40-50,127,0.7599714994430542,0.6944971680641174,0.6460113525390625,0.6535087823867798,0.7215189933776855
Age: 50-65,127,0.6341222524642944,0.5902777910232544,0.5769230723381042,0.5721003413200378,0.6043956279754639
Race: White,127,0.6573888063430786,0.552188515663147,0.5400286912918091,0.5367647409439087,0.6349206566810608
Race: Black,127,0.4382716119289398,0.3815789520740509,0.3888888955116272,0.3324176073074341,0.3333333432674408
Race: Other,127,0.738175630569458,0.739382266998291,0.6745495200157166,0.6533467769622803,0.6780821681022644
Overall,128,0.6670506596565247,0.6028803586959839,0.5728687047958374,0.5580202341079712,0.6130136847496033
Gender: Male,128,0.6870748400688171,0.6503483057022095,0.5695488452911377,0.5467836260795593,0.6645160913467407
Gender: Female,128,0.6136460304260254,0.5573339462280273,0.5511727333068848,0.5406475067138672,0.55474454164505
Age: <40,128,0.6918025612831116,0.6132652759552002,0.5879755616188049,0.5579297542572021,0.5789473652839661
Age: 40-50,128,0.6529303789138794,0.6230158805847168,0.5709707140922546,0.5699859857559204,0.7123287916183472
Age: 50-65,128,0.6193438768386841,0.5356060266494751,0.526583731174469,0.5141242742538452,0.5813953280448914
Race: White,128,0.7066353559494019,0.5551947951316833,0.5333071947097778,0.519172191619873,0.6412214040756226
Race: Black,128,0.051428571343421936,0.22272726893424988,0.15142858028411865,0.14876846969127655,0.15625
Race: Other,128,0.7277641296386719,0.7097523212432861,0.6664619445800781,0.6655142307281494,0.6976743936538696
Overall,129,0.6912187337875366,0.6668660640716553,0.6424394249916077,0.6420806646347046,0.6700336337089539
Gender: Male,129,0.6350411176681519,0.6621004343032837,0.5673624277114868,0.5370967388153076,0.6585365533828735
Gender: Female,129,0.7334691882133484,0.6857143044471741,0.6854619979858398,0.6841926574707031,0.6842105388641357
Age: <40,129,0.6977028846740723,0.6545827388763428,0.6380742788314819,0.6245397329330444,0.6328125
Age: 40-50,129,0.7506377696990967,0.7494654655456543,0.7232142686843872,0.7325289249420166,0.773809552192688
Age: 50-65,129,0.6114386320114136,0.5833333730697632,0.5681014060974121,0.5657726526260376,0.6235294342041016
Race: White,129,0.6081703305244446,0.5727530121803284,0.5665995478630066,0.5674523115158081,0.6178861856460571
Race: Black,129,0.2160494029521942,0.2088235318660736,0.1944444477558136,0.18406593799591064,0.18518519401550293
Race: Other,129,0.8478915691375732,0.8407731056213379,0.778802752494812,0.7851852178573608,0.8027210831642151
Overall,130,0.6246296167373657,0.593110978603363,0.5694746375083923,0.5574352145195007,0.6076388955116272
Gender: Male,130,0.692522406578064,0.7097015380859375,0.5560318827629089,0.4949374794960022,0.631944477558136
Gender: Female,130,0.5894571542739868,0.5744765996932983,0.5731922388076782,0.5733754634857178,0.5833333134651184
Age: <40,130,0.6153610944747925,0.5828445553779602,0.5691554546356201,0.5685563683509827,0.6302521228790283
Age: 40-50,130,0.6494949460029602,0.5754870176315308,0.5469697117805481,0.5376538038253784,0.6567164063453674
Age: 50-65,130,0.6233918070793152,0.5985184907913208,0.5777778029441833,0.5345238447189331,0.5490196347236633
Race: White,130,0.44623804092407227,0.40447378158569336,0.42872777581214905,0.41013824939727783,0.53125
Race: Black,130,0.5277777910232544,0.4803921580314636,0.4791666865348816,0.42222222685813904,0.42307692766189575
Race: Other,130,0.7700426578521729,0.7608760595321655,0.6952615976333618,0.6886769533157349,0.7164179086685181
Overall,131,0.659699559211731,0.6102316975593567,0.5803137421607971,0.5541380047798157,0.5880398750305176
Gender: Male,131,0.6844965219497681,0.7755555510520935,0.6064073443412781,0.5568841099739075,0.6428571343421936
Gender: Female,131,0.599546492099762,0.5246132612228394,0.523809552192688,0.5165833830833435,0.518796980381012
Age: <40,131,0.6982020735740662,0.6008929014205933,0.5725599527359009,0.5290504097938538,0.55474454164505
Age: 40-50,131,0.6499999761581421,0.6714285612106323,0.625,0.6257309913635254,0.6875
Age: 50-65,131,0.6406562328338623,0.5847193598747253,0.5652260780334473,0.5413333177566528,0.5699999928474426
Race: White,131,0.5888553857803345,0.5083333253860474,0.5049483776092529,0.4734848439693451,0.568345308303833
Race: Black,131,0.3125,0.2777777910232544,0.3125,0.24475525319576263,0.25
Race: Other,131,0.7827280759811401,0.7135416269302368,0.6817989945411682,0.657974123954773,0.6666666865348816
Overall,132,0.6763242483139038,0.6077921986579895,0.5841087102890015,0.5736433863639832,0.6127945780754089
Gender: Male,132,0.6867401599884033,0.6875276565551758,0.5805470943450928,0.556454062461853,0.6733333468437195
Gender: Female,132,0.6355053186416626,0.5534482598304749,0.5516475439071655,0.5474812984466553,0.5510203838348389
Age: <40,132,0.7709962129592896,0.7122762203216553,0.667465329170227,0.6536372900009155,0.6746032238006592
Age: 40-50,132,0.6586910486221313,0.6040100455284119,0.5876143574714661,0.5879245400428772,0.6410256624221802
Age: 50-65,132,0.5716980695724487,0.45646607875823975,0.4679245352745056,0.44354838132858276,0.5053763389587402
Race: White,132,0.5785467028617859,0.47249191999435425,0.47843137383461,0.46605876088142395,0.5441176295280457
Race: Black,132,0.2153846025466919,0.2769230902194977,0.2769230902194977,0.2222222238779068,0.2222222238779068
Race: Other,132,0.8175915479660034,0.7644230723381042,0.7110389471054077,0.7065509557723999,0.7272727489471436
Overall,133,0.7101470232009888,0.6208189725875854,0.5963234901428223,0.5915709733963013,0.634482741355896
Gender: Male,133,0.7441369295120239,0.6770833730697632,0.5441176295280457,0.502439022064209,0.686274528503418
Gender: Female,133,0.6293691396713257,0.5767590999603271,0.5767263174057007,0.5766197443008423,0.5766423344612122
Age: <40,133,0.6882835030555725,0.6344085931777954,0.6084860563278198,0.5952487587928772,0.6201550364494324
Age: 40-50,133,0.8302675485610962,0.7002924084663391,0.6718227863311768,0.6811367273330688,0.746666669845581
Age: 50-65,133,0.6233333349227905,0.5241477489471436,0.5188888907432556,0.5057471394538879,0.5581395626068115
Race: White,133,0.6466065645217896,0.5569697022438049,0.5498409271240234,0.5506756901741028,0.6390977501869202
Race: Black,133,0.19736841320991516,0.2222222238779068,0.20394736528396606,0.18406593799591064,0.18518519401550293
Race: Other,133,0.8242857456207275,0.765012264251709,0.7059523463249207,0.7000769376754761,0.7230769395828247
Overall,134,0.6863945722579956,0.6195404529571533,0.5950793623924255,0.5894697904586792,0.6312292218208313
Gender: Male,134,0.6652507781982422,0.6227272748947144,0.5382281541824341,0.5049871206283569,0.6887417435646057
Gender: Female,134,0.6488604545593262,0.575860857963562,0.5753204822540283,0.5730296969413757,0.5733333230018616
Age: <40,134,0.713942289352417,0.6406025886535645,0.6177884340286255,0.6119783520698547,0.6379310488700867
Age: 40-50,134,0.7720065116882324,0.6774821281433105,0.6495352983474731,0.6560846567153931,0.7111111283302307
Age: 50-65,134,0.5827369689941406,0.5308219194412231,0.5221377611160278,0.49723076820373535,0.5473684668540955
Race: White,134,0.6476620435714722,0.5449199080467224,0.536812961101532,0.5327777862548828,0.6000000238418579
Race: Black,134,0.40625,0.3166666626930237,0.36250001192092896,0.2909091114997864,0.3076923191547394
Race: Other,134,0.8046143054962158,0.7538416385650635,0.706440806388855,0.7070375680923462,0.7307692170143127
Overall,135,0.6149003505706787,0.5827847719192505,0.5632246732711792,0.5559273362159729,0.6151315569877625
Gender: Male,135,0.6309523582458496,0.6589725017547607,0.5605158805847168,0.5300925970077515,0.668571412563324
Gender: Female,135,0.5818713903427124,0.5355919599533081,0.535453200340271,0.5354897975921631,0.5426356792449951
Age: <40,135,0.6090534925460815,0.612500011920929,0.5774410963058472,0.5561224818229675,0.6054421663284302
Age: 40-50,135,0.7697368860244751,0.7554347515106201,0.6855263113975525,0.6979166269302368,0.7586206793785095
Age: 50-65,135,0.5348416566848755,0.4766009747982025,0.47850680351257324,0.4761905074119568,0.5454545617103577
Race: White,135,0.5485527515411377,0.5016042590141296,0.5014005899429321,0.499503493309021,0.6111111044883728
Race: Black,135,0.46759259700775146,0.42500001192092896,0.4305555522441864,0.3973214328289032,0.40000003576278687
Race: Other,135,0.6952381134033203,0.7133834362030029,0.648809552192688,0.6326959729194641,0.6692307591438293
Overall,136,0.659437894821167,0.6397370100021362,0.6140445470809937,0.6103131771087646,0.6456953883171082
Gender: Male,136,0.5757412910461426,0.66865074634552,0.5610961318016052,0.5359348058700562,0.689873456954956
Gender: Female,136,0.657584547996521,0.5982608795166016,0.5982608795166016,0.5972222089767456,0.5972222089767456
Age: <40,136,0.6810777187347412,0.6699787974357605,0.6339808106422424,0.6251685619354248,0.6546762585639954
Age: 40-50,136,0.7659090757369995,0.677142858505249,0.664393961429596,0.6672531366348267,0.6891891956329346
Age: 50-65,136,0.5507936477661133,0.5542716979980469,0.5410053133964539,0.5310304164886475,0.5955055952072144
Race: White,136,0.5368504524230957,0.4757232964038849,0.48064687848091125,0.4706522822380066,0.5546875
Race: Black,136,0.3529411554336548,0.3499999940395355,0.3345588445663452,0.31561994552612305,0.3199999928474426
Race: Other,136,0.7959706783294678,0.8096350431442261,0.7548534870147705,0.7594069242477417,0.7785235047340393
Overall,137,0.6670899391174316,0.6052287817001343,0.585185170173645,0.5772727131843567,0.6129032373428345
Gender: Male,137,0.6944161653518677,0.6542001962661743,0.5683324933052063,0.53125,0.6333333253860474
Gender: Female,137,0.6350677013397217,0.5837479829788208,0.5839866399765015,0.5837286710739136,0.5846154093742371
Age: <40,137,0.7230769395828247,0.704081654548645,0.683864951133728,0.6847953200340271,0.7006802558898926
Age: 40-50,137,0.704106330871582,0.5648567080497742,0.5519323348999023,0.5530428886413574,0.671875
Age: 50-65,137,0.5597381591796875,0.44107550382614136,0.4578559696674347,0.4097561240196228,0.4444444477558136
Race: White,137,0.5381263494491577,0.4509572982788086,0.4596949815750122,0.4481317102909088,0.5151515007019043
Race: Black,137,0.41428571939468384,0.3907563090324402,0.40714287757873535,0.3650793731212616,0.375
Race: Other,137,0.7899659872055054,0.7654514908790588,0.7154762148857117,0.7134559154510498,0.7337662577629089
Overall,138,0.6791820526123047,0.6306928396224976,0.6022058725357056,0.5947601795196533,0.6342281699180603
Gender: Male,138,0.655476450920105,0.6002838611602783,0.5327970385551453,0.47954821586608887,0.6242424249649048
Gender: Female,138,0.7171648740768433,0.6460317373275757,0.6458333730697632,0.6458958387374878,0.6466165781021118
Age: <40,138,0.7037985324859619,0.7045223712921143,0.6717883348464966,0.6526675224304199,0.6642335653305054
Age: 40-50,138,0.720512866973877,0.6241829991340637,0.5974358916282654,0.6038810610771179,0.7191011309623718
Age: 50-65,138,0.576534628868103,0.4389275312423706,0.45221447944641113,0.42809364199638367,0.472222238779068
Race: White,138,0.6336575150489807,0.5230768918991089,0.5176834464073181,0.5127931237220764,0.626984179019928
Race: Black,138,0.30158731341362,0.369047611951828,0.4126984179019928,0.26948052644729614,0.2800000011920929
Race: Other,138,0.7622312903404236,0.7236170768737793,0.6947739124298096,0.6885592937469482,0.7006802558898926
Overall,139,0.6521527767181396,0.6478129625320435,0.6172041296958923,0.6080210208892822,0.639072835445404
Gender: Male,139,0.5809524059295654,0.5743589997291565,0.5266499519348145,0.47231200337409973,0.6075949668884277
Gender: Female,139,0.712714672088623,0.675407886505127,0.6742234230041504,0.6732171177864075,0.6736111044883728
Age: <40,139,0.6739766001701355,0.6515633463859558,0.6194653511047363,0.6095505952835083,0.6402877569198608
Age: 40-50,139,0.7178683280944824,0.7113970518112183,0.6442006230354309,0.6509485244750977,0.7261905074119568
Age: 50-65,139,0.5629869699478149,0.5665265917778015,0.5616883039474487,0.5406976938247681,0.544303834438324
Race: White,139,0.547629714012146,0.5510822534561157,0.5395796298980713,0.5324915647506714,0.6014493107795715
Race: Black,139,0.37037035822868347,0.4166666865348816,0.4166666865348816,0.4000000059604645,0.40000003576278687
Race: Other,139,0.7959002256393433,0.7899659872055054,0.7279411554336548,0.7150956988334656,0.7313432693481445
Overall,140,0.7158119678497314,0.6507352590560913,0.6090218424797058,0.5950175523757935,0.6369863152503967
Gender: Male,140,0.7424074411392212,0.7119904160499573,0.5818518400192261,0.5610939264297485,0.6948052048683167
Gender: Female,140,0.6243633031845093,0.5890122652053833,0.585101842880249,0.570637583732605,0.5724637508392334
Age: <40,140,0.6998834609985352,0.5984941124916077,0.5705128312110901,0.5528501272201538,0.6016949415206909
Age: 40-50,140,0.7527272701263428,0.7569962739944458,0.6669697165489197,0.667015552520752,0.7228915691375732
Age: 50-65,140,0.6845411062240601,0.6278787851333618,0.6019323468208313,0.5821428298950195,0.6043956279754639
Race: White,140,0.6473562717437744,0.586448609828949,0.5637931227684021,0.5586340427398682,0.6350364685058594
Race: Black,140,0.44117647409439087,0.40833333134651184,0.3382352888584137,0.20168067514896393,0.21052631735801697
Race: Other,140,0.8032181262969971,0.7401961088180542,0.6811263561248779,0.6715168952941895,0.6985294222831726
Overall,141,0.682680606842041,0.62884521484375,0.600709080696106,0.5934979915618896,0.6338983178138733
Gender: Male,141,0.6940586566925049,0.668749988079071,0.5694444179534912,0.5327709317207336,0.644444465637207
Gender: Female,141,0.6654523611068726,0.6166768074035645,0.6170309782028198,0.6166666746139526,0.6173912882804871
Age: <40,141,0.7355780005455017,0.6916666626930237,0.6652076244354248,0.6683913469314575,0.6985294222831726
Age: 40-50,141,0.7234042286872864,0.709601879119873,0.6360182762145996,0.6362434029579163,0.7066667079925537
Age: 50-65,141,0.53998863697052,0.46114370226860046,0.46993759274482727,0.43539953231811523,0.4642857313156128
Race: White,141,0.6364416480064392,0.5283687710762024,0.527459979057312,0.5277535915374756,0.6153846383094788
Race: Black,141,0.3999999761581421,0.42500001192092896,0.4333333373069763,0.33181819319725037,0.3333333432674408
Race: Other,141,0.7935558557510376,0.7690694332122803,0.6980513334274292,0.6740740537643433,0.694444477558136
Overall,142,0.6360417604446411,0.5951234102249146,0.5707635879516602,0.5536189675331116,0.5953947305679321
Gender: Male,142,0.5833200216293335,0.6937500238418579,0.5197358131408691,0.4339865446090698,0.6402438879013062
Gender: Female,142,0.62109375,0.5428571701049805,0.5431743860244751,0.5420159101486206,0.5428571701049805
Age: <40,142,0.77828049659729,0.713661789894104,0.638348400592804,0.5988304018974304,0.6315789818763733
Age: 40-50,142,0.6954364776611328,0.8160713911056519,0.675595223903656,0.6830732822418213,0.7575757503509521
Age: 50-65,142,0.4188888967037201,0.41951510310173035,0.42500001192092896,0.4197789430618286,0.4476190507411957
Race: White,142,0.5348837375640869,0.44102567434310913,0.45199763774871826,0.4409499764442444,0.5289255976676941
Race: Black,142,0.476190447807312,0.523809552192688,0.523809552192688,0.4545454680919647,0.4545454680919647
Race: Other,142,0.7371102571487427,0.7253705263137817,0.6596171855926514,0.63617342710495,0.6645962595939636
Overall,143,0.6310892105102539,0.56812584400177,0.5567870736122131,0.5504330992698669,0.5900000333786011
Gender: Male,143,0.6721739172935486,0.6475225687026978,0.5664492845535278,0.5305555462837219,0.6331360936164856
Gender: Female,143,0.6090564131736755,0.5328824520111084,0.5334281921386719,0.5316218137741089,0.5343511700630188
Age: <40,143,0.6630591154098511,0.6277089715003967,0.5992063283920288,0.5787283182144165,0.604651153087616
Age: 40-50,143,0.6193374395370483,0.5859375,0.5594996809959412,0.5516908168792725,0.637499988079071
Age: 50-65,143,0.6021671891212463,0.4982143044471741,0.49819400906562805,0.4981403350830078,0.5274725556373596
Race: White,143,0.5910193920135498,0.46753641963005066,0.46753641963005066,0.46753641963005066,0.614814817905426
Race: Black,143,0.3916666507720947,0.3814229369163513,0.375,0.3229437470436096,0.3235294222831726
Race: Other,143,0.707260012626648,0.6674692630767822,0.6466042399406433,0.6257143020629883,0.6335877776145935
Overall,144,0.6397045850753784,0.6094849109649658,0.5869212746620178,0.5827450752258301,0.6315789222717285
Gender: Male,144,0.6714515686035156,0.7148147821426392,0.6262903213500977,0.6204637885093689,0.6975308656692505
Gender: Female,144,0.6054878234863281,0.5374919176101685,0.535365879535675,0.5341352820396423,0.5563380122184753
Age: <40,144,0.7361538410186768,0.6772513389587402,0.6352564096450806,0.6331290006637573,0.6771653294563293
Age: 40-50,144,0.6897727251052856,0.6655844449996948,0.6303977370262146,0.6337127685546875,0.6896551847457886
Age: 50-65,144,0.45748987793922424,0.473557710647583,0.4777328073978424,0.4665948152542114,0.5111111402511597
Race: White,144,0.6212476491928101,0.5030323266983032,0.5021107196807861,0.4832446575164795,0.5671641826629639
Race: Black,144,0.19617223739624023,0.2063492089509964,0.23444977402687073,0.1964285671710968,0.20000001788139343
Race: Other,144,0.785194993019104,0.7770386934280396,0.7477418184280396,0.7571693062782288,0.7857142686843872
Overall,145,0.6540895104408264,0.5901221036911011,0.5744544267654419,0.56519615650177,0.5959596037864685
Gender: Male,145,0.7164751291275024,0.704438328742981,0.5906478762626648,0.5520362257957458,0.6405228972434998
Gender: Female,145,0.5892614722251892,0.5460373163223267,0.5459390878677368,0.5459616780281067,0.5486111044883728
Age: <40,145,0.633766233921051,0.5496078729629517,0.5438095331192017,0.5312625765800476,0.5460526347160339
Age: 40-50,145,0.6731946468353271,0.6954474449157715,0.6523867845535278,0.6630434989929199,0.7419354915618896
Age: 50-65,145,0.6503496766090393,0.5823397636413574,0.564393937587738,0.5464481115341187,0.5783132314682007
Race: White,145,0.6222587823867798,0.5372549295425415,0.53125,0.526300311088562,0.5806451439857483
Race: Black,145,0.307692289352417,0.348557710647583,0.348557710647583,0.3448275923728943,0.3448275923728943
Race: Other,145,0.7431883811950684,0.6928997039794922,0.6501449346542358,0.635668933391571,0.6597222089767456
Overall,146,0.6514092683792114,0.5816876888275146,0.56056809425354,0.5448002815246582,0.5921052694320679
Gender: Male,146,0.6354166269302368,0.5644654035568237,0.515252947807312,0.4463554322719574,0.6213017702102661
Gender: Female,146,0.6374615430831909,0.5565476417541504,0.5563241243362427,0.5553359985351562,0.555555522441864
Age: <40,146,0.6516954898834229,0.6372779607772827,0.5947871804237366,0.5661978721618652,0.6040268540382385
Age: 40-50,146,0.8114035129547119,0.7083333730697632,0.5986841917037964,0.5788043737411499,0.6774193048477173
Age: 50-65,146,0.5439189076423645,0.4825819730758667,0.4835907220840454,0.4816053509712219,0.5161290168762207
Race: White,146,0.5875959396362305,0.4782784581184387,0.4828431308269501,0.47269535064697266,0.559440553188324
Race: Black,146,0.8136646151542664,0.49038460850715637,0.49378883838653564,0.2929292917251587,0.30000001192092896
Race: Other,146,0.7222222089767456,0.7190476655960083,0.6732580065727234,0.6681864261627197,0.694656491279602
Overall,147,0.7051746845245361,0.6762241721153259,0.6387495398521423,0.6405742168426514,0.6877076029777527
Gender: Male,147,0.7086104154586792,0.8141666650772095,0.6285592317581177,0.6353703141212463,0.7650601863861084
Gender: Female,147,0.6583223342895508,0.5926628112792969,0.5912384986877441,0.5903447866439819,0.5925925970077515
Age: <40,147,0.6963292360305786,0.6707471609115601,0.6499814391136169,0.6514619588851929,0.6778523325920105
Age: 40-50,147,0.7282912731170654,0.8166666626930237,0.6330532431602478,0.660976767539978,0.8307692408561707
Age: 50-65,147,0.6680805683135986,0.6061508059501648,0.5851007699966431,0.5702188014984131,0.5977011322975159
Race: White,147,0.6225607395172119,0.536773681640625,0.5241913795471191,0.5126522779464722,0.6307692527770996
Race: Black,147,0.7045453786849976,0.5111111402511597,0.5151515007019043,0.4166666865348816,0.4285714626312256
Race: Other,147,0.7747252583503723,0.7819424867630005,0.7527472972869873,0.7623004913330078,0.7902097702026367
Overall,148,0.5881374478340149,0.5505235195159912,0.5338830351829529,0.5132850408554077,0.5852842926979065
Gender: Male,148,0.6669262647628784,0.7170732021331787,0.5693146586418152,0.5216948986053467,0.6480446457862854
Gender: Female,148,0.49616366624832153,0.4726791977882385,0.4735720157623291,0.47228026390075684,0.491666704416275
Age: <40,148,0.617559552192688,0.6160106658935547,0.5833333134651184,0.5747721791267395,0.6357142925262451
Age: 40-50,148,0.7124183177947998,0.6497764587402344,0.593837559223175,0.5982142686843872,0.7222222089767456
Age: 50-65,148,0.4268292784690857,0.3637771010398865,0.4066808223724365,0.3491884171962738,0.39080458879470825
Race: White,148,0.5367772579193115,0.45814481377601624,0.472470223903656,0.4514728784561157,0.5793103575706482
Race: Black,148,0.23863635957241058,0.1964285671710968,0.25852274894714355,0.2047685831785202,0.2222222238779068
Race: Other,148,0.7088955640792847,0.7110389471054077,0.6461769342422485,0.6308139562606812,0.6692913174629211
Overall,149,0.6019037961959839,0.5916474461555481,0.5731629133224487,0.5626569986343384,0.5993266105651855
Gender: Male,149,0.5815508365631104,0.6335294246673584,0.550579309463501,0.5029057264328003,0.6227545142173767
Gender: Female,149,0.5939351320266724,0.5688225626945496,0.5688225626945496,0.5688225626945496,0.5692307949066162
Age: <40,149,0.6729437112808228,0.6397470235824585,0.6028138399124146,0.5791440010070801,0.6102941036224365
Age: 40-50,149,0.6138107776641846,0.6128378510475159,0.6067774891853333,0.607926607131958,0.6315789222717285
Age: 50-65,149,0.5226574540138245,0.527417004108429,0.5218893885612488,0.5120425224304199,0.567307710647583
Race: White,149,0.5143228769302368,0.49033814668655396,0.49166667461395264,0.48615726828575134,0.546875
Race: Black,149,0.15789473056793213,0.24166665971279144,0.1940789520740509,0.2047685831785202,0.2222222238779068
Race: Other,149,0.7588140964508057,0.773863673210144,0.6931089758872986,0.6852836608886719,0.7183098196983337
Overall,150,0.6644455194473267,0.6182888746261597,0.5959209203720093,0.5876736044883728,0.6200000047683716
Gender: Male,150,0.6031534671783447,0.6408581733703613,0.5573708415031433,0.5248538255691528,0.6533333659172058
Gender: Female,150,0.6626935005187988,0.5891026854515076,0.5881515741348267,0.5860042572021484,0.5866667032241821
Age: <40,150,0.6810810565948486,0.6454918384552002,0.5959459543228149,0.5510203838348389,0.5844155550003052
Age: 40-50,150,0.7951273918151855,0.7041666507720947,0.7170542478561401,0.708701491355896,0.734375
Age: 50-65,150,0.5706250071525574,0.5680134296417236,0.5631250143051147,0.5631961226463318,0.5975609421730042
Race: White,150,0.575035810470581,0.4848484992980957,0.48665711283683777,0.4834497570991516,0.5714285969734192
Race: Black,150,0.36000001430511475,0.3784722089767456,0.38333332538604736,0.3589743673801422,0.35999998450279236
Race: Other,150,0.7840908765792847,0.7660343050956726,0.7124819755554199,0.6913371086120605,0.7046979665756226
Overall,151,0.7193522453308105,0.642216682434082,0.6152254939079285,0.617929220199585,0.6757678985595703
Gender: Male,151,0.7741398811340332,0.658386766910553,0.554846465587616,0.5290000438690186,0.6942675113677979
Gender: Female,151,0.7001122236251831,0.6451754570007324,0.6485971212387085,0.6459706425666809,0.654411792755127
Age: <40,151,0.7160094976425171,0.6500506401062012,0.627774178981781,0.6318063735961914,0.683098554611206
Age: 40-50,151,0.7644927501678467,0.6857143044471741,0.6570048332214355,0.6666666269302368,0.75
Age: 50-65,151,0.6778378486633301,0.596320390701294,0.5721621513366699,0.5603448152542114,0.6091954112052917
Race: White,151,0.7124255895614624,0.6046153903007507,0.5885416269302368,0.5929824709892273,0.6982758641242981
Race: Black,151,0.29004329442977905,0.2770562767982483,0.2770562767982483,0.25,0.25
Race: Other,151,0.8152173757553101,0.7444944977760315,0.7003691792488098,0.7100000381469727,0.751724123954773
Overall,152,0.637570321559906,0.6085118055343628,0.5900562405586243,0.5857239365577698,0.6225165724754333
Gender: Male,152,0.5834710597991943,0.5765103101730347,0.5318182110786438,0.5025839805603027,0.6606060266494751
Gender: Female,152,0.6014957427978516,0.5768328905105591,0.5770299434661865,0.5764392614364624,0.5766423344612122
Age: <40,152,0.712714672088623,0.6747474670410156,0.6502025723457336,0.6391339302062988,0.6527777910232544
Age: 40-50,152,0.5757211446762085,0.5317460298538208,0.5288461446762085,0.5295597314834595,0.6764705777168274
Age: 50-65,152,0.5525000095367432,0.5120192170143127,0.5099999904632568,0.49760764837265015,0.5333333611488342
Race: White,152,0.540460467338562,0.4349464178085327,0.4488260746002197,0.43868520855903625,0.5945945978164673
Race: Black,152,0.15686273574829102,0.24848484992980957,0.22875817120075226,0.2261904776096344,0.23076924681663513
Race: Other,152,0.7943993806838989,0.7697456479072571,0.747482180595398,0.7311588525772095,0.734375
Overall,153,0.6017922759056091,0.5587259531021118,0.5439338088035583,0.5229802131652832,0.5641891956329346
Gender: Male,153,0.5571428537368774,0.545918345451355,0.5071428418159485,0.41056686639785767,0.5882353186607361
Gender: Female,153,0.5974559783935547,0.5392773151397705,0.539138913154602,0.5382583141326904,0.5384615063667297
Age: <40,153,0.5864864587783813,0.5537634491920471,0.5418919324874878,0.5324905514717102,0.5887096524238586
Age: 40-50,153,0.6755101680755615,0.7322874665260315,0.6170918345451355,0.5835471749305725,0.6516854166984558
Age: 50-65,153,0.5387779474258423,0.44508302211761475,0.44947120547294617,0.4284248948097229,0.4337349236011505
Race: White,153,0.593890368938446,0.5092783570289612,0.5080862641334534,0.503534734249115,0.55474454164505
Race: Black,153,0.234375,0.28743961453437805,0.2708333432674408,0.2179863154888153,0.21875
Race: Other,153,0.7143568992614746,0.7273463010787964,0.6400797367095947,0.6152328848838806,0.6614173054695129
Overall,154,0.6578413248062134,0.6507062911987305,0.6064441204071045,0.5902242660522461,0.6339869499206543
Gender: Male,154,0.5688073635101318,0.6458333730697632,0.529341995716095,0.47127997875213623,0.6646707057952881
Gender: Female,154,0.6696202754974365,0.6070828437805176,0.6074894666671753,0.5971014499664307,0.597122311592102
Age: <40,154,0.6835442781448364,0.6643540859222412,0.6260319352149963,0.6121248006820679,0.6418918967247009
Age: 40-50,154,0.7566137313842773,0.7021052837371826,0.6693121790885925,0.6739130020141602,0.7101449370384216
Age: 50-65,154,0.527947187423706,0.5708874464035034,0.5332825183868408,0.4760754704475403,0.5617977380752563
Race: White,154,0.6001511812210083,0.4988207519054413,0.49924415349960327,0.47622886300086975,0.5769230723381042
Race: Black,154,0.20000000298023224,0.19285714626312256,0.19285714626312256,0.14814814925193787,0.14814814925193787
Race: Other,154,0.7863107919692993,0.8295400738716125,0.7523602247238159,0.7510809898376465,0.7718120813369751
Overall,155,0.6347746849060059,0.5978959798812866,0.5813270807266235,0.578432023525238,0.6224489808082581
Gender: Male,155,0.6064613461494446,0.6412198543548584,0.5608469843864441,0.5349807143211365,0.6645962595939636
Gender: Female,155,0.6449771523475647,0.5690476298332214,0.5695205926895142,0.568992018699646,0.5714285969734192
Age: <40,155,0.6276371479034424,0.6420785188674927,0.623734176158905,0.6221359372138977,0.6474820375442505
Age: 40-50,155,0.6503623127937317,0.5967118144035339,0.5905796885490417,0.5932678580284119,0.7413793206214905
Age: 50-65,155,0.6342711448669434,0.5050264596939087,0.5040494203567505,0.4838673174381256,0.5154638886451721
Race: White,155,0.6577572822570801,0.5391156673431396,0.5353302955627441,0.5360451340675354,0.6484375
Race: Black,155,0.3695652186870575,0.3910256624221802,0.36141306161880493,0.33760684728622437,0.35483869910240173
Race: Other,155,0.6571111679077148,0.6668475270271301,0.6366666555404663,0.6315851807594299,0.6592592597007751
Overall,156,0.6968492865562439,0.6266257762908936,0.5955731272697449,0.5942931175231934,0.6600660085678101
Gender: Male,156,0.710905909538269,0.714078426361084,0.5717063546180725,0.5584821701049805,0.7325581312179565
Gender: Female,156,0.6168618202209473,0.5611904859542847,0.5601873397827148,0.5598585605621338,0.5648854970932007
Age: <40,156,0.7628524303436279,0.6685606241226196,0.6180762648582458,0.6125292181968689,0.6696428656578064
Age: 40-50,156,0.6571428775787354,0.6767123341560364,0.6365079283714294,0.6444117426872253,0.7204301357269287
Age: 50-65,156,0.6490917205810547,0.5419178009033203,0.5338945388793945,0.5281656384468079,0.5918367505073547
Race: White,156,0.7037036418914795,0.5903096199035645,0.5757575631141663,0.5786122679710388,0.673758864402771
Race: Black,156,0.5333333015441895,0.4220779538154602,0.4333333373069763,0.34169653058052063,0.3448275923728943
Race: Other,156,0.750361442565918,0.7092232704162598,0.6557831168174744,0.6603494882583618,0.7142857313156128
Overall,157,0.6410823464393616,0.6389873623847961,0.6107058525085449,0.6057204008102417,0.6440677642822266
Gender: Male,157,0.6302417516708374,0.710737943649292,0.5681818127632141,0.5214999914169312,0.6484848260879517
Gender: Female,157,0.6638815999031067,0.6377841234207153,0.6389353275299072,0.6374102830886841,0.6384615302085876
Age: <40,157,0.6566604375839233,0.6973214149475098,0.6451219320297241,0.6362886428833008,0.6734693646430969
Age: 40-50,157,0.804444432258606,0.7150943279266357,0.6899999976158142,0.6999117136001587,0.779411792755127
Age: 50-65,157,0.5056390762329102,0.48076921701431274,0.48245614767074585,0.46666669845581055,0.4749999940395355
Race: White,157,0.5226470232009888,0.5024240612983704,0.5022059082984924,0.500921368598938,0.5840000510215759
Race: Black,157,0.5416666865348816,0.4882352948188782,0.4861111044883728,0.31677019596099854,0.3181818127632141
Race: Other,157,0.7626681327819824,0.7845212817192078,0.7228671312332153,0.7207547426223755,0.7432432770729065
Overall,158,0.6229336261749268,0.6043660640716553,0.5917104482650757,0.5921409130096436,0.6329966187477112
Gender: Male,158,0.6296296119689941,0.732191801071167,0.5600744485855103,0.5153213739395142,0.6730769276618958
Gender: Female,158,0.6053178310394287,0.5992063283920288,0.6012670993804932,0.5881345868110657,0.588652491569519
Age: <40,158,0.687920868396759,0.6703431606292725,0.6462541818618774,0.6501679420471191,0.6901408433914185
Age: 40-50,158,0.4811530113220215,0.5736433863639832,0.5631929039955139,0.5666666626930237,0.7307692766189575
Age: 50-65,158,0.5373585224151611,0.5014022588729858,0.5013207197189331,0.49553442001342773,0.5048543810844421
Race: White,158,0.4791666865348816,0.45387402176856995,0.44775882363319397,0.4493768811225891,0.5648854970932007
Race: Black,158,0.21710525453090668,0.28977274894714355,0.2565789520740509,0.25,0.25925925374031067
Race: Other,158,0.8149999976158142,0.8169620037078857,0.7534375190734863,0.7522281408309937,0.7697842121124268
Overall,159,0.6213407516479492,0.6073090434074402,0.5731362104415894,0.5569227933883667,0.617241382598877
Gender: Male,159,0.6279144287109375,0.6744505167007446,0.5304216146469116,0.45767778158187866,0.6380367875099182
Gender: Female,159,0.595522403717041,0.5884069204330444,0.5866914987564087,0.5862155556678772,0.5905511975288391
Age: <40,159,0.624311089515686,0.6217703223228455,0.5779240727424622,0.5646704435348511,0.6410256624221802
Age: 40-50,159,0.6542553901672363,0.6095238327980042,0.5815603137016296,0.5688311457633972,0.6144577860832214
Age: 50-65,159,0.581000030040741,0.5852483510971069,0.5575000047683716,0.53354811668396,0.5888888835906982
Race: White,159,0.5560283660888672,0.5122387409210205,0.5105201005935669,0.5074118375778198,0.5839415788650513
Race: Black,159,0.699999988079071,0.6190476417541504,0.5555555820465088,0.29230770468711853,0.30434784293174744
Race: Other,159,0.713530421257019,0.7882974147796631,0.6705119013786316,0.6569443941116333,0.7076923251152039
Overall,160,0.6338672637939453,0.5971423983573914,0.5745954513549805,0.5522174835205078,0.5814696550369263
Gender: Male,160,0.6466895341873169,0.6928571462631226,0.5597174763679504,0.4969547390937805,0.6153846383094788
Gender: Female,160,0.5764362215995789,0.5452606678009033,0.545472264289856,0.5415782332420349,0.5416666865348816
Age: <40,160,0.6381170749664307,0.6187499761581421,0.5872560143470764,0.5555555820465088,0.5833333730697632
Age: 40-50,160,0.6385809183120728,0.6887755393981934,0.643569827079773,0.6499999761581421,0.7142857313156128
Age: 50-65,160,0.6259739995002747,0.5266781449317932,0.5223665237426758,0.4939367175102234,0.508474588394165
Race: White,160,0.5254865884780884,0.4384304881095886,0.4540083408355713,0.4346369504928589,0.5185185074806213
Race: Black,160,0.4592592716217041,0.411255419254303,0.3481481671333313,0.2874493896961212,0.3125
Race: Other,160,0.7611184120178223,0.7536544799804688,0.698630154132843,0.6813492178916931,0.698630154132843
Overall,161,0.6353880167007446,0.6036036014556885,0.5780590772628784,0.5590863823890686,0.5945945978164673
Gender: Male,161,0.618975043296814,0.5651209354400635,0.5223684310913086,0.44982609152793884,0.567251443862915
Gender: Female,161,0.6848437786102295,0.6323983669281006,0.6317204236984253,0.6314102411270142,0.6320000290870667
Age: <40,161,0.6232286691665649,0.6665302515029907,0.6130869388580322,0.5762903094291687,0.6083333492279053
Age: 40-50,161,0.7276595830917358,0.5982142686843872,0.574893593788147,0.5737627148628235,0.6527777910232544
Age: 50-65,161,0.5613905191421509,0.5451388955116272,0.5384615659713745,0.52073734998703,0.5384615659713745
Race: White,161,0.5533333420753479,0.4831989109516144,0.4866666793823242,0.4737223982810974,0.5360000133514404
Race: Black,161,0.4117647409439087,0.4000000059604645,0.36764705181121826,0.2791762053966522,0.2857142984867096
Race: Other,161,0.7211624383926392,0.7368420958518982,0.6732929348945618,0.6586121916770935,0.6866666674613953
Overall,162,0.646410346031189,0.6136976480484009,0.5820055603981018,0.5686523914337158,0.619528591632843
Gender: Male,162,0.6285418272018433,0.686274528503418,0.5718736052513123,0.5423077344894409,0.6705882549285889
Gender: Female,162,0.591269850730896,0.5540505647659302,0.5519593358039856,0.5471379160881042,0.5511810779571533
Age: <40,162,0.6944444179534912,0.6863186359405518,0.6391128897666931,0.6007011532783508,0.6194029450416565
Age: 40-50,162,0.7079081535339355,0.6402550339698792,0.5982142686843872,0.609810471534729,0.7857142686843872
Age: 50-65,162,0.544559121131897,0.4609644412994385,0.4681050777435303,0.4517747461795807,0.49462366104125977
Race: White,162,0.5867542028427124,0.4717307686805725,0.479885071516037,0.4657341539859772,0.5891472697257996
Race: Black,162,0.6274509429931641,0.6428571343421936,0.5588235259056091,0.3274853825569153,0.3478260934352875
Race: Other,162,0.7072192430496216,0.7171669602394104,0.6768525838851929,0.6692686080932617,0.6896551847457886
Overall,163,0.6270979642868042,0.5897043943405151,0.5686963200569153,0.5585171580314636,0.6068965196609497
Gender: Male,163,0.6734931468963623,0.7467136383056641,0.5874958634376526,0.5424680709838867,0.649681568145752
Gender: Female,163,0.5974025726318359,0.5460526347160339,0.5462661981582642,0.5461276173591614,0.5563910007476807
Age: <40,163,0.6613190174102783,0.632758617401123,0.6029411554336548,0.5940450429916382,0.632478654384613
Age: 40-50,163,0.7607407569885254,0.7376344203948975,0.6637036800384521,0.672619104385376,0.7402597665786743
Age: 50-65,163,0.4812062978744507,0.4388083815574646,0.45017483830451965,0.43010127544403076,0.46875
Race: White,163,0.5733482837677002,0.4870308041572571,0.49048155546188354,0.47899797558784485,0.591549277305603
Race: Black,163,0.42934781312942505,0.4211956560611725,0.4211956560611725,0.32258063554763794,0.32258063554763794
Race: Other,163,0.731360912322998,0.7128919959068298,0.6807692050933838,0.6798029541969299,0.7008547186851501
Overall,164,0.6658717393875122,0.6271991729736328,0.6117514371871948,0.6013063192367554,0.6146179437637329
Gender: Male,164,0.696338415145874,0.7622308731079102,0.5845959782600403,0.5229576826095581,0.625
Gender: Female,164,0.642105221748352,0.5989974737167358,0.5959514379501343,0.5954917669296265,0.6028368473052979
Age: <40,164,0.7177014350891113,0.689703106880188,0.6643560528755188,0.6342978477478027,0.6408450603485107
Age: 40-50,164,0.7321429252624512,0.6809210777282715,0.637499988079071,0.6238425970077515,0.6533333659172058
Age: 50-65,164,0.5570588111877441,0.5204081535339355,0.5205882787704468,0.5204216241836548,0.5357142686843872
Race: White,164,0.6521486043930054,0.5452380776405334,0.5441347360610962,0.5445195436477661,0.596774160861969
Race: Black,164,0.2380952537059784,0.34166666865348816,0.2738095223903656,0.2245613932609558,0.23529411852359772
Race: Other,164,0.7822484970092773,0.7637060880661011,0.7371795177459717,0.716269850730896,0.7202796936035156
Overall,165,0.6969066858291626,0.5924257040023804,0.569728434085846,0.5606249570846558,0.6148648858070374
Gender: Male,165,0.7793958783149719,0.7649425268173218,0.5828838348388672,0.5587732195854187,0.7070063948631287
Gender: Female,165,0.5700663328170776,0.5082626938819885,0.5080845355987549,0.506474494934082,0.5107913613319397
Age: <40,165,0.7274590730667114,0.5778787732124329,0.5585154891014099,0.5393369793891907,0.5789473652839661
Age: 40-50,165,0.7712877988815308,0.7384615540504456,0.6418015956878662,0.6416040062904358,0.7179487347602844
Age: 50-65,165,0.5764635801315308,0.5249999761581421,0.5224014520645142,0.5206767320632935,0.5764706134796143
Race: White,165,0.5761381387710571,0.4884735345840454,0.4903191924095154,0.4866737425327301,0.6131386756896973
Race: Black,165,0.3354037404060364,0.23295454680919647,0.20807453989982605,0.16573971509933472,0.1666666716337204
Race: Other,165,0.8372881412506104,0.7627841234207153,0.7015738487243652,0.695914089679718,0.7209302186965942
Overall,166,0.6644191741943359,0.6088075637817383,0.5966817736625671,0.597239077091217,0.6338983178138733
Gender: Male,166,0.6546163558959961,0.6666666865348816,0.5624668002128601,0.5305556058883667,0.6666666865348816
Gender: Female,166,0.6531779766082764,0.6037499904632568,0.6055084466934204,0.5966002941131592,0.597122311592102
Age: <40,166,0.6807870864868164,0.6479496359825134,0.6277778148651123,0.6231549978256226,0.6439394354820251
Age: 40-50,166,0.8719007968902588,0.7905162572860718,0.75,0.7634408473968506,0.8030303120613098
Age: 50-65,166,0.4878618121147156,0.4483173191547394,0.44981327652931213,0.4488636255264282,0.5051546096801758
Race: White,166,0.5587911605834961,0.496153861284256,0.496153861284256,0.496153861284256,0.572519063949585
Race: Black,166,0.46666666865348816,0.36538460850715637,0.38333335518836975,0.2916666865348816,0.29411765933036804
Race: Other,166,0.7906626462936401,0.7368704080581665,0.7071724534034729,0.7094861268997192,0.7278911471366882
Overall,167,0.7298181056976318,0.6598721742630005,0.6314476132392883,0.6119705438613892,0.6279069781303406
Gender: Male,167,0.740106463432312,0.7349213361740112,0.5893747806549072,0.5583333373069763,0.6729559302330017
Gender: Female,167,0.6293902397155762,0.5774648189544678,0.5841413736343384,0.5689131617546082,0.577464759349823
Age: <40,167,0.7307692766189575,0.6857143044471741,0.6615384817123413,0.6362411975860596,0.6433566212654114
Age: 40-50,167,0.7828947305679321,0.6619565486907959,0.6400375962257385,0.6398809552192688,0.6666666865348816
Age: 50-65,167,0.6855791807174683,0.6123377084732056,0.5817967057228088,0.5478260517120361,0.5760869383811951
Race: White,167,0.6964114904403687,0.5938447713851929,0.5740430355072021,0.5660843253135681,0.6106870174407959
Race: Black,167,0.38528138399124146,0.3083333373069763,0.3008657991886139,0.2805474102497101,0.28125
Race: Other,167,0.8405364751815796,0.7970832586288452,0.7515435218811035,0.7187298536300659,0.7246376872062683
Overall,168,0.6536427736282349,0.5974566340446472,0.581423819065094,0.5807894468307495,0.6338983178138733
Gender: Male,168,0.7007665634155273,0.6549999713897705,0.5685436725616455,0.5414806604385376,0.658823549747467
Gender: Female,168,0.628477931022644,0.5933487415313721,0.5991543531417847,0.590539813041687,0.6000000238418579
Age: <40,168,0.667422890663147,0.6287449598312378,0.6082123517990112,0.6041478514671326,0.6343283653259277
Age: 40-50,168,0.8099489808082581,0.7550607323646545,0.7410714626312256,0.7476237416267395,0.8428571224212646
Age: 50-65,168,0.5088757276535034,0.4322916865348816,0.4423076808452606,0.4294670820236206,0.47252747416496277
Race: White,168,0.5948836803436279,0.5277308225631714,0.522907018661499,0.5210742354393005,0.6293706297874451
Race: Black,168,0.2222222238779068,0.25,0.25757575035095215,0.24812030792236328,0.25
Race: Other,168,0.7642105221748352,0.7030603885650635,0.6722807288169861,0.6726190447807312,0.696969747543335
Overall,169,0.7032245993614197,0.6304200887680054,0.6059584617614746,0.6001477241516113,0.6342281699180603
Gender: Male,169,0.6744366884231567,0.7745262384414673,0.5956681966781616,0.578513503074646,0.7152317762374878
Gender: Female,169,0.6456400752067566,0.5526756048202515,0.5525974035263062,0.550999641418457,0.5510203838348389
Age: <40,169,0.7039312124252319,0.6354050636291504,0.5999181270599365,0.5799999833106995,0.6142857074737549
Age: 40-50,169,0.7971014380455017,0.7617647051811218,0.741847813129425,0.749823808670044,0.7887324094772339
Age: 50-65,169,0.6510637998580933,0.5296610593795776,0.5260637998580933,0.5172030925750732,0.540229856967926
Race: White,169,0.6938953399658203,0.5385638475418091,0.5337209701538086,0.5333333611488342,0.6190476417541504
Race: Black,169,0.2850877344608307,0.2690476179122925,0.2872806787490845,0.2549634277820587,0.25806450843811035
Race: Other,169,0.8211266994476318,0.7816831469535828,0.7289738655090332,0.7168076038360596,0.7304964065551758
Overall,170,0.6798501014709473,0.6017986536026001,0.5781084299087524,0.5646968483924866,0.603960394859314
Gender: Male,170,0.6831034421920776,0.6239048838615417,0.5512068867683411,0.5192254781723022,0.6518987417221069
Gender: Female,170,0.6375095844268799,0.5588235855102539,0.5572956800460815,0.5503554344177246,0.5517241358757019
Age: <40,170,0.783039927482605,0.7332285046577454,0.6801254749298096,0.6790341138839722,0.7112675905227661
Age: 40-50,170,0.7219387292861938,0.6322537660598755,0.5833333134651184,0.568859338760376,0.6428571343421936
Age: 50-65,170,0.4705314040184021,0.3928571343421936,0.40869566798210144,0.38513511419296265,0.4065934121608734
Race: White,170,0.5960879325866699,0.4462190270423889,0.4667271673679352,0.43297091126441956,0.5347222089767456
Race: Black,170,0.1894736886024475,0.28125,0.2052631676197052,0.19576719403266907,0.2083333432674408
Race: Other,170,0.8059767484664917,0.759479284286499,0.7289250493049622,0.7321428656578064,0.7481481432914734
Overall,171,0.6420866250991821,0.5583333373069763,0.5500163435935974,0.5412740111351013,0.5680271983146667
Gender: Male,171,0.6640881299972534,0.5733974575996399,0.5268401503562927,0.4713117778301239,0.6015037894248962
Gender: Female,171,0.6207162737846375,0.540043294429779,0.539981484413147,0.5399289131164551,0.5403726696968079
Age: <40,171,0.6921481490135193,0.5892857313156128,0.5800000429153442,0.5223129987716675,0.5250000357627869
Age: 40-50,171,0.772946834564209,0.577551007270813,0.5688405632972717,0.5712918639183044,0.671875
Age: 50-65,171,0.5560714602470398,0.5162513852119446,0.5160714387893677,0.5161145329475403,0.5545454621315002
Race: White,171,0.58552086353302,0.4716142416000366,0.47446680068969727,0.47057557106018066,0.5310344696044922
Race: Black,171,0.16239315271377563,0.1818181872367859,0.17094017565250397,0.17499999701976776,0.1818181872367859
Race: Other,171,0.7616915702819824,0.7327533960342407,0.6896766424179077,0.6652092933654785,0.6771653294563293
Overall,172,0.5770443677902222,0.6042618155479431,0.5809851884841919,0.575710117816925,0.6288660168647766
Gender: Male,172,0.5931400060653687,0.6926100254058838,0.5527411103248596,0.49795448780059814,0.6432748436927795
Gender: Female,172,0.5947110652923584,0.6083333492279053,0.6121011972427368,0.6050143241882324,0.6083333492279053
Age: <40,172,0.61769700050354,0.6429240703582764,0.610909104347229,0.60491544008255,0.6461538672447205
Age: 40-50,172,0.6296296119689941,0.6785714626312256,0.6166666746139526,0.6177423000335693,0.701298713684082
Age: 50-65,172,0.45941174030303955,0.496610164642334,0.49705880880355835,0.49059244990348816,0.5357142686843872
Race: White,172,0.42803966999053955,0.462978720664978,0.4640198349952698,0.4634580910205841,0.6386554837226868
Race: Black,172,0.2708333134651184,0.3222222328186035,0.3333333432674408,0.26406925916671753,0.2647058963775635
Race: Other,172,0.7300084829330444,0.7510526180267334,0.700757622718811,0.6914132833480835,0.7101449370384216
Overall,173,0.662144660949707,0.5886792540550232,0.5723528861999512,0.5658301115036011,0.6061643958091736
Gender: Male,173,0.6925393342971802,0.6474730968475342,0.5595517158508301,0.5243589878082275,0.6477987170219421
Gender: Female,173,0.6428896188735962,0.5547618865966797,0.5548614263534546,0.554780125617981,0.5563910007476807
Age: <40,173,0.7267823815345764,0.6932352781295776,0.6540806889533997,0.6575517654418945,0.7014925479888916
Age: 40-50,173,0.7221407890319824,0.5750507116317749,0.5542522072792053,0.5404411554336548,0.6000000238418579
Age: 50-65,173,0.5110465288162231,0.44763731956481934,0.45232558250427246,0.44195425510406494,0.45783132314682007
Race: White,173,0.5670572519302368,0.48241758346557617,0.484375,0.48121464252471924,0.5625
Race: Black,173,0.21904760599136353,0.1882352977991104,0.24761904776096344,0.17499999701976776,0.1818181872367859
Race: Other,173,0.8386363983154297,0.769444465637207,0.7204545736312866,0.713942289352417,0.7301587462425232
Overall,174,0.6460057497024536,0.6422127485275269,0.6138110160827637,0.6131420135498047,0.6603174805641174
Gender: Male,174,0.6628815531730652,0.7539447546005249,0.5943223237991333,0.56905597448349,0.6898396015167236
Gender: Female,174,0.609859824180603,0.6159951686859131,0.6188688278198242,0.6143393516540527,0.6171875
Age: <40,174,0.6510538458824158,0.6925531625747681,0.641295850276947,0.6129032373428345,0.6370967626571655
Age: 40-50,174,0.6900161504745483,0.7539682388305664,0.6803542375564575,0.697620689868927,0.7792207598686218
Age: 50-65,174,0.6201523542404175,0.5533520579338074,0.5526315569877625,0.5529412031173706,0.6052631735801697
Race: White,174,0.6923267841339111,0.6267073154449463,0.6285890936851501,0.6276026964187622,0.695035457611084
Race: Black,174,0.20000000298023224,0.31111112236976624,0.23157894611358643,0.22857142984867096,0.25
Race: Other,174,0.7234388589859009,0.7351585626602173,0.6570135951042175,0.6476715803146362,0.6933333277702332
Overall,175,0.6315265893936157,0.5895216464996338,0.5661423206329346,0.5548425912857056,0.6101694703102112
Gender: Male,175,0.6329609751701355,0.6846631765365601,0.556071400642395,0.5194318294525146,0.6781609058380127
Gender: Female,175,0.5461748838424683,0.5127747058868408,0.5127049088478088,0.5118632316589355,0.5123966932296753
Age: <40,175,0.6611498594284058,0.699999988079071,0.6152003407478333,0.6009767055511475,0.6739130616188049
Age: 40-50,175,0.6403061151504517,0.5159932971000671,0.5121173858642578,0.5091693997383118,0.6769230961799622
Age: 50-65,175,0.5361905097961426,0.4764411151409149,0.4776190519332886,0.46428996324539185,0.46739131212234497
Race: White,175,0.6371241807937622,0.5240384936332703,0.5169934630393982,0.5059244632720947,0.607692301273346
Race: Black,175,0.2745097875595093,0.3382352888584137,0.3382352888584137,0.260869562625885,0.260869562625885
Race: Other,175,0.6752032041549683,0.6711711883544922,0.6351625919342041,0.6320635080337524,0.6690140962600708
Overall,176,0.6189748048782349,0.5907913446426392,0.568671464920044,0.5591856241226196,0.6122449040412903
Gender: Male,176,0.6056060791015625,0.6339285373687744,0.543181836605072,0.48948413133621216,0.626505970954895
Gender: Female,176,0.651556670665741,0.5871015787124634,0.5877957344055176,0.5873016119003296,0.59375
Age: <40,176,0.6439903974533081,0.6207658052444458,0.598557710647583,0.5971167087554932,0.6439394354820251
Age: 40-50,176,0.6557970643043518,0.7062146663665771,0.6322463750839233,0.6397863626480103,0.7323943376541138
Age: 50-65,176,0.5178743600845337,0.46797263622283936,0.47512078285217285,0.44285714626312256,0.47252747416496277
Race: White,176,0.6549397706985474,0.5785714387893677,0.5556626319885254,0.5465084314346313,0.6240601539611816
Race: Black,176,0.3058823347091675,0.2023809552192688,0.27941176295280457,0.2047685831785202,0.2222222238779068
Race: Other,176,0.6712963581085205,0.6696851253509521,0.6409721970558167,0.6422673463821411,0.6791044473648071
Overall,177,0.661442756652832,0.6485869288444519,0.61264967918396,0.6038445234298706,0.6440677642822266
Gender: Male,177,0.6278033256530762,0.6482259631156921,0.5487711429595947,0.5060179829597473,0.6526946425437927
Gender: Female,177,0.6510263681411743,0.6348562836647034,0.6341642141342163,0.6326106786727905,0.6328125
Age: <40,177,0.652011513710022,0.6886865496635437,0.6399425268173218,0.6121684312820435,0.6355932354927063
Age: 40-50,177,0.8189655542373657,0.7459893226623535,0.6982758641242981,0.7089947462081909,0.7555555701255798
Age: 50-65,177,0.5544662475585938,0.49685317277908325,0.49754902720451355,0.48275861144065857,0.540229856967926
Race: White,177,0.6404979825019836,0.5977818965911865,0.5795223712921143,0.5785915851593018,0.6384615302085876
Race: Black,177,0.49537038803100586,0.5347222089767456,0.5347222089767456,0.42424243688583374,0.42424243688583374
Race: Other,177,0.7384868860244751,0.7286809086799622,0.6682330965995789,0.6656925678253174,0.7045454978942871
Overall,178,0.6056281328201294,0.5568794012069702,0.546993613243103,0.5427714586257935,0.5986159443855286
Gender: Male,178,0.5891218781471252,0.5487228035926819,0.5168741941452026,0.4741758108139038,0.6484848260879517
Gender: Female,178,0.581818163394928,0.5331771969795227,0.5335968732833862,0.5311603546142578,0.5322580337524414
Age: <40,178,0.5888158082962036,0.547095775604248,0.5328947305679321,0.5184839963912964,0.596774160861969
Age: 40-50,178,0.7843915224075317,0.7055944204330444,0.6944444179534912,0.6996262073516846,0.8088235259056091
Age: 50-65,178,0.509353756904602,0.45249778032302856,0.4547193944454193,0.44773873686790466,0.4536082446575165
Race: White,178,0.5049020051956177,0.45183321833610535,0.45521390438079834,0.45293134450912476,0.5547944903373718
Race: Black,178,0.3692307472229004,0.37662339210510254,0.35384616255760193,0.32499998807907104,0.3333333432674408
Race: Other,178,0.7248304486274719,0.7060741186141968,0.6566249132156372,0.6524064540863037,0.6880000233650208
Overall,179,0.6001067161560059,0.5661817789077759,0.5529872179031372,0.527834415435791,0.550000011920929
Gender: Male,179,0.621607780456543,0.6276108026504517,0.5641320943832397,0.5119969844818115,0.5819209218025208
Gender: Female,179,0.5379679203033447,0.5079745054244995,0.5080214142799377,0.5039339065551758,0.5040650367736816
Age: <40,179,0.6242424249649048,0.5791319608688354,0.5615151524543762,0.5260504484176636,0.5460992455482483
Age: 40-50,179,0.670967698097229,0.6833333373069763,0.6508064270019531,0.6481361985206604,0.6760563254356384
Age: 50-65,179,0.49378883838653564,0.4565756916999817,0.4637681245803833,0.43589746952056885,0.4545454680919647
Race: White,179,0.6054824590682983,0.5192519426345825,0.515350878238678,0.503534734249115,0.55474454164505
Race: Black,179,0.49038460850715637,0.37830689549446106,0.38942307233810425,0.26406925916671753,0.2647058963775635
Race: Other,179,0.6611111164093018,0.6558988690376282,0.6340579390525818,0.6107998490333557,0.6201550364494324
Overall,180,0.6047232747077942,0.6008080840110779,0.57142174243927,0.5510976314544678,0.5979381799697876
Gender: Male,180,0.5377289056777954,0.7151515483856201,0.526007354259491,0.4423280358314514,0.6352941393852234
Gender: Female,180,0.5685950517654419,0.5450819730758667,0.5454545617103577,0.5443341732025146,0.5454545021057129
Age: <40,180,0.6334735155105591,0.6532593965530396,0.6033192873001099,0.5768733620643616,0.6183205842971802
Age: 40-50,180,0.7675765156745911,0.7125416398048401,0.6583953499794006,0.6512681245803833,0.6857143044471741
Age: 50-65,180,0.4281376302242279,0.4420289993286133,0.45748987793922424,0.4326936602592468,0.5
Race: White,180,0.5987467765808105,0.586448609828949,0.5679559111595154,0.5650213956832886,0.631205677986145
Race: Black,180,0.47204965353012085,0.3333333432674408,0.35093170404434204,0.23248052597045898,0.23333334922790527
Race: Other,180,0.6802455186843872,0.6931260228157043,0.6316964626312256,0.6109910607337952,0.6500000357627869
Overall,181,0.6433243751525879,0.5948783159255981,0.5734463334083557,0.5681257843971252,0.6254295706748962
Gender: Male,181,0.6716396808624268,0.6415094137191772,0.5383631587028503,0.4742443561553955,0.6198830604553223
Gender: Female,181,0.6888889074325562,0.6312865018844604,0.6399999856948853,0.6266968250274658,0.6333333849906921
Age: <40,181,0.6555100083351135,0.6426312923431396,0.6026867032051086,0.5845826864242554,0.6240601539611816
Age: 40-50,181,0.8165266513824463,0.6358543634414673,0.6358543634414673,0.6358543634414673,0.7538461685180664
Age: 50-65,181,0.5356125831604004,0.5025832653045654,0.502136766910553,0.49154484272003174,0.5376344323158264
Race: White,181,0.6079365015029907,0.5042856931686401,0.5047619342803955,0.503564715385437,0.6370370388031006
Race: Black,181,0.6842105388641357,0.494047611951828,0.49561402201652527,0.31561994552612305,0.3199999928474426
Race: Other,181,0.6960372924804688,0.729955792427063,0.6698135137557983,0.6480474472045898,0.6717557311058044
Overall,182,0.6230882406234741,0.5774410963058472,0.56319260597229,0.557773768901825,0.604651153087616
Gender: Male,182,0.5853149890899658,0.6262531280517578,0.5420317053794861,0.5031815767288208,0.6620689630508423
Gender: Female,182,0.6144158840179443,0.546726644039154,0.5464788675308228,0.5465116500854492,0.5512820482254028
Age: <40,182,0.6039731502532959,0.5715725421905518,0.5549535751342773,0.5376509428024292,0.5760000348091125
Age: 40-50,182,0.7316614389419556,0.6785714626312256,0.609717845916748,0.6093023419380188,0.7023809552192688
Age: 50-65,182,0.5416666269302368,0.530075192451477,0.5297619104385376,0.5298516750335693,0.554347813129425
Race: White,182,0.5342752933502197,0.4375375509262085,0.4455782473087311,0.43743079900741577,0.4960629940032959
Race: Black,182,0.4732510447502136,0.4653846025466919,0.4629629850387573,0.3606177568435669,0.3611111044883728
Race: Other,182,0.7568525075912476,0.7471719980239868,0.70652174949646,0.718367338180542,0.7681159377098083
Overall,183,0.645244836807251,0.627049446105957,0.601789116859436,0.5998465418815613,0.6476510167121887
Gender: Male,183,0.6587352752685547,0.7317832708358765,0.5787972807884216,0.5498944520950317,0.6871165633201599
Gender: Female,183,0.6291257739067078,0.596230149269104,0.5973461270332336,0.5962560772895813,0.5999999642372131
Age: <40,183,0.7036199569702148,0.7036775350570679,0.6447963714599609,0.6442260146141052,0.6976743936538696
Age: 40-50,183,0.7189953327178955,0.7416666746139526,0.6707221269607544,0.6811367273330688,0.746666669845581
Age: 50-65,183,0.5043718814849854,0.48088234663009644,0.48205244541168213,0.4787020683288574,0.4999999701976776
Race: White,183,0.5487654209136963,0.5138888955116272,0.5138888955116272,0.5138888955116272,0.60317462682724
Race: Black,183,0.6538461446762085,0.5071428418159485,0.5054945349693298,0.3004608154296875,0.3030303120613098
Race: Other,183,0.7659208178520203,0.7904530763626099,0.7317125797271729,0.7400654554367065,0.7697842121124268
Overall,184,0.6077306270599365,0.5367214679718018,0.5275779962539673,0.5105973482131958,0.5625
Gender: Male,184,0.6030997037887573,0.42073169350624084,0.47897574305534363,0.39584460854530334,0.5681818127632141
Gender: Female,184,0.6183019876480103,0.5540078282356262,0.5540739297866821,0.5540069937705994,0.5546875
Age: <40,184,0.6793699264526367,0.646879255771637,0.6100101470947266,0.5946169495582581,0.6292135119438171
Age: 40-50,184,0.6075187921524048,0.4681818187236786,0.47894737124443054,0.45787864923477173,0.5740740895271301
Age: 50-65,184,0.4126984179019928,0.3153846263885498,0.34761905670166016,0.32595744729042053,0.3888888955116272
Race: White,184,0.5713623762130737,0.39354220032691956,0.4228452444076538,0.4061129689216614,0.6238532066345215
Race: Black,184,0.152046799659729,0.20000000298023224,0.21929824352264404,0.17752236127853394,0.1785714328289032
Race: Other,184,0.6906402111053467,0.6121584177017212,0.593095064163208,0.5710775852203369,0.5868263840675354
Overall,185,0.6613230109214783,0.5881478786468506,0.5778745412826538,0.579264760017395,0.6375404596328735
Gender: Male,185,0.6707546710968018,0.6771033406257629,0.5869811177253723,0.5813204646110535,0.7115384936332703
Gender: Female,185,0.6364790797233582,0.5478132963180542,0.550000011920929,0.5469170808792114,0.5620915293693542
Age: <40,185,0.6605000495910645,0.5922319889068604,0.574999988079071,0.5732176303863525,0.6312500238418579
Age: 40-50,185,0.7772727012634277,0.7135007977485657,0.6545454263687134,0.6616372466087341,0.7258064150810242
Age: 50-65,185,0.5617907047271729,0.5355113744735718,0.5394073128700256,0.5344827771186829,0.5862069129943848
Race: White,185,0.5816401243209839,0.4791666865348816,0.47387516498565674,0.4730118215084076,0.6212121248245239
Race: Black,185,0.3526569902896881,0.22285714745521545,0.26570048928260803,0.18431372940540314,0.1875
Race: Other,185,0.8571146726608276,0.7562699317932129,0.7215214967727661,0.7277847528457642,0.751724123954773
Overall,186,0.7165815830230713,0.6937352418899536,0.6398893594741821,0.6351315975189209,0.6813559532165527
Gender: Male,186,0.6832185983657837,0.7834665775299072,0.5930023193359375,0.5799094438552856,0.7305389642715454
Gender: Female,186,0.6735445857048035,0.6263763904571533,0.624048113822937,0.6166024804115295,0.6171875
Age: <40,186,0.740595817565918,0.7315500974655151,0.6562296152114868,0.6386473178863525,0.6764705777168274
Age: 40-50,186,0.7637255191802979,0.7694236040115356,0.7107843160629272,0.7293028831481934,0.8028168678283691
Age: 50-65,186,0.6494791507720947,0.5885416269302368,0.5708333253860474,0.5580357313156128,0.5909091234207153
Race: White,186,0.6404742002487183,0.5096982717514038,0.5049628019332886,0.4832535982131958,0.6590909361839294
Race: Black,186,0.3552631735801697,0.3888888955116272,0.3815789520740509,0.3324176073074341,0.3333333432674408
Race: Other,186,0.8333694934844971,0.8087639212608337,0.7641386985778809,0.7612007856369019,0.7720588445663452
Overall,187,0.6515064239501953,0.61989825963974,0.5969392657279968,0.5920482873916626,0.6313992738723755
Gender: Male,187,0.650626540184021,0.7003440856933594,0.6070175170898438,0.6016393303871155,0.7037037014961243
Gender: Female,187,0.6137529611587524,0.5434523820877075,0.5425407886505127,0.5398126840591431,0.5419847369194031
Age: <40,187,0.7061058282852173,0.7018909454345703,0.6477612257003784,0.636904776096344,0.6721311211585999
Age: 40-50,187,0.688811182975769,0.6030303239822388,0.5743007063865662,0.568859338760376,0.6428571343421936
Age: 50-65,187,0.5883777141571045,0.5534632205963135,0.5498385429382324,0.5487792491912842,0.5742574334144592
Race: White,187,0.5354348421096802,0.4884708821773529,0.49125632643699646,0.4763116240501404,0.5481481552124023
Race: Black,187,0.5620914697647095,0.4436090290546417,0.45098039507865906,0.380952388048172,0.38461539149284363
Race: Other,187,0.7831382751464844,0.7679347991943359,0.7354907989501953,0.7426900863647461,0.7651515603065491
Overall,188,0.6599200367927551,0.6181434392929077,0.5979509949684143,0.5965421199798584,0.6401384472846985
Gender: Male,188,0.6023276448249817,0.5833333134651184,0.5356829166412354,0.5121340155601501,0.6758620738983154
Gender: Female,188,0.6546859741210938,0.6031249761581421,0.6020289659500122,0.6018433570861816,0.6041666865348816
Age: <40,188,0.6640211343765259,0.6168244481086731,0.5897817611694336,0.57984858751297,0.6216216087341309
Age: 40-50,188,0.7569811344146729,0.7043478488922119,0.6950943470001221,0.6990740299224854,0.7435897588729858
Age: 50-65,188,0.5927749872207642,0.5555555820465088,0.545976996421814,0.5384615659713745,0.5799999833106995
Race: White,188,0.5694586038589478,0.5016666650772095,0.5014045238494873,0.49735450744628906,0.5864661931991577
Race: Black,188,0.3333333134651184,0.3303571343421936,0.35606062412261963,0.3274853825569153,0.3478260934352875
Race: Other,188,0.7920292615890503,0.7666393518447876,0.7238891124725342,0.7253401279449463,0.7443609237670898
Overall,189,0.67397141456604,0.616273045539856,0.6010733842849731,0.598342776298523,0.6258277893066406
Gender: Male,189,0.6574990749359131,0.6877031326293945,0.5635313391685486,0.5335053205490112,0.6838709712028503
Gender: Female,189,0.6300963759422302,0.5636193752288818,0.563194990158081,0.562987744808197,0.5646258592605591
Age: <40,189,0.659656286239624,0.6349416971206665,0.6151062846183777,0.6013048887252808,0.6165413856506348
Age: 40-50,189,0.7638095021247864,0.6535947918891907,0.6342856884002686,0.6406882405281067,0.7183098196983337
Age: 50-65,189,0.6435518264770508,0.5587301850318909,0.5547568798065186,0.5528031587600708,0.5714285373687744
Race: White,189,0.6093310117721558,0.4798535108566284,0.48167139291763306,0.47874897718429565,0.5384615659713745
Race: Black,189,0.3842105269432068,0.41904765367507935,0.4105263352394104,0.40242424607276917,0.41379308700561523
Race: Other,189,0.7583069801330566,0.7793689370155334,0.7276502847671509,0.7280219793319702,0.748251736164093
Overall,190,0.6601715087890625,0.5518813133239746,0.5416511297225952,0.532271683216095,0.5791245698928833
Gender: Male,190,0.7488755583763123,0.6068840622901917,0.5331709384918213,0.47826087474823,0.6266666650772095
Gender: Female,190,0.5939019918441772,0.5263059735298157,0.526374876499176,0.5263158082962036,0.5306122303009033
Age: <40,190,0.6936362981796265,0.609363317489624,0.5884848833084106,0.5881674289703369,0.6470588445663452
Age: 40-50,190,0.7214285731315613,0.6781818270683289,0.6166666746139526,0.6187499761581421,0.7049179673194885
Age: 50-65,190,0.5751023292541504,0.438374400138855,0.4459380507469177,0.42772215604782104,0.444444477558136
Race: White,190,0.6214678287506104,0.4833333492279053,0.48557692766189575,0.47959184646606445,0.5374149680137634
Race: Black,190,0.38461539149284363,0.24705883860588074,0.3162393271923065,0.24786324799060822,0.27272728085517883
Race: Other,190,0.7501868009567261,0.6927083730697632,0.6474470496177673,0.6430660486221313,0.6796875
Overall,191,0.6327160596847534,0.5867270231246948,0.5713624358177185,0.5619791746139526,0.594059407711029
Gender: Male,191,0.6287890672683716,0.6302134990692139,0.5603960752487183,0.5292115807533264,0.6385542154312134
Gender: Female,191,0.5788912773132324,0.5408120155334473,0.5407249927520752,0.5400480031967163,0.540145993232727
Age: <40,191,0.6695913076400757,0.6119047403335571,0.5976679921150208,0.5745179653167725,0.5833333730697632
Age: 40-50,191,0.7177033424377441,0.6734694242477417,0.6423444747924805,0.6510263681411743,0.7301587462425232
Age: 50-65,191,0.561904788017273,0.48846155405044556,0.49047619104385376,0.4791489243507385,0.5277777910232544
Race: White,191,0.5824922323226929,0.4819819927215576,0.4856366515159607,0.4747602939605713,0.5472972989082336
Race: Black,191,0.4571428596973419,0.49159663915634155,0.4928571581840515,0.44973546266555786,0.4583333432674408
Race: Other,191,0.7132866978645325,0.6955591440200806,0.6703962683677673,0.6603557467460632,0.6717557311058044
Overall,192,0.6834728717803955,0.6469309329986572,0.604568600654602,0.5881288647651672,0.6308724880218506
Gender: Male,192,0.641237735748291,0.6888138055801392,0.5770527124404907,0.5465365648269653,0.6626505851745605
Gender: Female,192,0.69654381275177,0.6043902635574341,0.5986175537109375,0.5874999761581421,0.5909091234207153
Age: <40,192,0.6894593238830566,0.7023809552192688,0.635165810585022,0.613762617111206,0.6541353464126587
Age: 40-50,192,0.8121042251586914,0.7846153974533081,0.669247031211853,0.6741855144500732,0.7435897588729858
Age: 50-65,192,0.5486258268356323,0.49074074625968933,0.49207186698913574,0.4741758108139038,0.49425286054611206
Race: White,192,0.6028368473052979,0.552744448184967,0.5323089361190796,0.5139114856719971,0.6171875
Race: Black,192,0.44021737575531006,0.3898809552192688,0.39945653080940247,0.28958332538604736,0.29032257199287415
Race: Other,192,0.8064582943916321,0.7502564191818237,0.7033333778381348,0.6992510557174683,0.7194244861602783
Overall,193,0.6339731216430664,0.6031944751739502,0.5799406170845032,0.5587627291679382,0.5868852734565735
Gender: Male,193,0.638924777507782,0.6152452230453491,0.5534375905990601,0.516062319278717,0.6201117038726807
Gender: Female,193,0.5406535863876343,0.549199104309082,0.5505882501602173,0.538636326789856,0.5396825671195984
Age: <40,193,0.6445895433425903,0.6371527910232544,0.6013293266296387,0.5697465538978577,0.5954198241233826
Age: 40-50,193,0.7262744903564453,0.6346320509910583,0.6219607591629028,0.6259229183197021,0.6842105388641357
Age: 50-65,193,0.5535714626312256,0.5401669144630432,0.5327380895614624,0.4880051016807556,0.5
Race: White,193,0.585802435874939,0.5122849941253662,0.5092592835426331,0.4976840019226074,0.5763888955116272
Race: Black,193,0.4117646813392639,0.3611111044883728,0.3739495873451233,0.2904347777366638,0.2916666865348816
Race: Other,193,0.7259740829467773,0.7080792784690857,0.6772727370262146,0.6427640318870544,0.6496350169181824
Overall,194,0.6473486423492432,0.6515849828720093,0.6048488616943359,0.5963031053543091,0.6552900671958923
Gender: Male,194,0.5890573859214783,0.6483173370361328,0.5458667874336243,0.5089213252067566,0.676300585269928
Gender: Female,194,0.6616666316986084,0.6293475031852722,0.625,0.6218222379684448,0.6250000596046448
Age: <40,194,0.6499999761581421,0.6815623044967651,0.6323077082633972,0.6284164786338806,0.6771653294563293
Age: 40-50,194,0.8592132329940796,0.7475649118423462,0.6578674912452698,0.6715686321258545,0.7611939907073975
Age: 50-65,194,0.5389664173126221,0.551948070526123,0.536095142364502,0.507239818572998,0.5555555820465088
Race: White,194,0.568721354007721,0.54537034034729,0.5306122303009033,0.5208836197853088,0.6326530575752258
Race: Black,194,0.3888888955116272,0.369047611951828,0.4126984179019928,0.26948052644729614,0.2800000011920929
Race: Other,194,0.8191192746162415,0.7965949773788452,0.7306299209594727,0.7341062426567078,0.7603305578231812
Overall,195,0.6823099255561829,0.6435307264328003,0.6060672402381897,0.5992817878723145,0.6494845747947693
Gender: Male,195,0.6784615516662598,0.6852196455001831,0.5695804357528687,0.5381324887275696,0.668571412563324
Gender: Female,195,0.6789865493774414,0.619306206703186,0.6178837418556213,0.6178497076034546,0.6206896305084229
Age: <40,195,0.709601879119873,0.7142153978347778,0.6699843406677246,0.6702628135681152,0.7034482955932617
Age: 40-50,195,0.6492247581481934,0.5245614051818848,0.5135658979415894,0.48764705657958984,0.6119402647018433
Age: 50-65,195,0.6610389947891235,0.5716102123260498,0.5548701286315918,0.5398058295249939,0.5822784900665283
Race: White,195,0.6892687082290649,0.5865346193313599,0.5612215995788574,0.5569053888320923,0.6507936716079712
Race: Black,195,0.2083333283662796,0.35317462682724,0.3715277910232544,0.31561994552612305,0.3199999928474426
Race: Other,195,0.7551358938217163,0.7302350401878357,0.6788752675056458,0.6766378879547119,0.7071428894996643
Overall,196,0.655672550201416,0.5832880735397339,0.5645847916603088,0.55448979139328,0.6013513803482056
Gender: Male,196,0.6776692867279053,0.579357385635376,0.5233926773071289,0.46154579520225525,0.6140350699424744
Gender: Female,196,0.6489963531494141,0.5837173461914062,0.5841482281684875,0.5833333730697632,0.5840000510215759
Age: <40,196,0.6520483493804932,0.6328493356704712,0.5961134433746338,0.5793576240539551,0.6209677457809448
Age: 40-50,196,0.7757894992828369,0.6801886558532715,0.6005263328552246,0.5846154093742371,0.6666666865348816
Age: 50-65,196,0.5912587642669678,0.5097032189369202,0.5089160799980164,0.5063406229019165,0.5412843823432922
Race: White,196,0.5784428119659424,0.5073588490486145,0.5064297318458557,0.5037202835083008,0.5797101259231567
Race: Black,196,0.35947710275650024,0.2986111044883728,0.3104575276374817,0.26814815402030945,0.26923078298568726
Race: Other,196,0.782960057258606,0.7401961088180542,0.6697067618370056,0.6562281847000122,0.689393937587738
Overall,197,0.6814639568328857,0.6321770548820496,0.6043683290481567,0.6005911827087402,0.6452702879905701
Gender: Male,197,0.6709957122802734,0.6638942956924438,0.5580086708068848,0.5288411378860474,0.6812500357627869
Gender: Female,197,0.6653679609298706,0.6024411916732788,0.6017315983772278,0.6015625,0.6029411554336548
Age: <40,197,0.7621498107910156,0.7029411792755127,0.6676672697067261,0.6648397445678711,0.6890756487846375
Age: 40-50,197,0.6815476417541504,0.6456582546234131,0.6160714626312256,0.6228735446929932,0.7125000357627869
Age: 50-65,197,0.5840480327606201,0.5177778005599976,0.5137221217155457,0.49391305446624756,0.5360824465751648
Race: White,197,0.550000011920929,0.4699999988079071,0.47543859481811523,0.46921849250793457,0.59375
Race: Black,197,0.4747474789619446,0.39141416549682617,0.39141416549682617,0.32258063554763794,0.32258063554763794
Race: Other,197,0.8216134309768677,0.7981423139572144,0.7457938194274902,0.7480459809303284,0.7664233446121216
Overall,198,0.639277458190918,0.5607378482818604,0.553682267665863,0.5496342778205872,0.5791245698928833
Gender: Male,198,0.6892654895782471,0.7044683694839478,0.5680791139602661,0.5238446593284607,0.6510066986083984
Gender: Female,198,0.5740808844566345,0.5106872916221619,0.510661780834198,0.5067342519760132,0.5067567825317383
Age: <40,198,0.7255880236625671,0.6557328701019287,0.6252079010009766,0.6135601997375488,0.6384615302085876
Age: 40-50,198,0.7506142854690552,0.6555184125900269,0.614250659942627,0.6141135692596436,0.6779661178588867
Age: 50-65,198,0.484375,0.4365079402923584,0.43607956171035767,0.43625587224960327,0.45370370149612427
Race: White,198,0.524796187877655,0.44268476963043213,0.43546196818351746,0.4375746250152588,0.5403225421905518
Race: Black,198,0.39047616720199585,0.38461539149284363,0.3142857253551483,0.3202614486217499,0.38461539149284363
Race: Other,198,0.7415771484375,0.6809524297714233,0.6477230787277222,0.6297946572303772,0.6462584733963013
Overall,199,0.7242673635482788,0.6630789041519165,0.6259157657623291,0.6107895374298096,0.6385135054588318
Gender: Male,199,0.7116718292236328,0.7439724206924438,0.5818567276000977,0.5401651859283447,0.6598639488220215
Gender: Female,199,0.7111474275588989,0.6261029243469238,0.6245461106300354,0.6171737909317017,0.6174496412277222
Age: <40,199,0.734355092048645,0.6943089365959167,0.6526181697845459,0.6380952596664429,0.660714328289032
Age: 40-50,199,0.8527020215988159,0.7622548937797546,0.7046867609024048,0.7026503086090088,0.72826087474823
Age: 50-65,199,0.5787234306335449,0.52173912525177,0.5163120627403259,0.4868153929710388,0.52173912525177
Race: White,199,0.6298460960388184,0.5603448152542114,0.5409117937088013,0.523219108581543,0.5958904027938843
Race: Black,199,0.5104166865348816,0.44871795177459717,0.4375,0.3978947401046753,0.40909093618392944
Race: Other,199,0.8258851766586304,0.7751461863517761,0.7297924757003784,0.7157180309295654,0.7265625
Overall,200,0.6810705661773682,0.6655996441841125,0.6353667974472046,0.6370072364807129,0.6793103218078613
Gender: Male,200,0.6494772434234619,0.7534722089767456,0.5776183009147644,0.5441044569015503,0.6858974695205688
Gender: Female,200,0.7174755334854126,0.6695652008056641,0.6732740998268127,0.6689872145652771,0.6716417670249939
Age: <40,200,0.6220178604125977,0.6264204978942871,0.6023282408714294,0.5993477702140808,0.6416667103767395
Age: 40-50,200,0.7844960689544678,0.8367924690246582,0.7767441868782043,0.7870833873748779,0.8082191944122314
Age: 50-65,200,0.6695852279663086,0.5802778005599976,0.566589891910553,0.5656716227531433,0.6288659572601318
Race: White,200,0.6373955011367798,0.6053479313850403,0.5976702570915222,0.6006191968917847,0.6899224519729614
Race: Black,200,0.32275134325027466,0.3174603283405304,0.3174603283405304,0.2666666805744171,0.2666666805744171
Race: Other,200,0.8134186267852783,0.7937134504318237,0.7381460666656494,0.7416173815727234,0.7633587718009949
Overall,201,0.6196625232696533,0.5555555820465088,0.5464341640472412,0.539473831653595,0.5794702172279358
Gender: Male,201,0.6465373039245605,0.5807453393936157,0.5391435027122498,0.5070276856422424,0.6226415038108826
Gender: Female,201,0.5680834054946899,0.528205156326294,0.5281385183334351,0.5281457901000977,0.5314685106277466
Age: <40,201,0.6889053583145142,0.6318589448928833,0.5979738235473633,0.58441561460495,0.625
Age: 40-50,201,0.68858802318573,0.6663442850112915,0.6663442850112915,0.6663442850112915,0.7101449370384216
Age: 50-65,201,0.4912280738353729,0.4097222089767456,0.421600878238678,0.4071202874183655,0.43809524178504944
Race: White,201,0.6035051345825195,0.5167696475982666,0.5156700611114502,0.5152127742767334,0.5782312750816345
Race: Black,201,0.4197530746459961,0.4166666865348816,0.4166666865348816,0.37037035822868347,0.37037038803100586
Race: Other,201,0.6885286569595337,0.6385965347290039,0.6067305207252502,0.5927889347076416,0.625
Overall,202,0.7079143524169922,0.6265503764152527,0.6064013242721558,0.6056783199310303,0.6454849243164062
Gender: Male,202,0.6998347043991089,0.6909722089767456,0.5954545736312866,0.5897223353385925,0.7090908885002136
Gender: Female,202,0.6695652008056641,0.5665102005004883,0.566332221031189,0.5662946701049805,0.5671641826629639
Age: <40,202,0.7140617966651917,0.664967954158783,0.6268472671508789,0.6207865476608276,0.6592592597007751
Age: 40-50,202,0.7608916759490967,0.6653439402580261,0.6266463994979858,0.6345120072364807,0.7205882668495178
Age: 50-65,202,0.6505542993545532,0.5583333373069763,0.555875837802887,0.5555053949356079,0.5729166865348816
Race: White,202,0.6203235387802124,0.46666669845581055,0.47345805168151855,0.46491900086402893,0.5777777433395386
Race: Black,202,0.5514705777168274,0.4895833432674408,0.4889705777168274,0.43910256028175354,0.4399999976158142
Race: Other,202,0.7936708927154541,0.7559101581573486,0.7283755540847778,0.7321772575378418,0.7482014298439026
Overall,203,0.6518975496292114,0.619634747505188,0.5932163000106812,0.5860278010368347,0.6292516589164734
Gender: Male,203,0.6454545259475708,0.6871428489685059,0.5850649476051331,0.5606490969657898,0.6666666865348816
Gender: Female,203,0.6376657485961914,0.5748792290687561,0.5740053057670593,0.5738272666931152,0.577235758304596
Age: <40,203,0.629419207572937,0.6051645874977112,0.5827020406723022,0.5527110695838928,0.5724637508392334
Age: 40-50,203,0.73115074634552,0.6637930870056152,0.6507936716079712,0.6563467383384705,0.7567567825317383
Age: 50-65,203,0.6053921580314636,0.5893939733505249,0.5723039507865906,0.5661375522613525,0.6097560524940491
Race: White,203,0.680654764175415,0.5908416509628296,0.5729166865348816,0.5729056596755981,0.6475409269332886
Race: Black,203,0.3526315689086914,0.39423078298568726,0.3842105269432068,0.3725961446762085,0.37931033968925476
Race: Other,203,0.6710317134857178,0.6863636374473572,0.6342262029647827,0.6236841678619385,0.6643356680870056
Overall,204,0.7034883499145508,0.6694895029067993,0.638178288936615,0.6379299163818359,0.6746575236320496
Gender: Male,204,0.674585223197937,0.7191846370697021,0.5861613750457764,0.5708181262016296,0.7077922224998474
Gender: Female,204,0.6817226409912109,0.6378800868988037,0.6371848583221436,0.6369949579238892,0.6376811861991882
Age: <40,204,0.7336523532867432,0.6940475702285767,0.6624800562858582,0.6563552618026733,0.6760563254356384
Age: 40-50,204,0.7954545021057129,0.7159091234207153,0.7159091234207153,0.7159091234207153,0.8181818127632141
Age: 50-65,204,0.6274597644805908,0.5855629444122314,0.568649411201477,0.5562343001365662,0.5894737243652344
Race: White,204,0.5705127716064453,0.455716609954834,0.46474358439445496,0.45489782094955444,0.5630252361297607
Race: Black,204,0.575757622718811,0.5357142686843872,0.5303030610084534,0.5068225860595703,0.52173912525177
Race: Other,204,0.8151726722717285,0.8222222328186035,0.7724100947380066,0.7736276388168335,0.7866666913032532
Overall,205,0.6761521100997925,0.6052036285400391,0.58114093542099,0.5562059879302979,0.5819398164749146
Gender: Male,205,0.6768734455108643,0.5992063283920288,0.5322320461273193,0.4527932405471802,0.5632911324501038
Gender: Female,205,0.6639676094055176,0.6073458194732666,0.6070849895477295,0.6028169393539429,0.6028368473052979
Age: <40,205,0.6967076063156128,0.6188836097717285,0.5915178656578064,0.555716872215271,0.5750000476837158
Age: 40-50,205,0.8309091329574585,0.765584409236908,0.6859090924263,0.696192741394043,0.7536231875419617
Age: 50-65,205,0.5433332920074463,0.5,0.5,0.4691389203071594,0.48181816935539246
Race: White,205,0.5923833847045898,0.4820164442062378,0.4867127239704132,0.465772420167923,0.5285714268684387
Race: Black,205,0.5833333134651184,0.5277777910232544,0.5416666865348816,0.444444477558136,0.46666669845581055
Race: Other,205,0.7622377872467041,0.7087912559509277,0.6660839319229126,0.6329284906387329,0.6458333134651184
Overall,206,0.6446753144264221,0.6257598400115967,0.583046019077301,0.568932056427002,0.6351351737976074
Gender: Male,206,0.6013196706771851,0.6794872283935547,0.5543988347053528,0.5140520334243774,0.6686046719551086
Gender: Female,206,0.649022102355957,0.5883500576019287,0.5826597213745117,0.5788211822509766,0.5887096524238586
Age: <40,206,0.6002423763275146,0.5599349737167358,0.5357576012611389,0.5054945349693298,0.5846154093742371
Age: 40-50,206,0.7384615540504456,0.7451612949371338,0.6461538672447205,0.6631578803062439,0.7777777910232544
Age: 50-65,206,0.6268116235733032,0.6136877536773682,0.5910326242446899,0.5723179578781128,0.5957446694374084
Race: White,206,0.6067817211151123,0.4907740652561188,0.49390244483947754,0.47723132371902466,0.6016259789466858
Race: Black,206,0.4788359999656677,0.4340277910232544,0.44973546266555786,0.35628020763397217,0.3658536374568939
Race: Other,206,0.7241461277008057,0.7891483306884766,0.7010986804962158,0.7061323523521423,0.75
Overall,207,0.6773488521575928,0.5925885438919067,0.5797209143638611,0.57634037733078,0.6094275712966919
Gender: Male,207,0.7201336622238159,0.7010869979858398,0.5927318334579468,0.5669889450073242,0.6645569801330566
Gender: Female,207,0.6281943917274475,0.5463768243789673,0.5469208359718323,0.5452562570571899,0.5467625856399536
Age: <40,207,0.6953846216201782,0.6244944334030151,0.6082417368888855,0.5987654328346252,0.614814817905426
Age: 40-50,207,0.7920634746551514,0.6889423131942749,0.6559523940086365,0.667243242263794,0.7654321193695068
Age: 50-65,207,0.5329669713973999,0.43529412150382996,0.4395604729652405,0.4319775700569153,0.4444444477558136
Race: White,207,0.5926034450531006,0.46714743971824646,0.46418169140815735,0.46491900086402893,0.5777777433395386
Race: Black,207,0.3629629611968994,0.36888113617897034,0.3611111044883728,0.2967836260795593,0.29729729890823364
Race: Other,207,0.8432376980781555,0.7801133394241333,0.7406506538391113,0.7275608777999878,0.7360000610351562
Overall,208,0.6527893543243408,0.593406617641449,0.5639097690582275,0.5460317730903625,0.6060605645179749
Gender: Male,208,0.6843582987785339,0.7214285731315613,0.5497326254844666,0.4910533130168915,0.6516854166984558
Gender: Female,208,0.5720746517181396,0.536878228187561,0.5364612936973572,0.5357168316841125,0.5378151535987854
Age: <40,208,0.6786171793937683,0.6756066083908081,0.6173709034919739,0.5891208648681641,0.6277372241020203
Age: 40-50,208,0.7978469133377075,0.7129629850387573,0.6238038539886475,0.6326530575752258,0.7460317611694336
Age: 50-65,208,0.5200348496437073,0.4308333396911621,0.44577527046203613,0.4258996248245239,0.4845360815525055
Race: White,208,0.5832147598266602,0.4681818187236786,0.47809386253356934,0.46523356437683105,0.6287878751754761
Race: Black,208,0.4642857313156128,0.4038461446762085,0.4107142984867096,0.36666667461395264,0.3684210479259491
Race: Other,208,0.7178618907928467,0.6792793273925781,0.6310935616493225,0.5944444537162781,0.6164383292198181
Overall,209,0.6527889370918274,0.5800051689147949,0.562399685382843,0.5569227933883667,0.617241382598877
Gender: Male,209,0.678787887096405,0.6540975570678711,0.5502047538757324,0.5191622376441956,0.6867469549179077
Gender: Female,209,0.5611416697502136,0.5216823220252991,0.5217334628105164,0.5216737389564514,0.524193525314331
Age: <40,209,0.6964959502220154,0.5925852060317993,0.5629379749298096,0.5431668162345886,0.6016259789466858
Age: 40-50,209,0.8040000200271606,0.7678571939468384,0.7100000381469727,0.7280799150466919,0.800000011920929
Age: 50-65,209,0.5203360319137573,0.4652981162071228,0.46861183643341064,0.4635944962501526,0.5051546096801758
Race: White,209,0.5229234099388123,0.489136666059494,0.4897518754005432,0.48914778232574463,0.6187050342559814
Race: Black,209,0.30000001192092896,0.2380952537059784,0.22499999403953552,0.2261904776096344,0.23076924681663513
Race: Other,209,0.805042028427124,0.708136796951294,0.6483193635940552,0.6236363649368286,0.6521739363670349
Overall,210,0.6393958330154419,0.576295018196106,0.5600194931030273,0.5459622144699097,0.5827814340591431
Gender: Male,210,0.701045036315918,0.7611615061759949,0.6089656352996826,0.5712418556213379,0.6585365533828735
Gender: Female,210,0.5557428598403931,0.48924845457077026,0.48935723304748535,0.4888889193534851,0.49275362491607666
Age: <40,210,0.6664502620697021,0.6038686037063599,0.5848484635353088,0.5243985652923584,0.5323740839958191
Age: 40-50,210,0.6894664764404297,0.697115421295166,0.6121751070022583,0.621052622795105,0.7500000596046448
Age: 50-65,210,0.5668067336082458,0.5023109316825867,0.5023109316825867,0.5023109316825867,0.553398072719574
Race: White,210,0.6033270955085754,0.4899947941303253,0.4909793734550476,0.48903632164001465,0.5815602540969849
Race: Black,210,0.3571428656578064,0.2976190447807312,0.2976190447807312,0.23999999463558197,0.23999999463558197
Race: Other,210,0.74106365442276,0.7155555486679077,0.6691368818283081,0.6336700320243835,0.6470588445663452
Overall,211,0.6368436813354492,0.607429563999176,0.5839934349060059,0.5608950853347778,0.5855263471603394
Gender: Male,211,0.6384259462356567,0.6348458528518677,0.5486111044883728,0.48516950011253357,0.5925925970077515
Gender: Female,211,0.6112115383148193,0.5828171968460083,0.5832831263542175,0.5773809552192688,0.577464759349823
Age: <40,211,0.684677004814148,0.6333333253860474,0.6120640635490417,0.5785936117172241,0.5882353186607361
Age: 40-50,211,0.6741176843643188,0.6360294222831726,0.5870588421821594,0.5728813409805298,0.6428571343421936
Age: 50-65,211,0.5345097780227661,0.5438966751098633,0.5366666913032532,0.5156616568565369,0.5346534848213196
Race: White,211,0.6051136255264282,0.5761904716491699,0.560606062412262,0.5517948865890503,0.5964912176132202
Race: Black,211,0.14999999105930328,0.21136364340782166,0.21136364340782166,0.19354838132858276,0.19354838132858276
Race: Other,211,0.7634749412536621,0.7191176414489746,0.6653456091880798,0.6353971362113953,0.654088020324707
Overall,212,0.6641852855682373,0.6104707717895508,0.5844292640686035,0.5588652491569519,0.5852090120315552
Gender: Male,212,0.6702970266342163,0.6540178656578064,0.5640470385551453,0.5124995112419128,0.6077348589897156
Gender: Female,212,0.6094545125961304,0.5614705085754395,0.5624242424964905,0.5534234046936035,0.5538461804389954
Age: <40,212,0.6650403738021851,0.6205188632011414,0.5958904027938843,0.574133574962616,0.5958904027938843
Age: 40-50,212,0.7351398468017578,0.6970310211181641,0.6276223659515381,0.6268088221549988,0.699999988079071
Age: 50-65,212,0.6016483306884766,0.5280500650405884,0.5235806107521057,0.4758473038673401,0.4842105507850647
Race: White,212,0.6317124366760254,0.5160256624221802,0.5095137357711792,0.48126208782196045,0.5815602540969849
Race: Black,212,0.2647058963775635,0.29870131611824036,0.2720588445663452,0.26948052644729614,0.2800000011920929
Race: Other,212,0.7450447082519531,0.6972222328186035,0.6724640130996704,0.6363811492919922,0.6413792967796326
Overall,213,0.6639204025268555,0.644393265247345,0.611268937587738,0.5996360778808594,0.6335616111755371
Gender: Male,213,0.6432458162307739,0.6349624395370483,0.5574584007263184,0.504093587398529,0.5974842309951782
Gender: Female,213,0.7197176218032837,0.6745129823684692,0.6713342666625977,0.6719440221786499,0.6766917705535889
Age: <40,213,0.6521738767623901,0.6533559560775757,0.6105327606201172,0.5836087465286255,0.6142857074737549
Age: 40-50,213,0.7219858169555664,0.7397504448890686,0.6907801628112793,0.7080062627792358,0.8064515590667725
Age: 50-65,213,0.6473214626312256,0.5606889128684998,0.555059552192688,0.5375360250473022,0.5444444417953491
Race: White,213,0.6242588758468628,0.5661375522613525,0.5494071245193481,0.54666668176651,0.6470588445663452
Race: Black,213,0.22549018263816833,0.2767857313156128,0.2549019753932953,0.21590909361839294,0.21739131212234497
Race: Other,213,0.7837346792221069,0.7439516186714172,0.706156313419342,0.6830572485923767,0.6917293667793274
Overall,214,0.6694906949996948,0.6215389966964722,0.6050034761428833,0.600458562374115,0.6245614290237427
Gender: Male,214,0.6208059787750244,0.5965689420700073,0.5327085256576538,0.4885343909263611,0.6447368264198303
Gender: Female,214,0.6320582628250122,0.5978161096572876,0.5968806743621826,0.5970388650894165,0.6015037894248962
Age: <40,214,0.6361607313156128,0.5874999761581421,0.5714285373687744,0.5508021712303162,0.5714285969734192
Age: 40-50,214,0.8042328357696533,0.7603687047958374,0.7242063283920288,0.7362288236618042,0.7831324934959412
Age: 50-65,214,0.5938735008239746,0.5441558361053467,0.5419960618019104,0.5375360250473022,0.5444444417953491
Race: White,214,0.6361746191978455,0.5604395866394043,0.5571725368499756,0.557965874671936,0.6106194853782654
Race: Black,214,0.2301587462425232,0.25,0.1785714328289032,0.17500001192092896,0.18518519401550293
Race: Other,214,0.7889399528503418,0.7393114566802979,0.7035017013549805,0.7007901668548584,0.7172414064407349
Overall,215,0.6382545232772827,0.6020840406417847,0.5844783186912537,0.5804125070571899,0.6203389763832092
Gender: Male,215,0.564393937587738,0.5563910007476807,0.5220959186553955,0.4890155792236328,0.6598639488220215
Gender: Female,215,0.6431702375411987,0.5816176533699036,0.5810810327529907,0.5803914070129395,0.5810810923576355
Age: <40,215,0.7161493301391602,0.7092311978340149,0.661605954170227,0.6602001190185547,0.6962962746620178
Age: 40-50,215,0.7752490043640137,0.699999988079071,0.6820768117904663,0.6883116960525513,0.7321428656578064
Age: 50-65,215,0.47788605093955994,0.4288194477558136,0.43853074312210083,0.4256410598754883,0.46153849363327026
Race: White,215,0.5653612613677979,0.49329501390457153,0.49420851469039917,0.48768723011016846,0.5365853309631348
Race: Black,215,0.25833332538604736,0.1339285671710968,0.15833333134651184,0.12878787517547607,0.1304347813129425
Race: Other,215,0.7527472972869873,0.77470862865448,0.7232853174209595,0.7325229644775391,0.7651006579399109
Overall,216,0.664170503616333,0.6330663561820984,0.6030663251876831,0.5989320278167725,0.6470588445663452
Gender: Male,216,0.6968523263931274,0.7508445978164673,0.5958837866783142,0.5764954090118408,0.7012194991111755
Gender: Female,216,0.6209790110588074,0.5798780918121338,0.5785214900970459,0.5784654021263123,0.5845070481300354
Age: <40,216,0.711939811706543,0.69792640209198,0.645313024520874,0.625363826751709,0.6535947918891907
Age: 40-50,216,0.8270676732063293,0.7259615659713745,0.7019333839416504,0.7114568948745728,0.779411792755127
Age: 50-65,216,0.49761050939559937,0.45862552523612976,0.4647550582885742,0.4572158455848694,0.529411792755127
Race: White,216,0.603715181350708,0.5206971764564514,0.5176470875740051,0.516934335231781,0.6511628031730652
Race: Black,216,0.7222222089767456,0.459090918302536,0.472222238779068,0.35624122619628906,0.37037038803100586
Race: Other,216,0.7053062915802002,0.7231990098953247,0.685363233089447,0.6767241358757019,0.6933333277702332
Overall,217,0.6441636085510254,0.6008083820343018,0.5767922401428223,0.5656631588935852,0.6107382774353027
Gender: Male,217,0.5922396183013916,0.5519813299179077,0.5151804089546204,0.4582180380821228,0.6292135119438171
Gender: Female,217,0.6474519968032837,0.5829397439956665,0.5831245183944702,0.5828698873519897,0.5833333730697632
Age: <40,217,0.6796536445617676,0.6324098110198975,0.5988456010818481,0.5751372575759888,0.604651153087616
Age: 40-50,217,0.7246767282485962,0.6796938180923462,0.6201508641242981,0.621436357498169,0.699999988079071
Age: 50-65,217,0.48353099822998047,0.4870370626449585,0.4884716868400574,0.48241379857063293,0.5189873576164246
Race: White,217,0.6177549362182617,0.5450680255889893,0.5388848185539246,0.5374796390533447,0.60447758436203
Race: Black,217,0.5166666507720947,0.4855072498321533,0.4888888895511627,0.3725961446762085,0.37931033968925476
Race: Other,217,0.7337173223495483,0.6953883171081543,0.642667293548584,0.6309458613395691,0.6666666269302368
Overall,218,0.6732204556465149,0.5870145559310913,0.5736111402511597,0.5695691108703613,0.6071428656578064
Gender: Male,218,0.7381801605224609,0.7029411792755127,0.5923283100128174,0.5817095637321472,0.7052022814750671
Gender: Female,218,0.5487483739852905,0.48122531175613403,0.48122531175613403,0.48122531175613403,0.4814814627170563
Age: <40,218,0.6960784196853638,0.6368243098258972,0.6149380803108215,0.6078832149505615,0.6320000290870667
Age: 40-50,218,0.8163043260574341,0.7892156839370728,0.6923912763595581,0.7032967209815979,0.7619048357009888
Age: 50-65,218,0.5625,0.4624999761581421,0.4652777910232544,0.4617224931716919,0.5
Race: White,218,0.6258503198623657,0.47846585512161255,0.4820365607738495,0.4757532477378845,0.565517246723175
Race: Black,218,0.4705882668495178,0.4491978883743286,0.4491978883743286,0.4285714328289032,0.4285714626312256
Race: Other,218,0.7467962503433228,0.7023809552192688,0.6746575236320496,0.671570897102356,0.6888888478279114
Overall,219,0.7189582586288452,0.6563028693199158,0.6248427629470825,0.6203027963638306,0.6554054021835327
Gender: Male,219,0.720336377620697,0.6724923849105835,0.6041284799575806,0.6005454659461975,0.692307710647583
Gender: Female,219,0.6768656969070435,0.6162281036376953,0.6120646595954895,0.6043120622634888,0.6062992215156555
Age: <40,219,0.7478516101837158,0.6749863624572754,0.6450700759887695,0.6302277445793152,0.6466165781021118
Age: 40-50,219,0.7918128967285156,0.7388888597488403,0.6508771777153015,0.6656217575073242,0.765625
Age: 50-65,219,0.6474519968032837,0.5782608985900879,0.567669153213501,0.5634920597076416,0.5959596037864685
Race: White,219,0.6747967004776001,0.5392304062843323,0.5277483463287354,0.5152243375778198,0.5999999642372131
Race: Black,219,0.29523807764053345,0.3636363744735718,0.34285715222358704,0.34188035130500793,0.3636363744735718
Race: Other,219,0.7669241428375244,0.7529411911964417,0.7051340341567993,0.7065712213516235,0.7317072749137878
Overall,220,0.6273608207702637,0.6153090000152588,0.588014543056488,0.5821704864501953,0.6348122954368591
Gender: Male,220,0.603186845779419,0.7005033493041992,0.5739480257034302,0.5379999876022339,0.6606060266494751
Gender: Female,220,0.6579079031944275,0.5924034714698792,0.5928428173065186,0.5925856828689575,0.6015625
Age: <40,220,0.6977567672729492,0.6862434148788452,0.6385281682014465,0.6249933242797852,0.6573426723480225
Age: 40-50,220,0.6928104162216187,0.5648148059844971,0.5549019575119019,0.5576719641685486,0.7121212482452393
Age: 50-65,220,0.45888441801071167,0.512499988079071,0.51035076379776,0.4980848729610443,0.5357142686843872
Race: White,220,0.5844155550003052,0.5148809552192688,0.5115955471992493,0.5065637230873108,0.6197183132171631
Race: Black,220,0.4259259104728699,0.3333333432674408,0.3333333432674408,0.25,0.25
Race: Other,220,0.7258551120758057,0.747826099395752,0.7007042169570923,0.700330376625061,0.7244094610214233
Overall,221,0.67674320936203,0.6391245126724243,0.6243680119514465,0.6281801462173462,0.6782007217407227
Gender: Male,221,0.6459009647369385,0.6388065814971924,0.5665584206581116,0.5618836283683777,0.7243589758872986
Gender: Female,221,0.6509695053100586,0.6225113272666931,0.625,0.6214708685874939,0.6240601539611816
Age: <40,221,0.7332867383956909,0.6831140518188477,0.6556020975112915,0.658906102180481,0.6940298080444336
Age: 40-50,221,0.6438127160072327,0.5880681872367859,0.5777592062950134,0.5815603137016296,0.7288135886192322
Age: 50-65,221,0.5971896648406982,0.5916305780410767,0.5892271399497986,0.5901328325271606,0.625
Race: White,221,0.6310204267501831,0.5198924541473389,0.5226530432701111,0.5199428796768188,0.6666666269302368
Race: Black,221,0.4583333730697632,0.4583333432674408,0.4583333432674408,0.3636363744735718,0.3636363744735718
Race: Other,221,0.7474206686019897,0.7369121313095093,0.711904764175415,0.7163591384887695,0.7361111044883728
Overall,222,0.5896829962730408,0.5474750995635986,0.5371246337890625,0.5259090662002563,0.5771812200546265
Gender: Male,222,0.6625920534133911,0.6512539386749268,0.5710603594779968,0.5349442958831787,0.628742516040802
Gender: Female,222,0.53559410572052,0.49591147899627686,0.49591147899627686,0.49591147899627686,0.5114504098892212
Age: <40,222,0.7146965265274048,0.6318131685256958,0.6022433042526245,0.5832309722900391,0.6101694703102112
Age: 40-50,222,0.6480908393859863,0.5876436829566956,0.5629515051841736,0.5649600028991699,0.699999988079071
Age: 50-65,222,0.414650559425354,0.4264069199562073,0.43716397881507874,0.42357224225997925,0.4636363387107849
Race: White,222,0.43617022037506104,0.4057125449180603,0.41625750064849854,0.4083476960659027,0.47200003266334534
Race: Black,222,0.4592592716217041,0.4166666865348816,0.4333333373069763,0.3650793731212616,0.375
Race: Other,222,0.7374861240386963,0.719305157661438,0.6556358933448792,0.6523205041885376,0.6979866027832031
Overall,223,0.7056370377540588,0.640392005443573,0.6119259595870972,0.6081311106681824,0.6484641432762146
Gender: Male,223,0.6764285564422607,0.643822431564331,0.5532143115997314,0.5326923131942749,0.7037037014961243
Gender: Female,223,0.6339453458786011,0.5821661949157715,0.5828624963760376,0.5797609090805054,0.580152690410614
Age: <40,223,0.6987264156341553,0.619059681892395,0.6034255623817444,0.5922844409942627,0.6074073910713196
Age: 40-50,223,0.8283045291900635,0.7542016506195068,0.6738505959510803,0.6917293071746826,0.7804877758026123
Age: 50-65,223,0.5724431276321411,0.5535714626312256,0.5426136255264282,0.5323076844215393,0.5789473652839661
Race: White,223,0.6505848169326782,0.5811881422996521,0.5719298124313354,0.5746753215789795,0.6793892979621887
Race: Black,223,0.21666666865348816,0.36274510622024536,0.2666666805744171,0.20384615659713745,0.21739131212234497
Race: Other,223,0.7845579385757446,0.7167744636535645,0.6807804107666016,0.6733344197273254,0.6906474828720093
Overall,224,0.5885478258132935,0.5373116135597229,0.5297127366065979,0.5186991095542908,0.5674740672111511
Gender: Male,224,0.6135249137878418,0.6181818246841431,0.5318681597709656,0.4607493281364441,0.6025640964508057
Gender: Female,224,0.5804730653762817,0.5245475172996521,0.5251623392105103,0.522428035736084,0.5263158082962036
Age: <40,224,0.5844723582267761,0.5856958627700806,0.5545380115509033,0.5140562057495117,0.5619834661483765
Age: 40-50,224,0.7130434513092041,0.6058823466300964,0.5880434513092041,0.5917525887489319,0.6818181872367859
Age: 50-65,224,0.5361111164093018,0.4738045930862427,0.4750000238418579,0.4732151925563812,0.5
Race: White,224,0.47311830520629883,0.41343042254447937,0.4280914068222046,0.4183673560619354,0.548872172832489
Race: Black,224,0.32380950450897217,0.3272727429866791,0.31904762983322144,0.28958332538604736,0.29032257199287415
Race: Other,224,0.7294871807098389,0.682539701461792,0.6474359035491943,0.6349745392799377,0.656000018119812
Overall,225,0.655011773109436,0.6249206066131592,0.5925882458686829,0.5825381278991699,0.6305084824562073
Gender: Male,225,0.6523076295852661,0.802150547504425,0.6029304265975952,0.574999988079071,0.6941176652908325
Gender: Female,225,0.6133333444595337,0.5422077775001526,0.5416666865348816,0.5410628318786621,0.5440000295639038
Age: <40,225,0.6317460536956787,0.6461164951324463,0.6023809313774109,0.5784076452255249,0.6165413856506348
Age: 40-50,225,0.7857142686843872,0.6745283007621765,0.6554622054100037,0.6634615659713745,0.7846153974533081
Age: 50-65,225,0.593962550163269,0.5538302659988403,0.5442177057266235,0.5240856409072876,0.5463917255401611
Race: White,225,0.5492631196975708,0.49275362491607666,0.49473685026168823,0.4821428656578064,0.5862069129943848
Race: Black,225,0.244047611951828,0.35606062412261963,0.3303571343421936,0.30288460850715637,0.3103448152542114
Race: Other,225,0.84466552734375,0.8187781572341919,0.7350746393203735,0.7341062426567078,0.7603305578231812
Overall,226,0.6469216346740723,0.5885278582572937,0.5691853165626526,0.5697072148323059,0.6599326729774475
Gender: Male,226,0.674696683883667,0.6421540379524231,0.5431686639785767,0.5207144618034363,0.7261905074119568
Gender: Female,226,0.5905612111091614,0.5555555820465088,0.5573979616165161,0.5555903315544128,0.5736433863639832
Age: <40,226,0.7398313283920288,0.6951401829719543,0.6294642686843872,0.6307824850082397,0.7045454978942871
Age: 40-50,226,0.6711065769195557,0.6308823823928833,0.6367827653884888,0.6336088180541992,0.7532467246055603
Age: 50-65,226,0.5033482313156128,0.43043479323387146,0.4419642984867096,0.4314049482345581,0.5113636255264282
Race: White,226,0.5840277671813965,0.5090090036392212,0.506944477558136,0.5004830956459045,0.609929084777832
Race: Black,226,0.4040404260158539,0.4166666865348816,0.4292929172515869,0.41333335638046265,0.45000001788139343
Race: Other,226,0.7459473609924316,0.6981952786445618,0.6557750701904297,0.6664564609527588,0.7426470518112183
Overall,227,0.6289428472518921,0.6013513803482056,0.5775753855705261,0.5668715238571167,0.6114864945411682
Gender: Male,227,0.6345967054367065,0.6885844469070435,0.566893458366394,0.5262715220451355,0.6521739363670349
Gender: Female,227,0.5926496386528015,0.5606601238250732,0.5598591566085815,0.5594823360443115,0.5629629492759705
Age: <40,227,0.6974413394927979,0.683323860168457,0.6368870139122009,0.615807294845581,0.6423357725143433
Age: 40-50,227,0.73799729347229,0.7206730842590332,0.6574074029922485,0.6675786972045898,0.7407407760620117
Age: 50-65,227,0.3959595561027527,0.375,0.3909091055393219,0.3779904246330261,0.42307692766189575
Race: White,227,0.5855072736740112,0.496716171503067,0.4972222149372101,0.49308666586875916,0.5839415788650513
Race: Black,227,0.13333332538604736,0.2857142984867096,0.2666666805744171,0.23636364936828613,0.2380952388048172
Race: Other,227,0.7405928373336792,0.7584415674209595,0.688248872756958,0.6706818342208862,0.695652186870575
Overall,228,0.6440638303756714,0.6197107434272766,0.597953200340271,0.5930898785591125,0.6296296119689941
Gender: Male,228,0.6458579897880554,0.6547619104385376,0.5528846383094788,0.5087209343910217,0.6449704170227051
Gender: Female,228,0.6258869171142578,0.6107169389724731,0.6107169389724731,0.609375,0.609375
Age: <40,228,0.6970149278640747,0.681531548500061,0.650373101234436,0.64140784740448,0.6614173054695129
Age: 40-50,228,0.7923976182937622,0.8096153736114502,0.7353801131248474,0.7598683834075928,0.835616409778595
Age: 50-65,228,0.46468085050582886,0.41826921701431274,0.4276595711708069,0.41276830434799194,0.4329896867275238
Race: White,228,0.5634900331497192,0.49237173795700073,0.49308523535728455,0.49157896637916565,0.5942029356956482
Race: Black,228,0.609375,0.4578947424888611,0.46875,0.3650793731212616,0.375
Race: Other,228,0.743302583694458,0.7511520385742188,0.7154150009155273,0.7016828060150146,0.7111110687255859
Overall,229,0.7105824947357178,0.6636186242103577,0.6393201351165771,0.6409945487976074,0.6756756901741028
Gender: Male,229,0.7054673433303833,0.7726821303367615,0.6210317611694336,0.6102246642112732,0.7134503126144409
Gender: Female,229,0.7104036808013916,0.6262820959091187,0.6274585723876953,0.6236145496368408,0.6240000128746033
Age: <40,229,0.6552910208702087,0.6691666841506958,0.6074073910713196,0.5885369777679443,0.6451612710952759
Age: 40-50,229,0.922520637512207,0.906521737575531,0.8863636255264282,0.8952381014823914,0.9090909361839294
Age: 50-65,229,0.6404577493667603,0.5470919609069824,0.5463270545005798,0.546502947807312,0.5660377740859985
Race: White,229,0.6855113506317139,0.5602150559425354,0.5556818246841431,0.5568324327468872,0.6328125
Race: Black,229,0.4920634925365448,0.5082417726516724,0.511904776096344,0.47218045592308044,0.5185185074806213
Race: Other,229,0.755297064781189,0.7646825313568115,0.7078313231468201,0.7127659320831299,0.7446808218955994
Overall,230,0.6121656894683838,0.5487854480743408,0.534656286239624,0.516987681388855,0.5802047848701477
Gender: Male,230,0.6505262851715088,0.558624804019928,0.522180438041687,0.4614729583263397,0.581818163394928
Gender: Female,230,0.6217105388641357,0.5583333373069763,0.5566801428794861,0.5569230914115906,0.578125
Age: <40,230,0.6153333187103271,0.5801068544387817,0.5533333420753479,0.5279720425605774,0.585185170173645
Age: 40-50,230,0.7079153060913086,0.5740740299224854,0.5356744527816772,0.5053763389587402,0.6290322542190552
Age: 50-65,230,0.5501574277877808,0.505403995513916,0.5047233700752258,0.49905121326446533,0.5416666865348816
Race: White,230,0.5476190447807312,0.45218777656555176,0.46293801069259644,0.45339593291282654,0.6013513803482056
Race: Black,230,0.40340909361839294,0.4875776469707489,0.4886363744735718,0.3659621775150299,0.36666667461395264
Race: Other,230,0.7232304811477661,0.6469526290893555,0.6108590364456177,0.584036648273468,0.6086956262588501
Overall,231,0.6081300973892212,0.5922220945358276,0.5741192698478699,0.562405526638031,0.5953177213668823
Gender: Male,231,0.573161780834198,0.643947958946228,0.5467830896377563,0.483398973941803,0.6040268540382385
Gender: Female,231,0.6359422206878662,0.5850778222084045,0.5847744941711426,0.5848214626312256,0.5866667032241821
Age: <40,231,0.6415175199508667,0.6369701623916626,0.6115728616714478,0.5936537981033325,0.6131386756896973
Age: 40-50,231,0.681777834892273,0.6883385181427002,0.6622222065925598,0.6685606241226196,0.7142857313156128
Age: 50-65,231,0.5152381062507629,0.44485294818878174,0.4571428596973419,0.43297380208969116,0.47826087474823
Race: White,231,0.5380567312240601,0.4553571343421936,0.4645749032497406,0.45310676097869873,0.5442177057266235
Race: Black,231,0.39256197214126587,0.38999998569488525,0.40909090638160706,0.32777780294418335,0.3333333432674408
Race: Other,231,0.7727529406547546,0.767147421836853,0.73558509349823,0.7240579724311829,0.7310924530029297
Overall,232,0.5563910007476807,0.49868422746658325,0.4989851713180542,0.47860628366470337,0.5236486792564392
Gender: Male,232,0.622265100479126,0.5523767471313477,0.5191441774368286,0.4407079517841339,0.544303834438324
Gender: Female,232,0.5318601131439209,0.49038463830947876,0.49034541845321655,0.4903388023376465,0.5
Age: <40,232,0.5107668042182922,0.4607059955596924,0.46901261806488037,0.4479542076587677,0.49193546175956726
Age: 40-50,232,0.729567289352417,0.6607142686843872,0.629807710647583,0.6402116417884827,0.7647058963775635
Age: 50-65,232,0.5085779428482056,0.42686697840690613,0.43690431118011475,0.3958021104335785,0.4038461744785309
Race: White,232,0.5003631114959717,0.39501678943634033,0.40922293066978455,0.398266464471817,0.46212121844291687
Race: Black,232,0.5113636255264282,0.4404761791229248,0.4573863744735718,0.3863636255264282,0.40740740299224854
Race: Other,232,0.6329492330551147,0.6342262029647827,0.5962441563606262,0.5710806846618652,0.6058394312858582
Overall,233,0.6370822191238403,0.5858068466186523,0.5718157291412354,0.5681049823760986,0.6105610728263855
Gender: Male,233,0.6369637250900269,0.733134925365448,0.5816397666931152,0.5549296140670776,0.689873456954956
Gender: Female,233,0.5838128328323364,0.523220419883728,0.5233985185623169,0.5226849913597107,0.5241379141807556
Age: <40,233,0.6207184791564941,0.6104878187179565,0.5946115255355835,0.5933895111083984,0.631205677986145
Age: 40-50,233,0.8034371733665466,0.6442307829856873,0.6288936734199524,0.6345120072364807,0.7205882668495178
Age: 50-65,233,0.5513807535171509,0.5,0.5,0.4787020683288574,0.4999999701976776
Race: White,233,0.5438627004623413,0.4713450074195862,0.47451457381248474,0.47041112184524536,0.5408805012702942
Race: Black,233,0.3444444537162781,0.3499999940395355,0.3499999940395355,0.2857142984867096,0.2857142984867096
Race: Other,233,0.7757313251495361,0.7769332528114319,0.7269772291183472,0.731831431388855,0.7560975551605225
Overall,234,0.6667097806930542,0.6584721803665161,0.6228784322738647,0.6063790321350098,0.6327868700027466
Gender: Male,234,0.5736842155456543,0.6428571939468384,0.5414474010467529,0.48129624128341675,0.6226415038108826
Gender: Female,234,0.7099847793579102,0.648755669593811,0.6503430008888245,0.6435680389404297,0.6438356041908264
Age: <40,234,0.6950646638870239,0.6787209510803223,0.6505091786384583,0.6311637163162231,0.6433566212654114
Age: 40-50,234,0.757617712020874,0.7823426723480225,0.7236841917037964,0.7393292784690857,0.7894737124443054
Age: 50-65,234,0.5917997360229492,0.5509259104728699,0.5359216332435608,0.49760764837265015,0.5333333611488342
Race: White,234,0.6306849718093872,0.5708695650100708,0.5446575284004211,0.522765040397644,0.6016259789466858
Race: Black,234,0.1428571343421936,0.20000000298023224,0.1428571492433548,0.1666666716337204,0.20000000298023224
Race: Other,234,0.7387195229530334,0.75790935754776,0.7124999761581421,0.6973166465759277,0.709876537322998
Overall,235,0.6635574102401733,0.5962303876876831,0.5685185194015503,0.5472390055656433,0.5925925970077515
Gender: Male,235,0.737751841545105,0.7661857604980469,0.5935022830963135,0.533344030380249,0.625
Gender: Female,235,0.5870646238327026,0.5379551649093628,0.5374516248703003,0.5373653173446655,0.5454545021057129
Age: <40,235,0.6432015895843506,0.6133970022201538,0.5830520987510681,0.5607647895812988,0.5968992114067078
Age: 40-50,235,0.7974300384521484,0.7104166746139526,0.6526832580566406,0.6594836711883545,0.7236841917037964
Age: 50-65,235,0.5768321752548218,0.4775318503379822,0.48416078090667725,0.4401623010635376,0.47826087474823
Race: White,235,0.5470678806304932,0.4530303180217743,0.46412035822868347,0.44871795177459717,0.5348837375640869
Race: Black,235,0.36666667461395264,0.41025641560554504,0.38333332538604736,0.30812326073646545,0.31578946113586426
Race: Other,235,0.7913058996200562,0.749465823173523,0.6684703826904297,0.6455194354057312,0.6778523325920105
Overall,236,0.639594316482544,0.6017299294471741,0.5863959789276123,0.5784646272659302,0.6032786965370178
Gender: Male,236,0.6867761611938477,0.699999988079071,0.5677614808082581,0.5147863626480103,0.6298701167106628
Gender: Female,236,0.6033695936203003,0.5765718221664429,0.5765180587768555,0.5761403441429138,0.5761589407920837
Age: <40,236,0.6586601734161377,0.6441347599029541,0.6164383292198181,0.5970826148986816,0.6164383292198181
Age: 40-50,236,0.8064181804656982,0.7135306596755981,0.7091097235679626,0.7111111283302307,0.7384615540504456
Age: 50-65,236,0.5075239539146423,0.46843504905700684,0.4728682339191437,0.459770143032074,0.4893616735935211
Race: White,236,0.6002083420753479,0.5451680421829224,0.5358333587646484,0.5320512652397156,0.6164383292198181
Race: Black,236,0.364705890417099,0.4176136255264282,0.41470590233802795,0.4155844449996948,0.4444444477558136
Race: Other,236,0.7286840081214905,0.6630789041519165,0.6556006669998169,0.6204279065132141,0.6212121248245239
Overall,237,0.6394819021224976,0.6117011308670044,0.584428071975708,0.5751826763153076,0.6233333349227905
Gender: Male,237,0.6220486164093018,0.5616438388824463,0.515625,0.44746163487434387,0.6153846383094788
Gender: Female,237,0.6684149503707886,0.628747820854187,0.6276223659515381,0.6279069781303406,0.631944477558136
Age: <40,237,0.6159498691558838,0.6067505478858948,0.5836021304130554,0.5796703100204468,0.6339869499206543
Age: 40-50,237,0.7456479668617249,0.7177602052688599,0.686170220375061,0.696192741394043,0.7536231875419617
Age: 50-65,237,0.603609561920166,0.5305555462837219,0.5220588445663452,0.4646533727645874,0.4871794879436493
Race: White,237,0.5900592803955078,0.5453546643257141,0.5329457521438599,0.5292207598686218,0.6551724076271057
Race: Black,237,0.18823528289794922,0.3125,0.28823530673980713,0.2256728708744049,0.22727273404598236
Race: Other,237,0.7528268098831177,0.6814516186714172,0.6526458859443665,0.6392688751220703,0.6541353464126587
Overall,238,0.6307231187820435,0.6000000238418579,0.5858466625213623,0.5821124911308289,0.6133333444595337
Gender: Male,238,0.63420569896698,0.6759868860244751,0.5651247501373291,0.5324985384941101,0.6666666865348816
Gender: Female,238,0.5631313323974609,0.5461323261260986,0.5454545617103577,0.5437787771224976,0.5454545617103577
Age: <40,238,0.6254476308822632,0.6416666507720947,0.6217474341392517,0.6166635155677795,0.6384615302085876
Age: 40-50,238,0.7185184955596924,0.678074836730957,0.6370370388031006,0.6399999856948853,0.694444477558136
Age: 50-65,238,0.5612244606018066,0.496736615896225,0.4970238208770752,0.4924517869949341,0.5204081535339355
Race: White,238,0.5701010227203369,0.5416275858879089,0.5358585715293884,0.5328608155250549,0.5862069129943848
Race: Black,238,0.2929292917251587,0.2929292917251587,0.2929292917251587,0.27586206793785095,0.27586206793785095
Race: Other,238,0.775672197341919,0.7338516712188721,0.7002561092376709,0.7017650604248047,0.7222222685813904
Overall,239,0.6557407379150391,0.5953947305679321,0.5727053284645081,0.5660466551780701,0.6233333349227905
Gender: Male,239,0.6436454057693481,0.6697044372558594,0.5613207817077637,0.5367188453674316,0.6918238997459412
Gender: Female,239,0.6236363649368286,0.5417531728744507,0.5406060814857483,0.5394038558006287,0.5460992455482483
Age: <40,239,0.6636976003646851,0.5819149017333984,0.5648772120475769,0.5456873774528503,0.5736433863639832
Age: 40-50,239,0.7626488208770752,0.6942934989929199,0.6595982313156128,0.6718146800994873,0.7764706015586853
Age: 50-65,239,0.5383333563804626,0.5065934062004089,0.5049999952316284,0.4883294999599457,0.5465116500854492
Race: White,239,0.6309692859649658,0.5407705903053284,0.5322695374488831,0.5291818380355835,0.6258993148803711
Race: Black,239,0.3489583134651184,0.3245614171028137,0.34375,0.31354838609695435,0.3214285969734192
Race: Other,239,0.7625287771224976,0.7066831588745117,0.6535632014274597,0.6473485231399536,0.6842105388641357
Overall,240,0.6270959377288818,0.6193236708641052,0.5884966254234314,0.5801110863685608,0.6326530575752258
Gender: Male,240,0.6063829660415649,0.6909722089767456,0.5566232204437256,0.5039745569229126,0.6410256624221802
Gender: Female,240,0.6700278520584106,0.6140351295471191,0.612958550453186,0.6133620738983154,0.6231884360313416
Age: <40,240,0.7162036895751953,0.6698718070983887,0.6226851940155029,0.6185300350189209,0.6716417670249939
Age: 40-50,240,0.6551459431648254,0.675438642501831,0.638248860836029,0.6349999904632568,0.6712328791618347
Age: 50-65,240,0.44117647409439087,0.4910447597503662,0.49346405267715454,0.4733656048774719,0.540229856967926
Race: White,240,0.5435185432434082,0.49462366104125977,0.49537035822868347,0.4917222857475281,0.5785123705863953
Race: Black,240,0.32954543828964233,0.25,0.29545456171035767,0.1964285671710968,0.20000001788139343
Race: Other,240,0.7921711206436157,0.8179898262023926,0.7279055714607239,0.7340659499168396,0.7692307829856873
Overall,241,0.718068540096283,0.652221143245697,0.6127985715866089,0.6126855611801147,0.6759582161903381
Gender: Male,241,0.7329331040382385,0.6737775802612305,0.562178373336792,0.5397337675094604,0.699386477470398
Gender: Female,241,0.6920634508132935,0.6378378868103027,0.6349206566810608,0.6356837749481201,0.6451612710952759
Age: <40,241,0.6873286962509155,0.6342105269432068,0.5967742204666138,0.5963499546051025,0.6736111044883728
Age: 40-50,241,0.8184143304824829,0.7661538124084473,0.7212276458740234,0.737500011920929,0.80952388048172
Age: 50-65,241,0.7004377841949463,0.5891848802566528,0.5691056847572327,0.54666668176651,0.574999988079071
Race: White,241,0.7191489934921265,0.5994667410850525,0.5737082362174988,0.57741379737854,0.7054263353347778
Race: Black,241,0.4871794879436493,0.4365079402923584,0.44871795177459717,0.4166666865348816,0.4399999976158142
Race: Other,241,0.7714154720306396,0.7156863212585449,0.6662849187850952,0.6610727906227112,0.6917293667793274
Overall,242,0.6066666841506958,0.5596591234207153,0.5486111044883728,0.5425000190734863,0.59333336353302
Gender: Male,242,0.6427030563354492,0.5840607285499573,0.5318475961685181,0.48761868476867676,0.6279069781303406
Gender: Female,242,0.5638854503631592,0.5457875728607178,0.5466998815536499,0.5440923571586609,0.546875
Age: <40,242,0.5522290468215942,0.5181818008422852,0.5131118893623352,0.49987679719924927,0.5857142806053162
Age: 40-50,242,0.7474747896194458,0.7184600830078125,0.6982322931289673,0.7039719223976135,0.7323943376541138
Age: 50-65,242,0.5579268336296082,0.47658079862594604,0.4796748161315918,0.4674910306930542,0.49438202381134033
Race: White,242,0.6352564096450806,0.5757352709770203,0.5660256147384644,0.56589674949646,0.6197183132171631
Race: Black,242,0.3186812996864319,0.32967033982276917,0.32967033982276917,0.30000001192092896,0.30000001192092896
Race: Other,242,0.622343897819519,0.5766233801841736,0.5581599473953247,0.549564778804779,0.6086956858634949
Overall,243,0.737423300743103,0.6809401512145996,0.6391542553901672,0.627447247505188,0.6567656993865967
Gender: Male,243,0.7583333253860474,0.744369387626648,0.5986363887786865,0.5697004795074463,0.6746987700462341
Gender: Female,243,0.696053147315979,0.6422077417373657,0.6409266591072083,0.634861409664154,0.6350364685058594
Age: <40,243,0.781790018081665,0.7157143354415894,0.6672574281692505,0.6605603694915771,0.6888888478279114
Age: 40-50,243,0.7964426875114441,0.7447368502616882,0.6837944984436035,0.6846879720687866,0.7215189933776855
Age: 50-65,243,0.6046512126922607,0.5740385055541992,0.558392345905304,0.5291005373001099,0.550561785697937
Race: White,243,0.7045454978942871,0.6221445202827454,0.5976154804229736,0.5936363935470581,0.6375839114189148
Race: Black,243,0.027777783572673798,0.375,0.1666666716337204,0.23076923191547394,0.30000001192092896
Race: Other,243,0.8163036108016968,0.7914186716079712,0.708960235118866,0.7020751237869263,0.7313432693481445
Overall,244,0.6493439674377441,0.6017621159553528,0.5792384743690491,0.5661430954933167,0.6026058197021484
Gender: Male,244,0.6330463886260986,0.6233662366867065,0.5560674071311951,0.5226449370384216,0.6344085931777954
Gender: Female,244,0.6192307472229004,0.5560581088066101,0.5561813116073608,0.5536885261535645,0.5537189841270447
Age: <40,244,0.6762142181396484,0.6394862532615662,0.5969281792640686,0.5544871687889099,0.5827338099479675
Age: 40-50,244,0.6959595680236816,0.7439353466033936,0.6828283071517944,0.6961451768875122,0.7611939907073975
Age: 50-65,244,0.5789895057678223,0.5021644830703735,0.5020048022270203,0.49875932931900024,0.5247524380683899
Race: White,244,0.6286653280258179,0.5606701374053955,0.5471435785293579,0.5454545617103577,0.6444444060325623
Race: Black,244,0.2222222089767456,0.3791666626930237,0.33888888359069824,0.29230770468711853,0.30434784293174744
Race: Other,244,0.7014790773391724,0.6434839963912964,0.6179653406143188,0.595412015914917,0.6107382774353027
Overall,245,0.6299811601638794,0.5601307153701782,0.5497180223464966,0.5336675643920898,0.5582191944122314
Gender: Male,245,0.729523777961731,0.7129999995231628,0.6014285683631897,0.5488889217376709,0.6137930750846863
Gender: Female,245,0.5502783060073853,0.5006566643714905,0.5006493330001831,0.5000698566436768,0.5034013390541077
Age: <40,245,0.6081081032752991,0.5707070827484131,0.5538210868835449,0.5049705505371094,0.5227273106575012
Age: 40-50,245,0.7583773732185364,0.7087104320526123,0.6626983880996704,0.6663442850112915,0.7101449370384216
Age: 50-65,245,0.5527613162994385,0.47678571939468384,0.47756409645080566,0.47622624039649963,0.49450549483299255
Race: White,245,0.5882201790809631,0.5133037567138672,0.5123456716537476,0.5111362338066101,0.5581395626068115
Race: Black,245,0.3400000035762787,0.41228070855140686,0.4000000059604645,0.2788461446762085,0.2800000011920929
Race: Other,245,0.7129629850387573,0.648421049118042,0.6186869144439697,0.5918948650360107,0.6086956858634949
Overall,246,0.6456471681594849,0.6030910015106201,0.5811147093772888,0.5708947777748108,0.6094275712966919
Gender: Male,246,0.6201395988464355,0.7178362607955933,0.5495181083679199,0.49664196372032166,0.6645962595939636
Gender: Female,246,0.610400915145874,0.5438027381896973,0.5438786745071411,0.543722927570343,0.5441176295280457
Age: <40,246,0.6556036472320557,0.6531894207000732,0.6143578886985779,0.5917984843254089,0.6201550364494324
Age: 40-50,246,0.6936936378479004,0.6833333373069763,0.605292797088623,0.5922459959983826,0.6721311211585999
Age: 50-65,246,0.6180959939956665,0.5320813655853271,0.5297964811325073,0.5284575819969177,0.5607476234436035
Race: White,246,0.5994898080825806,0.4905935525894165,0.4924532473087311,0.4851871132850647,0.5793103575706482
Race: Black,246,0.3671875,0.3222222328186035,0.3125,0.2904347777366638,0.2916666865348816
Race: Other,246,0.7452991008758545,0.7600614428520203,0.7067155241966248,0.6882051229476929,0.703125
Overall,247,0.6344250440597534,0.6099042892456055,0.5773286819458008,0.5648727416992188,0.6241610646247864
Gender: Male,247,0.6071786284446716,0.636884868144989,0.5409695506095886,0.49496906995773315,0.6551724076271057
Gender: Female,247,0.645312488079071,0.5801281929016113,0.578125,0.5766806602478027,0.5806451439857483
Age: <40,247,0.6178842782974243,0.6197410821914673,0.578984797000885,0.5472764372825623,0.5923076868057251
Age: 40-50,247,0.7365517616271973,0.7533206939697266,0.6841379404067993,0.693323016166687,0.746835470199585
Age: 50-65,247,0.577850878238678,0.48284316062927246,0.48656797409057617,0.4760754704475403,0.5617977380752563
Race: White,247,0.5925489664077759,0.5365235805511475,0.5268627405166626,0.5203454494476318,0.625
Race: Black,247,0.3999999761581421,0.3333333432674408,0.3588235378265381,0.2256728708744049,0.22727273404598236
Race: Other,247,0.7190126180648804,0.7297872304916382,0.6701680421829224,0.6617858409881592,0.6935483813285828
Overall,248,0.6287683248519897,0.5647738575935364,0.5484374761581421,0.5334343314170837,0.5838926434516907
Gender: Male,248,0.6436495780944824,0.6824853420257568,0.561765193939209,0.5210884213447571,0.65625
Gender: Female,248,0.5671641826629639,0.4976292848587036,0.49768760800361633,0.4955231845378876,0.5
Age: <40,248,0.6307772994041443,0.6004464626312256,0.5709033608436584,0.549941897392273,0.596774160861969
Age: 40-50,248,0.6961538791656494,0.5936274528503418,0.5734615325927734,0.574404776096344,0.6623376607894897
Age: 50-65,248,0.5595744848251343,0.4978836178779602,0.49829787015914917,0.47567570209503174,0.5051546096801758
Race: White,248,0.601098895072937,0.4929759204387665,0.494615375995636,0.4841463565826416,0.5744680762290955
Race: Black,248,0.5333333015441895,0.4624060392379761,0.4583333432674408,0.34518516063690186,0.3461538553237915
Race: Other,248,0.6632026433944702,0.6496598720550537,0.6143127083778381,0.6043313145637512,0.6412214040756226
Overall,249,0.6402614116668701,0.5854332447052002,0.5716603398323059,0.5622876882553101,0.5898305177688599
Gender: Male,249,0.7043842673301697,0.6840238571166992,0.579464852809906,0.5434293150901794,0.643750011920929
Gender: Female,249,0.5548727512359619,0.5258998870849609,0.5258998870849609,0.5258998870849609,0.5259259343147278
Age: <40,249,0.6223719120025635,0.5898004770278931,0.574402928352356,0.5535714030265808,0.5714285969734192
Age: 40-50,249,0.7720929980278015,0.709134578704834,0.661860466003418,0.6682927012443542,0.7205882668495178
Age: 50-65,249,0.5531686544418335,0.4973684251308441,0.4975832402706146,0.4930632710456848,0.517241358757019
Race: White,249,0.4951111078262329,0.44357043504714966,0.4511111080646515,0.44335246086120605,0.5083333849906921
Race: Black,249,0.2817460298538208,0.261904776096344,0.261904776096344,0.24242424964904785,0.24242424964904785
Race: Other,249,0.8203496932983398,0.7806085348129272,0.7309221029281616,0.7245609760284424,0.7394366264343262
Overall,250,0.6423511505126953,0.5841165781021118,0.5642037391662598,0.5477533340454102,0.5866667032241821
Gender: Male,250,0.6524744033813477,0.5975659489631653,0.53778475522995,0.48571428656578064,0.604938268661499
Gender: Female,250,0.6242386102676392,0.5666165947914124,0.5652173757553101,0.5629222989082336,0.5652173757553101
Age: <40,250,0.6338843107223511,0.6063144207000732,0.5681818127632141,0.5395666360855103,0.5950412750244141
Age: 40-50,250,0.6891666650772095,0.6494565010070801,0.637499988079071,0.6382429003715515,0.6571428775787354
Age: 50-65,250,0.6298174858093262,0.5216048955917358,0.5165652632713318,0.49376195669174194,0.5321100950241089
Race: White,250,0.6170752048492432,0.4882032573223114,0.49175825715065,0.47467631101608276,0.5734265446662903
Race: Black,250,0.40909090638160706,0.36616164445877075,0.36616164445877075,0.3448275923728943,0.3448275923728943
Race: Other,250,0.6906158924102783,0.7016907930374146,0.6632453203201294,0.6414566040039062,0.65625
Overall,251,0.6904239654541016,0.629592776298523,0.5981359481811523,0.5760402679443359,0.6047297716140747
Gender: Male,251,0.7324830889701843,0.6890630722045898,0.5797512531280518,0.5270785689353943,0.612500011920929
Gender: Female,251,0.6637053489685059,0.6026785373687744,0.5996749401092529,0.5938093662261963,0.5955882668495178
Age: <40,251,0.7655917406082153,0.7090125679969788,0.6590183973312378,0.6511359214782715,0.6821191906929016
Age: 40-50,251,0.6570972204208374,0.7015873193740845,0.6012759208679199,0.5897436141967773,0.692307710647583
Age: 50-65,251,0.5526316165924072,0.46587300300598145,0.46856725215911865,0.42772552371025085,0.4301075339317322
Race: White,251,0.6126799583435059,0.5321906208992004,0.5213178396224976,0.5087040662765503,0.6220472455024719
Race: Black,251,0.5119999647140503,0.4750000238418579,0.46000000834465027,0.34857141971588135,0.36666667461395264
Race: Other,251,0.7556390762329102,0.6882670521736145,0.6601921319961548,0.6318855881690979,0.6402877569198608
Overall,252,0.6114457845687866,0.6078811287879944,0.5887668132781982,0.5797839760780334,0.6092715263366699
Gender: Male,252,0.6288785934448242,0.7123724222183228,0.576728105545044,0.5261628031730652,0.6319018006324768
Gender: Female,252,0.5907015800476074,0.5829192399978638,0.5831257700920105,0.5825393199920654,0.5827338099479675
Age: <40,252,0.6844197511672974,0.700952410697937,0.6677265763282776,0.6587251424789429,0.6760563254356384
Age: 40-50,252,0.6368534564971924,0.5671768188476562,0.5425646305084229,0.5040650367736816,0.5573770403862
Age: 50-65,252,0.4931623935699463,0.5090951919555664,0.5083333253860474,0.5059332251548767,0.5454545617103577
Race: White,252,0.4918699264526367,0.4852941334247589,0.48671042919158936,0.4840899705886841,0.5546218752861023
Race: Black,252,0.5384615659713745,0.47584542632102966,0.4679487347602844,0.3379310369491577,0.34375
Race: Other,252,0.7301166653633118,0.7333117723464966,0.6914987564086914,0.6877819299697876,0.7086092829704285
Overall,253,0.6493624448776245,0.5812802314758301,0.5612932443618774,0.551973819732666,0.6092715263366699
Gender: Male,253,0.6667238473892212,0.5867346525192261,0.5306174755096436,0.49275362491607666,0.6583850979804993
Gender: Female,253,0.6262605786323547,0.550373911857605,0.5489108562469482,0.5473630428314209,0.5531914830207825
Age: <40,253,0.6734368801116943,0.6372014284133911,0.6052369475364685,0.5963959693908691,0.6363636255264282
Age: 40-50,253,0.7827547788619995,0.6296296119689941,0.5940649509429932,0.5994889736175537,0.7121212482452393
Age: 50-65,253,0.5060975551605225,0.45561593770980835,0.4655253291130066,0.44424664974212646,0.49462366104125977
Race: White,253,0.5452226400375366,0.47581321001052856,0.4798237383365631,0.4743710160255432,0.5845070481300354
Race: Black,253,0.4941176176071167,0.38823530077934265,0.38823530077934265,0.27272728085517883,0.27272728085517883
Race: Other,253,0.7545241117477417,0.714083731174469,0.6611667275428772,0.6548997163772583,0.6884058117866516
Overall,254,0.6850333213806152,0.6312217712402344,0.5914579033851624,0.5809447765350342,0.6402640342712402
Gender: Male,254,0.7083457708358765,0.7336214780807495,0.5765275955200195,0.5474157333374023,0.6900584697723389
Gender: Female,254,0.6132965087890625,0.5744372010231018,0.5707384347915649,0.5677193403244019,0.575757622718811
Age: <40,254,0.7306495308876038,0.734840989112854,0.6486822962760925,0.6354166269302368,0.6857143044471741
Age: 40-50,254,0.7877907156944275,0.6979591846466064,0.6409883499145508,0.6546822786331177,0.7627118825912476
Age: 50-65,254,0.5755878686904907,0.4840225577354431,0.48730868101119995,0.4682706594467163,0.509615421295166
Race: White,254,0.571581244468689,0.5267354249954224,0.5182692408561707,0.5100204944610596,0.644295334815979
Race: Black,254,0.4555555582046509,0.42500001192092896,0.4333333373069763,0.33181819319725037,0.3333333432674408
Race: Other,254,0.8217843770980835,0.729946494102478,0.67527174949646,0.6607142686843872,0.6842105388641357
Overall,255,0.6350095868110657,0.6021101474761963,0.5892241597175598,0.5880117416381836,0.6224489808082581
Gender: Male,255,0.6482539176940918,0.6726558208465576,0.565079391002655,0.5511541962623596,0.7200000286102295
Gender: Female,255,0.5138164162635803,0.5197368860244751,0.5197101831436157,0.5196983814239502,0.5208333134651184
Age: <40,255,0.6431757211685181,0.618686854839325,0.5943354368209839,0.5858646631240845,0.6222221851348877
Age: 40-50,255,0.7366946935653687,0.62912917137146,0.6204481720924377,0.6226074695587158,0.6545454263687134
Age: 50-65,255,0.578125,0.5761904716491699,0.5718749761581421,0.5725313425064087,0.6057692766189575
Race: White,255,0.55872642993927,0.4758928716182709,0.4790332019329071,0.47459113597869873,0.5592105388641357
Race: Black,255,0.44736844301223755,0.472222238779068,0.47039473056793213,0.4065934121608734,0.40740740299224854
Race: Other,255,0.7735384702682495,0.7608333230018616,0.7407692670822144,0.7444444894790649,0.7565217018127441
Overall,256,0.6399288177490234,0.5924316644668579,0.5713996887207031,0.5522898435592651,0.5841270089149475
Gender: Male,256,0.6194678544998169,0.5845047235488892,0.5325936079025269,0.4744318425655365,0.5888888835906982
Gender: Female,256,0.6316137313842773,0.5803571939468384,0.5803571939468384,0.5777778029441833,0.5777777433395386
Age: <40,256,0.6367567777633667,0.6002293825149536,0.5787387490272522,0.5539557933807373,0.5771812200546265
Age: 40-50,256,0.7296037673950195,0.6891757249832153,0.6480186581611633,0.6387959718704224,0.6666666865348816
Age: 50-65,256,0.5784629583358765,0.49908143281936646,0.4993097186088562,0.47883063554763794,0.5319148898124695
Race: White,256,0.6084368824958801,0.5083333253860474,0.5064699649810791,0.4979977011680603,0.5846154093742371
Race: Black,256,0.37654322385787964,0.3499999940395355,0.33796295523643494,0.3058668375015259,0.3076923191547394
Race: Other,256,0.7144737243652344,0.7173489332199097,0.6676691770553589,0.6402523517608643,0.6575342416763306
Overall,257,0.6677740812301636,0.6409774422645569,0.6121262311935425,0.6030356884002686,0.634615421295166
Gender: Male,257,0.6446753144264221,0.7195945978164673,0.567532479763031,0.5374904274940491,0.6937500238418579
Gender: Female,257,0.6194907426834106,0.5756944417953491,0.5765584111213684,0.5719051957130432,0.5723684430122375
Age: <40,257,0.6932007074356079,0.6604020595550537,0.635249674320221,0.6053333282470703,0.6148648858070374
Age: 40-50,257,0.6987577676773071,0.690625011920929,0.6420807242393494,0.6535087823867798,0.746835470199585
Age: 50-65,257,0.5753968358039856,0.5400000214576721,0.5340136289596558,0.5269965529441833,0.5647059082984924
Race: White,257,0.6177550554275513,0.5361001491546631,0.5279591679573059,0.522823691368103,0.6148648858070374
Race: Black,257,0.41025638580322266,0.3392857313156128,0.4134615361690521,0.33155080676078796,0.3999999761581421
Race: Other,257,0.7440301775932312,0.7405180335044861,0.7178466320037842,0.6942815780639648,0.6978417634963989
Overall,258,0.6567845344543457,0.6326578259468079,0.6094560623168945,0.6071575880050659,0.6450511813163757
Gender: Male,258,0.6239572167396545,0.6463104486465454,0.5368983745574951,0.47337964177131653,0.6285714507102966
Gender: Female,258,0.7143852114677429,0.6566357612609863,0.6590908765792847,0.6568322777748108,0.6601307392120361
Age: <40,258,0.614176869392395,0.6237027049064636,0.5853151679039001,0.5616858005523682,0.6060606241226196
Age: 40-50,258,0.83152174949646,0.7818825840950012,0.7522644996643066,0.7633333206176758,0.8028168678283691
Age: 50-65,258,0.6083630323410034,0.5582137107849121,0.5558388829231262,0.5558441281318665,0.5777778029441833
Race: White,258,0.6490274667739868,0.5096153616905212,0.5074370503425598,0.5025510191917419,0.6307692527770996
Race: Black,258,0.15454545617103577,0.2532467544078827,0.24090909957885742,0.2179863154888153,0.21875
Race: Other,258,0.7590163946151733,0.782523512840271,0.7532786726951599,0.7536548376083374,0.7633587718009949
Overall,259,0.6557260751724243,0.6214131712913513,0.6063045859336853,0.6060255169868469,0.6385135054588318
Gender: Male,259,0.6220865249633789,0.6185919046401978,0.5641879439353943,0.5514893531799316,0.6709677577018738
Gender: Female,259,0.6512892842292786,0.6023368239402771,0.6023368239402771,0.6023368239402771,0.6028368473052979
Age: <40,259,0.7313797473907471,0.701839804649353,0.6821733713150024,0.6724708080291748,0.6796875
Age: 40-50,259,0.7109880447387695,0.5656682252883911,0.5526316165924072,0.5548765063285828,0.6973684430122375
Age: 50-65,259,0.48845207691192627,0.503125011920929,0.5029484033584595,0.5014492869377136,0.532608687877655
Race: White,259,0.5405833721160889,0.4840501546859741,0.4858909249305725,0.48303595185279846,0.5785123705863953
Race: Black,259,0.408284068107605,0.37254902720451355,0.38461539149284363,0.3696969747543335,0.38461539149284363
Race: Other,259,0.7687160968780518,0.7484848499298096,0.7224231958389282,0.720973789691925,0.7315436005592346
Overall,260,0.6185368299484253,0.5872271060943604,0.5592436790466309,0.5427535176277161,0.608996570110321
Gender: Male,260,0.5482603907585144,0.5786713361740112,0.5210437774658203,0.46655476093292236,0.6470588445663452
Gender: Female,260,0.6554713249206543,0.5648837089538574,0.5604550242424011,0.5555801391601562,0.5661764740943909
Age: <40,260,0.6603229641914368,0.6195203065872192,0.5833333134651184,0.568040668964386,0.6218487620353699
Age: 40-50,260,0.7320574522018433,0.6852272748947144,0.5974880456924438,0.5993266105651855,0.7301587462425232
Age: 50-65,260,0.5140745639801025,0.5023741722106934,0.5017592906951904,0.4765467643737793,0.5233644843101501
Race: White,260,0.5034668445587158,0.46478667855262756,0.47679123282432556,0.4485878348350525,0.5374149680137634
Race: Black,260,0.49166667461395264,0.33888888359069824,0.3791666626930237,0.29230770468711853,0.30434784293174744
Race: Other,260,0.7690690755844116,0.7748138904571533,0.6995495557785034,0.7089482545852661,0.756302535533905
Overall,261,0.6346603631973267,0.6240558624267578,0.6061592698097229,0.6050580739974976,0.6397306323051453
Gender: Male,261,0.5565611124038696,0.6608392000198364,0.5476998686790466,0.5111111402511597,0.6818181872367859
Gender: Female,261,0.6311154365539551,0.595443844795227,0.5951076745986938,0.5942270159721375,0.5944055914878845
Age: <40,261,0.6539216041564941,0.6376811265945435,0.6117647290229797,0.6000000238418579,0.625
Age: 40-50,261,0.7422480583190918,0.6907894611358643,0.6686046123504639,0.6746741533279419,0.7164179086685181
Age: 50-65,261,0.5452302694320679,0.5700892806053162,0.5645559430122375,0.5650320053100586,0.6078431606292725
Race: White,261,0.4937417805194855,0.4909793734550476,0.49193018674850464,0.49041545391082764,0.6240000128746033
Race: Black,261,0.29803919792175293,0.33181819319725037,0.3549019694328308,0.32732734084129333,0.34375
Race: Other,261,0.7898284196853638,0.7480376958847046,0.7258986830711365,0.7162014842033386,0.7214285731315613
Overall,262,0.6177567839622498,0.6114409565925598,0.5824321508407593,0.5737104415893555,0.6283783912658691
Gender: Male,262,0.6415060758590698,0.7450248599052429,0.6064673066139221,0.5809845328330994,0.6776315569877625
Gender: Female,262,0.591269850730896,0.5569260120391846,0.5535714030265808,0.5529088377952576,0.5763888955116272
Age: <40,262,0.6259028911590576,0.6208845973014832,0.5905354619026184,0.5797537565231323,0.625
Age: 40-50,262,0.8463157415390015,0.7925926446914673,0.7494736909866333,0.7658370733261108,0.8260869979858398
Age: 50-65,262,0.4930441975593567,0.4739702343940735,0.48138296604156494,0.4475446343421936,0.49494948983192444
Race: White,262,0.48722222447395325,0.4593726396560669,0.47013887763023376,0.4538077414035797,0.5520000457763672
Race: Black,262,0.4375,0.4542483687400818,0.45625001192092896,0.42222222685813904,0.42307692766189575
Race: Other,262,0.7647058963775635,0.7617694735527039,0.6897058486938477,0.6913378238677979,0.7310344576835632
Overall,263,0.6436691284179688,0.6196428537368774,0.6048185229301453,0.6076536774635315,0.6620689630508423
Gender: Male,263,0.6709957122802734,0.6867737770080566,0.5985749959945679,0.5888594388961792,0.6903225779533386
Gender: Female,263,0.670737624168396,0.6093819737434387,0.6193209886550903,0.6090129613876343,0.6296296119689941
Age: <40,263,0.6524389982223511,0.6435421705245972,0.6244456768035889,0.6286472082138062,0.682539701461792
Age: 40-50,263,0.7390109300613403,0.6777777671813965,0.6611721515655518,0.6676251888275146,0.7397260069847107
Age: 50-65,263,0.5605605840682983,0.5416666865348816,0.5367867946624756,0.5333333611488342,0.5714285969734192
Race: White,263,0.5939849615097046,0.5308270454406738,0.5308270454406738,0.5308270454406738,0.6307692527770996
Race: Black,263,0.3650793433189392,0.380952388048172,0.380952388048172,0.375,0.375
Race: Other,263,0.7251403331756592,0.7269116044044495,0.683239758014679,0.6875,0.7222222089767456
Overall,264,0.6730540990829468,0.6604430675506592,0.6269230842590332,0.6211978197097778,0.6555184125900269
Gender: Male,264,0.6613830327987671,0.7221476435661316,0.5771561861038208,0.5370967388153076,0.6585365533828735
Gender: Female,264,0.6725274920463562,0.6512984037399292,0.651098906993866,0.6511628031730652,0.6518518328666687
Age: <40,264,0.6304347515106201,0.6484115719795227,0.6134058237075806,0.5990116000175476,0.6308724880218506
Age: 40-50,264,0.8095238208770752,0.7416666746139526,0.7030812501907349,0.7109609842300415,0.7454545497894287
Age: 50-65,264,0.6659090518951416,0.6337792873382568,0.6090909242630005,0.6053274869918823,0.6421052813529968
Race: White,264,0.5723727941513062,0.5353535413742065,0.5277594327926636,0.5262289047241211,0.6585365533828735
Race: Black,264,0.2678571343421936,0.3958333432674408,0.3511904776096344,0.343366801738739,0.3870967626571655
Race: Other,264,0.7853881120681763,0.7613095045089722,0.7088090181350708,0.694522500038147,0.7103448510169983
Overall,265,0.6388298273086548,0.6085784435272217,0.5785461068153381,0.5712865591049194,0.6363636255264282
Gender: Male,265,0.6030545234680176,0.6493055820465088,0.560249388217926,0.5363523960113525,0.6797752976417542
Gender: Female,265,0.6359512805938721,0.5700000524520874,0.566841721534729,0.5655872225761414,0.5769230723381042
Age: <40,265,0.6642924547195435,0.6111111044883728,0.5861823558807373,0.5799727439880371,0.6287878751754761
Age: 40-50,265,0.6084745526313782,0.7167832255363464,0.6576271057128906,0.6744242906570435,0.7848101258277893
Age: 50-65,265,0.6010230183601379,0.5166666507720947,0.5117220878601074,0.4792250394821167,0.5257731676101685
Race: White,265,0.664068341255188,0.5600649118423462,0.5465174913406372,0.5458937287330627,0.6594203114509583
Race: Black,265,0.34558823704719543,0.32499998807907104,0.37132352590560913,0.26948052644729614,0.2800000011920929
Race: Other,265,0.6912164688110352,0.6889610290527344,0.6413719654083252,0.6359702944755554,0.6758620738983154
Overall,266,0.6152166128158569,0.5683717727661133,0.5551055669784546,0.5425438284873962,0.5771812200546265
Gender: Male,266,0.6266254186630249,0.7246136665344238,0.5630030632019043,0.5030487775802612,0.6319018006324768
Gender: Female,266,0.5777338743209839,0.5115385055541992,0.5115283131599426,0.5110843181610107,0.5111110806465149
Age: <40,266,0.68836510181427,0.6320490837097168,0.6147587299346924,0.6105769276618958,0.6326530575752258
Age: 40-50,266,0.6642857193946838,0.5461538434028625,0.5285714268684387,0.5163120627403259,0.6451612710952759
Age: 50-65,266,0.43292683362960815,0.44505494832992554,0.45426830649375916,0.42177754640579224,0.43820226192474365
Race: White,266,0.5244230031967163,0.43111559748649597,0.4449812173843384,0.43157973885536194,0.5196850299835205
Race: Black,266,0.25,0.1964285671710968,0.25852274894714355,0.2047685831785202,0.2222222238779068
Race: Other,266,0.7397762537002563,0.7290909290313721,0.6944444179534912,0.6824378371238708,0.694444477558136
Overall,267,0.6885592937469482,0.6049771308898926,0.5777542591094971,0.5693121552467346,0.6262626051902771
Gender: Male,267,0.708737850189209,0.6253424882888794,0.5564031600952148,0.5261044502258301,0.6445782780647278
Gender: Female,267,0.6794688701629639,0.5925833582878113,0.5881934762001038,0.588050365447998,0.6030534505844116
Age: <40,267,0.6472972631454468,0.6299121379852295,0.5759459733963013,0.5559799671173096,0.6370967626571655
Age: 40-50,267,0.79063880443573,0.704023003578186,0.6796331405639648,0.6854045391082764,0.7195121645927429
Age: 50-65,267,0.6429979801177979,0.49191540479660034,0.49358975887298584,0.4780579209327698,0.5274725556373596
Race: White,267,0.6599999666213989,0.5457429885864258,0.5326415300369263,0.5241312980651855,0.6209150552749634
Race: Black,267,0.30000001192092896,0.2884615361690521,0.22499999403953552,0.2222222238779068,0.2380952388048172
Race: Other,267,0.7295751571655273,0.7107527256011963,0.6601307392120361,0.6594836711883545,0.6991869807243347
Overall,268,0.6042039394378662,0.5410471558570862,0.5345706939697266,0.5262632369995117,0.5629138946533203
Gender: Male,268,0.6729813814163208,0.5831799507141113,0.5350931882858276,0.4810423254966736,0.5864197611808777
Gender: Female,268,0.5766666531562805,0.5347009897232056,0.5354167222976685,0.5328302383422852,0.5357142686843872
Age: <40,268,0.6391294598579407,0.6127451062202454,0.5868309736251831,0.5788962244987488,0.625
Age: 40-50,268,0.6520650386810303,0.5857487916946411,0.5888611078262329,0.5870967507362366,0.671875
Age: 50-65,268,0.5194098949432373,0.4191919267177582,0.42546582221984863,0.40605589747428894,0.4117647111415863
Race: White,268,0.5647509098052979,0.4582299590110779,0.46130266785621643,0.45873016119003296,0.5303030610084534
Race: Black,268,0.2777777910232544,0.261904776096344,0.261904776096344,0.24242424964904785,0.24242424964904785
Race: Other,268,0.6857876777648926,0.6983783841133118,0.6571061611175537,0.6471699476242065,0.6715328693389893
Overall,269,0.6460905075073242,0.6059664487838745,0.5755501985549927,0.5537854433059692,0.596666693687439
Gender: Male,269,0.5677484273910522,0.5029550790786743,0.5012546181678772,0.4526243209838867,0.5911949276924133
Gender: Female,269,0.6883116960525513,0.6251634359359741,0.6165786981582642,0.5994318127632141,0.6028368473052979
Age: <40,269,0.5997451543807983,0.5784266591072083,0.5591554641723633,0.5421292781829834,0.5838926434516907
Age: 40-50,269,0.7847952842712402,0.7275640964508057,0.6660819053649902,0.6807448863983154,0.765625
Age: 50-65,269,0.6521978378295898,0.566417932510376,0.5489010810852051,0.47875818610191345,0.49425286054611206
Race: White,269,0.5958352088928223,0.49211710691452026,0.49529778957366943,0.4570575952529907,0.5407407283782959
Race: Black,269,0.709876537322998,0.6058823466300964,0.6111111044883728,0.5549451112747192,0.5555555820465088
Race: Other,269,0.7003395557403564,0.6775312423706055,0.6358234286308289,0.6264470219612122,0.6594203114509583
Overall,270,0.6539171934127808,0.6247410774230957,0.6001478433609009,0.5963096618652344,0.6387959718704224
Gender: Male,270,0.6538122892379761,0.6819745302200317,0.5775659680366516,0.5559310913085938,0.680232584476471
Gender: Female,270,0.6028316020965576,0.5818407535552979,0.5817188024520874,0.581743597984314,0.5826771855354309
Age: <40,270,0.6940650939941406,0.6363502740859985,0.6218487620353699,0.6190345883369446,0.6370967626571655
Age: 40-50,270,0.6208133697509766,0.6773585081100464,0.6124402284622192,0.6192677021026611,0.7301587462425232
Age: 50-65,270,0.6022135019302368,0.5714285373687744,0.5546875,0.5419630408287048,0.5892857313156128
Race: White,270,0.5945219993591309,0.5177778005599976,0.5171858072280884,0.5173355340957642,0.6176470518112183
Race: Black,270,0.3482142686843872,0.2428571581840515,0.2589285671710968,0.2256728708744049,0.22727273404598236
Race: Other,270,0.7949697971343994,0.7960317134857178,0.7251509428024292,0.7063284516334534,0.7234042286872864
Overall,271,0.6632854342460632,0.5800222158432007,0.5641260147094727,0.5552106499671936,0.5966101884841919
Gender: Male,271,0.7243468761444092,0.7335183620452881,0.5703239440917969,0.5262718796730042,0.6619718074798584
Gender: Female,271,0.603744387626648,0.5323529243469238,0.5321195125579834,0.5320295095443726,0.5359477400779724
Age: <40,271,0.6740983724594116,0.6094102263450623,0.5742076635360718,0.5516483783721924,0.6029411554336548
Age: 40-50,271,0.7408026456832886,0.7256684303283691,0.6764214038848877,0.6850103735923767,0.7361111044883728
Age: 50-65,271,0.5860042572021484,0.45622897148132324,0.4583333134651184,0.45506536960601807,0.4712643623352051
Race: White,271,0.5951207876205444,0.48220062255859375,0.4858081340789795,0.47625160217285156,0.5588235259056091
Race: Black,271,0.5151515007019043,0.4431818127632141,0.43686869740486145,0.384535014629364,0.3870967626571655
Race: Other,271,0.7596513032913208,0.695852518081665,0.6587795615196228,0.657295823097229,0.6875
Overall,272,0.68580162525177,0.6703389883041382,0.6170419454574585,0.6148394346237183,0.6824324727058411
Gender: Male,272,0.6390160322189331,0.6089743375778198,0.5129672288894653,0.4548147916793823,0.7125000357627869
Gender: Female,272,0.6893938779830933,0.6491070985794067,0.6445887088775635,0.6432787179946899,0.6470588445663452
Age: <40,272,0.7161306142807007,0.7066404819488525,0.6152534484863281,0.5971171259880066,0.6692307591438293
Age: 40-50,272,0.7509469985961914,0.8004807829856873,0.7367424368858337,0.7520833015441895,0.7941176295280457
Age: 50-65,272,0.6098345518112183,0.5573912858963013,0.5454963445663452,0.5423450469970703,0.6224489808082581
Race: White,272,0.6553442478179932,0.5743961334228516,0.5523097515106201,0.5482698082923889,0.6549295783042908
Race: Black,272,0.37037038803100586,0.4318181872367859,0.4444444477558136,0.3891402781009674,0.40000003576278687
Race: Other,272,0.7460418939590454,0.7855799198150635,0.6949080228805542,0.6969476938247681,0.7410072088241577
Overall,273,0.6111589670181274,0.5650856494903564,0.5508900284767151,0.536870002746582,0.5773196220397949
Gender: Male,273,0.6009488105773926,0.6159759163856506,0.5329222083091736,0.4624062478542328,0.5986394286155701
Gender: Female,273,0.6226012706756592,0.5526777505874634,0.552432656288147,0.5524475574493408,0.5555555820465088
Age: <40,273,0.6654772758483887,0.615180253982544,0.5902467966079712,0.5643192529678345,0.5862069129943848
Age: 40-50,273,0.7200255393981934,0.6666666865348816,0.6052296161651611,0.5953746438026428,0.6666666865348816
Age: 50-65,273,0.4525375962257385,0.4479166865348816,0.4530075192451477,0.44705885648727417,0.4893616735935211
Race: White,273,0.54666668176651,0.416281521320343,0.43843138217926025,0.4139534831047058,0.4920635223388672
Race: Black,273,0.23232322931289673,0.286057710647583,0.2752525210380554,0.2724014222621918,0.27586206793785095
Race: Other,273,0.730043888092041,0.7549020051956177,0.6938596367835999,0.6911307573318481,0.7205882668495178
Overall,274,0.6523902416229248,0.5635969638824463,0.5518972873687744,0.5424582362174988,0.5810810923576355
Gender: Male,274,0.6808556318283081,0.5920635461807251,0.5375972390174866,0.5007983446121216,0.6382978558540344
Gender: Female,274,0.6037641763687134,0.5282394886016846,0.5277315378189087,0.5261923670768738,0.5290322303771973
Age: <40,274,0.6133368015289307,0.5322473049163818,0.5250710844993591,0.5117999315261841,0.5634921193122864
Age: 40-50,274,0.7823275923728943,0.6846491098403931,0.6512212753295898,0.6557823419570923,0.701298713684082
Age: 50-65,274,0.5878815650939941,0.5039682388305664,0.5034689903259277,0.48827749490737915,0.5053763389587402
Race: White,274,0.5299999713897705,0.4504651427268982,0.4552272856235504,0.4507870674133301,0.5144927501678467
Race: Black,274,0.32716047763824463,0.3333333432674408,0.3333333432674408,0.29629629850387573,0.29629629850387573
Race: Other,274,0.8284037113189697,0.7552083730697632,0.6897886991500854,0.6817135810852051,0.7099236845970154
Overall,275,0.6748323440551758,0.6355115175247192,0.6073956489562988,0.6039390563964844,0.6476510167121887
Gender: Male,275,0.6105918884277344,0.6705036163330078,0.5527369976043701,0.5340837836265564,0.7315436005592346
Gender: Female,275,0.6240942478179932,0.5681653022766113,0.5678441524505615,0.5636798143386841,0.563758373260498
Age: <40,275,0.7109800577163696,0.6467524766921997,0.6086660623550415,0.5985018610954285,0.641791045665741
Age: 40-50,275,0.7558275461196899,0.7165178656578064,0.6695803999900818,0.6743295192718506,0.7176470756530762
Age: 50-65,275,0.524193525314331,0.5473484992980957,0.5420026779174805,0.5398058295249939,0.5822784900665283
Race: White,275,0.6451761722564697,0.5900480151176453,0.5820860862731934,0.5846154093742371,0.6666666865348816
Race: Black,275,0.6882352828979492,0.523809552192688,0.5176470875740051,0.4319775700569153,0.4444444477558136
Race: Other,275,0.7277915477752686,0.7088867425918579,0.6638957858085632,0.6483386158943176,0.6692913174629211
Overall,276,0.648590087890625,0.6075611114501953,0.589081883430481,0.5751960277557373,0.5973154306411743
Gender: Male,276,0.6505882143974304,0.6855541467666626,0.5876470804214478,0.5598915815353394,0.6547619104385376
Gender: Female,276,0.5859394073486328,0.5230769515037537,0.5236363410949707,0.5202381014823914,0.5230769515037537
Age: <40,276,0.6575661301612854,0.6166017055511475,0.607619047164917,0.5899829864501953,0.5942029356956482
Age: 40-50,276,0.7710144519805908,0.75,0.6623188257217407,0.6729844808578491,0.75
Age: 50-65,276,0.5163120031356812,0.48076921701431274,0.48439717292785645,0.46104949712753296,0.489130437374115
Race: White,276,0.5870941877365112,0.5168845653533936,0.512660801410675,0.4963688552379608,0.5563380122184753
Race: Black,276,0.605555534362793,0.46666669845581055,0.46666669845581055,0.4285714328289032,0.4285714626312256
Race: Other,276,0.7069892883300781,0.7071135640144348,0.6849951148033142,0.6724708080291748,0.6796875
Overall,277,0.6807405948638916,0.6375786066055298,0.6154506206512451,0.6052196025848389,0.6258277893066406
Gender: Male,277,0.732454776763916,0.7414751648902893,0.6034455299377441,0.5716397166252136,0.6645962595939636
Gender: Female,277,0.5993927717208862,0.5812877416610718,0.5817813873291016,0.5808011889457703,0.5815602540969849
Age: <40,277,0.7155864238739014,0.665217399597168,0.634876549243927,0.6164344549179077,0.6335403919219971
Age: 40-50,277,0.7493857145309448,0.801598846912384,0.7549139857292175,0.7671052813529968,0.7966101765632629
Age: 50-65,277,0.5880952477455139,0.4821428656578064,0.4839285612106323,0.47242647409439087,0.4878048598766327
Race: White,277,0.6384140253067017,0.5556987524032593,0.5461776256561279,0.5414963960647583,0.5939849615097046
Race: Black,277,0.21848738193511963,0.23571428656578064,0.18907563388347626,0.19576719403266907,0.2083333432674408
Race: Other,277,0.7891130447387695,0.7699145078659058,0.7283022403717041,0.7142294049263,0.7241379022598267
Overall,278,0.6369913220405579,0.6006374359130859,0.585185170173645,0.5771476626396179,0.6026936173439026
Gender: Male,278,0.6637930870056152,0.7222222089767456,0.5989505052566528,0.5770676732063293,0.6800000071525574
Gender: Female,278,0.5484230518341064,0.5246478915214539,0.5246753692626953,0.5237874984741211,0.5238094925880432
Age: <40,278,0.6328502893447876,0.6089015007019043,0.5833333134651184,0.5460030436515808,0.565891444683075
Age: 40-50,278,0.8346595764160156,0.7690821290016174,0.7462422847747803,0.7509157657623291,0.7647058963775635
Age: 50-65,278,0.5306735038757324,0.49525102972984314,0.4954954981803894,0.49450552463531494,0.5399999618530273
Race: White,278,0.5723256468772888,0.4761905074119568,0.4803767800331116,0.47278910875320435,0.5571428537368774
Race: Black,278,0.2434210479259491,0.28977274894714355,0.2565789520740509,0.25,0.25925925374031067
Race: Other,278,0.765695333480835,0.7578187584877014,0.7285003662109375,0.7163636684417725,0.7230769395828247
Overall,279,0.6818095445632935,0.6269540786743164,0.6007587313652039,0.5948697924613953,0.6348122954368591
Gender: Male,279,0.6967825889587402,0.7774922847747803,0.6010100841522217,0.5840336084365845,0.7124183177947998
Gender: Female,279,0.6108163595199585,0.5505050420761108,0.550000011920929,0.5488722324371338,0.550000011920929
Age: <40,279,0.6705653071403503,0.6545507907867432,0.627436637878418,0.6261438131332397,0.6615384817123413
Age: 40-50,279,0.8384554982185364,0.7795698642730713,0.6639086008071899,0.6692543029785156,0.7432432770729065
Age: 50-65,279,0.5591506958007812,0.49971264600753784,0.49974721670150757,0.4868972897529602,0.5056179761886597
Race: White,279,0.6137029528617859,0.5238797068595886,0.5182555913925171,0.508958101272583,0.5869565606117249
Race: Black,279,0.4615384638309479,0.4791666865348816,0.4780219793319702,0.44862157106399536,0.45000001788139343
Race: Other,279,0.7717777490615845,0.7337286472320557,0.6883333325386047,0.6862522959709167,0.7111110687255859
Overall,280,0.6421651840209961,0.6153846383094788,0.593589723110199,0.5915558338165283,0.6397306323051453
Gender: Male,280,0.5923877954483032,0.6580952405929565,0.5540013313293457,0.51953125,0.6707316637039185
Gender: Female,280,0.6811727285385132,0.5995244979858398,0.6006642580032349,0.5992381572723389,0.6015037894248962
Age: <40,280,0.6511855125427246,0.6238949298858643,0.5961199402809143,0.5863829851150513,0.625
Age: 40-50,280,0.7088888883590698,0.6581885814666748,0.6416666507720947,0.6487119197845459,0.7866666913032532
Age: 50-65,280,0.576594352722168,0.5278571248054504,0.5256410241127014,0.5160154104232788,0.5256410241127014
Race: White,280,0.6320865154266357,0.5351674556732178,0.5345801115036011,0.5348396301269531,0.6418918967247009
Race: Black,280,0.25555557012557983,0.2638888955116272,0.21666666865348816,0.2222222238779068,0.2380952388048172
Race: Other,280,0.730647087097168,0.7712005376815796,0.6991453170776367,0.6805883646011353,0.703125
Overall,281,0.6808439493179321,0.6496983766555786,0.6223565936088562,0.624101996421814,0.6722407937049866
Gender: Male,281,0.6272068023681641,0.6929562091827393,0.5811790823936462,0.5751909017562866,0.7298850417137146
Gender: Female,281,0.6507936716079712,0.5919569730758667,0.5919098854064941,0.5918955206871033,0.5920000076293945
Age: <40,281,0.7077512145042419,0.6840572357177734,0.6330143213272095,0.6357455253601074,0.699999988079071
Age: 40-50,281,0.8152173757553101,0.7281205654144287,0.7880434989929199,0.7471264600753784,0.8103448152542114
Age: 50-65,281,0.5962282419204712,0.5511679649353027,0.5444874167442322,0.5255709886550903,0.5384615659713745
Race: White,281,0.5731958746910095,0.5195767283439636,0.5163475871086121,0.5151708722114563,0.6515151858329773
Race: Black,281,0.46568626165390015,0.43421053886413574,0.43872547149658203,0.4109916090965271,0.41379308700561523
Race: Other,281,0.7943547964096069,0.7703042030334473,0.7281409502029419,0.728941023349762,0.7463768124580383
Overall,282,0.6752172708511353,0.6529680490493774,0.618040919303894,0.6096813678741455,0.6462584733963013
Gender: Male,282,0.7007211446762085,0.7730263471603394,0.599759578704834,0.573437511920929,0.6904761791229248
Gender: Female,282,0.6126103401184082,0.5886667966842651,0.5883984565734863,0.5871975421905518,0.5873016119003296
Age: <40,282,0.638724684715271,0.6505101919174194,0.6245777010917664,0.5964912176132202,0.6086956858634949
Age: 40-50,282,0.8303571939468384,0.7571429014205933,0.6964285969734192,0.7128987312316895,0.782608687877655
Age: 50-65,282,0.6071032285690308,0.5562770366668701,0.5432852506637573,0.5347594022750854,0.5977011322975159
Race: White,282,0.6911302804946899,0.6452702283859253,0.6223508715629578,0.6280127167701721,0.6993464231491089
Race: Black,282,0.1428571343421936,0.2261904776096344,0.2261904776096344,0.21052631735801697,0.21052631735801697
Race: Other,282,0.7372004985809326,0.7318326830863953,0.6781045794487,0.6345524191856384,0.6475409269332886
Overall,283,0.6011769771575928,0.5332408547401428,0.5259416103363037,0.515934407711029,0.5771812200546265
Gender: Male,283,0.6393762826919556,0.5772727131843567,0.5213032960891724,0.467096745967865,0.6440678238868713
Gender: Female,283,0.5319559574127197,0.4804537892341614,0.4803030490875244,0.4787692427635193,0.4793388247489929
Age: <40,283,0.6168091297149658,0.5695398449897766,0.557692289352417,0.5557519197463989,0.6178861856460571
Age: 40-50,283,0.734013557434082,0.6833333373069763,0.5860544443130493,0.564830482006073,0.6708860993385315
Age: 50-65,283,0.46467751264572144,0.421875,0.4297937750816345,0.42017096281051636,0.4479166865348816
Race: White,283,0.5617657899856567,0.489931583404541,0.4905660152435303,0.48944956064224243,0.5597484111785889
Race: Black,283,0.378947377204895,0.4285714328289032,0.4526315927505493,0.24475525319576263,0.25
Race: Other,283,0.705734133720398,0.668498158454895,0.6159420609474182,0.6098214387893677,0.6695652008056641
Overall,284,0.6461586356163025,0.6057692170143127,0.5939543843269348,0.5928018093109131,0.6217105388641357
Gender: Male,284,0.597669243812561,0.5532823801040649,0.5219200849533081,0.48734140396118164,0.6451612710952759
Gender: Female,284,0.6504504680633545,0.5980978012084961,0.5975675582885742,0.5968614816665649,0.5973154306411743
Age: <40,284,0.6257530450820923,0.5944329500198364,0.5862199068069458,0.5845029354095459,0.6054421663284302
Age: 40-50,284,0.7462121248245239,0.7232854962348938,0.6325757503509521,0.6345120072364807,0.7205882668495178
Age: 50-65,284,0.5779486894607544,0.5626984238624573,0.560769259929657,0.5605509281158447,0.5730336904525757
Race: White,284,0.553686261177063,0.49568289518356323,0.4959178566932678,0.4952998161315918,0.5766423344612122
Race: Black,284,0.03703703731298447,0.08888889104127884,0.08888889104127884,0.0833333358168602,0.0833333358168602
Race: Other,284,0.7959263324737549,0.7797149419784546,0.7498041391372681,0.7468770742416382,0.7552447319030762
Overall,285,0.6335656642913818,0.58220374584198,0.5650182962417603,0.5585033297538757,0.6098360419273376
Gender: Male,285,0.6649556159973145,0.68482905626297,0.5720033645629883,0.5366589426994324,0.6551724076271057
Gender: Female,285,0.6299043297767639,0.5431925058364868,0.5440191030502319,0.5427979826927185,0.5496183037757874
Age: <40,285,0.6696572303771973,0.6452967524528503,0.6193926930427551,0.6071189641952515,0.6287878751754761
Age: 40-50,285,0.6585557460784912,0.6166666746139526,0.5824176073074341,0.5804430246353149,0.6666666865348816
Age: 50-65,285,0.5542279481887817,0.4550684690475464,0.4623161852359772,0.45441049337387085,0.5408163070678711
Race: White,285,0.5368017554283142,0.46483880281448364,0.46679452061653137,0.4653855562210083,0.5571428537368774
Race: Black,285,0.2589285969734192,0.2638888955116272,0.3482142984867096,0.24786324799060822,0.27272728085517883
Race: Other,285,0.7839433550834656,0.761904776096344,0.6948052048683167,0.6862188577651978,0.7132866978645325
Overall,286,0.6755622625350952,0.6184966564178467,0.591911792755127,0.58055180311203,0.6176470518112183
Gender: Male,286,0.5795321464538574,0.5555555820465088,0.5228070020675659,0.48774927854537964,0.6436781883239746
Gender: Female,286,0.6792763471603394,0.5895866751670837,0.5911654233932495,0.5827346444129944,0.5833333730697632
Age: <40,286,0.6590038537979126,0.5883469581604004,0.5643891096115112,0.50050950050354,0.5179856419563293
Age: 40-50,286,0.8157894611358643,0.7494553327560425,0.7317813634872437,0.7395178079605103,0.8028168678283691
Age: 50-65,286,0.6092592477798462,0.5909091234207153,0.5833333134651184,0.58441561460495,0.625
Race: White,286,0.6691045761108398,0.5737992525100708,0.560616135597229,0.5607949495315552,0.6433566212654114
Race: Black,286,0.44078946113586426,0.49705880880355835,0.49671053886413574,0.4413793087005615,0.4444444477558136
Race: Other,286,0.7077921628952026,0.6728429794311523,0.6322510838508606,0.6044482588768005,0.625
Overall,287,0.6461004018783569,0.5908845663070679,0.5753353238105774,0.5693837404251099,0.6062718033790588
Gender: Male,287,0.6458081007003784,0.6384804248809814,0.5585998296737671,0.5134671926498413,0.6168830990791321
Gender: Female,287,0.6625115871429443,0.5904762148857117,0.5921052694320679,0.5900684595108032,0.5939849615097046
Age: <40,287,0.6664414405822754,0.6074016094207764,0.5934684872627258,0.588471531867981,0.6119402647018433
Age: 40-50,287,0.6915584206581116,0.7434210777282715,0.6201298832893372,0.6227381229400635,0.7384615540504456
Age: 50-65,287,0.5563051700592041,0.48896434903144836,0.48988062143325806,0.4829059839248657,0.5
Race: White,287,0.5444015264511108,0.48148149251937866,0.4847314655780792,0.478658527135849,0.5789473652839661
Race: Black,287,0.2083333283662796,0.31060606241226196,0.2916666865348816,0.29230770468711853,0.30434784293174744
Race: Other,287,0.7467857599258423,0.6945229172706604,0.6598214507102966,0.6521698236465454,0.6733333468437195
Overall,288,0.6620168685913086,0.6080659627914429,0.5876845121383667,0.5832474231719971,0.6258503198623657
Gender: Male,288,0.6163558959960938,0.6574674844741821,0.5471056699752808,0.508600652217865,0.6754966974258423
Gender: Female,288,0.664708137512207,0.5727450847625732,0.5726596117019653,0.5726742744445801,0.5734265446662903
Age: <40,288,0.6856973171234131,0.6406976580619812,0.6079393625259399,0.5862069129943848,0.6120689511299133
Age: 40-50,288,0.7307692170143127,0.6970310211181641,0.6276223659515381,0.6268088221549988,0.699999988079071
Age: 50-65,288,0.6018797159194946,0.5486111044883728,0.5473684072494507,0.5477731227874756,0.5925925970077515
Race: White,288,0.6228889226913452,0.521693229675293,0.5205555558204651,0.5206338167190552,0.6000000238418579
Race: Black,288,0.1666666865348816,0.3571428656578064,0.1388888955116272,0.20000000298023224,0.25
Race: Other,288,0.7561923265457153,0.7560895085334778,0.6889266967773438,0.6826673746109009,0.713178277015686
Overall,289,0.6616209745407104,0.6245258450508118,0.5963717103004456,0.5873245596885681,0.6275168061256409
Gender: Male,289,0.6853995323181152,0.7348484992980957,0.5907823443412781,0.5528530478477478,0.6569767594337463
Gender: Female,289,0.6359026432037354,0.5846855640411377,0.5846855640411377,0.5846855640411377,0.5873016119003296
Age: <40,289,0.6877332925796509,0.6936885714530945,0.6366666555404663,0.6340364813804626,0.6880000233650208
Age: 40-50,289,0.7328571081161499,0.7000000476837158,0.654285728931427,0.6608695983886719,0.7179487347602844
Age: 50-65,289,0.5441176891326904,0.48462700843811035,0.4864082336425781,0.4636404514312744,0.4736842215061188
Race: White,289,0.6262286901473999,0.5672569274902344,0.5519059896469116,0.5512820482254028,0.6571428775787354
Race: Black,289,0.34259259700775146,0.3758741319179535,0.33564814925193787,0.30000001192092896,0.3142857253551483
Race: Other,289,0.7526482939720154,0.7172835469245911,0.6741260290145874,0.6628715991973877,0.6829267740249634
Overall,290,0.6539632081985474,0.5991071462631226,0.5806722640991211,0.5779385566711426,0.6282894611358643
Gender: Male,290,0.6358652114868164,0.6643801927566528,0.554104208946228,0.5299712419509888,0.7058823704719543
Gender: Female,290,0.5913547277450562,0.5298507213592529,0.5298573970794678,0.5298246145248413,0.5298507213592529
Age: <40,290,0.5801886916160583,0.5775757431983948,0.5603773593902588,0.5532299876213074,0.6090225577354431
Age: 40-50,290,0.6993464231491089,0.6617647409439087,0.6617647409439087,0.6617647409439087,0.739130437374115
Age: 50-65,290,0.7013888359069824,0.5807746648788452,0.5659722089767456,0.5514878630638123,0.5784313678741455
Race: White,290,0.6185200214385986,0.5116190910339355,0.509615421295166,0.5040370225906372,0.5763888955116272
Race: Black,290,0.14035087823867798,0.2534722089767456,0.18859648704528809,0.18831169605255127,0.19999998807907104
Race: Other,290,0.7569444179534912,0.7537856698036194,0.7086925506591797,0.719771683216095,0.7629629373550415
Overall,291,0.6557434797286987,0.6052631735801697,0.5803382396697998,0.5688461661338806,0.6118420958518982
Gender: Male,291,0.691857099533081,0.7556818127632141,0.5900000333786011,0.5486174821853638,0.658823549747467
Gender: Female,291,0.6113351583480835,0.5488739013671875,0.5486111044883728,0.5486189126968384,0.5522388219833374
Age: <40,291,0.6306612491607666,0.6358292102813721,0.5994112491607666,0.5762255191802979,0.6090225577354431
Age: 40-50,291,0.8226120471954346,0.7844280004501343,0.7616958618164062,0.7718052864074707,0.8400000333786011
Age: 50-65,291,0.5652173757553101,0.43487393856048584,0.44608697295188904,0.4170040488243103,0.4375
Race: White,291,0.6041263341903687,0.5016117095947266,0.5013969540596008,0.49862635135650635,0.5890411138534546
Race: Black,291,0.125,0.3311688303947449,0.2678571343421936,0.2571428716182709,0.2777777910232544
Race: Other,291,0.7807716131210327,0.7586805820465088,0.6824862360954285,0.6544347405433655,0.6785714030265808
Overall,292,0.6322231292724609,0.6242753267288208,0.5860252380371094,0.5784883499145508,0.6482758522033691
Gender: Male,292,0.6072750687599182,0.840624988079071,0.5526315569877625,0.5004425644874573,0.6927710771560669
Gender: Female,292,0.6252964735031128,0.5828042030334473,0.5824769735336304,0.58260178565979,0.5887096524238586
Age: <40,292,0.6381387710571289,0.6486622095108032,0.5923348665237427,0.5761183500289917,0.6453900337219238
Age: 40-50,292,0.76902174949646,0.8376623392105103,0.676630437374115,0.7064141035079956,0.8225806355476379
Age: 50-65,292,0.5343716144561768,0.5055555701255798,0.5048335194587708,0.49654197692871094,0.5287356376647949
Race: White,292,0.5940486192703247,0.5643892288208008,0.5424515604972839,0.5398001670837402,0.6911764740943909
Race: Black,292,0.25,0.3586956560611725,0.3839285671710968,0.2724014222621918,0.27586206793785095
Race: Other,292,0.7443922758102417,0.7005928754806519,0.6588419675827026,0.6562301516532898,0.6880000233650208
Overall,293,0.608077883720398,0.5240429639816284,0.5184129476547241,0.507631778717041,0.5771812200546265
Gender: Male,293,0.6832606792449951,0.5956989526748657,0.5334636569023132,0.4916267991065979,0.6470588445663452
Gender: Female,293,0.5090090036392212,0.4742063581943512,0.47397395968437195,0.4739726185798645,0.484375
Age: <40,293,0.6671894788742065,0.6150376200675964,0.6000000238418579,0.6027777791023254,0.6615384817123413
Age: 40-50,293,0.5557142496109009,0.4908088445663452,0.4928571283817291,0.48571428656578064,0.604938268661499
Age: 50-65,293,0.559259295463562,0.4047987461090088,0.43492063879966736,0.38210228085517883,0.4252873659133911
Race: White,293,0.5571109056472778,0.4220970869064331,0.4410631060600281,0.42312031984329224,0.5205479264259338
Race: Black,293,0.3769230842590332,0.2991071343421936,0.32692307233810425,0.29230770468711853,0.30434784293174744
Race: Other,293,0.7196428775787354,0.6746214628219604,0.6353316307067871,0.6376404762268066,0.6899224519729614
Overall,294,0.7378987073898315,0.6755341291427612,0.6375703811645508,0.6309483051300049,0.6632652878761292
Gender: Male,294,0.7065759897232056,0.6765255331993103,0.5857142806053162,0.5669088363647461,0.6726190447807312
Gender: Female,294,0.7589172720909119,0.6573623418807983,0.6554515361785889,0.6504414081573486,0.6507936716079712
Age: <40,294,0.7237582206726074,0.6600487232208252,0.6124296188354492,0.5887550115585327,0.625
Age: 40-50,294,0.8426573276519775,0.8151515126228333,0.7272727489471436,0.7413156032562256,0.7857142686843872
Age: 50-65,294,0.677051305770874,0.6204906702041626,0.609916627407074,0.6079854965209961,0.625
Race: White,294,0.6835341453552246,0.5950000286102295,0.5712181925773621,0.5688300132751465,0.6484375
Race: Black,294,0.6458333730697632,0.5427350401878357,0.5520833730697632,0.49052631855010986,0.5
Race: Other,294,0.794396162033081,0.7394230365753174,0.692463755607605,0.682640552520752,0.7013888955116272
Overall,295,0.6524832844734192,0.625787615776062,0.6049107313156128,0.6003319621086121,0.6317567825317383
Gender: Male,295,0.6236193776130676,0.6952521204948425,0.5901444554328918,0.5796756744384766,0.7037037014961243
Gender: Female,295,0.5836514830589294,0.5454545021057129,0.5458117723464966,0.544141411781311,0.5447760820388794
Age: <40,295,0.6482263803482056,0.6558964252471924,0.630912184715271,0.62339186668396,0.6449275612831116
Age: 40-50,295,0.792426347732544,0.7272727489471436,0.6928471326828003,0.69792640209198,0.7272727489471436
Age: 50-65,295,0.5460858345031738,0.4699537754058838,0.47537878155708313,0.4632115364074707,0.5185185074806213
Race: White,295,0.5981622338294983,0.5480631589889526,0.5450470447540283,0.5457171201705933,0.615384578704834
Race: Black,295,0.5,0.4363636374473572,0.45394736528396606,0.32499998807907104,0.3333333432674408
Race: Other,295,0.7785336971282959,0.750663161277771,0.7142857313156128,0.703529417514801,0.7142857313156128
Overall,296,0.7113755941390991,0.6630841493606567,0.6364288330078125,0.6277196407318115,0.6480263471603394
Gender: Male,296,0.7292221784591675,0.7611764669418335,0.5984915494918823,0.5615153312683105,0.6646707057952881
Gender: Female,296,0.6797511577606201,0.6256421208381653,0.6259115934371948,0.6257432103157043,0.6277372241020203
Age: <40,296,0.7222689390182495,0.6659226417541504,0.6405462026596069,0.6243466734886169,0.6376811861991882
Age: 40-50,296,0.7928321361541748,0.7208657264709473,0.6739510297775269,0.6811316013336182,0.7285714149475098
Age: 50-65,296,0.613113284111023,0.6148883104324341,0.6005210876464844,0.5897436141967773,0.6041666865348816
Race: White,296,0.6528406143188477,0.5903672575950623,0.5705128312110901,0.5648192763328552,0.6201550364494324
Race: Black,296,0.4424242377281189,0.42391306161880493,0.42575758695602417,0.40497076511383057,0.4054054021835327
Race: Other,296,0.8165966272354126,0.7782881855964661,0.7418067455291748,0.7309941649436951,0.739130437374115
Overall,297,0.6955776214599609,0.64210045337677,0.6112275719642639,0.6068651080131531,0.6496598720550537
Gender: Male,297,0.6883417367935181,0.6151515245437622,0.5479797720909119,0.5252525210380554,0.680272102355957
Gender: Female,297,0.6625324487686157,0.6238505840301514,0.6196779012680054,0.6160447597503662,0.6190475821495056
Age: <40,297,0.7788649797439575,0.694321870803833,0.6436181664466858,0.6297348737716675,0.6617646813392639
Age: 40-50,297,0.7680851221084595,0.7555147409439087,0.7218085527420044,0.7341269850730896,0.7910447716712952
Age: 50-65,297,0.5463510751724243,0.496153861284256,0.4967948794364929,0.48547011613845825,0.5274725556373596
Race: White,297,0.6352078914642334,0.570738673210144,0.5536522269248962,0.5488821268081665,0.6267605423927307
Race: Black,297,0.7023809552192688,0.5718954801559448,0.5654761791229248,0.560675859451294,0.5769230723381042
Race: Other,297,0.771312952041626,0.7231457829475403,0.6765747666358948,0.667681097984314,0.6904762387275696
Overall,298,0.6338812708854675,0.5557581186294556,0.5464842915534973,0.5387676954269409,0.5771812200546265
Gender: Male,298,0.6775293350219727,0.6660068035125732,0.5556081533432007,0.5100204944610596,0.644295334815979
Gender: Female,298,0.5530797243118286,0.508838415145874,0.5088768005371094,0.5086506605148315,0.5100671052932739
Age: <40,298,0.6260004043579102,0.5722772479057312,0.5552671551704407,0.529411792755127,0.5588235259056091
Age: 40-50,298,0.7556521892547607,0.6617924571037292,0.6491304636001587,0.6538722515106201,0.7123287916183472
Age: 50-65,298,0.5582120418548584,0.46299436688423157,0.46595633029937744,0.4614763855934143,0.49438202381134033
Race: White,298,0.6029741764068604,0.47380954027175903,0.47685185074806213,0.472573846578598,0.5440000295639038
Race: Black,298,0.17592591047286987,0.169856458902359,0.1805555522441864,0.16573971509933472,0.1666666716337204
Race: Other,298,0.7708086967468262,0.7163461446762085,0.6730769276618958,0.6675823926925659,0.692307710647583
Overall,299,0.7004189491271973,0.6260936260223389,0.5912476778030396,0.5837334394454956,0.6421404480934143
Gender: Male,299,0.7070218324661255,0.6797385811805725,0.5749092102050781,0.5558441877365112,0.6900584697723389
Gender: Female,299,0.6684609651565552,0.5768535137176514,0.5727918148040771,0.5696139335632324,0.578125
Age: <40,299,0.7003452181816101,0.7068189382553101,0.6375143527984619,0.6309992074966431,0.6865671277046204
Age: 40-50,299,0.7671068906784058,0.6727272868156433,0.6254501938819885,0.6373626589775085,0.7575757503509521
Age: 50-65,299,0.6613562107086182,0.49852216243743896,0.49877452850341797,0.4793388545513153,0.5050504803657532
Race: White,299,0.6058640480041504,0.4603123068809509,0.4683445990085602,0.46000000834465027,0.585185170173645
Race: Black,299,0.6363636255264282,0.511904776096344,0.5136363506317139,0.3324176073074341,0.3333333432674408
Race: Other,299,0.8418859243392944,0.7994047403335571,0.7206140160560608,0.7254175543785095,0.7591241002082825
Overall,300,0.6670074462890625,0.6087113618850708,0.5870376825332642,0.5670995712280273,0.5900000333786011
Gender: Male,300,0.6553713083267212,0.5988888740539551,0.5385003685951233,0.4800627827644348,0.5892857313156128
Gender: Female,300,0.6392982006072998,0.5919632911682129,0.593684196472168,0.5894008874893188,0.5909091234207153
Age: <40,300,0.7097885608673096,0.6570624709129333,0.634650707244873,0.6171648502349854,0.6287878751754761
Age: 40-50,300,0.8387096524238586,0.7589285373687744,0.6679073572158813,0.6561403274536133,0.699999988079071
Age: 50-65,300,0.47313618659973145,0.44999998807907104,0.4591836631298065,0.4331550896167755,0.4591836631298065
Race: White,300,0.5958042144775391,0.5402348041534424,0.5327506065368652,0.5239560604095459,0.5714285969734192
Race: Black,300,0.418181836605072,0.36818182468414307,0.36818182468414307,0.2222222238779068,0.2222222238779068
Race: Other,300,0.7721984386444092,0.7159863710403442,0.6814656257629395,0.6661543846130371,0.6785714030265808
Overall,301,0.6623685359954834,0.588378369808197,0.5672839283943176,0.5506696701049805,0.5892255902290344
Gender: Male,301,0.6921052932739258,0.6458333730697632,0.5518091917037964,0.5031512975692749,0.6289308071136475
Gender: Female,301,0.6054235696792603,0.5461538434028625,0.5454068183898926,0.5423005819320679,0.54347825050354
Age: <40,301,0.6703559160232544,0.587128758430481,0.5668402910232544,0.5473813414573669,0.5808823704719543
Age: 40-50,301,0.7045454382896423,0.6944444179534912,0.6431818008422852,0.6479591727256775,0.7101449370384216
Age: 50-65,301,0.6006616353988647,0.5137313604354858,0.510869562625885,0.4839835464954376,0.510869562625885
Race: White,301,0.5858333110809326,0.4593726396560669,0.47013887763023376,0.4538077414035797,0.5520000457763672
Race: Black,301,0.5255101919174194,0.46195653080940247,0.4464285969734192,0.3583333492279053,0.37142857909202576
Race: Other,301,0.7707526683807373,0.7017326354980469,0.657741904258728,0.6505101919174194,0.6788321137428284
Overall,302,0.5715024471282959,0.5374504327774048,0.528384804725647,0.5144093632698059,0.5709459781646729
Gender: Male,302,0.5644927024841309,0.5368421077728271,0.5152173638343811,0.4622727334499359,0.5857987999916077
Gender: Female,302,0.6040080785751343,0.5399031043052673,0.5397006273269653,0.539767324924469,0.5511810779571533
Age: <40,302,0.5056511163711548,0.4645969271659851,0.476044237613678,0.445814847946167,0.5193798542022705
Age: 40-50,302,0.7005928754806519,0.6577777862548828,0.6403161883354187,0.6458333730697632,0.7058823704719543
Age: 50-65,302,0.5910582542419434,0.5370370149612427,0.5295324325561523,0.5117807984352112,0.5454545617103577
Race: White,302,0.560835599899292,0.5,0.5,0.4992581009864807,0.5874125957489014
Race: Black,302,0.4275362491607666,0.5041666626930237,0.5036231875419617,0.3095238208770752,0.3103448152542114
Race: Other,302,0.6292016506195068,0.6235119104385376,0.5871848464012146,0.5679442286491394,0.6129032373428345
Overall,303,0.6551507115364075,0.6159648895263672,0.5892037749290466,0.5793615579605103,0.6212624311447144
Gender: Male,303,0.6878573894500732,0.7079486846923828,0.6078600883483887,0.5854194164276123,0.6647727489471436
Gender: Female,303,0.6122291088104248,0.5533332824707031,0.5515996217727661,0.5506829619407654,0.5600000023841858
Age: <40,303,0.6938819885253906,0.6530448794364929,0.6261003613471985,0.601136326789856,0.614814817905426
Age: 40-50,303,0.5973684191703796,0.575120210647583,0.5548245906829834,0.5564738512039185,0.701298713684082
Age: 50-65,303,0.6420512795448303,0.5423077344894409,0.5338461399078369,0.5209109783172607,0.5617977380752563
Race: White,303,0.6146458387374878,0.454497367143631,0.4612845182418823,0.4563514292240143,0.6136363744735718
Race: Black,303,0.5277777910232544,0.4238095283508301,0.3888888955116272,0.3052631616592407,0.3181818127632141
Race: Other,303,0.6911928653717041,0.7285714149475098,0.6872909665107727,0.6620689630508423,0.6734693646430969
Overall,304,0.5690711736679077,0.5690045356750488,0.5527421236038208,0.5443528890609741,0.6048110127449036
Gender: Male,304,0.5579545497894287,0.6278195381164551,0.5441558361053467,0.511232316493988,0.6746987700462341
Gender: Female,304,0.4971751570701599,0.5091873407363892,0.5091165900230408,0.5088566541671753,0.5120000243186951
Age: <40,304,0.6176623106002808,0.6052631735801697,0.5779221057891846,0.5632798671722412,0.6080000400543213
Age: 40-50,304,0.5740741491317749,0.5813559293746948,0.5666666626930237,0.569658637046814,0.6891891956329346
Age: 50-65,304,0.5043269395828247,0.5035821199417114,0.5028846263885498,0.4885585308074951,0.532608687877655
Race: White,304,0.48704078793525696,0.4506288468837738,0.4584178328514099,0.44946807622909546,0.52173912525177
Race: Black,304,0.36666667461395264,0.420634925365448,0.4166666865348816,0.3901515007019043,0.3913043439388275
Race: Other,304,0.6805241107940674,0.7543238997459412,0.6630133390426636,0.6666910648345947,0.7307692170143127
Overall,305,0.6345968246459961,0.5901389122009277,0.571181058883667,0.5616410970687866,0.6032786965370178
Gender: Male,305,0.6572221517562866,0.7127100825309753,0.574999988079071,0.5336043834686279,0.6533333659172058
Gender: Female,305,0.6254191398620605,0.5497105717658997,0.5489604473114014,0.5487532019615173,0.5548387169837952
Age: <40,305,0.6496147513389587,0.6218487620353699,0.5931078791618347,0.5567826628684998,0.5766423344612122
Age: 40-50,305,0.7043478488922119,0.7301587462425232,0.6719367504119873,0.686886727809906,0.7692307829856873
Age: 50-65,305,0.5412987470626831,0.4583333134651184,0.4610389471054077,0.45819395780563354,0.5
Race: White,305,0.6582427024841309,0.529891312122345,0.525859534740448,0.524383544921875,0.6048386693000793
Race: Black,305,0.48221343755722046,0.4663461446762085,0.47233203053474426,0.3775065541267395,0.38235294818878174
Race: Other,305,0.6451492309570312,0.6677570343017578,0.6339552402496338,0.6253186464309692,0.6530612111091614
Overall,306,0.7085380554199219,0.6706521511077881,0.6239908933639526,0.5996211767196655,0.6291390657424927
Gender: Male,306,0.6695526838302612,0.7544934749603271,0.5898990035057068,0.5477113127708435,0.6568047404289246
Gender: Female,306,0.7002331018447876,0.6103895902633667,0.6109557151794434,0.5939619541168213,0.5939849615097046
Age: <40,306,0.7116034030914307,0.706487774848938,0.667194128036499,0.6236661672592163,0.633093535900116
Age: 40-50,306,0.6485714316368103,0.6123188734054565,0.566428542137146,0.5621621608734131,0.6913580298423767
Age: 50-65,306,0.7410286664962769,0.5992424488067627,0.5783492922782898,0.5435992479324341,0.5609756112098694
Race: White,306,0.6155612468719482,0.5492371916770935,0.5305771231651306,0.515625,0.6290322542190552
Race: Black,306,0.5175438523292542,0.4477272629737854,0.44956138730049133,0.41874998807907104,0.4193548262119293
Race: Other,306,0.8276782035827637,0.7678738832473755,0.7185474634170532,0.6666666865348816,0.6734693646430969
Overall,307,0.6057678461074829,0.5599902868270874,0.5479204058647156,0.5360000133514404,0.5758620500564575
Gender: Male,307,0.518629789352417,0.4834368824958801,0.49358972907066345,0.45294588804244995,0.6447368264198303
Gender: Female,307,0.5571765899658203,0.5052787065505981,0.5053636431694031,0.49934276938438416,0.5
Age: <40,307,0.627758264541626,0.5786492824554443,0.5577230453491211,0.5333333611488342,0.5714285969734192
Age: 40-50,307,0.7153438925743103,0.6312754154205322,0.6023809313774109,0.5999709963798523,0.6516854166984558
Age: 50-65,307,0.46820515394210815,0.4818965792655945,0.48384618759155273,0.47647058963775635,0.5056179761886597
Race: White,307,0.5395419597625732,0.4768518805503845,0.48217374086380005,0.46951329708099365,0.5531914830207825
Race: Black,307,0.35555553436279297,0.369047611951828,0.3777777850627899,0.3095238208770752,0.3103448152542114
Race: Other,307,0.7225174903869629,0.6766525506973267,0.6517482399940491,0.6474735736846924,0.6666666865348816
Overall,308,0.663636326789856,0.605653703212738,0.5799317955970764,0.5710321068763733,0.6212624311447144
Gender: Male,308,0.6588670015335083,0.683503270149231,0.5541871786117554,0.5155841708183289,0.6759776473045349
Gender: Female,308,0.6005376577377319,0.5411290526390076,0.5411290526390076,0.5409836173057556,0.5409835577011108
Age: <40,308,0.7129960060119629,0.6244451999664307,0.586600124835968,0.5414462089538574,0.5692307949066162
Age: 40-50,308,0.7371031641960144,0.7087264060974121,0.675595223903656,0.6861118078231812,0.7536231875419617
Age: 50-65,308,0.5889126062393188,0.5342664122581482,0.5302771925926208,0.5292131304740906,0.5980392098426819
Race: White,308,0.6213592290878296,0.4917789697647095,0.49220746755599976,0.4917087256908417,0.609929084777832
Race: Black,308,0.6100000143051147,0.5219298005104065,0.5249999761581421,0.3589743673801422,0.35999998450279236
Race: Other,308,0.7664618492126465,0.7481796145439148,0.6795434951782227,0.6570972800254822,0.6814814805984497
Overall,309,0.6430020332336426,0.6243717670440674,0.5903538465499878,0.5643274784088135,0.5973154306411743
Gender: Male,309,0.6160686016082764,0.7579469680786133,0.561845064163208,0.4964749217033386,0.6335403919219971
Gender: Female,309,0.6177749037742615,0.5630931854248047,0.5635592937469482,0.5546495914459229,0.55474454164505
Age: <40,309,0.6972430944442749,0.6901881694793701,0.6418546438217163,0.5972950458526611,0.6141732335090637
Age: 40-50,309,0.7102040648460388,0.6776315569877625,0.6239795684814453,0.6338443756103516,0.739130437374115
Age: 50-65,309,0.5353964567184448,0.49758684635162354,0.4980657696723938,0.46171462535858154,0.480392187833786
Race: White,309,0.5497076511383057,0.4545920193195343,0.46759259700775146,0.44251585006713867,0.5153846144676208
Race: Black,309,0.3125,0.33157896995544434,0.375,0.28042328357696533,0.2916666865348816
Race: Other,309,0.8019323348999023,0.8042435050010681,0.7327536344528198,0.7077921628952026,0.7222222089767456
Overall,310,0.6612298488616943,0.6114996671676636,0.5939556360244751,0.5896897315979004,0.6220735907554626
Gender: Male,310,0.6882061958312988,0.745337963104248,0.574329137802124,0.5341505408287048,0.6709677577018738
Gender: Female,310,0.6158454418182373,0.5704348087310791,0.5704348087310791,0.5694444179534912,0.569444477558136
Age: <40,310,0.7427083253860474,0.6992535591125488,0.6807291507720947,0.676196813583374,0.6854838728904724
Age: 40-50,310,0.6842650175094604,0.6225490570068359,0.6035196781158447,0.607968807220459,0.6865671277046204
Age: 50-65,310,0.5308685302734375,0.4714285731315613,0.47767698764801025,0.45872342586517334,0.5092592835426331
Race: White,310,0.5898905396461487,0.519439697265625,0.5177175998687744,0.517656683921814,0.633093535900116
Race: Black,310,0.3272727131843567,0.2638888955116272,0.29393941164016724,0.2593703269958496,0.26923078298568726
Race: Other,310,0.7674576044082642,0.7193675637245178,0.7006779909133911,0.6760555505752563,0.6791044473648071
Overall,311,0.6061393022537231,0.6105412244796753,0.5849822759628296,0.578303873538971,0.6283783912658691
Gender: Male,311,0.6117680072784424,0.673701286315918,0.5602477192878723,0.5013333559036255,0.6117647290229797
Gender: Female,311,0.6953945159912109,0.6399694681167603,0.6482628583908081,0.6398128867149353,0.6507936716079712
Age: <40,311,0.5959051847457886,0.6726251244544983,0.6365840435028076,0.6232134103775024,0.6475409269332886
Age: 40-50,311,0.5656814575195312,0.47902098298072815,0.4852216839790344,0.4753320515155792,0.6455696225166321
Age: 50-65,311,0.6383647918701172,0.5792483687400818,0.565363883972168,0.5562343001365662,0.5894737243652344
Race: White,311,0.5048192739486694,0.46129029989242554,0.46746987104415894,0.46087661385536194,0.5609756112098694
Race: Black,311,0.3642857074737549,0.42897728085517883,0.4404762089252472,0.36661213636398315,0.3720930218696594
Race: Other,311,0.7689292430877686,0.8099489808082581,0.7381769418716431,0.7465546131134033,0.7769230604171753
Overall,312,0.6434260606765747,0.5714285373687744,0.5589836835861206,0.5546875,0.6041666865348816
Gender: Male,312,0.6606060266494751,0.5987410545349121,0.5462121367454529,0.515651285648346,0.6352201104164124
Gender: Female,312,0.62913578748703,0.5582807064056396,0.559259295463562,0.5582191944122314,0.565891444683075
Age: <40,312,0.7016283273696899,0.6433333158493042,0.6029693484306335,0.5877378582954407,0.6307692527770996
Age: 40-50,312,0.6613636016845703,0.6230158805847168,0.5939394235610962,0.5983051061630249,0.6962025761604309
Age: 50-65,312,0.5478723049163818,0.44847074151039124,0.44847074151039124,0.44847074151039124,0.4683544337749481
Race: White,312,0.6266233921051025,0.5135338306427002,0.5121753215789795,0.5110354423522949,0.5923076868057251
Race: Black,312,0.2678571343421936,0.2946428656578064,0.2946428656578064,0.27272728085517883,0.27272728085517883
Race: Other,312,0.6996021270751953,0.6745402812957764,0.6363837122917175,0.6323661804199219,0.6691176295280457
Overall,313,0.717432975769043,0.6574972867965698,0.6398467421531677,0.6426379680633545,0.6756756901741028
Gender: Male,313,0.7317214608192444,0.688977837562561,0.5958414077758789,0.5971407890319824,0.7324841022491455
Gender: Female,313,0.6463768482208252,0.611640453338623,0.6115942001342773,0.6114906668663025,0.6115108132362366
Age: <40,313,0.7096244096755981,0.651667594909668,0.623826265335083,0.6153076887130737,0.6412214040756226
Age: 40-50,313,0.7349649667739868,0.7008995413780212,0.6874126195907593,0.6927939653396606,0.7407407760620117
Age: 50-65,313,0.7246913313865662,0.6370370388031006,0.6370370388031006,0.6370370388031006,0.6666666865348816
Race: White,313,0.7061173915863037,0.620779275894165,0.6044943928718567,0.6079787015914917,0.6716417670249939
Race: Black,313,0.4553571343421936,0.375,0.3883928656578064,0.375,0.40000003576278687
Race: Other,313,0.7763742208480835,0.7455939054489136,0.7249122858047485,0.7283951044082642,0.7424242496490479
Overall,314,0.6340235471725464,0.6012324094772339,0.5757647156715393,0.564513623714447,0.6135593056678772
Gender: Male,314,0.5959595441818237,0.6345070600509644,0.5364017486572266,0.48942896723747253,0.6644737124443054
Gender: Female,314,0.6083724498748779,0.5612754821777344,0.559956967830658,0.5572755336761475,0.559440553188324
Age: <40,314,0.6456228494644165,0.6510181427001953,0.6123737096786499,0.5922726988792419,0.6231884360313416
Age: 40-50,314,0.7509881258010864,0.625,0.5885375738143921,0.59255051612854,0.7051281929016113
Age: 50-65,314,0.5064599514007568,0.4852484464645386,0.487726092338562,0.4725218415260315,0.5063291192054749
Race: White,314,0.5749999284744263,0.5194600224494934,0.51541668176651,0.5058743357658386,0.5691056847572327
Race: Black,314,0.375,0.2764706015586853,0.34166666865348816,0.2810457646846771,0.3181818127632141
Race: Other,314,0.7257918119430542,0.7204968929290771,0.6606335043907166,0.6549999713897705,0.6933333277702332
Overall,315,0.6606695652008057,0.6274732351303101,0.6032267808914185,0.5956630706787109,0.6279069781303406
Gender: Male,315,0.6402925252914429,0.7674176096916199,0.6065492033958435,0.5766745209693909,0.6772152185440063
Gender: Female,315,0.6617704629898071,0.572510838508606,0.5721700191497803,0.572087287902832,0.5734265446662903
Age: <40,315,0.7045528292655945,0.6798136234283447,0.6412194967269897,0.6134974956512451,0.6305732727050781
Age: 40-50,315,0.8651162981987,0.8270833492279053,0.7434108257293701,0.7705494165420532,0.8448275923728943
Age: 50-65,315,0.4672222137451172,0.4501466155052185,0.45277780294418335,0.44989341497421265,0.4767441749572754
Race: White,315,0.5327273011207581,0.5063218474388123,0.5049999952316284,0.4961394667625427,0.5714285969734192
Race: Black,315,0.3333333134651184,0.42500001192092896,0.41428571939468384,0.3978947401046753,0.40909093618392944
Race: Other,315,0.8018541932106018,0.7296237945556641,0.6841608881950378,0.6777982711791992,0.699999988079071
Overall,316,0.617518424987793,0.602508544921875,0.5738681554794312,0.545680046081543,0.5806451439857483
Gender: Male,316,0.5342970490455627,0.5915032625198364,0.533730149269104,0.47490936517715454,0.5941176414489746
Gender: Female,316,0.6683959364891052,0.5803571343421936,0.5784395337104797,0.5637292861938477,0.5642856955528259
Age: <40,316,0.6830917596817017,0.6670689582824707,0.6170290112495422,0.5969017744064331,0.6356589198112488
Age: 40-50,316,0.557610273361206,0.6068181991577148,0.5835704207420349,0.5614035129547119,0.5866667032241821
Age: 50-65,316,0.5641025304794312,0.5208333730697632,0.5146011710166931,0.4726368188858032,0.5094339847564697
Race: White,316,0.5364758968353271,0.4678955674171448,0.47654321789741516,0.45586395263671875,0.529411792755127
Race: Black,316,0.4691358208656311,0.5092592239379883,0.5092592239379883,0.3030303120613098,0.3030303120613098
Race: Other,316,0.7431561946868896,0.7496031522750854,0.6899154782295227,0.6737691760063171,0.695035457611084
Overall,317,0.6322017908096313,0.6021218299865723,0.5766561031341553,0.5626863241195679,0.6059602499008179
Gender: Male,317,0.6313513517379761,0.609968364238739,0.5375675559043884,0.475452184677124,0.5977011322975159
Gender: Female,317,0.6777204275131226,0.6145319938659668,0.614222526550293,0.6143393516540527,0.6171875
Age: <40,317,0.6045476198196411,0.5821428298950195,0.5566104054450989,0.541622519493103,0.6090225577354431
Age: 40-50,317,0.7361111044883728,0.7005797624588013,0.6601852178573608,0.6590368747711182,0.6914893388748169
Age: 50-65,317,0.5363247394561768,0.5026454925537109,0.502136766910553,0.472222238779068,0.4933333396911621
Race: White,317,0.6051247119903564,0.5625,0.5571951270103455,0.5580965876579285,0.6214285492897034
Race: Black,317,0.8333333730697632,0.5416666865348816,0.5416666865348816,0.1538461595773697,0.1538461595773697
Race: Other,317,0.7471665143966675,0.712740421295166,0.6543155908584595,0.6423619389533997,0.6764705777168274
Overall,318,0.6159399747848511,0.5590909123420715,0.5453488826751709,0.5344387888908386,0.5890411138534546
Gender: Male,318,0.6063348054885864,0.5025478005409241,0.5008484125137329,0.43627381324768066,0.5872092843055725
Gender: Female,318,0.6631786823272705,0.5885547399520874,0.5899320840835571,0.5882064700126648,0.5916666984558105
Age: <40,318,0.5968014001846313,0.5141509771347046,0.5101010203361511,0.4778720736503601,0.52173912525177
Age: 40-50,318,0.6000000238418579,0.5873016119003296,0.5636363625526428,0.5649717450141907,0.6883116960525513
Age: 50-65,318,0.6722222566604614,0.5927602052688599,0.5854166746139526,0.5851293206214905,0.6103895902633667
Race: White,318,0.51054847240448,0.452085018157959,0.4579817056655884,0.4531468451023102,0.5565217137336731
Race: Black,318,0.2995169162750244,0.36796537041664124,0.3526570200920105,0.30980393290519714,0.3125
Race: Other,318,0.7492192983627319,0.6912333965301514,0.6349531412124634,0.6280224919319153,0.6758620738983154
Overall,319,0.681438684463501,0.6068376302719116,0.5771948099136353,0.5676183104515076,0.6275861859321594
Gender: Male,319,0.675972580909729,0.65360426902771,0.5484362840652466,0.5157455801963806,0.6860464811325073
Gender: Female,319,0.5867816209793091,0.5439976453781128,0.5433908104896545,0.5411866307258606,0.5423728823661804
Age: <40,319,0.6647958755493164,0.641954779624939,0.6089285612106323,0.5983924865722656,0.6349206566810608
Age: 40-50,319,0.8107345104217529,0.6700854897499084,0.6405367255210876,0.6493855714797974,0.7349397540092468
Age: 50-65,319,0.5657248497009277,0.46515148878097534,0.47880834341049194,0.4335664212703705,0.5061728358268738
Race: White,319,0.7246263027191162,0.5928030610084534,0.5642538666725159,0.5633194446563721,0.6791044473648071
Race: Black,319,0.2136363685131073,0.15142858028411865,0.22272726893424988,0.14876846969127655,0.15625
Race: Other,319,0.7489417791366577,0.7065359354019165,0.667195737361908,0.6653409004211426,0.6935483813285828
Overall,320,0.6697726249694824,0.6378998756408691,0.5986207723617554,0.5819368958473206,0.625
Gender: Male,320,0.6258234977722168,0.6506756544113159,0.5367259383201599,0.4629386067390442,0.6075949668884277
Gender: Female,320,0.7302922010421753,0.6463361978530884,0.6427370309829712,0.641748309135437,0.6449275612831116
Age: <40,320,0.6747032403945923,0.6282569169998169,0.6042922735214233,0.583058774471283,0.6013513803482056
Age: 40-50,320,0.6956521272659302,0.6991758346557617,0.6212374567985535,0.6387755274772644,0.7966101765632629
Age: 50-65,320,0.6136363744735718,0.5800751447677612,0.553787887096405,0.5120614171028137,0.550561785697937
Race: White,320,0.5804171562194824,0.5435293912887573,0.5326970815658569,0.523809552192688,0.5999999642372131
Race: Black,320,0.34375,0.4176470637321472,0.4270833432674408,0.31677019596099854,0.3181818127632141
Race: Other,320,0.7742224931716919,0.7293232679367065,0.6641746759414673,0.6504344940185547,0.6829267740249634
Overall,321,0.6375715732574463,0.6660512089729309,0.6247315406799316,0.619384229183197,0.6633663773536682
Gender: Male,321,0.5888978242874146,0.6764802932739258,0.5719361901283264,0.544882595539093,0.6703910231590271
Gender: Female,321,0.6471506357192993,0.6547619104385376,0.6522248387336731,0.6513893604278564,0.6532257795333862
Age: <40,321,0.6738125085830688,0.7031593322753906,0.6554224491119385,0.6499541997909546,0.6834532618522644
Age: 40-50,321,0.7746256589889526,0.7638888955116272,0.7245863080024719,0.7349904775619507,0.7702702879905701
Age: 50-65,321,0.5002513527870178,0.5069444179534912,0.5045248866081238,0.4736842215061188,0.5444444417953491
Race: White,321,0.5842912197113037,0.6205769181251526,0.5857963562011719,0.5867000222206116,0.6821705102920532
Race: Black,321,0.34259259700775146,0.33695653080940247,0.3263888955116272,0.2720588445663452,0.27272728085517883
Race: Other,321,0.7694672346115112,0.7622636556625366,0.71034836769104,0.7120383977890015,0.73758864402771
Overall,322,0.6785959005355835,0.6497759819030762,0.613056480884552,0.5943375825881958,0.6241829991340637
Gender: Male,322,0.6930091381072998,0.8133333325386047,0.6363636255264282,0.5995315909385681,0.6725146174430847
Gender: Female,322,0.6341677904129028,0.566794753074646,0.5648880004882812,0.5605517625808716,0.5629629492759705
Age: <40,322,0.7200080752372742,0.7061572074890137,0.6509661674499512,0.6221054792404175,0.6453900337219238
Age: 40-50,322,0.7473170757293701,0.7910014390945435,0.6956097483634949,0.7043672800064087,0.7575757503509521
Age: 50-65,322,0.5955102443695068,0.5036231875419617,0.5030612349510193,0.4839910864830017,0.5050504803657532
Race: White,322,0.5983827114105225,0.5987468957901001,0.5884995460510254,0.5891208648681641,0.6277372241020203
Race: Black,322,0.5090909004211426,0.43214285373687744,0.41363638639450073,0.2924138009548187,0.29629629850387573
Race: Other,322,0.8069827556610107,0.7891603708267212,0.683098554611206,0.6511056423187256,0.683098554611206
Overall,323,0.6524747014045715,0.5857073664665222,0.5656514167785645,0.5574665665626526,0.612040102481842
Gender: Male,323,0.6405996084213257,0.6566065549850464,0.5768466591835022,0.5719209909439087,0.7160493731498718
Gender: Female,323,0.5547008514404297,0.4941990077495575,0.49444445967674255,0.4857357144355774,0.48905110359191895
Age: <40,323,0.6856571435928345,0.578228235244751,0.5650924444198608,0.5543859601020813,0.5826771855354309
Age: 40-50,323,0.720588207244873,0.6973270177841187,0.6537989974021912,0.6671218872070312,0.7692307829856873
Age: 50-65,323,0.5787597894668579,0.5183233022689819,0.5130078792572021,0.49047619104385376,0.5514018535614014
Race: White,323,0.5477874279022217,0.4416666626930237,0.4575671851634979,0.44154876470565796,0.5666666626930237
Race: Black,323,0.4217686951160431,0.4124999940395355,0.4047619104385376,0.320561945438385,0.3214285969734192
Race: Other,323,0.8182072639465332,0.7461794018745422,0.707563042640686,0.711389422416687,0.7355371713638306
Overall,324,0.6478278636932373,0.6149709820747375,0.6015939116477966,0.6024338603019714,0.6401384472846985
Gender: Male,324,0.6178897619247437,0.597328245639801,0.5387538075447083,0.5121340155601501,0.6758620738983154
Gender: Female,324,0.6262626051902771,0.6047655940055847,0.6054778695106506,0.6036888360977173,0.6041666865348816
Age: <40,324,0.6282404661178589,0.6320398449897766,0.6060397028923035,0.6042648553848267,0.6504064798355103
Age: 40-50,324,0.7817178964614868,0.7255244851112366,0.7033097147941589,0.710162878036499,0.7432432770729065
Age: 50-65,324,0.5646191835403442,0.5172059535980225,0.5164619088172913,0.5157894492149353,0.54347825050354
Race: White,324,0.5643616914749146,0.5010638236999512,0.5010638236999512,0.5010638236999512,0.5820895433425903
Race: Black,324,0.45454543828964233,0.48366016149520874,0.4848484992980957,0.4583333134651184,0.46153849363327026
Race: Other,324,0.7739193439483643,0.7595430612564087,0.7179455757141113,0.7179783582687378,0.7364341020584106
Overall,325,0.6850561499595642,0.6335522532463074,0.6131678223609924,0.6109625697135925,0.6426116824150085
Gender: Male,325,0.643478274345398,0.6737374067306519,0.5560869574546814,0.5313176512718201,0.7054794430732727
Gender: Female,325,0.6388464570045471,0.5787019729614258,0.5789724588394165,0.5785887837409973,0.5793103575706482
Age: <40,325,0.6514723300933838,0.6250638961791992,0.5987293124198914,0.5827280282974243,0.609929084777832
Age: 40-50,325,0.7937500476837158,0.7166666984558105,0.7166666984558105,0.7166666984558105,0.7647058963775635
Age: 50-65,325,0.6751208305358887,0.5868687033653259,0.5778985619544983,0.5747289061546326,0.5975609421730042
Race: White,325,0.6301877498626709,0.49377650022506714,0.4945652186870575,0.4915721118450165,0.5808823704719543
Race: Black,325,0.28125,0.28125,0.28125,0.1111111119389534,0.1111111119389534
Race: Other,325,0.7925782799720764,0.7874531745910645,0.7634062767028809,0.7652683258056641,0.7737226486206055
Overall,326,0.6560255289077759,0.6046205759048462,0.585270345211029,0.5835673809051514,0.6357388496398926
Gender: Male,326,0.6345028877258301,0.5572336912155151,0.5247678160667419,0.49988776445388794,0.6727272272109985
Gender: Female,326,0.6047918796539307,0.5866430401802063,0.5863808393478394,0.586363673210144,0.5873016119003296
Age: <40,326,0.7030268907546997,0.6532042622566223,0.6270763874053955,0.6250184774398804,0.6577181220054626
Age: 40-50,326,0.7383333444595337,0.6690821647644043,0.6166666746139526,0.626937985420227,0.7454545497894287
Age: 50-65,326,0.5427303314208984,0.47838711738586426,0.48140954971313477,0.4742814898490906,0.5287356376647949
Race: White,326,0.5639784932136536,0.4840849041938782,0.48709675669670105,0.4814242720603943,0.6015037894248962
Race: Black,326,0.3333333134651184,0.3273809552192688,0.25833332538604736,0.2443181872367859,0.2631579041481018
Race: Other,326,0.776850700378418,0.7210859060287476,0.6873128414154053,0.6912342309951782,0.7194244861602783
Overall,327,0.6609195470809937,0.6359436511993408,0.5975157618522644,0.5877965092658997,0.6409395933151245
Gender: Male,327,0.6344122886657715,0.7146297693252563,0.5617102384567261,0.5326923131942749,0.7037037014961243
Gender: Female,327,0.6177681684494019,0.5723214149475098,0.5702058672904968,0.5642682313919067,0.5661764740943909
Age: <40,327,0.6941529512405396,0.7186146974563599,0.6261869072914124,0.5985631942749023,0.6535432934761047
Age: 40-50,327,0.8924485445022583,0.8300000429153442,0.7831807732582092,0.8008578419685364,0.8461538553237915
Age: 50-65,327,0.5005409717559814,0.46973687410354614,0.47511720657348633,0.45954784750938416,0.5
Race: White,327,0.5805234909057617,0.5200123190879822,0.5144187808036804,0.5037707686424255,0.6028368473052979
Race: Black,327,0.632478654384613,0.4375,0.44871795177459717,0.3978947401046753,0.40909093618392944
Race: Other,327,0.7633671760559082,0.7724514603614807,0.6984091997146606,0.689917802810669,0.7185184955596924
Overall,328,0.6117435693740845,0.563684344291687,0.5532283782958984,0.5467262268066406,0.5860927104949951
Gender: Male,328,0.6065492033958435,0.591269850730896,0.5305851101875305,0.47231200337409973,0.6075949668884277
Gender: Female,328,0.6219871044158936,0.5625,0.5634920597076416,0.5607843399047852,0.5625
Age: <40,328,0.6702440977096558,0.6209183931350708,0.5997474789619446,0.5864595174789429,0.6086956858634949
Age: 40-50,328,0.7028301954269409,0.6907169222831726,0.6398248076438904,0.6461538672447205,0.7160493731498718
Age: 50-65,328,0.39696967601776123,0.3799489140510559,0.38606059551239014,0.38213402032852173,0.42168673872947693
Race: White,328,0.5755295753479004,0.5054093599319458,0.5051560997962952,0.5049554109573364,0.5954198241233826
Race: Black,328,0.05847952514886856,0.125,0.07894736528396606,0.09677419066429138,0.1071428656578064
Race: Other,328,0.7381511926651001,0.709022581577301,0.663337230682373,0.6490889191627502,0.6713286638259888
Overall,329,0.6981520652770996,0.6781776547431946,0.6429005861282349,0.6409945487976074,0.6756756901741028
Gender: Male,329,0.6774011254310608,0.7308555841445923,0.6162429451942444,0.6150757074356079,0.7247191071510315
Gender: Female,329,0.6252540349960327,0.6045507192611694,0.6053701043128967,0.6014373302459717,0.6016949415206909
Age: <40,329,0.6919324398040771,0.6876780986785889,0.6483114361763,0.6429150104522705,0.6734693646430969
Age: 40-50,329,0.693840503692627,0.6539772748947144,0.6227355003356934,0.6288275122642517,0.7042253613471985
Age: 50-65,329,0.7033618688583374,0.6689814329147339,0.6443638801574707,0.6365832686424255,0.6538461446762085
Race: White,329,0.6251057386398315,0.5167526006698608,0.5137362480163574,0.5129509568214417,0.692307710647583
Race: Black,329,0.44871795177459717,0.3014705777168274,0.32692307233810425,0.3021346628665924,0.3199999928474426
Race: Other,329,0.7768467664718628,0.771463930606842,0.7438440322875977,0.7173346877098083,0.7207792401313782
Overall,330,0.618234395980835,0.5877846479415894,0.5593504905700684,0.5262550115585327,0.5699658393859863
Gender: Male,330,0.6141141057014465,0.6479501128196716,0.5373873710632324,0.4521423280239105,0.5792682766914368
Gender: Female,330,0.5972556471824646,0.5643106698989868,0.5619884729385376,0.5554682016372681,0.5581395626068115
Age: <40,330,0.6821862459182739,0.6653934717178345,0.5876518487930298,0.5151952505111694,0.5602836608886719
Age: 40-50,330,0.5906976461410522,0.6388888955116272,0.5784883499145508,0.5744756460189819,0.6984127163887024
Age: 50-65,330,0.5434343814849854,0.49561405181884766,0.4959595799446106,0.4850199222564697,0.49438202381134033
Race: White,330,0.5465860366821289,0.45438283681869507,0.46372687816619873,0.453125,0.5535714626312256
Race: Black,330,0.5586420297622681,0.42307692766189575,0.4444444477558136,0.2410714328289032,0.24444444477558136
Race: Other,330,0.7717932462692261,0.765898585319519,0.6872161030769348,0.6650246381759644,0.6911764740943909
Overall,331,0.6639081239700317,0.6116610169410706,0.5860105156898499,0.5693521499633789,0.6020408272743225
Gender: Male,331,0.7214421033859253,0.7011277675628662,0.5710626244544983,0.5208836197853088,0.6326530575752258
Gender: Female,331,0.5837037563323975,0.5748577117919922,0.5730555653572083,0.5694360733032227,0.5714285373687744
Age: <40,331,0.6334719657897949,0.5920122861862183,0.5732811689376831,0.5436720252037048,0.5625
Age: 40-50,331,0.7132034301757812,0.645714282989502,0.6103895902633667,0.6135265827178955,0.6875
Age: 50-65,331,0.6759259700775146,0.6081480979919434,0.5844907164573669,0.567751944065094,0.5980392098426819
Race: White,331,0.5698550939559937,0.4293522238731384,0.4494202733039856,0.4266340136528015,0.5206611156463623
Race: Black,331,0.5023922920227051,0.444444477558136,0.449760764837265,0.3973214328289032,0.40000003576278687
Race: Other,331,0.7570422887802124,0.7625538110733032,0.7147887349128723,0.7000869512557983,0.7132866978645325
Overall,332,0.7022886276245117,0.6388956904411316,0.6087570786476135,0.6062343120574951,0.6542372703552246
Gender: Male,332,0.6967719793319702,0.621330738067627,0.5425824522972107,0.5062857270240784,0.6625000238418579
Gender: Female,332,0.6988511085510254,0.6416666507720947,0.6408528685569763,0.6411164999008179,0.6444444060325623
Age: <40,332,0.7338935732841492,0.6843891143798828,0.6245225667953491,0.6192411184310913,0.6796875
Age: 40-50,332,0.7974172830581665,0.7250000238418579,0.7179176807403564,0.7212543487548828,0.7875000238418579
Age: 50-65,332,0.5652173757553101,0.505145251750946,0.5045068860054016,0.48270270228385925,0.49425286054611206
Race: White,332,0.6909356117248535,0.5729010701179504,0.5568713545799255,0.5522844195365906,0.6198346614837646
Race: Black,332,0.41904762387275696,0.4141414165496826,0.41904762387275696,0.3541666865348816,0.35483869910240173
Race: Other,332,0.7622569799423218,0.739615797996521,0.6950549483299255,0.7045454382896423,0.748251736164093
Overall,333,0.6462517380714417,0.5969482064247131,0.5720932483673096,0.5635138154029846,0.6216216087341309
Gender: Male,333,0.6696174144744873,0.6598790287971497,0.5566105246543884,0.510797381401062,0.6374269127845764
Gender: Female,333,0.6695812940597534,0.588050365447998,0.5890302062034607,0.5883824825286865,0.6000000238418579
Age: <40,333,0.6722897291183472,0.604424238204956,0.5721997022628784,0.5563700795173645,0.614814817905426
Age: 40-50,333,0.5652515888214111,0.5962365865707397,0.5703616142272949,0.5707915425300598,0.6753246784210205
Age: 50-65,333,0.6498855352401733,0.5766102075576782,0.5646452903747559,0.5555555820465088,0.5833333730697632
Race: White,333,0.6361111402511597,0.5333333611488342,0.5249999761581421,0.5174825191497803,0.6086956858634949
Race: Black,333,0.5555555820465088,0.4356725215911865,0.43888890743255615,0.39208173751831055,0.392857164144516
Race: Other,333,0.7042391896247864,0.6899999976158142,0.6396716833114624,0.6371928453445435,0.6846153736114502
Overall,334,0.6567184925079346,0.5875624418258667,0.5693460702896118,0.5580357313156128,0.5959596037864685
Gender: Male,334,0.6924850940704346,0.5751879811286926,0.5325555801391602,0.47712498903274536,0.5780346393585205
Gender: Female,334,0.6782609224319458,0.6178160905838013,0.6188405752182007,0.6179612874984741,0.6209677457809448
Age: <40,334,0.6361051797866821,0.6235994100570679,0.5836294889450073,0.5519864559173584,0.5923076868057251
Age: 40-50,334,0.794685959815979,0.7417582273483276,0.7125604152679443,0.72066330909729,0.7534246444702148
Age: 50-65,334,0.5904279947280884,0.4489583373069763,0.4549010396003723,0.4455278813838959,0.4787233769893646
Race: White,334,0.6254268884658813,0.542242705821991,0.536117672920227,0.5335015058517456,0.59375
Race: Black,334,0.5925925970077515,0.59375,0.6111111044883728,0.4965035319328308,0.5
Race: Other,334,0.6992712020874023,0.6221967339515686,0.5919639468193054,0.576554000377655,0.6137930750846863
Overall,335,0.6682425141334534,0.6161693334579468,0.5981646180152893,0.5956081748008728,0.6308724880218506
Gender: Male,335,0.6530612111091614,0.6735372543334961,0.5677101612091064,0.5357879996299744,0.662420392036438
Gender: Female,335,0.658704400062561,0.5954728126525879,0.5960526466369629,0.5950113534927368,0.5957446694374084
Age: <40,335,0.6849088072776794,0.6306818127632141,0.6048921942710876,0.5962179899215698,0.6280991435050964
Age: 40-50,335,0.6989039182662964,0.6998207569122314,0.6437782049179077,0.6402230858802795,0.6875
Age: 50-65,335,0.6216216087341309,0.5592166185379028,0.5578829050064087,0.5582877993583679,0.5876288414001465
Race: White,335,0.6315948963165283,0.5317251682281494,0.5328987240791321,0.5321428775787354,0.6335877776145935
Race: Black,335,0.3888888955116272,0.4015151560306549,0.37962961196899414,0.30921053886413574,0.3142857253551483
Race: Other,335,0.7860593795776367,0.7435897588729858,0.703243613243103,0.6964415311813354,0.7121212482452393
Overall,336,0.6737062931060791,0.6060407161712646,0.582983672618866,0.5720916986465454,0.6101694703102112
Gender: Male,336,0.6573717594146729,0.512937605381012,0.5054486989974976,0.4617435932159424,0.6097560524940491
Gender: Female,336,0.6571428775787354,0.6152306795120239,0.614637017250061,0.610596239566803,0.6106870174407959
Age: <40,336,0.6726089715957642,0.5924928188323975,0.5728636384010315,0.5428487062454224,0.5630252361297607
Age: 40-50,336,0.7485119104385376,0.6000000238418579,0.5892857313156128,0.592476487159729,0.675000011920929
Age: 50-65,336,0.6420454978942871,0.6228169202804565,0.5952796936035156,0.5814775228500366,0.6145833730697632
Race: White,336,0.5863678455352783,0.5184729099273682,0.5140056014060974,0.5093053579330444,0.6388888955116272
Race: Black,336,0.5192307233810425,0.45000001788139343,0.4038461446762085,0.3055555522441864,0.3333333432674408
Race: Other,336,0.7506834268569946,0.6705753803253174,0.6491252183914185,0.6346464157104492,0.6446280479431152
Overall,337,0.6897419691085815,0.6394042372703552,0.6157016158103943,0.6040038466453552,0.625
Gender: Male,337,0.7108085751533508,0.7452614307403564,0.603204071521759,0.5706093907356262,0.6647398471832275
Gender: Female,337,0.6171468496322632,0.5696586966514587,0.5703825950622559,0.5694835782051086,0.572519063949585
Age: <40,337,0.7019670009613037,0.6983107924461365,0.6546364426612854,0.6394156217575073,0.6622516512870789
Age: 40-50,337,0.8734029531478882,0.8011363744735718,0.8077816963195801,0.8041918277740479,0.8225806355476379
Age: 50-65,337,0.5004901885986328,0.44386574625968933,0.4524509906768799,0.4166666865348816,0.4285714328289032
Race: White,337,0.6550617218017578,0.6044359803199768,0.5877777934074402,0.5840626358985901,0.6201550364494324
Race: Black,337,0.3979591727256775,0.3214285671710968,0.3214285671710968,0.2857142984867096,0.2857142984867096
Race: Other,337,0.750042200088501,0.7119265794754028,0.6753246784210205,0.6606733798980713,0.6753246784210205
Overall,338,0.6718367338180542,0.6493221521377563,0.6078991889953613,0.6017168760299683,0.656462550163269
Gender: Male,338,0.6057970523834229,0.6391469240188599,0.5617086291313171,0.5439905524253845,0.6860464811325073
Gender: Female,338,0.699731171131134,0.6231205463409424,0.6166666746139526,0.6103296279907227,0.6147540807723999
Age: <40,338,0.7135839462280273,0.6778911352157593,0.628469705581665,0.6124604940414429,0.6484375
Age: 40-50,338,0.7523219585418701,0.6379310488700867,0.599071204662323,0.6063923835754395,0.7285714149475098
Age: 50-65,338,0.5898004770278931,0.6041666269302368,0.5798225998878479,0.5697153210639954,0.6145833730697632
Race: White,338,0.6438188552856445,0.5539823174476624,0.5373317003250122,0.5316742062568665,0.6521739363670349
Race: Black,338,0.7599999904632568,0.5595238208770752,0.5666666626930237,0.44862157106399536,0.45000001788139343
Race: Other,338,0.6743168830871582,0.7173974514007568,0.6679781675338745,0.6619318127632141,0.6911764740943909
Overall,339,0.6066691875457764,0.5705128312110901,0.5500189661979675,0.5383546948432922,0.6107382774353027
Gender: Male,339,0.5513368844985962,0.5071606636047363,0.5020499229431152,0.4436705708503723,0.6305732727050781
Gender: Female,339,0.6401638984680176,0.5766509771347046,0.5732581615447998,0.5729950070381165,0.588652491569519
Age: <40,339,0.6105110049247742,0.5883620977401733,0.5596177577972412,0.5428824424743652,0.609929084777832
Age: 40-50,339,0.8276923298835754,0.7145833373069763,0.7376923561096191,0.7244898080825806,0.80952388048172
Age: 50-65,339,0.5056689381599426,0.44999998807907104,0.4664399027824402,0.4238899350166321,0.4787233769893646
Race: White,339,0.5454190969467163,0.46870553493499756,0.47426900267601013,0.4653862416744232,0.5436241626739502
Race: Black,339,0.7000000476837158,0.5220588445663452,0.5166666507720947,0.3752860426902771,0.380952388048172
Race: Other,339,0.678749680519104,0.744854211807251,0.6499868631362915,0.6527938842773438,0.7265625
Overall,340,0.6126348972320557,0.5746376514434814,0.5532599091529846,0.528205156326294,0.571906328201294
Gender: Male,340,0.6387643814086914,0.685960590839386,0.5604193210601807,0.494218647480011,0.6037735939025879
Gender: Female,340,0.5829248428344727,0.5342246294021606,0.5326797366142273,0.5287659764289856,0.5357142686843872
Age: <40,340,0.6882478594779968,0.6461988687515259,0.6175214052200317,0.5899113416671753,0.6058394312858582
Age: 40-50,340,0.6574394702911377,0.6465517282485962,0.5980392098426819,0.6072035431861877,0.75
Age: 50-65,340,0.4622727334499359,0.3721461296081543,0.41090908646583557,0.3550018072128296,0.39361700415611267
Race: White,340,0.6074091196060181,0.4781250059604645,0.4836905598640442,0.4605364203453064,0.5151515007019043
Race: Black,340,0.0703125,0.13025210797786713,0.15625,0.12347826361656189,0.125
Race: Other,340,0.7041419744491577,0.7607669830322266,0.6743589639663696,0.661118745803833,0.6993007063865662
Overall,341,0.6899780631065369,0.6295722126960754,0.6051344275474548,0.599759578704834,0.6351351737976074
Gender: Male,341,0.6949597597122192,0.6979166269302368,0.5881261825561523,0.5587161183357239,0.6585365533828735
Gender: Female,341,0.6878318786621094,0.6037866473197937,0.6037866473197937,0.6037866473197937,0.6060606241226196
Age: <40,341,0.6849536895751953,0.6113142967224121,0.5986111164093018,0.5940420627593994,0.6136363744735718
Age: 40-50,341,0.7489510774612427,0.7028862237930298,0.6671328544616699,0.6769230961799622,0.7407407760620117
Age: 50-65,341,0.6399534940719604,0.5892269611358643,0.5630081295967102,0.5301886796951294,0.5662650465965271
Race: White,341,0.6277647018432617,0.5210526585578918,0.518823504447937,0.5166666507720947,0.5703703761100769
Race: Black,341,0.3500000238418579,0.30000001192092896,0.3500000238418579,0.30666667222976685,0.3499999940395355
Race: Other,341,0.7817668914794922,0.7964285612106323,0.7259984016418457,0.7170363664627075,0.73758864402771
Overall,342,0.6322979927062988,0.6034729480743408,0.5726919770240784,0.5589247345924377,0.61774742603302
Gender: Male,342,0.6298794746398926,0.6926100254058838,0.5527411103248596,0.49795448780059814,0.6432748436927795
Gender: Female,342,0.6141113042831421,0.5763736367225647,0.5754410028457642,0.5755508542060852,0.5819671750068665
Age: <40,342,0.6718261241912842,0.630630612373352,0.5988575220108032,0.5849359035491943,0.6216216087341309
Age: 40-50,342,0.654181182384491,0.5817307829856873,0.5518292784690857,0.5315564274787903,0.6086956858634949
Age: 50-65,342,0.5177626609802246,0.5449308753013611,0.5294784903526306,0.5157108306884766,0.6184210777282715
Race: White,342,0.476190447807312,0.4375,0.4523809552192688,0.4399999976158142,0.5799999833106995
Race: Black,342,0.3324176073074341,0.29569894075393677,0.343406617641449,0.26349207758903503,0.2750000059604645
Race: Other,342,0.7810867428779602,0.7760290503501892,0.6985371112823486,0.697029709815979,0.7320261597633362
Overall,343,0.6870061755180359,0.6232142448425293,0.6028571724891663,0.602131187915802,0.6448276042938232
Gender: Male,343,0.6666666269302368,0.6502976417541504,0.5721428394317627,0.5666768550872803,0.7183098196983337
Gender: Female,343,0.6089497804641724,0.5747767686843872,0.5734246373176575,0.5719597935676575,0.5743243098258972
Age: <40,343,0.7674710750579834,0.7433712482452393,0.6938160061836243,0.6999179124832153,0.7364341020584106
Age: 40-50,343,0.7341666221618652,0.6120689511299133,0.5866666436195374,0.5888888835906982,0.6756756901741028
Age: 50-65,343,0.5436170101165771,0.46860599517822266,0.47101062536239624,0.4646519720554352,0.48275861144065857
Race: White,343,0.6111235618591309,0.5175000429153442,0.5156986117362976,0.514089047908783,0.5785714387893677
Race: Black,343,0.21176470816135406,0.3523809611797333,0.3176470696926117,0.2666666805744171,0.27272728085517883
Race: Other,343,0.8075432777404785,0.7933014631271362,0.7375354766845703,0.7488085031509399,0.78125
Overall,344,0.6461050510406494,0.5931145548820496,0.5773550868034363,0.5747734308242798,0.6217105388641357
Gender: Male,344,0.6257149577140808,0.7124735713005066,0.5689773559570312,0.5433364510536194,0.699999988079071
Gender: Female,344,0.6307390928268433,0.5489130020141602,0.5487731695175171,0.548822283744812,0.5548780560493469
Age: <40,344,0.6342403888702393,0.6024774312973022,0.5825396776199341,0.567349374294281,0.5939849615097046
Age: 40-50,344,0.7549020051956177,0.718406617641449,0.673202633857727,0.6879710555076599,0.782608687877655
Age: 50-65,344,0.5950345993041992,0.5085638761520386,0.5079365372657776,0.5063130855560303,0.5490196347236633
Race: White,344,0.5248207449913025,0.4267676770687103,0.4280198812484741,0.4273694157600403,0.5481481552124023
Race: Black,344,0.5615384578704834,0.43137258291244507,0.446153849363327,0.42500001192092896,0.47826087474823
Race: Other,344,0.7599924802780151,0.7628339529037476,0.7123287916183472,0.6978119611740112,0.7123287916183472
Overall,345,0.6678178906440735,0.6125130653381348,0.5902930498123169,0.5902809500694275,0.6515679359436035
Gender: Male,345,0.6404984593391418,0.6091549396514893,0.5321910977363586,0.5005476474761963,0.7039473652839661
Gender: Female,345,0.6468888521194458,0.5880593657493591,0.5883333683013916,0.5881634950637817,0.5925925970077515
Age: <40,345,0.7702564001083374,0.7503807544708252,0.66858971118927,0.6669580936431885,0.7165354490280151
Age: 40-50,345,0.7354694604873657,0.6474637985229492,0.6516393423080444,0.6494030952453613,0.7228915691375732
Age: 50-65,345,0.4600280523300171,0.40909093618392944,0.42286115884780884,0.41023725271224976,0.4675324559211731
Race: White,345,0.5502392053604126,0.4739583432674408,0.47448164224624634,0.47418445348739624,0.6015625
Race: Black,345,0.7666666507720947,0.6428571343421936,0.625,0.42222222685813904,0.42307692766189575
Race: Other,345,0.7898859977722168,0.7510398030281067,0.7006173133850098,0.7078810930252075,0.7443609237670898
Overall,346,0.6783689260482788,0.6387631893157959,0.6076604723930359,0.5941438674926758,0.6254180669784546
Gender: Male,346,0.6783105134963989,0.7606209516525269,0.6013020277023315,0.5651260614395142,0.6645962595939636
Gender: Female,346,0.6441034078598022,0.5824995040893555,0.5814589262008667,0.5789141654968262,0.5797101259231567
Age: <40,346,0.7935284972190857,0.7652710676193237,0.6985105276107788,0.6875,0.7120000123977661
Age: 40-50,346,0.6416666507720947,0.6275894641876221,0.5940972566604614,0.5853846073150635,0.6363636255264282
Age: 50-65,346,0.541702151298523,0.4987322688102722,0.49893617630004883,0.4808207154273987,0.5051546096801758
Race: White,346,0.6215277910232544,0.5042328238487244,0.5029761791229248,0.4878306984901428,0.5833333730697632
Race: Black,346,0.20454546809196472,0.2181818187236786,0.2181818187236786,0.1875,0.1875
Race: Other,346,0.8263828158378601,0.8213543891906738,0.7718393802642822,0.7615248560905457,0.770370364189148
Overall,347,0.5884672999382019,0.5246142148971558,0.5205358266830444,0.5107218027114868,0.550000011920929
Gender: Male,347,0.6521865725517273,0.5954421758651733,0.5357142686843872,0.4804043769836426,0.6011905074119568
Gender: Female,347,0.5412119626998901,0.4872325658798218,0.4871140122413635,0.484375,0.4848484992980957
Age: <40,347,0.7013249397277832,0.6445578336715698,0.6145294904708862,0.6041478514671326,0.6343283653259277
Age: 40-50,347,0.6044539213180542,0.5700680017471313,0.554612934589386,0.5508772134780884,0.625
Age: 50-65,347,0.4276803135871887,0.35991472005844116,0.3719298243522644,0.36250001192092896,0.3921568691730499
Race: White,347,0.5147975087165833,0.4265965521335602,0.4265965521335602,0.4265965521335602,0.5096774101257324
Race: Black,347,0.3589743375778198,0.20512820780277252,0.20512820780277252,0.125,0.125
Race: Other,347,0.7087752819061279,0.7068389058113098,0.6640549898147583,0.6363921165466309,0.6511628031730652
Overall,348,0.6787199378013611,0.620652437210083,0.6003497838973999,0.597239077091217,0.6338983178138733
Gender: Male,348,0.7657670974731445,0.8024513721466064,0.627198338508606,0.6019582748413086,0.6909090876579285
Gender: Female,348,0.6048485040664673,0.5603693127632141,0.5618181824684143,0.5583765506744385,0.5615384578704834
Age: <40,348,0.6561527252197266,0.6263447999954224,0.5999169945716858,0.5918367505073547,0.6285714507102966
Age: 40-50,348,0.7360000014305115,0.6916666626930237,0.6725000143051147,0.6771242022514343,0.7076923251152039
Age: 50-65,348,0.7001529932022095,0.5625,0.5530341863632202,0.5482295751571655,0.5888888835906982
Race: White,348,0.6491892337799072,0.5429043173789978,0.5421621799468994,0.5424929857254028,0.6423357725143433
Race: Black,348,0.44999998807907104,0.4318181872367859,0.4357143044471741,0.4097222089767456,0.4117647111415863
Race: Other,348,0.7868338823318481,0.7462279200553894,0.7003657221794128,0.674277663230896,0.6854838728904724
Overall,349,0.6446764469146729,0.6081342101097107,0.570769727230072,0.5571682453155518,0.6321070194244385
Gender: Male,349,0.6571725606918335,0.7281249761581421,0.5541462898254395,0.50284743309021,0.6647058725357056
Gender: Female,349,0.6304668188095093,0.5752314329147339,0.5718673467636108,0.5717507004737854,0.5891472697257996
Age: <40,349,0.7074912786483765,0.6933197975158691,0.6169626712799072,0.5778093934059143,0.6214285492897034
Age: 40-50,349,0.5910087823867798,0.5874999761581421,0.5498903393745422,0.5512294769287109,0.7534246444702148
Age: 50-65,349,0.5603201985359192,0.49395161867141724,0.494854211807251,0.4883294999599457,0.5465116500854492
Race: White,349,0.5812808275222778,0.519016683101654,0.5155361890792847,0.514472484588623,0.675000011920929
Race: Black,349,0.158730149269104,0.1931818127632141,0.2142857164144516,0.16573971509933472,0.1666666716337204
Race: Other,349,0.7734204530715942,0.7687426209449768,0.6653050184249878,0.6465553045272827,0.6912751793861389
Overall,350,0.703899621963501,0.65811687707901,0.6231721043586731,0.6152849793434143,0.6498316526412964
Gender: Male,350,0.7090332508087158,0.7345588207244873,0.5893056988716125,0.5623188614845276,0.6821191906929016
Gender: Female,350,0.6713588237762451,0.6201996803283691,0.6174924373626709,0.6146304607391357,0.6164383292198181
Age: <40,350,0.7227109670639038,0.7082576751708984,0.6376449465751648,0.627097487449646,0.6783216595649719
Age: 40-50,350,0.7874395847320557,0.7188811302185059,0.6512077450752258,0.6599999666213989,0.7352941036224365
Age: 50-65,350,0.5591925382614136,0.545098066329956,0.5439170598983765,0.5338753461837769,0.5348837375640869
Race: White,350,0.6053403615951538,0.5200374126434326,0.5156983733177185,0.5041666626930237,0.5630252361297607
Race: Black,350,0.341269850730896,0.3715277910232544,0.35317462682724,0.31561994552612305,0.3199999928474426
Race: Other,350,0.8033217191696167,0.8125858306884766,0.738811194896698,0.7438901662826538,0.7712418437004089
Overall,351,0.6494883298873901,0.6205663084983826,0.5916976928710938,0.5833333134651184,0.6296296119689941
Gender: Male,351,0.6715121269226074,0.6420581340789795,0.5318295955657959,0.46038252115249634,0.6202532052993774
Gender: Female,351,0.6533305644989014,0.6368750333786011,0.6376204490661621,0.637113630771637,0.6402877569198608
Age: <40,351,0.7108249664306641,0.6543242931365967,0.6246180534362793,0.621346652507782,0.6569343209266663
Age: 40-50,351,0.7904040217399597,0.8097826242446899,0.7878788113594055,0.7973856329917908,0.8387096524238586
Age: 50-65,351,0.4918783903121948,0.4371795058250427,0.4591836631298065,0.4072806239128113,0.4591836631298065
Race: White,351,0.5307649970054626,0.4895833134651184,0.491685152053833,0.4834497570991516,0.5714285969734192
Race: Black,351,0.44999998807907104,0.375,0.42500001192092896,0.2708333432674408,0.2857142984867096
Race: Other,351,0.8148740530014038,0.7708333730697632,0.7196121215820312,0.7232258319854736,0.748251736164093
Overall,352,0.6335451602935791,0.5993833541870117,0.5831462144851685,0.5796568393707275,0.6190475821495056
Gender: Male,352,0.6732120513916016,0.6815703511238098,0.5899838209152222,0.5658097267150879,0.6578947305679321
Gender: Female,352,0.6280487775802612,0.5687500238418579,0.5693089365959167,0.5689131617546082,0.577464759349823
Age: <40,352,0.6672365069389343,0.6554487347602844,0.6289648413658142,0.6238443851470947,0.6506849527359009
Age: 40-50,352,0.6515957117080688,0.5642045736312866,0.55008864402771,0.5475490093231201,0.6338028311729431
Age: 50-65,352,0.5527777671813965,0.5180768966674805,0.5163194537162781,0.5125700831413269,0.5454545617103577
Race: White,352,0.5516147613525391,0.5139229893684387,0.5147058963775635,0.5139793753623962,0.625
Race: Black,352,0.44347822666168213,0.38596493005752563,0.33043479919433594,0.2708333432674408,0.2857142984867096
Race: Other,352,0.7357954978942871,0.7226096987724304,0.6813446879386902,0.6680989265441895,0.6846153736114502
Overall,353,0.6721478700637817,0.6641786098480225,0.6169871687889099,0.6141025424003601,0.674418568611145
Gender: Male,353,0.6386842727661133,0.7857142686843872,0.5889002084732056,0.571802020072937,0.7248677015304565
Gender: Female,353,0.6523126363754272,0.5891996622085571,0.5885167121887207,0.5881035923957825,0.5892857313156128
Age: <40,353,0.7180815935134888,0.7110967636108398,0.6366978883743286,0.6227059364318848,0.6730769276618958
Age: 40-50,353,0.6729323267936707,0.7083333730697632,0.6221804618835449,0.6291793584823608,0.737704873085022
Age: 50-65,353,0.5956790447235107,0.5874575972557068,0.57962965965271,0.5810136795043945,0.6309524178504944
Race: White,353,0.5077381134033203,0.49617552757263184,0.49717262387275696,0.49070316553115845,0.6488549709320068
Race: Black,353,0.611111044883728,0.5555555820465088,0.5555555820465088,0.4166666567325592,0.4166666865348816
Race: Other,353,0.7936356067657471,0.7805555462837219,0.7116997241973877,0.7110416889190674,0.7397260069847107
Overall,354,0.6013698577880859,0.5863586068153381,0.560502290725708,0.5269984006881714,0.5641891956329346
Gender: Male,354,0.6147141456604004,0.6332165002822876,0.5389643907546997,0.4532873332500458,0.5649717450141907
Gender: Female,354,0.5719954967498779,0.5670382976531982,0.5664682388305664,0.5627472996711731,0.5630252361297607
Age: <40,354,0.634915828704834,0.615384578704834,0.581129789352417,0.5280125141143799,0.5517241358757019
Age: 40-50,354,0.6271551847457886,0.6387096643447876,0.5926724076271057,0.5863636136054993,0.6623376607894897
Age: 50-65,354,0.5535849332809448,0.515984058380127,0.5120754837989807,0.4764277935028076,0.5048543810844421
Race: White,354,0.5713869333267212,0.5300195217132568,0.5224359035491943,0.5133110880851746,0.5983605980873108
Race: Black,354,0.40909087657928467,0.3849206566810608,0.280303031206131,0.22003284096717834,0.23999999463558197
Race: Other,354,0.6501811742782593,0.6611807942390442,0.6117753982543945,0.5652236342430115,0.5906040072441101
Overall,355,0.6129002571105957,0.5759496688842773,0.5651206970214844,0.5606411695480347,0.5953177213668823
Gender: Male,355,0.6020408272743225,0.6007827520370483,0.5339038968086243,0.48231232166290283,0.625
Gender: Female,355,0.6239583492279053,0.5646874904632568,0.5646874904632568,0.5611510872840881,0.5611510872840881
Age: <40,355,0.637981116771698,0.643831193447113,0.6206426620483398,0.6137672662734985,0.6375839114189148
Age: 40-50,355,0.7638580799102783,0.6887755393981934,0.643569827079773,0.6499999761581421,0.7142857313156128
Age: 50-65,355,0.4673202633857727,0.40408986806869507,0.40931373834609985,0.40535640716552734,0.4367816150188446
Race: White,355,0.5145996809005737,0.4659593105316162,0.46373629570007324,0.46431827545166016,0.5555555820465088
Race: Black,355,0.37719297409057617,0.2698412835597992,0.24561403691768646,0.19871795177459717,0.19999998807907104
Race: Other,355,0.7558479309082031,0.7307862639427185,0.6904239654541016,0.6800384521484375,0.6959459781646729
Overall,356,0.6605987548828125,0.6300865411758423,0.5931658744812012,0.5704160928726196,0.6079733967781067
Gender: Male,356,0.693771243095398,0.7210650444030762,0.5992771983146667,0.537623405456543,0.6030927896499634
Gender: Female,356,0.6792587041854858,0.6084229946136475,0.6078046560287476,0.6080586314201355,0.6168224215507507
Age: <40,356,0.655246913433075,0.6384447813034058,0.5881944298744202,0.548214316368103,0.590062141418457
Age: 40-50,356,0.7059497237205505,0.7321428656578064,0.6561784744262695,0.6594417095184326,0.7213114500045776
Age: 50-65,356,0.6371794939041138,0.5620464086532593,0.554807722568512,0.5425971746444702,0.5569620132446289
Race: White,356,0.7216589450836182,0.6026957631111145,0.5737327337265015,0.5747368335723877,0.6831682920455933
Race: Black,356,0.227678582072258,0.23846153914928436,0.1964285671710968,0.16408668458461761,0.1666666716337204
Race: Other,356,0.6776736974716187,0.715447187423706,0.661609411239624,0.6369386911392212,0.6585365533828735
Overall,357,0.6559754014015198,0.5825892686843872,0.5640609264373779,0.5372589826583862,0.5625
Gender: Male,357,0.7089793682098389,0.7296793460845947,0.5497416257858276,0.46046754717826843,0.5886076092720032
Gender: Female,357,0.5791072845458984,0.5357746481895447,0.5361823439598083,0.5334586501121521,0.534246563911438
Age: <40,357,0.6883116960525513,0.598808228969574,0.5890359878540039,0.547094464302063,0.5503876209259033
Age: 40-50,357,0.680059552192688,0.7119815349578857,0.636904776096344,0.6380952596664429,0.7105263471603394
Age: 50-65,357,0.5498366355895996,0.44324326515197754,0.4571078419685364,0.4249863028526306,0.46464645862579346
Race: White,357,0.6240619421005249,0.46940839290618896,0.4751407206058502,0.4638978838920593,0.5298507213592529
Race: Black,357,0.31199997663497925,0.3076923191547394,0.3400000035762787,0.16573971509933472,0.1666666716337204
Race: Other,357,0.7678865194320679,0.7370041608810425,0.6977795958518982,0.6696555018424988,0.6785714030265808
Overall,358,0.6419942378997803,0.6124001741409302,0.5889145135879517,0.5784364342689514,0.6136363744735718
Gender: Male,358,0.5668859481811523,0.5972222089767456,0.5230262875556946,0.4590908885002136,0.6339869499206543
Gender: Female,358,0.6701666116714478,0.5948045253753662,0.5945833325386047,0.5934807062149048,0.5935483574867249
Age: <40,358,0.6945750713348389,0.6702269911766052,0.6383363604545593,0.628072202205658,0.6510066986083984
Age: 40-50,358,0.51688551902771,0.6189393997192383,0.5736397504806519,0.5592105388641357,0.641791045665741
Age: 50-65,358,0.6087996363639832,0.5133928656578064,0.5114777684211731,0.5014492869377136,0.532608687877655
Race: White,358,0.5909091234207153,0.472222238779068,0.4791666865348816,0.47058823704719543,0.6280991435050964
Race: Black,358,0.37222224473953247,0.41477274894714355,0.4166666865348816,0.4065934121608734,0.40740740299224854
Race: Other,358,0.7018515467643738,0.6874425411224365,0.6613388061523438,0.63051438331604,0.637499988079071
Overall,359,0.6919008493423462,0.6492370367050171,0.6103895902633667,0.6047132611274719,0.6554054021835327
Gender: Male,359,0.6447415351867676,0.7203030586242676,0.5647950172424316,0.5405707359313965,0.7142857313156128
Gender: Female,359,0.677142858505249,0.589565634727478,0.5879120826721191,0.5840668678283691,0.585185170173645
Age: <40,359,0.7087007761001587,0.6907352209091187,0.6494709253311157,0.6397157907485962,0.6666666865348816
Age: 40-50,359,0.6695075631141663,0.6157232522964478,0.5871211886405945,0.5865715146064758,0.6617646813392639
Age: 50-65,359,0.6768125295639038,0.6121541261672974,0.5776333808898926,0.5687645673751831,0.639639675617218
Race: White,359,0.6446725130081177,0.5537036657333374,0.5389784574508667,0.5342398881912231,0.6423357725143433
Race: Black,359,0.4035087823867798,0.41025641560554504,0.37719297409057617,0.36332768201828003,0.3999999761581421
Race: Other,359,0.7613430023193359,0.7580127716064453,0.682622492313385,0.6785353422164917,0.7164179086685181
Overall,360,0.6136537194252014,0.5748075246810913,0.5606884360313416,0.5569775700569153,0.6140939593315125
Gender: Male,360,0.6713014841079712,0.6198529601097107,0.5453281402587891,0.503200352191925,0.6357616186141968
Gender: Female,360,0.5782966613769531,0.5750474333763123,0.5776098966598511,0.5753082036972046,0.5918367505073547
Age: <40,360,0.6790094375610352,0.6491336822509766,0.6136792898178101,0.610984742641449,0.6616541743278503
Age: 40-50,360,0.5909494161605835,0.5677340030670166,0.5488021373748779,0.5453397035598755,0.6527777910232544
Age: 50-65,360,0.523923397064209,0.4838709533214569,0.4851674437522888,0.4816053509712219,0.5161290168762207
Race: White,360,0.5663461685180664,0.4960784316062927,0.49647438526153564,0.49424320459365845,0.5677965879440308
Race: Black,360,0.17307692766189575,0.21384616196155548,0.20192307233810425,0.18364518880844116,0.18421052396297455
Race: Other,360,0.7446808815002441,0.7583551406860352,0.6970301270484924,0.7106513977050781,0.7676056027412415
Overall,361,0.6484137773513794,0.5958528518676758,0.5792409181594849,0.5763304233551025,0.6224489808082581
Gender: Male,361,0.6297096014022827,0.5961538553237915,0.5269819498062134,0.4855554699897766,0.6797385811805725
Gender: Female,361,0.6095890402793884,0.5601609945297241,0.5602337121963501,0.5600845217704773,0.5602836608886719
Age: <40,361,0.6959913969039917,0.6540775299072266,0.6240247488021851,0.6090579032897949,0.6311475038528442
Age: 40-50,361,0.672619104385376,0.7753247022628784,0.6577380895614624,0.684697151184082,0.8225806355476379
Age: 50-65,361,0.5695592164993286,0.4682195782661438,0.469696968793869,0.4679447412490845,0.4999999701976776
Race: White,361,0.593206524848938,0.4650000035762787,0.469565212726593,0.465277761220932,0.575757622718811
Race: Black,361,0.2518518567085266,0.2916666567325592,0.2777777910232544,0.28042328357696533,0.2916666865348816
Race: Other,361,0.7412987947463989,0.7598038911819458,0.7024617791175842,0.6993808746337891,0.7246376872062683
Overall,362,0.6584415435791016,0.6090499758720398,0.5827080011367798,0.5643970966339111,0.5986159443855286
Gender: Male,362,0.6622200012207031,0.6508491635322571,0.549736499786377,0.4841183125972748,0.5987261533737183
Gender: Female,362,0.6705693006515503,0.5996053218841553,0.5984848737716675,0.5973525047302246,0.5984848737716675
Age: <40,362,0.6976381540298462,0.6155115365982056,0.5857843160629272,0.5595003366470337,0.5895522236824036
Age: 40-50,362,0.6466666460037231,0.6242690086364746,0.606249988079071,0.6096256971359253,0.6712328791618347
Age: 50-65,362,0.6202152967453003,0.5874316692352295,0.5669856071472168,0.5285159349441528,0.5487804412841797
Race: White,362,0.5889623165130615,0.5229138135910034,0.5192583799362183,0.5119330883026123,0.5583333373069763
Race: Black,362,0.4375,0.4375,0.4375,0.3571428656578064,0.3571428656578064
Race: Other,362,0.7599999904632568,0.7375366687774658,0.6636363863945007,0.6464196443557739,0.6808510422706604
Overall,363,0.665056586265564,0.6110444664955139,0.590310275554657,0.5850562453269958,0.6241379380226135
Gender: Male,363,0.7019420862197876,0.625,0.5250164866447449,0.4514285624027252,0.625
Gender: Female,363,0.6545238494873047,0.6277154684066772,0.6273809671401978,0.6230546236038208,0.6230769157409668
Age: <40,363,0.655750036239624,0.5980392694473267,0.5800000429153442,0.5779221057891846,0.6307692527770996
Age: 40-50,363,0.8155817985534668,0.7673159837722778,0.7435897588729858,0.7500640749931335,0.7692307829856873
Age: 50-65,363,0.5745341777801514,0.5105633735656738,0.5079858303070068,0.47976189851760864,0.5157895088195801
Race: White,363,0.5746438503265381,0.5208333134651184,0.5188034176826477,0.518369197845459,0.6124030947685242
Race: Black,363,0.25833332538604736,0.3205128312110901,0.32499998807907104,0.31677019596099854,0.3181818127632141
Race: Other,363,0.7980530261993408,0.7412559986114502,0.6885874271392822,0.6668845415115356,0.6834532618522644
Overall,364,0.7134408950805664,0.7112622261047363,0.661730170249939,0.6676721572875977,0.7195945978164673
Gender: Male,364,0.6744842529296875,0.7881604433059692,0.6038617491722107,0.5941241979598999,0.731249988079071
Gender: Female,364,0.7652676105499268,0.6976430416107178,0.6955362558364868,0.6964285373687744,0.7058823704719543
Age: <40,364,0.7239251136779785,0.7507331371307373,0.6819923520088196,0.6884443163871765,0.73758864402771
Age: 40-50,364,0.7935065031051636,0.6293859481811523,0.614935040473938,0.6208791136741638,0.7681159377098083
Age: 50-65,364,0.6666666269302368,0.6737179756164551,0.6466450095176697,0.6351809501647949,0.6511628031730652
Race: White,364,0.7055555582046509,0.5994898080825806,0.5947916507720947,0.5968716740608215,0.7142857313156128
Race: Black,364,0.7708333730697632,0.6363636255264282,0.75,0.5476190447807312,0.5789473652839661
Race: Other,364,0.7331178188323975,0.7910888195037842,0.703574001789093,0.7038471102714539,0.7417218685150146
Overall,365,0.678199052810669,0.6141951084136963,0.5843495726585388,0.5666099786758423,0.6059602499008179
Gender: Male,365,0.6785135269165039,0.6228924989700317,0.5443243384361267,0.4866378605365753,0.6034482717514038
Gender: Female,365,0.700439453125,0.6111111044883728,0.609375,0.6078431606292725,0.609375
Age: <40,365,0.7118643522262573,0.5863242745399475,0.5639028549194336,0.5137971639633179,0.5338345766067505
Age: 40-50,365,0.7215278148651123,0.7318840622901917,0.6666666865348816,0.682766854763031,0.773809552192688
Age: 50-65,365,0.5872222185134888,0.5488917827606201,0.5416666865348816,0.5294288992881775,0.5529412031173706
Race: White,365,0.6502779722213745,0.5569150447845459,0.5449224710464478,0.5327842831611633,0.5762711763381958
Race: Black,365,0.45370370149612427,0.40526318550109863,0.4166666865348816,0.2904347777366638,0.2916666865348816
Race: Other,365,0.7313266396522522,0.6941331624984741,0.6407071352005005,0.6332216262817383,0.675000011920929
Overall,366,0.6422989368438721,0.5686637163162231,0.5513259768486023,0.5254657864570618,0.559602677822113
Gender: Male,366,0.6634042859077454,0.6762820482254028,0.5507092475891113,0.4776363670825958,0.5976331233978271
Gender: Female,366,0.6029077768325806,0.5136301517486572,0.5136301517486572,0.5112782120704651,0.5112782120704651
Age: <40,366,0.6009963750839233,0.5524271726608276,0.5366847515106201,0.49319544434547424,0.5263158082962036
Age: 40-50,366,0.7440476417541504,0.6458333730697632,0.6071428656578064,0.6022727489471436,0.6571428775787354
Age: 50-65,366,0.6489796042442322,0.5401477813720703,0.5332652926445007,0.5134615302085876,0.5353535413742065
Race: White,366,0.6693458557128906,0.5037351250648499,0.5030487775802612,0.49694913625717163,0.5793651342391968
Race: Black,366,0.3632478713989258,0.34259259700775146,0.35470086336135864,0.25653594732284546,0.2571428716182709
Race: Other,366,0.7062753438949585,0.6789683103561401,0.6369433403015137,0.6001050472259521,0.6170212626457214
Overall,367,0.6981297135353088,0.6445776224136353,0.6194490194320679,0.6122761368751526,0.6385135054588318
Gender: Male,367,0.6461845636367798,0.6358778476715088,0.5394853353500366,0.49631375074386597,0.6666666269302368
Gender: Female,367,0.6754621267318726,0.6145833730697632,0.6155462265014648,0.612500011920929,0.6129032373428345
Age: <40,367,0.6571428775787354,0.655327320098877,0.6309523582458496,0.6118851900100708,0.625
Age: 40-50,367,0.8214559555053711,0.7834612131118774,0.7547892332077026,0.7628204822540283,0.7837837934494019
Age: 50-65,367,0.6627451181411743,0.4827839136123657,0.48683473467826843,0.47044336795806885,0.5348837375640869
Race: White,367,0.6025149822235107,0.5319538116455078,0.5241901278495789,0.516232430934906,0.6013985872268677
Race: Black,367,0.4117646813392639,0.3956044018268585,0.3137255012989044,0.2708333134651184,0.30000001192092896
Race: Other,367,0.8100407123565674,0.7521239519119263,0.7281773090362549,0.7224025726318359,0.7293233275413513
Overall,368,0.6499062776565552,0.6338362097740173,0.5851579308509827,0.562237560749054,0.6208053827285767
Gender: Male,368,0.6428197622299194,0.6431492567062378,0.5458595752716064,0.49040719866752625,0.6235955357551575
Gender: Female,368,0.6863017082214355,0.624282717704773,0.6143373250961304,0.6078431606292725,0.6166666746139526
Age: <40,368,0.6621378660202026,0.6958333253860474,0.6314685344696045,0.6124756336212158,0.6549295783042908
Age: 40-50,368,0.6838095188140869,0.6477272510528564,0.5928571224212646,0.5965908765792847,0.7183098196983337
Age: 50-65,368,0.5866667032241821,0.5,0.5,0.4414575695991516,0.48235294222831726
Race: White,368,0.5770165324211121,0.5185840725898743,0.5102040767669678,0.4814242720603943,0.6015037894248962
Race: Black,368,0.451127827167511,0.3499999940395355,0.36466166377067566,0.26814815402030945,0.26923078298568726
Race: Other,368,0.7307852506637573,0.7536506652832031,0.6813910007476807,0.6721886396408081,0.7050359845161438
Overall,369,0.6555866003036499,0.6513842940330505,0.6272811889648438,0.627998411655426,0.6655518412590027
Gender: Male,369,0.6230654716491699,0.7352570295333862,0.6110119223594666,0.6043750047683716,0.7151162624359131
Gender: Female,369,0.6427860260009766,0.5982142686843872,0.5985074639320374,0.5980263948440552,0.5984252095222473
Age: <40,369,0.6593348979949951,0.6482654809951782,0.6286985874176025,0.6045708060264587,0.6129032373428345
Age: 40-50,369,0.734375,0.6336405277252197,0.6208333373069763,0.6262295246124268,0.7631579041481018
Age: 50-65,369,0.6081081628799438,0.6271347403526306,0.6168264746665955,0.6192307472229004,0.6565656661987305
Race: White,369,0.5434397459030151,0.5174945592880249,0.5165485143661499,0.5166552662849426,0.6230769157409668
Race: Black,369,0.3233082592487335,0.3660130798816681,0.3458646535873413,0.3035714328289032,0.3076923191547394
Race: Other,369,0.7777120471000671,0.801862359046936,0.7525640726089478,0.7536156177520752,0.7692307829856873
Overall,370,0.6423648595809937,0.6311444044113159,0.6069862246513367,0.6000838279724121,0.6312292218208313
Gender: Male,370,0.5986877679824829,0.6964285373687744,0.5601421594619751,0.5130266547203064,0.6513158082962036
Gender: Female,370,0.6560360193252563,0.6107503175735474,0.6106306314468384,0.6105804443359375,0.6107382774353027
Age: <40,370,0.7067736387252808,0.6784539222717285,0.645053505897522,0.6254367828369141,0.641791045665741
Age: 40-50,370,0.6828571557998657,0.6318181753158569,0.6104761958122253,0.616216242313385,0.7042253613471985
Age: 50-65,370,0.5314685106277466,0.5545454621315002,0.5472028255462646,0.5382501482963562,0.5625
Race: White,370,0.5322076082229614,0.49946120381355286,0.49953097105026245,0.4961394667625427,0.5714285969734192
Race: Black,370,0.6851851940155029,0.5315789580345154,0.5277777910232544,0.373913049697876,0.375
Race: Other,370,0.7392213344573975,0.7420932054519653,0.7031853199005127,0.6986650228500366,0.7151898741722107
Overall,371,0.6655148267745972,0.6312653422355652,0.6011597514152527,0.5936236381530762,0.6360543966293335
Gender: Male,371,0.6503030061721802,0.6197447776794434,0.5483333468437195,0.5059523582458496,0.626505970954895
Gender: Female,371,0.6939327120780945,0.6458333730697632,0.644436240196228,0.6447733640670776,0.6484375
Age: <40,371,0.64560866355896,0.6225490570068359,0.5935505032539368,0.5833483338356018,0.625
Age: 40-50,371,0.7644927501678467,0.7096531391143799,0.6678743958473206,0.6807448863983154,0.765625
Age: 50-65,371,0.6186594367027283,0.5834715366363525,0.5683876872062683,0.5452507734298706,0.563829779624939
Race: White,371,0.6130399703979492,0.5629881024360657,0.5491651296615601,0.542151153087616,0.60317462682724
Race: Black,371,0.3461538553237915,0.42628204822540283,0.42628204822540283,0.3684210479259491,0.3684210479259491
Race: Other,371,0.7849999666213989,0.7557836174964905,0.6962500214576721,0.7041175365447998,0.7461538314819336
Overall,372,0.6437844038009644,0.6123420000076294,0.5887970328330994,0.579533576965332,0.6169491410255432
Gender: Male,372,0.6752176284790039,0.7373563051223755,0.596315324306488,0.5623627305030823,0.6625766754150391
Gender: Female,372,0.5831797122955322,0.5583333373069763,0.5580645203590393,0.5580697059631348,0.560606062412262
Age: <40,372,0.6180555820465088,0.5995066165924072,0.5813171863555908,0.5692856907844543,0.5970149040222168
Age: 40-50,372,0.7038019895553589,0.7024482488632202,0.5950486063957214,0.5617615580558777,0.6470588445663452
Age: 50-65,372,0.6258373260498047,0.6048387289047241,0.5964114665985107,0.596804141998291,0.6236559152603149
Race: White,372,0.5590376853942871,0.48148149251937866,0.4852801561355591,0.4775339663028717,0.5833333730697632
Race: Black,372,0.23333333432674408,0.3382352888584137,0.3166666626930237,0.30288460850715637,0.3103448152542114
Race: Other,372,0.75789475440979,0.7501797676086426,0.6962406039237976,0.6852659583091736,0.7054794430732727
Overall,373,0.6476436853408813,0.5757703185081482,0.5672350525856018,0.5676298141479492,0.6203389763832092
Gender: Male,373,0.6161859035491943,0.4767891764640808,0.4927884638309479,0.4426841735839844,0.6513158082962036
Gender: Female,373,0.6638418436050415,0.5905797481536865,0.5933212041854858,0.5853850841522217,0.5874125957489014
Age: <40,373,0.6599099040031433,0.6247947216033936,0.6069819927215576,0.6074234843254089,0.6475409269332886
Age: 40-50,373,0.7081043720245361,0.6666666865348816,0.6373626589775085,0.6428571343421936,0.699999988079071
Age: 50-65,373,0.5645160675048828,0.45079368352890015,0.4516128897666931,0.45114752650260925,0.5161290168762207
Race: White,373,0.6052983403205872,0.4955357313156128,0.4951832890510559,0.49457046389579773,0.5869565606117249
Race: Black,373,0.27272725105285645,0.4000000059604645,0.3863636255264282,0.3303571343421936,0.3333333432674408
Race: Other,373,0.7257504463195801,0.6834514141082764,0.6480498313903809,0.6477203369140625,0.683098554611206
Overall,374,0.6555080413818359,0.592406690120697,0.5681861639022827,0.551354169845581,0.5958904027938843
Gender: Male,374,0.609473705291748,0.4967532455921173,0.4988596737384796,0.44490811228752136,0.6114649772644043
Gender: Female,374,0.655545711517334,0.5872513651847839,0.5852850079536438,0.5769420862197876,0.5777777433395386
Age: <40,374,0.6985040307044983,0.6298798322677612,0.5995396971702576,0.5859509110450745,0.6206896305084229
Age: 40-50,374,0.6876430511474609,0.6036232113838196,0.5818077921867371,0.579573929309845,0.6393442153930664
Age: 50-65,374,0.5506775379180908,0.5147058963775635,0.5097560882568359,0.4711264371871948,0.5232558250427246
Race: White,374,0.5938644409179688,0.4465939402580261,0.4630265533924103,0.44308704137802124,0.5611510872840881
Race: Black,374,0.2083333283662796,0.33571431040763855,0.2604166865348816,0.20168067514896393,0.21052631735801697
Race: Other,374,0.7620320320129395,0.7256031036376953,0.6833779215812683,0.6700281500816345,0.6865671277046204
Overall,375,0.6407889127731323,0.63417649269104,0.6123890280723572,0.6108424067497253,0.6468531489372253
Gender: Male,375,0.6072390079498291,0.6376748085021973,0.5530303120613098,0.5158764719963074,0.6477987170219421
Gender: Female,375,0.6716641187667847,0.646774172782898,0.6478010416030884,0.6453174352645874,0.6456692814826965
Age: <40,375,0.5896551609039307,0.6081871390342712,0.5911329984664917,0.5833333134651184,0.609375
Age: 40-50,375,0.7908496856689453,0.8134615421295166,0.713071882724762,0.7395952939987183,0.8225806355476379
Age: 50-65,375,0.6138657331466675,0.5743145942687988,0.5677928924560547,0.5644283294677734,0.5833333730697632
Race: White,375,0.5253496766090393,0.47976773977279663,0.4832459092140198,0.4778621196746826,0.5905511975288391
Race: Black,375,0.3700000047683716,0.3958333432674408,0.3500000238418579,0.3021346628665924,0.3199999928474426
Race: Other,375,0.7509604692459106,0.7751085758209229,0.743276834487915,0.7467517256736755,0.7611939907073975
Overall,376,0.6569030284881592,0.5979976058006287,0.5799160599708557,0.569936990737915,0.6013513803482056
Gender: Male,376,0.702412486076355,0.7190789580345154,0.5928740501403809,0.5592234134674072,0.6569767594337463
Gender: Female,376,0.5718002319335938,0.5241998434066772,0.524193525314331,0.5241625905036926,0.524193525314331
Age: <40,376,0.6861166954040527,0.677647054195404,0.6350324153900146,0.620305061340332,0.6492537260055542
Age: 40-50,376,0.8439922332763672,0.7329411506652832,0.6918604373931885,0.7012850642204285,0.746268630027771
Age: 50-65,376,0.47160604596138,0.4176587462425232,0.4263531565666199,0.4127747416496277,0.43157896399497986
Race: White,376,0.5564263463020325,0.49166160821914673,0.49281609058380127,0.48885172605514526,0.572519063949585
Race: Black,376,0.4285714030265808,0.5416666865348816,0.6071428656578064,0.25339367985725403,0.2666666805744171
Race: Other,376,0.7372444868087769,0.6881271004676819,0.6600000262260437,0.6467980742454529,0.6600000262260437
Overall,377,0.6933600902557373,0.6101762056350708,0.5805258750915527,0.5659373998641968,0.612582802772522
Gender: Male,377,0.7512252330780029,0.7192460298538208,0.5746999979019165,0.5367081761360168,0.6645569801330566
Gender: Female,377,0.6307157874107361,0.5565638542175293,0.5541192293167114,0.550000011920929,0.5555555820465088
Age: <40,377,0.643451452255249,0.5944444537162781,0.5628659725189209,0.5169090032577515,0.5526315569877625
Age: 40-50,377,0.8396656513214111,0.7660818696022034,0.707446813583374,0.7178093194961548,0.7599999904632568
Age: 50-65,377,0.6490195989608765,0.5336617231369019,0.5267974138259888,0.5177809596061707,0.5752212405204773
Race: White,377,0.6162264347076416,0.5162227749824524,0.5126414895057678,0.5055254101753235,0.5947712659835815
Race: Black,377,0.3333333134651184,0.4464285671710968,0.4166666865348816,0.34188035130500793,0.3636363744735718
Race: Other,377,0.803775429725647,0.7417027354240417,0.6664183139801025,0.645420491695404,0.6771653294563293
Overall,378,0.6196973323822021,0.6103603839874268,0.587100625038147,0.5841768980026245,0.6385135054588318
Gender: Male,378,0.5980548858642578,0.6555555462837219,0.5669642686843872,0.5494120121002197,0.6904761791229248
Gender: Female,378,0.5900269746780396,0.5664682388305664,0.5658314824104309,0.565834105014801,0.5703125
Age: <40,378,0.6539450883865356,0.6482588052749634,0.6223198771476746,0.6246528029441833,0.673758864402771
Age: 40-50,378,0.6583333015441895,0.6907308101654053,0.6273809671401978,0.6344085931777954,0.7258064150810242
Age: 50-65,378,0.5443511009216309,0.5068886280059814,0.505602240562439,0.4900299310684204,0.5268816947937012
Race: White,378,0.5972188711166382,0.5391674637794495,0.5286502242088318,0.523809552192688,0.6428571343421936
Race: Black,378,0.41836732625961304,0.4285714626312256,0.4285714626312256,0.380952388048172,0.380952388048172
Race: Other,378,0.686072587966919,0.674342155456543,0.648343026638031,0.6476032137870789,0.6740740537643433
Overall,379,0.6354267001152039,0.5900094509124756,0.5733721852302551,0.5699260830879211,0.6203389763832092
Gender: Male,379,0.6295107007026672,0.6179723739624023,0.5391437411308289,0.49825960397720337,0.6568047404289246
Gender: Female,379,0.6165816187858582,0.5723286271095276,0.5732142925262451,0.5704545378684998,0.5714285969734192
Age: <40,379,0.6755980253219604,0.6229166984558105,0.5988038182258606,0.5937984585762024,0.6335877776145935
Age: 40-50,379,0.6703556776046753,0.625,0.5885375738143921,0.59255051612854,0.7051281929016113
Age: 50-65,379,0.5378289222717285,0.5048396587371826,0.5043859481811523,0.49879175424575806,0.5232558250427246
Race: White,379,0.4883415400981903,0.4749999940395355,0.4763546586036682,0.47533518075942993,0.5819671750068665
Race: Black,379,0.18125000596046448,0.1190476268529892,0.15000000596046448,0.1060025542974472,0.1071428656578064
Race: Other,379,0.8040593266487122,0.7734639644622803,0.7206283807754517,0.7252631187438965,0.751724123954773
Overall,380,0.6222158074378967,0.6029325127601624,0.5672054886817932,0.5476468205451965,0.6130136847496033
Gender: Male,380,0.6003521680831909,0.614895224571228,0.5207881927490234,0.43598484992980957,0.6057142615318298
Gender: Female,380,0.6704142093658447,0.6183581948280334,0.6173076629638672,0.6176470518112183,0.6239316463470459
Age: <40,380,0.6377577781677246,0.6603174805641174,0.580116331577301,0.5183734893798828,0.577235758304596
Age: 40-50,380,0.6647509336471558,0.617511510848999,0.5977011322975159,0.6041666269302368,0.7368420958518982
Age: 50-65,380,0.6106976270675659,0.5528128743171692,0.5427907109260559,0.5276848673820496,0.5591397881507874
Race: White,380,0.6916593909263611,0.5865384340286255,0.5680034756660461,0.5705422759056091,0.6846153736114502
Race: Black,380,0.2291666567325592,0.27272728085517883,0.1875,0.13846154510974884,0.1428571492433548
Race: Other,380,0.6373207569122314,0.69017094373703,0.6196236610412598,0.5939394235610962,0.641791045665741
Overall,381,0.6236588954925537,0.5675458908081055,0.5542432069778442,0.544800877571106,0.5872483253479004
Gender: Male,381,0.6485775709152222,0.7095237970352173,0.5680271983146667,0.5205644965171814,0.6463414430618286
Gender: Female,381,0.5811811685562134,0.5142602324485779,0.5143723487854004,0.5135980248451233,0.5149253606796265
Age: <40,381,0.6530792713165283,0.6108037233352661,0.5842933058738708,0.5696240663528442,0.6074073910713196
Age: 40-50,381,0.7634680271148682,0.7080200910568237,0.6397306323051453,0.6399420499801636,0.7042253613471985
Age: 50-65,381,0.4847605228424072,0.4385416805744171,0.4429124593734741,0.4381154179573059,0.46739131212234497
Race: White,381,0.5066326260566711,0.42317861318588257,0.43329083919525146,0.4244185984134674,0.4883720874786377
Race: Black,381,0.43233081698417664,0.4000000059604645,0.39849624037742615,0.39338237047195435,0.39393940567970276
Race: Other,381,0.7715166211128235,0.7890211343765259,0.692383885383606,0.6873563528060913,0.7279411554336548
Overall,382,0.6985681056976318,0.6817524433135986,0.6312767267227173,0.6305921673774719,0.6872852444648743
Gender: Male,382,0.6748083829879761,0.744488000869751,0.5796615481376648,0.5631731748580933,0.7235293984413147
Gender: Female,382,0.670311689376831,0.6378151178359985,0.634499728679657,0.6333333253860474,0.6363636255264282
Age: <40,382,0.6998207569122314,0.682752251625061,0.6115591526031494,0.5830317139625549,0.6343283653259277
Age: 40-50,382,0.7807692289352417,0.7877193093299866,0.7365384697914124,0.754652738571167,0.819444477558136
Age: 50-65,382,0.652927041053772,0.6232923269271851,0.6078255772590637,0.6102766990661621,0.658823549747467
Race: White,382,0.6040480732917786,0.5963611602783203,0.5678368210792542,0.570671558380127,0.7086614370346069
Race: Black,382,0.45652174949645996,0.4886363744735718,0.48641306161880493,0.4138655662536621,0.4193548262119293
Race: Other,382,0.787569522857666,0.7577351331710815,0.6931818127632141,0.6943309307098389,0.7293233275413513
Overall,383,0.6566383242607117,0.5904724597930908,0.574165940284729,0.5677655935287476,0.6066666841506958
Gender: Male,383,0.7092307806015015,0.7722575664520264,0.6053846478462219,0.5780881643295288,0.6848484873771667
Gender: Female,383,0.5905877351760864,0.5102108120918274,0.5102739334106445,0.5097931623458862,0.5111110806465149
Age: <40,383,0.6816248893737793,0.6496598720550537,0.6143127083778381,0.6043313145637512,0.6412214040756226
Age: 40-50,383,0.7351117134094238,0.6789215803146362,0.6132134199142456,0.6090579628944397,0.6867469549179077
Age: 50-65,383,0.547149121761322,0.4647058844566345,0.46546053886413574,0.4645081162452698,0.4767441749572754
Race: White,383,0.6287189722061157,0.5284090638160706,0.5270469784736633,0.5268816947937012,0.5681818127632141
Race: Black,383,0.36057692766189575,0.28835979104042053,0.3076923191547394,0.20519480109214783,0.20588235557079315
Race: Other,383,0.792682945728302,0.7582720518112183,0.6977016925811768,0.7052277326583862,0.746268630027771
Overall,384,0.6839160919189453,0.6449580192565918,0.6206293702125549,0.6158139705657959,0.6440677642822266
Gender: Male,384,0.631364107131958,0.5858209133148193,0.52470463514328,0.47775885462760925,0.6597222089767456
Gender: Female,384,0.6716049313545227,0.6293859481811523,0.6300705671310425,0.6287319660186768,0.6291390657424927
Age: <40,384,0.713676929473877,0.6982322931289673,0.643364429473877,0.6307048797607422,0.6666666269302368
Age: 40-50,384,0.758384108543396,0.739304780960083,0.7046493887901306,0.706119179725647,0.7260273694992065
Age: 50-65,384,0.5700876712799072,0.5107843279838562,0.5103254318237305,0.5092474222183228,0.5308641791343689
Race: White,384,0.6108659505844116,0.5475618243217468,0.5381963849067688,0.5306397080421448,0.5853658318519592
Race: Black,384,0.5227272510528564,0.4227272868156433,0.4227272868156433,0.3870967626571655,0.3870967626571655
Race: Other,384,0.7727458477020264,0.7683982849121094,0.7286884784698486,0.7323317527770996,0.7517729997634888
Overall,385,0.6476190090179443,0.597734272480011,0.5807936191558838,0.5758503675460815,0.6146179437637329
Gender: Male,385,0.553418755531311,0.5945945978164673,0.5299144983291626,0.4921875,0.675000011920929
Gender: Female,385,0.628882646560669,0.5455917716026306,0.545683741569519,0.5455278158187866,0.5460992455482483
Age: <40,385,0.6046667098999023,0.566428542137146,0.5516666769981384,0.5371428728103638,0.5777777433395386
Age: 40-50,385,0.7870967984199524,0.719298243522644,0.6702508926391602,0.6721568703651428,0.7105263471603394
Age: 50-65,385,0.60467529296875,0.5583333373069763,0.5545454621315002,0.5545150637626648,0.5888888835906982
Race: White,385,0.6208897829055786,0.5175682306289673,0.5168036818504333,0.5166666507720947,0.5703703761100769
Race: Black,385,0.3571428656578064,0.4523809552192688,0.4553571343421936,0.4078674912452698,0.40909093618392944
Race: Other,385,0.730866551399231,0.7243314981460571,0.6633884906768799,0.6536796689033508,0.6875
Overall,386,0.6461988687515259,0.5815511345863342,0.564668595790863,0.5622329115867615,0.6308724880218506
Gender: Male,386,0.6444560289382935,0.6293907165527344,0.5313205122947693,0.4900497496128082,0.6951219439506531
Gender: Female,386,0.6099339127540588,0.5479543805122375,0.5488722324371338,0.5472972989082336,0.5522388219833374
Age: <40,386,0.6893081665039062,0.6279569864273071,0.604779839515686,0.6017315983772278,0.640625
Age: 40-50,386,0.7167755961418152,0.756779670715332,0.665032684803009,0.6863636374473572,0.7971014380455017
Age: 50-65,386,0.5109797716140747,0.4269269108772278,0.4383445978164673,0.4282155930995941,0.5049504637718201
Race: White,386,0.5777413845062256,0.5065151453018188,0.5058647394180298,0.5048682689666748,0.6090225577354431
Race: Black,386,0.19230769574642181,0.18333333730697632,0.22596153616905212,0.18306636810302734,0.190476194024086
Race: Other,386,0.7719155550003052,0.7194921970367432,0.663149356842041,0.6666478514671326,0.7152777910232544
Overall,387,0.6470721364021301,0.6055185198783875,0.5802108645439148,0.5705388188362122,0.6179401874542236
Gender: Male,387,0.6488320827484131,0.6846076250076294,0.5868844985961914,0.5623627305030823,0.6625766754150391
Gender: Female,387,0.6353439092636108,0.5582686066627502,0.5555555820465088,0.5538793206214905,0.5652173757553101
Age: <40,387,0.6892573833465576,0.6736270189285278,0.6458783745765686,0.6433811783790588,0.6692307591438293
Age: 40-50,387,0.6209150552749634,0.594298243522644,0.5702614784240723,0.5740740895271301,0.7101449370384216
Age: 50-65,387,0.5688461661338806,0.49358975887298584,0.4953846037387848,0.45476973056793213,0.4901961088180542
Race: White,387,0.6167056560516357,0.550000011920929,0.533665120601654,0.5115688443183899,0.5793103575706482
Race: Black,387,0.3295454680919647,0.31410256028175354,0.33522728085517883,0.3214285671710968,0.3684210479259491
Race: Other,387,0.7261021137237549,0.6986974477767944,0.6631383895874023,0.663272500038147,0.6934306621551514
Overall,388,0.6335073709487915,0.5819294452667236,0.5630244016647339,0.5530303120613098,0.6026936173439026
Gender: Male,388,0.6185792088508606,0.5265151262283325,0.5076502561569214,0.4468715488910675,0.6204819083213806
Gender: Female,388,0.6479924917221069,0.5793595314025879,0.5792483687400818,0.57927006483078,0.580152690410614
Age: <40,388,0.65625,0.6278911828994751,0.5932539701461792,0.5797537565231323,0.625
Age: 40-50,388,0.7954545021057129,0.7453703880310059,0.6853147149085999,0.6938775777816772,0.7428571581840515
Age: 50-65,388,0.5108605027198792,0.42831993103027344,0.4404762089252472,0.42544645071029663,0.4747474789619446
Race: White,388,0.6107020378112793,0.5530812740325928,0.5465145111083984,0.5472902655601501,0.6402877569198608
Race: Black,388,0.3896103501319885,0.350649356842041,0.350649356842041,0.3333333432674408,0.3333333432674408
Race: Other,388,0.6844253540039062,0.6440101861953735,0.603796660900116,0.5716783404350281,0.6000000238418579
Overall,389,0.6752509474754333,0.5893558859825134,0.5704100131988525,0.5668619871139526,0.6279069781303406
Gender: Male,389,0.7142049074172974,0.6631520986557007,0.5623939037322998,0.5348448753356934,0.6761363744735718
Gender: Female,389,0.6180189847946167,0.5530185699462891,0.5541359186172485,0.552670955657959,0.5600000023841858
Age: <40,389,0.6895085573196411,0.5821428298950195,0.5597826242446899,0.5568637847900391,0.6521739363670349
Age: 40-50,389,0.7340067625045776,0.6627634763717651,0.6404040455818176,0.6465517282485962,0.707317054271698
Age: 50-65,389,0.5884146690368652,0.5099999904632568,0.5085365772247314,0.4886363744735718,0.5061728358268738
Race: White,389,0.6560710668563843,0.5215151309967041,0.5203322172164917,0.5205620527267456,0.6315789818763733
Race: Black,389,0.37368422746658325,0.36764705181121826,0.3578947186470032,0.34169653058052063,0.3448275923728943
Race: Other,389,0.7387712001800537,0.7111285328865051,0.6426906585693359,0.6342105269432068,0.6834532618522644
Overall,390,0.6777900457382202,0.6381044387817383,0.6167954802513123,0.6103251576423645,0.6337579488754272
Gender: Male,390,0.6867201328277588,0.7326388955116272,0.6194295883178711,0.6054200530052185,0.6904761791229248
Gender: Female,390,0.6222473382949829,0.5697368383407593,0.5698287487030029,0.5684729218482971,0.568493127822876
Age: <40,390,0.6832036972045898,0.6789215803146362,0.6381122469902039,0.6205174326896667,0.6449275612831116
Age: 40-50,390,0.7506774663925171,0.676598846912384,0.664634108543396,0.6694678068161011,0.7288135886192322
Age: 50-65,390,0.6578024625778198,0.5776190757751465,0.5714494585990906,0.5634328126907349,0.5726495981216431
Race: White,390,0.5862470865249634,0.492559552192688,0.49368685483932495,0.48882871866226196,0.5695364475250244
Race: Black,390,0.48235294222831726,0.504273533821106,0.5058823823928833,0.43589746952056885,0.4545454680919647
Race: Other,390,0.7714804410934448,0.7719680070877075,0.7397136092185974,0.724382758140564,0.7304964065551758
Overall,391,0.6207257509231567,0.566033124923706,0.5515527725219727,0.537730872631073,0.5787671208381653
Gender: Male,391,0.5723484754562378,0.5880681872367859,0.5352272987365723,0.48660287261009216,0.6081081032752991
Gender: Female,391,0.6450241804122925,0.5464285612106323,0.5452173948287964,0.543659508228302,0.5486111044883728
Age: <40,391,0.629022479057312,0.5833333730697632,0.5569217205047607,0.5276217460632324,0.573913037776947
Age: 40-50,391,0.7973484992980957,0.7699999809265137,0.7556818127632141,0.761904776096344,0.800000011920929
Age: 50-65,391,0.5059399008750916,0.42381155490875244,0.43728160858154297,0.41208791732788086,0.4392523169517517
Race: White,391,0.567801833152771,0.45440250635147095,0.46408671140670776,0.4484039843082428,0.51408451795578
Race: Black,391,0.4444444477558136,0.45384615659713745,0.4583333432674408,0.38699692487716675,0.3888888955116272
Race: Other,391,0.6909722089767456,0.6961708068847656,0.6541666984558105,0.6464653015136719,0.6742424368858337
Overall,392,0.6634215712547302,0.6079710125923157,0.580978274345398,0.5760869383811951,0.6387959718704224
Gender: Male,392,0.7022792100906372,0.7659817337989807,0.5829771757125854,0.559515118598938,0.7088607549667358
Gender: Female,392,0.6215163469314575,0.5491854548454285,0.5482581853866577,0.5482637286186218,0.5602836608886719
Age: <40,392,0.628563642501831,0.5885176658630371,0.5631853342056274,0.5375795960426331,0.5785123705863953
Age: 40-50,392,0.6833333373069763,0.6666666865348816,0.6061403751373291,0.6163126230239868,0.7532467246055603
Age: 50-65,392,0.6879699230194092,0.5880281925201416,0.5783208012580872,0.5787972211837769,0.6237623691558838
Race: White,392,0.5899569988250732,0.4861751198768616,0.4879162311553955,0.48540017008781433,0.6102941036224365
Race: Black,392,0.42490845918655396,0.4166666865348816,0.4267399311065674,0.3775065541267395,0.38235294818878174
Race: Other,392,0.7622308731079102,0.7929632067680359,0.7026663422584534,0.6999179124832153,0.7364341020584106
Overall,393,0.6242172122001648,0.5509651303291321,0.5420131683349609,0.5396732687950134,0.6143344640731812
Gender: Male,393,0.6275510787963867,0.5961538553237915,0.5269819498062134,0.4855554699897766,0.6797385811805725
Gender: Female,393,0.6280633211135864,0.5310245156288147,0.5326393246650696,0.5290160179138184,0.5428571701049805
Age: <40,393,0.6371128559112549,0.5847647190093994,0.5566933155059814,0.5405982732772827,0.6124030947685242
Age: 40-50,393,0.5895833969116211,0.5294784903526306,0.5270833373069763,0.5279435515403748,0.7413793206214905
Age: 50-65,393,0.5806818008422852,0.5135449171066284,0.5132575631141663,0.5132032036781311,0.5471698045730591
Race: White,393,0.5028631091117859,0.45720720291137695,0.45549193024635315,0.45624998211860657,0.6054421663284302
Race: Black,393,0.3070175349712372,0.36666667461395264,0.3245614171028137,0.3021346628665924,0.3199999928474426
Race: Other,393,0.7556688785552979,0.6922773718833923,0.6383219957351685,0.6355421543121338,0.6859503984451294
Overall,394,0.7088501453399658,0.6767913103103638,0.6476422548294067,0.648423433303833,0.681208074092865
Gender: Male,394,0.6555319428443909,0.6711230278015137,0.5544680953025818,0.527469277381897,0.7006802558898926
Gender: Female,394,0.7017543911933899,0.6625394821166992,0.6623684167861938,0.6621924042701721,0.6622516512870789
Age: <40,394,0.753591775894165,0.6995364427566528,0.6582024693489075,0.6474916338920593,0.6709677577018738
Age: 40-50,394,0.8400673866271973,0.8060817718505859,0.7584174871444702,0.7758111953735352,0.8289473652839661
Age: 50-65,394,0.5100732445716858,0.5176190137863159,0.5169414281845093,0.5161891579627991,0.5373134016990662
Race: White,394,0.6333732008934021,0.5855263471603394,0.5855263471603394,0.5855263471603394,0.6507936716079712
Race: Black,394,0.3589743673801422,0.22499999403953552,0.2884615361690521,0.20168067514896393,0.21052631735801697
Race: Other,394,0.8113853931427002,0.8156370520591736,0.7523148059844971,0.7483552694320679,0.7647058963775635
Overall,395,0.7116789817810059,0.6628378629684448,0.6249940991401672,0.6182652711868286,0.656462550163269
Gender: Male,395,0.7045322060585022,0.7111111283302307,0.5831550359725952,0.5626267790794373,0.6933333277702332
Gender: Female,395,0.6805019378662109,0.6246261596679688,0.6206563711166382,0.6158137321472168,0.6180555820465088
Age: <40,395,0.7462055683135986,0.6657131910324097,0.6359724402427673,0.6236226558685303,0.643750011920929
Age: 40-50,395,0.75,0.7793522477149963,0.6960227489471436,0.7142857313156128,0.7857142686843872
Age: 50-65,395,0.5753968358039856,0.5190476179122925,0.5138888955116272,0.4922024607658386,0.546875
Race: White,395,0.6162790656089783,0.533535361289978,0.525397777557373,0.5212355256080627,0.6370967626571655
Race: Black,395,0.26923078298568726,0.1964285671710968,0.23846153914928436,0.20384615659713745,0.21739131212234497
Race: Other,395,0.8421052694320679,0.8047618865966797,0.7490733861923218,0.7310285568237305,0.7414965629577637
Overall,396,0.7057015895843506,0.6452391147613525,0.621462345123291,0.6180186867713928,0.6476510167121887
Gender: Male,396,0.6797168254852295,0.6969001293182373,0.5714285969734192,0.5503336787223816,0.7006802558898926
Gender: Female,396,0.6510563492774963,0.5971198081970215,0.5973591804504395,0.5959556102752686,0.5960264801979065
Age: <40,396,0.6841346025466919,0.644088625907898,0.6265624761581421,0.6156901717185974,0.6279069781303406
Age: 40-50,396,0.796226441860199,0.7648026347160339,0.727830171585083,0.7419191598892212,0.8082191944122314
Age: 50-65,396,0.6483659744262695,0.5472688674926758,0.5392156839370728,0.5248072147369385,0.5520833730697632
Race: White,396,0.6235141754150391,0.4859570264816284,0.4895348846912384,0.47778502106666565,0.580152690410614
Race: Black,396,0.3365384340286255,0.3484848737716675,0.35576921701431274,0.34169653058052063,0.3448275923728943
Race: Other,396,0.8460084199905396,0.8039513826370239,0.7731091976165771,0.7689440846443176,0.7753623127937317
Overall,397,0.6709280014038086,0.634288489818573,0.6128110885620117,0.609375,0.6399999856948853
Gender: Male,397,0.6392543911933899,0.7107664346694946,0.5844298005104065,0.5592333078384399,0.6797385811805725
Gender: Female,397,0.6568518280982971,0.598406195640564,0.5983333587646484,0.5983420610427856,0.5986394286155701
Age: <40,397,0.7412203550338745,0.7099359035491943,0.6725197434425354,0.6583064794540405,0.6740740537643433
Age: 40-50,397,0.5935828685760498,0.649350643157959,0.5614973306655884,0.5481874346733093,0.7123287916183472
Age: 50-65,397,0.5759615898132324,0.5258249640464783,0.5259615182876587,0.5258300304412842,0.532608687877655
Race: White,397,0.684288501739502,0.6041890382766724,0.5958498120307922,0.5984596014022827,0.6617646813392639
Race: Black,397,0.2291666567325592,0.34090909361839294,0.32499998807907104,0.2916666865348816,0.29411765933036804
Race: Other,397,0.787360429763794,0.7387387752532959,0.6951770186424255,0.6888384819030762,0.7076923251152039
Overall,398,0.667799711227417,0.593634843826294,0.5761181116104126,0.5684833526611328,0.6059602499008179
Gender: Male,398,0.6013461351394653,0.5964285731315613,0.5363461375236511,0.5069159865379333,0.6753246784210205
Gender: Female,398,0.6450367569923401,0.5366904735565186,0.5367647409439087,0.5337624549865723,0.5337837934494019
Age: <40,398,0.6666666269302368,0.6364977955818176,0.6057142615318298,0.5868946313858032,0.6137930750846863
Age: 40-50,398,0.894444465637207,0.8094363212585449,0.7805555462837219,0.7922115325927734,0.8307692408561707
Age: 50-65,398,0.49038463830947876,0.3928571343421936,0.4076923131942749,0.3935091197490692,0.43478262424468994
Race: White,398,0.6115384697914124,0.48754990100860596,0.48867523670196533,0.48593705892562866,0.5422534942626953
Race: Black,398,0.47857144474983215,0.4177631735801697,0.4107142984867096,0.3324176073074341,0.3333333432674408
Race: Other,398,0.7570115327835083,0.7684096097946167,0.6994252800941467,0.6977273225784302,0.7293233275413513
Overall,399,0.6514065265655518,0.5973522067070007,0.5694369077682495,0.5608288645744324,0.6301369667053223
Gender: Male,399,0.639553427696228,0.5927672982215881,0.5235247015953064,0.4761904776096344,0.6745561957359314
Gender: Female,399,0.6395225524902344,0.5664420127868652,0.5653846263885498,0.5649649500846863,0.5691056847572327
Age: <40,399,0.6798568964004517,0.6480768918991089,0.6032863855361938,0.580092191696167,0.6194029450416565
Age: 40-50,399,0.7028875350952148,0.6464020013809204,0.5896656513214111,0.5804430246353149,0.6666666865348816
Age: 50-65,399,0.564828634262085,0.4900793731212616,0.4906855523586273,0.4900153577327728,0.6144577860832214
Race: White,399,0.6226415634155273,0.5111607313156128,0.5099304914474487,0.5093053579330444,0.6388888955116272
Race: Black,399,0.4595959782600403,0.3700000047683716,0.4015151560306549,0.2836134433746338,0.29032257199287415
Race: Other,399,0.78125,0.7715217471122742,0.6841096878051758,0.6730769276618958,0.7094017267227173
Overall,400,0.6357282400131226,0.5760281085968018,0.5589180588722229,0.5330764055252075,0.5597269535064697
Gender: Male,400,0.6112068891525269,0.532217800617218,0.509267270565033,0.4113684296607971,0.5269461274147034
Gender: Female,400,0.6828283071517944,0.6028225421905518,0.6030303239822388,0.6027742624282837,0.60317462682724
Age: <40,400,0.6288325786590576,0.5536764860153198,0.5430424213409424,0.5054347515106201,0.5213675498962402
Age: 40-50,400,0.7623687982559204,0.7706568241119385,0.6915292739868164,0.6984127163887024,0.746666669845581
Age: 50-65,400,0.5601415634155273,0.4705459773540497,0.4758254885673523,0.4457316994667053,0.4653465151786804
Race: White,400,0.539696991443634,0.4683692455291748,0.4795454740524292,0.45489782094955444,0.5630252361297607
Race: Black,400,0.44628098607063293,0.3472222089767456,0.3636363744735718,0.3004608154296875,0.3030303120613098
Race: Other,400,0.7487704753875732,0.6597254276275635,0.6430327892303467,0.6126374006271362,0.6170212626457214
Overall,401,0.6793283224105835,0.644758403301239,0.613519549369812,0.6084679365158081,0.6488294005393982
Gender: Male,401,0.6849122643470764,0.7502216100692749,0.5990350842475891,0.5805718302726746,0.7006369829177856
Gender: Female,401,0.6517768502235413,0.5913782715797424,0.5896366834640503,0.588611364364624,0.591549277305603
Age: <40,401,0.7166441679000854,0.7110750675201416,0.6534703373908997,0.6327292919158936,0.6605504155158997
Age: 40-50,401,0.7601902484893799,0.7388888597488403,0.67527174949646,0.6762263774871826,0.7179487347602844
Age: 50-65,401,0.5925798416137695,0.5412351489067078,0.5369288921356201,0.5358558893203735,0.5892857313156128
Race: White,401,0.668541669845581,0.5758513808250427,0.5612499713897705,0.5614315271377563,0.6486486792564392
Race: Black,401,0.3888888955116272,0.4711538553237915,0.4642857313156128,0.4482173025608063,0.47999998927116394
Race: Other,401,0.7207070589065552,0.734375,0.6704545617103577,0.654321014881134,0.682539701461792
Overall,402,0.6464515924453735,0.6283309459686279,0.6105673313140869,0.6001344919204712,0.6166666746139526
Gender: Male,402,0.5758874416351318,0.653333306312561,0.5703794360160828,0.539146900177002,0.6433566212654114
Gender: Female,402,0.6218708753585815,0.5943794250488281,0.5956851243972778,0.5915447473526001,0.5923566818237305
Age: <40,402,0.6827957034111023,0.6338672637939453,0.6347926259040833,0.5972973108291626,0.5973154306411743
Age: 40-50,402,0.7948718070983887,0.6785714626312256,0.6682692170143127,0.6729896664619446,0.7868852019309998
Age: 50-65,402,0.5188536643981934,0.5046154260635376,0.5037707686424255,0.49084052443504333,0.5333333611488342
Race: White,402,0.5893137454986572,0.553172767162323,0.5474070310592651,0.5470567941665649,0.604651153087616
Race: Black,402,0.20555555820465088,0.31060606241226196,0.2916666865348816,0.2724014222621918,0.27586206793785095
Race: Other,402,0.776974081993103,0.7477355003356934,0.7198111414909363,0.6927798986434937,0.6971830725669861
Overall,403,0.6358830332756042,0.5553852915763855,0.5405848026275635,0.5246334671974182,0.5810810923576355
Gender: Male,403,0.6652122735977173,0.6501957178115845,0.5515187382698059,0.5119516253471375,0.65625
Gender: Female,403,0.5787879228591919,0.48945003747940063,0.48982685804367065,0.48639920353889465,0.49264705181121826
Age: <40,403,0.666911780834198,0.5857143402099609,0.5617647171020508,0.5373494029045105,0.578125
Age: 40-50,403,0.6963249444961548,0.5405219793319702,0.5285300016403198,0.521497905254364,0.6376811861991882
Age: 50-65,403,0.5473421812057495,0.5184404850006104,0.5145348906517029,0.49949443340301514,0.5454545617103577
Race: White,403,0.5546279549598694,0.42823857069015503,0.44410163164138794,0.42753803730010986,0.5098039507865906
Race: Black,403,0.347222238779068,0.5227272510528564,0.5208333730697632,0.5142857432365417,0.529411792755127
Race: Other,403,0.7596762180328369,0.73807692527771,0.656589925289154,0.6360690593719482,0.6746032238006592
Overall,404,0.66300368309021,0.5958333015441895,0.5798149108886719,0.578303873538971,0.6283783912658691
Gender: Male,404,0.7113289833068848,0.6497584581375122,0.5675381422042847,0.5486111044883728,0.6794871687889099
Gender: Female,404,0.5972917079925537,0.5641025304794312,0.5645833015441895,0.5642249584197998,0.5714285969734192
Age: <40,404,0.6725427508354187,0.6656249761581421,0.6274038553237915,0.6286472082138062,0.682539701461792
Age: 40-50,404,0.7867063283920288,0.6725000143051147,0.636904776096344,0.6413043737411499,0.696969747543335
Age: 50-65,404,0.56950843334198,0.48403361439704895,0.4854070842266083,0.4816586971282959,0.5192307829856873
Race: White,404,0.5564570426940918,0.4626602828502655,0.4665314555168152,0.46195653080940247,0.52173912525177
Race: Black,404,0.3125,0.3909091055393219,0.375,0.30980393290519714,0.3125
Race: Other,404,0.8153414726257324,0.76661217212677,0.7109459638595581,0.722967803478241,0.7676056027412415
Overall,405,0.6514366269111633,0.621759295463562,0.5926382541656494,0.5851464867591858,0.6328670978546143
Gender: Male,405,0.6228070259094238,0.6143617033958435,0.5353618264198303,0.485415518283844,0.6405228972434998
Gender: Female,405,0.6787823438644409,0.6217241287231445,0.620286226272583,0.6204338073730469,0.6240601539611816
Age: <40,405,0.7189317941665649,0.6805750131607056,0.6361713409423828,0.6110056638717651,0.6341463327407837
Age: 40-50,405,0.6619898080825806,0.5566666722297668,0.5542091727256775,0.5552297234535217,0.6769230961799622
Age: 50-65,405,0.5537013411521912,0.5816441774368286,0.5620453357696533,0.5511450171470642,0.6020408272743225
Race: White,405,0.5561660528182983,0.4887096881866455,0.49038460850715637,0.48636698722839355,0.5853658318519592
Race: Black,405,0.3916666507720947,0.3970588445663452,0.4124999940395355,0.34285715222358704,0.3478260934352875
Race: Other,405,0.7686153650283813,0.7760821580886841,0.7041025757789612,0.695295512676239,0.7214285731315613
Overall,406,0.6768766641616821,0.6307713985443115,0.6105119585990906,0.6116552352905273,0.6565656661987305
Gender: Male,406,0.6627634763717651,0.6772632002830505,0.599165678024292,0.5930857062339783,0.6936416029930115
Gender: Female,406,0.6989104747772217,0.598739504814148,0.5999202728271484,0.5989704132080078,0.6048386693000793
Age: <40,406,0.685049295425415,0.69010990858078,0.6531748175621033,0.6436843872070312,0.6666666865348816
Age: 40-50,406,0.8009090423583984,0.6873536109924316,0.6454545259475708,0.657707929611206,0.7599999904632568
Age: 50-65,406,0.6126463413238525,0.5223665237426758,0.5217798352241516,0.5218216180801392,0.5625
Race: White,406,0.6499999761581421,0.5270588397979736,0.5270588397979736,0.5270588397979736,0.641791045665741
Race: Black,406,0.5,0.4357143044471741,0.4444444477558136,0.3668965697288513,0.37037038803100586
Race: Other,406,0.7676547765731812,0.7498074769973755,0.7120749950408936,0.7109209299087524,0.7279411554336548
Overall,407,0.663381040096283,0.6246129870414734,0.6086956262588501,0.6027162075042725,0.6220735907554626
Gender: Male,407,0.6184422969818115,0.6791666746139526,0.5694108009338379,0.5260071754455566,0.6363636255264282
Gender: Female,407,0.6802564859390259,0.6088815927505493,0.6088278293609619,0.6088297367095947,0.6089743375778198
Age: <40,407,0.6617063283920288,0.649322509765625,0.6366567611694336,0.6295027732849121,0.6377952694892883
Age: 40-50,407,0.8454545140266418,0.764893651008606,0.7515151500701904,0.7572463750839233,0.7910447716712952
Age: 50-65,407,0.5751088857650757,0.49666666984558105,0.49727863073349,0.47206148505210876,0.49523812532424927
Race: White,407,0.5912020206451416,0.49425286054611206,0.49453628063201904,0.49383071064949036,0.5555555820465088
Race: Black,407,0.3086419701576233,0.36764705181121826,0.3611111044883728,0.3324176073074341,0.3333333432674408
Race: Other,407,0.7748917937278748,0.781521737575531,0.7437417507171631,0.7260788083076477,0.732876718044281
Overall,408,0.6774556636810303,0.6359277367591858,0.6016892194747925,0.5901442766189575,0.6314102411270142
Gender: Male,408,0.6546728610992432,0.734394907951355,0.5573208928108215,0.5120130181312561,0.6766467094421387
Gender: Female,408,0.6567990779876709,0.5827579498291016,0.5824102163314819,0.5792303085327148,0.5793103575706482
Age: <40,408,0.7123231887817383,0.7087541818618774,0.650303065776825,0.6342109441757202,0.6666666269302368
Age: 40-50,408,0.8161616325378418,0.7456521987915039,0.7282828092575073,0.7362637519836426,0.8392857313156128
Age: 50-65,408,0.5978788137435913,0.4953806400299072,0.4962121248245239,0.4674672484397888,0.48695650696754456
Race: White,408,0.6298309564590454,0.5155537724494934,0.511674702167511,0.5006448030471802,0.5821917653083801
Race: Black,408,0.37962964177131653,0.40526318550109863,0.4166666865348816,0.2904347777366638,0.2916666865348816
Race: Other,408,0.7766233682632446,0.7803643941879272,0.7213786244392395,0.718178391456604,0.7394366264343262
Overall,409,0.6223791837692261,0.597804069519043,0.5771588087081909,0.5657800436019897,0.6026490330696106
Gender: Male,409,0.5526450872421265,0.5704225301742554,0.527392566204071,0.48426002264022827,0.6265822649002075
Gender: Female,409,0.6483092308044434,0.5796874761581421,0.5788406133651733,0.5758775472640991,0.5763888955116272
Age: <40,409,0.6391716003417969,0.6190476417541504,0.5912600755691528,0.5687128305435181,0.5960264801979065
Age: 40-50,409,0.7522221803665161,0.6236631274223328,0.6027777791023254,0.600595235824585,0.6393442153930664
Age: 50-65,409,0.5137662291526794,0.5473484992980957,0.5389610528945923,0.53354811668396,0.5888888835906982
Race: White,409,0.6088007688522339,0.5232137441635132,0.5186170339584351,0.5148258805274963,0.6159420609474182
Race: Black,409,0.3263157606124878,0.3445378243923187,0.3052631616592407,0.24475525319576263,0.25
Race: Other,409,0.7025923728942871,0.6819728016853333,0.652888298034668,0.6364792585372925,0.6499999761581421
Overall,410,0.6652568578720093,0.6420948505401611,0.6013675332069397,0.5919492840766907,0.6452702879905701
Gender: Male,410,0.6837997436523438,0.7231183052062988,0.5611193180084229,0.498935341835022,0.628742516040802
Gender: Female,410,0.7162363529205322,0.6562963128089905,0.6571499109268188,0.6566812992095947,0.6666666865348816
Age: <40,410,0.7732067704200745,0.7615439891815186,0.6911919713020325,0.699586033821106,0.748031497001648
Age: 40-50,410,0.5286955833435059,0.5833333730697632,0.5365217328071594,0.5065332651138306,0.6478872895240784
Age: 50-65,410,0.6008332967758179,0.5166666507720947,0.5141666531562805,0.4931034445762634,0.5102040767669678
Race: White,410,0.6128724813461304,0.5349817276000977,0.5302789807319641,0.52958083152771,0.6198346614837646
Race: Black,410,0.5357142686843872,0.4836956560611725,0.4821428656578064,0.3541666865348816,0.35483869910240173
Race: Other,410,0.7523207664489746,0.7912561893463135,0.6868457794189453,0.6829088926315308,0.7291666865348816
Overall,411,0.7079927921295166,0.6962484121322632,0.6376320719718933,0.6346909999847412,0.6885813474655151
Gender: Male,411,0.6676955223083496,0.8374999761581421,0.5873016119003296,0.5516337156295776,0.6959064602851868
Gender: Female,411,0.7602322101593018,0.6742756962776184,0.6728591918945312,0.6733682751655579,0.6779661178588867
Age: <40,411,0.6887205243110657,0.740998387336731,0.6716700792312622,0.6751701831817627,0.7250000238418579
Age: 40-50,411,0.7420635223388672,0.804093599319458,0.6547619104385376,0.6565656661987305,0.7424242496490479
Age: 50-65,411,0.7007663249969482,0.6055068373680115,0.5829501748085022,0.5729684829711914,0.6116504669189453
Race: White,411,0.6522061824798584,0.5704787373542786,0.5589544177055359,0.5614264011383057,0.6864407062530518
Race: Black,411,0.4285714328289032,0.4791666567325592,0.477142870426178,0.34310850501060486,0.34375
Race: Other,411,0.8265823125839233,0.8411314487457275,0.7353375554084778,0.7371158599853516,0.7697842121124268
Overall,412,0.711214005947113,0.6744818687438965,0.6366449594497681,0.6288096904754639,0.6599326729774475
Gender: Male,412,0.7040704488754272,0.7508915066719055,0.5774006247520447,0.5375939607620239,0.6707316637039185
Gender: Female,412,0.6938775777816772,0.6472851037979126,0.6476190686225891,0.6465365886688232,0.6466165781021118
Age: <40,412,0.7390493750572205,0.6903694868087769,0.6584343314170837,0.65625,0.6818181872367859
Age: 40-50,412,0.8502415418624878,0.7573529481887817,0.6972625255584717,0.7072192430496216,0.7534246444702148
Age: 50-65,412,0.5459280014038086,0.5869565010070801,0.5653408765792847,0.5298516750335693,0.554347813129425
Race: White,412,0.560928463935852,0.5182709693908691,0.5113291144371033,0.48797667026519775,0.5887096524238586
Race: Black,412,0.31481480598449707,0.2927631735801697,0.3055555522441864,0.25824177265167236,0.25925925374031067
Race: Other,412,0.8825415372848511,0.8203656673431396,0.7841252088546753,0.7854623794555664,0.7945205569267273
Overall,413,0.6630774736404419,0.655242919921875,0.6224741339683533,0.6164921522140503,0.6518771052360535
Gender: Male,413,0.6204429864883423,0.7692307829856873,0.5738705992698669,0.5197505354881287,0.649350643157959
Gender: Female,413,0.7281249761581421,0.6530718207359314,0.6536458730697632,0.6532224416732788,0.6546762585639954
Age: <40,413,0.6090686321258545,0.6030982732772827,0.5788398385047913,0.556381106376648,0.5857142806053162
Age: 40-50,413,0.6929699182510376,0.7649999856948853,0.6520803570747375,0.668571412563324,0.7758620381355286
Age: 50-65,413,0.7129379510879517,0.6720430254936218,0.6581311821937561,0.6585507392883301,0.6736842393875122
Race: White,413,0.6218023300170898,0.5723363161087036,0.5645349025726318,0.5660824775695801,0.6428571939468384
Race: Black,413,0.3333333432674408,0.3787878751754761,0.3333333432674408,0.210256427526474,0.2142857313156128
Race: Other,413,0.7840434312820435,0.7856956720352173,0.7290100455284119,0.7278625965118408,0.7482014298439026
Overall,414,0.5986732244491577,0.5413061380386353,0.5337837934494019,0.5289044976234436,0.5932203531265259
Gender: Male,414,0.6036036014556885,0.5943708419799805,0.5332832932472229,0.49988776445388794,0.6727272272109985
Gender: Female,414,0.5492278337478638,0.4890891909599304,0.4888995885848999,0.4879446029663086,0.4923076927661896
Age: <40,414,0.6124498248100281,0.5547618865966797,0.5438754558563232,0.5343030691146851,0.5804196000099182
Age: 40-50,414,0.7647058963775635,0.581818163394928,0.5551470518112183,0.555915117263794,0.7076923251152039
Age: 50-65,414,0.46576881408691406,0.4836561679840088,0.4848484992980957,0.4825184941291809,0.5287356376647949
Race: White,414,0.4491822421550751,0.41301944851875305,0.4233839511871338,0.4167826473712921,0.5290322303771973
Race: Black,414,0.2448979616165161,0.3214285671710968,0.3214285671710968,0.2857142984867096,0.2857142984867096
Race: Other,414,0.7990023493766785,0.7428839206695557,0.6902875304222107,0.6948717832565308,0.7310924530029297
Overall,415,0.6454638242721558,0.6208446025848389,0.599408745765686,0.591804563999176,0.6216216087341309
Gender: Male,415,0.6392108201980591,0.6033976078033447,0.5386000871658325,0.49633699655532837,0.6363636255264282
Gender: Female,415,0.5953161716461182,0.6018908023834229,0.6022248268127441,0.6019167900085449,0.6030534505844116
Age: <40,415,0.7120968103408813,0.7029281854629517,0.6602150201797485,0.6438083052635193,0.6639344096183777
Age: 40-50,415,0.7501887083053589,0.6296296119689941,0.6267924308776855,0.6280755400657654,0.6794871687889099
Age: 50-65,415,0.4889274835586548,0.5201288461685181,0.5162830948829651,0.49427393078804016,0.5208333730697632
Race: White,415,0.5732226371765137,0.5293316841125488,0.5252234935760498,0.521276593208313,0.5744680762290955
Race: Black,415,0.6758241653442383,0.5357142686843872,0.5274725556373596,0.4935064911842346,0.5185185074806213
Race: Other,415,0.71630859375,0.7376002073287964,0.6953125,0.681124210357666,0.6953125
Overall,416,0.6409123539924622,0.5594520568847656,0.5468907356262207,0.5384373664855957,0.5918367505073547
Gender: Male,416,0.7454545497894287,0.6605893969535828,0.5573083758354187,0.526353120803833,0.675159215927124
Gender: Female,416,0.49250856041908264,0.492666095495224,0.49272260069847107,0.4924563765525818,0.49635034799575806
Age: <40,416,0.7309865355491638,0.6700336933135986,0.6097348928451538,0.5932706594467163,0.6496350169181824
Age: 40-50,416,0.6613756418228149,0.5389610528945923,0.5277777910232544,0.5225464105606079,0.6500000357627869
Age: 50-65,416,0.5017316341400146,0.4558558762073517,0.4575757384300232,0.4554760456085205,0.47422680258750916
Race: White,416,0.5471291542053223,0.44120877981185913,0.4488038420677185,0.44297435879707336,0.5467625856399536
Race: Black,416,0.5222222208976746,0.46666669845581055,0.46666669845581055,0.380952388048172,0.380952388048172
Race: Other,416,0.7436937093734741,0.6926470398902893,0.647522509098053,0.6395206451416016,0.6716417670249939
Overall,417,0.6308760643005371,0.6034879088401794,0.5794070363044739,0.5803112983703613,0.6666666865348816
Gender: Male,417,0.5931178331375122,0.4520833492279053,0.4913026988506317,0.43736928701400757,0.7168674468994141
Gender: Female,417,0.6299790143966675,0.5940402746200562,0.5955188274383545,0.5941558480262756,0.6000000238418579
Age: <40,417,0.6342703104019165,0.6372912526130676,0.5885167121887207,0.5820271968841553,0.6666666865348816
Age: 40-50,417,0.7363636493682861,0.6777777671813965,0.6212121248245239,0.633865237236023,0.7627118825912476
Age: 50-65,417,0.583423376083374,0.5531250238418579,0.5490090250968933,0.549696147441864,0.6160714626312256
Race: White,417,0.49656087160110474,0.45211756229400635,0.45992064476013184,0.4542717933654785,0.6170212626457214
Race: Black,417,0.3611111044883728,0.3970588445663452,0.4027777910232544,0.3589743673801422,0.35999998450279236
Race: Other,417,0.787598192691803,0.7951624989509583,0.7191357612609863,0.7344401478767395,0.784000039100647
Overall,418,0.6124122142791748,0.5821428298950195,0.5651756525039673,0.5579288601875305,0.6060605645179749
Gender: Male,418,0.6026144027709961,0.5950704216957092,0.5352941155433655,0.5044534206390381,0.6730769276618958
Gender: Female,418,0.5444667935371399,0.5326617956161499,0.5322937965393066,0.5307583808898926,0.5319148898124695
Age: <40,418,0.611872136592865,0.6237244606018066,0.5932468175888062,0.581444263458252,0.6230769157409668
Age: 40-50,418,0.6258741617202759,0.606214702129364,0.5821678638458252,0.5855855941772461,0.6891891956329346
Age: 50-65,418,0.6000000238418579,0.5031746029853821,0.5027906894683838,0.49266576766967773,0.5161290168762207
Race: White,418,0.5446759462356567,0.48388010263442993,0.4868055582046509,0.4795071482658386,0.5652173757553101
Race: Black,418,0.25,0.24523809552192688,0.25681817531585693,0.22499999403953552,0.22580644488334656
Race: Other,418,0.7772772908210754,0.7669856548309326,0.7094594240188599,0.7127116918563843,0.7421875
Overall,419,0.6303240060806274,0.6103448271751404,0.5968328714370728,0.5922325253486633,0.6140939593315125
Gender: Male,419,0.6188405752182007,0.6286764740943909,0.5507246255874634,0.5087718963623047,0.6315789222717285
Gender: Female,419,0.6043543815612793,0.5959758162498474,0.5953453779220581,0.5949593782424927,0.5958904027938843
Age: <40,419,0.6475344896316528,0.6284194588661194,0.6166666746139526,0.5963452458381653,0.6013985872268677
Age: 40-50,419,0.6622103452682495,0.6486344337463379,0.6261140704154968,0.6326383948326111,0.7123287916183472
Age: 50-65,419,0.5680147409439087,0.5260246992111206,0.5245097875595093,0.5231809020042419,0.5487804412841797
Race: White,419,0.5527186393737793,0.5359848737716675,0.533687949180603,0.5339835286140442,0.6043165326118469
Race: Black,419,0.2916666865348816,0.2874999940395355,0.2874999940395355,0.260869562625885,0.260869562625885
Race: Other,419,0.7608979940414429,0.7182644009590149,0.6989973783493042,0.6799299716949463,0.6838235259056091
Overall,420,0.6582757234573364,0.6321851015090942,0.6082779169082642,0.6074292659759521,0.6516128778457642
Gender: Male,420,0.6816326379776001,0.6840670108795166,0.5714285969734192,0.5406249761581421,0.6666666865348816
Gender: Female,420,0.6499999761581421,0.6289872527122498,0.6315040588378906,0.6290938854217529,0.6338028311729431
Age: <40,420,0.6847414970397949,0.6761538982391357,0.6443884372711182,0.6407865285873413,0.6690647602081299
Age: 40-50,420,0.6205357313156128,0.5823755264282227,0.576785683631897,0.5789473652839661,0.6842105388641357
Age: 50-65,420,0.6599280834197998,0.5928093194961548,0.5747978687286377,0.5648505687713623,0.6000000238418579
Race: White,420,0.616267204284668,0.5613479018211365,0.5543090105056763,0.5562601089477539,0.6783216595649719
Race: Black,420,0.1666666567325592,0.2750000059604645,0.25,0.25,0.25925925374031067
Race: Other,420,0.7773692607879639,0.7374999523162842,0.6940359473228455,0.6834625005722046,0.699999988079071
Overall,421,0.6292567253112793,0.5429428815841675,0.5361711382865906,0.5288407206535339,0.5681818127632141
Gender: Male,421,0.7069746255874634,0.7529362440109253,0.5910326242446899,0.5483793616294861,0.6545454263687134
Gender: Female,421,0.533786416053772,0.47005873918533325,0.469412237405777,0.46641790866851807,0.46853145956993103
Age: <40,421,0.6423245668411255,0.5793269276618958,0.5578947067260742,0.540096640586853,0.5882353186607361
Age: 40-50,421,0.7386666536331177,0.6164875030517578,0.5866666436195374,0.5833333134651184,0.6500000357627869
Age: 50-65,421,0.5206730365753174,0.4564586281776428,0.45673078298568726,0.4565401077270508,0.46739131212234497
Race: White,421,0.6106284260749817,0.5049019455909729,0.5048494338989258,0.504849910736084,0.5666666626930237
Race: Black,421,0.20202019810676575,0.19191919267177582,0.19191919267177582,0.15789473056793213,0.15789473056793213
Race: Other,421,0.7971380352973938,0.7333333492279053,0.6767677068710327,0.6703296899795532,0.7000000476837158
Overall,422,0.6613024473190308,0.618360698223114,0.5980058908462524,0.5993523597717285,0.656462550163269
Gender: Male,422,0.6748368740081787,0.6821428537368774,0.5899312496185303,0.5829404592514038,0.706250011920929
Gender: Female,422,0.6231480836868286,0.5833333730697632,0.5842592716217041,0.5836594104766846,0.5970149040222168
Age: <40,422,0.6940789222717285,0.6790850162506104,0.6502193212509155,0.6538348197937012,0.6935483813285828
Age: 40-50,422,0.7811321020126343,0.6840193867683411,0.643396258354187,0.6549369692802429,0.7534246444702148
Age: 50-65,422,0.5402299165725708,0.4935300052165985,0.494473934173584,0.4870137572288513,0.5360824465751648
Race: White,422,0.5835206508636475,0.49839746952056885,0.49875155091285706,0.49084627628326416,0.5895522236824036
Race: Black,422,0.20769229531288147,0.25757575035095215,0.2538461685180664,0.2552380859851837,0.260869562625885
Race: Other,422,0.7988687753677368,0.8015406131744385,0.743552029132843,0.7557932138442993,0.7883211374282837
Overall,423,0.6523268222808838,0.6084937453269958,0.5795454382896423,0.5644674897193909,0.6100000143051147
Gender: Male,423,0.6586956977844238,0.7024291753768921,0.5854037404060364,0.5430074334144592,0.6358024477958679
Gender: Female,423,0.6530135869979858,0.5715563297271729,0.5679117441177368,0.5666016936302185,0.5797101259231567
Age: <40,423,0.6168831586837769,0.5758486986160278,0.5515872836112976,0.5161545276641846,0.5581395626068115
Age: 40-50,423,0.6954545378684998,0.6850267648696899,0.6572727560997009,0.6659340858459473,0.7361111044883728
Age: 50-65,423,0.664484441280365,0.5953635573387146,0.5740588903427124,0.5551780462265015,0.5858585834503174
Race: White,423,0.6335713863372803,0.5446521043777466,0.5307142734527588,0.5171006917953491,0.60447758436203
Race: Black,423,0.21794871985912323,0.38333335518836975,0.3205128312110901,0.2874493896961212,0.3125
Race: Other,423,0.735805869102478,0.6976102590560913,0.6476648449897766,0.6446969509124756,0.6865671277046204
Overall,424,0.704402506351471,0.6675251722335815,0.6259912252426147,0.6112565398216248,0.6430976390838623
Gender: Male,424,0.6105177998542786,0.6277027130126953,0.545873761177063,0.5064541697502136,0.650306761264801
Gender: Female,424,0.7184065580368042,0.6462147235870361,0.6481227278709412,0.6341450214385986,0.6343283653259277
Age: <40,424,0.7010395526885986,0.6588066816329956,0.6267151832580566,0.5962779521942139,0.6115108132362366
Age: 40-50,424,0.8485714197158813,0.7803030014038086,0.6585714221000671,0.6637930870056152,0.7435897588729858
Age: 50-65,424,0.5795454382896423,0.5952380895614624,0.5808080434799194,0.5733333230018616,0.6000000238418579
Race: White,424,0.5706666707992554,0.5520833134651184,0.5355555415153503,0.5219933986663818,0.6083333492279053
Race: Black,424,0.4696969985961914,0.24666666984558105,0.35606062412261963,0.1690322458744049,0.1785714328289032
Race: Other,424,0.845070481300354,0.7891113758087158,0.7502708435058594,0.7474576234817505,0.7583892941474915
Overall,425,0.7079248428344727,0.6200345754623413,0.6039624214172363,0.5933811664581299,0.6094275712966919
Gender: Male,425,0.6875,0.6542288661003113,0.5492063760757446,0.5015756487846375,0.6438356041908264
Gender: Female,425,0.655663788318634,0.5695475339889526,0.5709776878356934,0.5693404674530029,0.5761589407920837
Age: <40,425,0.7226399183273315,0.6260901093482971,0.6087092757225037,0.5812588930130005,0.5899280905723572
Age: 40-50,425,0.8633333444595337,0.7599999904632568,0.7166666984558105,0.7200000286102295,0.7428571581840515
Age: 50-65,425,0.5647368431091309,0.5152801275253296,0.5142105221748352,0.5113097429275513,0.5340909361839294
Race: White,425,0.6083333492279053,0.49020618200302124,0.49181032180786133,0.48726707696914673,0.5905511975288391
Race: Black,425,0.34545451402664185,0.2756410241127014,0.2613636255264282,0.2549634277820587,0.25806450843811035
Race: Other,425,0.8471861481666565,0.7505570650100708,0.7433983087539673,0.7047914862632751,0.7050359845161438
Overall,426,0.6584762334823608,0.6216675043106079,0.5921428799629211,0.5858100652694702,0.6372881531715393
Gender: Male,426,0.6516934633255005,0.6756142377853394,0.5553960800170898,0.5065985321998596,0.6432748436927795
Gender: Female,426,0.6789795160293579,0.6239853501319885,0.6258304715156555,0.6242424249649048,0.6290322542190552
Age: <40,426,0.6656378507614136,0.6534091234207153,0.5902777910232544,0.5666866302490234,0.6349206566810608
Age: 40-50,426,0.7760000228881836,0.7141203880310059,0.6644444465637207,0.6723331212997437,0.7285714149475098
Age: 50-65,426,0.5979815125465393,0.5530303120613098,0.5485702157020569,0.5468614101409912,0.5757575631141663
Race: White,426,0.6396039724349976,0.5705062747001648,0.5586987137794495,0.5612903237342834,0.6911764740943909
Race: Black,426,0.3181818127632141,0.35555556416511536,0.3030303120613098,0.2708333432674408,0.2857142984867096
Race: Other,426,0.7401961088180542,0.6916313171386719,0.6475256681442261,0.6316776275634766,0.6564885377883911
Overall,427,0.6744069457054138,0.609415590763092,0.5845574736595154,0.5690358877182007,0.6026936173439026
Gender: Male,427,0.6640625,0.6166666746139526,0.5364583730697632,0.4885343909263611,0.6447368264198303
Gender: Female,427,0.6244212985038757,0.5653846263885498,0.5655864477157593,0.5585997104644775,0.5586206912994385
Age: <40,427,0.7252404689788818,0.6711876392364502,0.6321448683738708,0.6028921008110046,0.6218487620353699
Age: 40-50,427,0.686170220375061,0.6198830604553223,0.5934650897979736,0.592391312122345,0.6533333659172058
Age: 50-65,427,0.60752272605896,0.5299999713897705,0.5239361524581909,0.5072773694992065,0.5436893105506897
Race: White,427,0.6198221445083618,0.49491971731185913,0.4966384768486023,0.4749999940395355,0.5714285969734192
Race: Black,427,0.21794870495796204,0.31521737575531006,0.28205129504203796,0.25164473056793213,0.2571428716182709
Race: Other,427,0.8146551847457886,0.7662907242774963,0.7289870977401733,0.7252252101898193,0.737704873085022
Overall,428,0.6662545800209045,0.6085299849510193,0.581501841545105,0.5750415325164795,0.6324503421783447
Gender: Male,428,0.6876627206802368,0.7469533681869507,0.5597779154777527,0.5308457612991333,0.7195121645927429
Gender: Female,428,0.5639572143554688,0.5292869806289673,0.5289855003356934,0.527770459651947,0.5289855003356934
Age: <40,428,0.6569610834121704,0.6513721942901611,0.5863714218139648,0.5453722476959229,0.6015625
Age: 40-50,428,0.7922998666763306,0.7103174924850464,0.6610942482948303,0.6729844808578491,0.75
Age: 50-65,428,0.6164860725402832,0.5523138642311096,0.5503095984458923,0.5508031845092773,0.5943396091461182
Race: White,428,0.5510923266410828,0.46590909361839294,0.47181111574172974,0.46551835536956787,0.5845070481300354
Race: Black,428,0.5647058486938477,0.5416666269302368,0.5470588207244873,0.4078674912452698,0.40909093618392944
Race: Other,428,0.7993589639663696,0.7519480586051941,0.6865384578704834,0.683765172958374,0.717391312122345
Overall,429,0.6420905590057373,0.5960700511932373,0.5805826187133789,0.5666300058364868,0.5872483253479004
Gender: Male,429,0.6577588319778442,0.6406124234199524,0.5529912114143372,0.4893149733543396,0.5889570713043213
Gender: Female,429,0.6098901033401489,0.5843254327774048,0.5840659141540527,0.5840668678283691,0.585185170173645
Age: <40,429,0.6454849243164062,0.5931676626205444,0.5802675485610962,0.5617145895957947,0.5746268630027771
Age: 40-50,429,0.7230675220489502,0.6966911554336548,0.630249559879303,0.630736768245697,0.7023809552192688
Age: 50-65,429,0.5239899158477783,0.4986833333969116,0.4987373650074005,0.48549020290374756,0.48750001192092896
Race: White,429,0.49837034940719604,0.4829046130180359,0.48444443941116333,0.48132139444351196,0.5333333611488342
Race: Black,429,0.38461536169052124,0.43686869740486145,0.33974361419677734,0.2908622920513153,0.3448275923728943
Race: Other,429,0.7959624528884888,0.7172538042068481,0.6733958125114441,0.6590389013290405,0.6778523325920105
Overall,430,0.7135298252105713,0.6573121547698975,0.6329365372657776,0.6311721801757812,0.6598639488220215
Gender: Male,430,0.6576614379882812,0.6493308544158936,0.5518150925636292,0.5290229916572571,0.7046979665756226
Gender: Female,430,0.665961503982544,0.6127712726593018,0.6139423251152039,0.6122994422912598,0.6137930750846863
Age: <40,430,0.6978144645690918,0.6720021963119507,0.6413916349411011,0.6379834413528442,0.6666666269302368
Age: 40-50,430,0.8447204828262329,0.8020086288452148,0.7614907026290894,0.7710525989532471,0.7931034564971924
Age: 50-65,430,0.6610845327377319,0.5580645203590393,0.5502392053604126,0.5440419912338257,0.5742574334144592
Race: White,430,0.6221425533294678,0.5211693644523621,0.5164724588394165,0.5112782120704651,0.615384578704834
Race: Black,430,0.29629629850387573,0.3125,0.2777777910232544,0.24475525319576263,0.25
Race: Other,430,0.8119304180145264,0.7624777555465698,0.7439934015274048,0.7370743751525879,0.7410072088241577
Overall,431,0.6335023045539856,0.5930303335189819,0.570737361907959,0.5499534606933594,0.5830508470535278
Gender: Male,431,0.6263736486434937,0.6002093553543091,0.5304985046386719,0.45890551805496216,0.5875000357627869
Gender: Female,431,0.6269806623458862,0.5804241895675659,0.5801056623458862,0.5776851177215576,0.5777777433395386
Age: <40,431,0.6680995225906372,0.6107826232910156,0.5890271663665771,0.5706599950790405,0.5939849615097046
Age: 40-50,431,0.6755814552307129,0.6632653474807739,0.630232572555542,0.6374680399894714,0.7142857313156128
Age: 50-65,431,0.5561983585357666,0.5183333158493042,0.5136363506317139,0.46292948722839355,0.4848484992980957
Race: White,431,0.49109476804733276,0.4089285731315613,0.43988996744155884,0.411854088306427,0.5348837375640869
Race: Black,431,0.4629629850387573,0.3928571343421936,0.4027777910232544,0.3752860426902771,0.380952388048172
Race: Other,431,0.762872576713562,0.713996410369873,0.6840882897377014,0.6491482853889465,0.6551724076271057
Overall,432,0.6797299385070801,0.6082525253295898,0.5834994316101074,0.5765742063522339,0.6258277893066406
Gender: Male,432,0.6932867765426636,0.6406926512718201,0.5636363625526428,0.5375264286994934,0.6571428775787354
Gender: Female,432,0.6645065546035767,0.5791476964950562,0.5777667164802551,0.5775434970855713,0.5826771855354309
Age: <40,432,0.7582446336746216,0.7032930254936218,0.6609042882919312,0.6669580936431885,0.7165354490280151
Age: 40-50,432,0.7209302186965942,0.6213903427124023,0.5910184383392334,0.5847382545471191,0.6388888955116272
Age: 50-65,432,0.5564393997192383,0.4853801131248474,0.4886363744735718,0.46534350514411926,0.5048543810844421
Race: White,432,0.6540664434432983,0.5620185136795044,0.5461053848266602,0.5398556590080261,0.6225165724754333
Race: Black,432,0.2638888955116272,0.20629370212554932,0.2083333432674408,0.20695652067661285,0.2083333432674408
Race: Other,432,0.7856072187423706,0.7526881694793701,0.68790602684021,0.6800135970115662,0.7086614370346069
Overall,433,0.6219024062156677,0.5847495794296265,0.5722455382347107,0.5685222744941711,0.6054421663284302
Gender: Male,433,0.6584600210189819,0.6622899174690247,0.5765862464904785,0.5374282002449036,0.6242038011550903
Gender: Female,433,0.6450245380401611,0.5787393450737,0.5822177529335022,0.5766332149505615,0.5839415788650513
Age: <40,433,0.6809133291244507,0.6187101602554321,0.5980678796768188,0.5847222208976746,0.6068376302719116
Age: 40-50,433,0.8068783283233643,0.7354323267936707,0.7208994626998901,0.7272727489471436,0.7866666913032532
Age: 50-65,433,0.4479532241821289,0.4426877498626709,0.4491227865219116,0.4395604729652405,0.4705882668495178
Race: White,433,0.5382059812545776,0.4744790196418762,0.4744790196418762,0.4744790196418762,0.5166667103767395
Race: Black,433,0.47478991746902466,0.46739131212234497,0.47478991746902466,0.430270254611969,0.4516128897666931
Race: Other,433,0.7363600134849548,0.7425925731658936,0.6825965642929077,0.6801941394805908,0.7132866978645325
Overall,434,0.6525043249130249,0.6199987530708313,0.5881558656692505,0.5716972947120667,0.6127945780754089
Gender: Male,434,0.6673524379730225,0.6760168075561523,0.580686628818512,0.5410937666893005,0.6292135119438171
Gender: Female,434,0.6400679349899292,0.5874413251876831,0.5843237042427063,0.582456111907959,0.5882353186607361
Age: <40,434,0.7022374868392944,0.6706228256225586,0.634853720664978,0.625363826751709,0.6535947918891907
Age: 40-50,434,0.769010066986084,0.6363636255264282,0.6205164790153503,0.625806450843811,0.7068965435028076
Age: 50-65,434,0.4931805729866028,0.5098214149475098,0.5060011148452759,0.43643510341644287,0.4767441749572754
Race: White,434,0.5677403211593628,0.5023148059844971,0.5014752745628357,0.4793086349964142,0.5833333730697632
Race: Black,434,0.44285714626312256,0.4444444477558136,0.4571428596973419,0.4000000059604645,0.4166666865348816
Race: Other,434,0.7651911973953247,0.7124390602111816,0.6752514839172363,0.659348726272583,0.673758864402771
Overall,435,0.6266685724258423,0.5831347703933716,0.5670076012611389,0.5622461438179016,0.6135593056678772
Gender: Male,435,0.6368116140365601,0.6770833730697632,0.5615941882133484,0.5333333611488342,0.6857143044471741
Gender: Female,435,0.517126202583313,0.5091768503189087,0.5091896653175354,0.5082992315292358,0.5083333849906921
Age: <40,435,0.642270565032959,0.6121580600738525,0.5891304016113281,0.5751372575759888,0.604651153087616
Age: 40-50,435,0.773809552192688,0.6948052048683167,0.6785714626312256,0.6852713227272034,0.7586206793785095
Age: 50-65,435,0.5394976139068604,0.4848214387893677,0.48762285709381104,0.47826087474823,0.5462962985038757
Race: White,435,0.5351213216781616,0.443873792886734,0.45114943385124207,0.4458988606929779,0.5691056847572327
Race: Black,435,0.1090909093618393,0.2083333432674408,0.2454545497894287,0.18431372940540314,0.1875
Race: Other,435,0.7524917125701904,0.7098214626312256,0.6717607975006104,0.6682615280151367,0.692307710647583
Overall,436,0.6601793766021729,0.6178570985794067,0.5894264578819275,0.5828810334205627,0.634482741355896
Gender: Male,436,0.6611111164093018,0.8116883039474487,0.6037036776542664,0.5840726494789124,0.7142857313156128
Gender: Female,436,0.5918642282485962,0.5227272510528564,0.5226293206214905,0.522537112236023,0.5245901346206665
Age: <40,436,0.6286023855209351,0.6029411554336548,0.5773564577102661,0.5424008965492249,0.5661764740943909
Age: 40-50,436,0.8779761791229248,0.7495543956756592,0.7083333730697632,0.7244444489479065,0.8225806355476379
Age: 50-65,436,0.595274806022644,0.555820882320404,0.5480226278305054,0.546798050403595,0.6086956858634949
Race: White,436,0.6521531343460083,0.5532110333442688,0.5416268110275269,0.5396131277084351,0.6402877569198608
Race: Black,436,0.4292929172515869,0.3586956560611725,0.36868688464164734,0.28958332538604736,0.29032257199287415
Race: Other,436,0.7106900215148926,0.7372158765792847,0.6889140605926514,0.6886446475982666,0.7166666984558105
Overall,437,0.6390427350997925,0.600966215133667,0.5854145884513855,0.5727533102035522,0.5925925970077515
Gender: Male,437,0.6692657470703125,0.6554487347602844,0.5472709536552429,0.4590262174606323,0.5605095624923706
Gender: Female,437,0.667143702507019,0.6320346593856812,0.6309548616409302,0.6282680034637451,0.6285714507102966
Age: <40,437,0.6401990652084351,0.5983333587646484,0.5821890830993652,0.5566815137863159,0.5704225301742554
Age: 40-50,437,0.7249588966369629,0.730983316898346,0.7044335007667542,0.7093299031257629,0.7323943376541138
Age: 50-65,437,0.554985761642456,0.49801063537597656,0.4982905983924866,0.4855862855911255,0.511904776096344
Race: White,437,0.6128894090652466,0.5264706015586853,0.5268886089324951,0.5266221761703491,0.5865384936332703
Race: Black,437,0.27053141593933105,0.3541666567325592,0.36473432183265686,0.2805474102497101,0.28125
Race: Other,437,0.7444858551025391,0.7087020874023438,0.6758310198783875,0.6492375135421753,0.6583850979804993
Overall,438,0.6327610611915588,0.5898370742797852,0.5745418667793274,0.5586380958557129,0.5800000429153442
Gender: Male,438,0.6442179083824158,0.6845111846923828,0.5728609561920166,0.5229852199554443,0.6217948794364929
Gender: Female,438,0.5761460661888123,0.5353077054023743,0.5355477929115295,0.5341606140136719,0.5347222089767456
Age: <40,438,0.6791027784347534,0.6716666221618652,0.6372418403625488,0.5857102870941162,0.5955882668495178
Age: 40-50,438,0.7249164581298828,0.6551003456115723,0.6551003456115723,0.6551003456115723,0.7066667079925537
Age: 50-65,438,0.5303030014038086,0.4402298927307129,0.44747477769851685,0.43105024099349976,0.449438214302063
Race: White,438,0.4786394536495209,0.46356338262557983,0.46911564469337463,0.45993030071258545,0.5161290168762207
Race: Black,438,0.14705881476402283,0.2291666716337204,0.2132352888584137,0.19871795177459717,0.19999998807907104
Race: Other,438,0.8251760601997375,0.7515929937362671,0.7085387706756592,0.6853026151657104,0.695364236831665
Overall,439,0.6474701166152954,0.6093218326568604,0.5954111218452454,0.5854341983795166,0.6013513803482056
Gender: Male,439,0.6175426244735718,0.5992701053619385,0.5362216234207153,0.47836849093437195,0.5986841917037964
Gender: Female,439,0.622200608253479,0.6000000238418579,0.5997079014778137,0.5998244881629944,0.6041666865348816
Age: <40,439,0.64652419090271,0.6219298243522644,0.6024318337440491,0.57448410987854,0.5859375
Age: 40-50,439,0.859195351600647,0.7738821506500244,0.7581417560577393,0.761087954044342,0.7692307829856873
Age: 50-65,439,0.5379310250282288,0.4906926453113556,0.4917624592781067,0.4841746687889099,0.5145630836486816
Race: White,439,0.6193022727966309,0.5685494542121887,0.5620930194854736,0.5623824000358582,0.6102941036224365
Race: Black,439,0.2321428507566452,0.1770833432674408,0.2232142835855484,0.17499999701976776,0.1818181872367859
Race: Other,439,0.7773009538650513,0.699999988079071,0.6853679418563843,0.6572425365447998,0.6594203114509583
Overall,440,0.6296296119689941,0.6236106157302856,0.5963783860206604,0.594862163066864,0.6524590253829956
Gender: Male,440,0.6274509429931641,0.7117346525192261,0.5642414689064026,0.5280251502990723,0.6792452335357666
Gender: Female,440,0.6466004252433777,0.6113671064376831,0.612994372844696,0.6119085550308228,0.6232876777648926
Age: <40,440,0.7180205583572388,0.6885714530944824,0.6540616154670715,0.6587462425231934,0.7037037014961243
Age: 40-50,440,0.615160346031189,0.743990421295166,0.6479592323303223,0.6509820818901062,0.7272727489471436
Age: 50-65,440,0.48986488580703735,0.4641216993331909,0.46983593702316284,0.45993030071258545,0.5161290168762207
Race: White,440,0.6448979377746582,0.5481099486351013,0.5489795804023743,0.5485012531280518,0.6466165781021118
Race: Black,440,0.385869562625885,0.39523810148239136,0.3804347813129425,0.31974923610687256,0.32258063554763794
Race: Other,440,0.6946406364440918,0.778128981590271,0.6828001737594604,0.6821309924125671,0.7304964065551758
Overall,441,0.6783636808395386,0.6221792697906494,0.5861363410949707,0.5743875503540039,0.6312292218208313
Gender: Male,441,0.7053571343421936,0.6736308336257935,0.5682398080825806,0.5308642387390137,0.6481481790542603
Gender: Female,441,0.6637242436408997,0.6023809909820557,0.5948927998542786,0.5938311815261841,0.6115108132362366
Age: <40,441,0.7468230724334717,0.7278911471366882,0.6637341380119324,0.6436903476715088,0.671875
Age: 40-50,441,0.6470588445663452,0.5634920597076416,0.5486815571784973,0.5511541962623596,0.7200000286102295
Age: 50-65,441,0.6049331426620483,0.4926801919937134,0.4945652186870575,0.46666669845581055,0.5102040767669678
Race: White,441,0.5833333730697632,0.45450884103775024,0.47048065066337585,0.44852662086486816,0.580152690410614
Race: Black,441,0.44999998807907104,0.41111111640930176,0.4000000059604645,0.35384616255760193,0.3571428656578064
Race: Other,441,0.7380281686782837,0.7384032011032104,0.6771333813667297,0.66864013671875,0.6987179517745972
Overall,442,0.623367190361023,0.5522727370262146,0.5418733954429626,0.5316591262817383,0.5766666531562805
Gender: Male,442,0.6896612644195557,0.667792797088623,0.5398395657539368,0.4897499978542328,0.668789803981781
Gender: Female,442,0.48513302206993103,0.475547730922699,0.475547730922699,0.4755244851112366,0.4755244851112366
Age: <40,442,0.6674107313156128,0.6003205180168152,0.5698660612106323,0.5412081480026245,0.5820895433425903
Age: 40-50,442,0.6797853708267212,0.6219388246536255,0.6068873405456543,0.6086956262588501,0.6521739363670349
Age: 50-65,442,0.5378378629684448,0.46517413854599,0.46846848726272583,0.46421435475349426,0.5154638886451721
Race: White,442,0.5884653329849243,0.5144869685173035,0.513318657875061,0.5127032399177551,0.5912408828735352
Race: Black,442,0.07843136787414551,0.1180555522441864,0.14052288234233856,0.11407407373189926,0.11538462340831757
Race: Other,442,0.7569355964660645,0.6881781816482544,0.6406316757202148,0.6220689415931702,0.6496350169181824
Overall,443,0.6154865026473999,0.5330012440681458,0.5254074931144714,0.49728259444236755,0.5270270109176636
Gender: Male,443,0.7109818458557129,0.6620879173278809,0.5490236878395081,0.45908108353614807,0.5588235259056091
Gender: Female,443,0.5221774578094482,0.4841269850730896,0.48412299156188965,0.484094500541687,0.484127014875412
Age: <40,443,0.615310549736023,0.5994949340820312,0.5711362361907959,0.5438711047172546,0.5813953280448914
Age: 40-50,443,0.7178968191146851,0.5822328925132751,0.569261908531189,0.5695652365684509,0.6363636255264282
Age: 50-65,443,0.5376343727111816,0.4190140962600708,0.4286600649356842,0.3812252879142761,0.3861386179924011
Race: White,443,0.5343232154846191,0.39389440417289734,0.4217380881309509,0.39647698402404785,0.48091602325439453
Race: Black,443,0.04800000041723251,0.1875,0.05999999865889549,0.09090909361839294,0.10000000894069672
Race: Other,443,0.7815384864807129,0.7123397588729858,0.6747252941131592,0.6538264155387878,0.6666666269302368
Overall,444,0.6917344331741333,0.606735110282898,0.5814459919929504,0.5719737410545349,0.6185567378997803
Gender: Male,444,0.7106060981750488,0.6317967176437378,0.556313157081604,0.5243589878082275,0.6477987170219421
Gender: Female,444,0.6519438624382019,0.5819088220596313,0.579365074634552,0.5778824090957642,0.5833333730697632
Age: <40,444,0.7627450823783875,0.7294871807098389,0.6754902005195618,0.6752549409866333,0.71074378490448
Age: 40-50,444,0.7504638433456421,0.6416666507720947,0.6103895902633667,0.616216242313385,0.7042253613471985
Age: 50-65,444,0.5759183168411255,0.43287038803100586,0.4467346668243408,0.4155844449996948,0.4444444477558136
Race: White,444,0.6191185712814331,0.45787233114242554,0.47051817178726196,0.44800540804862976,0.5378151535987854
Race: Black,444,0.5961538553237915,0.4571428596973419,0.442307710647583,0.3928571343421936,0.4117647111415863
Race: Other,444,0.7536057829856873,0.710326075553894,0.6661229133605957,0.6671956777572632,0.7032257914543152
Overall,445,0.6210598945617676,0.5681749582290649,0.5556540489196777,0.5531150102615356,0.6182432770729065
Gender: Male,445,0.6364296674728394,0.5674088001251221,0.5197750329971313,0.47462198138237,0.6645569801330566
Gender: Female,445,0.6075783967971802,0.5586993098258972,0.5605400800704956,0.557692289352417,0.5652173757553101
Age: <40,445,0.6975923776626587,0.6456546783447266,0.605749249458313,0.5842785239219666,0.6187050342559814
Age: 40-50,445,0.7330753803253174,0.6507936716079712,0.6286267042160034,0.637499988079071,0.7931034564971924
Age: 50-65,445,0.4734345078468323,0.4469696879386902,0.44520872831344604,0.4458955228328705,0.5151515007019043
Race: White,445,0.5535346269607544,0.46484071016311646,0.4689430594444275,0.4659576416015625,0.6240000128746033
Race: Black,445,0.44999998807907104,0.5,0.5,0.4949495196342468,0.5
Race: Other,445,0.6748400926589966,0.6307095289230347,0.6047441363334656,0.596410870552063,0.6291390657424927
Overall,446,0.6669408082962036,0.6106306314468384,0.5841556787490845,0.5738823413848877,0.6187291145324707
Gender: Male,446,0.6842200756072998,0.6678657531738281,0.5637755393981934,0.5332501530647278,0.6688311696052551
Gender: Female,446,0.6101598739624023,0.5672053694725037,0.5648782253265381,0.5614287853240967,0.565517246723175
Age: <40,446,0.7165217399597168,0.6437953114509583,0.5920289754867554,0.5751764178276062,0.6386554837226868
Age: 40-50,446,0.771960973739624,0.8169642686843872,0.7519964575767517,0.7714285850524902,0.819444477558136
Age: 50-65,446,0.5385935306549072,0.46144813299179077,0.4662092328071594,0.44761908054351807,0.46296295523643494
Race: White,446,0.6142473220825195,0.5151260495185852,0.5103686451911926,0.49330848455429077,0.5838926434516907
Race: Black,446,0.7636363506317139,0.6666666269302368,0.6212121248245239,0.560675859451294,0.5769230723381042
Race: Other,446,0.7041110396385193,0.6808445453643799,0.6547525525093079,0.6502236127853394,0.6693547964096069
Overall,447,0.6379595994949341,0.6044249534606934,0.5816636085510254,0.5724533796310425,0.6140939593315125
Gender: Male,447,0.6516374349594116,0.6762218475341797,0.5571210980415344,0.5099815130233765,0.6445782780647278
Gender: Female,447,0.6015642881393433,0.5748792290687561,0.5748792290687561,0.5748792290687561,0.575757622718811
Age: <40,447,0.6320450901985168,0.6079781651496887,0.5836352705955505,0.5616424083709717,0.588652491569519
Age: 40-50,447,0.7288461327552795,0.6647058725357056,0.6480768918991089,0.6544581651687622,0.7361111044883728
Age: 50-65,447,0.593645453453064,0.5431276559829712,0.5342809557914734,0.5176224708557129,0.5529412031173706
Race: White,447,0.668387770652771,0.545540452003479,0.5345668792724609,0.5295860171318054,0.6240000128746033
Race: Black,447,0.3377193212509155,0.36965811252593994,0.36622804403305054,0.3541666865348816,0.35483869910240173
Race: Other,447,0.6579104661941528,0.6926641464233398,0.648955225944519,0.6358974575996399,0.6619718074798584
Overall,448,0.6358803510665894,0.6290204524993896,0.6023633480072021,0.5978436470031738,0.6404109597206116
Gender: Male,448,0.5944607257843018,0.6729323267936707,0.5801540613174438,0.5564963817596436,0.6644737124443054
Gender: Female,448,0.6530612707138062,0.6087508201599121,0.6060606241226196,0.6062500476837158,0.6142857074737549
Age: <40,448,0.643508791923523,0.692194402217865,0.6526315808296204,0.6496461033821106,0.6818181872367859
Age: 40-50,448,0.6831785440444946,0.5695006847381592,0.553147554397583,0.5543981790542603,0.6857143044471741
Age: 50-65,448,0.6059259176254272,0.5518433451652527,0.5444444417953491,0.5275893211364746,0.5444444417953491
Race: White,448,0.5688254833221436,0.5366541147232056,0.5308972001075745,0.5287289023399353,0.6066666841506958
Race: Black,448,0.39393943548202515,0.39141416549682617,0.39141416549682617,0.32258063554763794,0.32258063554763794
Race: Other,448,0.7953041791915894,0.8141295313835144,0.7470238208770752,0.7514554262161255,0.7747747898101807
Overall,449,0.5881834030151367,0.5582838654518127,0.5476190447807312,0.536151647567749,0.5709571242332458
Gender: Male,449,0.6469298601150513,0.6856862902641296,0.5692251324653625,0.5174959897994995,0.6227545142173767
Gender: Female,449,0.5303326845169067,0.5073529481887817,0.5073928833007812,0.5066861510276794,0.5073529481887817
Age: <40,449,0.5698925256729126,0.5719802379608154,0.5626344084739685,0.5495645999908447,0.5655737519264221
Age: 40-50,449,0.7280064225196838,0.6397058963775635,0.5920096635818481,0.599141001701355,0.737500011920929
Age: 50-65,449,0.48660361766815186,0.4517120122909546,0.4566587805747986,0.4362041652202606,0.4455445408821106
Race: White,449,0.47374457120895386,0.45623791217803955,0.45849576592445374,0.4567248225212097,0.5144927501678467
Race: Black,449,0.41111111640930176,0.4220779538154602,0.4333333373069763,0.34169653058052063,0.3448275923728943
Race: Other,449,0.7471861839294434,0.7254902124404907,0.6692640781402588,0.6520930528640747,0.6764705777168274
Overall,450,0.6842767000198364,0.646127462387085,0.6144871115684509,0.5985729694366455,0.625
Gender: Male,450,0.6968084573745728,0.7568181753158569,0.6237484216690063,0.6000000238418579,0.6790123581886292
Gender: Female,450,0.6339660286903381,0.572595477104187,0.5710289478302002,0.5625993609428406,0.563380241394043
Age: <40,450,0.7167792320251465,0.6888889074325562,0.6403903961181641,0.6179549098014832,0.6438356041908264
Age: 40-50,450,0.7468671798706055,0.7083333730697632,0.6723057627677917,0.6802167892456055,0.7288135886192322
Age: 50-65,450,0.6100654602050781,0.5536231994628906,0.545417308807373,0.5212363004684448,0.5353535413742065
Race: White,450,0.5876831412315369,0.5291005373001099,0.5201465487480164,0.5041666626930237,0.5882353186607361
Race: Black,450,0.1894736886024475,0.25,0.1315789520740509,0.17241379618644714,0.2083333432674408
Race: Other,450,0.7816601991653442,0.7802210450172424,0.7349420785903931,0.719298243522644,0.7291666865348816
Overall,451,0.6633579730987549,0.5925595760345459,0.5728064775466919,0.5677477121353149,0.6220735907554626
Gender: Male,451,0.7026288509368896,0.700114369392395,0.5910983681678772,0.5711601376533508,0.6795580387115479
Gender: Female,451,0.5944117307662964,0.5264151096343994,0.5267646908760071,0.5262427926063538,0.5338982939720154
Age: <40,451,0.6313813924789429,0.5621882081031799,0.5467967987060547,0.5332645177841187,0.5859375
Age: 40-50,451,0.7986111044883728,0.6407692432403564,0.6270833611488342,0.6326530575752258,0.7460317611694336
Age: 50-65,451,0.6167416572570801,0.5890238285064697,0.5735039710998535,0.5632352828979492,0.5925925970077515
Race: White,451,0.5830065011978149,0.4753742814064026,0.47957515716552734,0.4742395877838135,0.5950412750244141
Race: Black,451,0.3235294222831726,0.3166666626930237,0.30588236451148987,0.30965909361839294,0.3333333432674408
Race: Other,451,0.742576003074646,0.7286851406097412,0.6593023538589478,0.6525610089302063,0.695364236831665
Overall,452,0.671472430229187,0.5901774168014526,0.5732758641242981,0.569024384021759,0.617241382598877
Gender: Male,452,0.712382435798645,0.6625000238418579,0.5432993769645691,0.48240548372268677,0.6301369667053223
Gender: Female,452,0.6844426393508911,0.5978871583938599,0.6012430191040039,0.5971534252166748,0.6041666865348816
Age: <40,452,0.697298526763916,0.6641656756401062,0.6262987852096558,0.6135783195495605,0.6439394354820251
Age: 40-50,452,0.6760416030883789,0.5396825075149536,0.53125,0.529411792755127,0.6470588445663452
Age: 50-65,452,0.6368831396102905,0.5183719396591187,0.516883134841919,0.5150861740112305,0.5555555820465088
Race: White,452,0.6301330924034119,0.4722222089767456,0.4705466032028198,0.4711175262928009,0.6071428656578064
Race: Black,452,0.32894736528396606,0.3921568691730499,0.3552631735801697,0.2552380859851837,0.260869562625885
Race: Other,452,0.786210298538208,0.7437888383865356,0.6946924924850464,0.6772238612174988,0.6929134130477905
Overall,453,0.6689729690551758,0.6364319324493408,0.6125367879867554,0.6144363284111023,0.6666666865348816
Gender: Male,453,0.614973247051239,0.6748826503753662,0.5663992762565613,0.540398120880127,0.6815286874771118
Gender: Female,453,0.7300390005111694,0.6411972045898438,0.6464216113090515,0.6413094997406006,0.6488549709320068
Age: <40,453,0.7155172228813171,0.711963415145874,0.675417959690094,0.6849179267883301,0.7404580116271973
Age: 40-50,453,0.6699346303939819,0.6001131534576416,0.5964052677154541,0.59805828332901,0.695652186870575
Age: 50-65,453,0.6031007766723633,0.5465260744094849,0.538759708404541,0.5160295367240906,0.5340909361839294
Race: White,453,0.6068398952484131,0.5166666507720947,0.5145811438560486,0.5132319927215576,0.6090225577354431
Race: Black,453,0.40416669845581055,0.4522727131843567,0.45625001192092896,0.4423280358314514,0.4516128897666931
Race: Other,453,0.811081051826477,0.8118279576301575,0.7429729700088501,0.7524950504302979,0.7822580337524414
Overall,454,0.6126313805580139,0.54752117395401,0.5350345373153687,0.5225331783294678,0.5892255902290344
Gender: Male,454,0.6410256624221802,0.5275387167930603,0.5045584440231323,0.42122870683670044,0.6184970736503601
Gender: Female,454,0.5862343311309814,0.5472287535667419,0.5482327938079834,0.5454307794570923,0.5483870506286621
Age: <40,454,0.6442396640777588,0.5841643214225769,0.5486174821853638,0.5054880380630493,0.5681818127632141
Age: 40-50,454,0.7304964661598206,0.6898496150970459,0.6343085169792175,0.6406882405281067,0.7183098196983337
Age: 50-65,454,0.5231854915618896,0.46262162923812866,0.46320563554763794,0.46285712718963623,0.521276593208313
Race: White,454,0.5573728680610657,0.4820588231086731,0.48441094160079956,0.4806554913520813,0.5746268630027771
Race: Black,454,0.40123456716537476,0.3392857313156128,0.3611111342906952,0.2924138009548187,0.29629629850387573
Race: Other,454,0.7119698524475098,0.6775399446487427,0.6160337328910828,0.6038500666618347,0.6617646813392639
Overall,455,0.7008845806121826,0.647119402885437,0.6231092214584351,0.61895751953125,0.6468647122383118
Gender: Male,455,0.7140637636184692,0.7519047260284424,0.582206666469574,0.541456937789917,0.664634108543396
Gender: Female,455,0.6864125728607178,0.6271309852600098,0.6266570091247559,0.6257249116897583,0.6258993148803711
Age: <40,455,0.7309603691101074,0.6886363625526428,0.6596921682357788,0.6492565274238586,0.6645569801330566
Age: 40-50,455,0.8479166030883789,0.675000011920929,0.675000011920929,0.675000011920929,0.7692307829856873
Age: 50-65,455,0.5913728475570679,0.5447802543640137,0.5378015041351318,0.5241227746009827,0.5483871102333069
Race: White,455,0.5857143402099609,0.5145190954208374,0.511904776096344,0.5080560445785522,0.6048386693000793
Race: Black,455,0.46666663885116577,0.3660714328289032,0.375,0.3583333492279053,0.3636363744735718
Race: Other,455,0.7998700141906738,0.7568442821502686,0.7255523204803467,0.7124541997909546,0.7197452187538147
Overall,456,0.655205249786377,0.6631225347518921,0.6334483623504639,0.630843460559845,0.6633333563804626
Gender: Male,456,0.5407407283782959,0.6168831586837769,0.5388888716697693,0.4974210858345032,0.6547619104385376
Gender: Female,456,0.7233455181121826,0.6739130616188049,0.673713207244873,0.6737743616104126,0.6742424368858337
Age: <40,456,0.6102843880653381,0.6566416025161743,0.6240079402923584,0.612971842288971,0.6410256624221802
Age: 40-50,456,0.8461538553237915,0.7911051511764526,0.7832167744636536,0.7869324684143066,0.824324369430542
Age: 50-65,456,0.5939542055130005,0.5450000166893005,0.5367647409439087,0.5176571607589722,0.5428571701049805
Race: White,456,0.6292682886123657,0.6323529481887817,0.6178433895111084,0.6226057410240173,0.6985294222831726
Race: Black,456,0.3105590045452118,0.375,0.3447204828262329,0.2929292917251587,0.30000001192092896
Race: Other,456,0.7662945985794067,0.741835355758667,0.699999988079071,0.6924977898597717,0.7089552283287048
Overall,457,0.6782225370407104,0.6249384880065918,0.5799828767776489,0.5557597875595093,0.6133333444595337
Gender: Male,457,0.6877551078796387,0.71875,0.577551007270813,0.5311627984046936,0.6428571343421936
Gender: Female,457,0.6783989071846008,0.5772144794464111,0.5679779052734375,0.5586338639259338,0.575757622718811
Age: <40,457,0.7057291269302368,0.6657142639160156,0.6029829978942871,0.5643603205680847,0.607692301273346
Age: 40-50,457,0.7768762111663818,0.761904776096344,0.7008113861083984,0.7221430540084839,0.8266667127609253
Age: 50-65,457,0.5751341581344604,0.46917808055877686,0.47786223888397217,0.4245107173919678,0.4526315927505493
Race: White,457,0.5924848318099976,0.4759615659713745,0.48424243927001953,0.45306575298309326,0.5307692289352417
Race: Black,457,0.8214285373687744,0.699999988079071,0.6785714626312256,0.5488722324371338,0.550000011920929
Race: Other,457,0.7341933250427246,0.7426815032958984,0.6506177186965942,0.6394230723381042,0.6933333277702332
Overall,458,0.6208010315895081,0.5662304162979126,0.5499722957611084,0.5349060297012329,0.5824915766716003
Gender: Male,458,0.6446370482444763,0.586281418800354,0.5297264456748962,0.47226956486701965,0.6057142615318298
Gender: Female,458,0.5969827175140381,0.5477733016014099,0.5476831793785095,0.5476912260055542,0.549180269241333
Age: <40,458,0.7240420579910278,0.6496795415878296,0.5973793864250183,0.5637480616569519,0.6056337952613831
Age: 40-50,458,0.6222222447395325,0.5770308375358582,0.5611110925674438,0.561887264251709,0.6615384817123413
Age: 50-65,458,0.4919999837875366,0.46666669845581055,0.4699999988079071,0.4623376727104187,0.4888888895511627
Race: White,458,0.5123569965362549,0.4356305003166199,0.4497711658477783,0.437250554561615,0.5531914830207825
Race: Black,458,0.3571428656578064,0.30416667461395264,0.3601190447807312,0.23317307233810425,0.24137930572032928
Race: Other,458,0.7617865800857544,0.7276276350021362,0.6880893111228943,0.6772238612174988,0.6929134130477905
Overall,459,0.6447293758392334,0.6076328754425049,0.5796321034431458,0.5696256160736084,0.6224489808082581
Gender: Male,459,0.6694495677947998,0.6821029186248779,0.5629251599311829,0.5163692831993103,0.6402438879013062
Gender: Female,459,0.6373069286346436,0.5908869504928589,0.5900096893310547,0.5903030037879944,0.6000000238418579
Age: <40,459,0.6203073859214783,0.6312500238418579,0.5952380895614624,0.5654290914535522,0.5952381491661072
Age: 40-50,459,0.6660376787185669,0.5853825211524963,0.5589622259140015,0.5597587823867798,0.698630154132843
Age: 50-65,459,0.6414835453033447,0.5754357576370239,0.5634157657623291,0.5588954091072083,0.6000000238418579
Race: White,459,0.6172161102294922,0.531818151473999,0.5288461446762085,0.5287356376647949,0.6097560524940491
Race: Black,459,0.4166666567325592,0.38596493005752563,0.3452380895614624,0.23510468006134033,0.23999999463558197
Race: Other,459,0.7044931650161743,0.7362068891525269,0.6578340530395508,0.6508695483207703,0.698630154132843
Overall,460,0.6777703166007996,0.6003201007843018,0.5751054286956787,0.560924768447876,0.6048110127449036
Gender: Male,460,0.7053990960121155,0.6448551416397095,0.5425469279289246,0.47514286637306213,0.604790449142456
Gender: Female,460,0.700968861579895,0.602664589881897,0.6029065251350403,0.6027460098266602,0.6048386693000793
Age: <40,460,0.6134933233261108,0.5750784873962402,0.5517309308052063,0.5315136909484863,0.5902777910232544
Age: 40-50,460,0.8070818185806274,0.6662106513977051,0.6483516693115234,0.653401792049408,0.7000000476837158
Age: 50-65,460,0.67037034034729,0.5917119979858398,0.5714285969734192,0.5413429737091064,0.5632184147834778
Race: White,460,0.6277278661727905,0.5192006230354309,0.515725314617157,0.510801374912262,0.5897436141967773
Race: Black,460,0.5833333730697632,0.44705885648727417,0.4571428596973419,0.3583333492279053,0.3636363744735718
Race: Other,460,0.7774573564529419,0.7273596525192261,0.6713530421257019,0.6668637990951538,0.699999988079071
Overall,461,0.6258141994476318,0.5308372974395752,0.5240421295166016,0.5142253041267395,0.5777027010917664
Gender: Male,461,0.6675161123275757,0.5289743542671204,0.5095990300178528,0.4645882546901703,0.650306761264801
Gender: Female,461,0.543616533279419,0.48527395725250244,0.48534756898880005,0.4852003753185272,0.4887218177318573
Age: <40,461,0.6643540859222412,0.6511156558990479,0.606937825679779,0.5969769954681396,0.6488549709320068
Age: 40-50,461,0.6561086177825928,0.45361989736557007,0.45361989736557007,0.45361989736557007,0.5942029356956482
Age: 50-65,461,0.565996527671814,0.4388083815574646,0.45017483830451965,0.43010127544403076,0.46875
Race: White,461,0.5214893817901611,0.3832097351551056,0.4126559793949127,0.3920381963253021,0.5133333206176758
Race: Black,461,0.158730149269104,0.18333333730697632,0.1984127014875412,0.18431372940540314,0.1875
Race: Other,461,0.7652027010917664,0.713533878326416,0.671332061290741,0.6703296899795532,0.699999988079071
Overall,462,0.6852082014083862,0.6282075047492981,0.5982859134674072,0.5935519337654114,0.6440677642822266
Gender: Male,462,0.643842339515686,0.5992307662963867,0.5317733883857727,0.4868268370628357,0.650306761264801
Gender: Female,462,0.7296236753463745,0.6338518857955933,0.6331101655960083,0.6333333253860474,0.6363636255264282
Age: <40,462,0.7254617214202881,0.678412914276123,0.6334301829338074,0.625604510307312,0.6642857193946838
Age: 40-50,462,0.7272727489471436,0.6320921778678894,0.5915233492851257,0.586834728717804,0.6610169410705566
Age: 50-65,462,0.5930555462837219,0.5593406558036804,0.550000011920929,0.5473945140838623,0.6041666865348816
Race: White,462,0.6583960056304932,0.5397306084632874,0.529573917388916,0.525415301322937,0.6423357725143433
Race: Black,462,0.12962962687015533,0.10000000149011612,0.1666666716337204,0.125,0.1428571492433548
Race: Other,462,0.7844017744064331,0.7598116397857666,0.7121795415878296,0.7055429816246033,0.7226277589797974
Overall,463,0.666433572769165,0.6209081411361694,0.5991841554641724,0.592221736907959,0.6237288117408752
Gender: Male,463,0.6142113208770752,0.5714285373687744,0.5223214030265808,0.4695912301540375,0.6315789222717285
Gender: Female,463,0.685272216796875,0.615512490272522,0.6156482696533203,0.6153093576431274,0.615384578704834
Age: <40,463,0.6560386419296265,0.6263858079910278,0.6101449131965637,0.5879606604576111,0.5968992114067078
Age: 40-50,463,0.8467261791229248,0.7333333492279053,0.7083333730697632,0.7178683280944824,0.7750000357627869
Age: 50-65,463,0.4936569035053253,0.48579543828964233,0.48896855115890503,0.4711264371871948,0.5232558250427246
Race: White,463,0.47868216037750244,0.4479166567325592,0.4557031989097595,0.44876745343208313,0.546875
Race: Black,463,0.4141414165496826,0.37362638115882874,0.38383838534355164,0.375,0.4000000059604645
Race: Other,463,0.8326507806777954,0.7814430594444275,0.7374348640441895,0.7134503126144409,0.7210884094238281
Overall,464,0.6743435859680176,0.5925120711326599,0.5793874263763428,0.5740641951560974,0.6026936173439026
Gender: Male,464,0.6711320877075195,0.6304112672805786,0.5682075619697571,0.55440354347229,0.673202633857727
Gender: Female,464,0.6094204187393188,0.5292753577232361,0.529366135597229,0.5276866555213928,0.5277777910232544
Age: <40,464,0.6704777479171753,0.5735294222831726,0.5597182512283325,0.5191195011138916,0.5319148898124695
Age: 40-50,464,0.8147058486938477,0.701525092124939,0.6813725233078003,0.6893178820610046,0.7605633735656738
Age: 50-65,464,0.6332138776779175,0.563725471496582,0.566009521484375,0.5641025900840759,0.5882353186607361
Race: White,464,0.6172360181808472,0.4853479862213135,0.4865424335002899,0.48436975479125977,0.5461538434028625
Race: Black,464,0.252525269985199,0.2261904776096344,0.26767677068710327,0.23273657262325287,0.25
Race: Other,464,0.7832284569740295,0.7346405386924744,0.6993706226348877,0.6885592937469482,0.7006802558898926
Overall,465,0.5948988795280457,0.5615453720092773,0.5503676533699036,0.5370478630065918,0.5675675868988037
Gender: Male,465,0.664625883102417,0.6718494296073914,0.5535714626312256,0.48048195242881775,0.5909090638160706
Gender: Female,465,0.5470494031906128,0.5422534942626953,0.5424641370773315,0.5416852831840515,0.5422534942626953
Age: <40,465,0.6409674882888794,0.5923753976821899,0.5714285969734192,0.5456730723381042,0.5714285969734192
Age: 40-50,465,0.6371527910232544,0.5842105150222778,0.5625,0.5604395866394043,0.6527777910232544
Age: 50-65,465,0.5022907257080078,0.5,0.5,0.49104398488998413,0.5
Race: White,465,0.5366300344467163,0.48723405599594116,0.4890109896659851,0.4806201457977295,0.5223880410194397
Race: Black,465,0.1904761791229248,0.25882354378700256,0.23376624286174774,0.2380952537059784,0.25
Race: Other,465,0.7505371570587158,0.7405257821083069,0.6681785583496094,0.656448245048523,0.692307710647583
Overall,466,0.6647199392318726,0.5641269683837891,0.5504143238067627,0.5465524792671204,0.6203389763832092
Gender: Male,466,0.7010289430618286,0.672374427318573,0.5293146967887878,0.47098514437675476,0.6776315569877625
Gender: Female,466,0.6314049959182739,0.5478639602661133,0.5499999523162842,0.5466713905334473,0.559440553188324
Age: <40,466,0.7115172147750854,0.6440776586532593,0.6027131676673889,0.6057806015014648,0.6953125
Age: 40-50,466,0.6785714626312256,0.5982404947280884,0.5613552927970886,0.5597587823867798,0.698630154132843
Age: 50-65,466,0.5239397883415222,0.44117647409439087,0.44528043270111084,0.4391014277935028,0.45744678378105164
Race: White,466,0.6671899557113647,0.48339658975601196,0.4862637519836426,0.4808006286621094,0.5864661931991577
Race: Black,466,0.20952379703521729,0.20952382683753967,0.20952382683753967,0.1818181872367859,0.1818181872367859
Race: Other,466,0.739403486251831,0.6984953880310059,0.6538461446762085,0.6612693071365356,0.7214285731315613
Overall,467,0.6561890840530396,0.6247752904891968,0.598099410533905,0.5961700081825256,0.6496598720550537
Gender: Male,467,0.6449379920959473,0.6924453973770142,0.5865121483802795,0.5733963847160339,0.6987951397895813
Gender: Female,467,0.6212008595466614,0.5793293118476868,0.5783296823501587,0.5785026550292969,0.5859375
Age: <40,467,0.6648232340812683,0.6435185074806213,0.6102113127708435,0.6036055684089661,0.6458333134651184
Age: 40-50,467,0.7584480047225952,0.7767857313156128,0.6551939845085144,0.6768931746482849,0.796875
Age: 50-65,467,0.5666666030883789,0.5223835706710815,0.5205555558204651,0.517756998538971,0.5465116500854492
Race: White,467,0.6591503620147705,0.569858729839325,0.558169960975647,0.5602837204933167,0.6774193048477173
Race: Black,467,0.341269850730896,0.35227274894714355,0.3452380895614624,0.34285715222358704,0.3478260934352875
Race: Other,467,0.7227834463119507,0.6993243098258972,0.6489899158477783,0.6397058963775635,0.6734693646430969
Overall,468,0.685023307800293,0.6318385601043701,0.5999417304992676,0.5955262184143066,0.6484641432762146
Gender: Male,468,0.6523627042770386,0.6606335043907166,0.5533478260040283,0.5272271633148193,0.6987951397895813
Gender: Female,468,0.6904761791229248,0.5839599370956421,0.583085298538208,0.581743597984314,0.5826771855354309
Age: <40,468,0.7417082786560059,0.6868811845779419,0.6372103691101074,0.6215982437133789,0.6541353464126587
Age: 40-50,468,0.7468671202659607,0.7047619223594666,0.6616541147232056,0.675000011920929,0.7692307829856873
Age: 50-65,468,0.563725471496582,0.48378777503967285,0.48651960492134094,0.47565174102783203,0.5243902206420898
Race: White,468,0.6035714149475098,0.4902854859828949,0.49204546213150024,0.4877270460128784,0.6178861856460571
Race: Black,468,0.4779411554336548,0.4595588445663452,0.4595588445663452,0.4000000059604645,0.3999999761581421
Race: Other,468,0.7578846216201782,0.7561162114143372,0.6932692527770996,0.6885640621185303,0.7172414064407349
Overall,469,0.6338083744049072,0.5860167145729065,0.5640029907226562,0.5499902963638306,0.5986841917037964
Gender: Male,469,0.6233084797859192,0.603797435760498,0.5339685082435608,0.47388193011283875,0.6069363951683044
Gender: Female,469,0.6615023612976074,0.58408123254776,0.5835680961608887,0.5836864709854126,0.5877862572669983
Age: <40,469,0.6439393758773804,0.5984870195388794,0.5670163035392761,0.5414260029792786,0.5902777910232544
Age: 40-50,469,0.7229101657867432,0.6991870403289795,0.6517027616500854,0.6580644845962524,0.7169811725616455
Age: 50-65,469,0.588025689125061,0.5255411267280579,0.5210263729095459,0.5102974772453308,0.5514018535614014
Race: White,469,0.5893120169639587,0.5304621458053589,0.5244055986404419,0.5202628970146179,0.6095890402793884
Race: Black,469,0.29914528131484985,0.17142857611179352,0.20512820780277252,0.17499999701976776,0.1818181872367859
Race: Other,469,0.7646549940109253,0.7199519276618958,0.658338725566864,0.6298998594284058,0.654411792755127
Overall,470,0.6837234497070312,0.6663482189178467,0.6342768669128418,0.6288697719573975,0.6588628888130188
Gender: Male,470,0.6389908194541931,0.6355905532836914,0.5670489072799683,0.5491615533828735,0.668639063835144
Gender: Female,470,0.6563697457313538,0.651190459728241,0.6520593762397766,0.6460700631141663,0.6461538672447205
Age: <40,470,0.6589100360870361,0.6525000333786011,0.624515175819397,0.6044565439224243,0.6214285492897034
Age: 40-50,470,0.7645454406738281,0.7359843254089355,0.664545476436615,0.6791611909866333,0.7638888955116272
Age: 50-65,470,0.6720085144042969,0.6293103694915771,0.6161859035491943,0.6137624979019165,0.6321839094161987
Race: White,470,0.6441376209259033,0.5659874677658081,0.5509932041168213,0.5501618385314941,0.6546762585639954
Race: Black,470,0.5303030014038086,0.5111111402511597,0.5151515007019043,0.4166666865348816,0.4285714626312256
Race: Other,470,0.7768082618713379,0.7444473505020142,0.7148106098175049,0.7038960456848145,0.7121212482452393
Overall,471,0.6355035305023193,0.5967040061950684,0.587400496006012,0.586936354637146,0.616161584854126
Gender: Male,471,0.5871984958648682,0.5959374904632568,0.5569573044776917,0.5430309772491455,0.6470588445663452
Gender: Female,471,0.6408219337463379,0.5828670263290405,0.5832525491714478,0.582608699798584,0.5833333134651184
Age: <40,471,0.6525455713272095,0.6311551332473755,0.6059085726737976,0.5932806730270386,0.6190475821495056
Age: 40-50,471,0.7717646956443787,0.639893651008606,0.6547058820724487,0.6453050971031189,0.7164179086685181
Age: 50-65,471,0.5378250479698181,0.5202381014823914,0.5200945734977722,0.5200889110565186,0.5301204919815063
Race: White,471,0.4651004672050476,0.4225694537162781,0.4240722060203552,0.42329177260398865,0.549180269241333
Race: Black,471,0.17171716690063477,0.24523809552192688,0.22979798913002014,0.23317307233810425,0.24137930572032928
Race: Other,471,0.8229107856750488,0.768958330154419,0.7424412965774536,0.7389203310012817,0.7465753555297852
Overall,472,0.5901339054107666,0.5922077894210815,0.5716119408607483,0.5580357313156128,0.5959596037864685
Gender: Male,472,0.5410714149475098,0.648809552192688,0.548701286315918,0.48111656308174133,0.594936728477478
Gender: Female,472,0.6386800408363342,0.5935672521591187,0.5935672521591187,0.5935672521591187,0.597122311592102
Age: <40,472,0.6502045392990112,0.6190476417541504,0.5964348316192627,0.577422559261322,0.5982906222343445
Age: 40-50,472,0.6248185634613037,0.6472527980804443,0.5972424149513245,0.5983051061630249,0.6962025761604309
Age: 50-65,472,0.4811617136001587,0.5105633735656738,0.5088304281234741,0.49068641662597656,0.514851450920105
Race: White,472,0.5617777705192566,0.520907998085022,0.5155555605888367,0.5039682388305664,0.5833333730697632
Race: Black,472,0.1666666567325592,0.24786324799060822,0.21904762089252472,0.21848741173744202,0.22580644488334656
Race: Other,472,0.6759871244430542,0.7175799608230591,0.6657849550247192,0.6565057039260864,0.6849315166473389
Overall,473,0.7107281684875488,0.6543542146682739,0.61949622631073,0.6180089116096497,0.6666666269302368
Gender: Male,473,0.6852883100509644,0.6800000071525574,0.5663499236106873,0.542389452457428,0.6909090876579285
Gender: Female,473,0.7085253000259399,0.6346691250801086,0.6331797242164612,0.6333333253860474,0.6363636255264282
Age: <40,473,0.7348215579986572,0.7370613813400269,0.6828175187110901,0.6715226173400879,0.6948052048683167
Age: 40-50,473,0.7792208194732666,0.508838415145874,0.5075757503509521,0.5069767236709595,0.698113203048706
Age: 50-65,473,0.6507352590560913,0.5549242496490479,0.5456932783126831,0.5421141982078552,0.6000000238418579
Race: White,473,0.6422222852706909,0.48772501945495605,0.4888888895511627,0.4875776469707489,0.6333333849906921
Race: Black,473,0.7083333134651184,0.5476190447807312,0.5416666865348816,0.4949495196342468,0.5
Race: Other,473,0.7846003770828247,0.7666106224060059,0.7059779167175293,0.6934791207313538,0.7133758068084717
Overall,474,0.6408116817474365,0.603018581867218,0.5803009271621704,0.5704874396324158,0.612040102481842
Gender: Male,474,0.6616541147232056,0.7010489702224731,0.5951128005981445,0.5629338622093201,0.6484848260879517
Gender: Female,474,0.6350282430648804,0.5583429336547852,0.5572881102561951,0.5573023557662964,0.5671641826629639
Age: <40,474,0.6889960765838623,0.7041107416152954,0.6380308866500854,0.6111611127853394,0.6458333134651184
Age: 40-50,474,0.7302371263504028,0.6117020845413208,0.6037549376487732,0.6061845421791077,0.6567164063453674
Age: 50-65,474,0.5240384340286255,0.48263025283813477,0.4850427508354187,0.4770797789096832,0.5227273106575012
Race: White,474,0.5606951713562012,0.48099225759506226,0.4842246174812317,0.4777328073978424,0.565891444683075
Race: Black,474,0.23026315867900848,0.36647728085517883,0.34539473056793213,0.32499998807907104,0.3333333432674408
Race: Other,474,0.7743014097213745,0.7567458152770996,0.6872293949127197,0.6770967245101929,0.7062937021255493
Overall,475,0.5849345922470093,0.5884127020835876,0.5646291375160217,0.54563969373703,0.5898305177688599
Gender: Male,475,0.5297619104385376,0.6406456232070923,0.5409946441650391,0.48975899815559387,0.644295334815979
Gender: Female,475,0.5716167688369751,0.5410091876983643,0.5396198034286499,0.5320513248443604,0.534246563911438
Age: <40,475,0.5958768129348755,0.6303738355636597,0.569299578666687,0.5196602940559387,0.5826771855354309
Age: 40-50,475,0.6767677068710327,0.6893830895423889,0.6666666269302368,0.6716616749763489,0.7068965435028076
Age: 50-65,475,0.5323333144187927,0.5216450691223145,0.5183333158493042,0.5066397190093994,0.5363636016845703
Race: White,475,0.5701770782470703,0.5247844457626343,0.5175204873085022,0.5001876354217529,0.5743243098258972
Race: Black,475,0.08571428060531616,0.1607142835855484,0.13809524476528168,0.13457557559013367,0.13636364042758942
Race: Other,475,0.6676938533782959,0.7377192974090576,0.6739856004714966,0.6597808599472046,0.6880000233650208
Overall,476,0.670474648475647,0.5899471044540405,0.5739834308624268,0.5669105052947998,0.6033333539962769
Gender: Male,476,0.6875105500221252,0.6395304799079895,0.562278151512146,0.5313559770584106,0.6455696225166321
Gender: Female,476,0.6301668882369995,0.5549451112747192,0.5546502470970154,0.5545486211776733,0.5563380122184753
Age: <40,476,0.667067289352417,0.5988371968269348,0.5878605842590332,0.5768397450447083,0.5891472697257996
Age: 40-50,476,0.7314814329147339,0.6846153736114502,0.6203703880310059,0.6279809474945068,0.7307692170143127
Age: 50-65,476,0.6074109077453613,0.4912087917327881,0.4924952983856201,0.4816053509712219,0.5161290168762207
Race: White,476,0.530701756477356,0.4459908604621887,0.4524853825569153,0.44731494784355164,0.5446428656578064
Race: Black,476,0.40522873401641846,0.375,0.3692810535430908,0.34518516063690186,0.3461538553237915
Race: Other,476,0.7691248655319214,0.7136752605438232,0.6721236109733582,0.6636403799057007,0.6851851940155029
Overall,477,0.6926339268684387,0.6509097814559937,0.6192187070846558,0.614797830581665,0.6534653902053833
Gender: Male,477,0.6364705562591553,0.7339593172073364,0.5586274862289429,0.5216253399848938,0.695364236831665
Gender: Female,477,0.6775757074356079,0.6130661964416504,0.6123809814453125,0.6114215850830078,0.6118420958518982
Age: <40,477,0.7134174704551697,0.7244318127632141,0.6661991477012634,0.6515957117080688,0.6793892979621887
Age: 40-50,477,0.7699999809265137,0.7309941649436951,0.6974999904632568,0.7072192430496216,0.7534246444702148
Age: 50-65,477,0.6068124771118164,0.5100603699684143,0.5084103941917419,0.49949443340301514,0.5454545617103577
Race: White,477,0.6477713584899902,0.5639063715934753,0.551598846912384,0.5488215684890747,0.6194029450416565
Race: Black,477,0.46666666865348816,0.4791666865348816,0.4791666865348816,0.43478259444236755,0.43478262424468994
Race: Other,477,0.7540360689163208,0.7504873275756836,0.6952516436576843,0.6925052404403687,0.7191780805587769
Overall,478,0.6741151213645935,0.6281561851501465,0.6017270684242249,0.5943200588226318,0.6310679912567139
Gender: Male,478,0.6948529481887817,0.7362500429153442,0.5868566036224365,0.5553570985794067,0.6746987700462341
Gender: Female,478,0.6317025423049927,0.5800865888595581,0.5796477794647217,0.5794117450714111,0.5804196000099182
Age: <40,478,0.7156118154525757,0.666179895401001,0.6200422048568726,0.6100981831550598,0.6546762585639954
Age: 40-50,478,0.6240079402923584,0.6699346303939819,0.6547619104385376,0.6604506969451904,0.7246376872062683
Age: 50-65,478,0.6269654035568237,0.5504981875419617,0.5438286066055298,0.5226747393608093,0.5346534848213196
Race: White,478,0.6564016342163086,0.570443332195282,0.5533781051635742,0.5466873645782471,0.6158940196037292
Race: Black,478,0.3999999761581421,0.3921568691730499,0.34285715222358704,0.2909091114997864,0.3076923191547394
Race: Other,478,0.7450658082962036,0.7194848656654358,0.6842105388641357,0.6861076354980469,0.7121212482452393
Overall,479,0.614376425743103,0.5726890563964844,0.56025230884552,0.5484444499015808,0.5766666531562805
Gender: Male,479,0.6241135001182556,0.6414250135421753,0.5583629012107849,0.5080024003982544,0.608433723449707
Gender: Female,479,0.5971479415893555,0.5374331474304199,0.5374331474304199,0.5373134613037109,0.5373134016990662
Age: <40,479,0.6459035873413086,0.6218137741088867,0.5985915660858154,0.5785033702850342,0.5985915660858154
Age: 40-50,479,0.714545488357544,0.6673469543457031,0.6490908861160278,0.6537634134292603,0.695652186870575
Age: 50-65,479,0.5136778354644775,0.4271206557750702,0.4381965398788452,0.42015689611434937,0.449438214302063
Race: White,479,0.5121693015098572,0.4354735016822815,0.44682538509368896,0.43042895197868347,0.47580644488334656
Race: Black,479,0.44999998807907104,0.3333333134651184,0.36666667461395264,0.30158731341362,0.3125
Race: Other,479,0.7484375238418579,0.7363636493682861,0.703125,0.7037037014961243,0.7222222089767456
Overall,480,0.5857913494110107,0.5588078498840332,0.5425583124160767,0.5315378904342651,0.6047297716140747
Gender: Male,480,0.6344665288925171,0.6676493883132935,0.5589414238929749,0.5182979106903076,0.6514285802841187
Gender: Female,480,0.5379528403282166,0.516581654548645,0.5168200135231018,0.5165525078773499,0.5371900796890259
Age: <40,480,0.6448135375976562,0.613601803779602,0.5871211886405945,0.586240291595459,0.6557376384735107
Age: 40-50,480,0.6109936833381653,0.599056601524353,0.5665962100028992,0.561887264251709,0.6615384817123413
Age: 50-65,480,0.5037568211555481,0.47380954027175903,0.48121583461761475,0.4542276859283447,0.5137614607810974
Race: White,480,0.4798893928527832,0.434421181678772,0.4464555084705353,0.4380154013633728,0.588652491569519
Race: Black,480,0.4318181872367859,0.29545456171035767,0.29545456171035767,0.1538461595773697,0.1538461595773697
Race: Other,480,0.7348560094833374,0.7255154848098755,0.673783540725708,0.6754165291786194,0.713178277015686
Overall,481,0.6766359806060791,0.6199160218238831,0.6000000238418579,0.5882938504219055,0.6101694703102112
Gender: Male,481,0.6787197589874268,0.7340579628944397,0.583823561668396,0.5288237929344177,0.6274510025978088
Gender: Female,481,0.6742063760757446,0.5914682149887085,0.5914682149887085,0.5914682149887085,0.591549277305603
Age: <40,481,0.7100529074668884,0.7064516544342041,0.6523809432983398,0.6320512890815735,0.6585365533828735
Age: 40-50,481,0.8302326202392578,0.6938502788543701,0.6686046123504639,0.6714402437210083,0.698630154132843
Age: 50-65,481,0.5118367075920105,0.4850446581840515,0.48632651567459106,0.47433626651763916,0.4848484992980957
Race: White,481,0.6847614049911499,0.583875298500061,0.5753408074378967,0.5749188661575317,0.6106870174407959
Race: Black,481,0.32679736614227295,0.24812030792236328,0.2810457646846771,0.2261904776096344,0.23076924681663513
Race: Other,481,0.742064356803894,0.7311577796936035,0.6876182556152344,0.66746985912323,0.6811594367027283
Overall,482,0.6107338666915894,0.5763496160507202,0.5618279576301575,0.558366060256958,0.6166666746139526
Gender: Male,482,0.5821995735168457,0.5770440101623535,0.5277777910232544,0.4850296676158905,0.6399999856948853
Gender: Female,482,0.655272901058197,0.5818391442298889,0.5846582055091858,0.579451322555542,0.5840000510215759
Age: <40,482,0.6075332164764404,0.5993506908416748,0.5746487379074097,0.5640034079551697,0.6137930750846863
Age: 40-50,482,0.6374459266662598,0.6595911979675293,0.6098484992980957,0.6141830682754517,0.7076923251152039
Age: 50-65,482,0.6174569129943848,0.5083333253860474,0.5080819129943848,0.5079278349876404,0.5555555820465088
Race: White,482,0.6027472615242004,0.5259249806404114,0.5273351669311523,0.5262947082519531,0.633093535900116
Race: Black,482,0.4124999940395355,0.3888888955116272,0.3499999940395355,0.24475525319576263,0.25
Race: Other,482,0.7164276838302612,0.675407886505127,0.6308127045631409,0.6236263513565063,0.6642335653305054
Overall,483,0.675570011138916,0.6230088472366333,0.591671347618103,0.5837500095367432,0.6351351737976074
Gender: Male,483,0.6915589570999146,0.6760858297348022,0.556469202041626,0.5161290168762207,0.6625000238418579
Gender: Female,483,0.6516634225845337,0.5996002554893494,0.597521185874939,0.5973684191703796,0.6029411554336548
Age: <40,483,0.7213345766067505,0.6784313917160034,0.6282894611358643,0.6205905675888062,0.6666666865348816
Age: 40-50,483,0.6413043737411499,0.6551499366760254,0.5994983315467834,0.595604419708252,0.6805555820465088
Age: 50-65,483,0.6259615421295166,0.5330484509468079,0.5278846025466919,0.5188161730766296,0.554347813129425
Race: White,483,0.647912859916687,0.5181518197059631,0.513309121131897,0.5066918134689331,0.6320000290870667
Race: Black,483,0.3636363744735718,0.41904762387275696,0.4141414165496826,0.3541666865348816,0.35483869910240173
Race: Other,483,0.7357319593429565,0.7254273891448975,0.6745244264602661,0.6703296899795532,0.699999988079071
Overall,484,0.6694444417953491,0.5848665237426758,0.5606481432914734,0.5381296277046204,0.5830508470535278
Gender: Male,484,0.651990532875061,0.6844370365142822,0.5469804406166077,0.5005560517311096,0.6708074808120728
Gender: Female,484,0.5872252583503723,0.48843011260032654,0.4883241653442383,0.47749555110931396,0.4776119291782379
Age: <40,484,0.7156093716621399,0.6316776275634766,0.6001425385475159,0.5644080638885498,0.5846154093742371
Age: 40-50,484,0.7039473056793213,0.5625,0.5230263471603394,0.4723404049873352,0.6129032373428345
Age: 50-65,484,0.5866510272026062,0.5281919836997986,0.5236144065856934,0.5164319276809692,0.5631067752838135
Race: White,484,0.6498823165893555,0.510856032371521,0.5082352757453918,0.49735450744628906,0.5777777433395386
Race: Black,484,0.4050000309944153,0.2199999988079071,0.32500001788139343,0.21142858266830444,0.23333334922790527
Race: Other,484,0.773964524269104,0.7279974222183228,0.6692307591438293,0.6464486718177795,0.6692307591438293
Overall,485,0.6527334451675415,0.5838110446929932,0.5664342045783997,0.5579841136932373,0.6026490330696106
Gender: Male,485,0.6489524841308594,0.5968737602233887,0.5401123762130737,0.5078004598617554,0.6500000357627869
Gender: Female,485,0.6073412895202637,0.5491935610771179,0.5484126806259155,0.5470494031906128,0.5492957830429077
Age: <40,485,0.7314215302467346,0.6496703624725342,0.6049953699111938,0.5972222089767456,0.6551724076271057
Age: 40-50,485,0.6320000290870667,0.6337360143661499,0.6033333539962769,0.6028681993484497,0.6625000238418579
Age: 50-65,485,0.5724999904632568,0.4891347885131836,0.4903571307659149,0.47957390546798706,0.5
Race: White,485,0.6528764963150024,0.5422570705413818,0.5359836220741272,0.5336214303970337,0.5985915660858154
Race: Black,485,0.3722222149372101,0.3804347813129425,0.40833336114883423,0.30288460850715637,0.3103448152542114
Race: Other,485,0.6957142949104309,0.6761904954910278,0.6409524083137512,0.638005256652832,0.6717557311058044
Overall,486,0.6671314239501953,0.6278148293495178,0.5997164845466614,0.5887804627418518,0.6237288117408752
Gender: Male,486,0.6670771837234497,0.6325757503509521,0.539511501789093,0.4834730625152588,0.6293706297874451
Gender: Female,486,0.6771122217178345,0.6205073595046997,0.6184210777282715,0.6167622804641724,0.6184210777282715
Age: <40,486,0.7276867032051086,0.6430714726448059,0.6194217205047607,0.5902935266494751,0.6015037894248962
Age: 40-50,486,0.7780612111091614,0.7333333492279053,0.6547619104385376,0.6721763014793396,0.7792207598686218
Age: 50-65,486,0.5072463750839233,0.5019556879997253,0.5016722679138184,0.48937731981277466,0.5176470875740051
Race: White,486,0.6013257503509521,0.536005437374115,0.5334596037864685,0.5339869260787964,0.6290322542190552
Race: Black,486,0.5046296119689941,0.38819876313209534,0.4166666865348816,0.34857141971588135,0.36666667461395264
Race: Other,486,0.7924298048019409,0.7517884969711304,0.7005494832992554,0.6631699204444885,0.673758864402771
Overall,487,0.6212344765663147,0.5730797052383423,0.5550437569618225,0.5397553443908691,0.5858585834503174
Gender: Male,487,0.6527777910232544,0.6241830587387085,0.5340501666069031,0.45702672004699707,0.5878787636756897
Gender: Female,487,0.6318732500076294,0.5791964530944824,0.5799161195755005,0.5792523622512817,0.5833333730697632
Age: <40,487,0.6302294731140137,0.5666666626930237,0.5496626496315002,0.5087248086929321,0.5327868461608887
Age: 40-50,487,0.5791804790496826,0.6018518209457397,0.5609080791473389,0.5530428886413574,0.671875
Age: 50-65,487,0.6329715251922607,0.5629370808601379,0.5549525022506714,0.5526198148727417,0.5945945978164673
Race: White,487,0.6057224273681641,0.5218470692634583,0.5178571343421936,0.5104189515113831,0.569444477558136
Race: Black,487,0.22360248863697052,0.3181818127632141,0.30124223232269287,0.23248052597045898,0.23333334922790527
Race: Other,487,0.7339324951171875,0.7089120149612427,0.647467315196991,0.6433150768280029,0.6910569071769714
Overall,488,0.6155579090118408,0.6119087934494019,0.5870851278305054,0.5823808312416077,0.6342281699180603
Gender: Male,488,0.6238594055175781,0.6761612892150879,0.5539452433586121,0.5042457580566406,0.6440678238868713
Gender: Female,488,0.6363379955291748,0.6191257238388062,0.6228169202804565,0.6166666746139526,0.6198346614837646
Age: <40,488,0.617142915725708,0.6094537973403931,0.582698404788971,0.5693000555038452,0.6106194853782654
Age: 40-50,488,0.6376811265945435,0.6875,0.5823798775672913,0.5798949599266052,0.737500011920929
Age: 50-65,488,0.5711127519607544,0.5691280364990234,0.5648488998413086,0.5634920597076416,0.5809524059295654
Race: White,488,0.6032943725585938,0.5308011770248413,0.5279684066772461,0.5285560488700867,0.6640000343322754
Race: Black,488,0.24275362491607666,0.2859848439693451,0.2952898442745209,0.25653594732284546,0.2571428716182709
Race: Other,488,0.7121180295944214,0.7450979948043823,0.6896733641624451,0.6798868179321289,0.7028985619544983
Overall,489,0.6017372608184814,0.5691143274307251,0.555869996547699,0.5465165376663208,0.5868852734565735
Gender: Male,489,0.6440844535827637,0.6925675868988037,0.5559646487236023,0.5036734342575073,0.643750011920929
Gender: Female,489,0.5653170347213745,0.5235059261322021,0.5235867500305176,0.5233217477798462,0.5241379141807556
Age: <40,489,0.6618266105651855,0.5955188274383545,0.5681818127632141,0.5411602854728699,0.5797101259231567
Age: 40-50,489,0.6790779829025269,0.6285425424575806,0.61258864402771,0.6163965463638306,0.6760563254356384
Age: 50-65,489,0.4753880500793457,0.5078125,0.5070953369140625,0.5027052164077759,0.53125
Race: White,489,0.4949128031730652,0.45279306173324585,0.45639535784721375,0.4532672166824341,0.5149253606796265
Race: Black,489,0.3500000238418579,0.261904776096344,0.2750000059604645,0.23248052597045898,0.23333334922790527
Race: Other,489,0.7789987325668335,0.7819865345954895,0.7045177221298218,0.6999328136444092,0.7304964065551758
Overall,490,0.6942523717880249,0.6267441511154175,0.6052312254905701,0.6000838279724121,0.6312292218208313
Gender: Male,490,0.7264389991760254,0.71700119972229,0.6128241419792175,0.5891304016113281,0.6645962595939636
Gender: Female,490,0.6662544012069702,0.588296115398407,0.5880230665206909,0.5881290435791016,0.5928571224212646
Age: <40,490,0.7497106790542603,0.6903793811798096,0.6626157760620117,0.658751904964447,0.6779661178588867
Age: 40-50,490,0.7198276519775391,0.6064676642417908,0.5768678188323975,0.5794872045516968,0.6951219439506531
Age: 50-65,490,0.5919811725616455,0.5357142686843872,0.5324292182922363,0.5167464017868042,0.5247524380683899
Race: White,490,0.6216463446617126,0.5111234784126282,0.5091463327407837,0.5049275159835815,0.5983605980873108
Race: Black,490,0.42236024141311646,0.4099999964237213,0.4161490797996521,0.37655678391456604,0.37837839126586914
Race: Other,490,0.8108108043670654,0.7513172626495361,0.7180047631263733,0.7133985161781311,0.7253521084785461
Overall,491,0.715263843536377,0.6592063307762146,0.6200565099716187,0.6174711585044861,0.6677966117858887
Gender: Male,491,0.6965261697769165,0.73835688829422,0.5803209543228149,0.5609639883041382,0.7125000357627869
Gender: Female,491,0.6973626613616943,0.6147098541259766,0.6120879650115967,0.611209511756897,0.614814817905426
Age: <40,491,0.6958502531051636,0.6742857098579407,0.6234817504882812,0.6181818246841431,0.671875
Age: 40-50,491,0.8335714340209961,0.6765704154968262,0.6485714316368103,0.6567796468734741,0.7283950448036194
Age: 50-65,491,0.6292682886123657,0.6197377443313599,0.5940379500389099,0.5769675970077515,0.604651153087616
Race: White,491,0.6496415138244629,0.5547138452529907,0.5436828136444092,0.5409986972808838,0.6241134405136108
Race: Black,491,0.5333333015441895,0.39316239953041077,0.380952388048172,0.3583333492279053,0.3636363744735718
Race: Other,491,0.8125147819519043,0.8248625993728638,0.7233766317367554,0.727617621421814,0.7651515603065491
Overall,492,0.5956999659538269,0.549140453338623,0.5352364778518677,0.5127299427986145,0.5635738968849182
Gender: Male,492,0.5858018398284912,0.6278538703918457,0.5286006331443787,0.4459574222564697,0.5935483574867249
Gender: Female,492,0.58203125,0.5256410241127014,0.5251736044883728,0.5243715643882751,0.529411792755127
Age: <40,492,0.6134615540504456,0.5480905771255493,0.5326923131942749,0.4931901693344116,0.5348837375640869
Age: 40-50,492,0.6681081056594849,0.5864527821540833,0.5524324178695679,0.5303030610084534,0.6129032373428345
Age: 50-65,492,0.5390657186508179,0.5376983880996704,0.531417965888977,0.5242836475372314,0.5699999928474426
Race: White,492,0.5280112028121948,0.44323819875717163,0.4572829008102417,0.43954330682754517,0.5259259343147278
Race: Black,492,0.32065218687057495,0.3910256624221802,0.36141306161880493,0.33760684728622437,0.35483869910240173
Race: Other,492,0.6943581700325012,0.7050298452377319,0.6244823932647705,0.602117121219635,0.656000018119812
Overall,493,0.6944288015365601,0.663856029510498,0.6187266111373901,0.6142672300338745,0.6677852272987366
Gender: Male,493,0.6735842823982239,0.7847806215286255,0.5981338620185852,0.5843073725700378,0.7245509028434753
Gender: Female,493,0.6620802283287048,0.5967586040496826,0.5932835936546326,0.5907456874847412,0.5954198241233826
Age: <40,493,0.6857142448425293,0.6910377740859985,0.6371428370475769,0.6227973103523254,0.6594203114509583
Age: 40-50,493,0.7826087474822998,0.7212643623352051,0.667391300201416,0.6798245906829834,0.7534246444702148
Age: 50-65,493,0.6437291502952576,0.5708955526351929,0.552719235420227,0.5435184836387634,0.6091954112052917
Race: White,493,0.6358543634414673,0.5977078676223755,0.5704481601715088,0.5751286745071411,0.7266187071800232
Race: Black,493,0.303846150636673,0.37272727489471436,0.36538460850715637,0.3050193190574646,0.3055555522441864
Race: Other,493,0.8428571224212646,0.7523132562637329,0.7019841074943542,0.6900895833969116,0.707317054271698
Overall,494,0.6460425853729248,0.6453818082809448,0.60539710521698,0.5936200022697449,0.639072835445404
Gender: Male,494,0.5537383556365967,0.6322062015533447,0.5327789783477783,0.4686813950538635,0.6285714507102966
Gender: Female,494,0.708085298538208,0.6540378928184509,0.6532738208770752,0.6530054807662964,0.6535432934761047
Age: <40,494,0.6174712181091309,0.6083333492279053,0.5732184052467346,0.5532299876213074,0.6090225577354431
Age: 40-50,494,0.7208888530731201,0.8475033640861511,0.7288888692855835,0.7471619844436646,0.800000011920929
Age: 50-65,494,0.6172385215759277,0.5716748833656311,0.5594362616539001,0.5430932641029358,0.5656565427780151
Race: White,494,0.6026861667633057,0.5939517617225647,0.5675213932991028,0.5655555725097656,0.6617646813392639
Race: Black,494,0.3571428656578064,0.30000001192092896,0.341269850730896,0.23510468006134033,0.23999999463558197
Race: Other,494,0.7437549829483032,0.7282830476760864,0.6799959540367126,0.6674528121948242,0.6879432201385498
Overall,495,0.695752739906311,0.652036190032959,0.6174193620681763,0.6209664344787598,0.688811182975769
Gender: Male,495,0.7163636088371277,0.6013513803482056,0.5327272415161133,0.4998749792575836,0.6875
Gender: Female,495,0.7050000429153442,0.6785991191864014,0.6818420886993408,0.6798071265220642,0.6904762387275696
Age: <40,495,0.7795454263687134,0.8004308938980103,0.693686842918396,0.7114428281784058,0.7835820913314819
Age: 40-50,495,0.7666666507720947,0.6477541327476501,0.6666666865348816,0.6547954082489014,0.7384615540504456
Age: 50-65,495,0.5259809494018555,0.4910714626312256,0.49284201860427856,0.47198307514190674,0.5057471394538879
Race: White,495,0.6209588050842285,0.5605062246322632,0.5486343502998352,0.5487945079803467,0.6564885377883911
Race: Black,495,0.35384613275527954,0.4007936716079712,0.4038461446762085,0.3901515007019043,0.3913043439388275
Race: Other,495,0.8313491344451904,0.7905219793319702,0.7098214030265808,0.7228443622589111,0.7727273106575012
Overall,496,0.6187485456466675,0.5469009280204773,0.536056637763977,0.5246334671974182,0.5810810923576355
Gender: Male,496,0.6227916479110718,0.6170598864555359,0.5513289570808411,0.5205644965171814,0.6463414430618286
Gender: Female,496,0.5722222328186035,0.49145299196243286,0.49166667461395264,0.49052631855010986,0.5
Age: <40,496,0.6735930442810059,0.5924603343009949,0.5672438740730286,0.5446885824203491,0.5847457647323608
Age: 40-50,496,0.7455242872238159,0.6692308187484741,0.6406649351119995,0.6499999761581421,0.7460317611694336
Age: 50-65,496,0.505565881729126,0.44295933842658997,0.4531539976596832,0.43781590461730957,0.48695650696754456
Race: White,496,0.521567702293396,0.39906540513038635,0.4248608648777008,0.404154509305954,0.510948896408081
Race: Black,496,0.5333333015441895,0.4464285671710968,0.4333333373069763,0.2755417823791504,0.2777777910232544
Race: Other,496,0.7236841917037964,0.6813725233078003,0.6506892442703247,0.6525537967681885,0.6879432201385498
Overall,497,0.6907733678817749,0.6667799353599548,0.6331976652145386,0.6260004043579102,0.6555184125900269
Gender: Male,497,0.6806707382202148,0.7235915660858154,0.5896734595298767,0.5730957388877869,0.702531635761261
Gender: Female,497,0.6292364597320557,0.6081984043121338,0.6091262102127075,0.6026569604873657,0.6028368473052979
Age: <40,497,0.6976190209388733,0.7107023596763611,0.6607142686843872,0.6521137952804565,0.6818181872367859
Age: 40-50,497,0.8497023582458496,0.7842261791229248,0.7842261791229248,0.7842261791229248,0.8275861740112305
Age: 50-65,497,0.5726495981216431,0.5179697275161743,0.5152243375778198,0.48270270228385925,0.49425286054611206
Race: White,497,0.6006741523742676,0.5559561252593994,0.5401123762130737,0.5313911437988281,0.6187050342559814
Race: Black,497,0.27272725105285645,0.3055555820465088,0.32102274894714355,0.2924138009548187,0.29629629850387573
Race: Other,497,0.8441176414489746,0.8095607757568359,0.7710407376289368,0.7603603601455688,0.7669172883033752
Overall,498,0.6192445755004883,0.5728070139884949,0.5615782737731934,0.5506206750869751,0.5752508044242859
Gender: Male,498,0.5869518518447876,0.5130208134651184,0.5042780637741089,0.440824031829834,0.5928571224212646
Gender: Female,498,0.5979365110397339,0.5603039264678955,0.5604761838912964,0.5595916509628296,0.5597484111785889
Age: <40,498,0.6770762205123901,0.6352739334106445,0.6219972372055054,0.5921768546104431,0.5963302254676819
Age: 40-50,498,0.7390313148498535,0.5759740471839905,0.5666666626930237,0.5688586235046387,0.6630434989929199
Age: 50-65,498,0.44708335399627686,0.4692234992980957,0.4729166626930237,0.45485666394233704,0.4693877398967743
Race: White,498,0.47663357853889465,0.4269265830516815,0.4337261915206909,0.4286099970340729,0.4965517222881317
Race: Black,498,0.2467532455921173,0.2874999940395355,0.2792207896709442,0.2755417823791504,0.2777777910232544
Race: Other,498,0.8096491098403931,0.7733280658721924,0.726754367351532,0.6911659240722656,0.6985294222831726
Overall,499,0.7018228769302368,0.6263996362686157,0.6054238080978394,0.6019650101661682,0.6357616186141968
Gender: Male,499,0.748948335647583,0.7074962854385376,0.6039663553237915,0.5889766216278076,0.6845238208770752
Gender: Female,499,0.6546875238418579,0.5735524296760559,0.573437511920929,0.5734628438949585,0.5746268630027771
Age: <40,499,0.7197802066802979,0.6464735865592957,0.627661406993866,0.6280953884124756,0.6580644845962524
Age: 40-50,499,0.7963414192199707,0.6338140964508057,0.6018292903900146,0.6053796410560608,0.6885245442390442
Age: 50-65,499,0.5784631967544556,0.5743589997291565,0.5627706050872803,0.5422969460487366,0.5581395626068115
Race: White,499,0.5724973678588867,0.4791925549507141,0.48271411657333374,0.4725913405418396,0.5275590419769287
Race: Black,499,0.3958333730697632,0.33441558480262756,0.3229166865348816,0.31561994552612305,0.3199999928474426
Race: Other,499,0.8209614753723145,0.8022727370262146,0.7449806928634644,0.7537190914154053,0.7800000309944153
Overall,500,0.6973080039024353,0.6787096858024597,0.6405683755874634,0.6390700340270996,0.6780821681022644
Gender: Male,500,0.6620612144470215,0.7202380895614624,0.586351752281189,0.5715864896774292,0.7096773982048035
Gender: Female,500,0.6702898740768433,0.6450216770172119,0.6427962779998779,0.6411119699478149,0.6423357725143433
Age: <40,500,0.7584415674209595,0.7243589758872986,0.6461038589477539,0.6211340427398682,0.6598639488220215
Age: 40-50,500,0.8164706230163574,0.7662338018417358,0.7411764860153198,0.7506152391433716,0.7894737124443054
Age: 50-65,500,0.4982110857963562,0.5625,0.5603756904602051,0.5609090924263,0.5942029356956482
Race: White,500,0.6629478931427002,0.5904858112335205,0.5755578279495239,0.5789377689361572,0.6859503984451294
Race: Black,500,0.35185185074806213,0.36764705181121826,0.3611111044883728,0.3324176073074341,0.3333333432674408
Race: Other,500,0.7659903764724731,0.7868131995201111,0.7269564867019653,0.7185184955596924,0.7361111044883728
Overall,501,0.6484977006912231,0.6151008605957031,0.5942171216011047,0.5935556888580322,0.6448276042938232
Gender: Male,501,0.6382217407226562,0.6435837149620056,0.5625106692314148,0.5385034084320068,0.668749988079071
Gender: Female,501,0.6535087823867798,0.6075191497802734,0.6094054579734802,0.6078667640686035,0.6153846383094788
Age: <40,501,0.5862785577774048,0.630987286567688,0.6044698357582092,0.6005635857582092,0.6428571939468384
Age: 40-50,501,0.770370364189148,0.6867924928665161,0.6222222447395325,0.6326530575752258,0.7460317611694336
Age: 50-65,501,0.662195086479187,0.5586007237434387,0.5534552335739136,0.5521537065505981,0.5841584205627441
Race: White,501,0.6048543453216553,0.5228835940361023,0.5209951400756836,0.5210742354393005,0.6293706297874451
Race: Black,501,0.09803920984268188,0.15555556118488312,0.19607843458652496,0.12878787517547607,0.1304347813129425
Race: Other,501,0.823280394077301,0.7803030014038086,0.7349206209182739,0.7383966445922852,0.7580645084381104
Overall,502,0.6665616035461426,0.6609585285186768,0.6261938810348511,0.6240648627281189,0.6666666865348816
Gender: Male,502,0.5858928561210632,0.6238095760345459,0.5487499833106995,0.5284823179244995,0.6975308656692505
Gender: Female,502,0.6730536222457886,0.6361780166625977,0.6345300674438477,0.6307413578033447,0.631205677986145
Age: <40,502,0.6602381467819214,0.7200000286102295,0.6571428775787354,0.6431372761726379,0.6769230961799622
Age: 40-50,502,0.7634615898132324,0.7242424488067627,0.7134615182876587,0.7176586389541626,0.7439023852348328
Age: 50-65,502,0.5928792953491211,0.516901433467865,0.5123839378356934,0.49971064925193787,0.5824176073074341
Race: White,502,0.6563552021980286,0.5717036724090576,0.5509259700775146,0.5497793555259705,0.6776315569877625
Race: Black,502,0.4444444477558136,0.5288461446762085,0.5333333611488342,0.471395879983902,0.4761904776096344
Race: Other,502,0.6781065464019775,0.7110389471054077,0.6846153736114502,0.6744242906570435,0.6846153736114502
Overall,503,0.6644450426101685,0.6234419345855713,0.5945594310760498,0.587433934211731,0.6338983178138733
Gender: Male,503,0.6817877292633057,0.6816810369491577,0.5705557465553284,0.5438099503517151,0.6770186424255371
Gender: Female,503,0.5993310809135437,0.581681489944458,0.5799331665039062,0.5787109732627869,0.5820895433425903
Age: <40,503,0.7169355154037476,0.6729997396469116,0.6505376100540161,0.6367790699005127,0.6475409269332886
Age: 40-50,503,0.7963636517524719,0.6672727465629578,0.6672727465629578,0.6672727465629578,0.8032786250114441
Age: 50-65,503,0.5283870697021484,0.4926722049713135,0.4951612949371338,0.46148961782455444,0.5267857313156128
Race: White,503,0.5768858790397644,0.4909909963607788,0.494197279214859,0.4744850993156433,0.5925925970077515
Race: Black,503,0.33766233921051025,0.4965277910232544,0.4967532455921173,0.47665053606033325,0.47999998927116394
Race: Other,503,0.7803800106048584,0.7243421077728271,0.6883561611175537,0.6848739385604858,0.7037037014961243
Overall,504,0.6463267803192139,0.5877134799957275,0.564833402633667,0.5423949956893921,0.5800000429153442
Gender: Male,504,0.6247302293777466,0.6577357053756714,0.5603607892990112,0.5103682279586792,0.6196318864822388
Gender: Female,504,0.6495726108551025,0.5388007164001465,0.5376068353652954,0.5308219194412231,0.5328466892242432
Age: <40,504,0.6391242742538452,0.6048387289047241,0.5765066146850586,0.5280576348304749,0.5496183037757874
Age: 40-50,504,0.8421769142150879,0.7390648722648621,0.7156462669372559,0.7257143259048462,0.8125
Age: 50-65,504,0.5479302406311035,0.47822141647338867,0.4825708270072937,0.4521392583847046,0.4761905074119568
Race: White,504,0.500485897064209,0.4220297038555145,0.43877550959587097,0.42308974266052246,0.5112782120704651
Race: Black,504,0.5,0.45394736528396606,0.4363636374473572,0.32499998807907104,0.3333333432674408
Race: Other,504,0.8071428537368774,0.7676296234130859,0.6928571462631226,0.6697932481765747,0.6928571462631226
Overall,505,0.6380558013916016,0.5707294344902039,0.5598517656326294,0.5446721315383911,0.5643564462661743
Gender: Male,505,0.6464866399765015,0.6253435015678406,0.5688412189483643,0.5375494360923767,0.6153846383094788
Gender: Female,505,0.5750093460083008,0.514832079410553,0.5148709416389465,0.5101814270019531,0.5102040767669678
Age: <40,505,0.6773823499679565,0.6206896305084229,0.6084960103034973,0.5968044996261597,0.6060606241226196
Age: 40-50,505,0.7373912930488586,0.6189271211624146,0.602173924446106,0.6048237681388855,0.6619718074798584
Age: 50-65,505,0.5373376607894897,0.4583333134651184,0.46590909361839294,0.4252873659133911,0.4399999976158142
Race: White,505,0.5853480100631714,0.48760420083999634,0.48965203762054443,0.4771929979324341,0.5167785286903381
Race: Black,505,0.5694444179534912,0.45384615659713745,0.4583333432674408,0.38699692487716675,0.3888888955116272
Race: Other,505,0.7271939516067505,0.66847825050354,0.6477789878845215,0.6309055685997009,0.6397058963775635
Overall,506,0.6943889260292053,0.6215357184410095,0.5968279242515564,0.5935764312744141,0.6405228972434998
Gender: Male,506,0.6404162645339966,0.525570273399353,0.5107952952384949,0.4737846553325653,0.6331360936164856
Gender: Female,506,0.7256410121917725,0.648619532585144,0.6472222208976746,0.6473616361618042,0.6496350169181824
Age: <40,506,0.7024561166763306,0.6130867600440979,0.5929824709892273,0.5869837403297424,0.6212121248245239
Age: 40-50,506,0.699999988079071,0.6927083730697632,0.6138461828231812,0.6140351295471191,0.7105263471603394
Age: 50-65,506,0.6599137783050537,0.5901961326599121,0.5793103575706482,0.5777778029441833,0.6122449040412903
Race: White,506,0.7140804529190063,0.5981366634368896,0.5908045768737793,0.5932216048240662,0.6614173054695129
Race: Black,506,0.38528138399124146,0.3136363625526428,0.32251083850860596,0.2805474102497101,0.28125
Race: Other,506,0.755597710609436,0.7230609059333801,0.6626185774803162,0.6597222089767456,0.7006802558898926
Overall,507,0.6240746974945068,0.5582844614982605,0.5478998422622681,0.5300462245941162,0.55409836769104
Gender: Male,507,0.7021467685699463,0.6532531976699829,0.5740906596183777,0.520739734172821,0.5914633870124817
Gender: Female,507,0.5482897758483887,0.5104250907897949,0.5103621482849121,0.5097505450248718,0.5106382966041565
Age: <40,507,0.7286522388458252,0.6582417488098145,0.6296296119689941,0.585820198059082,0.5952381491661072
Age: 40-50,507,0.5770975351333618,0.6029411554336548,0.5714285969734192,0.5689149498939514,0.6666666865348816
Age: 50-65,507,0.5225037336349487,0.43512195348739624,0.4405364990234375,0.43137258291244507,0.4482758641242981
Race: White,507,0.5166866779327393,0.381914883852005,0.39339736104011536,0.38597702980041504,0.45522385835647583
Race: Black,507,0.3642857074737549,0.28703704476356506,0.25357142090797424,0.1507352888584137,0.1515151560306549
Race: Other,507,0.8059701919555664,0.7976190447807312,0.7522598505020142,0.7377707958221436,0.7463768124580383
Overall,508,0.6650273203849792,0.6378204822540283,0.608941912651062,0.6094821095466614,0.6655290126800537
Gender: Male,508,0.6315789222717285,0.6784406304359436,0.5650267004966736,0.5532177686691284,0.731249988079071
Gender: Female,508,0.5980525016784668,0.5854328870773315,0.5844656229019165,0.5841150879859924,0.5864661931991577
Age: <40,508,0.6408417224884033,0.6285578608512878,0.5972023010253906,0.5945122241973877,0.6541353464126587
Age: 40-50,508,0.8585034608840942,0.7660256624221802,0.7258503437042236,0.7418408393859863,0.828125
Age: 50-65,508,0.5786713361740112,0.5669068098068237,0.5568181872367859,0.5469092130661011,0.5729166865348816
Race: White,508,0.5520217418670654,0.45398229360580444,0.4615384638309479,0.455620139837265,0.6013985872268677
Race: Black,508,0.0,0.3333333432674408,0.13333334028720856,0.190476194024086,0.23529411852359772
Race: Other,508,0.8339517712593079,0.8207330703735352,0.7597402334213257,0.7673662900924683,0.7894737124443054
Overall,509,0.6347479820251465,0.6196544766426086,0.5927718877792358,0.5734127163887024,0.6013289093971252
Gender: Male,509,0.6062288284301758,0.700653612613678,0.5473327040672302,0.4737354516983032,0.6134968996047974
Gender: Female,509,0.6256366968154907,0.5869565010070801,0.5878608226776123,0.5858910083770752,0.5869565606117249
Age: <40,509,0.6455782651901245,0.6926392316818237,0.6317460536956787,0.5897296667098999,0.6165413856506348
Age: 40-50,509,0.657516360282898,0.6100543737411499,0.6058823466300964,0.6077256202697754,0.6935483813285828
Age: 50-65,509,0.6346982717514038,0.5518790483474731,0.5456178188323975,0.5199275016784668,0.5283018946647644
Race: White,509,0.5449438095092773,0.5176224708557129,0.5132583975791931,0.5034781098365784,0.5899280905723572
Race: Black,509,0.33157896995544434,0.33838385343551636,0.33157896995544434,0.3095238208770752,0.3103448152542114
Race: Other,509,0.7940905094146729,0.7594313025474548,0.7127193212509155,0.6692116260528564,0.6766917705535889
Overall,510,0.7070918083190918,0.6680118441581726,0.6342940330505371,0.6312872171401978,0.6666666269302368
Gender: Male,510,0.7126991748809814,0.7311643958091736,0.6086431741714478,0.6026483178138733,0.7168674468994141
Gender: Female,510,0.6229546070098877,0.6067560911178589,0.60600745677948,0.6028451919555664,0.6030534505844116
Age: <40,510,0.738196611404419,0.6666666269302368,0.6253870129585266,0.6086956262588501,0.6388888955116272
Age: 40-50,510,0.8660714030265808,0.7834051847457886,0.7609126567840576,0.7708978652954102,0.8378378748893738
Age: 50-65,510,0.535897433757782,0.565527081489563,0.5589743852615356,0.5464982986450195,0.5569620132446289
Race: White,510,0.5369586944580078,0.515625,0.5117225646972656,0.5054491758346558,0.6250000596046448
Race: Black,510,0.5800000429153442,0.4826388955116272,0.4750000238418579,0.3842364549636841,0.3999999761581421
Race: Other,510,0.8138641715049744,0.7668170928955078,0.7271695137023926,0.727260172367096,0.7434210777282715
Overall,511,0.6358133554458618,0.6239924430847168,0.5945024490356445,0.5760611891746521,0.6073825359344482
Gender: Male,511,0.5971040725708008,0.6721014380455017,0.5515837073326111,0.4845961332321167,0.6066666841506958
Gender: Female,511,0.6606359481811523,0.6119791269302368,0.6100146770477295,0.6069597005844116,0.6081081032752991
Age: <40,511,0.6764112710952759,0.6406976580619812,0.6219757795333862,0.607068657875061,0.6190476417541504
Age: 40-50,511,0.6404988765716553,0.6833333373069763,0.5887747406959534,0.5688677430152893,0.6710526347160339
Age: 50-65,511,0.5572916269302368,0.5527472496032715,0.5416666269302368,0.5162620544433594,0.5416666865348816
Race: White,511,0.6009791493415833,0.5166666507720947,0.5123419165611267,0.49739229679107666,0.5664335489273071
Race: Black,511,0.03999999538064003,0.25,0.07999999821186066,0.12121212482452393,0.13793103396892548
Race: Other,511,0.7753604650497437,0.8087912201881409,0.7487983703613281,0.7454888224601746,0.7619048357009888
Overall,512,0.6830306053161621,0.6530534029006958,0.6218302845954895,0.6168341636657715,0.6524590253829956
Gender: Male,512,0.6700937747955322,0.7879310250282288,0.5753066539764404,0.5380029678344727,0.6903225779533386
Gender: Female,512,0.660622239112854,0.6136566400527954,0.6133333444595337,0.6130582094192505,0.6133333444595337
Age: <40,512,0.7199645042419434,0.6959134340286255,0.644792377948761,0.6409406661987305,0.6838235259056091
Age: 40-50,512,0.7190476655960083,0.7532274127006531,0.7023809552192688,0.7061224579811096,0.7361111044883728
Age: 50-65,512,0.5840480327606201,0.5335820913314819,0.5289450883865356,0.51936936378479,0.5463917255401611
Race: White,512,0.5729166865348816,0.5157563090324402,0.5127550959587097,0.5082462430000305,0.602739691734314
Race: Black,512,0.658730149269104,0.675000011920929,0.6388888955116272,0.47665053606033325,0.47999998927116394
Race: Other,512,0.8060200810432434,0.7709627151489258,0.7334448099136353,0.7277529239654541,0.7388059496879578
Overall,513,0.6869488954544067,0.6364970207214355,0.6035923361778259,0.5957127809524536,0.6397306323051453
Gender: Male,513,0.6377801299095154,0.6730442047119141,0.5712535381317139,0.5585201382637024,0.7116564512252808
Gender: Female,513,0.6451977491378784,0.5625426769256592,0.5620338916778564,0.5521390438079834,0.5522388219833374
Age: <40,513,0.7433434724807739,0.6927083730697632,0.6413138508796692,0.6359903812408447,0.6788321137428284
Age: 40-50,513,0.8038277626037598,0.6740195751190186,0.6273923516273499,0.6363327503204346,0.7301587462425232
Age: 50-65,513,0.5297619104385376,0.5332150459289551,0.5278486609458923,0.5068523287773132,0.5257731676101685
Race: White,513,0.5702381134033203,0.4898921847343445,0.4928571283817291,0.4755735397338867,0.5671641826629639
Race: Black,513,0.5873016119003296,0.4732142984867096,0.4761905074119568,0.43047618865966797,0.43478262424468994
Race: Other,513,0.8041770458221436,0.7739938497543335,0.7196029424667358,0.7200000286102295,0.7428571581840515
Overall,514,0.6824424266815186,0.6325595378875732,0.6026267409324646,0.597070574760437,0.6421404480934143
Gender: Male,514,0.6977002620697021,0.7104246616363525,0.5691514611244202,0.522913932800293,0.6481481790542603
Gender: Female,514,0.7016514539718628,0.6289905309677124,0.6299434900283813,0.6293289661407471,0.6350364685058594
Age: <40,514,0.717332124710083,0.6752175092697144,0.6324864029884338,0.6256285905838013,0.6641790866851807
Age: 40-50,514,0.732007622718811,0.75,0.685606062412262,0.7008547186851501,0.7714285850524902
Age: 50-65,514,0.5708556175231934,0.5007995963096619,0.500668466091156,0.485640287399292,0.5157895088195801
Race: White,514,0.6232215166091919,0.5286787152290344,0.5213414430618286,0.5110354423522949,0.5923076868057251
Race: Black,514,0.3125,0.29285717010498047,0.33522728085517883,0.28050491213798523,0.29629629850387573
Race: Other,514,0.8020325303077698,0.7743340730667114,0.7239837646484375,0.7286376953125,0.7535210847854614
Overall,515,0.669084906578064,0.6119824647903442,0.5934217572212219,0.5848276019096375,0.6112956404685974
Gender: Male,515,0.6913237571716309,0.6211920976638794,0.5423023700714111,0.49727436900138855,0.6385542154312134
Gender: Female,515,0.5735489130020142,0.5743482112884521,0.5745458602905273,0.5744151473045349,0.5777777433395386
Age: <40,515,0.6781353950500488,0.6535947918891907,0.6304106712341309,0.5953177213668823,0.6033057570457458
Age: 40-50,515,0.7495652437210083,0.6571428775787354,0.6147825717926025,0.6171568632125854,0.6901408433914185
Age: 50-65,515,0.6185314655303955,0.5422297120094299,0.5393356680870056,0.5383436679840088,0.5688073039054871
Race: White,515,0.6047078371047974,0.47849464416503906,0.4821428656578064,0.47622886300086975,0.5769230723381042
Race: Black,515,0.29333335161209106,0.3784722089767456,0.38333332538604736,0.3589743673801422,0.35999998450279236
Race: Other,515,0.7926136255264282,0.728103756904602,0.7032196521759033,0.6800686120986938,0.6849315166473389
Overall,516,0.6727749109268188,0.6379987001419067,0.6006156802177429,0.6000928282737732,0.6722407937049866
Gender: Male,516,0.6835254430770874,0.7130252122879028,0.5687457323074341,0.5471557974815369,0.7119565606117249
Gender: Female,516,0.6456400156021118,0.6007692813873291,0.6012677550315857,0.6009715795516968,0.6086956262588501
Age: <40,516,0.6479910612106323,0.6089884042739868,0.5776785612106323,0.5515667796134949,0.5895522236824036
Age: 40-50,516,0.7051724195480347,0.6970587968826294,0.615517258644104,0.6285714507102966,0.7692307829856873
Age: 50-65,516,0.6785714626312256,0.637567937374115,0.6339285969734192,0.6356173753738403,0.7126436829566956
Race: White,516,0.6919987201690674,0.5949074029922485,0.582356870174408,0.586872935295105,0.7348484992980957
Race: Black,516,0.398809552192688,0.3777777850627899,0.369047611951828,0.3095238208770752,0.3103448152542114
Race: Other,516,0.6883620619773865,0.7074163556098938,0.6482758522033691,0.6434537172317505,0.6884058117866516
Overall,517,0.6518868207931519,0.5949752330780029,0.5792227983474731,0.5675913095474243,0.5919732451438904
Gender: Male,517,0.6536368727684021,0.5703020095825195,0.5299971103668213,0.47728878259658813,0.5857987999916077
Gender: Female,517,0.6534630060195923,0.5991461277008057,0.5991461277008057,0.5991461277008057,0.6000000238418579
Age: <40,517,0.6534437537193298,0.6017786264419556,0.5897994637489319,0.5659255981445312,0.5735294222831726
Age: 40-50,517,0.640625,0.5956937670707703,0.5625,0.5612903237342834,0.6911764740943909
Age: 50-65,517,0.6526175737380981,0.5469208359718323,0.5425909757614136,0.5341544151306152,0.5473684668540955
Race: White,517,0.5852222442626953,0.4723767042160034,0.47806888818740845,0.46802327036857605,0.5573770403862
Race: Black,517,0.5476190447807312,0.4802631735801697,0.4761905074119568,0.3668965697288513,0.37037038803100586
Race: Other,517,0.7256401181221008,0.6806298494338989,0.662162184715271,0.6518137454986572,0.6600000262260437
Overall,518,0.6688500642776489,0.6289352178573608,0.6027722954750061,0.5929986238479614,0.625
Gender: Male,518,0.6409214735031128,0.6876068115234375,0.5594850778579712,0.5242576599121094,0.6771653294563293
Gender: Female,518,0.6351009607315063,0.5920635461807251,0.5895061492919922,0.5840365886688232,0.5857987999916077
Age: <40,518,0.7425044178962708,0.6722183227539062,0.6428571343421936,0.6357409954071045,0.6581196784973145
Age: 40-50,518,0.6690086126327515,0.6126893758773804,0.5928961634635925,0.5986380577087402,0.7195121645927429
Age: 50-65,518,0.570733904838562,0.5497512817382812,0.5442086458206177,0.5008576512336731,0.5051546096801758
Race: White,518,0.5475403070449829,0.46175727248191833,0.474989652633667,0.4431476593017578,0.5248226523399353
Race: Black,518,0.4952380955219269,0.4553571343421936,0.4523809552192688,0.4078674912452698,0.40909093618392944
Race: Other,518,0.8030233383178711,0.7798774242401123,0.751030683517456,0.7544225454330444,0.7669172883033752
Overall,519,0.6789275407791138,0.638407826423645,0.6089743375778198,0.6052631735801697,0.6491228342056274
Gender: Male,519,0.6601415872573853,0.6637700796127319,0.5510204434394836,0.5183760523796082,0.6870748400688171
Gender: Female,519,0.6552520990371704,0.6090831756591797,0.6079832315444946,0.607376217842102,0.6086956858634949
Age: <40,519,0.7389322519302368,0.6904761791229248,0.6458333134651184,0.641536295413971,0.6785714626312256
Age: 40-50,519,0.6807065010070801,0.6462979316711426,0.6114130020141602,0.6067227125167847,0.6538461446762085
Age: 50-65,519,0.5945945978164673,0.5760869979858398,0.5636067390441895,0.5606799125671387,0.6105263233184814
Race: White,519,0.6696629524230957,0.6283701062202454,0.6046192049980164,0.6082137823104858,0.6791044473648071
Race: Black,519,0.42105263471603394,0.3903743326663971,0.38011693954467773,0.35384616255760193,0.3571428656578064
Race: Other,519,0.7353100180625916,0.7000000476837158,0.6504043340682983,0.6454282999038696,0.6829267740249634
Overall,520,0.6444910168647766,0.597351610660553,0.5762009620666504,0.5686967372894287,0.615646243095398
Gender: Male,520,0.6359899044036865,0.6107456088066101,0.5319417715072632,0.47648435831069946,0.6341463327407837
Gender: Female,520,0.6285713911056519,0.5912106037139893,0.5916666984558105,0.5911221504211426,0.5923076868057251
Age: <40,520,0.6128485202789307,0.6366666555404663,0.5993939638137817,0.5892437100410461,0.6384615302085876
Age: 40-50,520,0.8402646780014038,0.7305424213409424,0.6847826242446899,0.696192741394043,0.7536231875419617
Age: 50-65,520,0.5352050065994263,0.46447229385375977,0.4696969985961914,0.45498186349868774,0.4842105507850647
Race: White,520,0.6604621410369873,0.6000000238418579,0.5866495370864868,0.5896033048629761,0.6666666865348816
Race: Black,520,0.4220779240131378,0.36666667461395264,0.37012988328933716,0.3589743673801422,0.35999998450279236
Race: Other,520,0.6739602088928223,0.6411027908325195,0.6018083095550537,0.5809030532836914,0.6174496412277222
Overall,521,0.6659946441650391,0.5966899394989014,0.5770833492279053,0.5589970350265503,0.5852842926979065
Gender: Male,521,0.7067716121673584,0.6824675798416138,0.5877686142921448,0.5322299599647522,0.597765326499939
Gender: Female,521,0.6516290903091431,0.5655806064605713,0.5655806064605713,0.5655806064605713,0.5666667222976685
Age: <40,521,0.651904821395874,0.6577631831169128,0.6202380657196045,0.6065932512283325,0.6384615302085876
Age: 40-50,521,0.6884700655937195,0.5333333611488342,0.5266075134277344,0.5217127203941345,0.60317462682724
Age: 50-65,521,0.6304985284805298,0.5457516312599182,0.5410557389259338,0.5050287246704102,0.5094339847564697
Race: White,521,0.6024096012115479,0.504307746887207,0.5034939646720886,0.49542126059532166,0.5639097690582275
Race: Black,521,0.42105263471603394,0.46875,0.4578947424888611,0.3650793731212616,0.375
Race: Other,521,0.7506467700004578,0.6892156600952148,0.6536318063735962,0.6273732781410217,0.6408450603485107
Overall,522,0.7100037336349487,0.6617498397827148,0.6339268684387207,0.6329625844955444,0.6666666269302368
Gender: Male,522,0.7230288982391357,0.7458903789520264,0.6120998859405518,0.5999213457107544,0.7048192620277405
Gender: Female,522,0.6659663915634155,0.6177637577056885,0.6177637577056885,0.6177637577056885,0.6183205842971802
Age: <40,522,0.6959999799728394,0.6362282037734985,0.6066666841506958,0.5951162576675415,0.6272727251052856
Age: 40-50,522,0.7857142686843872,0.7559523582458496,0.7362637519836426,0.7435897588729858,0.7750000357627869
Age: 50-65,522,0.6824661493301392,0.6181818246841431,0.5972915291786194,0.5919145941734314,0.6261681914329529
Race: White,522,0.7182072401046753,0.6326460838317871,0.608123242855072,0.6123321056365967,0.6850393414497375
Race: Black,522,0.2986111044883728,0.36538460850715637,0.3541666865348816,0.350649356842041,0.35999998450279236
Race: Other,522,0.7487533092498779,0.7267823219299316,0.685462236404419,0.6815791130065918,0.7034482955932617
Overall,523,0.6743614673614502,0.6308813095092773,0.6056385636329651,0.5999844074249268,0.6357388496398926
Gender: Male,523,0.6979166865348816,0.7083333730697632,0.5826149582862854,0.5553245544433594,0.6753246784210205
Gender: Female,523,0.6093816757202148,0.5909481048583984,0.5904051065444946,0.5901709794998169,0.5912408828735352
Age: <40,523,0.7393641471862793,0.6607034206390381,0.623889684677124,0.5920498371124268,0.6106870174407959
Age: 40-50,523,0.6343433856964111,0.5965517163276672,0.5848484635353088,0.5888978242874146,0.7123287916183472
Age: 50-65,523,0.6020408272743225,0.5991227626800537,0.5910311341285706,0.5896226167678833,0.6091954112052917
Race: White,523,0.547385573387146,0.4836956560611725,0.4843137264251709,0.48384949564933777,0.596774160861969
Race: Black,523,0.3095238208770752,0.24632352590560913,0.2261904776096344,0.19871795177459717,0.19999998807907104
Race: Other,523,0.8391900062561035,0.8172765970230103,0.7530275583267212,0.734634518623352,0.7464788556098938
Overall,524,0.6274038553237915,0.5962544679641724,0.5713988542556763,0.5579288601875305,0.6060605645179749
Gender: Male,524,0.6193621158599854,0.7440228462219238,0.5756282210350037,0.5306122303009033,0.6583850979804993
Gender: Female,524,0.5904948115348816,0.5406719446182251,0.5399305820465088,0.53923499584198,0.5441176295280457
Age: <40,524,0.6185417175292969,0.5979797840118408,0.5808333158493042,0.5698496699333191,0.597122311592102
Age: 40-50,524,0.7009433507919312,0.6141025424003601,0.5839622616767883,0.5888978242874146,0.7123287916183472
Age: 50-65,524,0.5975610017776489,0.559286892414093,0.539634108543396,0.49223417043685913,0.529411792755127
Race: White,524,0.5683660507202148,0.42788460850715637,0.4490196108818054,0.42842239141464233,0.5461538434028625
Race: Black,524,0.3127571940422058,0.39464884996414185,0.37037038803100586,0.32499998807907104,0.3333333432674408
Race: Other,524,0.7621428966522217,0.7754103541374207,0.7077381014823914,0.70911705493927,0.7404580116271973
Overall,525,0.6759512424468994,0.6311987042427063,0.613162100315094,0.6135522127151489,0.6498316526412964
Gender: Male,525,0.73577880859375,0.6783217191696167,0.5587453842163086,0.5211334228515625,0.6666666865348816
Gender: Female,525,0.6467946171760559,0.6345300674438477,0.6361780166625977,0.6307413578033447,0.631205677986145
Age: <40,525,0.7290397882461548,0.6581300497055054,0.6366510391235352,0.6307598352432251,0.6488549709320068
Age: 40-50,525,0.6927272081375122,0.692251443862915,0.6593939065933228,0.6702898740768433,0.7582417726516724
Age: 50-65,525,0.5375180244445801,0.5034722089767456,0.5032467842102051,0.5,0.5200000405311584
Race: White,525,0.593206524848938,0.5147937536239624,0.5141304731369019,0.5141329169273376,0.5984848737716675
Race: Black,525,0.3015872836112976,0.22499999403953552,0.2380952537059784,0.21590909361839294,0.21739131212234497
Race: Other,525,0.802397608757019,0.8004761934280396,0.7521478533744812,0.7525740265846252,0.7676056027412415
Overall,526,0.6864504218101501,0.6603740453720093,0.6254658699035645,0.6149986982345581,0.6452702879905701
Gender: Male,526,0.6502079963684082,0.7011990547180176,0.5758726596832275,0.546845555305481,0.6753246784210205
Gender: Female,526,0.6452323794364929,0.6197508573532104,0.6193910241127014,0.612656831741333,0.6126760244369507
Age: <40,526,0.6673160195350647,0.6122031211853027,0.5889610052108765,0.570287823677063,0.5955882668495178
Age: 40-50,526,0.7606837749481201,0.7823315262794495,0.7207977175712585,0.7358899116516113,0.7848101258277893
Age: 50-65,526,0.644688606262207,0.6236881613731384,0.6007326245307922,0.5760507583618164,0.5925925970077515
Race: White,526,0.6503527164459229,0.5563063025474548,0.5358244776725769,0.5127032399177551,0.5912408828735352
Race: Black,526,0.3333333134651184,0.3166666626930237,0.3253968358039856,0.30980393290519714,0.3125
Race: Other,526,0.7610567808151245,0.7641192078590393,0.7306262254714966,0.724442183971405,0.7342657446861267
Overall,527,0.6084825992584229,0.6055811047554016,0.5735765695571899,0.5576642155647278,0.6138613820075989
Gender: Male,527,0.5666154026985168,0.6298701167106628,0.5338461399078369,0.47005802392959595,0.6242424249649048
Gender: Female,527,0.668074369430542,0.5981379747390747,0.5945945978164673,0.5937483310699463,0.6014493107795715
Age: <40,527,0.6535959243774414,0.5978121161460876,0.5780822038650513,0.5611655116081238,0.5882353186607361
Age: 40-50,527,0.6739130020141602,0.6414141654968262,0.5702341198921204,0.5630296468734741,0.7066667079925537
Age: 50-65,527,0.45021647214889526,0.5583333373069763,0.5378787517547607,0.5098039507865906,0.5733333230018616
Race: White,527,0.46474358439445496,0.4372043013572693,0.4532051086425781,0.43733692169189453,0.5508474707603455
Race: Black,527,0.22500000894069672,0.2738095223903656,0.18333333730697632,0.16346153616905212,0.17241379618644714
Race: Other,527,0.7631445527076721,0.7930524349212646,0.7010989189147949,0.7024604082107544,0.7435897588729858
Overall,528,0.7118298411369324,0.6210196614265442,0.598557710647583,0.5964981317520142,0.6416382193565369
Gender: Male,528,0.704242467880249,0.5464774966239929,0.5164502263069153,0.4734107255935669,0.643750011920929
Gender: Female,528,0.7144479751586914,0.6380208730697632,0.6384598016738892,0.6380952596664429,0.6390977501869202
Age: <40,528,0.6876634359359741,0.6083927750587463,0.5695292353630066,0.5407379865646362,0.5955882668495178
Age: 40-50,528,0.8266369104385376,0.7172619104385376,0.7172619104385376,0.7172619104385376,0.7368420958518982
Age: 50-65,528,0.6550068855285645,0.5708395838737488,0.5648148059844971,0.5660714507102966,0.6296296119689941
Race: White,528,0.7408568859100342,0.6191833019256592,0.6311389803886414,0.6230158805847168,0.6833333969116211
Race: Black,528,0.43274855613708496,0.375,0.3830409646034241,0.320561945438385,0.3214285969734192
Race: Other,528,0.7578846216201782,0.7072721719741821,0.6408653855323792,0.626288652420044,0.6689655184745789
Overall,529,0.6860572099685669,0.6379227042198181,0.6181596517562866,0.6144869327545166,0.6397306323051453
Gender: Male,529,0.6961886882781982,0.6963768005371094,0.5737749338150024,0.5412428975105286,0.6666666865348816
Gender: Female,529,0.6486591100692749,0.6110144853591919,0.6108431220054626,0.6108108162879944,0.6111111044883728
Age: <40,529,0.7134453058242798,0.6889215707778931,0.6483193635940552,0.6260576248168945,0.6449275612831116
Age: 40-50,529,0.7489176988601685,0.667251467704773,0.6547619104385376,0.6590973138809204,0.703125
Age: 50-65,529,0.6359890103340149,0.5696721076965332,0.5661630034446716,0.5662100315093994,0.5894737243652344
Race: White,529,0.6048077344894409,0.5367501974105835,0.535737156867981,0.5360623598098755,0.5966386795043945
Race: Black,529,0.3153846263885498,0.3095238208770752,0.3153846263885498,0.3030303120613098,0.30434784293174744
Race: Other,529,0.8119586706161499,0.7788697481155396,0.7268487811088562,0.7102299928665161,0.72258061170578
Overall,530,0.7019023895263672,0.6234917044639587,0.6105158925056458,0.6018466949462891,0.6136363744735718
Gender: Male,530,0.726030170917511,0.6463104486465454,0.546919584274292,0.49382221698760986,0.6293706297874451
Gender: Female,530,0.6312556266784668,0.5932102203369141,0.5937968492507935,0.5934139490127563,0.5999999642372131
Age: <40,530,0.7817114591598511,0.6946858167648315,0.6714107990264893,0.6579091548919678,0.6666666865348816
Age: 40-50,530,0.879332423210144,0.8536251783370972,0.8318356871604919,0.841269850730896,0.8666667342185974
Age: 50-65,530,0.4393234848976135,0.38552629947662354,0.38964056968688965,0.37592649459838867,0.37755101919174194
Race: White,530,0.6593406200408936,0.5599486231803894,0.5570207834243774,0.557889461517334,0.6176470518112183
Race: Black,530,0.44999998807907104,0.3888888955116272,0.3499999940395355,0.24475525319576263,0.25
Race: Other,530,0.7753188610076904,0.6979950070381165,0.6926106214523315,0.6685405969619751,0.6689189076423645
Overall,531,0.6914746761322021,0.633440375328064,0.6014516353607178,0.5950099229812622,0.6421404480934143
Gender: Male,531,0.6892787218093872,0.6972222328186035,0.5622806549072266,0.5171014070510864,0.6530612111091614
Gender: Female,531,0.7130817174911499,0.6247522830963135,0.6215978860855103,0.6221591234207153,0.6315789222717285
Age: <40,531,0.6381070613861084,0.6079474687576294,0.5859277844429016,0.5780125260353088,0.6171875
Age: 40-50,531,0.8263305425643921,0.7913950681686401,0.7086834907531738,0.7304812669754028,0.8055555820465088
Age: 50-65,531,0.6699346303939819,0.5624341368675232,0.5484068393707275,0.5252833366394043,0.5555555820465088
Race: White,531,0.5843373537063599,0.5001649856567383,0.5001254677772522,0.48885172605514526,0.572519063949585
Race: Black,531,0.328125,0.3245614171028137,0.34375,0.31354838609695435,0.3214285969734192
Race: Other,531,0.8452082872390747,0.8190898895263672,0.7395833134651184,0.7437657117843628,0.7714285850524902
Overall,532,0.6673983335494995,0.6166666746139526,0.5961098670959473,0.587340235710144,0.615646243095398
Gender: Male,532,0.6588021516799927,0.6141005754470825,0.5527223348617554,0.5227698087692261,0.6405228972434998
Gender: Female,532,0.646060585975647,0.5917004346847534,0.5915151834487915,0.5886317491531372,0.588652491569519
Age: <40,532,0.6267281174659729,0.5865079164505005,0.5697644948959351,0.5468581914901733,0.5680000185966492
Age: 40-50,532,0.7446808815002441,0.7367924451828003,0.7054010033607483,0.7143478393554688,0.7534246444702148
Age: 50-65,532,0.6617133021354675,0.5669068098068237,0.5568181872367859,0.5469092130661011,0.5729166865348816
Race: White,532,0.6054841876029968,0.5175438523292542,0.5158102512359619,0.5144927501678467,0.5820895433425903
Race: Black,532,0.3928571343421936,0.4523809552192688,0.4523809552192688,0.42105263471603394,0.42105263471603394
Race: Other,532,0.7670707106590271,0.7349170446395874,0.6887878775596619,0.6613408327102661,0.673758864402771
Overall,533,0.6688565015792847,0.6317972540855408,0.6101395487785339,0.6085761189460754,0.6456953883171082
Gender: Male,533,0.6891935467720032,0.7644927501678467,0.6412903070449829,0.6359195113182068,0.7160493731498718
Gender: Female,533,0.6339950561523438,0.5578957796096802,0.557692289352417,0.557765007019043,0.5642856955528259
Age: <40,533,0.7225490212440491,0.7485713958740234,0.6705882549285889,0.6536796689033508,0.6875
Age: 40-50,533,0.667641282081604,0.6041162014007568,0.5838207006454468,0.5888978242874146,0.7123287916183472
Age: 50-65,533,0.6075396537780762,0.5372895002365112,0.5369047522544861,0.5368819832801819,0.5445544719696045
Race: White,533,0.5719298124313354,0.49523812532424927,0.49590641260147095,0.4925000071525574,0.5857142806053162
Race: Black,533,0.3058823347091675,0.4333333373069763,0.4058823585510254,0.37690630555152893,0.40909093618392944
Race: Other,533,0.8095533847808838,0.7674999833106995,0.721257209777832,0.7224057912826538,0.7428571581840515
Overall,534,0.6569445133209229,0.6433862447738647,0.607539713382721,0.5963959693908691,0.6363636255264282
Gender: Male,534,0.5877659320831299,0.5513699054718018,0.5149601101875305,0.4456140398979187,0.594936728477478
Gender: Female,534,0.7402248382568359,0.6876847743988037,0.6862170100212097,0.686274528503418,0.6875
Age: <40,534,0.7273291349411011,0.7006425261497498,0.642236053943634,0.6128565073013306,0.6402877569198608
Age: 40-50,534,0.6644021272659302,0.5983332991600037,0.5801630020141602,0.5848214626312256,0.7096773982048035
Age: 50-65,534,0.5594444274902344,0.5765970945358276,0.5652778148651123,0.5541958212852478,0.5764706134796143
Race: White,534,0.5046452283859253,0.4333333373069763,0.44298985600471497,0.4361063838005066,0.5566037893295288
Race: Black,534,0.5333333015441895,0.5338345766067505,0.5428571701049805,0.380952388048172,0.38461539149284363
Race: Other,534,0.7637408971786499,0.7967332005500793,0.7212074995040894,0.711254358291626,0.7337662577629089
Overall,535,0.677916407585144,0.5976588726043701,0.5690111517906189,0.5550174713134766,0.6135593056678772
Gender: Male,535,0.6654567718505859,0.5886076092720032,0.5296430587768555,0.49060457944869995,0.6627907156944275
Gender: Female,535,0.6074270009994507,0.5510621070861816,0.5497347712516785,0.5432360768318176,0.544715404510498
Age: <40,535,0.7169312238693237,0.6092857122421265,0.58432537317276,0.5675130486488342,0.5999999642372131
Age: 40-50,535,0.7823529243469238,0.7840502262115479,0.6553921699523926,0.6750076413154602,0.7887324094772339
Age: 50-65,535,0.5260204076766968,0.4551820755004883,0.4673469364643097,0.438839852809906,0.49438202381134033
Race: White,535,0.6251214742660522,0.519444465637207,0.5127550959587097,0.49451011419296265,0.5939849615097046
Race: Black,535,0.3947368264198303,0.3552631735801697,0.3552631735801697,0.29629629850387573,0.29629629850387573
Race: Other,535,0.7749999761581421,0.7040351629257202,0.6528409123420715,0.6523459553718567,0.6962962746620178
Overall,536,0.6282240152359009,0.591740608215332,0.5762251615524292,0.5739108920097351,0.6225165724754333
Gender: Male,536,0.6386253833770752,0.7019822597503662,0.5623023509979248,0.5272623300552368,0.6805555820465088
Gender: Female,536,0.6180088520050049,0.5625708103179932,0.5633918046951294,0.5626119375228882,0.5696202516555786
Age: <40,536,0.6310831904411316,0.6075268983840942,0.5837258100509644,0.5803160667419434,0.6377952694892883
Age: 40-50,536,0.6399999856948853,0.6376488208770752,0.6057142615318298,0.6005638837814331,0.6470588445663452
Age: 50-65,536,0.6228991746902466,0.5416666269302368,0.5393908023834229,0.5393319129943848,0.5777778029441833
Race: White,536,0.557692289352417,0.4804147481918335,0.479567289352417,0.47971779108047485,0.5629629492759705
Race: Black,536,0.3801169693470001,0.4093567430973053,0.4093567430973053,0.3571428656578064,0.3571428656578064
Race: Other,536,0.7466244697570801,0.782706081867218,0.6996835470199585,0.6977728605270386,0.7338129878044128
Overall,537,0.6499171257019043,0.638701319694519,0.610676109790802,0.609980583190918,0.6589403748512268
Gender: Male,537,0.6416465044021606,0.7928161025047302,0.588118314743042,0.5541065335273743,0.6878980994224548
Gender: Female,537,0.6645644903182983,0.6192307472229004,0.6221915483474731,0.6196074485778809,0.6275861859321594
Age: <40,537,0.6403508186340332,0.623059868812561,0.6081871390342712,0.6051020622253418,0.6279069781303406
Age: 40-50,537,0.7341176271438599,0.7035087943077087,0.6364706158638,0.6521287560462952,0.7761194109916687
Age: 50-65,537,0.6279325485229492,0.6072115302085876,0.5817448496818542,0.573440670967102,0.6226415038108826
Race: White,537,0.6109315156936646,0.5317604541778564,0.5257126092910767,0.5223113894462585,0.6129032373428345
Race: Black,537,0.40080970525741577,0.31884056329727173,0.3481781482696533,0.30158731341362,0.3125
Race: Other,537,0.7580329179763794,0.7887610793113708,0.7360893487930298,0.7452815175056458,0.7739725708961487
Overall,538,0.677064061164856,0.6241169571876526,0.5959265232086182,0.5914583206176758,0.6418918967247009
Gender: Male,538,0.7065982222557068,0.7242884635925293,0.5866568684577942,0.5645569562911987,0.6918604373931885
Gender: Female,538,0.6184865236282349,0.569327712059021,0.5691280364990234,0.5691903829574585,0.5725806355476379
Age: <40,538,0.6934616565704346,0.676916241645813,0.6333408355712891,0.6270489692687988,0.6666666269302368
Age: 40-50,538,0.6930555701255798,0.6224489808082581,0.6166666746139526,0.6192677021026611,0.7301587462425232
Age: 50-65,538,0.6429765820503235,0.5470085740089417,0.5367892980575562,0.5170251131057739,0.5510203838348389
Race: White,538,0.5907795429229736,0.507635772228241,0.5069929957389832,0.5064444541931152,0.6159420609474182
Race: Black,538,0.5396825075149536,0.4649122953414917,0.4682539701461792,0.3589743673801422,0.35999998450279236
Race: Other,538,0.8098591566085815,0.7743939161300659,0.7057019472122192,0.6970760226249695,0.7218044996261597
Overall,539,0.6984049081802368,0.6742756962776184,0.626650333404541,0.6171875,0.6597222089767456
Gender: Male,539,0.67072594165802,0.6926686763763428,0.5512880682945251,0.5034188032150269,0.6626505851745605
Gender: Female,539,0.6982758641242981,0.658820390701294,0.6581357717514038,0.6556451320648193,0.6557376384735107
Age: <40,539,0.6670646667480469,0.6588234901428223,0.6289552450180054,0.6176144480705261,0.6408450603485107
Age: 40-50,539,0.8409091234207153,0.8339285850524902,0.6931818127632141,0.7112500071525574,0.7878788113594055
Age: 50-65,539,0.6433080434799194,0.5877684354782104,0.5593434572219849,0.5344736576080322,0.5875000357627869
Race: White,539,0.7095306515693665,0.6405872702598572,0.5836925506591797,0.5757142901420593,0.6740740537643433
Race: Black,539,0.5735294222831726,0.45000001788139343,0.4632352888584137,0.350649356842041,0.35999998450279236
Race: Other,539,0.7357842922210693,0.7227272987365723,0.6921568512916565,0.6882051229476929,0.703125
Overall,540,0.6293563842773438,0.5590633749961853,0.5437370538711548,0.523679256439209,0.5686274766921997
Gender: Male,540,0.6587127447128296,0.8202614784240723,0.5769230723381042,0.5237715840339661,0.6625766754150391
Gender: Female,540,0.5311154127120972,0.4622231125831604,0.46262234449386597,0.46058884263038635,0.4615384638309479
Age: <40,540,0.6416149139404297,0.6221516132354736,0.5954451560974121,0.5730583667755127,0.597122311592102
Age: 40-50,540,0.7124999761581421,0.6298701763153076,0.5874999761581421,0.5868067741394043,0.6833333969116211
Age: 50-65,540,0.5629837512969971,0.42616334557533264,0.44528502225875854,0.4149640202522278,0.4672897160053253
Race: White,540,0.6089126467704773,0.4913589060306549,0.4934937655925751,0.48459383845329285,0.6024844646453857
Race: Black,540,0.3733333349227905,0.34761905670166016,0.2866666615009308,0.24550265073776245,0.25806450843811035
Race: Other,540,0.688585638999939,0.6581810712814331,0.6262407302856445,0.5913978815078735,0.6052631735801697
Overall,541,0.5969867706298828,0.5377007722854614,0.5286203026771545,0.5177698135375977,0.5841924548149109
Gender: Male,541,0.6258514523506165,0.6833333373069763,0.5453033447265625,0.49688655138015747,0.668674647808075
Gender: Female,541,0.5174025893211365,0.46854132413864136,0.4681818187236786,0.4678792655467987,0.47200003266334534
Age: <40,541,0.687339186668396,0.6552631855010986,0.6138702630996704,0.5966610312461853,0.6320000290870667
Age: 40-50,541,0.8275476098060608,0.6545454263687134,0.6047032475471497,0.6117647290229797,0.7272727489471436
Age: 50-65,541,0.3333333134651184,0.3422619104385376,0.36357787251472473,0.3504273593425751,0.429999977350235
Race: White,541,0.5197947025299072,0.4624500274658203,0.46786412596702576,0.462323397397995,0.5620437860488892
Race: Black,541,0.2454545497894287,0.24523809552192688,0.25681817531585693,0.22499999403953552,0.22580644488334656
Race: Other,541,0.7624657154083252,0.7218366861343384,0.6489040851593018,0.6451461911201477,0.6991869807243347
Overall,542,0.6224216222763062,0.5937342643737793,0.5769131779670715,0.5776147842407227,0.6484641432762146
Gender: Male,542,0.5576796531677246,0.6232393980026245,0.5384531021118164,0.5170115828514099,0.7302631735801697
Gender: Female,542,0.5886831283569336,0.5520620346069336,0.5524691343307495,0.5521516799926758,0.5602836608886719
Age: <40,542,0.6816666722297668,0.6284111738204956,0.6008332967758179,0.5937984585762024,0.6335877776145935
Age: 40-50,542,0.7636949419975281,0.7552447319030762,0.6960257887840271,0.713942289352417,0.7941176295280457
Age: 50-65,542,0.415723979473114,0.447826087474823,0.4490950405597687,0.4484041631221771,0.563829779624939
Race: White,542,0.5197674632072449,0.5076013803482056,0.5062790513038635,0.5030015707015991,0.615384578704834
Race: Black,542,0.3888888955116272,0.36666667461395264,0.36666667461395264,0.36666667461395264,0.3684210479259491
Race: Other,542,0.7436535358428955,0.7198387384414673,0.6696117520332336,0.6760989427566528,0.7251908183097839
Overall,543,0.6138732433319092,0.5641762018203735,0.5537289381027222,0.5467948913574219,0.5841584205627441
Gender: Male,543,0.6333523988723755,0.6972678899765015,0.5958737730979919,0.57326740026474,0.6666666865348816
Gender: Female,543,0.5405218601226807,0.47610294818878174,0.4759870767593384,0.4757985770702362,0.47727274894714355
Age: <40,543,0.6660217046737671,0.6481481790542603,0.6114550828933716,0.576298713684082,0.5972222089767456
Age: 40-50,543,0.7148337364196777,0.6123670339584351,0.6080562472343445,0.6099706888198853,0.6984127163887024
Age: 50-65,543,0.4990741014480591,0.45222485065460205,0.45277780294418335,0.4524502456188202,0.4895833432674408
Race: White,543,0.5146212577819824,0.4363343119621277,0.4363343119621277,0.4363343119621277,0.5277777910232544
Race: Black,543,0.43111109733581543,0.3596838116645813,0.3422222137451172,0.2916666865348816,0.29411765933036804
Race: Other,543,0.7827868461608887,0.7860672473907471,0.7224641442298889,0.710174560546875,0.7280000448226929
Overall,544,0.6423529386520386,0.5907876491546631,0.575176477432251,0.5693213939666748,0.6067796349525452
Gender: Male,544,0.615694522857666,0.5811258554458618,0.5276345610618591,0.48481911420822144,0.6484848260879517
Gender: Female,544,0.6064913272857666,0.5531004667282104,0.5529495477676392,0.5528937578201294,0.5538461804389954
Age: <40,544,0.7174258232116699,0.6707316637039185,0.6520127058029175,0.6461644172668457,0.6585365533828735
Age: 40-50,544,0.75,0.6117647290229797,0.5766128897666931,0.5846154093742371,0.7692307829856873
Age: 50-65,544,0.41045457124710083,0.4047378897666931,0.4140909016132355,0.3943856358528137,0.40425530076026917
Race: White,544,0.4901696443557739,0.39100682735443115,0.4099111258983612,0.3956395387649536,0.4761905074119568
Race: Black,544,0.24705880880355835,0.23823529481887817,0.23823529481887817,0.2222222238779068,0.2222222238779068
Race: Other,544,0.8289819955825806,0.8274509906768799,0.7703906297683716,0.7772006988525391,0.7957746386528015
Overall,545,0.6591600179672241,0.5934678912162781,0.5845506191253662,0.5859693288803101,0.6335616111755371
Gender: Male,545,0.6820286512374878,0.7537593841552734,0.5994318127632141,0.5912124514579773,0.7278911471366882
Gender: Female,545,0.6115735173225403,0.5386224985122681,0.5402299165725708,0.5335829854011536,0.5379310250282288
Age: <40,545,0.6902310848236084,0.6861820220947266,0.6535117626190186,0.6612693071365356,0.7214285731315613
Age: 40-50,545,0.799651563167572,0.6563467383384705,0.6759581565856934,0.6631277799606323,0.7272726893424988
Age: 50-65,545,0.5346153974533081,0.4403460919857025,0.44401711225509644,0.43832623958587646,0.4536082446575165
Race: White,545,0.5715458393096924,0.4348084330558777,0.4399452805519104,0.4363636374473572,0.515625
Race: Black,545,0.2666666507720947,0.3193277418613434,0.32083332538604736,0.31974923610687256,0.32258063554763794
Race: Other,545,0.8134803771972656,0.8238831758499146,0.7772058844566345,0.791208803653717,0.8195489048957825
Overall,546,0.634768009185791,0.5789560079574585,0.561253547668457,0.5568546652793884,0.6241379380226135
Gender: Male,546,0.6658626794815063,0.6001920700073242,0.5290352702140808,0.478409081697464,0.6470588445663452
Gender: Female,546,0.6311769485473633,0.5831514596939087,0.585579514503479,0.5835405588150024,0.5985401272773743
Age: <40,546,0.6987500190734863,0.6498859524726868,0.6150000095367432,0.6144561767578125,0.6692307591438293
Age: 40-50,546,0.6572726964950562,0.5769230723381042,0.5454545617103577,0.5416666865348816,0.7066667079925537
Age: 50-65,546,0.4916013479232788,0.4595864713191986,0.4638857841491699,0.45512819290161133,0.48235294222831726
Race: White,546,0.6159026622772217,0.5284987688064575,0.5275835394859314,0.5278947353363037,0.6231884360313416
Race: Black,546,0.5506073236465454,0.3035714328289032,0.41093116998672485,0.2873806953430176,0.34375
Race: Other,546,0.7239999771118164,0.717391312122345,0.6599999666213989,0.6581196784973145,0.7000000476837158
Overall,547,0.6326712965965271,0.6021825075149536,0.5829307436943054,0.5709995627403259,0.6000000238418579
Gender: Male,547,0.6365049481391907,0.7287055850028992,0.6060323119163513,0.5797364711761475,0.6687116622924805
Gender: Female,547,0.5763977766036987,0.5198413133621216,0.5197396278381348,0.518017053604126,0.5182482004165649
Age: <40,547,0.6652414798736572,0.6028735637664795,0.5900402069091797,0.5599445700645447,0.5669291019439697
Age: 40-50,547,0.739130437374115,0.675000011920929,0.633152186870575,0.6406882405281067,0.7183098196983337
Age: 50-65,547,0.5560344457626343,0.5358998775482178,0.5297805666923523,0.5200250744819641,0.5588235259056091
Race: White,547,0.6086142063140869,0.5224359035491943,0.5189346671104431,0.5140119194984436,0.5734265446662903
Race: Black,547,0.02500000223517418,0.25,0.05000000074505806,0.0833333358168602,0.09090909361839294
Race: Other,547,0.7266725301742554,0.737545371055603,0.7014744281768799,0.6961039304733276,0.7111110687255859
Overall,548,0.6498883962631226,0.6312572956085205,0.6001561880111694,0.5877262353897095,0.6245846748352051
Gender: Male,548,0.6125080585479736,0.6431925296783447,0.5589941740036011,0.5157384872436523,0.625
Gender: Female,548,0.6944444179534912,0.6261944770812988,0.6222826242446899,0.6203708648681641,0.6241134405136108
Age: <40,548,0.6582719087600708,0.6204408407211304,0.5939803123474121,0.5776425004005432,0.6071428656578064
Age: 40-50,548,0.758324384689331,0.7450980544090271,0.728249192237854,0.7355555295944214,0.7941176295280457
Age: 50-65,548,0.6037209033966064,0.5646606683731079,0.5469767451286316,0.5014619827270508,0.5268816947937012
Race: White,548,0.59520423412323,0.5586869716644287,0.5420228242874146,0.5295962691307068,0.6015037894248962
Race: Black,548,0.637499988079071,0.46992480754852295,0.4749999940395355,0.415292352437973,0.42307692766189575
Race: Other,548,0.6977114677429199,0.7110294103622437,0.6713432669639587,0.6626009941101074,0.683098554611206
Overall,549,0.6328158378601074,0.5943365693092346,0.5830366015434265,0.5821454524993896,0.6182432770729065
Gender: Male,549,0.6160985231399536,0.6642686128616333,0.551893949508667,0.5108923316001892,0.6622516512870789
Gender: Female,549,0.631751537322998,0.577305793762207,0.5779321193695068,0.5722306966781616,0.5724138021469116
Age: <40,549,0.667017936706543,0.6384938955307007,0.6128820180892944,0.6100397109985352,0.6480000019073486
Age: 40-50,549,0.8272569179534912,0.8080357313156128,0.7395833730697632,0.7576923370361328,0.8055555820465088
Age: 50-65,549,0.45930230617523193,0.4292373061180115,0.4306478500366211,0.42954427003860474,0.4444444477558136
Race: White,549,0.5807543992996216,0.52173912525177,0.5222437381744385,0.5218638181686401,0.5797101259231567
Race: Black,549,0.34502923488616943,0.375,0.3830409646034241,0.320561945438385,0.3214285969734192
Race: Other,549,0.7678571939468384,0.7399526834487915,0.6959459781646729,0.6972049474716187,0.7230769395828247
Overall,550,0.6427732110023499,0.5986588001251221,0.5849980115890503,0.5852858424186707,0.6338983178138733
Gender: Male,550,0.6999280452728271,0.7969387769699097,0.5784789323806763,0.5486249923706055,0.7070063948631287
Gender: Female,550,0.5774312019348145,0.5559536218643188,0.5575048923492432,0.549209713935852,0.5507246255874634
Age: <40,550,0.6952544450759888,0.6159003973007202,0.5864779949188232,0.5720763206481934,0.6134454011917114
Age: 40-50,550,0.776068389415741,0.7323529720306396,0.7025641202926636,0.710597813129425,0.7464788556098938
Age: 50-65,550,0.4875856041908264,0.5138773918151855,0.5143407583236694,0.5138888955116272,0.5809524059295654
Race: White,550,0.5468944311141968,0.5015262365341187,0.5015528202056885,0.5015007853507996,0.5984252095222473
Race: Black,550,0.3035714328289032,0.26923078298568726,0.2678571343421936,0.26814815402030945,0.26923078298568726
Race: Other,550,0.758669376373291,0.773692786693573,0.7026209831237793,0.7010195255279541,0.7323943376541138
Overall,551,0.6409541368484497,0.5917620658874512,0.5688146352767944,0.5484680533409119,0.584967315196991
Gender: Male,551,0.6705087423324585,0.6397849321365356,0.5602808594703674,0.51701819896698,0.6193181872367859
Gender: Female,551,0.5773342847824097,0.5442423820495605,0.5433594584465027,0.5374763011932373,0.5384615659713745
Age: <40,551,0.6590126156806946,0.6212076544761658,0.5944890975952148,0.5686274766921997,0.5909091234207153
Age: 40-50,551,0.7038689851760864,0.6576292514801025,0.5930059552192688,0.568932056427002,0.6351351737976074
Age: 50-65,551,0.5738636255264282,0.516865074634552,0.513798713684082,0.5008680820465088,0.5399999618530273
Race: White,551,0.5672962069511414,0.4921383857727051,0.4940234422683716,0.48371630907058716,0.5808823704719543
Race: Black,551,0.47333332896232605,0.47159090638160706,0.45000001788139343,0.3229604661464691,0.34285715222358704
Race: Other,551,0.7116820812225342,0.6907142996788025,0.6465744376182556,0.6282734870910645,0.6518518328666687
Overall,552,0.6453967094421387,0.6048895120620728,0.5857036113739014,0.5785714387893677,0.6135593056678772
Gender: Male,552,0.6058663129806519,0.6904255151748657,0.5521562099456787,0.5129032135009766,0.6821191906929016
Gender: Female,552,0.6110681295394897,0.5416666269302368,0.5417956709861755,0.5413127541542053,0.5416666865348816
Age: <40,552,0.6871833801269531,0.6409266591072083,0.602739691734314,0.5738728046417236,0.602739691734314
Age: 40-50,552,0.851190447807312,0.7880434989929199,0.7523809671401978,0.7651515007019043,0.8064515590667725
Age: 50-65,552,0.48076921701431274,0.46313363313674927,0.46483516693115234,0.4629629850387573,0.49425286054611206
Race: White,552,0.5552686452865601,0.48403483629226685,0.4886363744735718,0.4751104414463043,0.5909091234207153
Race: Black,552,0.6190476417541504,0.5833333730697632,0.579365074634552,0.5607843399047852,0.5625
Race: Other,552,0.7146567702293396,0.6725139617919922,0.6487013101577759,0.6295820474624634,0.6394557952880859
Overall,553,0.6904007196426392,0.6288605332374573,0.5964351892471313,0.5677555203437805,0.5938566327095032
Gender: Male,553,0.7085506916046143,0.7152847051620483,0.5624637603759766,0.4908536672592163,0.604790449142456
Gender: Female,553,0.6422848701477051,0.5833333730697632,0.5852933526039124,0.5780627727508545,0.5793651342391968
Age: <40,553,0.7755842208862305,0.6508536338806152,0.6245971322059631,0.6024435758590698,0.6170212626457214
Age: 40-50,553,0.6521008014678955,0.7054263353347778,0.6336134672164917,0.6410256624221802,0.7307692766189575
Age: 50-65,553,0.5660919547080994,0.5468661785125732,0.5340722799301147,0.47089946269989014,0.4899999797344208
Race: White,553,0.5638020634651184,0.5205353498458862,0.5145833492279053,0.5002578496932983,0.5859375
Race: Black,553,0.3580246865749359,0.28999999165534973,0.24074074625968933,0.17880183458328247,0.1818181872367859
Race: Other,553,0.8560482263565063,0.7768757343292236,0.7296261787414551,0.6968733072280884,0.7045454978942871
Overall,554,0.6478652954101562,0.5802431106567383,0.5624349117279053,0.5499311685562134,0.5915032625198364
Gender: Male,554,0.664201021194458,0.643796980381012,0.5471567511558533,0.5011968612670898,0.6445782780647278
Gender: Female,554,0.5960400104522705,0.5292307734489441,0.5290875434875488,0.5281863212585449,0.5285714268684387
Age: <40,554,0.7132366895675659,0.6459090709686279,0.624057948589325,0.6140581369400024,0.631944477558136
Age: 40-50,554,0.7098039388656616,0.5824176073074341,0.5784313678741455,0.5801807641983032,0.7121212482452393
Age: 50-65,554,0.5313043594360352,0.4409523904323578,0.4595652222633362,0.40775227546691895,0.4479166865348816
Race: White,554,0.4539295434951782,0.3918169140815735,0.4154471755027771,0.39993995428085327,0.5343511700630188
Race: Black,554,0.41111108660697937,0.3589743673801422,0.3777777850627899,0.35227274894714355,0.3684210479259491
Race: Other,554,0.8103647232055664,0.7195194959640503,0.6809704303741455,0.6555706262588501,0.6666666865348816
Overall,555,0.6358281970024109,0.616652250289917,0.5915639400482178,0.5861634612083435,0.6324503421783447
Gender: Male,555,0.5856553316116333,0.6666666865348816,0.550567626953125,0.5095163583755493,0.6666666269302368
Gender: Female,555,0.6443440914154053,0.5923076868057251,0.591908872127533,0.5919913053512573,0.5944055914878845
Age: <40,555,0.7063808441162109,0.6834677457809448,0.6360917091369629,0.6214092373847961,0.6535432934761047
Age: 40-50,555,0.6258116960525513,0.5919786095619202,0.5698052048683167,0.5636363625526428,0.625
Age: 50-65,555,0.5728910565376282,0.5619757771492004,0.5544635653495789,0.5541125535964966,0.6116504669189453
Race: White,555,0.5510096549987793,0.524963915348053,0.5226855278015137,0.5224781036376953,0.6119402647018433
Race: Black,555,0.4912281036376953,0.4093567430973053,0.4093567430973053,0.3571428656578064,0.3571428656578064
Race: Other,555,0.7362253665924072,0.7560181617736816,0.6858552694320679,0.6766378879547119,0.7071428894996643
Overall,556,0.6580166816711426,0.6187499761581421,0.595088005065918,0.5867365002632141,0.6216216087341309
Gender: Male,556,0.5758620500564575,0.5384615063667297,0.5112852454185486,0.45864662528038025,0.6428571343421936
Gender: Female,556,0.6443452835083008,0.5901961326599121,0.591269850730896,0.5901477932929993,0.59375
Age: <40,556,0.6916415691375732,0.6899399757385254,0.6428840160369873,0.6362886428833008,0.6734693646430969
Age: 40-50,556,0.7000000476837158,0.6198208332061768,0.616304337978363,0.6178659796714783,0.6818181872367859
Age: 50-65,556,0.5699177384376526,0.5041379332542419,0.5035252571105957,0.4708673059940338,0.48192769289016724
Race: White,556,0.5592948794364929,0.47252750396728516,0.47756409645080566,0.47028017044067383,0.5714285969734192
Race: Black,556,0.3478260934352875,0.40833336114883423,0.3804347813129425,0.30288460850715637,0.3103448152542114
Race: Other,556,0.7838234901428223,0.749833881855011,0.7073529362678528,0.7045044898986816,0.7229729890823364
Overall,557,0.6392366886138916,0.6130396127700806,0.5932067632675171,0.5872222185134888,0.6208053827285767
Gender: Male,557,0.6513477563858032,0.6705127954483032,0.5716981291770935,0.5372349619865417,0.6477273106575012
Gender: Female,557,0.6031745672225952,0.5829741358757019,0.5828624963760376,0.5819391012191772,0.5819671750068665
Age: <40,557,0.670496940612793,0.6512820720672607,0.6355932354927063,0.6258939504623413,0.6355932354927063
Age: 40-50,557,0.7615385055541992,0.7112332582473755,0.6330769062042236,0.6378488540649414,0.7236841917037964
Age: 50-65,557,0.5045454502105713,0.4973486661911011,0.49772727489471436,0.48912280797958374,0.5288461446762085
Race: White,557,0.56653892993927,0.5512615442276001,0.5409961938858032,0.5380738973617554,0.6212121248245239
Race: Black,557,0.260869562625885,0.32478633522987366,0.2771739065647125,0.27136752009391785,0.29032257199287415
Race: Other,557,0.7416925430297852,0.7118421196937561,0.67833411693573,0.6757279634475708,0.6962962746620178
Overall,558,0.6761825084686279,0.6267567873001099,0.5992201566696167,0.5905226469039917,0.6283783912658691
Gender: Male,558,0.7094345092773438,0.6772959232330322,0.5888746976852417,0.5643218159675598,0.6549707651138306
Gender: Female,558,0.6410256624221802,0.5910639762878418,0.589102566242218,0.5882048606872559,0.5920000076293945
Age: <40,558,0.8109465837478638,0.7616161704063416,0.7054468393325806,0.6900895833969116,0.707317054271698
Age: 40-50,558,0.6309523582458496,0.609649121761322,0.5850340127944946,0.5867924690246582,0.6712328791618347
Age: 50-65,558,0.5129870176315308,0.4672619104385376,0.4732142984867096,0.4574652910232544,0.5
Race: White,558,0.539939284324646,0.4755764603614807,0.47965115308761597,0.4738461673259735,0.5777777433395386
Race: Black,558,0.5909091234207153,0.4707792401313782,0.4707792401313782,0.3448275923728943,0.3448275923728943
Race: Other,558,0.8104320168495178,0.7877939343452454,0.736213207244873,0.7283951044082642,0.7424242496490479
Overall,559,0.6736842393875122,0.6252525448799133,0.5906432867050171,0.5812153816223145,0.6357388496398926
Gender: Male,559,0.702197790145874,0.6919496059417725,0.548145592212677,0.49734950065612793,0.6610169410705566
Gender: Female,559,0.6030816435813904,0.5959938168525696,0.5959938168525696,0.5959938168525696,0.5964912176132202
Age: <40,559,0.6730282306671143,0.670469343662262,0.6018500328063965,0.5742734670639038,0.631944477558136
Age: 40-50,559,0.8452380895614624,0.7468085289001465,0.7589285373687744,0.7524501085281372,0.8225806355476379
Age: 50-65,559,0.5626386404037476,0.4983333349227905,0.49861419200897217,0.47989511489868164,0.5058823823928833
Race: White,559,0.6432411670684814,0.5577777624130249,0.5499231815338135,0.5515188574790955,0.6695652008056641
Race: Black,559,0.239130437374115,0.3839285671710968,0.3586956560611725,0.2724014222621918,0.27586206793785095
Race: Other,559,0.7714178562164307,0.7185008525848389,0.6537598371505737,0.642113447189331,0.680272102355957
Overall,560,0.6382392048835754,0.6088235378265381,0.5748555064201355,0.5576642155647278,0.6138613820075989
Gender: Male,560,0.6080247163772583,0.6244239807128906,0.5231481194496155,0.4648132920265198,0.6728395223617554
Gender: Female,560,0.5860323905944824,0.5547361969947815,0.5533400774002075,0.5449777841567993,0.5460992455482483
Age: <40,560,0.7470329999923706,0.6833333373069763,0.6269230842590332,0.6021052598953247,0.6370370388031006
Age: 40-50,560,0.6783217191696167,0.6339743733406067,0.5974358916282654,0.5991555452346802,0.6836734414100647
Age: 50-65,560,0.3799341917037964,0.4212121367454529,0.4465460479259491,0.40745824575424194,0.4714285731315613
Race: White,560,0.586634635925293,0.5079278349876404,0.50580233335495,0.4952574372291565,0.5973154306411743
Race: Black,560,0.5,0.4404762089252472,0.45192307233810425,0.2916666865348816,0.29411765933036804
Race: Other,560,0.7195902466773987,0.7306755781173706,0.6617584228515625,0.6409225463867188,0.6715328693389893
Overall,561,0.6880311965942383,0.5725806355476379,0.5584757924079895,0.5533832311630249,0.6075085401535034
Gender: Male,561,0.7372730374336243,0.5522167682647705,0.5188679099082947,0.47999048233032227,0.654088020324707
Gender: Female,561,0.6243279576301575,0.5497311353683472,0.5497311353683472,0.5497311353683472,0.5522388219833374
Age: <40,561,0.724602222442627,0.604655385017395,0.5873622894287109,0.5881674289703369,0.6470588445663452
Age: 40-50,561,0.8275058269500732,0.7118573784828186,0.6488927602767944,0.6498599648475647,0.7058823704719543
Age: 50-65,561,0.5076923370361328,0.42473119497299194,0.435384601354599,0.4220779538154602,0.4606741666793823
Race: White,561,0.6304843425750732,0.522580623626709,0.5179487466812134,0.5108771920204163,0.5853658318519592
Race: Black,561,0.4285714030265808,0.3214285671710968,0.3214285671710968,0.2857142984867096,0.2857142984867096
Race: Other,561,0.7590246200561523,0.6448718309402466,0.6193356513977051,0.6214156150817871,0.6711409687995911
Overall,562,0.6475018262863159,0.5773467421531677,0.552886426448822,0.5316170454025269,0.5898305177688599
Gender: Male,562,0.7167347073554993,0.6915992498397827,0.5580272078514099,0.49324530363082886,0.6127167344093323
Gender: Female,562,0.5799835920333862,0.5462678670883179,0.5452556610107422,0.5451532602310181,0.5573770403862
Age: <40,562,0.6689013242721558,0.6225961446762085,0.5882352590560913,0.557209312915802,0.5882353186607361
Age: 40-50,562,0.6643356084823608,0.5418943762779236,0.5201048851013184,0.48571428656578064,0.6142857074737549
Age: 50-65,562,0.6112298965454102,0.517978310585022,0.5141711235046387,0.5049765706062317,0.5730336904525757
Race: White,562,0.6205837726593018,0.5048682689666748,0.5032641887664795,0.4943060278892517,0.6608695387840271
Race: Black,562,0.3236074447631836,0.34017595648765564,0.355437695980072,0.28409090638160706,0.2857142984867096
Race: Other,562,0.7682772874832153,0.660916268825531,0.6195378303527832,0.5956727266311646,0.6231884360313416
Overall,563,0.6511352062225342,0.605555534362793,0.5911940336227417,0.5907379984855652,0.6310679912567139
Gender: Male,563,0.6482746005058289,0.7123153209686279,0.5774622559547424,0.5602452754974365,0.7106918096542358
Gender: Female,563,0.597678542137146,0.5471194982528687,0.5473214387893677,0.5463440418243408,0.54666668176651
Age: <40,563,0.7423510551452637,0.7166666984558105,0.662238359451294,0.6565256118774414,0.6910569071769714
Age: 40-50,563,0.7620553374290466,0.738793134689331,0.7189723253250122,0.7271043062210083,0.7820512652397156
Age: 50-65,563,0.4603174328804016,0.427205890417099,0.43015873432159424,0.4277503490447998,0.45370370149612427
Race: White,563,0.5697194337844849,0.48712536692619324,0.48741745948791504,0.487171471118927,0.5570470094680786
Race: Black,563,0.5763888359069824,0.6127819418907166,0.6041666865348816,0.49925923347473145,0.5
Race: Other,563,0.7696886658668518,0.7527166604995728,0.7076464891433716,0.7118279933929443,0.7388059496879578
Overall,564,0.6723653078079224,0.6238656044006348,0.6074004769325256,0.6067588329315186,0.6397306323051453
Gender: Male,564,0.6915887594223022,0.6755017042160034,0.584936797618866,0.5779326558113098,0.7088607549667358
Gender: Female,564,0.554888129234314,0.5610766410827637,0.5611019134521484,0.5610601902008057,0.5611510872840881
Age: <40,564,0.6255555152893066,0.5897436141967773,0.5816666483879089,0.5820863246917725,0.6178861856460571
Age: 40-50,564,0.8976190686225891,0.8099415302276611,0.7523809671401978,0.7646679878234863,0.7945205569267273
Age: 50-65,564,0.5573122501373291,0.5437787771224976,0.5375494360923767,0.52779221534729,0.5544554591178894
Race: White,564,0.5877091884613037,0.4918169379234314,0.4932354986667633,0.4866071343421936,0.5652173757553101
Race: Black,564,0.2626262605190277,0.4040403962135315,0.4040403962135315,0.4000000059604645,0.4000000059604645
Race: Other,564,0.7989107370376587,0.7617021203041077,0.7318810224533081,0.7341094017028809,0.7482014298439026
Overall,565,0.6635068655014038,0.6064338684082031,0.584960401058197,0.5784423351287842,0.6203389763832092
Gender: Male,565,0.6532975435256958,0.6342229247093201,0.5430441498756409,0.49820786714553833,0.6500000357627869
Gender: Female,565,0.6230769157409668,0.5846154093742371,0.5846154093742371,0.5846154093742371,0.585185170173645
Age: <40,565,0.6573891639709473,0.5637408494949341,0.5450738668441772,0.521186113357544,0.5703125
Age: 40-50,565,0.7873931527137756,0.7008547186851501,0.7008547186851501,0.7008547186851501,0.7714285850524902
Age: 50-65,565,0.5837584733963013,0.5867546796798706,0.5754677057266235,0.5622454881668091,0.5773195624351501
Race: White,565,0.5874999761581421,0.49488866329193115,0.49513888359069824,0.49462077021598816,0.5775862336158752
Race: Black,565,0.5773809552192688,0.502525269985199,0.5029761791229248,0.442307710647583,0.4482758641242981
Race: Other,565,0.7432116270065308,0.7246450185775757,0.6593238711357117,0.6492363214492798,0.6866666674613953
Overall,566,0.6879920959472656,0.6463406682014465,0.6047759652137756,0.5929657220840454,0.6406779289245605
Gender: Male,566,0.6909722089767456,0.6428571939468384,0.5497159361839294,0.49794238805770874,0.6234567761421204
Gender: Female,566,0.6944444179534912,0.6602563858032227,0.6536885499954224,0.653826117515564,0.6616541743278503
Age: <40,566,0.6704963445663452,0.6679974794387817,0.6208639740943909,0.5971348285675049,0.6287878751754761
Age: 40-50,566,0.8182957172393799,0.7729591727256775,0.701127827167511,0.7188940048217773,0.7868852019309998
Age: 50-65,566,0.6598745584487915,0.5448718070983887,0.5329153537750244,0.5147058963775635,0.5686274766921997
Race: White,566,0.6704545021057129,0.5675039291381836,0.5488636493682861,0.54221510887146,0.6290322542190552
Race: Black,566,0.46783626079559326,0.3863636255264282,0.41228070855140686,0.31354838609695435,0.3214285969734192
Race: Other,566,0.7592959403991699,0.7522486448287964,0.6885877847671509,0.6833035945892334,0.7132866978645325
Overall,567,0.6906484961509705,0.6535303592681885,0.6318138837814331,0.6271849870681763,0.6484641432762146
Gender: Male,567,0.6489533185958862,0.6282442808151245,0.5507246255874634,0.5160850286483765,0.6506849527359009
Gender: Female,567,0.6842888593673706,0.6455555558204651,0.646314263343811,0.6454545259475708,0.6462584733963013
Age: <40,567,0.6869956851005554,0.6895461678504944,0.6575342416763306,0.6424372792243958,0.6575342416763306
Age: 40-50,567,0.7981818318367004,0.779629647731781,0.7059090733528137,0.718367338180542,0.7681159377098083
Age: 50-65,567,0.5966777801513672,0.516983687877655,0.5166112780570984,0.5160154104232788,0.5256410241127014
Race: White,567,0.5924031734466553,0.5430232882499695,0.5337837934494019,0.5300403237342834,0.6216216087341309
Race: Black,567,0.4611111283302307,0.3571428656578064,0.38333335518836975,0.31354838609695435,0.3214285969734192
Race: Other,567,0.7940284013748169,0.7437140941619873,0.7289136648178101,0.7234952449798584,0.7272727489471436
Overall,568,0.6408072710037231,0.5991979837417603,0.5846961736679077,0.5704089403152466,0.5872483253479004
Gender: Male,568,0.6595076322555542,0.6180049180984497,0.542343258857727,0.4735930562019348,0.5789473652839661
Gender: Female,568,0.628582239151001,0.5942969918251038,0.5944570302963257,0.5943489670753479,0.5958904027938843
Age: <40,568,0.6575392484664917,0.601938784122467,0.5911828875541687,0.5648046731948853,0.5704697966575623
Age: 40-50,568,0.7127193212509155,0.757440447807312,0.6896929740905762,0.696450412273407,0.7419354915618896
Age: 50-65,568,0.574999988079071,0.4913793206214905,0.49228721857070923,0.48364388942718506,0.5057471394538879
Race: White,568,0.5997186899185181,0.5039779543876648,0.503656804561615,0.5020080208778381,0.5564516186714172
Race: Black,568,0.16541354358196259,0.3125,0.2744361162185669,0.2593703269958496,0.26923078298568726
Race: Other,568,0.7575533390045166,0.7316433191299438,0.6964782476425171,0.6621161699295044,0.6689189076423645
Overall,569,0.6037584543228149,0.5628889799118042,0.547980785369873,0.5347177982330322,0.5839160680770874
Gender: Male,569,0.662206768989563,0.6037037372589111,0.5384897589683533,0.4845961332321167,0.6066666841506958
Gender: Female,569,0.5736842155456543,0.550000011920929,0.5491228103637695,0.5490716099739075,0.5588235259056091
Age: <40,569,0.6048753261566162,0.6172456741333008,0.5803571343421936,0.5534709095954895,0.5966386795043945
Age: 40-50,569,0.6739130020141602,0.6312997341156006,0.5896738767623901,0.5906708240509033,0.6901408433914185
Age: 50-65,569,0.5458534955978394,0.46875,0.4719175100326538,0.4639316201210022,0.4895833432674408
Race: White,569,0.41879701614379883,0.3593350648880005,0.39661654829978943,0.3717609643936157,0.49074074625968933
Race: Black,569,0.5231481790542603,0.42500001192092896,0.4305555522441864,0.3973214328289032,0.40000003576278687
Race: Other,569,0.735957145690918,0.7133971452713013,0.6648188829421997,0.6590545177459717,0.6891891956329346
Overall,570,0.65653395652771,0.6387215852737427,0.6130043864250183,0.6070385575294495,0.6387959718704224
Gender: Male,570,0.6232993602752686,0.6016725301742554,0.5392857193946838,0.4975877106189728,0.6329113841056824
Gender: Female,570,0.6696176528930664,0.645925760269165,0.6455734372138977,0.6452294588088989,0.6453900337219238
Age: <40,570,0.6725803017616272,0.6525735259056091,0.611834704875946,0.5965591669082642,0.6343283653259277
Age: 40-50,570,0.7998188734054565,0.7667714953422546,0.7305253744125366,0.7428157329559326,0.7887324094772339
Age: 50-65,570,0.5405160188674927,0.5350223779678345,0.5319148898124695,0.5212962627410889,0.5319148898124695
Race: White,570,0.6635020971298218,0.5956456661224365,0.583992600440979,0.5844761729240417,0.6299212574958801
Race: Black,570,0.30263155698776245,0.19090908765792847,0.2763157784938812,0.17500001192092896,0.18518519401550293
Race: Other,570,0.7359182238578796,0.7534005641937256,0.7084298133850098,0.7088803052902222,0.7310344576835632
Overall,571,0.5664315223693848,0.540247917175293,0.5298096537590027,0.5080169439315796,0.5536332130432129
Gender: Male,571,0.6005434989929199,0.6818181872367859,0.5560640692710876,0.48401084542274475,0.5952380895614624
Gender: Female,571,0.5264463424682617,0.49244505167007446,0.49242424964904785,0.4924008250236511,0.4958677589893341
Age: <40,571,0.5732700228691101,0.5885113477706909,0.56184983253479,0.5273284316062927,0.5639097690582275
Age: 40-50,571,0.6529099941253662,0.5375000238418579,0.5317460298538208,0.5305832028388977,0.6212121248245239
Age: 50-65,571,0.507905125617981,0.4791666865348816,0.4836956560611725,0.4564075767993927,0.4888888895511627
Race: White,571,0.5409709215164185,0.5045045018196106,0.504077672958374,0.5026412010192871,0.5816993713378906
Race: Black,571,0.4117646813392639,0.3125,0.28823530673980713,0.2256728708744049,0.22727273404598236
Race: Other,571,0.7178124785423279,0.6872529983520508,0.6184375286102295,0.5519161224365234,0.5789473652839661
Overall,572,0.655525803565979,0.5661798715591431,0.5550400614738464,0.5511450171470642,0.6020408272743225
Gender: Male,572,0.6914964914321899,0.6099456548690796,0.5473719239234924,0.517757773399353,0.6521739363670349
Gender: Female,572,0.6112650036811829,0.5366878509521484,0.5372806787490845,0.5362144708633423,0.5413534045219421
Age: <40,572,0.6475973129272461,0.6041055917739868,0.5812357068061829,0.5679012537002563,0.60317462682724
Age: 40-50,572,0.781818151473999,0.5822368860244751,0.5757575631141663,0.5782563090324402,0.698630154132843
Age: 50-65,572,0.5663636326789856,0.49873989820480347,0.4988636374473572,0.4940229654312134,0.5263158082962036
Race: White,572,0.6278804540634155,0.48796191811561584,0.48776668310165405,0.4878306984901428,0.5833333730697632
Race: Black,572,0.1599999964237213,0.2077922224998474,0.20000000298023224,0.19871795177459717,0.19999998807907104
Race: Other,572,0.7494637966156006,0.7448265552520752,0.6725654006004333,0.6599290370941162,0.6934306621551514
Overall,573,0.6828514337539673,0.6225369572639465,0.5793619155883789,0.5635614991188049,0.631944477558136
Gender: Male,573,0.6633013486862183,0.6362179517745972,0.5272436141967773,0.46199095249176025,0.6463414430618286
Gender: Female,573,0.6917450428009033,0.6112939119338989,0.6060606241226196,0.6045708060264587,0.6129032373428345
Age: <40,573,0.6964085102081299,0.6141002178192139,0.5690235495567322,0.5378690361976624,0.6000000238418579
Age: 40-50,573,0.6651785373687744,0.6666666269302368,0.6339285373687744,0.6453201770782471,0.7777777910232544
Age: 50-65,573,0.6809895634651184,0.5884521007537842,0.5625,0.5278688669204712,0.5625
Race: White,573,0.6351099014282227,0.5330156683921814,0.5226741433143616,0.5126752853393555,0.6258993148803711
Race: Black,573,0.421875,0.4578947424888611,0.46875,0.3650793731212616,0.375
Race: Other,573,0.8053829669952393,0.7450000047683716,0.6585144996643066,0.6438746452331543,0.6880000233650208
Overall,574,0.662784993648529,0.6102067232131958,0.5838246941566467,0.570267379283905,0.6097561120986938
Gender: Male,574,0.6959150433540344,0.6278538703918457,0.5366013050079346,0.4644067883491516,0.594936728477478
Gender: Female,574,0.6753623485565186,0.626086950302124,0.626086950302124,0.626086950302124,0.6279069781303406
Age: <40,574,0.6950958967208862,0.6424825191497803,0.6042643785476685,0.5721909999847412,0.5985401272773743
Age: 40-50,574,0.6935999393463135,0.6059322357177734,0.5799999833106995,0.5804430246353149,0.6666666865348816
Age: 50-65,574,0.5894660949707031,0.5589464902877808,0.5508657693862915,0.5440729260444641,0.5733333230018616
Race: White,574,0.561904788017273,0.4676724076271057,0.47380954027175903,0.46418386697769165,0.5470085740089417
Race: Black,574,0.32499998807907104,0.4333333373069763,0.4333333373069763,0.3076923191547394,0.3076923191547394
Race: Other,574,0.7880730628967285,0.7553675174713135,0.6963869333267212,0.6901600360870361,0.7152777910232544
Overall,575,0.6485648155212402,0.5523999333381653,0.542514443397522,0.5352358818054199,0.5855263471603394
Gender: Male,575,0.5970791578292847,0.5824933648109436,0.5291143655776978,0.49834898114204407,0.6835443377494812
Gender: Female,575,0.5962837934494019,0.47982653975486755,0.47991740703582764,0.4790610373020172,0.4794520437717438
Age: <40,575,0.6617203950881958,0.6097943782806396,0.5826881527900696,0.567064642906189,0.6058394312858582
Age: 40-50,575,0.7819548845291138,0.6147727370262146,0.6265664100646973,0.6196428537368774,0.7464788556098938
Age: 50-65,575,0.5466782450675964,0.4243175983428955,0.43378204107284546,0.4170040488243103,0.4375
Race: White,575,0.5663043260574341,0.39906540513038635,0.4178260862827301,0.4039609730243683,0.5
Race: Black,575,0.375,0.3484848737716675,0.3958333432674408,0.32620322704315186,0.3571428656578064
Race: Other,575,0.7380908131599426,0.698560357093811,0.6661723852157593,0.6646966338157654,0.6891891956329346
Overall,576,0.5985184907913208,0.5809361934661865,0.5644880533218384,0.5529484748840332,0.5901639461517334
Gender: Male,576,0.611801266670227,0.6525477766990662,0.5354185104370117,0.46115660667419434,0.6107784509658813
Gender: Female,576,0.5629209280014038,0.5662878751754761,0.5662878751754761,0.5652173757553101,0.5652173757553101
Age: <40,576,0.5665849447250366,0.5464743375778198,0.5355392098426819,0.5025839805603027,0.5285714268684387
Age: 40-50,576,0.8157894611358643,0.7749999761581421,0.6736842393875122,0.6852713227272034,0.7586206793785095
Age: 50-65,576,0.5450581312179565,0.553012490272522,0.5492368936538696,0.5485231876373291,0.5794392228126526
Race: White,576,0.4896407127380371,0.4632352888584137,0.46852871775627136,0.46343520283699036,0.5746268630027771
Race: Black,576,0.46666663885116577,0.375,0.30000001192092896,0.2571428716182709,0.2777777910232544
Race: Other,576,0.6736229658126831,0.6799415946006775,0.6476223468780518,0.6261495351791382,0.6405228972434998
Overall,577,0.6443313360214233,0.5878301858901978,0.5753875970840454,0.5725073218345642,0.6095890402793884
Gender: Male,577,0.6945289373397827,0.5928711891174316,0.526975691318512,0.47152650356292725,0.6333333253860474
Gender: Female,577,0.5953525900840759,0.5875622034072876,0.5881410241127014,0.5843214988708496,0.5845070481300354
Age: <40,577,0.7204444408416748,0.6742788553237915,0.6449999809265137,0.6411483287811279,0.6666666269302368
Age: 40-50,577,0.5587761402130127,0.5462794899940491,0.5410628318786621,0.5416666865348816,0.6363636255264282
Age: 50-65,577,0.6040226221084595,0.47390109300613403,0.4761156439781189,0.46882593631744385,0.48750001192092896
Race: White,577,0.6364431381225586,0.5289405584335327,0.5326530933380127,0.5283687710762024,0.6090225577354431
Race: Black,577,0.3165680170059204,0.2534482777118683,0.2884615361690521,0.2261904776096344,0.23076923191547394
Race: Other,577,0.7832731008529663,0.7878788113594055,0.729647159576416,0.717978835105896,0.7333333492279053
Overall,578,0.6007794141769409,0.61058509349823,0.5772000551223755,0.5694131255149841,0.6416382193565369
Gender: Male,578,0.575985848903656,0.6179927587509155,0.5385467410087585,0.4970012307167053,0.6569767594337463
Gender: Female,578,0.6165266036987305,0.6076768636703491,0.6049019694328308,0.605583906173706,0.6198346614837646
Age: <40,578,0.6056644916534424,0.6067628860473633,0.576525092124939,0.5591689348220825,0.6065573692321777
Age: 40-50,578,0.7649282217025757,0.7616468071937561,0.682539701461792,0.7050043940544128,0.8095238208770752
Age: 50-65,578,0.4913513660430908,0.483582079410553,0.4881080985069275,0.46513721346855164,0.5287356376647949
Race: White,578,0.5865384340286255,0.554254949092865,0.5389957427978516,0.5383081436157227,0.6928571462631226
Race: Black,578,0.2638888955116272,0.19523809850215912,0.2777777910232544,0.1814092993736267,0.19230769574642181
Race: Other,578,0.6991504430770874,0.7032559514045715,0.6575462222099304,0.6489584445953369,0.6771653294563293
Overall,579,0.6644231081008911,0.577501118183136,0.564697802066803,0.5570663213729858,0.5906040072441101
Gender: Male,579,0.7253682613372803,0.5827423334121704,0.5343698859214783,0.48643937706947327,0.6037735939025879
Gender: Female,579,0.6000000238418579,0.5748757123947144,0.5751559734344482,0.5747472047805786,0.5755395889282227
Age: <40,579,0.6925619840621948,0.6371137499809265,0.6075757741928101,0.5962179899215698,0.6280991435050964
Age: 40-50,579,0.7916666269302368,0.726190447807312,0.6899999976158142,0.7008086442947388,0.7567567825317383
Age: 50-65,579,0.5542986392974854,0.4183250665664673,0.42571645975112915,0.41302040219306946,0.42718446254730225
Race: White,579,0.623609721660614,0.5086805820465088,0.5075833797454834,0.504690408706665,0.575757622718811
Race: Black,579,0.26923078298568726,0.2926136255264282,0.299450546503067,0.2924138009548187,0.29629629850387573
Race: Other,579,0.7703933715820312,0.7024359107017517,0.6634575724601746,0.645350456237793,0.661870539188385
Overall,580,0.6426252126693726,0.5355255603790283,0.5237013101577759,0.4872005581855774,0.5374149680137634
Gender: Male,580,0.6609890460968018,0.5739561319351196,0.515613317489624,0.4302442967891693,0.5903614163398743
Gender: Female,580,0.5431183576583862,0.4774842858314514,0.47788485884666443,0.4682306945323944,0.46875
Age: <40,580,0.6414474248886108,0.5674089193344116,0.5456414222717285,0.5140562057495117,0.5619834661483765
Age: 40-50,580,0.6904255151748657,0.5933441519737244,0.561170220375061,0.5593485832214355,0.6865671277046204
Age: 50-65,580,0.6061277389526367,0.45135802030563354,0.4636397063732147,0.39772725105285645,0.4150943458080292
Race: White,580,0.5832560062408447,0.46560198068618774,0.48051947355270386,0.4376704692840576,0.5338345766067505
Race: Black,580,0.0317460298538208,0.1666666716337204,0.0714285746216774,0.10000000149011612,0.1111111119389534
Race: Other,580,0.7583277821540833,0.6558095812797546,0.6112229228019714,0.590364396572113,0.6268656849861145
Overall,581,0.6521759629249573,0.5589165091514587,0.5448158979415894,0.5302062034606934,0.5782312750816345
Gender: Male,581,0.6805713176727295,0.5906081199645996,0.5244278907775879,0.4642857313156128,0.6296296119689941
Gender: Female,581,0.5858585834503174,0.5152074098587036,0.5151515007019043,0.5147058963775635,0.5151515007019043
Age: <40,581,0.6438535451889038,0.5952380895614624,0.5627724528312683,0.5350427627563477,0.5882353186607361
Age: 40-50,581,0.8235293626785278,0.738916277885437,0.6501548290252686,0.625,0.6666666865348816
Age: 50-65,581,0.5354838967323303,0.44516128301620483,0.44516128301620483,0.44516128301620483,0.4883720874786377
Race: White,581,0.6006652116775513,0.47459349036216736,0.4778270721435547,0.47085675597190857,0.5182482004165649
Race: Black,581,0.4117647111415863,0.2666666805744171,0.36274510622024536,0.20384615659713745,0.21739131212234497
Race: Other,581,0.7401610612869263,0.7221674919128418,0.6556962132453918,0.6532090902328491,0.7014925479888916
Overall,582,0.6252530813217163,0.5852299928665161,0.5606556534767151,0.5386040210723877,0.584967315196991
Gender: Male,582,0.5896226167678833,0.5175438523292542,0.503442108631134,0.4128136932849884,0.5833333730697632
Gender: Female,582,0.6532156467437744,0.587894082069397,0.587894082069397,0.5873016119003296,0.5873016119003296
Age: <40,582,0.6444249153137207,0.6296296119689941,0.5829675197601318,0.5430367588996887,0.585185170173645
Age: 40-50,582,0.7498166561126709,0.696969747543335,0.666911244392395,0.6721568703651428,0.7105263471603394
Age: 50-65,582,0.5205724239349365,0.4420921504497528,0.4584078788757324,0.42707690596580505,0.4842105507850647
Race: White,582,0.5815125703811646,0.4798969030380249,0.4836134612560272,0.47664836049079895,0.5748031735420227
Race: Black,582,0.44999998807907104,0.3571428656578064,0.32499998807907104,0.2791762053966522,0.2857142984867096
Race: Other,582,0.7128427028656006,0.7122424244880676,0.6403719782829285,0.602049708366394,0.6329113841056824
Overall,583,0.590666651725769,0.5723981857299805,0.5609524250030518,0.5547112226486206,0.5904436707496643
Gender: Male,583,0.5381507873535156,0.5270167589187622,0.5110334157943726,0.45965084433555603,0.5914633870124817
Gender: Female,583,0.6417874097824097,0.5906355381011963,0.5909420251846313,0.5890485048294067,0.5891472697257996
Age: <40,583,0.6143317222595215,0.6118763089179993,0.586654543876648,0.5588375329971313,0.5815602540969849
Age: 40-50,583,0.7785326242446899,0.65625,0.6426630020141602,0.6482269763946533,0.7419354915618896
Age: 50-65,583,0.4405915141105652,0.47689077258110046,0.47756248712539673,0.4766765534877777,0.5
Race: White,583,0.5498319864273071,0.4985272288322449,0.49860021471977234,0.4982428550720215,0.5984848737716675
Race: Black,583,0.24444442987442017,0.28333333134651184,0.21111111342906952,0.20384615659713745,0.21739131212234497
Race: Other,583,0.6887208223342896,0.6711309552192688,0.6449275016784668,0.6307944059371948,0.6449275612831116
Overall,584,0.6347834467887878,0.5919218063354492,0.5740900635719299,0.5699260830879211,0.6203389763832092
Gender: Male,584,0.6244210600852966,0.625408947467804,0.5484210252761841,0.5188052654266357,0.6689655184745789
Gender: Female,584,0.632979691028595,0.5665024518966675,0.5655457973480225,0.5656108856201172,0.5733333230018616
Age: <40,584,0.7227022647857666,0.6589285731315613,0.6398271918296814,0.635966420173645,0.6532257795333862
Age: 40-50,584,0.6061508059501648,0.5935828685760498,0.5694444179534912,0.5756290555000305,0.7594937086105347
Age: 50-65,584,0.46070075035095215,0.43473196029663086,0.4469697177410126,0.42355889081954956,0.45652174949645996
Race: White,584,0.5237663984298706,0.4683288335800171,0.4734042286872864,0.4669512212276459,0.5602836608886719
Race: Black,584,0.3928571343421936,0.34761905670166016,0.3571428656578064,0.31677019596099854,0.3181818127632141
Race: Other,584,0.7868890762329102,0.7556700706481934,0.7039473652839661,0.7065362930297852,0.7348484992980957
Overall,585,0.6413767337799072,0.6236507892608643,0.59844970703125,0.5857115387916565,0.6148867607116699
Gender: Male,585,0.661441445350647,0.6973994970321655,0.580963134765625,0.5377907156944275,0.6352201104164124
Gender: Female,585,0.6101332902908325,0.5946969985961914,0.59333336353302,0.5918640494346619,0.59333336353302
Age: <40,585,0.6671087741851807,0.6619299650192261,0.6299734711647034,0.6180124282836914,0.642276406288147
Age: 40-50,585,0.7531680464744568,0.7651515007019043,0.7121212482452393,0.7223140597343445,0.761363685131073
Age: 50-65,585,0.5200668573379517,0.4535714387893677,0.46195653080940247,0.42974138259887695,0.44897958636283875
Race: White,585,0.5632716417312622,0.4998675286769867,0.4999035596847534,0.47597789764404297,0.5310344696044922
Race: Black,585,0.3834586441516876,0.3660130798816681,0.3458646535873413,0.3035714328289032,0.3076923191547394
Race: Other,585,0.7722221612930298,0.7806135416030884,0.7384614944458008,0.7423479557037354,0.760869562625885
Overall,586,0.6575425863265991,0.6208556294441223,0.598192572593689,0.5892542004585266,0.6196721196174622
Gender: Male,586,0.6495798230171204,0.6734540462493896,0.5644257664680481,0.5243182182312012,0.647398829460144
Gender: Female,586,0.6213480234146118,0.5827205777168274,0.5828157663345337,0.5827346444129944,0.5833333730697632
Age: <40,586,0.6511980295181274,0.6441837549209595,0.6116015315055847,0.5927821397781372,0.6190476417541504
Age: 40-50,586,0.7478604316711426,0.7215496301651001,0.6807109713554382,0.68660968542099,0.7250000238418579
Age: 50-65,586,0.6065843105316162,0.5213472247123718,0.5185185074806213,0.5088438391685486,0.5353535413742065
Race: White,586,0.6771392226219177,0.5883598327636719,0.5639846920967102,0.5607638955116272,0.6515151858329773
Race: Black,586,0.3086419701576233,0.37142857909202576,0.3333333432674408,0.3142857253551483,0.3333333432674408
Race: Other,586,0.702350378036499,0.6796140670776367,0.6551281809806824,0.6484827995300293,0.6642335653305054
Overall,587,0.6325774192810059,0.5716609954833984,0.5500469207763672,0.5353794097900391,0.6034482717514038
Gender: Male,587,0.6125633716583252,0.5347222089767456,0.5081053972244263,0.45615190267562866,0.6776315569877625
Gender: Female,587,0.5546218156814575,0.5244709253311157,0.5233193635940552,0.5167657136917114,0.52173912525177
Age: <40,587,0.6682027578353882,0.6303225755691528,0.5872696042060852,0.5582636594772339,0.6016949415206909
Age: 40-50,587,0.7295454740524292,0.6005208492279053,0.573106050491333,0.5744451880455017,0.6835443377494812
Age: 50-65,587,0.4898648262023926,0.4775928258895874,0.4831081032752991,0.4663018584251404,0.5376344323158264
Race: White,587,0.5868686437606812,0.4425806403160095,0.4640403985977173,0.43874436616897583,0.5771812200546265
Race: Black,587,0.375,0.2719298303127289,0.30882352590560913,0.23510468006134033,0.23999999463558197
Race: Other,587,0.7315151691436768,0.7341555953025818,0.6869696974754333,0.6870247721672058,0.7155172228813171
Overall,588,0.6503331661224365,0.5962797403335571,0.5829203724861145,0.5672044157981873,0.5816993713378906
Gender: Male,588,0.6870192289352417,0.6811497211456299,0.5868589878082275,0.5222649574279785,0.5822784900665283
Gender: Female,588,0.6623448133468628,0.5810810923576355,0.5810810923576355,0.5810810923576355,0.5810810923576355
Age: <40,588,0.6182795763015747,0.6314363479614258,0.6133707165718079,0.5925837159156799,0.6030534505844116
Age: 40-50,588,0.7455882430076599,0.7111411094665527,0.6727941036224365,0.6672531366348267,0.6891891956329346
Age: 50-65,588,0.6047059297561646,0.4741000831127167,0.47686272859573364,0.46173959970474243,0.47524750232696533
Race: White,588,0.5557610988616943,0.4653890132904053,0.46802327036857605,0.46560704708099365,0.5384615659713745
Race: Black,588,0.38999998569488525,0.37681159377098083,0.32999998331069946,0.2031063288450241,0.20689654350280762
Race: Other,588,0.7738140821456909,0.7370445132255554,0.7222011089324951,0.6924543380737305,0.6938775181770325
Overall,589,0.6159392595291138,0.6073148250579834,0.5824715495109558,0.5650668740272522,0.5979381799697876
Gender: Male,589,0.6038291454315186,0.7000466585159302,0.5631074905395508,0.5069524049758911,0.628742516040802
Gender: Female,589,0.5997910499572754,0.5569867491722107,0.5572100281715393,0.5561918616294861,0.5564516186714172
Age: <40,589,0.6869633197784424,0.6812056303024292,0.6329690217971802,0.6094352006912231,0.6370967626571655
Age: 40-50,589,0.6741070747375488,0.6547619104385376,0.6160714626312256,0.6073469519615173,0.6486486792564392
Age: 50-65,589,0.4804651141166687,0.4873737096786499,0.4895348846912384,0.47315269708633423,0.5053763389587402
Race: White,589,0.5056584477424622,0.5019329786300659,0.5015432238578796,0.4926966428756714,0.565891444683075
Race: Black,589,0.27840909361839294,0.3516746461391449,0.3238636255264282,0.2929292917251587,0.30000001192092896
Race: Other,589,0.7791551947593689,0.7681249976158142,0.6969696879386902,0.6754364371299744,0.696969747543335
Overall,590,0.7097482681274414,0.6275973916053772,0.5958724021911621,0.5873603820800781,0.634482741355896
Gender: Male,590,0.7057238817214966,0.6279962062835693,0.544949471950531,0.5128291845321655,0.6748465895652771
Gender: Female,590,0.6579602360725403,0.5871478915214539,0.5861940383911133,0.5822627544403076,0.5826771855354309
Age: <40,590,0.7359639406204224,0.7010271549224854,0.6451271176338196,0.6110056638717651,0.6341463327407837
Age: 40-50,590,0.7408332824707031,0.5649350881576538,0.550000011920929,0.5518207550048828,0.699999988079071
Age: 50-65,590,0.6557465195655823,0.559259295463562,0.5515574812889099,0.5456598401069641,0.5747126340866089
Race: White,590,0.706131100654602,0.5625,0.5434913635253906,0.5341212749481201,0.6250000596046448
Race: Black,590,0.2361111044883728,0.2708333432674408,0.2708333432674408,0.23076923191547394,0.23076924681663513
Race: Other,590,0.7574560642242432,0.7306355237960815,0.6834880709648132,0.6844636797904968,0.7152777910232544
Overall,591,0.6327300071716309,0.6085871458053589,0.5779600143432617,0.5555211305618286,0.5958904027938843
Gender: Male,591,0.6180011034011841,0.6546645164489746,0.5494505763053894,0.4934210479259491,0.6233766078948975
Gender: Female,591,0.6105374097824097,0.5741511583328247,0.5713382959365845,0.5629222989082336,0.5652173757553101
Age: <40,591,0.6359667778015137,0.5976417660713196,0.5766112208366394,0.5425904989242554,0.5611510872840881
Age: 40-50,591,0.735106348991394,0.6771929860115051,0.6074467897415161,0.6134615540504456,0.7313432693481445
Age: 50-65,591,0.5411255359649658,0.5549451112747192,0.5405844449996948,0.5115771293640137,0.5465116500854492
Race: White,591,0.4895833134651184,0.4035051465034485,0.43412160873413086,0.4038292169570923,0.4999999701976776
Race: Black,591,0.3865545988082886,0.46666669845581055,0.4621849060058594,0.41258740425109863,0.4166666865348816
Race: Other,591,0.78197181224823,0.7773109078407288,0.6983098387718201,0.6802648305892944,0.7054794430732727
Overall,592,0.5595238208770752,0.5285897254943848,0.5234593749046326,0.5104327201843262,0.5460526347160339
Gender: Male,592,0.5953646898269653,0.6777557134628296,0.5680091381072998,0.5013623237609863,0.5898876190185547
Gender: Female,592,0.5569126605987549,0.4896281361579895,0.48934513330459595,0.482529878616333,0.484127014875412
Age: <40,592,0.552034318447113,0.5651180744171143,0.552443265914917,0.523809552192688,0.5428571701049805
Age: 40-50,592,0.7467532157897949,0.65625,0.6217532157897949,0.6322463750839233,0.7586206793785095
Age: 50-65,592,0.4554242789745331,0.4148061275482178,0.42212674021720886,0.4130675792694092,0.43396228551864624
Race: White,592,0.4659970998764038,0.4366028606891632,0.439167857170105,0.4376234710216522,0.5158730745315552
Race: Black,592,0.3580246865749359,0.41521739959716797,0.37962961196899414,0.2926374673843384,0.3030303120613098
Race: Other,592,0.6401833295822144,0.6458436250686646,0.6132544279098511,0.5985438823699951,0.6275861859321594
Overall,593,0.6405565738677979,0.600649356842041,0.5777828693389893,0.5617314577102661,0.5959596037864685
Gender: Male,593,0.649827778339386,0.6249479055404663,0.5491225123405457,0.4973317086696625,0.6075949668884277
Gender: Female,593,0.624016523361206,0.5848101377487183,0.5832298398017883,0.5809771418571472,0.5827338099479675
Age: <40,593,0.7312741279602051,0.6399267911911011,0.6106177568435669,0.5849304795265198,0.6041666865348816
Age: 40-50,593,0.6134454011917114,0.6321052312850952,0.6054621934890747,0.5864595174789429,0.6086956858634949
Age: 50-65,593,0.4877742826938629,0.48097166419029236,0.48526644706726074,0.4749999940395355,0.5714285969734192
Race: White,593,0.6031745672225952,0.5275862216949463,0.522857129573822,0.5185185074806213,0.5897436141967773
Race: Black,593,0.4183006286621094,0.3757575750350952,0.3660130798816681,0.2554112672805786,0.25581395626068115
Race: Other,593,0.7402933835983276,0.7318918704986572,0.6850733160972595,0.6822819709777832,0.7080292105674744
Overall,594,0.640213131904602,0.6087538003921509,0.5886628031730652,0.5845721960067749,0.6267123222351074
Gender: Male,594,0.5579158067703247,0.5845070481300354,0.5305010676383972,0.49228546023368835,0.6538461446762085
Gender: Female,594,0.6339826583862305,0.5951246023178101,0.5950216054916382,0.5950409173965454,0.5955882668495178
Age: <40,594,0.6616915464401245,0.6601834297180176,0.6145409345626831,0.5862258076667786,0.6165413856506348
Age: 40-50,594,0.8211382627487183,0.7306910753250122,0.7306910753250122,0.7306910753250122,0.8113207817077637
Age: 50-65,594,0.5718005895614624,0.5154761672019958,0.5145089626312256,0.5132032036781311,0.5471698045730591
Race: White,594,0.6858139038085938,0.5628318786621094,0.5495349168777466,0.5493600964546204,0.6573426723480225
Race: Black,594,0.06060606613755226,0.20000000298023224,0.1818181872367859,0.190476194024086,0.23529411852359772
Race: Other,594,0.6574839353561401,0.6728701591491699,0.6439393758773804,0.6283917427062988,0.6439394354820251
Overall,595,0.6931108236312866,0.5993506908416748,0.5746487379074097,0.5640034079551697,0.6137930750846863
Gender: Male,595,0.7248275876045227,0.6087148189544678,0.5425862073898315,0.5059191584587097,0.6455696225166321
Gender: Female,595,0.6443014740943909,0.5754985809326172,0.5730698108673096,0.5709310173988342,0.575757622718811
Age: <40,595,0.7267196178436279,0.636863112449646,0.6087301969528198,0.601627767086029,0.6370967626571655
Age: 40-50,595,0.8231292963027954,0.7182291746139526,0.6425169706344604,0.6426745057106018,0.7088607549667358
Age: 50-65,595,0.5349087119102478,0.45104897022247314,0.4624060392379761,0.44035089015960693,0.49425286054611206
Race: White,595,0.5984379053115845,0.4983164668083191,0.498788058757782,0.4834497570991516,0.5714285969734192
Race: Black,595,0.3472222089767456,0.39542484283447266,0.3888888955116272,0.34518516063690186,0.3461538553237915
Race: Other,595,0.8115659356117249,0.7138009071350098,0.6637426614761353,0.6639144420623779,0.7028985619544983
Overall,596,0.6575621366500854,0.5902807116508484,0.5714082717895508,0.5626121759414673,0.6054421663284302
Gender: Male,596,0.6839874982833862,0.6317616701126099,0.5565934181213379,0.5188902020454407,0.6319018006324768
Gender: Female,596,0.6197183132171631,0.5686112642288208,0.5681924819946289,0.5682674050331116,0.572519063949585
Age: <40,596,0.70130455493927,0.6085526347160339,0.5927799940109253,0.5897145867347717,0.6222221851348877
Age: 40-50,596,0.8530287742614746,0.7170868515968323,0.7308838367462158,0.7230769395828247,0.7777777910232544
Age: 50-65,596,0.510741114616394,0.4612675905227661,0.4763695001602173,0.398306280374527,0.4367816150188446
Race: White,596,0.5778261423110962,0.509782612323761,0.5087146162986755,0.5053039193153381,0.5530303120613098
Race: Black,596,0.3285714387893677,0.1315789520740509,0.25,0.17241379618644714,0.2083333432674408
Race: Other,596,0.7914530038833618,0.7662146091461182,0.6929486989974976,0.6902173757553101,0.7246376872062683
Overall,597,0.65394526720047,0.62147057056427,0.5931800603866577,0.5940557718276978,0.6677852272987366
Gender: Male,597,0.5964665412902832,0.5714285969734192,0.5251719951629639,0.4958386719226837,0.691428542137146
Gender: Female,597,0.6944745779037476,0.6258760094642639,0.6264896988868713,0.6261398196220398,0.6341463327407837
Age: <40,597,0.668876051902771,0.6395876407623291,0.593482494354248,0.579573929309845,0.6393442153930664
Age: 40-50,597,0.7105263471603394,0.6622806787490845,0.6564849615097046,0.6591724157333374,0.746666669845581
Age: 50-65,597,0.6194030046463013,0.5798160433769226,0.5647497773170471,0.5646551847457886,0.6435643434524536
Race: White,597,0.5488697290420532,0.5162376165390015,0.5136303305625916,0.5125505924224854,0.6587302088737488
Race: Black,597,0.460317462682724,0.4038461446762085,0.4007936716079712,0.3901515007019043,0.3913043439388275
Race: Other,597,0.7353163957595825,0.7297008633613586,0.662940502166748,0.665705144405365,0.718120813369751
Overall,598,0.6059792637825012,0.6006392240524292,0.5778248310089111,0.5723870396614075,0.6275168061256409
Gender: Male,598,0.5208083391189575,0.6586538553237915,0.5363144874572754,0.4918009340763092,0.6887417435646057
Gender: Female,598,0.6001486778259277,0.5619137287139893,0.5613155364990234,0.5611940622329712,0.5646258592605591
Age: <40,598,0.6140351295471191,0.6500850319862366,0.5952766537666321,0.5657047629356384,0.6147540807723999
Age: 40-50,598,0.740384578704834,0.7239234447479248,0.6875,0.6966558694839478,0.7432432770729065
Age: 50-65,598,0.5159914493560791,0.4930555820465088,0.4936034083366394,0.49197566509246826,0.5588235259056091
Race: White,598,0.567460298538208,0.5260869860649109,0.5216450095176697,0.5171339511871338,0.5870967507362366
Race: Black,598,0.02500000223517418,0.10000000149011612,0.05000000074505806,0.06666667014360428,0.0714285746216774
Race: Other,598,0.7085414528846741,0.7671499252319336,0.6886863112449646,0.6919943690299988,0.7364341020584106
Overall,599,0.6432187557220459,0.6126906871795654,0.591882050037384,0.5805224776268005,0.6079733967781067
Gender: Male,599,0.6300618648529053,0.6985903978347778,0.584703803062439,0.5442402958869934,0.6381579041481018
Gender: Female,599,0.6374775171279907,0.5776301622390747,0.5768468379974365,0.575958788394928,0.5771812200546265
Age: <40,599,0.65727698802948,0.6838235259056091,0.6341381669044495,0.6167933940887451,0.6492537260055542
Age: 40-50,599,0.7413793206214905,0.7418301105499268,0.6913793087005615,0.6934767365455627,0.7246376872062683
Age: 50-65,599,0.5552774667739868,0.460317462682724,0.46349602937698364,0.45485666394233704,0.4693877398967743
Race: White,599,0.6263388395309448,0.5410714149475098,0.5335929989814758,0.5267652273178101,0.580152690410614
Race: Black,599,0.36571428179740906,0.3896103799343109,0.35428571701049805,0.30158731341362,0.3125
Race: Other,599,0.7347198724746704,0.7229992151260376,0.6827249526977539,0.6798868179321289,0.7028985619544983
Overall,600,0.6690454483032227,0.607110857963562,0.5894453525543213,0.5787026286125183,0.6026490330696106
Gender: Male,600,0.7424463033676147,0.7813825011253357,0.620768129825592,0.580281674861908,0.6577181220054626
Gender: Female,600,0.6224769353866577,0.5480934381484985,0.5478960275650024,0.5477832555770874,0.5490196347236633
Age: <40,600,0.6994134783744812,0.6563748121261597,0.6243890523910522,0.5993612408638,0.6171875
Age: 40-50,600,0.7253988981246948,0.6491228342056274,0.6130319237709045,0.6091259121894836,0.6582278609275818
Age: 50-65,600,0.60599285364151,0.526190459728241,0.5245975255966187,0.5215201377868652,0.5368421077728271
Race: White,600,0.5916279554367065,0.5161745548248291,0.5146511793136597,0.512840747833252,0.5661764740943909
Race: Black,600,0.21367520093917847,0.2976190447807312,0.24572649598121643,0.24166667461395264,0.2571428716182709
Race: Other,600,0.8386945724487305,0.8004851341247559,0.7310023307800293,0.7158703804016113,0.732824444770813
Overall,601,0.6110103130340576,0.6059504747390747,0.5772774815559387,0.5681624412536621,0.6271186470985413
Gender: Male,601,0.5541269779205322,0.5441441535949707,0.5155555605888367,0.4607113301753998,0.6073619723320007
Gender: Female,601,0.6924341917037964,0.6418269276618958,0.6386277675628662,0.6396011114120483,0.6515151858329773
Age: <40,601,0.6918239593505859,0.7067307829856873,0.6298113465309143,0.6192411184310913,0.6796875
Age: 40-50,601,0.5471153855323792,0.518252968788147,0.5134615302085876,0.5085995197296143,0.6527777910232544
Age: 50-65,601,0.5368233919143677,0.5358974933624268,0.5310559272766113,0.5175438523292542,0.5368421077728271
Race: White,601,0.5498533248901367,0.4796157479286194,0.4840542674064636,0.47812342643737793,0.6386554837226868
Race: Black,601,0.19999998807907104,0.3263157904148102,0.22499999403953552,0.21813726425170898,0.24137930572032928
Race: Other,601,0.670369029045105,0.7205357551574707,0.6627447605133057,0.6573426723480225,0.6938775181770325
Overall,602,0.6603682041168213,0.6253242492675781,0.6053294539451599,0.6035840511322021,0.6404109597206116
Gender: Male,602,0.6429629325866699,0.7445652484893799,0.5857142806053162,0.5776478052139282,0.7400000095367432
Gender: Female,602,0.5699502825737,0.5352112650871277,0.5353233814239502,0.5348421335220337,0.5352112650871277
Age: <40,602,0.7465786933898926,0.7038277387619019,0.6561583280563354,0.6294151544570923,0.6484375
Age: 40-50,602,0.6541764140129089,0.5738636255264282,0.5608899593353271,0.5637369155883789,0.6951219439506531
Age: 50-65,602,0.5572047233581543,0.5582107901573181,0.5587507486343384,0.5583935976028442,0.5731707215309143
Race: White,602,0.6509624719619751,0.5483498573303223,0.5371074080467224,0.5309933423995972,0.6106870174407959
Race: Black,602,0.2569444477558136,0.2777777910232544,0.2916666567325592,0.28042328357696533,0.2916666865348816
Race: Other,602,0.7374892234802246,0.7412023544311523,0.7128990888595581,0.7143421173095703,0.7299270033836365
Overall,603,0.6639599800109863,0.5877543091773987,0.5716350078582764,0.5650641322135925,0.6053511500358582
Gender: Male,603,0.6762709021568298,0.6487042903900146,0.55986088514328,0.5253231525421143,0.6500000357627869
Gender: Female,603,0.6311850547790527,0.5520790219306946,0.5520790219306946,0.5520790219306946,0.5539568662643433
Age: <40,603,0.7109763026237488,0.6742788553237915,0.6399614214897156,0.6410773992538452,0.6829267740249634
Age: 40-50,603,0.7151162624359131,0.5979166626930237,0.5819767117500305,0.5846154093742371,0.6666666865348816
Age: 50-65,603,0.5836466550827026,0.48644688725471497,0.48840850591659546,0.4683647155761719,0.48672565817832947
Race: White,603,0.6059451103210449,0.4854235351085663,0.48653456568717957,0.48520010709762573,0.5839415788650513
Race: Black,603,0.5844155550003052,0.494047611951828,0.4935064911842346,0.37857145071029663,0.37931033968925476
Race: Other,603,0.7231292724609375,0.7026315927505493,0.6658729910850525,0.6568256616592407,0.6766917705535889
Overall,604,0.6371753215789795,0.5904842615127563,0.576839804649353,0.5730170011520386,0.6092715263366699
Gender: Male,604,0.6207020282745361,0.6037617921829224,0.5297929644584656,0.4811529815196991,0.6538461446762085
Gender: Female,604,0.608450710773468,0.5625823736190796,0.562441349029541,0.5615615844726562,0.5616438388824463
Age: <40,604,0.6975308656692505,0.6706767082214355,0.6356033682823181,0.6309677362442017,0.6643356680870056
Age: 40-50,604,0.7892603874206543,0.7433333396911621,0.7218844890594482,0.7303727269172668,0.779411792755127
Age: 50-65,604,0.4258720874786377,0.37658900022506714,0.38711240887641907,0.37632399797439575,0.3956044018268585
Race: White,604,0.5523940324783325,0.45037880539894104,0.4614403247833252,0.45023953914642334,0.5686274766921997
Race: Black,604,0.1964285671710968,0.29545456171035767,0.2589285671710968,0.2698412835597992,0.30434784293174744
Race: Other,604,0.7520806789398193,0.7326982021331787,0.7094577550888062,0.7053014636039734,0.7142857313156128
Overall,605,0.6887394785881042,0.5968170166015625,0.5858823657035828,0.585185170173645,0.6190475821495056
Gender: Male,605,0.6864367723464966,0.5497863292694092,0.5267816185951233,0.5011204481124878,0.6204379796981812
Gender: Female,605,0.699440062046051,0.6130855083465576,0.6137186884880066,0.6133005023002625,0.6178343892097473
Age: <40,605,0.7270092368125916,0.6423743963241577,0.6276679635047913,0.6260964870452881,0.6451612710952759
Age: 40-50,605,0.6691358089447021,0.6323529481887817,0.6000000238418579,0.606249988079071,0.7142857313156128
Age: 50-65,605,0.6286529302597046,0.5135392546653748,0.5126514434814453,0.5100733041763306,0.5327102541923523
Race: White,605,0.6619861125946045,0.5328317284584045,0.529304027557373,0.5275359153747559,0.5793103575706482
Race: Black,605,0.5625,0.3961039185523987,0.4000000059604645,0.38699692487716675,0.3888888955116272
Race: Other,605,0.7358851432800293,0.6914634108543396,0.6690191030502319,0.6711847186088562,0.694656491279602
Overall,606,0.6422468423843384,0.5940311551094055,0.5707615613937378,0.5620359182357788,0.6174496412277222
Gender: Male,606,0.6339726448059082,0.5592827200889587,0.5204155445098877,0.47380873560905457,0.6358381509780884
Gender: Female,606,0.6425269842147827,0.590062141418457,0.5893682241439819,0.5893719792366028,0.5920000076293945
Age: <40,606,0.6650992631912231,0.6223230361938477,0.588035523891449,0.5662168860435486,0.6048386693000793
Age: 40-50,606,0.7013888359069824,0.6214575171470642,0.6041666269302368,0.6093023419380188,0.7023809552192688
Age: 50-65,606,0.5635998249053955,0.5301752090454102,0.5233786106109619,0.5079278349876404,0.5555555820465088
Race: White,606,0.591522753238678,0.5364583134651184,0.5329670310020447,0.533525288105011,0.6428571939468384
Race: Black,606,0.3354037404060364,0.27950310707092285,0.27950310707092285,0.20000000298023224,0.20000001788139343
Race: Other,606,0.7315652370452881,0.711056649684906,0.6557163000106812,0.6477203369140625,0.683098554611206
Overall,607,0.5822670459747314,0.5363415479660034,0.5278599858283997,0.5161332488059998,0.5762711763381958
Gender: Male,607,0.561911404132843,0.5404762029647827,0.514823853969574,0.4596266448497772,0.5999999642372131
Gender: Female,607,0.6101765632629395,0.5352990627288818,0.5351135730743408,0.5351778864860535,0.550000011920929
Age: <40,607,0.529979944229126,0.5347906351089478,0.5227364301681519,0.4785560369491577,0.5248226523399353
Age: 40-50,607,0.7531446814537048,0.7316384315490723,0.6933962106704712,0.7053571939468384,0.7662337422370911
Age: 50-65,607,0.4953846335411072,0.4076923131942749,0.4076923131942749,0.4076923131942749,0.48051947355270386
Race: White,607,0.4801587462425232,0.4449177384376526,0.4503968060016632,0.445814847946167,0.5193798542022705
Race: Black,607,0.48245614767074585,0.4007352888584137,0.3815789520740509,0.31561994552612305,0.3199999928474426
Race: Other,607,0.6748414039611816,0.6710526347160339,0.6113107800483704,0.6045122146606445,0.673758864402771
Overall,608,0.6673028469085693,0.656010627746582,0.6147537231445312,0.6037853956222534,0.6454849243164062
Gender: Male,608,0.6454178094863892,0.7491638660430908,0.5727437734603882,0.529291033744812,0.6666666865348816
Gender: Female,608,0.6518955230712891,0.6174730062484741,0.6169313192367554,0.6157786846160889,0.6160000562667847
Age: <40,608,0.6486301422119141,0.7252427339553833,0.6589041352272034,0.6473485231399536,0.6842105388641357
Age: 40-50,608,0.7257834672927856,0.7102564573287964,0.6460114121437073,0.6556671857833862,0.737500011920929
Age: 50-65,608,0.6260162591934204,0.5108974575996399,0.5092141032218933,0.4843118190765381,0.5
Race: White,608,0.6757164001464844,0.5862069129943848,0.5560224056243896,0.5456427335739136,0.6408450603485107
Race: Black,608,0.4541666507720947,0.43939393758773804,0.4416666626930237,0.40566959977149963,0.40625
Race: Other,608,0.7253845930099487,0.756140947341919,0.7032051086425781,0.6931260228157043,0.7120000123977661
Overall,609,0.6592749357223511,0.6237813234329224,0.5921846628189087,0.5903254747390747,0.6587837934494019
Gender: Male,609,0.6582205295562744,0.6323163509368896,0.5411025285720825,0.5136045217514038,0.7070063948631287
Gender: Female,609,0.6277754306793213,0.5972943305969238,0.5941558480262756,0.5941498279571533,0.6043165326118469
Age: <40,609,0.7232828736305237,0.6897414326667786,0.6497696042060852,0.6570876836776733,0.7183098196983337
Age: 40-50,609,0.6267361044883728,0.6720991134643555,0.6145833134651184,0.6180853843688965,0.7083333134651184
Age: 50-65,609,0.5942028760910034,0.4741935729980469,0.4806763231754303,0.4576719403266907,0.5121951103210449
Race: White,609,0.560226559638977,0.4953111708164215,0.4967203140258789,0.48524361848831177,0.6160000562667847
Race: Black,609,0.16083914041519165,0.24444445967674255,0.25874125957489014,0.24475525319576263,0.25
Race: Other,609,0.7943469285964966,0.7834461331367493,0.7122806906700134,0.721485435962677,0.7619047164916992
Overall,610,0.6281726956367493,0.5556510090827942,0.5472624897956848,0.5442388653755188,0.5966101884841919
Gender: Male,610,0.6602722406387329,0.5587301850318909,0.5228960514068604,0.49084198474884033,0.6644295454025269
Gender: Female,610,0.5574549436569214,0.523755669593811,0.523931622505188,0.5236203670501709,0.5273972749710083
Age: <40,610,0.6516884565353394,0.5989974737167358,0.586056649684906,0.5812357068061829,0.6065573692321777
Age: 40-50,610,0.6796536445617676,0.5338541865348816,0.522510826587677,0.5161701440811157,0.6710526347160339
Age: 50-65,610,0.5508474707603455,0.48750001192092896,0.48840320110321045,0.4859446883201599,0.5257731676101685
Race: White,610,0.5521235466003418,0.4739583432674408,0.47623997926712036,0.4742307960987091,0.5859375
Race: Black,610,0.28846150636672974,0.30288460850715637,0.30288460850715637,0.30288460850715637,0.3103448152542114
Race: Other,610,0.739470899105072,0.6866470575332642,0.6476190686225891,0.6393182277679443,0.6666666865348816
Overall,611,0.6178659200668335,0.5508139133453369,0.5460433959960938,0.5415405035018921,0.5625
Gender: Male,611,0.6235226988792419,0.5827767252922058,0.533072829246521,0.4809384346008301,0.5986394286155701
Gender: Female,611,0.6003252267837524,0.5314450263977051,0.5311381816864014,0.5281838774681091,0.5286624431610107
Age: <40,611,0.6580644845962524,0.5877630114555359,0.5786600708961487,0.5650684833526611,0.5748031735420227
Age: 40-50,611,0.6964285373687744,0.6931818127632141,0.6517857313156128,0.6411483287811279,0.6666666865348816
Age: 50-65,611,0.5116279125213623,0.4604607820510864,0.46008801460266113,0.4602392613887787,0.4957265257835388
Race: White,611,0.5246913433074951,0.43443626165390015,0.43807870149612427,0.4355317950248718,0.4933333396911621
Race: Black,611,0.1517857015132904,0.2023809552192688,0.1651785671710968,0.16761904954910278,0.17391304671764374
Race: Other,611,0.7839161157608032,0.731585681438446,0.7110722661018372,0.7036904692649841,0.7099236845970154
Overall,612,0.7057556509971619,0.6570833921432495,0.6294903755187988,0.6253125667572021,0.6546052694320679
Gender: Male,612,0.7463340759277344,0.7620173692703247,0.6507936716079712,0.6509485244750977,0.7261905074119568
Gender: Female,612,0.6108224987983704,0.5693374872207642,0.5681818127632141,0.5650241374969482,0.5661764740943909
Age: <40,612,0.7454954981803894,0.706397533416748,0.6664619445800781,0.6571428775787354,0.6785714030265808
Age: 40-50,612,0.7307692766189575,0.6903408765792847,0.66953444480896,0.6777036190032959,0.7605633735656738
Age: 50-65,612,0.6124999523162842,0.5483870506286621,0.543055534362793,0.5269135236740112,0.5376344323158264
Race: White,612,0.5757808685302734,0.4714285731315613,0.4769585132598877,0.469696968793869,0.585185170173645
Race: Black,612,0.38823527097702026,0.3839285671710968,0.34705883264541626,0.3052631616592407,0.3181818127632141
Race: Other,612,0.8415402173995972,0.8068181872367859,0.7699000239372253,0.761818528175354,0.7687074542045593
Overall,613,0.6507936716079712,0.6352630257606506,0.6074889302253723,0.6004882454872131,0.6363636255264282
Gender: Male,613,0.6094976663589478,0.6111111640930176,0.5276687741279602,0.47527265548706055,0.6600000262260437
Gender: Female,613,0.6395176649093628,0.6136363744735718,0.6136363744735718,0.6122449040412903,0.6122449040412903
Age: <40,613,0.6267564296722412,0.584223747253418,0.5784543752670288,0.567307710647583,0.5726495981216431
Age: 40-50,613,0.7032679319381714,0.7228261232376099,0.6205882430076599,0.6142857074737549,0.7037037014961243
Age: 50-65,613,0.591026782989502,0.6316666603088379,0.6022433042526245,0.600806474685669,0.6565656661987305
Race: White,613,0.61191725730896,0.5702917575836182,0.5572707653045654,0.556302547454834,0.6333333849906921
Race: Black,613,0.24242423474788666,0.21212121844291687,0.21212121844291687,0.1428571492433548,0.1428571492433548
Race: Other,613,0.722343921661377,0.7501082420349121,0.7109346389770508,0.7117988467216492,0.7315436005592346
Overall,614,0.6270030736923218,0.5765718221664429,0.5598846077919006,0.545243501663208,0.5824915766716003
Gender: Male,614,0.6828703880310059,0.7241134643554688,0.5783730149269104,0.5138697028160095,0.6089743375778198
Gender: Female,614,0.6096366047859192,0.5473138093948364,0.547468364238739,0.5473630428314209,0.5531914830207825
Age: <40,614,0.6791044473648071,0.609183669090271,0.5846901535987854,0.5610561370849609,0.5864661931991577
Age: 40-50,614,0.6696429252624512,0.5795454382896423,0.5511363744735718,0.5486981868743896,0.692307710647583
Age: 50-65,614,0.479891300201416,0.4853372573852539,0.48641306161880493,0.4709501266479492,0.4767441749572754
Race: White,614,0.5301083326339722,0.45000001788139343,0.4622070789337158,0.44541576504707336,0.5307692289352417
Race: Black,614,0.21666666865348816,0.2789473533630371,0.2666666805744171,0.24047619104385376,0.24137930572032928
Race: Other,614,0.766912579536438,0.7378947734832764,0.6905163526535034,0.6824737787246704,0.7028985619544983
Overall,615,0.6241280436515808,0.5817900896072388,0.5683707594871521,0.5659676194190979,0.616161584854126
Gender: Male,615,0.6287128925323486,0.6320921778678894,0.5425552129745483,0.5060691833496094,0.673202633857727
Gender: Female,615,0.6063100099563599,0.5530434846878052,0.553791880607605,0.5524475574493408,0.5555555820465088
Age: <40,615,0.6242711544036865,0.6096866130828857,0.5841836929321289,0.566967785358429,0.6000000238418579
Age: 40-50,615,0.7187029123306274,0.6934523582458496,0.6715686321258545,0.6784648895263672,0.7272727489471436
Age: 50-65,615,0.5579999685287476,0.4898374080657959,0.4908333420753479,0.4882645606994629,0.5565217137336731
Race: White,615,0.5783634185791016,0.524404764175415,0.5236939191818237,0.5239211916923523,0.6137930750846863
Race: Black,615,0.2255639135837555,0.3125,0.2744361162185669,0.2593703269958496,0.26923078298568726
Race: Other,615,0.7518004179000854,0.7078098654747009,0.6574074029922485,0.6538218259811401,0.6904762387275696
Overall,616,0.6580460071563721,0.6072827577590942,0.5848599076271057,0.5773859620094299,0.6192052960395813
Gender: Male,616,0.684646487236023,0.6722222566604614,0.5469696521759033,0.49435895681381226,0.6482758522033691
Gender: Female,616,0.6172537803649902,0.5894268751144409,0.5885518789291382,0.5886013507843018,0.5923566818237305
Age: <40,616,0.7418478727340698,0.7120493650436401,0.65183424949646,0.6315789222717285,0.6616541743278503
Age: 40-50,616,0.7540106773376465,0.699999988079071,0.7139037847518921,0.7064141035079956,0.8225806355476379
Age: 50-65,616,0.5066387057304382,0.44072771072387695,0.44706499576568604,0.43253934383392334,0.44859811663627625
Race: White,616,0.5444444417953491,0.45013511180877686,0.45638298988342285,0.45062655210494995,0.5328466892242432
Race: Black,616,0.18627449870109558,0.3492063581943512,0.3137255012989044,0.29230770468711853,0.30434784293174744
Race: Other,616,0.8375400304794312,0.8183208107948303,0.7293670177459717,0.7260047197341919,0.7535210847854614
Overall,617,0.6919504404067993,0.6088513731956482,0.5793011784553528,0.5640181303024292,0.6105610728263855
Gender: Male,617,0.6808924674987793,0.639297366142273,0.5510631799697876,0.5126826763153076,0.6508876085281372
Gender: Female,617,0.6555804014205933,0.5658228397369385,0.563839316368103,0.5577062964439392,0.5597015023231506
Age: <40,617,0.7564878463745117,0.656862735748291,0.6176470518112183,0.5921568870544434,0.6176470518112183
Age: 40-50,617,0.6416000127792358,0.5775434374809265,0.550000011920929,0.5418232679367065,0.6533333659172058
Age: 50-65,617,0.629807710647583,0.5441176891326904,0.5346153974533081,0.5208333730697632,0.5652173757553101
Race: White,617,0.64824378490448,0.5294609665870667,0.5227272510528564,0.5171771049499512,0.6136363744735718
Race: Black,617,0.32919251918792725,0.375,0.3447204828262329,0.2929292917251587,0.30000001192092896
Race: Other,617,0.7971717119216919,0.7227637767791748,0.6569697260856628,0.6403061151504517,0.673758864402771
Overall,618,0.6306079626083374,0.6107313632965088,0.5876623392105103,0.5740176439285278,0.6048951148986816
Gender: Male,618,0.6251600980758667,0.7484643459320068,0.5647407174110413,0.490595281124115,0.6100628972053528
Gender: Female,618,0.6348733305931091,0.5993541479110718,0.5993541479110718,0.5984252095222473,0.5984252095222473
Age: <40,618,0.6019047498703003,0.6270653009414673,0.6025396585464478,0.5628626346588135,0.5752212405204773
Age: 40-50,618,0.8440251350402832,0.6930320262908936,0.6289308071136475,0.6458333134651184,0.7941176295280457
Age: 50-65,618,0.5348583459854126,0.5202702283859253,0.5185185074806213,0.5054945349693298,0.5142857432365417
Race: White,618,0.5041691064834595,0.46557968854904175,0.4745384156703949,0.4566210210323334,0.5378151535987854
Race: Black,618,0.40495866537094116,0.2708333432674408,0.29545456171035767,0.23963133990764618,0.24242424964904785
Race: Other,618,0.7935267686843872,0.7884867191314697,0.7455357313156128,0.7416301965713501,0.7537313103675842
Overall,619,0.6364963054656982,0.6071507930755615,0.5855120420455933,0.5737650394439697,0.6059602499008179
Gender: Male,619,0.5961654186248779,0.6145133972167969,0.5412137508392334,0.48499399423599243,0.6060605645179749
Gender: Female,619,0.6815856695175171,0.6058472394943237,0.605711817741394,0.6056503057479858,0.6058394312858582
Age: <40,619,0.6455479860305786,0.6484050154685974,0.6221461296081543,0.6037267446517944,0.6206896305084229
Age: 40-50,619,0.6490683555603027,0.593137264251709,0.5688405632972717,0.5655332803726196,0.6461538672447205
Age: 50-65,619,0.6145385503768921,0.5378787517547607,0.5310856103897095,0.5188161730766296,0.554347813129425
Race: White,619,0.5870257019996643,0.520931601524353,0.5173806548118591,0.5148258805274963,0.6159420609474182
Race: Black,619,0.14117646217346191,0.1979166716337204,0.15882353484630585,0.13457557559013367,0.13636364042758942
Race: Other,619,0.7244755029678345,0.7163729071617126,0.686413586139679,0.6616133451461792,0.6690140962600708
Overall,620,0.64240562915802,0.5927144289016724,0.5692712664604187,0.5542307496070862,0.5986841917037964
Gender: Male,620,0.6635569334030151,0.731360912322998,0.5923476219177246,0.5650254487991333,0.6772486567497253
Gender: Female,620,0.5215543508529663,0.4713114798069,0.4713114798069,0.469565212726593,0.46956518292427063
Age: <40,620,0.6640625,0.6392966508865356,0.5965908765792847,0.560446560382843,0.5923076868057251
Age: 40-50,620,0.7159091234207153,0.4583333432674408,0.4788961112499237,0.45625001192092896,0.6896551847457886
Age: 50-65,620,0.5899044275283813,0.5549451112747192,0.5492831468582153,0.5423532128334045,0.5603448152542114
Race: White,620,0.6587817668914795,0.5129411816596985,0.5097575187683105,0.5039474964141846,0.6299212574958801
Race: Black,620,0.4935064911842346,0.4215686321258545,0.3961039185523987,0.3602941036224365,0.37931033968925476
Race: Other,620,0.6267348527908325,0.6531531810760498,0.6148648858070374,0.5891891717910767,0.6148648858070374
Overall,621,0.6147888898849487,0.6119344234466553,0.5976223349571228,0.5985411405563354,0.6416382193565369
Gender: Male,621,0.5917363166809082,0.6265803575515747,0.5673061013221741,0.5536290407180786,0.6707316637039185
Gender: Female,621,0.6110564470291138,0.60194993019104,0.6040540933609009,0.6012002229690552,0.604651153087616
Age: <40,621,0.5854650735855103,0.6394680142402649,0.6127907037734985,0.6102998852729797,0.6506849527359009
Age: 40-50,621,0.7841269969940186,0.7080792784690857,0.7166666984558105,0.7120093107223511,0.7719298601150513
Age: 50-65,621,0.5543090105056763,0.5166666507720947,0.5152983069419861,0.5126139521598816,0.5444444417953491
Race: White,621,0.5463108420372009,0.490135133266449,0.49045002460479736,0.4901648163795471,0.5912408828735352
Race: Black,621,0.2448979616165161,0.4027777910232544,0.3928571343421936,0.3752860426902771,0.380952388048172
Race: Other,621,0.7323818206787109,0.7516025304794312,0.7100802659988403,0.7116754055023193,0.7333333492279053
Overall,622,0.6964129209518433,0.6220588684082031,0.6028725504875183,0.5977420210838318,0.6262975931167603
Gender: Male,622,0.7091009616851807,0.6076555252075195,0.5497421026229858,0.5160256624221802,0.6291390657424927
Gender: Female,622,0.6890755891799927,0.623106062412262,0.6228991746902466,0.6228715777397156,0.6231884360313416
Age: <40,622,0.6790322661399841,0.6159277558326721,0.5948925018310547,0.5776757597923279,0.5983605980873108
Age: 40-50,622,0.8104761838912964,0.6933197975158691,0.6819047927856445,0.6867647171020508,0.7464788556098938
Age: 50-65,622,0.6521738767623901,0.5749379396438599,0.5656521916389465,0.5555053949356079,0.5729166865348816
Race: White,622,0.6474226713180542,0.5598455667495728,0.5532646179199219,0.5542140007019043,0.6338028311729431
Race: Black,622,0.5925925970077515,0.5944055914878845,0.6000000238418579,0.5804196000099182,0.5833333730697632
Race: Other,622,0.768923282623291,0.6709616780281067,0.6449893712997437,0.6168743371963501,0.6260162591934204
Overall,623,0.6721011400222778,0.6051816940307617,0.5769834518432617,0.5429546236991882,0.5709571242332458
Gender: Male,623,0.6951712369918823,0.6790987253189087,0.5404741168022156,0.4561403691768646,0.5921052694320679
Gender: Female,623,0.6277056336402893,0.5637571811676025,0.5640332102775574,0.5496491193771362,0.5496688485145569
Age: <40,623,0.6850561499595642,0.6393324136734009,0.611498236656189,0.5674604773521423,0.5793103575706482
Age: 40-50,623,0.7644628286361694,0.7363636493682861,0.6477272510528564,0.6565656661987305,0.7424242496490479
Age: 50-65,623,0.5552367568016052,0.4492753744125366,0.4615016579627991,0.4122850000858307,0.43478262424468994
Race: White,623,0.6101009845733643,0.4853801131248474,0.4909090995788574,0.44649258255958557,0.5106382966041565
Race: Black,623,0.375,0.25,0.33125001192092896,0.18306636810302734,0.190476194024086
Race: Other,623,0.7709508538246155,0.7298291325569153,0.6951047778129578,0.6778147220611572,0.6879432201385498
Overall,624,0.7223140001296997,0.6867376565933228,0.6488897800445557,0.6474275588989258,0.6822742223739624
Gender: Male,624,0.7307956218719482,0.7881854772567749,0.6342592239379883,0.6375048160552979,0.7469136118888855
Gender: Female,624,0.6433761119842529,0.610714316368103,0.6092948913574219,0.6053136587142944,0.6058394312858582
Age: <40,624,0.7746829986572266,0.7219039797782898,0.6842164993286133,0.6752040386199951,0.6917293667793274
Age: 40-50,624,0.7153230905532837,0.7043102979660034,0.672113299369812,0.6802654266357422,0.7307692170143127
Age: 50-65,624,0.6549865007400513,0.5985294580459595,0.5722371935844421,0.5636363625526428,0.625
Race: White,624,0.665596604347229,0.6140776872634888,0.5880149602890015,0.590624988079071,0.6793892979621887
Race: Black,624,0.3492063581943512,0.4253246784210205,0.408730149269104,0.3842364549636841,0.3999999761581421
Race: Other,624,0.8097205758094788,0.769660234451294,0.7186146974563599,0.7151991128921509,0.7342657446861267
Overall,625,0.6164417266845703,0.5822393894195557,0.5616200566291809,0.5499575138092041,0.602739691734314
Gender: Male,625,0.6101603507995605,0.8181818127632141,0.5737705230712891,0.5174603462219238,0.6578947305679321
Gender: Female,625,0.6250259876251221,0.5351732969284058,0.5351732969284058,0.5351732969284058,0.5428571701049805
Age: <40,625,0.5575520992279053,0.5700757503509521,0.557812511920929,0.5411183834075928,0.5645161271095276
Age: 40-50,625,0.595516562461853,0.5437158346176147,0.5311890840530396,0.5290322303771973,0.6849315166473389
Age: 50-65,625,0.6645796298980713,0.589975118637085,0.5646243095397949,0.5440000295639038,0.5894737243652344
Race: White,625,0.5267366170883179,0.42734628915786743,0.44390302896499634,0.428947389125824,0.5338345766067505
Race: Black,625,0.4205127954483032,0.35087719559669495,0.3692307770252228,0.34375,0.3571428656578064
Race: Other,625,0.722482442855835,0.786612868309021,0.7080795764923096,0.6984654664993286,0.7251908183097839
Overall,626,0.6955096125602722,0.6526635885238647,0.6191494464874268,0.6192636489868164,0.6711409687995911
Gender: Male,626,0.5970946550369263,0.6211143732070923,0.5344798564910889,0.4967350661754608,0.6867469549179077
Gender: Female,626,0.7255760431289673,0.6502304077148438,0.6502304077148438,0.6502304077148438,0.6515151858329773
Age: <40,626,0.6800686120986938,0.6866452097892761,0.6326219439506531,0.6217816472053528,0.6643835306167603
Age: 40-50,626,0.8125,0.6998910903930664,0.7085227370262146,0.7039199471473694,0.7887324094772339
Age: 50-65,626,0.678260862827301,0.5625936985015869,0.5518633723258972,0.5434350371360779,0.5802469253540039
Race: White,626,0.7271605134010315,0.5830658078193665,0.585185170173645,0.5840528011322021,0.7008547186851501
Race: Black,626,0.3611111044883728,0.4172932505607605,0.4236111044883728,0.34518516063690186,0.3461538553237915
Race: Other,626,0.7905882596969604,0.7412281036376953,0.6802520751953125,0.6731756925582886,0.7032257914543152
Overall,627,0.7005456686019897,0.6572030782699585,0.6201636791229248,0.6235533952713013,0.6902356743812561
Gender: Male,627,0.6878941059112549,0.752525269985199,0.5591109991073608,0.5328725576400757,0.7298850417137146
Gender: Female,627,0.6916441917419434,0.6306365728378296,0.6327493190765381,0.630630612373352,0.6341463327407837
Age: <40,627,0.6806005239486694,0.7114624977111816,0.6417427062988281,0.6469186544418335,0.7213114500045776
Age: 40-50,627,0.6870300769805908,0.6333333253860474,0.6127819418907166,0.6196754574775696,0.7333333492279053
Age: 50-65,627,0.7144023180007935,0.6100049018859863,0.5924112796783447,0.5876736044883728,0.6200000047683716
Race: White,627,0.6811330318450928,0.5450450778007507,0.5389812588691711,0.5399514436721802,0.6666666269302368
Race: Black,627,0.5789474248886108,0.5052631497383118,0.5052631497383118,0.3333333432674408,0.3333333432674408
Race: Other,627,0.7637078762054443,0.7912499904632568,0.7291615009307861,0.7417526245117188,0.7803030610084534
Overall,628,0.7014493942260742,0.6371066570281982,0.6056745052337646,0.603723406791687,0.6577181220054626
Gender: Male,628,0.7470296621322632,0.7930588126182556,0.6701759696006775,0.678030252456665,0.7529411911964417
Gender: Female,628,0.633374810218811,0.511378824710846,0.5105853080749512,0.5076923370361328,0.53125
Age: <40,628,0.7189189195632935,0.6983579397201538,0.6360360383987427,0.6214926838874817,0.6641790866851807
Age: 40-50,628,0.6894049644470215,0.6196428537368774,0.5972424149513245,0.6051056981086731,0.7727273106575012
Age: 50-65,628,0.6756870746612549,0.5575757622718811,0.5522198677062988,0.5486841797828674,0.5714285373687744
Race: White,628,0.6593939065933228,0.5332167744636536,0.5287878513336182,0.5273910164833069,0.6040268540382385
Race: Black,628,0.6545454263687134,0.6085714101791382,0.5863636136054993,0.4640394449234009,0.46875
Race: Other,628,0.7705479860305786,0.8021978139877319,0.7226027250289917,0.7350174188613892,0.7777777910232544
Overall,629,0.6505968570709229,0.5797101259231567,0.5681818127632141,0.5612467527389526,0.5892255902290344
Gender: Male,629,0.6606237888336182,0.6553030014038086,0.5599415302276611,0.5217717885971069,0.6462584733963013
Gender: Female,629,0.6008889079093933,0.5333333611488342,0.5333333611488342,0.5333333611488342,0.5333333611488342
Age: <40,629,0.6616915464401245,0.6926116943359375,0.639427900314331,0.6214092373847961,0.6535432934761047
Age: 40-50,629,0.7562035322189331,0.6025362014770508,0.58777916431427,0.5882936716079712,0.6385542154312134
Age: 50-65,629,0.5137858390808105,0.4427027106285095,0.44379639625549316,0.442307710647583,0.4482758641242981
Race: White,629,0.5306559801101685,0.4371345043182373,0.4424363970756531,0.4384010136127472,0.5078125
Race: Black,629,0.2312925159931183,0.3541666567325592,0.3095238208770752,0.29907774925231934,0.3214285969734192
Race: Other,629,0.7844444513320923,0.7491336464881897,0.7033333778381348,0.6976844072341919,0.716312050819397
Overall,630,0.6686828136444092,0.6616541147232056,0.6270602941513062,0.6259021759033203,0.6700000166893005
Gender: Male,630,0.6237161755561829,0.6751435995101929,0.5854341983795166,0.5736991763114929,0.692307710647583
Gender: Female,630,0.6775861978530884,0.6361393332481384,0.6347701549530029,0.6343063116073608,0.6355932354927063
Age: <40,630,0.7507692575454712,0.7761121988296509,0.7196153998374939,0.7259311079978943,0.7559055089950562
Age: 40-50,630,0.6513605117797852,0.6501210927963257,0.6054421663284302,0.6086744666099548,0.698630154132843
Age: 50-65,630,0.5903030633926392,0.523069441318512,0.5191919207572937,0.5066494941711426,0.5399999618530273
Race: White,630,0.624751091003418,0.5935381054878235,0.5667140483856201,0.5686274766921997,0.696969747543335
Race: Black,630,0.2698412537574768,0.3806818127632141,0.3333333432674408,0.30965909361839294,0.3333333432674408
Race: Other,630,0.7570207118988037,0.7243866920471191,0.6898657083511353,0.6889426708221436,0.7092198133468628
Overall,631,0.6228052377700806,0.5684001445770264,0.5490073561668396,0.5383222103118896,0.6116838455200195
Gender: Male,631,0.6571214199066162,0.6251990795135498,0.5471514463424683,0.5186804533004761,0.676300585269928
Gender: Female,631,0.5396412014961243,0.5086904764175415,0.5083912014961243,0.5067106485366821,0.5169491767883301
Age: <40,631,0.6647449731826782,0.5845460891723633,0.5541020035743713,0.5355337858200073,0.6131386756896973
Age: 40-50,631,0.7638888359069824,0.6909091472625732,0.6715686321258545,0.6783876419067383,0.7333333492279053
Age: 50-65,631,0.4361001253128052,0.42125236988067627,0.44532281160354614,0.4148148000240326,0.49367091059684753
Race: White,631,0.6635924577713013,0.5553985834121704,0.5387571454048157,0.5331734418869019,0.6482758522033691
Race: Black,631,0.119047611951828,0.1818181872367859,0.1666666716337204,0.17391304671764374,0.21052631735801697
Race: Other,631,0.651046872138977,0.6601731777191162,0.6106680035591125,0.589166522026062,0.6299212574958801
Overall,632,0.7038359642028809,0.66170334815979,0.6213845014572144,0.6064087748527527,0.639072835445404
Gender: Male,632,0.6863061189651489,0.6472182273864746,0.5468930006027222,0.4868142008781433,0.6137565970420837
Gender: Female,632,0.7194199562072754,0.6800062656402588,0.6808007955551147,0.6801886558532715,0.6814159154891968
Age: <40,632,0.6681817770004272,0.6343705654144287,0.6028138399124146,0.5734245777130127,0.5955882668495178
Age: 40-50,632,0.789434552192688,0.8333333730697632,0.671875,0.6558139324188232,0.7162162065505981
Age: 50-65,632,0.6905457973480225,0.6264368295669556,0.6125730872154236,0.6127057075500488,0.6413043737411499
Race: White,632,0.6587364673614502,0.6026425957679749,0.5841924548149109,0.5882352590560913,0.6911764740943909
Race: Black,632,0.0,0.375,0.05999999865889549,0.1034482792019844,0.11538462340831757
Race: Other,632,0.7917351722717285,0.7414965629577637,0.7043585777282715,0.6777568459510803,0.6857143044471741
Overall,633,0.6838381290435791,0.6181318759918213,0.6017441749572754,0.5988577008247375,0.6279069781303406
Gender: Male,633,0.7734463214874268,0.7684152126312256,0.6358757019042969,0.6240825653076172,0.7046979665756226
Gender: Female,633,0.61602783203125,0.5498257875442505,0.5498257875442505,0.5498257875442505,0.5526315569877625
Age: <40,633,0.7256401181221008,0.6734068393707275,0.6509601473808289,0.6408178210258484,0.6533333659172058
Age: 40-50,633,0.625541090965271,0.5757575631141663,0.5649350881576538,0.5686046481132507,0.7358490824699402
Age: 50-65,633,0.6111111044883728,0.5165441036224365,0.5151515007019043,0.5102129578590393,0.5306122303009033
Race: White,633,0.6192513704299927,0.5092518329620361,0.5081996321678162,0.5058022141456604,0.5732483863830566
Race: Black,633,0.33571428060531616,0.4119318127632141,0.38928571343421936,0.35624122619628906,0.37037038803100586
Race: Other,633,0.8192239999771118,0.7885802388191223,0.7473545074462891,0.7472222447395325,0.7606837749481201
Overall,634,0.6546459197998047,0.6062518954277039,0.5892168879508972,0.5901502966880798,0.6472602486610413
Gender: Male,634,0.595409631729126,0.7129629850387573,0.5693583488464355,0.5611987709999084,0.7528735399246216
Gender: Female,634,0.555300235748291,0.4914368689060211,0.49152541160583496,0.49020737409591675,0.49152541160583496
Age: <40,634,0.6711779832839966,0.6560521125793457,0.6111528873443604,0.5956533551216125,0.6377952694892883
Age: 40-50,634,0.8097484111785889,0.7472776770591736,0.7142295837402344,0.7257490158081055,0.7792207598686218
Age: 50-65,634,0.50984126329422,0.46814727783203125,0.46539682149887085,0.46569520235061646,0.5454545617103577
Race: White,634,0.6217430830001831,0.5230225324630737,0.5226864814758301,0.522823691368103,0.6148648858070374
Race: Black,634,0.2870370149612427,0.21666666865348816,0.2638888955116272,0.2222222238779068,0.2380952388048172
Race: Other,634,0.7968580722808838,0.7935484051704407,0.7218309640884399,0.7256097793579102,0.7560975551605225
Overall,635,0.623369574546814,0.6160452365875244,0.5958003997802734,0.5961700081825256,0.6496598720550537
Gender: Male,635,0.6201502084732056,0.6025640964508057,0.5367125868797302,0.498755544424057,0.6551724076271057
Gender: Female,635,0.6286252737045288,0.6322610378265381,0.6354990601539612,0.6331242322921753,0.644295334815979
Age: <40,635,0.6738495826721191,0.7131509780883789,0.6626262664794922,0.6640316247940063,0.7058823704719543
Age: 40-50,635,0.5930851101875305,0.6004902124404907,0.5817819237709045,0.5867347121238708,0.7142857313156128
Age: 50-65,635,0.5508241653442383,0.4967758059501648,0.4970238208770752,0.4940229654312134,0.5263158082962036
Race: White,635,0.5130698680877686,0.47004610300064087,0.4723404049873352,0.47064393758773804,0.5968992114067078
Race: Black,635,0.3333333134651184,0.3484848737716675,0.3958333432674408,0.32620322704315186,0.3571428656578064
Race: Other,635,0.7332978248596191,0.7425710558891296,0.7001599073410034,0.6997159123420715,0.7218543291091919
Overall,636,0.6250486969947815,0.6285550594329834,0.597288966178894,0.5895678400993347,0.6363636255264282
Gender: Male,636,0.5893939733505249,0.77079176902771,0.5560606122016907,0.50016850233078,0.6647727489471436
Gender: Female,636,0.6563147306442261,0.5984848737716675,0.5986887216567993,0.5982773303985596,0.5984848737716675
Age: <40,636,0.6795955896377563,0.7172342538833618,0.6547794342041016,0.6409945487976074,0.6756756901741028
Age: 40-50,636,0.6146694421768188,0.5687500238418579,0.5568181872367859,0.556550920009613,0.6363636255264282
Age: 50-65,636,0.5585081577301025,0.5443478226661682,0.5356643199920654,0.5262097120285034,0.5744680762290955
Race: White,636,0.5162471532821655,0.4982133209705353,0.4985125958919525,0.49393564462661743,0.588652491569519
Race: Black,636,0.3888888955116272,0.3586956560611725,0.36868688464164734,0.28958332538604736,0.29032257199287415
Race: Other,636,0.7766120433807373,0.8240659236907959,0.7407650351524353,0.7398995757102966,0.7647058963775635
Overall,637,0.6616312265396118,0.6147023439407349,0.5874160528182983,0.5751634240150452,0.6153846383094788
Gender: Male,637,0.6155245304107666,0.6086956262588501,0.5342657566070557,0.4850296676158905,0.6399999856948853
Gender: Female,637,0.6310552358627319,0.5813167095184326,0.581827700138092,0.5802083015441895,0.5806451439857483
Age: <40,637,0.599724531173706,0.5323529243469238,0.5272727012634277,0.5156829953193665,0.5454545021057129
Age: 40-50,637,0.7547281980514526,0.7412698268890381,0.6796690225601196,0.6766234040260315,0.7108433246612549
Age: 50-65,637,0.6630532741546631,0.625,0.5815266370773315,0.5615384578704834,0.6210526823997498
Race: White,637,0.6192771196365356,0.5242042541503906,0.517590343952179,0.5048398971557617,0.5864661931991577
Race: Black,637,0.37593984603881836,0.29323309659957886,0.29323309659957886,0.23076923191547394,0.23076924681663513
Race: Other,637,0.7707688808441162,0.739020049571991,0.6940836906433105,0.6915620565414429,0.7142857313156128
Overall,638,0.6314674615859985,0.6213650107383728,0.5959302186965942,0.5886372327804565,0.6279069781303406
Gender: Male,638,0.6413145065307617,0.6466244459152222,0.5559356212615967,0.5112572908401489,0.6306818127632141
Gender: Female,638,0.6358723640441895,0.6232069730758667,0.6237776279449463,0.6231316924095154,0.6240000128746033
Age: <40,638,0.6467748880386353,0.6698028445243835,0.6247257590293884,0.6246931552886963,0.6834532618522644
Age: 40-50,638,0.7312252521514893,0.6850490570068359,0.6492094993591309,0.656410276889801,0.7164179086685181
Age: 50-65,638,0.5274033546447754,0.5034722089767456,0.5031446814537048,0.4784314036369324,0.4842105507850647
Race: White,638,0.5727273225784302,0.5344497561454773,0.530681848526001,0.5305037498474121,0.6171875
Race: Black,638,0.5600000023841858,0.4000000059604645,0.4000000059604645,0.30000001192092896,0.30000001192092896
Race: Other,638,0.7009921073913574,0.7194033265113831,0.6723400354385376,0.658684253692627,0.6797385811805725
Overall,639,0.666519284248352,0.6451125741004944,0.6203212738037109,0.6201595067977905,0.6597938537597656
Gender: Male,639,0.5822171568870544,0.5809731483459473,0.5317754149436951,0.5024263858795166,0.6703910231590271
Gender: Female,639,0.6843620538711548,0.6417233943939209,0.6399104595184326,0.6399871110916138,0.6428571939468384
Age: <40,639,0.6823821067810059,0.6938775777816772,0.6650124192237854,0.6634615659713745,0.6857143044471741
Age: 40-50,639,0.7866666316986084,0.6713948249816895,0.6611111164093018,0.6653318405151367,0.7230769395828247
Age: 50-65,639,0.556302547454834,0.528030276298523,0.5207282900810242,0.5055167078971863,0.569767415523529
Race: White,639,0.6252913475036621,0.5791424512863159,0.571532666683197,0.5735653638839722,0.6535432934761047
Race: Black,639,0.7400000095367432,0.5892857313156128,0.550000011920929,0.4482173025608063,0.47999998927116394
Race: Other,639,0.7253550291061401,0.710634708404541,0.6815998554229736,0.6797937750816345,0.6978417634963989
Overall,640,0.6307670474052429,0.5855159759521484,0.5687359571456909,0.5614370107650757,0.6047297716140747
Gender: Male,640,0.6722350120544434,0.6079365015029907,0.539170503616333,0.4958646595478058,0.6375839114189148
Gender: Female,640,0.5833953619003296,0.5680112838745117,0.5674794912338257,0.5675057172775269,0.5714285373687744
Age: <40,640,0.6427801847457886,0.6465886831283569,0.6012930870056152,0.5757306814193726,0.6147540807723999
Age: 40-50,640,0.7439613342285156,0.6900160908699036,0.6900160908699036,0.6900160908699036,0.7402597665786743
Age: 50-65,640,0.5559861660003662,0.45436108112335205,0.46124032139778137,0.4478597640991211,0.4845360815525055
Race: White,640,0.518750011920929,0.4719298481941223,0.47708335518836975,0.46723103523254395,0.5390625
Race: Black,640,0.5512820482254028,0.5021929740905762,0.502136766910553,0.4833333492279053,0.4838709533214569
Race: Other,640,0.743125319480896,0.7074528932571411,0.6585552096366882,0.656354546546936,0.6934306621551514
Overall,641,0.649170994758606,0.6132622361183167,0.5880338549613953,0.582068920135498,0.6303630471229553
Gender: Male,641,0.6762387752532959,0.6883842349052429,0.571227490901947,0.5422002077102661,0.6742857098579407
Gender: Female,641,0.5933823585510254,0.5682878494262695,0.5681372880935669,0.5681776404380798,0.5703125
Age: <40,641,0.6723227500915527,0.6441037654876709,0.6151960492134094,0.60326087474823,0.6301369667053223
Age: 40-50,641,0.7075471878051758,0.6851092576980591,0.6278302073478699,0.6398026347160339,0.7534246444702148
Age: 50-65,641,0.5266203880310059,0.49166667461395264,0.4930555522441864,0.48148149251937866,0.523809552192688
Race: White,641,0.60810387134552,0.4575865864753723,0.4662868082523346,0.4566352963447571,0.5666667222976685
Race: Black,641,0.1517857015132904,0.2023809552192688,0.1651785671710968,0.16761904954910278,0.17391304671764374
Race: Other,641,0.739130437374115,0.7791666984558105,0.7134097814559937,0.7147701978683472,0.7437500357627869
Overall,642,0.6295062303543091,0.5818303823471069,0.5628918409347534,0.5555435419082642,0.6130136847496033
Gender: Male,642,0.6187258958816528,0.6288515329360962,0.5444015264511108,0.5120130181312561,0.6766467094421387
Gender: Female,642,0.5702564716339111,0.5264447927474976,0.5262820720672607,0.5260587334632874,0.527999997138977
Age: <40,642,0.6224799156188965,0.5531914830207825,0.538663387298584,0.5226697325706482,0.5819671750068665
Age: 40-50,642,0.7902047038078308,0.704807698726654,0.655701756477356,0.6680327653884888,0.7530864477157593
Age: 50-65,642,0.519817054271698,0.5149343013763428,0.5127032399177551,0.5002673864364624,0.5280898809432983
Race: White,642,0.6090139150619507,0.5196969509124756,0.5148707628250122,0.5073891878128052,0.6071428656578064
Race: Black,642,0.3203125,0.3888888955116272,0.40625,0.32867133617401123,0.3333333432674408
Race: Other,642,0.705660343170166,0.6672811508178711,0.6369811296463013,0.6363636255264282,0.671875
Overall,643,0.6176300048828125,0.6015099287033081,0.5770713090896606,0.5689177513122559,0.6211603879928589
Gender: Male,643,0.6399340033531189,0.7390909194946289,0.5650990009307861,0.5211828947067261,0.6708074808120728
Gender: Female,643,0.5675926208496094,0.5569444298744202,0.5569444298744202,0.5569444298744202,0.560606062412262
Age: <40,643,0.6500554084777832,0.6870689392089844,0.6201550364494324,0.6069016456604004,0.6644295454025269
Age: 40-50,643,0.697115421295166,0.5917874574661255,0.5608974695205688,0.5600000023841858,0.6909090876579285
Age: 50-65,643,0.505081295967102,0.49512988328933716,0.49542683362960815,0.4911642372608185,0.5056179761886597
Race: White,643,0.5699467658996582,0.4802128076553345,0.48331934213638306,0.47826087474823,0.578125
Race: Black,643,0.370192289352417,0.3779761791229248,0.4014423191547394,0.3602941036224365,0.37931033968925476
Race: Other,643,0.7429876327514648,0.7692307829856873,0.6948249340057373,0.6845673322677612,0.7132353186607361
Overall,644,0.6331813335418701,0.604812502861023,0.5828583240509033,0.5770527124404907,0.6237288117408752
Gender: Male,644,0.5751543045043945,0.5565756559371948,0.5175926089286804,0.46622222661972046,0.636904776096344
Gender: Female,644,0.6589667201042175,0.6061508059501648,0.6063089966773987,0.6060794591903687,0.6062992215156555
Age: <40,644,0.6971231698989868,0.6221153736114502,0.5876870155334473,0.5778849124908447,0.6343283653259277
Age: 40-50,644,0.6509259343147278,0.6595394611358643,0.6347222328186035,0.635869562625885,0.6716417670249939
Age: 50-65,644,0.5240093469619751,0.5467109084129333,0.539393961429596,0.5330352783203125,0.5744680762290955
Race: White,644,0.650954008102417,0.5902503728866577,0.5768799185752869,0.5777344107627869,0.64000004529953
Race: Black,644,0.27941179275512695,0.2815789580345154,0.2965686321258545,0.2724014222621918,0.27586206793785095
Race: Other,644,0.712551474571228,0.696969747543335,0.644444465637207,0.63901686668396,0.6808510422706604
Overall,645,0.6352155208587646,0.6341463327407837,0.6148704886436462,0.6143617033958435,0.6482758522033691
Gender: Male,645,0.56623375415802,0.6631944179534912,0.5392393469810486,0.48631197214126587,0.6601307392120361
Gender: Female,645,0.6656677722930908,0.6403149366378784,0.6392337083816528,0.634861409664154,0.6350364685058594
Age: <40,645,0.6519230604171753,0.6881214380264282,0.6536324620246887,0.6435520648956299,0.6642335653305054
Age: 40-50,645,0.7449392080307007,0.6766194105148315,0.6766194105148315,0.6766194105148315,0.7464788556098938
Age: 50-65,645,0.5373860597610474,0.513131320476532,0.5118541121482849,0.5072739124298096,0.5365853309631348
Race: White,645,0.5888501405715942,0.5515679717063904,0.5515679717063904,0.5515679717063904,0.6239316463470459
Race: Black,645,0.11818182468414307,0.2976190447807312,0.26818183064460754,0.18406593799591064,0.18518519401550293
Race: Other,645,0.7793778777122498,0.7653743028640747,0.7286866307258606,0.7334145307540894,0.7534246444702148
Overall,646,0.6648551225662231,0.6282463073730469,0.6085950136184692,0.6106089949607849,0.6609588861465454
Gender: Male,646,0.6503401398658752,0.6221354007720947,0.553174614906311,0.5359882116317749,0.692307710647583
Gender: Female,646,0.6459947824478149,0.6224265098571777,0.6229236125946045,0.6226458549499512,0.6308724880218506
Age: <40,646,0.6809876561164856,0.6788015365600586,0.6370370388031006,0.6337209343910217,0.6744186282157898
Age: 40-50,646,0.6604747176170349,0.6026831865310669,0.6026831865310669,0.6026831865310669,0.6857143044471741
Age: 50-65,646,0.6418719291687012,0.5884615182876587,0.5793103575706482,0.5799458026885986,0.6236559152603149
Race: White,646,0.6370235681533813,0.5199275612831116,0.5183000564575195,0.5180580615997314,0.6080000400543213
Race: Black,646,0.2749999761581421,0.2532467544078827,0.26249998807907104,0.2571428716182709,0.2777777910232544
Race: Other,646,0.7213570475578308,0.7738927602767944,0.7178345918655396,0.7229230403900146,0.7516778707504272
Overall,647,0.6407179832458496,0.5765478610992432,0.56640625,0.5615459084510803,0.5912162065505981
Gender: Male,647,0.6605993509292603,0.560606062412262,0.5106548070907593,0.4287276268005371,0.6159420609474182
Gender: Female,647,0.6293976306915283,0.5719581246376038,0.57172691822052,0.5695512890815735,0.5696202516555786
Age: <40,647,0.7014925479888916,0.620379626750946,0.5946582555770874,0.5814346075057983,0.6129032373428345
Age: 40-50,647,0.7246376276016235,0.7035146951675415,0.6858178377151489,0.692577600479126,0.746268630027771
Age: 50-65,647,0.5247272849082947,0.45865386724472046,0.46090906858444214,0.4555555582046509,0.46666669845581055
Race: White,647,0.6033333539962769,0.5117968916893005,0.5116666555404663,0.511704683303833,0.5743243098258972
Race: Black,647,0.3566433787345886,0.3356643319129944,0.3356643319129944,0.3333333432674408,0.3333333432674408
Race: Other,647,0.7462686896324158,0.7306027412414551,0.6813302040100098,0.6481081247329712,0.6612902879714966
Overall,648,0.6538213491439819,0.5961850881576538,0.5761749148368835,0.5654017925262451,0.6026936173439026
Gender: Male,648,0.7178837060928345,0.7369047403335571,0.5840939879417419,0.5310758352279663,0.6322580575942993
Gender: Female,648,0.6357243061065674,0.565504789352417,0.5657021999359131,0.5655750036239624,0.5704225301742554
Age: <40,648,0.6730462312698364,0.6039215922355652,0.5760765075683594,0.5428571701049805,0.5714285969734192
Age: 40-50,648,0.7427114248275757,0.7832992076873779,0.7015306353569031,0.7136363387107849,0.7662337422370911
Age: 50-65,648,0.5501402616500854,0.493055522441864,0.4936886429786682,0.4888969957828522,0.5185185074806213
Race: White,648,0.6082766056060791,0.48681318759918213,0.4880952537059784,0.485714316368103,0.5634921193122864
Race: Black,648,0.34210526943206787,0.34285715222358704,0.3552631735801697,0.31974923610687256,0.32258063554763794
Race: Other,648,0.7448979616165161,0.7719200849533081,0.699999988079071,0.6787587404251099,0.699999988079071
Overall,649,0.6283279657363892,0.5929405689239502,0.5776830911636353,0.5707671642303467,0.6026936173439026
Gender: Male,649,0.627994954586029,0.6440476179122925,0.5435957312583923,0.4862124025821686,0.625
Gender: Female,649,0.602021336555481,0.5798439383506775,0.5799961686134338,0.5792303085327148,0.5793103575706482
Age: <40,649,0.6728091239929199,0.6619048118591309,0.6218264102935791,0.6050666570663452,0.6357142925262451
Age: 40-50,649,0.6419413685798645,0.6121541261672974,0.6039377450942993,0.6042995452880859,0.6268656849861145
Age: 50-65,649,0.5545267462730408,0.4948156774044037,0.49537038803100586,0.49084052443504333,0.5333333611488342
Race: White,649,0.5384212136268616,0.499716579914093,0.4997377395629883,0.4988781213760376,0.5895522236824036
Race: Black,649,0.3472222089767456,0.3500000238418579,0.3958333432674408,0.3021346628665924,0.3199999928474426
Race: Other,649,0.7641727924346924,0.7010753154754639,0.677344560623169,0.6595151424407959,0.6666666865348816
Overall,650,0.6978682279586792,0.6203603744506836,0.6012325882911682,0.6043660640716553,0.6700336337089539
Gender: Male,650,0.7006097435951233,0.7048484683036804,0.5686991810798645,0.5642449855804443,0.7639751434326172
Gender: Female,650,0.6019737124443054,0.5555555820465088,0.5561403632164001,0.555361807346344,0.5588235259056091
Age: <40,650,0.7644839286804199,0.6612277030944824,0.6381797790527344,0.6413043737411499,0.6811594367027283
Age: 40-50,650,0.7940740585327148,0.7450980544090271,0.6666666865348816,0.6875,0.8000000715255737
Age: 50-65,650,0.5486685037612915,0.5,0.5,0.49782609939575195,0.5757575631141663
Race: White,650,0.6006571054458618,0.4702020287513733,0.47356629371643066,0.47064393758773804,0.5968992114067078
Race: Black,650,0.3909090757369995,0.20588235557079315,0.3181818127632141,0.25,0.3333333432674408
Race: Other,650,0.8162055015563965,0.7817533016204834,0.7419960498809814,0.752525269985199,0.7823129296302795
Overall,651,0.6852060556411743,0.670947253704071,0.6448969841003418,0.6468093395233154,0.681208074092865
Gender: Male,651,0.6115151643753052,0.684079647064209,0.5747475028038025,0.557279646396637,0.6979866027832031
Gender: Female,651,0.7028933167457581,0.6632007360458374,0.6632007360458374,0.6632007360458374,0.6644295454025269
Age: <40,651,0.7470645904541016,0.7044891715049744,0.6615704298019409,0.658730149269104,0.6899224519729614
Age: 40-50,651,0.7303206920623779,0.6755952835083008,0.6505101919174194,0.6557823419570923,0.701298713684082
Age: 50-65,651,0.574404776096344,0.6301075220108032,0.620039701461792,0.6219825744628906,0.6521739363670349
Race: White,651,0.5912615060806274,0.5668103694915771,0.5655391216278076,0.5661182999610901,0.6554622054100037
Race: Black,651,0.488095223903656,0.4583333432674408,0.4553571343421936,0.37857145071029663,0.37931033968925476
Race: Other,651,0.7779581546783447,0.7836620807647705,0.7386363744735718,0.7416267991065979,0.7599999904632568
Overall,652,0.7009271383285522,0.6575696468353271,0.6307365894317627,0.628117561340332,0.6587837934494019
Gender: Male,652,0.6076951026916504,0.6039916276931763,0.5444983839988708,0.5177070498466492,0.662420392036438
Gender: Female,652,0.7204234600067139,0.6557835936546326,0.6559776067733765,0.6546584367752075,0.6546762585639954
Age: <40,652,0.6812275648117065,0.6284480094909668,0.6032705903053284,0.5915366411209106,0.6194029450416565
Age: 40-50,652,0.8206349611282349,0.7278075218200684,0.6690475940704346,0.6683483123779297,0.7083333134651184
Age: 50-65,652,0.6514285802841187,0.6583333015441895,0.6480519771575928,0.6508361101150513,0.6777777671813965
Race: White,652,0.661005437374115,0.591800332069397,0.569972813129425,0.5738831758499146,0.7096773982048035
Race: Black,652,0.24242424964904785,0.4201388955116272,0.32575756311416626,0.2784380316734314,0.3199999928474426
Race: Other,652,0.7226952314376831,0.6870734691619873,0.6725286841392517,0.6666666865348816,0.6734693646430969
Overall,653,0.6912869215011597,0.644895076751709,0.6046359539031982,0.5880610942840576,0.6282894611358643
Gender: Male,653,0.6458333730697632,0.7185150384902954,0.5712316036224365,0.5307894349098206,0.6626505851745605
Gender: Female,653,0.6900337934494019,0.5961663722991943,0.59375,0.5858910083770752,0.5869565606117249
Age: <40,653,0.7606896758079529,0.7414610981941223,0.6755172610282898,0.670729398727417,0.7067669630050659
Age: 40-50,653,0.8183673620223999,0.7937158346176147,0.7193877696990967,0.7306817770004272,0.7721519470214844
Age: 50-65,653,0.48428571224212646,0.38181817531585693,0.41333335638046265,0.3611111044883728,0.3913043439388275
Race: White,653,0.6200854778289795,0.5340017080307007,0.5249999761581421,0.5148354768753052,0.5985915660858154
Race: Black,653,0.5634920597076416,0.369047611951828,0.4126984179019928,0.26948052644729614,0.2800000011920929
Race: Other,653,0.7851662635803223,0.7850660085678101,0.7209079265594482,0.7055429816246033,0.7226277589797974
Overall,654,0.7077231407165527,0.6404117345809937,0.6120535731315613,0.5995995998382568,0.6266666650772095
Gender: Male,654,0.7148966789245605,0.673308253288269,0.5821453928947449,0.5550617575645447,0.6535947918891907
Gender: Female,654,0.6736783981323242,0.6071157455444336,0.6050819158554077,0.597969651222229,0.5986394286155701
Age: <40,654,0.6733735799789429,0.6558095812797546,0.6112229228019714,0.590364396572113,0.6268656849861145
Age: 40-50,654,0.8049353361129761,0.6911375522613525,0.6698002219200134,0.6694240570068359,0.6867469549179077
Age: 50-65,654,0.6494185924530029,0.5713276863098145,0.5587209463119507,0.5422794222831726,0.5662650465965271
Race: White,654,0.660212516784668,0.5664212107658386,0.5532467365264893,0.5448275804519653,0.5909091234207153
Race: Black,654,0.6176470518112183,0.46071428060531616,0.4676470458507538,0.4000000059604645,0.40740740299224854
Race: Other,654,0.7590652704238892,0.7392326593399048,0.6947018504142761,0.6848658919334412,0.7021276354789734
Overall,655,0.6880233287811279,0.5902259945869446,0.5710320472717285,0.5579990148544312,0.5939597487449646
Gender: Male,655,0.7337340712547302,0.7129310369491577,0.5655056834220886,0.5307269096374512,0.6815286874771118
Gender: Female,655,0.5614570379257202,0.4990924000740051,0.4990842640399933,0.49604833126068115,0.4964538812637329
Age: <40,655,0.7465753555297852,0.6533504724502563,0.6273544430732727,0.6008904576301575,0.6131386756896973
Age: 40-50,655,0.7450000047683716,0.5910747051239014,0.550000011920929,0.5433364510536194,0.699999988079071
Age: 50-65,655,0.5443902611732483,0.4622950553894043,0.46634143590927124,0.45730239152908325,0.48351648449897766
Race: White,655,0.5826219320297241,0.4518633484840393,0.46692073345184326,0.44768258929252625,0.5702478885650635
Race: Black,655,0.3399999737739563,0.2902098000049591,0.30000001192092896,0.28337427973747253,0.2857142984867096
Race: Other,655,0.8260869979858398,0.7317359447479248,0.6958507299423218,0.6793924570083618,0.6901408433914185
Overall,656,0.7249140739440918,0.690463662147522,0.6510025262832642,0.6490950584411621,0.683501660823822
Gender: Male,656,0.6999626159667969,0.6868156790733337,0.5765993595123291,0.5554479360580444,0.686274528503418
Gender: Female,656,0.7303241491317749,0.6841070055961609,0.6805555820465088,0.6790075302124023,0.6805555820465088
Age: <40,656,0.7668241262435913,0.7020930051803589,0.6709957122802734,0.666459321975708,0.6853146553039551
Age: 40-50,656,0.7975000143051147,0.7968460321426392,0.699999988079071,0.7172888517379761,0.7833333611488342
Age: 50-65,656,0.6101851463317871,0.6059523820877075,0.5824074149131775,0.5735887289047241,0.6170212626457214
Race: White,656,0.6225490570068359,0.548115074634552,0.5324198007583618,0.5188461542129517,0.6115108132362366
Race: Black,656,0.6759259104728699,0.518750011920929,0.5138888955116272,0.4564706087112427,0.4761904776096344
Race: Other,656,0.8168168067932129,0.8084089756011963,0.7769197821617126,0.7790936827659607,0.7883211374282837
Overall,657,0.647602379322052,0.5735185146331787,0.5592407584190369,0.5556522011756897,0.6164383292198181
Gender: Male,657,0.673152506351471,0.6690998077392578,0.5546383857727051,0.5179266929626465,0.6711409687995911
Gender: Female,657,0.6252549886703491,0.546794056892395,0.5479395985603333,0.5466713905334473,0.559440553188324
Age: <40,657,0.6228741407394409,0.5848485231399536,0.5595238208770752,0.5468712449073792,0.6142857074737549
Age: 40-50,657,0.82421875,0.6809954643249512,0.65625,0.6656217575073242,0.765625
Age: 50-65,657,0.5521052479743958,0.4903791546821594,0.49105262756347656,0.48747122287750244,0.5113636255264282
Race: White,657,0.5211309194564819,0.4571603536605835,0.4583333432674408,0.457616925239563,0.5322580337524414
Race: Black,657,0.21666666865348816,0.1884615421295166,0.16249999403953552,0.16761904954910278,0.17391304671764374
Race: Other,657,0.7826262712478638,0.8078539371490479,0.6924242377281189,0.7002185583114624,0.7586206793785095
Overall,658,0.6606534123420715,0.6218620538711548,0.5891808271408081,0.5756006240844727,0.6211603879928589
Gender: Male,658,0.6933333277702332,0.6700310707092285,0.5446938872337341,0.4702436327934265,0.6011560559272766
Gender: Female,658,0.672768235206604,0.6474519968032837,0.6491129398345947,0.647552490234375,0.6500000357627869
Age: <40,658,0.665637731552124,0.6393557786941528,0.6151842474937439,0.5994943380355835,0.6180555820465088
Age: 40-50,658,0.6893616914749146,0.6477272510528564,0.5968085527420044,0.6013153791427612,0.7164179086685181
Age: 50-65,658,0.6138137578964233,0.5303030014038086,0.5192192196846008,0.48427674174308777,0.5487804412841797
Race: White,658,0.5870602130889893,0.5132012963294983,0.509540855884552,0.501315712928772,0.6240000128746033
Race: Black,658,0.3828125,0.33193278312683105,0.34375,0.2904347777366638,0.2916666865348816
Race: Other,658,0.7802430391311646,0.727656364440918,0.6769245862960815,0.655519962310791,0.6736111044883728
Overall,659,0.6333630681037903,0.5842529535293579,0.5658390522003174,0.5581936240196228,0.608996570110321
Gender: Male,659,0.6670965552330017,0.6951438784599304,0.5599668622016907,0.5120419263839722,0.6490066051483154
Gender: Female,659,0.6131731271743774,0.5575899481773376,0.5580347776412964,0.557692289352417,0.5652173757553101
Age: <40,659,0.6100178956985474,0.5457516312599182,0.5375670790672302,0.5328819751739502,0.5942029356956482
Age: 40-50,659,0.7730294466018677,0.7303571701049805,0.6225070953369141,0.6056898832321167,0.6818181872367859
Age: 50-65,659,0.5674470663070679,0.5708812475204468,0.5618728995323181,0.5541958212852478,0.5764706134796143
Race: White,659,0.5626710653305054,0.5120811462402344,0.5102627277374268,0.5073443055152893,0.5968992114067078
Race: Black,659,0.25,0.29393941164016724,0.2638888955116272,0.2593703269958496,0.26923078298568726
Race: Other,659,0.75,0.7150641083717346,0.6522232294082642,0.6446969509124756,0.6865671277046204
Overall,660,0.6116056442260742,0.5723823308944702,0.5615111589431763,0.5531531572341919,0.5810810923576355
Gender: Male,660,0.6584876775741577,0.6210509538650513,0.5597222447395325,0.5159733295440674,0.5987654328346252
Gender: Female,660,0.5719739198684692,0.5590463280677795,0.5595104694366455,0.5584966540336609,0.5597015023231506
Age: <40,660,0.5742491483688354,0.5892250537872314,0.5803670883178711,0.5662958025932312,0.5750000476837158
Age: 40-50,660,0.8561872839927673,0.7098214626312256,0.6571906805038452,0.6638655662536621,0.7222222089767456
Age: 50-65,660,0.4734463393688202,0.4583333432674408,0.4638417959213257,0.45355406403541565,0.49038463830947876
Race: White,660,0.5616407990455627,0.45893141627311707,0.4657427966594696,0.45470207929611206,0.510948896408081
Race: Black,660,0.07500000298023224,0.16233766078948975,0.17499999701976776,0.16408668458461761,0.1666666716337204
Race: Other,660,0.7383158802986145,0.7276241779327393,0.6957091093063354,0.6889705657958984,0.7021276354789734
Overall,661,0.629914402961731,0.586188793182373,0.5673006772994995,0.553409993648529,0.5906040072441101
Gender: Male,661,0.6263020634651184,0.6103448271751404,0.5390625,0.48736804723739624,0.6187500357627869
Gender: Female,661,0.6048319339752197,0.5590476393699646,0.5586134195327759,0.5573899745941162,0.5579710006713867
Age: <40,661,0.6724790334701538,0.6645021438598633,0.6197478771209717,0.5895392298698425,0.6159420609474182
Age: 40-50,661,0.7863247394561768,0.7445652484893799,0.7136752605438232,0.7191489338874817,0.7424242496490479
Age: 50-65,661,0.46135610342025757,0.36811593174934387,0.39212897419929504,0.3742959499359131,0.44680848717689514
Race: White,661,0.6026715040206909,0.5538015365600586,0.5437401533126831,0.5405982732772827,0.6124030947685242
Race: Black,661,0.5291666984558105,0.46571430563926697,0.4749999940395355,0.391391396522522,0.40625
Race: Other,661,0.6997016668319702,0.6369701623916626,0.6115728616714478,0.5936537981033325,0.6131386756896973
Overall,662,0.7144688367843628,0.6491453051567078,0.6278388500213623,0.6253384351730347,0.6510066986083984
Gender: Male,662,0.6778465509414673,0.6134178638458252,0.5446336269378662,0.5110427737236023,0.654088020324707
Gender: Female,662,0.7108758687973022,0.6464657187461853,0.6462224721908569,0.6463104486465454,0.6474820375442505
Age: <40,662,0.6819645166397095,0.6488667726516724,0.6163446307182312,0.5716626644134521,0.5853658318519592
Age: 40-50,662,0.8367346525192261,0.6930555701255798,0.7127550840377808,0.6997098922729492,0.739130437374115
Age: 50-65,662,0.7155722379684448,0.6482843160629272,0.6362101435661316,0.6389294862747192,0.6698113083839417
Race: White,662,0.5939327478408813,0.5208333730697632,0.5190058350563049,0.5180952548980713,0.581818163394928
Race: Black,662,0.5714285373687744,0.531818151473999,0.5357142686843872,0.5138888955116272,0.523809552192688
Race: Other,662,0.7929991483688354,0.7423844337463379,0.699438214302063,0.6941392421722412,0.7125748991966248
Overall,663,0.6267361044883728,0.5979429483413696,0.5724369287490845,0.5594136118888855,0.6086956262588501
Gender: Male,663,0.6086058616638184,0.6756535768508911,0.5341378450393677,0.4524696469306946,0.6086956858634949
Gender: Female,663,0.6674473285675049,0.6044444441795349,0.6050670146942139,0.604626476764679,0.6086956858634949
Age: <40,663,0.6118881106376648,0.6242393255233765,0.5856643319129944,0.5520516633987427,0.5877862572669983
Age: 40-50,663,0.7462589740753174,0.7012263536453247,0.6174365282058716,0.6159250736236572,0.707317054271698
Age: 50-65,663,0.5254524946212769,0.5139141082763672,0.5130090713500977,0.5115771293640137,0.5465116500854492
Race: White,663,0.6424858570098877,0.5325226187705994,0.5271738767623901,0.5247448682785034,0.6086956858634949
Race: Black,663,0.1586538553237915,0.16346153616905212,0.16346153616905212,0.11764705926179886,0.11764705926179886
Race: Other,663,0.7306338548660278,0.7952146530151367,0.7110161185264587,0.7082492113113403,0.7401574850082397
Overall,664,0.6769417524337769,0.6617715954780579,0.6286254525184631,0.6295400261878967,0.6766666769981384
Gender: Male,664,0.6739315986633301,0.7398009896278381,0.6029914617538452,0.6035014390945435,0.744966447353363
Gender: Female,664,0.6411744356155396,0.6088342666625977,0.6050456762313843,0.6036392450332642,0.6092715263366699
Age: <40,664,0.7606589198112488,0.7409812211990356,0.7022771239280701,0.7120156288146973,0.7537313103675842
Age: 40-50,664,0.6422380208969116,0.6474575996398926,0.6028369069099426,0.6010781526565552,0.6756756901741028
Age: 50-65,664,0.5590475797653198,0.5571095943450928,0.54666668176651,0.5334685444831848,0.5652173757553101
Race: White,664,0.6327110528945923,0.625356137752533,0.5803571343421936,0.5683808326721191,0.6458333134651184
Race: Black,664,0.2222222089767456,0.18421052396297455,0.23333333432674408,0.20588235557079315,0.25925925374031067
Race: Other,664,0.826785683631897,0.7936530113220215,0.7702805995941162,0.778174638748169,0.7984496355056763
Overall,665,0.6757333278656006,0.6044143438339233,0.5830303430557251,0.5746241211891174,0.6137930750846863
Gender: Male,665,0.7140624523162842,0.7430555820465088,0.5729166865348816,0.5305556058883667,0.6666666865348816
Gender: Female,665,0.6136009097099304,0.5518394708633423,0.5518394708633423,0.5518394708633423,0.5522388219833374
Age: <40,665,0.6833552718162537,0.5971294641494751,0.5638998746871948,0.5267166495323181,0.5703703761100769
Age: 40-50,665,0.7573696374893188,0.7148337364196777,0.6904761791229248,0.6985645890235901,0.7460317611694336
Age: 50-65,665,0.6140351295471191,0.5666666626930237,0.5623781681060791,0.561904788017273,0.5869565606117249
Race: White,665,0.6007752418518066,0.5351037979125977,0.5318382978439331,0.5315009355545044,0.5984252095222473
Race: Black,665,0.34761905670166016,0.369047611951828,0.369047611951828,0.32258063554763794,0.32258063554763794
Race: Other,665,0.8097437024116516,0.7460874915122986,0.6779034733772278,0.6663296222686768,0.696969747543335
Overall,666,0.6105748414993286,0.5847727060317993,0.5723744630813599,0.5631635785102844,0.5868055820465088
Gender: Male,666,0.5301074981689453,0.5538461208343506,0.5275985598564148,0.4900432825088501,0.5921052694320679
Gender: Female,666,0.6411701440811157,0.5816017389297485,0.5816901922225952,0.5808596611022949,0.5808823704719543
Age: <40,666,0.594835638999939,0.6119896173477173,0.5914319157600403,0.558922529220581,0.572519063949585
Age: 40-50,666,0.6784631013870239,0.5659722089767456,0.5576339960098267,0.5577592849731445,0.6212121248245239
Age: 50-65,666,0.6050295829772949,0.5679205656051636,0.5641025900840759,0.5633838176727295,0.5824176073074341
Race: White,666,0.5648499131202698,0.4947768449783325,0.49519091844558716,0.4926004111766815,0.5333333611488342
Race: Black,666,0.37962961196899414,0.3333333432674408,0.3611111342906952,0.3194444477558136,0.3333333432674408
Race: Other,666,0.6930766105651855,0.7030411958694458,0.6680858731269836,0.6521801948547363,0.6666666269302368
Overall,667,0.6904562711715698,0.6724637746810913,0.6274208426475525,0.6248043179512024,0.6755852699279785
Gender: Male,667,0.6391087174415588,0.7203237414360046,0.5510203838348389,0.5103264451026917,0.6938775181770325
Gender: Female,667,0.7108328342437744,0.6575391888618469,0.6520605087280273,0.6518675088882446,0.6578947305679321
Age: <40,667,0.7591935992240906,0.7222222089767456,0.6754541397094727,0.6701626777648926,0.6962962746620178
Age: 40-50,667,0.7116882801055908,0.7539682388305664,0.6246753334999084,0.6491525173187256,0.8260869979858398
Age: 50-65,667,0.5559999942779541,0.5313180685043335,0.5255555510520935,0.5080037713050842,0.5368421077728271
Race: White,667,0.5588119029998779,0.561141312122345,0.5356435775756836,0.5212658047676086,0.6490066051483154
Race: Black,667,0.5555555820465088,0.4861111044883728,0.4861111044883728,0.4761904776096344,0.4761904776096344
Race: Other,667,0.8155921697616577,0.7689188718795776,0.723763108253479,0.7225421667098999,0.7401574850082397
Overall,668,0.6529631614685059,0.5949400067329407,0.5803571343421936,0.5796418786048889,0.6292516589164734
Gender: Male,668,0.7343274354934692,0.689795970916748,0.5670995712280273,0.5272045135498047,0.654321014881134
Gender: Female,668,0.5928202867507935,0.5984848737716675,0.6054831743240356,0.5917128324508667,0.5984848737716675
Age: <40,668,0.6843862533569336,0.6940052509307861,0.6512583494186401,0.6388277411460876,0.6640000343322754
Age: 40-50,668,0.8582996129989624,0.6899717450141907,0.63613361120224,0.649229884147644,0.7605633735656738
Age: 50-65,668,0.47058820724487305,0.44534051418304443,0.4439338445663452,0.444444477558136,0.4897959232330322
Race: White,668,0.5802631378173828,0.5035714507102966,0.5037828683853149,0.503312349319458,0.6141732335090637
Race: Black,668,0.43434345722198486,0.4642857313156128,0.4696969985961914,0.4373401403427124,0.45000001788139343
Race: Other,668,0.747863233089447,0.6927570104598999,0.653288722038269,0.6427969336509705,0.6666666269302368
Overall,669,0.5833764672279358,0.5540833473205566,0.5398766398429871,0.5146039724349976,0.55409836769104
Gender: Male,669,0.6441493034362793,0.7040715217590332,0.5779886245727539,0.5109890103340149,0.5955055952072144
Gender: Female,669,0.5159521102905273,0.49116164445877075,0.49127617478370667,0.4907268285751343,0.4960629940032959
Age: <40,669,0.5816226601600647,0.6067509055137634,0.5784457325935364,0.5435388684272766,0.5703125
Age: 40-50,669,0.5944309830665588,0.5237179398536682,0.5223971009254456,0.5228758454322815,0.7123287916183472
Age: 50-65,669,0.5230468511581421,0.4657657742500305,0.4703125059604645,0.417693167924881,0.42307692766189575
Race: White,669,0.527544379234314,0.4751763343811035,0.47864145040512085,0.4720342755317688,0.5333333015441895
Race: Black,669,0.3717948794364929,0.4000000059604645,0.39316239953041077,0.3137255012989044,0.3142857253551483
Race: Other,669,0.6861282587051392,0.716654896736145,0.6347673535346985,0.598141074180603,0.6370370388031006
Overall,670,0.6596951484680176,0.6439287662506104,0.6141476035118103,0.605284571647644,0.6372881531715393
Gender: Male,670,0.6312693357467651,0.6714559197425842,0.5692724585533142,0.5261628031730652,0.6319018006324768
Gender: Female,670,0.6847426891326904,0.6436158418655396,0.6429227590560913,0.6429352760314941,0.6439394354820251
Age: <40,670,0.639480471611023,0.6578947305679321,0.6168830990791321,0.5666666626930237,0.5840000510215759
Age: 40-50,670,0.8210227489471436,0.7824074029922485,0.7310606241226196,0.7471619844436646,0.800000011920929
Age: 50-65,670,0.590416669845581,0.5633198022842407,0.5583333373069763,0.5577607154846191,0.5899999737739563
Race: White,670,0.5984101295471191,0.5600490570068359,0.5537281036376953,0.5552669763565063,0.6567164063453674
Race: Black,670,0.4175823926925659,0.4166666865348816,0.40109890699386597,0.3004608154296875,0.3030303120613098
Race: Other,670,0.7941176891326904,0.7584795355796814,0.7166666984558105,0.6940880417823792,0.703125
Overall,671,0.6942055225372314,0.6415424346923828,0.6056008338928223,0.5934157967567444,0.6333333253860474
Gender: Male,671,0.7069575786590576,0.736134946346283,0.5608785152435303,0.5124528408050537,0.6647058725357056
Gender: Female,671,0.6623901128768921,0.5939278602600098,0.5940840840339661,0.5922835469245911,0.5923076868057251
Age: <40,671,0.6558546423912048,0.6360897421836853,0.593512773513794,0.5662285089492798,0.6060606241226196
Age: 40-50,671,0.7843665480613708,0.829807698726654,0.7311320900917053,0.7503851652145386,0.8024691343307495
Age: 50-65,671,0.6518518328666687,0.5127118825912476,0.5111111402511597,0.4980769157409668,0.517241358757019
Race: White,671,0.6620889902114868,0.5586993098258972,0.5433832406997681,0.5344185829162598,0.6083915829658508
Race: Black,671,0.5271739363670349,0.36868688464164734,0.3586956560611725,0.28958332538604736,0.29032257199287415
Race: Other,671,0.8201531171798706,0.7885638475418091,0.7214285731315613,0.72062087059021,0.7460317611694336
Overall,672,0.6872000694274902,0.6453722715377808,0.6200166344642639,0.6157258749008179,0.6464646458625793
Gender: Male,672,0.6990290880203247,0.7338813543319702,0.6173948049545288,0.6089563965797424,0.7055214643478394
Gender: Female,672,0.6214046478271484,0.5761649012565613,0.5758082866668701,0.574413537979126,0.5746268630027771
Age: <40,672,0.7632222771644592,0.7089636325836182,0.674195408821106,0.6668651103973389,0.6849315166473389
Age: 40-50,672,0.6763888597488403,0.6236802339553833,0.6138888597488403,0.6165765523910522,0.660714328289032
Age: 50-65,672,0.5649999380111694,0.5528168678283691,0.5409091114997864,0.528769850730896,0.5789473652839661
Race: White,672,0.6222909688949585,0.5234776139259338,0.5198142528533936,0.5179687738418579,0.6178861856460571
Race: Black,672,0.621052622795105,0.4791666865348816,0.4815789461135864,0.4109916090965271,0.41379308700561523
Race: Other,672,0.7558979988098145,0.7465262413024902,0.7160388231277466,0.707848072052002,0.7172414064407349
Overall,673,0.6781699657440186,0.6454856395721436,0.6131808161735535,0.6041017770767212,0.6393442749977112
Gender: Male,673,0.6415032148361206,0.7000000476837158,0.5720587968826294,0.5402409434318542,0.6728395223617554
Gender: Female,673,0.6770588159561157,0.6051226258277893,0.604215681552887,0.6010864973068237,0.6013985872268677
Age: <40,673,0.6638889312744141,0.6749680638313293,0.6268518567085266,0.6074577569961548,0.640350878238678
Age: 40-50,673,0.8265306353569031,0.7697368860244751,0.7091836929321289,0.7245283126831055,0.7808219194412231
Age: 50-65,673,0.5867127180099487,0.5521680116653442,0.544291079044342,0.5297390818595886,0.5508474707603455
Race: White,673,0.5205453038215637,0.5021551847457886,0.5014401078224182,0.4815244674682617,0.5771812200546265
Race: Black,673,0.35087716579437256,0.3896103799343109,0.35087719559669495,0.3333333432674408,0.35999998450279236
Race: Other,673,0.8476525545120239,0.794593095779419,0.7481220960617065,0.7483422756195068,0.7633587718009949
Overall,674,0.6815273761749268,0.6403133869171143,0.6172327995300293,0.6196941137313843,0.6700680255889893
Gender: Male,674,0.6023930311203003,0.616906464099884,0.5299125909805298,0.497959166765213,0.7210884094238281
Gender: Female,674,0.6850335597991943,0.61753249168396,0.6179262399673462,0.6176142692565918,0.6190475821495056
Age: <40,674,0.6323529481887817,0.6343390941619873,0.6078431606292725,0.6022542119026184,0.6386554837226868
Age: 40-50,674,0.7658661603927612,0.8026931881904602,0.7216981053352356,0.7441520690917969,0.8133333325386047
Age: 50-65,674,0.6796875,0.5569852590560913,0.5538194179534912,0.554367184638977,0.5999999642372131
Race: White,674,0.6403108835220337,0.5353535413742065,0.5309568643569946,0.5305832028388977,0.6212121248245239
Race: Black,674,0.3025209903717041,0.3496503531932831,0.3193277418613434,0.3142857253551483,0.3333333432674408
Race: Other,674,0.7649312615394592,0.7816742062568665,0.7244759798049927,0.7364952564239502,0.7753623127937317
Overall,675,0.6625397205352783,0.6284693479537964,0.6003401279449463,0.5786119699478149,0.6026936173439026
Gender: Male,675,0.6055974960327148,0.6202651262283325,0.5327094793319702,0.46354609727859497,0.6064516305923462
Gender: Female,675,0.6399836540222168,0.6023449897766113,0.6051664352416992,0.5969725847244263,0.5985915660858154
Age: <40,675,0.7041952013969421,0.6479949951171875,0.6263912916183472,0.6028985977172852,0.6131386756896973
Age: 40-50,675,0.7069767713546753,0.731840193271637,0.6484496593475342,0.6421568393707275,0.698630154132843
Age: 50-65,675,0.5343551635742188,0.510869562625885,0.5084566473960876,0.47816988825798035,0.5057471394538879
Race: White,675,0.6638176441192627,0.5512067079544067,0.5392925143241882,0.5302197933197021,0.5939849615097046
Race: Black,675,0.3380952477455139,0.2961956560611725,0.3214285671710968,0.2549634277820587,0.25806450843811035
Race: Other,675,0.759276270866394,0.7594107985496521,0.7178195118904114,0.6845971345901489,0.6917293667793274
Overall,676,0.6932588815689087,0.623462438583374,0.5870544910430908,0.5689843893051147,0.6156351566314697
Gender: Male,676,0.6631336212158203,0.686274528503418,0.5729646682739258,0.5440555810928345,0.6706587076187134
Gender: Female,676,0.6758973598480225,0.5633741617202759,0.5594872236251831,0.5460861921310425,0.550000011920929
Age: <40,676,0.6923224925994873,0.6981651782989502,0.6458333730697632,0.6207982301712036,0.6458333134651184
Age: 40-50,676,0.7942708730697632,0.6599999666213989,0.6458333730697632,0.6517006754875183,0.75
Age: 50-65,676,0.6387755274772644,0.4718354344367981,0.48183673620224,0.4327603578567505,0.4848484992980957
Race: White,676,0.6692177057266235,0.4787878692150116,0.4851190447807312,0.46295851469039917,0.5428571701049805
Race: Black,676,0.26530611515045166,0.2083333283662796,0.3571428656578064,0.2631579041481018,0.3571428656578064
Race: Other,676,0.7514539957046509,0.7692217826843262,0.697656512260437,0.6819126605987549,0.7058823704719543
Overall,677,0.682685375213623,0.6411027908325195,0.6018083095550537,0.5809030532836914,0.6174496412277222
Gender: Male,677,0.6946709156036377,0.7479262351989746,0.5783343315124512,0.5330601930618286,0.6568047404289246
Gender: Female,677,0.6074560880661011,0.5748531818389893,0.5745614171028137,0.5658653974533081,0.565891444683075
Age: <40,677,0.6596639156341553,0.6853135228157043,0.6310691237449646,0.6082586050033569,0.6412214040756226
Age: 40-50,677,0.7293869256973267,0.6792929172515869,0.6125792860984802,0.6141830682754517,0.7076923251152039
Age: 50-65,677,0.6692456603050232,0.5569201707839966,0.5466151237487793,0.5142857432365417,0.529411792755127
Race: White,677,0.6860414743423462,0.5717364549636841,0.5503457188606262,0.5409986972808838,0.6241134405136108
Race: Black,677,0.28333336114883423,0.39855074882507324,0.38333335518836975,0.24047619104385376,0.24137930572032928
Race: Other,677,0.766357421875,0.7457756996154785,0.6953125,0.6788264513015747,0.6953125
Overall,678,0.5970283150672913,0.5585837364196777,0.5501595735549927,0.5482721924781799,0.6040955185890198
Gender: Male,678,0.6165178418159485,0.6050254106521606,0.5276785492897034,0.4764484465122223,0.6569767594337463
Gender: Female,678,0.5666099786758423,0.5449579954147339,0.5454931855201721,0.528796911239624,0.5289255976676941
Age: <40,678,0.6333264112472534,0.5916171073913574,0.5671300888061523,0.5515900254249573,0.6000000238418579
Age: 40-50,678,0.6920077800750732,0.6590908765792847,0.6535087823867798,0.6560872793197632,0.7397260069847107
Age: 50-65,678,0.4584178328514099,0.45000001788139343,0.44929006695747375,0.4495720863342285,0.48750001192092896
Race: White,678,0.5286324620246887,0.4856809675693512,0.48162394762039185,0.47637033462524414,0.5775862336158752
Race: Black,678,0.3125,0.2744361162185669,0.3125,0.2593703269958496,0.26923078298568726
Race: Other,678,0.7345415353775024,0.7133004665374756,0.6538735032081604,0.6447058916091919,0.6821191906929016
Overall,679,0.6529850959777832,0.6544342637062073,0.6256219148635864,0.619575023651123,0.6490066051483154
Gender: Male,679,0.6736531257629395,0.7034584283828735,0.6066606640815735,0.5789071917533875,0.6516854166984558
Gender: Female,679,0.6543598175048828,0.6428384184837341,0.6428384184837341,0.6428384184837341,0.6451612710952759
Age: <40,679,0.7144314050674438,0.7169288992881775,0.6898266077041626,0.6932367086410522,0.7165354490280151
Age: 40-50,679,0.7388192415237427,0.6851851940155029,0.6341681480407715,0.6356550455093384,0.695652186870575
Age: 50-65,679,0.5311943292617798,0.5565789937973022,0.5459892749786377,0.5188513398170471,0.5377358794212341
Race: White,679,0.477264940738678,0.46543776988983154,0.4769230782985687,0.4571428596973419,0.5789473652839661
Race: Black,679,0.46285712718963623,0.42510122060775757,0.39428573846817017,0.35222673416137695,0.375
Race: Other,679,0.7568106651306152,0.7732075452804565,0.7405315637588501,0.7427083253860474,0.7564102411270142
Overall,680,0.6523716449737549,0.6185451745986938,0.5904183387756348,0.5842899084091187,0.6354166865348816
Gender: Male,680,0.648809552192688,0.6511387228965759,0.5543155074119568,0.5174603462219238,0.6578947305679321
Gender: Female,680,0.6511476039886475,0.6044642925262451,0.6022950410842896,0.6025365591049194,0.6102941036224365
Age: <40,680,0.6388888955116272,0.6080976128578186,0.5807291865348816,0.5632727146148682,0.6016949415206909
Age: 40-50,680,0.804093599319458,0.7930327653884888,0.7090643048286438,0.7338008284568787,0.8219177722930908
Age: 50-65,680,0.5793310403823853,0.5207910537719727,0.5175814628601074,0.5058304071426392,0.5360824465751648
Race: White,680,0.564003586769104,0.4695145785808563,0.47668546438217163,0.46790820360183716,0.609375
Race: Black,680,0.4270833134651184,0.40643274784088135,0.4166666567325592,0.38580644130706787,0.392857164144516
Race: Other,680,0.7529871463775635,0.7586805820465088,0.7054227590560913,0.6941463351249695,0.7121212482452393
Overall,681,0.621342658996582,0.5748456716537476,0.5619969367980957,0.5579288601875305,0.6060605645179749
Gender: Male,681,0.6635448932647705,0.6717817783355713,0.5698924660682678,0.5328510999679565,0.6451612710952759
Gender: Female,681,0.6210547685623169,0.5534855723381042,0.5554401874542236,0.552642285823822,0.563380241394043
Age: <40,681,0.6696781516075134,0.6430312395095825,0.610483705997467,0.5943419933319092,0.6232876777648926
Age: 40-50,681,0.628654956817627,0.5059523582458496,0.5043859481811523,0.5,0.6800000071525574
Age: 50-65,681,0.5146953463554382,0.48243728280067444,0.48243728280067444,0.48243728280067444,0.5
Race: White,681,0.5789215564727783,0.4674568772315979,0.4629901945590973,0.46403658390045166,0.60550457239151
Race: Black,681,0.32954543828964233,0.2952898442745209,0.2859848439693451,0.25653594732284546,0.2571428716182709
Race: Other,681,0.720309853553772,0.7149336338043213,0.6672117114067078,0.6593692302703857,0.686274528503418
Overall,682,0.6230587959289551,0.5983516573905945,0.5690900087356567,0.5578340888023376,0.6237623691558838
Gender: Male,682,0.5934506058692932,0.6791930198669434,0.5647791028022766,0.5332925319671631,0.6724137663841248
Gender: Female,682,0.6413307189941406,0.5488520264625549,0.5465031266212463,0.5449031591415405,0.5581395626068115
Age: <40,682,0.6723101139068604,0.6503205299377441,0.60447758436203,0.5718333721160889,0.60447758436203
Age: 40-50,682,0.7439446449279785,0.6783217191696167,0.6470588445663452,0.6578616499900818,0.7647058963775635
Age: 50-65,682,0.4873310923576355,0.4692174792289734,0.4774070978164673,0.46130141615867615,0.5544554591178894
Race: White,682,0.6095906496047974,0.5,0.5,0.49043744802474976,0.6071428656578064
Race: Black,682,0.3015872836112976,0.3382352888584137,0.3253968358039856,0.2788461446762085,0.2800000011920929
Race: Other,682,0.6890085935592651,0.7360012531280518,0.660775899887085,0.6559022068977356,0.7028985619544983
Overall,683,0.5844762325286865,0.5563969612121582,0.5356428623199463,0.5083691477775574,0.5802047848701477
Gender: Male,683,0.6357895135879517,0.6213080286979675,0.532280683517456,0.45163780450820923,0.5823529362678528
Gender: Female,683,0.560547947883606,0.5550920367240906,0.5524657368659973,0.5523515939712524,0.577235758304596
Age: <40,683,0.5785714387893677,0.5514259338378906,0.5327380895614624,0.4913543462753296,0.5431034564971924
Age: 40-50,683,0.7631118893623352,0.7130952477455139,0.6564685106277466,0.6696428656578064,0.7567567825317383
Age: 50-65,683,0.4905015230178833,0.44611531496047974,0.46732521057128906,0.42034631967544556,0.49514564871788025
Race: White,683,0.5205254554748535,0.4133389890193939,0.4441707730293274,0.41817009449005127,0.565891444683075
Race: Black,683,0.5714285373687744,0.375,0.4047619104385376,0.2929292917251587,0.30000001192092896
Race: Other,683,0.6311111450195312,0.6815789341926575,0.6200000047683716,0.5921115875244141,0.631944477558136
Overall,684,0.6728740334510803,0.642375111579895,0.6169348955154419,0.6088930368423462,0.6354166865348816
Gender: Male,684,0.6763616800308228,0.6217054128646851,0.5691874027252197,0.5482924580574036,0.6363636255264282
Gender: Female,684,0.6457589268684387,0.6408065557479858,0.6379464268684387,0.6333277225494385,0.6343283653259277
Age: <40,684,0.5977625846862793,0.5824176073074341,0.5667429566383362,0.5548912882804871,0.5873016119003296
Age: 40-50,684,0.8077508211135864,0.7394068241119385,0.6717325448989868,0.6783876419067383,0.7333333492279053
Age: 50-65,684,0.6362671852111816,0.6405529975891113,0.6293743252754211,0.61561119556427,0.6206896305084229
Race: White,684,0.6671448945999146,0.5833333730697632,0.574127197265625,0.5740659236907959,0.6165413856506348
Race: Black,684,0.6000000238418579,0.5416666269302368,0.5470588207244873,0.4078674912452698,0.40909093618392944
Race: Other,684,0.716553270816803,0.7275200486183167,0.6801587343215942,0.6701748371124268,0.6917293667793274
Overall,685,0.6615681648254395,0.6610244512557983,0.6287180185317993,0.6234927177429199,0.656462550163269
Gender: Male,685,0.5795572400093079,0.5998175144195557,0.5473019480705261,0.5179638862609863,0.6369426846504211
Gender: Female,685,0.719096302986145,0.6828552484512329,0.679347813129425,0.6774400472640991,0.6788321137428284
Age: <40,685,0.6373955011367798,0.6213675141334534,0.5848267674446106,0.5611842274665833,0.6034482717514038
Age: 40-50,685,0.7461686134338379,0.793552041053772,0.7485631704330444,0.7593445777893066,0.7872340083122253
Age: 50-65,685,0.6327230930328369,0.5760233998298645,0.5669336318969727,0.5608662962913513,0.5833333730697632
Race: White,685,0.6623022556304932,0.6575154066085815,0.6252045631408691,0.6273106932640076,0.6800000071525574
Race: Black,685,0.43030303716659546,0.45402300357818604,0.4515151381492615,0.36547619104385376,0.3658536374568939
Race: Other,685,0.7468805909156799,0.7252415418624878,0.6899669170379639,0.695300281047821,0.7265625
Overall,686,0.6786196231842041,0.630630612373352,0.6034316420555115,0.6024857759475708,0.6554054021835327
Gender: Male,686,0.7127814292907715,0.7879432439804077,0.6105664372444153,0.5999284386634827,0.7243589758872986
Gender: Female,686,0.6206250190734863,0.5690521001815796,0.5687500238418579,0.568871021270752,0.5785714387893677
Age: <40,686,0.6256157159805298,0.6565191745758057,0.629802942276001,0.6234063506126404,0.6484375
Age: 40-50,686,0.8053278923034668,0.6449794769287109,0.6449794769287109,0.6449794769287109,0.7662337422370911
Age: 50-65,686,0.6995097994804382,0.5547618865966797,0.5394607782363892,0.519170880317688,0.5714285969734192
Race: White,686,0.6006817817687988,0.48140931129455566,0.485909104347229,0.4770309031009674,0.6041666865348816
Race: Black,686,0.47777777910232544,0.42788460850715637,0.4166666865348816,0.3752860426902771,0.380952388048172
Race: Other,686,0.8045454621315002,0.7724266648292542,0.7266746759414673,0.7319693565368652,0.7557252049446106
Overall,687,0.6959595680236816,0.6170597076416016,0.6012265682220459,0.598010241985321,0.6254295706748962
Gender: Male,687,0.7055047750473022,0.6370370388031006,0.5539778470993042,0.5245943069458008,0.6666666865348816
Gender: Female,687,0.6383964419364929,0.5808793902397156,0.5807816386222839,0.5808011889457703,0.5815602540969849
Age: <40,687,0.7654247283935547,0.726327121257782,0.6880775094032288,0.6809931397438049,0.6982758641242981
Age: 40-50,687,0.7407407760620117,0.658199667930603,0.6429146528244019,0.6467493772506714,0.6849315166473389
Age: 50-65,687,0.5818965435028076,0.4723320007324219,0.4753134846687317,0.4680437743663788,0.5
Race: White,687,0.5543831586837769,0.4442022442817688,0.44805195927619934,0.44541576504707336,0.5307692289352417
Race: Black,687,0.37962961196899414,0.4571428596973419,0.4444444477558136,0.4000000059604645,0.4166666865348816
Race: Other,687,0.8649168014526367,0.7878445982933044,0.7450917959213257,0.7401829957962036,0.7518247961997986
Overall,688,0.6753181219100952,0.604886531829834,0.5780110359191895,0.5670702457427979,0.6173633337020874
Gender: Male,688,0.6709573268890381,0.6596806049346924,0.5429069399833679,0.491849809885025,0.6536312699317932
Gender: Female,688,0.6433984041213989,0.5679723620414734,0.5677382349967957,0.5675613284111023,0.5681818127632141
Age: <40,688,0.6834577322006226,0.6311813592910767,0.5989842414855957,0.5669782161712646,0.5899280905723572
Age: 40-50,688,0.7222222089767456,0.7179245352745056,0.6309523582458496,0.6363327503204346,0.7301587462425232
Age: 50-65,688,0.6386212110519409,0.5209051966667175,0.5179762840270996,0.5151724815368652,0.5871559381484985
Race: White,688,0.6501820087432861,0.5190476179122925,0.518203854560852,0.5184553265571594,0.6592592597007751
Race: Black,688,0.7857142686843872,0.5208333134651184,0.5892857313156128,0.19151514768600464,0.20689654350280762
Race: Other,688,0.7192364931106567,0.694800615310669,0.6520570516586304,0.6368577480316162,0.6598639488220215
Overall,689,0.6453790664672852,0.5852232575416565,0.5749220848083496,0.5751644372940063,0.6236934065818787
Gender: Male,689,0.661797285079956,0.6100529432296753,0.557692289352417,0.5439903736114502,0.6730769276618958
Gender: Female,689,0.6191387176513672,0.5607760548591614,0.5622009634971619,0.5598585605621338,0.5648854970932007
Age: <40,689,0.7172342538833618,0.6918518543243408,0.6336429119110107,0.6299533843994141,0.6850393414497375
Age: 40-50,689,0.8350340127944946,0.7390244007110596,0.75,0.7440797686576843,0.8035714626312256
Age: 50-65,689,0.4662058353424072,0.4283778667449951,0.42895546555519104,0.42862653732299805,0.45192310214042664
Race: White,689,0.5784313678741455,0.5364992022514343,0.5390756130218506,0.537162184715271,0.6350364685058594
Race: Black,689,0.24242424964904785,0.25757575035095215,0.25757575035095215,0.23529411852359772,0.23529411852359772
Race: Other,689,0.7695810794830322,0.6763157844543457,0.6449226140975952,0.6379967331886292,0.6616541743278503
Overall,690,0.6355221271514893,0.6014769673347473,0.5726858377456665,0.5571603775024414,0.6086956262588501
Gender: Male,690,0.614761471748352,0.6610889434814453,0.5483798384666443,0.4943162202835083,0.6347305774688721
Gender: Female,690,0.6478030681610107,0.5740259885787964,0.5721186995506287,0.5709310173988342,0.575757622718811
Age: <40,690,0.6571632623672485,0.6977201700210571,0.6195058226585388,0.5892437100410461,0.6384615302085876
Age: 40-50,690,0.6496598720550537,0.611201286315918,0.5776643753051758,0.5819376111030579,0.7164179086685181
Age: 50-65,690,0.5834615230560303,0.4960474371910095,0.4965384602546692,0.4820272624492645,0.5
Race: White,690,0.5929890871047974,0.44844844937324524,0.4586566686630249,0.45076650381088257,0.6086956858634949
Race: Black,690,0.36734694242477417,0.380952388048172,0.380952388048172,0.2857142984867096,0.2857142984867096
Race: Other,690,0.7505679130554199,0.7538621425628662,0.6941162943840027,0.6616977453231812,0.6766917705535889
Overall,691,0.6753672957420349,0.6266666650772095,0.5965536236763,0.5803384184837341,0.6135593056678772
Gender: Male,691,0.700833797454834,0.656462550163269,0.5694364309310913,0.5230399370193481,0.613095223903656
Gender: Female,691,0.65625,0.6161847114562988,0.6135913133621216,0.6117662191390991,0.6141732335090637
Age: <40,691,0.7283831834793091,0.6656249761581421,0.6362905502319336,0.6046950817108154,0.6160714626312256
Age: 40-50,691,0.7592093348503113,0.6333333253860474,0.6006289124488831,0.6070796251296997,0.7162162065505981
Age: 50-65,691,0.5764309763908386,0.5556034445762634,0.5434343814849854,0.5158138275146484,0.5412843823432922
Race: White,691,0.5821678042411804,0.5440729260444641,0.5337995290756226,0.5271317958831787,0.6065573692321777
Race: Black,691,0.5499999523162842,0.5227272510528564,0.5211538672447205,0.48294931650161743,0.4848484992980957
Race: Other,691,0.7810263633728027,0.7099359035491943,0.6607033610343933,0.631954550743103,0.6499999761581421
Overall,692,0.5782762765884399,0.5650838613510132,0.5500354170799255,0.5399678945541382,0.5945945978164673
Gender: Male,692,0.5815094113349915,0.6155303120613098,0.5383647680282593,0.47889378666877747,0.6077348589897156
Gender: Female,692,0.6115311980247498,0.573049008846283,0.5760869383811951,0.5692225694656372,0.573913037776947
Age: <40,692,0.6088649034500122,0.6322463750839233,0.5874513387680054,0.5626308917999268,0.6120689511299133
Age: 40-50,692,0.7114779949188232,0.6774510145187378,0.6422955989837646,0.6509820818901062,0.7272727489471436
Age: 50-65,692,0.4460708796977997,0.43948063254356384,0.44703391194343567,0.43704456090927124,0.4757281541824341
Race: White,692,0.5795121788978577,0.529411792755127,0.5285365581512451,0.5288366079330444,0.6170212626457214
Race: Black,692,0.10457515716552734,0.18333333730697632,0.25163400173187256,0.1814092993736267,0.19230769574642181
Race: Other,692,0.7198172211647034,0.712694525718689,0.6446608901023865,0.6180167198181152,0.6511628031730652
Overall,693,0.7031649947166443,0.6160606145858765,0.5907324552536011,0.5846734046936035,0.6305084824562073
Gender: Male,693,0.7018994092941284,0.667438268661499,0.5629259347915649,0.5433467030525208,0.7022472023963928
Gender: Female,693,0.5784024000167847,0.5208942294120789,0.5211538672447205,0.5196480751037598,0.5213675498962402
Age: <40,693,0.7072418928146362,0.6289926171302795,0.6040061712265015,0.5975378751754761,0.6323529481887817
Age: 40-50,693,0.7730977535247803,0.6194295883178711,0.5910326242446899,0.5975562930107117,0.7258064150810242
Age: 50-65,693,0.6544680595397949,0.5748677253723145,0.5602127313613892,0.5412161946296692,0.5670102834701538
Race: White,693,0.6310387849807739,0.4848484992980957,0.48760950565338135,0.479891300201416,0.560606062412262
Race: Black,693,0.6074074506759644,0.5333333611488342,0.5333333611488342,0.5,0.5
Race: Other,693,0.7820675373077393,0.7534304857254028,0.6870253086090088,0.684917151927948,0.7194244861602783
Overall,694,0.6214859485626221,0.5938870906829834,0.5655001401901245,0.5475287437438965,0.602739691734314
Gender: Male,694,0.61277174949646,0.7022058963775635,0.5640528202056885,0.5227038264274597,0.662162184715271
Gender: Female,694,0.6067566871643066,0.5409699082374573,0.5378378629684448,0.5307130217552185,0.5416666865348816
Age: <40,694,0.6861538887023926,0.6957417726516724,0.631538450717926,0.5692883729934692,0.5913043022155762
Age: 40-50,694,0.7062841653823853,0.7366666793823242,0.6212431788444519,0.6323529481887817,0.7647058963775635
Age: 50-65,694,0.4653562605381012,0.4241935610771179,0.4307125210762024,0.42492666840553284,0.46739131212234497
Race: White,694,0.5601010322570801,0.4322006404399872,0.44709596037864685,0.433647483587265,0.5413534045219421
Race: Black,694,0.32499998807907104,0.5476190447807312,0.5249999761581421,0.13457557559013367,0.13636364042758942
Race: Other,694,0.7392148971557617,0.7855477929115295,0.7113891243934631,0.7085106372833252,0.7372262477874756
Overall,695,0.6609189510345459,0.6069261431694031,0.5905385613441467,0.5894653797149658,0.6323024034500122
Gender: Male,695,0.6810897588729858,0.7290598154067993,0.5805288553237915,0.5564435720443726,0.6959459781646729
Gender: Female,695,0.6210317611694336,0.5644339919090271,0.5652778148651123,0.5638527870178223,0.5664335489273071
Age: <40,695,0.6971697807312012,0.6380302906036377,0.6074292659759521,0.604780375957489,0.6541353464126587
Age: 40-50,695,0.7908496856689453,0.7645212411880493,0.7202614545822144,0.73617023229599,0.8064515590667725
Age: 50-65,695,0.5237472653388977,0.48055553436279297,0.4816993474960327,0.47681015729904175,0.4895833432674408
Race: White,695,0.5476930141448975,0.45884668827056885,0.46517303586006165,0.4589371979236603,0.5625
Race: Black,695,0.49537035822868347,0.4318181872367859,0.4444444477558136,0.3891402781009674,0.40000003576278687
Race: Other,695,0.8077837228775024,0.7884615659713745,0.760695219039917,0.7652777433395386,0.7777777910232544
Overall,696,0.6318199634552002,0.5936532616615295,0.569982647895813,0.5636558532714844,0.6283783912658691
Gender: Male,696,0.6106959581375122,0.5827957391738892,0.528205156326294,0.4769230782985687,0.6235294342041016
Gender: Female,696,0.6710840463638306,0.6203153133392334,0.6233766078948975,0.6211764812469482,0.6349206566810608
Age: <40,696,0.6263227462768555,0.5255427956581116,0.5198413133621216,0.5116215348243713,0.5877193212509155
Age: 40-50,696,0.7323232889175415,0.7421722412109375,0.6388888955116272,0.6356173753738403,0.7126436829566956
Age: 50-65,696,0.5421245098114014,0.5754357576370239,0.5634157657623291,0.5588954091072083,0.6000000238418579
Race: White,696,0.5640822649002075,0.5628959536552429,0.5549842119216919,0.5565601587295532,0.6576576828956604
Race: Black,696,0.4014778137207031,0.3212365508079529,0.33620691299438477,0.2775067687034607,0.27906978130340576
Race: Other,696,0.735213041305542,0.7071428298950195,0.647551417350769,0.6510220170021057,0.7112675905227661
Overall,697,0.6388509273529053,0.5900696516036987,0.5696078538894653,0.5583565831184387,0.6020066738128662
Gender: Male,697,0.6146984100341797,0.6084368228912354,0.5296658277511597,0.4703406095504761,0.6300578117370605
Gender: Female,697,0.6258503198623657,0.5635080337524414,0.5634920597076416,0.5634645819664001,0.5634921193122864
Age: <40,697,0.6642786264419556,0.6345316171646118,0.5983084440231323,0.5774495601654053,0.6126760244369507
Age: 40-50,697,0.7418603897094727,0.7482517957687378,0.6651163101196289,0.6791171431541443,0.7619048357009888
Age: 50-65,697,0.5402930378913879,0.45545315742492676,0.4601648449897766,0.45134007930755615,0.4787233769893646
Race: White,697,0.6490683555603027,0.5604277849197388,0.5501331090927124,0.550000011920929,0.6388888955116272
Race: Black,697,0.26050418615341187,0.1789473593235016,0.24369747936725616,0.16083917021751404,0.1666666716337204
Race: Other,697,0.7186480760574341,0.676250696182251,0.642890453338623,0.6240459084510803,0.6412214040756226
Overall,698,0.6791859865188599,0.6337812542915344,0.613222599029541,0.6101118326187134,0.6398601531982422
Gender: Male,698,0.6695071458816528,0.6700704097747803,0.5807017683982849,0.5655922889709473,0.6851851940155029
Gender: Female,698,0.6131138801574707,0.5796874761581421,0.5799372792243958,0.5796610116958618,0.5806451439857483
Age: <40,698,0.6885631084442139,0.6519163846969604,0.6278592348098755,0.6038076877593994,0.6153846383094788
Age: 40-50,698,0.7684614658355713,0.7126436829566956,0.670769214630127,0.680134654045105,0.7368420958518982
Age: 50-65,698,0.610837459564209,0.5564516186714172,0.5534482598304749,0.553787887096405,0.5913978219032288
Race: White,698,0.6993810534477234,0.5870027542114258,0.5844385623931885,0.5855263471603394,0.6507936716079712
Race: Black,698,0.2857142686843872,0.3636363744735718,0.34285715222358704,0.34188035130500793,0.3636363744735718
Race: Other,698,0.7263180017471313,0.7254902124404907,0.6739130616188049,0.6541353464126587,0.6739130616188049
Overall,699,0.6525161266326904,0.6338402032852173,0.6083985567092896,0.6061879396438599,0.6484641432762146
Gender: Male,699,0.5977224111557007,0.6096153855323792,0.5394736528396606,0.5074074268341064,0.6725146174430847
Gender: Female,699,0.6497311592102051,0.6146085262298584,0.6145161390304565,0.6145210266113281,0.6147540807723999
Age: <40,699,0.7179951667785645,0.6857366561889648,0.6431159377098083,0.6419059038162231,0.6837607026100159
Age: 40-50,699,0.7121745347976685,0.7065120935440063,0.66291344165802,0.6689814925193787,0.7179487347602844
Age: 50-65,699,0.5272108912467957,0.5274509787559509,0.523809552192688,0.5170251131057739,0.5510203838348389
Race: White,699,0.5055282711982727,0.5245614051818848,0.5214987397193909,0.5208384394645691,0.6240000128746033
Race: Black,699,0.71875,0.4375,0.4375,0.2142857164144516,0.2142857313156128
Race: Other,699,0.8166526556015015,0.7613636255264282,0.732127845287323,0.737827718257904,0.7571428418159485
Overall,700,0.6822034120559692,0.6709156632423401,0.6407315731048584,0.642612636089325,0.682593822479248
Gender: Male,700,0.6164431571960449,0.7140523195266724,0.5924488306045532,0.5849802494049072,0.7204968929290771
Gender: Female,700,0.7141543626785278,0.6359447240829468,0.6355698108673096,0.635610818862915,0.6363636255264282
Age: <40,700,0.7247252464294434,0.690245509147644,0.6618131399154663,0.6622960567474365,0.6885245442390442
Age: 40-50,700,0.7647058963775635,0.7098484635353088,0.6697304248809814,0.6839622259140015,0.7910447716712952
Age: 50-65,700,0.6160714626312256,0.6078214645385742,0.5907738208770752,0.5815916061401367,0.6057692766189575
Race: White,700,0.5975708961486816,0.5643531084060669,0.5515519380569458,0.5522388219833374,0.6641790866851807
Race: Black,700,0.48351648449897766,0.550000011920929,0.5549451112747192,0.5396419167518616,0.550000011920929
Race: Other,700,0.7502083778381348,0.7442757487297058,0.7044791579246521,0.7015689611434937,0.7194244861602783
Overall,701,0.7127759456634521,0.6558150053024292,0.6198110580444336,0.6077672243118286,0.6399999856948853
Gender: Male,701,0.6937441825866699,0.6985294222831726,0.5567227005958557,0.5082352757453918,0.6545454263687134
Gender: Female,701,0.7051395773887634,0.6241758465766907,0.6251661777496338,0.6218903064727783,0.6222221851348877
Age: <40,701,0.8033126592636108,0.7308959364891052,0.681418240070343,0.6772279739379883,0.7040000557899475
Age: 40-50,701,0.8085553646087646,0.770933985710144,0.7359747886657715,0.7433333396911621,0.7662337422370911
Age: 50-65,701,0.5058333277702332,0.44805192947387695,0.4650000035762787,0.4147605299949646,0.4591836631298065
Race: White,701,0.6645950078964233,0.5736566185951233,0.5563352108001709,0.5473945140838623,0.6041666865348816
Race: Black,701,0.39393937587738037,0.3181818127632141,0.3181818127632141,0.2142857164144516,0.2142857313156128
Race: Other,701,0.8272794485092163,0.808574914932251,0.7525327205657959,0.7551289796829224,0.7734375
Overall,702,0.6962641477584839,0.6774853467941284,0.6356242895126343,0.6270408630371094,0.6611295342445374
Gender: Male,702,0.6501466035842896,0.7333333492279053,0.555425226688385,0.508169949054718,0.6744186282157898
Gender: Female,702,0.6795809268951416,0.6421356201171875,0.6440058946609497,0.6416666507720947,0.643410861492157
Age: <40,702,0.6839157342910767,0.7026307582855225,0.64493727684021,0.6294931173324585,0.6641790866851807
Age: 40-50,702,0.7896825075149536,0.8374999761581421,0.7678571343421936,0.7847825884819031,0.8181818723678589
Age: 50-65,702,0.6599842309951782,0.5536398887634277,0.544025182723999,0.52779221534729,0.5544554591178894
Race: White,702,0.6801074743270874,0.6024477481842041,0.5910313129425049,0.5939432978630066,0.6642335653305054
Race: Black,702,0.5982142686843872,0.5740740895271301,0.5803571343421936,0.4162162244319916,0.4166666567325592
Race: Other,702,0.7729716300964355,0.7976388335227966,0.718719482421875,0.7044659852981567,0.7265625
Overall,703,0.6599375009536743,0.6074782013893127,0.5884300470352173,0.5808430910110474,0.6127945780754089
Gender: Male,703,0.6610032320022583,0.6789108514785767,0.5792071223258972,0.5572695136070251,0.6748465895652771
Gender: Female,703,0.585289478302002,0.5382385849952698,0.5383411645889282,0.5372103452682495,0.5373134016990662
Age: <40,703,0.6622073650360107,0.6345515251159668,0.6173912882804871,0.601190447807312,0.6119402647018433
Age: 40-50,703,0.7850275039672852,0.7081447839736938,0.6579670310020447,0.6690371036529541,0.7439023852348328
Age: 50-65,703,0.539506196975708,0.4506579041481018,0.4583333432674408,0.4441176652908325,0.48148149251937866
Race: White,703,0.5807822942733765,0.5028283596038818,0.5024447441101074,0.49917900562286377,0.5793103575706482
Race: Black,703,0.34166666865348816,0.33888888359069824,0.3791666626930237,0.29230770468711853,0.30434784293174744
Race: Other,703,0.7961001396179199,0.7450110912322998,0.7128069400787354,0.6974073648452759,0.7054263353347778
Overall,704,0.6100037097930908,0.563666820526123,0.5468516945838928,0.533863365650177,0.5939597487449646
Gender: Male,704,0.6113847494125366,0.6071895360946655,0.5224411487579346,0.4610528349876404,0.6536312699317932
Gender: Female,704,0.5370056629180908,0.5042372941970825,0.5042372941970825,0.5042017102241516,0.5042017102241516
Age: <40,704,0.6720291376113892,0.5849514603614807,0.5590295791625977,0.5510551929473877,0.6356589198112488
Age: 40-50,704,0.6314229369163513,0.6209415793418884,0.573616623878479,0.5664705634117126,0.6716417670249939
Age: 50-65,704,0.5019230842590332,0.4928571581840515,0.49384617805480957,0.47380954027175903,0.4901961088180542
Race: White,704,0.5393726825714111,0.46759259700775146,0.47236233949661255,0.46682339906692505,0.5625
Race: Black,704,0.6190476417541504,0.49242424964904785,0.4928571581840515,0.41874998807907104,0.4193548262119293
Race: Other,704,0.7026301622390747,0.7190656661987305,0.6396940350532532,0.6245421171188354,0.6747967004776001
Overall,705,0.6769863963127136,0.6428951025009155,0.6083348393440247,0.601732075214386,0.6468647122383118
Gender: Male,705,0.6744321584701538,0.7655913829803467,0.5904762148857117,0.5586538314819336,0.6823529601097107
Gender: Female,705,0.6708314418792725,0.5989463925361633,0.5981372594833374,0.5982331037521362,0.6015037894248962
Age: <40,705,0.6551010608673096,0.6337499618530273,0.5983455777168274,0.574404776096344,0.6060606241226196
Age: 40-50,705,0.7647058963775635,0.8152542114257812,0.7026143670082092,0.7311688661575317,0.8260869979858398
Age: 50-65,705,0.6409356594085693,0.565625011920929,0.5573099255561829,0.5514878630638123,0.5784313678741455
Race: White,705,0.6548287868499756,0.5812289714813232,0.5739652514457703,0.576463520526886,0.6808510422706604
Race: Black,705,0.3452380895614624,0.2769230902194977,0.3273809552192688,0.19017764925956726,0.19354838132858276
Race: Other,705,0.803030252456665,0.7707602381706238,0.715850830078125,0.7019248604774475,0.7175572514533997
Overall,706,0.5917683839797974,0.5556954145431519,0.5465900897979736,0.5451684594154358,0.6184210777282715
Gender: Male,706,0.6267942190170288,0.6570513248443604,0.5507974624633789,0.5213507413864136,0.692307710647583
Gender: Female,706,0.5479999780654907,0.5192561745643616,0.5205882787704468,0.5141700506210327,0.5259259343147278
Age: <40,706,0.6489737033843994,0.6149924993515015,0.5795148611068726,0.5737627148628235,0.6527777910232544
Age: 40-50,706,0.6509695053100586,0.6187499761581421,0.6052631735801697,0.6102564334869385,0.7236841917037964
Age: 50-65,706,0.4390968680381775,0.4350961446762085,0.43582889437675476,0.43539953231811523,0.4642857313156128
Race: White,706,0.5017857551574707,0.46590909361839294,0.46517857909202576,0.4655134379863739,0.6131386756896973
Race: Black,706,0.2749999761581421,0.22500000894069672,0.22500000894069672,0.20000000298023224,0.20000001788139343
Race: Other,706,0.7140611410140991,0.7121645212173462,0.6668912768363953,0.6715840101242065,0.7153284549713135
Overall,707,0.6907837986946106,0.661419153213501,0.6245750188827515,0.6184007525444031,0.6566666960716248
Gender: Male,707,0.6666666269302368,0.767179012298584,0.586063802242279,0.5565931797027588,0.6918604373931885
Gender: Female,707,0.6752199530601501,0.6099706888198853,0.6099706888198853,0.609375,0.609375
Age: <40,707,0.7124741077423096,0.7383321523666382,0.6797360181808472,0.6738593578338623,0.7040000557899475
Age: 40-50,707,0.7727891206741333,0.7144067883491516,0.6721088290214539,0.6781481504440308,0.7215189933776855
Age: 50-65,707,0.5928038358688354,0.5216901302337646,0.5168933868408203,0.49905121326446533,0.5416666865348816
Race: White,707,0.6336727142333984,0.5570728182792664,0.5460972785949707,0.5446110963821411,0.6322580575942993
Race: Black,707,0.5729166269302368,0.5,0.5,0.4373401403427124,0.45000001788139343
Race: Other,707,0.8017462491989136,0.788095235824585,0.7330508232116699,0.7092829942703247,0.7200000286102295
Overall,708,0.6369296312332153,0.6069222092628479,0.5813741087913513,0.5703065395355225,0.6143791079521179
Gender: Male,708,0.6027967929840088,0.7052469253540039,0.5715342164039612,0.5365197062492371,0.6685393452644348
Gender: Female,708,0.6007325649261475,0.5397058725357056,0.5395604372024536,0.5388091802597046,0.5390625
Age: <40,708,0.680571436882019,0.6751893758773804,0.6233333349227905,0.5868946313858032,0.6137930750846863
Age: 40-50,708,0.7480158805847168,0.6073446273803711,0.5753968358039856,0.5855072736740112,0.8307692408561707
Age: 50-65,708,0.4696180820465088,0.46701785922050476,0.46875,0.4616822600364685,0.46875
Race: White,708,0.5445751547813416,0.46853649616241455,0.4771241843700409,0.4621749222278595,0.5692307949066162
Race: Black,708,0.21969696879386902,0.23000000417232513,0.2443181872367859,0.1993464082479477,0.20000000298023224
Race: Other,708,0.8105412721633911,0.7937405705451965,0.7377899885177612,0.7388888597488403,0.758865237236023
Overall,709,0.6583422422409058,0.639628529548645,0.6111111044883728,0.5953812003135681,0.6200000047683716
Gender: Male,709,0.5626381635665894,0.664994478225708,0.5545320510864258,0.5076086521148682,0.6423841118812561
Gender: Female,709,0.6744484901428223,0.6030796766281128,0.6045956015586853,0.5968614816665649,0.5973154306411743
Age: <40,709,0.6986121535301208,0.6625499725341797,0.6295949220657349,0.5776374340057373,0.5878378748893738
Age: 40-50,709,0.7609090805053711,0.7523584961891174,0.6945454478263855,0.7050540447235107,0.7536231875419617
Age: 50-65,709,0.5472727417945862,0.5347222089767456,0.531818151473999,0.5301886796951294,0.5662650465965271
Race: White,709,0.6255977153778076,0.5137362480163574,0.5098453164100647,0.4967772960662842,0.5887096524238586
Race: Black,709,0.0,0.25,0.13636364042758942,0.1764705926179886,0.2142857313156128
Race: Other,709,0.7220516204833984,0.729107141494751,0.6970208883285522,0.6718092560768127,0.6790123581886292
Overall,710,0.6857357025146484,0.6075704097747803,0.5917417407035828,0.5927510261535645,0.6450511813163757
Gender: Male,710,0.662840723991394,0.6041083335876465,0.5533238053321838,0.544685959815979,0.7011494040489197
Gender: Female,710,0.6380871534347534,0.5628530979156494,0.5629597902297974,0.5627472996711731,0.5630252361297607
Age: <40,710,0.6589339971542358,0.6329254508018494,0.5990058183670044,0.5908536911010742,0.6393442153930664
Age: 40-50,710,0.7707692384719849,0.6507936716079712,0.6023076772689819,0.6051282286643982,0.701298713684082
Age: 50-65,710,0.6638104915618896,0.5758653283119202,0.5806452035903931,0.576421856880188,0.6063829660415649
Race: White,710,0.6270155906677246,0.5185289978981018,0.5173143148422241,0.5173355340957642,0.6176470518112183
Race: Black,710,0.2053571343421936,0.2936508059501648,0.2678571343421936,0.2552380859851837,0.260869562625885
Race: Other,710,0.8001397848129272,0.7423469424247742,0.6991614103317261,0.7056053876876831,0.7388059496879578
Overall,711,0.7036302089691162,0.657244086265564,0.6247636675834656,0.6217948794364929,0.6610169410705566
Gender: Male,711,0.6659557223320007,0.6844565868377686,0.577686607837677,0.5669173002243042,0.7142857313156128
Gender: Female,711,0.6656641960144043,0.5936567187309265,0.594360888004303,0.5903226137161255,0.5905511975288391
Age: <40,711,0.7780414819717407,0.7632012963294983,0.7064279317855835,0.7047585248947144,0.7299270033836365
Age: 40-50,711,0.6997607946395874,0.6136363744735718,0.559808611869812,0.552188515663147,0.6984127163887024
Age: 50-65,711,0.5706619024276733,0.5246822834014893,0.5225849747657776,0.5175438523292542,0.5368421077728271
Race: White,711,0.5895596146583557,0.464185893535614,0.47464126348495483,0.45706644654273987,0.5639097690582275
Race: Black,711,0.0,0.4285714328289032,0.20000000298023224,0.27272728085517883,0.375
Race: Other,711,0.8065573573112488,0.7972453832626343,0.7539055347442627,0.7610474824905396,0.7808219194412231
Overall,712,0.6615651845932007,0.6029199361801147,0.5800901651382446,0.5747181177139282,0.6275168061256409
Gender: Male,712,0.6651082038879395,0.603866696357727,0.543722927570343,0.5161290168762207,0.6625000238418579
Gender: Female,712,0.6336570978164673,0.5831708908081055,0.5810810923576355,0.5805917978286743,0.5869565606117249
Age: <40,712,0.6528655290603638,0.575757622718811,0.5578947067260742,0.5448275804519653,0.5909091234207153
Age: 40-50,712,0.7186700701713562,0.6617063283920288,0.6389599442481995,0.6457716226577759,0.7162162065505981
Age: 50-65,712,0.6434445977210999,0.5942028760910034,0.5723270773887634,0.5621364116668701,0.6086956858634949
Race: White,712,0.6126405000686646,0.5072489380836487,0.5057584047317505,0.5007740259170532,0.6124030947685242
Race: Black,712,0.26050418615341187,0.1789473593235016,0.24369747936725616,0.16083917021751404,0.1666666716337204
Race: Other,712,0.7532063722610474,0.7290103435516357,0.6897590160369873,0.69134521484375,0.7172414064407349
Overall,713,0.6954522728919983,0.662895917892456,0.6223388314247131,0.6201840043067932,0.6712803244590759
Gender: Male,713,0.6706682443618774,0.7010638117790222,0.5567227005958557,0.5260514616966248,0.7019867300987244
Gender: Female,713,0.684553861618042,0.6377155184745789,0.6344696879386902,0.6339133977890015,0.6376811861991882
Age: <40,713,0.7058397531509399,0.680672287940979,0.6245173811912537,0.613095223903656,0.6615384817123413
Age: 40-50,713,0.7618135213851929,0.7094216346740723,0.6433588862419128,0.6494030952453613,0.7228915691375732
Age: 50-65,713,0.6188405752182007,0.6073718070983887,0.5971014499664307,0.5978835821151733,0.6315789222717285
Race: White,713,0.6378048658370972,0.5510721206665039,0.5399390459060669,0.5370604395866394,0.6311475038528442
Race: Black,713,0.4682539701461792,0.4960317611694336,0.4960317611694336,0.4000000059604645,0.3999999761581421
Race: Other,713,0.7861713171005249,0.7775054574012756,0.7103199362754822,0.717018723487854,0.7535210847854614
Overall,714,0.643104076385498,0.5995073318481445,0.5805080533027649,0.5654689073562622,0.5916955471038818
Gender: Male,714,0.6590300798416138,0.617464542388916,0.5443143844604492,0.49255549907684326,0.6114649772644043
Gender: Female,714,0.5618055462837219,0.5688863396644592,0.5694444179534912,0.5675613284111023,0.5681818127632141
Age: <40,714,0.7158042192459106,0.6633522510528564,0.6286713480949402,0.5933963060379028,0.6083333492279053
Age: 40-50,714,0.6597222089767456,0.6313269734382629,0.6111111044883728,0.6109910607337952,0.6500000357627869
Age: 50-65,714,0.5747950673103333,0.5200892686843872,0.5169057250022888,0.5063406229019165,0.5412843823432922
Race: White,714,0.5803323984146118,0.5026745796203613,0.5021929740905762,0.48998022079467773,0.5338345766067505
Race: Black,714,0.42500001192092896,0.4124999940395355,0.4124999940395355,0.3030303120613098,0.3030303120613098
Race: Other,714,0.7970588207244873,0.7533525228500366,0.7121657729148865,0.7122297286987305,0.7317072749137878
Overall,715,0.5872561931610107,0.558643102645874,0.5450793504714966,0.5331944227218628,0.5847175717353821
Gender: Male,715,0.6206645369529724,0.6777210831642151,0.5761439800262451,0.5305849313735962,0.6227545142173767
Gender: Female,715,0.579315185546875,0.5192174911499023,0.5194502472877502,0.5192129611968994,0.5373134016990662
Age: <40,715,0.5906635522842407,0.5477542877197266,0.5340470671653748,0.5120452642440796,0.565517246723175
Age: 40-50,715,0.79347825050354,0.8063186407089233,0.7423913478851318,0.7623049020767212,0.8181818723678589
Age: 50-65,715,0.4499008059501648,0.42050689458847046,0.431547611951828,0.4155844449996948,0.4444444477558136
Race: White,715,0.5209876298904419,0.4724005162715912,0.4758698344230652,0.46875,0.5147058963775635
Race: Black,715,0.5461538434028625,0.5044642686843872,0.5038461685180664,0.4692307710647583,0.47826087474823
Race: Other,715,0.662972092628479,0.6822866201400757,0.616174042224884,0.6054389476776123,0.6690140962600708
Overall,716,0.6128943562507629,0.5902936458587646,0.5653223991394043,0.5477157235145569,0.5959596037864685
Gender: Male,716,0.6338068842887878,0.6993464231491089,0.5744009017944336,0.5330525636672974,0.6470588445663452
Gender: Female,716,0.5588089227676392,0.5262820720672607,0.5254342555999756,0.5225564241409302,0.5275590419769287
Age: <40,716,0.6740376949310303,0.6673747301101685,0.6210073828697205,0.6015402674674988,0.6357142925262451
Age: 40-50,716,0.6967054605484009,0.6595441699028015,0.6085271239280701,0.607968807220459,0.6865671277046204
Age: 50-65,716,0.4494773745536804,0.42764437198638916,0.44449976086616516,0.4181034564971924,0.46666666865348816
Race: White,716,0.5404672622680664,0.5431957244873047,0.5353567004203796,0.5320197343826294,0.6068965196609497
Race: Black,716,0.4307692050933838,0.35597825050354004,0.29615384340286255,0.21848741173744202,0.22580644488334656
Race: Other,716,0.7407407760620117,0.7229166626930237,0.647871732711792,0.6335326433181763,0.6776859164237976
Overall,717,0.6626749038696289,0.5812011957168579,0.5634920597076416,0.5576752424240112,0.6153846383094788
Gender: Male,717,0.6096428632736206,0.48073452711105347,0.4942857027053833,0.4446175992488861,0.6604938507080078
Gender: Female,717,0.6588486433029175,0.5615615844726562,0.5611940622329712,0.5608974695205688,0.5620437860488892
Age: <40,717,0.6090278029441833,0.5509031414985657,0.5358796119689941,0.5200260281562805,0.5895522236824036
Age: 40-50,717,0.75,0.6333333253860474,0.6077440977096558,0.6140351295471191,0.7105263471603394
Age: 50-65,717,0.6620935201644897,0.5675287246704102,0.5597052574157715,0.5526455044746399,0.5730336904525757
Race: White,717,0.6017316579818726,0.48612385988235474,0.4869047701358795,0.48609256744384766,0.5838926434516907
Race: Black,717,0.21904760599136353,0.3142857253551483,0.3142857253551483,0.27272728085517883,0.27272728085517883
Race: Other,717,0.770443320274353,0.7761275768280029,0.6854679584503174,0.6741658449172974,0.7109375
Overall,718,0.6385084390640259,0.6129463911056519,0.5830675363540649,0.5680928230285645,0.6122449040412903
Gender: Male,718,0.6892586946487427,0.7571895122528076,0.6064664721488953,0.5630770325660706,0.647398829460144
Gender: Female,718,0.6118202209472656,0.5528168678283691,0.552025556564331,0.5520709753036499,0.5619834661483765
Age: <40,718,0.6327453851699829,0.6601834297180176,0.6145409345626831,0.5862258076667786,0.6165413856506348
Age: 40-50,718,0.7154150009155273,0.7297078371047974,0.6398221254348755,0.6452941298484802,0.7313432693481445
Age: 50-65,718,0.5816842913627625,0.4945887327194214,0.49539804458618164,0.4848374128341675,0.521276593208313
Race: White,718,0.653993546962738,0.581386148929596,0.5605658888816833,0.5601729154586792,0.6666666865348816
Race: Black,718,0.07000000774860382,0.2777777910232544,0.10000000149011612,0.14705882966518402,0.17241379618644714
Race: Other,718,0.7023661136627197,0.6856796145439148,0.642901599407196,0.6283422708511353,0.6546762585639954
Overall,719,0.6439265012741089,0.6132432222366333,0.5887711644172668,0.5839213728904724,0.6329966187477112
Gender: Male,719,0.5854354500770569,0.5791925191879272,0.5191441774368286,0.4611344635486603,0.6491228342056274
Gender: Female,719,0.656818151473999,0.6119798421859741,0.6121212244033813,0.6110866069793701,0.6111111640930176
Age: <40,719,0.6025468111038208,0.6135387420654297,0.5867258310317993,0.5587334036827087,0.5833333134651184
Age: 40-50,719,0.8350000381469727,0.7214452028274536,0.737500011920929,0.7287522554397583,0.8199999928474426
Age: 50-65,719,0.6199836134910583,0.557748556137085,0.5485258102416992,0.5466549396514893,0.6116504669189453
Race: White,719,0.5917658805847168,0.49529778957366943,0.494047611951828,0.49130433797836304,0.6581196784973145
Race: Black,719,0.2063492089509964,0.3806818127632141,0.3333333432674408,0.30965909361839294,0.3333333432674408
Race: Other,719,0.740170955657959,0.743704617023468,0.6720513105392456,0.6422119140625,0.6666666865348816
Overall,720,0.6459072828292847,0.5958031415939331,0.5774147510528564,0.5708064436912537,0.6118420958518982
Gender: Male,720,0.5594457983970642,0.5331313610076904,0.5163826942443848,0.49407023191452026,0.6582278609275818
Gender: Female,720,0.6395238637924194,0.568560004234314,0.5677309632301331,0.561314582824707,0.5616438388824463
Age: <40,720,0.6501939296722412,0.6177370548248291,0.5974025726318359,0.5792349576950073,0.5974025726318359
Age: 40-50,720,0.7002550959587097,0.6866666674613953,0.6785714626312256,0.6823069453239441,0.7692307829856873
Age: 50-65,720,0.5822857022285461,0.4675324857234955,0.47428572177886963,0.4589349627494812,0.5176470875740051
Race: White,720,0.590300977230072,0.5116190910339355,0.509615421295166,0.5040370225906372,0.5763888955116272
Race: Black,720,0.4444444477558136,0.125,0.4166666567325592,0.19230769574642181,0.2380952388048172
Race: Other,720,0.7345523238182068,0.7110047936439514,0.685371994972229,0.6862648129463196,0.7050359845161438
Overall,721,0.6718467473983765,0.6158799529075623,0.58680260181427,0.5756006240844727,0.6211603879928589
Gender: Male,721,0.6821267604827881,0.7148147821426392,0.5492081642150879,0.4860227406024933,0.6395348906517029
Gender: Female,721,0.6839080452919006,0.5952185392379761,0.5953749418258667,0.5949306488037109,0.5950412750244141
Age: <40,721,0.6415136456489563,0.5957143306732178,0.5750111937522888,0.5653362274169922,0.6074073910713196
Age: 40-50,721,0.8302412033081055,0.764830470085144,0.673933207988739,0.6906318664550781,0.7746478915214539
Age: 50-65,721,0.5922587513923645,0.5376983880996704,0.5302226543426514,0.4980769157409668,0.517241358757019
Race: White,721,0.6002376079559326,0.4828157424926758,0.4876744747161865,0.47755101323127747,0.625
Race: Black,721,0.20168066024780273,0.20168067514896393,0.20168067514896393,0.1666666716337204,0.1666666716337204
Race: Other,721,0.7751610279083252,0.7418292760848999,0.6995773315429688,0.6825156211853027,0.695035457611084
Overall,722,0.5997868180274963,0.5710301399230957,0.5596032738685608,0.5541955828666687,0.5939597487449646
Gender: Male,722,0.6667206287384033,0.6154147386550903,0.5477733016014099,0.5038381814956665,0.6187500357627869
Gender: Female,722,0.5715512037277222,0.5631700754165649,0.5644711256027222,0.561904788017273,0.5652173757553101
Age: <40,722,0.7126550674438477,0.7152174115180969,0.6719602942466736,0.6580865383148193,0.6771653294563293
Age: 40-50,722,0.5903381109237671,0.511904776096344,0.508695662021637,0.4987714886665344,0.6029411554336548
Age: 50-65,722,0.4663461446762085,0.44382256269454956,0.4457131624221802,0.4443765878677368,0.48543688654899597
Race: White,722,0.47304731607437134,0.4427083432674408,0.4540154039859772,0.4443974792957306,0.568493127822876
Race: Black,722,0.3788819909095764,0.3492063581943512,0.3229813575744629,0.2633928656578064,0.2666666805744171
Race: Other,722,0.7272727489471436,0.7097902297973633,0.6948052048683167,0.6949999928474426,0.7049179673194885
Overall,723,0.6200244426727295,0.5886185765266418,0.5624420046806335,0.5502750277519226,0.6164383292198181
Gender: Male,723,0.6487218141555786,0.6307189464569092,0.5360902547836304,0.4644964635372162,0.5999999642372131
Gender: Female,723,0.672606348991394,0.6167440414428711,0.6203457117080688,0.6178702116012573,0.6377952694892883
Age: <40,723,0.589574933052063,0.6452426910400391,0.5946356058120728,0.5820938944816589,0.6484375
Age: 40-50,723,0.7495362162590027,0.6688524484634399,0.5955473184585571,0.5965908765792847,0.7183098196983337
Age: 50-65,723,0.5525581240653992,0.47582417726516724,0.47953489422798157,0.4646662473678589,0.49462366104125977
Race: White,723,0.6214553117752075,0.5779914259910583,0.5585874915122986,0.5573327541351318,0.6564885377883911
Race: Black,723,0.3187500238418579,0.3499999940395355,0.3499999940395355,0.2857142984867096,0.2857142984867096
Race: Other,723,0.6904429197311401,0.6452381014823914,0.5995337963104248,0.5884522199630737,0.6466165781021118
Overall,724,0.6435552835464478,0.6100396513938904,0.5836530327796936,0.5763546824455261,0.6279069781303406
Gender: Male,724,0.6335930824279785,0.65625,0.5623376369476318,0.5384354591369629,0.6812500357627869
Gender: Female,724,0.6065672636032104,0.5664160251617432,0.5640612244606018,0.5617325305938721,0.567375898361206
Age: <40,724,0.6453089118003845,0.6454081535339355,0.6014492511749268,0.5828108787536621,0.626984179019928
Age: 40-50,724,0.6981481313705444,0.7289855480194092,0.6462962627410889,0.6509485244750977,0.7261905074119568
Age: 50-65,724,0.5823231935501099,0.5032786726951599,0.5030303001403809,0.5007836818695068,0.5384615659713745
Race: White,724,0.5740741491317749,0.48106062412261963,0.4833333194255829,0.47971779108047485,0.5629629492759705
Race: Black,724,0.2133333384990692,0.4434782564640045,0.41333335638046265,0.210256427526474,0.2142857313156128
Race: Other,724,0.7846837043762207,0.7992334961891174,0.7253051996231079,0.7364952564239502,0.7753623127937317
Overall,725,0.6057155132293701,0.5806961059570312,0.5685646533966064,0.5538093447685242,0.5723684430122375
Gender: Male,725,0.56695157289505,0.6778484582901001,0.5584045648574829,0.4926910996437073,0.602739691734314
Gender: Female,725,0.6040862798690796,0.5439102649688721,0.5440797805786133,0.5436457395553589,0.544303834438324
Age: <40,725,0.6862499713897705,0.6414529085159302,0.6229166388511658,0.5867640376091003,0.5928571224212646
Age: 40-50,725,0.7681704163551331,0.7323529720306396,0.6484962105751038,0.6607341170310974,0.7540982961654663
Age: 50-65,725,0.4366037845611572,0.43015873432159424,0.43358489871025085,0.4277777671813965,0.43689319491386414
Race: White,725,0.4686785638332367,0.4711538553237915,0.4753086566925049,0.4669218063354492,0.5185185074806213
Race: Black,725,0.3877550959587097,0.36538460850715637,0.3571428656578064,0.33181819319725037,0.3333333432674408
Race: Other,725,0.7529021501541138,0.7022591829299927,0.6748663783073425,0.6483250260353088,0.6554054021835327
Overall,726,0.6227967143058777,0.5603458285331726,0.5516059398651123,0.5495359897613525,0.6033897995948792
Gender: Male,726,0.6660879850387573,0.5795454978942871,0.5364583134651184,0.5065789222717285,0.6399999856948853
Gender: Female,726,0.5962918996810913,0.5537229776382446,0.5555223226547241,0.553278923034668,0.565517246723175
Age: <40,726,0.6275849342346191,0.553336501121521,0.5408200025558472,0.523809552192688,0.5666666626930237
Age: 40-50,726,0.6726998090744019,0.6292270421981812,0.6613876819610596,0.6381775736808777,0.734375
Age: 50-65,726,0.5987097024917603,0.5297203063964844,0.5274193286895752,0.5263158082962036,0.5679012537002563
Race: White,726,0.559808611869812,0.4488038420677185,0.4488038420677185,0.4488038420677185,0.578125
Race: Black,726,0.24444444477558136,0.24880382418632507,0.2666666805744171,0.25339367985725403,0.2666666805744171
Race: Other,726,0.7528957724571228,0.7280701994895935,0.6840412020683289,0.678532600402832,0.7007299065589905
Overall,727,0.644798994064331,0.5607789754867554,0.5424898862838745,0.5167366862297058,0.5663430690765381
Gender: Male,727,0.6840026378631592,0.6708683967590332,0.5301185250282288,0.45493388175964355,0.6312500238418579
Gender: Female,727,0.5631103515625,0.5017611980438232,0.5017179250717163,0.49518904089927673,0.4966442883014679
Age: <40,727,0.6797008514404297,0.5894705057144165,0.5628204941749573,0.5349953174591064,0.5766423344612122
Age: 40-50,727,0.7333916425704956,0.6916666626930237,0.6005244851112366,0.5886752605438232,0.6857143044471741
Age: 50-65,727,0.5284615755081177,0.4575289487838745,0.4661538600921631,0.4395604729652405,0.4705882668495178
Race: White,727,0.52610182762146,0.3774131238460541,0.41848525404930115,0.38146907091140747,0.47482016682624817
Race: Black,727,0.40816330909729004,0.2869565188884735,0.3333333432674408,0.210256427526474,0.2142857313156128
Race: Other,727,0.7938517332077026,0.761006236076355,0.7001205682754517,0.697624921798706,0.7253521084785461
Overall,728,0.608361542224884,0.5601851940155029,0.5505310893058777,0.5447583794593811,0.5860927104949951
Gender: Male,728,0.612395167350769,0.6988345384597778,0.5730183124542236,0.5412106513977051,0.6708860993385315
Gender: Female,728,0.5722610950469971,0.49247539043426514,0.49242424964904785,0.49185478687286377,0.4930555522441864
Age: <40,728,0.6155790090560913,0.5894357562065125,0.568474292755127,0.5456110239028931,0.575757622718811
Age: 40-50,728,0.6881818771362305,0.5291313529014587,0.5249999761581421,0.5248538255691528,0.6533333659172058
Age: 50-65,728,0.5654923319816589,0.5327212810516357,0.5313911437988281,0.5305137634277344,0.5473684668540955
Race: White,728,0.5148882865905762,0.430091917514801,0.44023987650871277,0.43149814009666443,0.5103448033332825
Race: Black,728,0.2916666865348816,0.2532467544078827,0.2361111044883728,0.23510468006134033,0.23999999463558197
Race: Other,728,0.7630409598350525,0.7569444179534912,0.7077193260192871,0.7094887495040894,0.7348484992980957
Overall,729,0.604997456073761,0.5703136324882507,0.550305962562561,0.5423274040222168,0.6254295706748962
Gender: Male,729,0.6446189880371094,0.6515229940414429,0.5461115837097168,0.485450804233551,0.6172839403152466
Gender: Female,729,0.6806267499923706,0.5910493731498718,0.600854754447937,0.5924581289291382,0.6356589198112488
Age: <40,729,0.5680473446846008,0.562600314617157,0.5512820482254028,0.5503619909286499,0.632478654384613
Age: 40-50,729,0.6920289993286133,0.5606343150138855,0.5471014380455017,0.547546923160553,0.6746987700462341
Age: 50-65,729,0.6025145053863525,0.600556492805481,0.561170220375061,0.519170880317688,0.5714285969734192
Race: White,729,0.5541260242462158,0.5313390493392944,0.521960973739624,0.5137304663658142,0.631944477558136
Race: Black,729,0.4404762089252472,0.37542086839675903,0.3898809552192688,0.3379790782928467,0.34210526943206787
Race: Other,729,0.7210806608200073,0.6764408349990845,0.6328005790710449,0.6398038268089294,0.7155963182449341
Overall,730,0.6311938166618347,0.5947678089141846,0.5741226077079773,0.5631371140480042,0.6033333539962769
Gender: Male,730,0.6248898506164551,0.6357142925262451,0.5468887686729431,0.4976824223995209,0.6298701167106628
Gender: Female,730,0.6240601539611816,0.5739328861236572,0.5729323625564575,0.5724542140960693,0.5753424763679504
Age: <40,730,0.6259115934371948,0.6133053302764893,0.5867653489112854,0.5710806846618652,0.6058394312858582
Age: 40-50,730,0.7131034135818481,0.704023003578186,0.6713793277740479,0.6781481504440308,0.7215189933776855
Age: 50-65,730,0.5521367788314819,0.4626099467277527,0.47094017267227173,0.4466063976287842,0.4880952537059784
Race: White,730,0.5672760009765625,0.49696969985961914,0.4974527955055237,0.48942306637763977,0.5423728823661804
Race: Black,730,0.36742424964904785,0.375,0.36742424964904785,0.3506944477558136,0.3529411852359772
Race: Other,730,0.7184920907020569,0.7451061606407166,0.666729211807251,0.6629058718681335,0.7094594836235046
Overall,731,0.6245244741439819,0.5780543088912964,0.56043541431427,0.5549662113189697,0.6185567378997803
Gender: Male,731,0.5841071605682373,0.5576065182685852,0.5253571271896362,0.5013647675514221,0.6728395223617554
Gender: Female,731,0.6060752272605896,0.5470457077026367,0.5456846952438354,0.5442251563072205,0.5503876209259033
Age: <40,731,0.6357302665710449,0.6179839372634888,0.5861204266548157,0.5826222896575928,0.6532257795333862
Age: 40-50,731,0.6315193176269531,0.5564705729484558,0.5544217824935913,0.5552669763565063,0.6567164063453674
Age: 50-65,731,0.6045764684677124,0.5462578535079956,0.5357286334037781,0.5146154761314392,0.550000011920929
Race: White,731,0.6056134700775146,0.5114979147911072,0.5104166269302368,0.5099629163742065,0.6287878751754761
Race: Black,731,0.3611111044883728,0.3222222328186035,0.3222222328186035,0.27586206793785095,0.27586206793785095
Race: Other,731,0.7090909481048584,0.7016667127609253,0.6466666460037231,0.6416807174682617,0.6846153736114502
Overall,732,0.6840664148330688,0.6519376039505005,0.6331866979598999,0.6367629170417786,0.6790540814399719
Gender: Male,732,0.6826599836349487,0.666167140007019,0.5840067267417908,0.5764954090118408,0.7012194991111755
Gender: Female,732,0.6752820014953613,0.6493566036224365,0.6527255773544312,0.6486111283302307,0.6515151858329773
Age: <40,732,0.6644355058670044,0.6283003091812134,0.6040830016136169,0.6028985381126404,0.6496350169181824
Age: 40-50,732,0.8176292181015015,0.7537593841552734,0.8077507615089417,0.7715356349945068,0.8196721076965332
Age: 50-65,732,0.6713435649871826,0.6235294342041016,0.6071428656578064,0.6048387289047241,0.6326530575752258
Race: White,732,0.5828282833099365,0.5360502004623413,0.5290403962135315,0.5277026891708374,0.6474820375442505
Race: Black,732,0.2857142686843872,0.3095238208770752,0.3095238208770752,0.3076923191547394,0.3076923191547394
Race: Other,732,0.7918871641159058,0.7470212578773499,0.7275132536888123,0.7305688858032227,0.7430555820465088
Overall,733,0.7343554496765137,0.6678165197372437,0.6297516822814941,0.6225452423095703,0.6578072905540466
Gender: Male,733,0.714848518371582,0.6864761114120483,0.5810605883598328,0.5630244016647339,0.6882352828979492
Gender: Female,733,0.7193973064422607,0.6256495118141174,0.6252354383468628,0.6182984113693237,0.6183205842971802
Age: <40,733,0.7066051959991455,0.6367535591125488,0.6020225286483765,0.5737861394882202,0.6000000238418579
Age: 40-50,733,0.8682266473770142,0.800000011920929,0.7401477694511414,0.7562826871871948,0.800000011920929
Age: 50-65,733,0.6401960849761963,0.5961538553237915,0.5796568393707275,0.5721003413200378,0.6043956279754639
Race: White,733,0.7200521230697632,0.5982800722122192,0.578125,0.5791733860969543,0.6597222089767456
Race: Black,733,0.656000018119812,0.5155279636383057,0.5199999809265137,0.3303571343421936,0.3333333432674408
Race: Other,733,0.7624626159667969,0.7633633613586426,0.7185941934585571,0.7153217196464539,0.7322834730148315
Overall,734,0.66353839635849,0.6154249906539917,0.5937808752059937,0.5867376327514648,0.6212624311447144
Gender: Male,734,0.6267762184143066,0.6467247009277344,0.5663414001464844,0.5404008030891418,0.6582278609275818
Gender: Female,734,0.6361502408981323,0.5816851258277893,0.5807902812957764,0.5794117450714111,0.5804196000099182
Age: <40,734,0.6810526847839355,0.6368973255157471,0.6145613789558411,0.5989927053451538,0.6158940196037292
Age: 40-50,734,0.7454751133918762,0.6483050584793091,0.5989819169044495,0.608608603477478,0.7536231875419617
Age: 50-65,734,0.5927960872650146,0.5141509771347046,0.5128205418586731,0.5036920309066772,0.5185185074806213
Race: White,734,0.5904240608215332,0.46116334199905396,0.4694938659667969,0.4589371979236603,0.5625
Race: Black,734,0.30000001192092896,0.2860962748527527,0.25,0.24129031598567963,0.25
Race: Other,734,0.7601221799850464,0.7782717943191528,0.7330977916717529,0.7299814224243164,0.7448275685310364
Overall,735,0.625,0.5688062906265259,0.5548670887947083,0.5453574061393738,0.5894039869308472
Gender: Male,735,0.6566697955131531,0.5873724222183228,0.5320993661880493,0.47860854864120483,0.6073619723320007
Gender: Female,735,0.6179304718971252,0.5644791722297668,0.5648303031921387,0.5645363330841064,0.568345308303833
Age: <40,735,0.65074622631073,0.623160183429718,0.5999122262001038,0.5923782587051392,0.625
Age: 40-50,735,0.5550000071525574,0.46894413232803345,0.4749999940395355,0.4664842486381531,0.5666667222976685
Age: 50-65,735,0.6217023134231567,0.5303030014038086,0.5238924622535706,0.5063545107841492,0.5444444417953491
Race: White,735,0.5264492630958557,0.46041667461395264,0.458695650100708,0.4594115614891052,0.5901638865470886
Race: Black,735,0.20512819290161133,0.2321428656578064,0.24358975887298584,0.2256728708744049,0.22727273404598236
Race: Other,735,0.7366639971733093,0.7088983058929443,0.6589041352272034,0.6227853298187256,0.6392405033111572
Overall,736,0.6359850764274597,0.6000850796699524,0.5864357948303223,0.5848895311355591,0.6219931244850159
Gender: Male,736,0.6059738397598267,0.6509615182876587,0.564238965511322,0.5399159789085388,0.6712328791618347
Gender: Female,736,0.6231300830841064,0.5709524154663086,0.5714422464370728,0.5707601308822632,0.5724138021469116
Age: <40,736,0.6450854539871216,0.6146034598350525,0.6012820601463318,0.5988371968269348,0.6231884360313416
Age: 40-50,736,0.7731481790542603,0.7156863212585449,0.6833333373069763,0.6919642686843872,0.739130437374115
Age: 50-65,736,0.5047059059143066,0.4791666567325592,0.48235294222831726,0.4733542203903198,0.523809552192688
Race: White,736,0.5182209014892578,0.49312201142311096,0.4934002757072449,0.49293917417526245,0.5634921193122864
Race: Black,736,0.21111111342906952,0.1785714328289032,0.15000000596046448,0.1409090906381607,0.1428571492433548
Race: Other,736,0.7625885009765625,0.7616623640060425,0.717348575592041,0.7203883528709412,0.7430555820465088
Overall,737,0.677963137626648,0.6271929740905762,0.5967515707015991,0.5853553414344788,0.625
Gender: Male,737,0.728118896484375,0.7394777536392212,0.6007757186889648,0.541033923625946,0.6136363744735718
Gender: Female,737,0.7207440137863159,0.6266500353813171,0.6313614249229431,0.6275303363800049,0.640625
Age: <40,737,0.7039915919303894,0.6642156839370728,0.6266806721687317,0.6017758250236511,0.6231884360313416
Age: 40-50,737,0.7471655607223511,0.6196581125259399,0.5952380895614624,0.6013153791427612,0.7164179086685181
Age: 50-65,737,0.5992617011070251,0.5625,0.5498359203338623,0.5334794521331787,0.5656565427780151
Race: White,737,0.5374714136123657,0.4833333492279053,0.4856979250907898,0.48223039507865906,0.6000000238418579
Race: Black,737,0.2698412537574768,0.30263158679008484,0.261904776096344,0.21793103218078613,0.2222222238779068
Race: Other,737,0.8518518209457397,0.7947851419448853,0.726111114025116,0.7053244113922119,0.7210884094238281
Overall,738,0.6662728190422058,0.6271859407424927,0.6088465452194214,0.6104938983917236,0.656462550163269
Gender: Male,738,0.6664762496948242,0.6444826126098633,0.5640586614608765,0.5470588207244873,0.6883116960525513
Gender: Female,738,0.6604166626930237,0.6169230937957764,0.6187499761581421,0.6170322895050049,0.6214285492897034
Age: <40,738,0.7565639019012451,0.748106062412262,0.705622136592865,0.7123686671257019,0.7438015937805176
Age: 40-50,738,0.690666675567627,0.5883152484893799,0.5649999976158142,0.5660805702209473,0.6823529601097107
Age: 50-65,738,0.5026315450668335,0.4939393997192383,0.49421054124832153,0.4924212098121643,0.5113636255264282
Race: White,738,0.6213438510894775,0.5372504591941833,0.5357707738876343,0.5362523198127747,0.6217948794364929
Race: Black,738,0.2857142686843872,0.42028987407684326,0.4476190507411957,0.2261904776096344,0.23076924681663513
Race: Other,738,0.8322192430496216,0.804093599319458,0.7780748605728149,0.7861111164093018,0.8035714626312256
Overall,739,0.6569254398345947,0.5891028046607971,0.569981575012207,0.5654914379119873,0.6237288117408752
Gender: Male,739,0.6495110988616943,0.6032208204269409,0.5432964563369751,0.5099493265151978,0.6448087096214294
Gender: Female,739,0.679214358329773,0.5852254629135132,0.5872340202331543,0.584516167640686,0.5892857313156128
Age: <40,739,0.6641025543212891,0.6089500188827515,0.5803030133247375,0.5704134106636047,0.6240601539611816
Age: 40-50,739,0.8183229565620422,0.6947627067565918,0.6847826242446899,0.6893668174743652,0.7833333611488342
Age: 50-65,739,0.579727053642273,0.5049598217010498,0.504093587398529,0.4910603165626526,0.529411792755127
Race: White,739,0.5643812417984009,0.47986799478530884,0.48299887776374817,0.47863632440567017,0.5954198241233826
Race: Black,739,0.37222224473953247,0.43157896399497986,0.42777779698371887,0.37857145071029663,0.37931033968925476
Race: Other,739,0.7790908813476562,0.7116755843162537,0.6619318127632141,0.6628371477127075,0.7037037014961243
Overall,740,0.6353787183761597,0.5930894613265991,0.5802045464515686,0.575194776058197,0.6033897995948792
Gender: Male,740,0.6693017482757568,0.6992957592010498,0.5699110627174377,0.5124223828315735,0.6178343892097473
Gender: Female,740,0.634829044342041,0.59333336353302,0.5942307710647583,0.5867612361907959,0.5869565606117249
Age: <40,740,0.6922348737716675,0.6639610528945923,0.6434658765792847,0.6336681842803955,0.6461538672447205
Age: 40-50,740,0.6854928135871887,0.5544871687889099,0.5376522541046143,0.5304625034332275,0.640625
Age: 50-65,740,0.5235247611999512,0.5068376064300537,0.5063796043395996,0.5032786726951599,0.5247524380683899
Race: White,740,0.610032320022583,0.5532646179199219,0.55852210521698,0.5544871687889099,0.6402877569198608
Race: Black,740,0.3492063283920288,0.3333333432674408,0.2857142984867096,0.25,0.25925925374031067
Race: Other,740,0.7585282325744629,0.688034176826477,0.6608186960220337,0.628424346446991,0.6356589198112488
Overall,741,0.6803542971611023,0.6203188896179199,0.6031796336174011,0.6035357117652893,0.6447368264198303
Gender: Male,741,0.6768518686294556,0.6825000047683716,0.6013889312744141,0.6034188270568848,0.7241379022598267
Gender: Female,741,0.6021301746368408,0.538498044013977,0.5384615659713745,0.5383522510528564,0.5384615659713745
Age: <40,741,0.667650580406189,0.6115040183067322,0.5930736064910889,0.5834373831748962,0.6083915829658508
Age: 40-50,741,0.7076718807220459,0.6724138259887695,0.6322751045227051,0.6458333134651184,0.7941176295280457
Age: 50-65,741,0.659069299697876,0.5761083960533142,0.5733618140220642,0.5736004114151001,0.5913978219032288
Race: White,741,0.6169590950012207,0.5211988091468811,0.5211988091468811,0.5211988091468811,0.6183205842971802
Race: Black,741,0.1666666865348816,0.1984127014875412,0.18333333730697632,0.18431372940540314,0.1875
Race: Other,741,0.7824527025222778,0.7453740835189819,0.698956310749054,0.6934791207313538,0.7133758068084717
Overall,742,0.7286007404327393,0.6784175634384155,0.6335254907608032,0.6307106614112854,0.6769759654998779
Gender: Male,742,0.6972147226333618,0.6944297552108765,0.5658580660820007,0.5403636693954468,0.6962025761604309
Gender: Female,742,0.7039800882339478,0.6574674844741821,0.653550386428833,0.6517531871795654,0.6541353464126587
Age: <40,742,0.7063813209533691,0.7108084559440613,0.6402544975280762,0.6394241452217102,0.7027027010917664
Age: 40-50,742,0.7777777910232544,0.6417464017868042,0.6266025900840759,0.6293079257011414,0.6666666865348816
Age: 50-65,742,0.7218044996261597,0.6622276306152344,0.6259398460388184,0.6106729507446289,0.637499988079071
Race: White,742,0.6908783912658691,0.5834559202194214,0.5766891837120056,0.5786561369895935,0.6495726704597473
Race: Black,742,0.5399999618530273,0.5438596606254578,0.5333333611488342,0.46633827686309814,0.47999998927116394
Race: Other,742,0.821259617805481,0.806725025177002,0.7042227983474731,0.6959183812141418,0.7315436005592346
Overall,743,0.6572155952453613,0.5938913822174072,0.5735414028167725,0.5623546838760376,0.6020066738128662
Gender: Male,743,0.6224489808082581,0.6202213764190674,0.5239095687866211,0.46479886770248413,0.6644295454025269
Gender: Female,743,0.6191071271896362,0.5418969392776489,0.5419642925262451,0.5399795770645142,0.5400000214576721
Age: <40,743,0.6101149320602417,0.6273462772369385,0.5904597640037537,0.5754596590995789,0.6240601539611816
Age: 40-50,743,0.8567639589309692,0.7254902124404907,0.6728558540344238,0.6714975833892822,0.7058823704719543
Age: 50-65,743,0.5416666269302368,0.47833412885665894,0.48106062412261963,0.4708539843559265,0.5
Race: White,743,0.5967391133308411,0.488095223903656,0.49130433797836304,0.4779411852359772,0.577464759349823
Race: Black,743,0.5272727012634277,0.3986928164958954,0.4060606360435486,0.380952388048172,0.38461539149284363
Race: Other,743,0.739393949508667,0.7072185277938843,0.6733100414276123,0.6582953929901123,0.6717557311058044
Overall,744,0.5435868501663208,0.5536643266677856,0.5437517762184143,0.531636655330658,0.5665528774261475
Gender: Male,744,0.5540746450424194,0.6402721405029297,0.5615003705024719,0.5143411159515381,0.6089385151863098
Gender: Female,744,0.5131456851959229,0.5018518567085266,0.5018558502197266,0.4999614953994751,0.5
Age: <40,744,0.5424710512161255,0.5914156436920166,0.5837010145187378,0.5422647595405579,0.544715404510498
Age: 40-50,744,0.5557142496109009,0.4514285624027252,0.4514285624027252,0.4514285624027252,0.625
Age: 50-65,744,0.5219638347625732,0.5155677795410156,0.5125507712364197,0.5023474097251892,0.5566037893295288
Race: White,744,0.4104278087615967,0.37805742025375366,0.385026752948761,0.3813493847846985,0.5163934230804443
Race: Black,744,0.18333333730697632,0.3857142925262451,0.36666667461395264,0.3602941036224365,0.37931033968925476
Race: Other,744,0.6637362837791443,0.7181467413902283,0.6693306565284729,0.6336429119110107,0.6478872895240784
Overall,745,0.6391228437423706,0.5861478447914124,0.5644570589065552,0.5518822073936462,0.6020066738128662
Gender: Male,745,0.6544342041015625,0.6836192607879639,0.568730890750885,0.5416834354400635,0.6804733872413635
Gender: Female,745,0.5406302213668823,0.5021718144416809,0.5021321773529053,0.4985460638999939,0.5
Age: <40,745,0.6480051279067993,0.6110591888427734,0.576469361782074,0.5523673892021179,0.5985401272773743
Age: 40-50,745,0.7192592620849609,0.6517857313156128,0.6322222352027893,0.6367924213409424,0.6883116960525513
Age: 50-65,745,0.5636261701583862,0.4955357313156128,0.49662160873413086,0.4766009747982025,0.529411792755127
Race: White,745,0.5375458002090454,0.38819873332977295,0.41208791732788086,0.3949579894542694,0.5
Race: Black,745,0.3928571343421936,0.3080357313156128,0.3080357313156128,0.260869562625885,0.260869562625885
Race: Other,745,0.7437947988510132,0.7769702672958374,0.7031484246253967,0.6999450922012329,0.7307692170143127
Overall,746,0.6623315811157227,0.6026563048362732,0.5754733085632324,0.55455082654953,0.5928338766098022
Gender: Male,746,0.7057428956031799,0.7273896932601929,0.58146733045578,0.5381312966346741,0.6497175097465515
Gender: Female,746,0.5649999380111694,0.5204277634620667,0.5202381014823914,0.5151264071464539,0.5153846144676208
Age: <40,746,0.7713092565536499,0.7066843509674072,0.6526651978492737,0.6401606798171997,0.671875
Age: 40-50,746,0.678260862827301,0.6938997507095337,0.6547825932502747,0.6619048118591309,0.7183098196983337
Age: 50-65,746,0.5195434093475342,0.41885554790496826,0.4401591420173645,0.3889537453651428,0.4166666567325592
Race: White,746,0.576984167098999,0.45384615659713745,0.4714285731315613,0.4404181241989136,0.5479452013969421
Race: Black,746,0.5208333730697632,0.5284091234207153,0.5520833730697632,0.4345238208770752,0.4736842215061188
Race: Other,746,0.7440983653068542,0.6914215683937073,0.6549295783042908,0.637660801410675,0.6549295783042908
Overall,747,0.6397573947906494,0.5920560956001282,0.5752246379852295,0.5617873072624207,0.5886287689208984
Gender: Male,747,0.6174219250679016,0.7696548700332642,0.5861145257949829,0.530534565448761,0.6380367875099182
Gender: Female,747,0.6268656253814697,0.5291441082954407,0.5290936231613159,0.5290043354034424,0.529411792755127
Age: <40,747,0.5906193256378174,0.606803297996521,0.5818533897399902,0.5660818815231323,0.6015037894248962
Age: 40-50,747,0.7631579637527466,0.65666663646698,0.6344393491744995,0.6415441036224365,0.7230769395828247
Age: 50-65,747,0.5930894613265991,0.5132478475570679,0.5126016139984131,0.48388367891311646,0.48514851927757263
Race: White,747,0.570509672164917,0.4734693765640259,0.47748637199401855,0.47110289335250854,0.548872172832489
Race: Black,747,0.31609195470809937,0.44021737575531006,0.4051724076271057,0.3229604661464691,0.34285715222358704
Race: Other,747,0.7541977167129517,0.7304753661155701,0.6899486780166626,0.6789215803146362,0.694656491279602
Overall,748,0.6637674570083618,0.60621577501297,0.5829766988754272,0.575139582157135,0.619528591632843
Gender: Male,748,0.6505101919174194,0.6538792848587036,0.5607143044471741,0.5348888635635376,0.6770186424255371
Gender: Female,748,0.6238373517990112,0.5530701875686646,0.55234694480896,0.5502791404724121,0.5514705777168274
Age: <40,748,0.6503759622573853,0.6189554929733276,0.5924811959266663,0.5508905053138733,0.5669291019439697
Age: 40-50,748,0.8016147613525391,0.725874125957489,0.686274528503418,0.700628936290741,0.7941176295280457
Age: 50-65,748,0.6085525751113892,0.519444465637207,0.5172697305679321,0.5147058963775635,0.5686274766921997
Race: White,748,0.664497971534729,0.5054749846458435,0.5040121078491211,0.4897959232330322,0.5714285969734192
Race: Black,748,0.119047611951828,0.20714285969734192,0.255952388048172,0.20168067514896393,0.21052631735801697
Race: Other,748,0.7446581125259399,0.7395408153533936,0.7006410360336304,0.7020454406738281,0.7246376872062683
Overall,749,0.6453847885131836,0.6034736633300781,0.577053427696228,0.5703346729278564,0.6310344934463501
Gender: Male,749,0.6213438510894775,0.6186392307281494,0.5328063368797302,0.4923689365386963,0.6823529601097107
Gender: Female,749,0.6023895740509033,0.5580357313156128,0.5577938556671143,0.5575652122497559,0.5583333373069763
Age: <40,749,0.6866263151168823,0.6555413603782654,0.6134669184684753,0.6016693115234375,0.6439394354820251
Age: 40-50,749,0.6494597792625427,0.5438596606254578,0.5270107984542847,0.5210450291633606,0.696969747543335
Age: 50-65,749,0.5563619136810303,0.5407407283782959,0.5345911979675293,0.5274781584739685,0.5652173757553101
Race: White,749,0.5867838859558105,0.5142505168914795,0.5114861130714417,0.5069875717163086,0.6062992215156555
Race: Black,749,0.5745614171028137,0.4300000071525574,0.45394736528396606,0.3632432520389557,0.3870967626571655
Race: Other,749,0.7419278621673584,0.7250000238418579,0.6709401607513428,0.6723282337188721,0.7121212482452393
Overall,750,0.65215665102005,0.5834511518478394,0.5703886151313782,0.5670038461685181,0.608996570110321
Gender: Male,750,0.7091197371482849,0.660287082195282,0.5690721869468689,0.5339285731315613,0.6419752836227417
Gender: Female,750,0.6541025638580322,0.566220223903656,0.568461537361145,0.5630278587341309,0.5669291019439697
Age: <40,750,0.7435028553009033,0.6812482476234436,0.6470056772232056,0.6429263353347778,0.6716417670249939
Age: 40-50,750,0.7157191038131714,0.5862069129943848,0.5585284233093262,0.550000011920929,0.6388888955116272
Age: 50-65,750,0.4595588445663452,0.4497518539428711,0.45036765933036804,0.449992299079895,0.48192769289016724
Race: White,750,0.5647058486938477,0.4684210419654846,0.46577543020248413,0.4661545157432556,0.5508474707603455
Race: Black,750,0.3801652789115906,0.34890109300613403,0.3863636255264282,0.2926374673843384,0.3030303120613098
Race: Other,750,0.797538161277771,0.765453577041626,0.7105263471603394,0.7086114883422852,0.7318840622901917
Overall,751,0.6458919048309326,0.5952975749969482,0.56697678565979,0.5521859526634216,0.6111111044883728
Gender: Male,751,0.63338303565979,0.6218553781509399,0.5346497893333435,0.4862249791622162,0.6549707651138306
Gender: Female,751,0.6128182411193848,0.5568181872367859,0.5548726916313171,0.5513956546783447,0.555555522441864
Age: <40,751,0.6809782981872559,0.6349630951881409,0.5960144996643066,0.5894613265991211,0.6513158082962036
Age: 40-50,751,0.6864111423492432,0.6041666269302368,0.5813007950782776,0.582022488117218,0.6612902879714966
Age: 50-65,751,0.5484633445739746,0.5249999761581421,0.5170212984085083,0.47187143564224243,0.510869562625885
Race: White,751,0.5182715654373169,0.40949317812919617,0.4444444477558136,0.4143812954425812,0.5629629492759705
Race: Black,751,0.42222222685813904,0.43157896399497986,0.42777779698371887,0.37857145071029663,0.37931033968925476
Race: Other,751,0.7637131214141846,0.7364486455917358,0.6779184341430664,0.6728110313415527,0.7042253613471985
Overall,752,0.7352111339569092,0.6710025072097778,0.6408809423446655,0.6354541182518005,0.6610738039016724
Gender: Male,752,0.7037037014961243,0.6768790483474731,0.5871578454971313,0.5858094692230225,0.7272727489471436
Gender: Female,752,0.6538149118423462,0.5984686613082886,0.6030844449996948,0.5878729224205017,0.5902777910232544
Age: <40,752,0.7380952835083008,0.7063353657722473,0.6690475940704346,0.6628929376602173,0.6846153736114502
Age: 40-50,752,0.7672872543334961,0.7178030014038086,0.6911569237709045,0.6957283020019531,0.7215189933776855
Age: 50-65,752,0.7193515300750732,0.5762820243835449,0.5602837204933167,0.5424783229827881,0.5730336904525757
Race: White,752,0.6206000447273254,0.49917900562286377,0.49940940737724304,0.4832446575164795,0.5671641826629639
Race: Black,752,0.5416666269302368,0.5535714626312256,0.5625,0.5272727608680725,0.5384615659713745
Race: Other,752,0.8415173888206482,0.8048839569091797,0.765753448009491,0.7649837732315063,0.7753623127937317
Overall,753,0.671875,0.6047619581222534,0.5807539820671082,0.5769504308700562,0.6369863152503967
Gender: Male,753,0.6780973672866821,0.5919355154037476,0.5315265655517578,0.4955223798751831,0.668639063835144
Gender: Female,753,0.6415245532989502,0.5902185440063477,0.5902185440063477,0.5902185440063477,0.5934959053993225
Age: <40,753,0.6559226512908936,0.5922107696533203,0.5648670196533203,0.5511312484741211,0.6129032373428345
Age: 40-50,753,0.7817896604537964,0.6730769276618958,0.6412872672080994,0.6530348658561707,0.7903225421905518
Age: 50-65,753,0.6364942789077759,0.5672478675842285,0.5581896305084229,0.5504664778709412,0.5754716992378235
Race: White,753,0.6380666494369507,0.56425541639328,0.5560823082923889,0.5564555525779724,0.6258993148803711
Race: Black,753,0.6507936716079712,0.5272727608680725,0.523809552192688,0.4920635223388672,0.5
Race: Other,753,0.7475749254226685,0.6695609092712402,0.6140872836112976,0.605137825012207,0.6642335653305054
Overall,754,0.6635210514068604,0.5841681957244873,0.5678958892822266,0.5586341619491577,0.5965517163276672
Gender: Male,754,0.6650563478469849,0.6522369384765625,0.5591787099838257,0.5059142112731934,0.6100628972053528
Gender: Female,754,0.6934566497802734,0.5769051313400269,0.5779990553855896,0.5765998959541321,0.580152690410614
Age: <40,754,0.6550195217132568,0.5846536159515381,0.571056067943573,0.5581140518188477,0.5806451439857483
Age: 40-50,754,0.7377820014953613,0.7189826369285583,0.6658834218978882,0.6822034120559692,0.7866666913032532
Age: 50-65,754,0.5939922332763672,0.46718573570251465,0.4714147448539734,0.448484867811203,0.4615384638309479
Race: White,754,0.6038509607315063,0.4970238208770752,0.497474730014801,0.4912280738353729,0.5517241358757019
Race: Black,754,0.25294119119644165,0.21703296899795532,0.19705882668495178,0.2047685831785202,0.2222222238779068
Race: Other,754,0.7681050300598145,0.7424242496490479,0.6711069345474243,0.6632652878761292,0.7006802558898926
Overall,755,0.6786175966262817,0.6304723620414734,0.6045127511024475,0.5976760387420654,0.6329966187477112
Gender: Male,755,0.6778022050857544,0.7586996555328369,0.5827838778495789,0.5465347170829773,0.6764705777168274
Gender: Female,755,0.6423611640930176,0.5747640132904053,0.5746527910232544,0.5745657682418823,0.5748031735420227
Age: <40,755,0.7086795568466187,0.6842424273490906,0.640350878238678,0.5880908966064453,0.6015037894248962
Age: 40-50,755,0.7984694242477417,0.6683303117752075,0.6577380895614624,0.6622806787490845,0.7402597665786743
Age: 50-65,755,0.5784090757369995,0.5447942018508911,0.5420454740524292,0.5421052575111389,0.5862069129943848
Race: White,755,0.6530612707138062,0.540088415145874,0.539270281791687,0.5396329760551453,0.6564885377883911
Race: Black,755,0.43939393758773804,0.4333333373069763,0.40909090638160706,0.34375,0.3571428656578064
Race: Other,755,0.7611908912658691,0.7292104959487915,0.6839104890823364,0.6543989777565002,0.6666666865348816
Overall,756,0.6644555330276489,0.6180555820465088,0.5939745903015137,0.582851231098175,0.6148648858070374
Gender: Male,756,0.6266283392906189,0.5991471409797668,0.5356321930885315,0.4861111044883728,0.6216216087341309
Gender: Female,756,0.676352322101593,0.6108647584915161,0.609649121761322,0.6074629426002502,0.6081081032752991
Age: <40,756,0.6877419948577881,0.6403427124023438,0.5968817472457886,0.5444914102554321,0.569343090057373
Age: 40-50,756,0.7363945245742798,0.6590908765792847,0.663690447807312,0.6612193584442139,0.7272727489471436
Age: 50-65,756,0.6226077079772949,0.5820106267929077,0.5741627216339111,0.5689548254013062,0.5853658318519592
Race: White,756,0.615384578704834,0.5196078419685364,0.5155677795410156,0.5068767070770264,0.5735294222831726
Race: Black,756,0.6060606241226196,0.593406617641449,0.5858585834503174,0.5833333730697632,0.6000000238418579
Race: Other,756,0.7264363169670105,0.7072861194610596,0.6669392585754395,0.6428571939468384,0.6571428775787354
Overall,757,0.6453487873077393,0.5987760424613953,0.5729469060897827,0.56014484167099,0.6100000143051147
Gender: Male,757,0.6216789484024048,0.5476190447807312,0.5220463275909424,0.4921090602874756,0.6384180784225464
Gender: Female,757,0.6164712309837341,0.5802739858627319,0.5780916810035706,0.5680779218673706,0.5691056847572327
Age: <40,757,0.6864125728607178,0.6823529601097107,0.6348384618759155,0.6128565073013306,0.6402877569198608
Age: 40-50,757,0.6518009901046753,0.4833333492279053,0.48713549971580505,0.47978952527046204,0.6133333444595337
Age: 50-65,757,0.5762062072753906,0.5390625,0.5301535129547119,0.5136904716491699,0.5581395626068115
Race: White,757,0.5530612468719482,0.45978260040283203,0.47063490748405457,0.45739275217056274,0.5874125957489014
Race: Black,757,0.484375,0.46875,0.46875,0.30000001192092896,0.30000001192092896
Race: Other,757,0.7396588325500488,0.7137624025344849,0.6742004156112671,0.6615004539489746,0.6788321137428284
Overall,758,0.6584223508834839,0.6069357395172119,0.5805739760398865,0.5549453496932983,0.5838926434516907
Gender: Male,758,0.7061765193939209,0.781818151473999,0.5813953280448914,0.5004650950431824,0.597765326499939
Gender: Female,758,0.6006218194961548,0.5627472996711731,0.5627472996711731,0.5627472996711731,0.5630252361297607
Age: <40,758,0.6478973627090454,0.6519837379455566,0.6155856251716614,0.5805410742759705,0.6000000238418579
Age: 40-50,758,0.7578396797180176,0.7092592716217041,0.6476480960845947,0.6452876329421997,0.695652186870575
Age: 50-65,758,0.57265305519104,0.48379629850387573,0.4871428608894348,0.45808735489845276,0.4848484992980957
Race: White,758,0.5549313426017761,0.5148147940635681,0.5116521120071411,0.5024810433387756,0.5734265446662903
Race: Black,758,0.5595238208770752,0.511904776096344,0.5178571343421936,0.350649356842041,0.35999998450279236
Race: Other,758,0.7966954112052917,0.7177444696426392,0.6669061183929443,0.6245775818824768,0.6384615302085876
Overall,759,0.6569199562072754,0.601081132888794,0.5807290077209473,0.5795229077339172,0.6418918967247009
Gender: Male,759,0.6897449493408203,0.7081727981567383,0.5984513163566589,0.5816471576690674,0.6850829124450684
Gender: Female,759,0.6292023658752441,0.5561538338661194,0.5601515769958496,0.554510235786438,0.573913037776947
Age: <40,759,0.6666667461395264,0.6776729822158813,0.6345238089561462,0.6342105269432068,0.6834532618522644
Age: 40-50,759,0.8692307472229004,0.6474359035491943,0.6326923370361328,0.6388140320777893,0.7611939907073975
Age: 50-65,759,0.5299144983291626,0.45502644777297974,0.46153849363327026,0.449760764837265,0.4888888895511627
Race: White,759,0.49244505167007446,0.46312499046325684,0.4594780206680298,0.46078431606292725,0.6212121248245239
Race: Black,759,0.5227272510528564,0.4625000059604645,0.4318181872367859,0.3499999940395355,0.38461539149284363
Race: Other,759,0.7652864456176758,0.744347333908081,0.6738897562026978,0.6702508926391602,0.7101449370384216
Overall,760,0.62109375,0.5840480327606201,0.5712209343910217,0.5659722089767456,0.6000000238418579
Gender: Male,760,0.6293706893920898,0.6745192408561707,0.5725274682044983,0.5440698862075806,0.6643835306167603
Gender: Female,760,0.5934381484985352,0.5374322533607483,0.537375271320343,0.5373809933662415,0.5389610528945923
Age: <40,760,0.695526123046875,0.6485994458198547,0.6098798513412476,0.5791357159614563,0.6043165326118469
Age: 40-50,760,0.6833332777023315,0.5972331762313843,0.5854166746139526,0.5856384038925171,0.6282051205635071
Age: 50-65,760,0.4583333134651184,0.5235732197761536,0.5251322984695435,0.522988498210907,0.5662650465965271
Race: White,760,0.5947344303131104,0.5165788531303406,0.5169891715049744,0.5166666507720947,0.5862069129943848
Race: Black,760,0.21666665375232697,0.36274510622024536,0.2666666805744171,0.20384615659713745,0.21739131212234497
Race: Other,760,0.7125459909439087,0.7204861640930176,0.6750919222831726,0.6619511842727661,0.6818181872367859
Overall,761,0.6682370901107788,0.6180856227874756,0.5994934439659119,0.6015123724937439,0.6587030291557312
Gender: Male,761,0.6380494832992554,0.6013513803482056,0.541208803653717,0.5176470875740051,0.6829267740249634
Gender: Female,761,0.6829692125320435,0.623432993888855,0.6271102428436279,0.6228070259094238,0.6279069781303406
Age: <40,761,0.6944008469581604,0.6675466299057007,0.6411564350128174,0.6442577242851257,0.6850393414497375
Age: 40-50,761,0.7189695835113525,0.6330409049987793,0.6598360538482666,0.6424788236618042,0.7599999904632568
Age: 50-65,761,0.5860058665275574,0.5261194109916687,0.5204081535339355,0.5007836818695068,0.5384615659713745
Race: White,761,0.6365611553192139,0.5282738208770752,0.5229413509368896,0.5211267471313477,0.6408450603485107
Race: Black,761,0.25,0.3585858643054962,0.3541666865348816,0.34837090969085693,0.3499999940395355
Race: Other,761,0.735714316368103,0.7415204644203186,0.6966666579246521,0.6984654664993286,0.7251908183097839
Overall,762,0.6863723993301392,0.5885715484619141,0.5675030946731567,0.5549894571304321,0.6000000238418579
Gender: Male,762,0.7019580602645874,0.6948052048683167,0.5881118774414062,0.5683580040931702,0.6800000071525574
Gender: Female,762,0.5844586491584778,0.49454545974731445,0.49466952681541443,0.4903777539730072,0.4923076927661896
Age: <40,762,0.6963801383972168,0.634870707988739,0.5873303413391113,0.5513493418693542,0.5939849615097046
Age: 40-50,762,0.7718254327774048,0.6227272748947144,0.59375,0.59805828332901,0.695652186870575
Age: 50-65,762,0.626239538192749,0.5296218395233154,0.5268878936767578,0.5218765735626221,0.5436893105506897
Race: White,762,0.6968168020248413,0.532869815826416,0.5252329111099243,0.5160546898841858,0.5878378748893738
Race: Black,762,0.3083333373069763,0.36538460850715637,0.3541666865348816,0.34285715222358704,0.3478260934352875
Race: Other,762,0.7401751279830933,0.6865017414093018,0.6337300539016724,0.6193181872367859,0.6567164063453674
Overall,763,0.6414452195167542,0.6094709634780884,0.5980186462402344,0.5954539179801941,0.6169491410255432
Gender: Male,763,0.6866968870162964,0.7149606347084045,0.60317462682724,0.5719180107116699,0.6530612111091614
Gender: Female,763,0.6250230073928833,0.583135187625885,0.5837479829788208,0.5807748436927795,0.5810810923576355
Age: <40,763,0.6851851940155029,0.6342229247093201,0.6172839403152466,0.6104087829589844,0.6274510025978088
Age: 40-50,763,0.6685143709182739,0.6636828780174255,0.6419068574905396,0.6472148895263672,0.6984127163887024
Age: 50-65,763,0.5484496355056763,0.5231854915618896,0.5222868323326111,0.5205839276313782,0.5316455960273743
Race: White,763,0.5348171591758728,0.4789634346961975,0.47806042432785034,0.4781864881515503,0.549180269241333
Race: Black,763,0.18222221732139587,0.3181818127632141,0.2866666615009308,0.25893634557724,0.2647058963775635
Race: Other,763,0.8235293626785278,0.7955082654953003,0.758906364440918,0.7539823055267334,0.7625899314880371
Overall,764,0.6300346851348877,0.5778628587722778,0.5565261840820312,0.5345946550369263,0.5780730843544006
Gender: Male,764,0.633425235748291,0.7185150384902954,0.5712316036224365,0.5307894349098206,0.6626505851745605
Gender: Female,764,0.5567124485969543,0.48110663890838623,0.48139122128486633,0.4736119508743286,0.4740740656852722
Age: <40,764,0.6326603889465332,0.5696187019348145,0.5520007014274597,0.5244680643081665,0.5570470094680786
Age: 40-50,764,0.7043189406394958,0.6312178373336792,0.5847176313400269,0.5833333730697632,0.6875
Age: 50-65,764,0.590392529964447,0.5441471338272095,0.5340908765792847,0.5059564709663391,0.5340909361839294
Race: White,764,0.5290448665618896,0.4191876947879791,0.4437621831893921,0.41978195309638977,0.5302013158798218
Race: Black,764,0.5021644830703735,0.4791666865348816,0.4826839864253998,0.4009852409362793,0.40625
Race: Other,764,0.7688665986061096,0.7439916133880615,0.6950710415840149,0.6701388955116272,0.6833333969116211
Overall,765,0.6583607196807861,0.6078412532806396,0.5777655839920044,0.5608539581298828,0.6073825359344482
Gender: Male,765,0.6497902274131775,0.5874906778335571,0.5328671336174011,0.4903531074523926,0.6342856884002686
Gender: Female,765,0.6140725016593933,0.5778710842132568,0.5766258239746094,0.5686495304107666,0.5691056847572327
Age: <40,765,0.6915907263755798,0.6631498336791992,0.6105012893676758,0.5723555684089661,0.6043165326118469
Age: 40-50,765,0.6087719202041626,0.5480226278305054,0.5447368621826172,0.5458257794380188,0.6623376607894897
Age: 50-65,765,0.6567519903182983,0.5800156593322754,0.5609756112098694,0.5332068204879761,0.5609756112098694
Race: White,765,0.6089053153991699,0.4807847738265991,0.4865286648273468,0.47277167439460754,0.5984252095222473
Race: Black,765,0.5173913240432739,0.45249998569488525,0.458695650100708,0.3612903356552124,0.3636363744735718
Race: Other,765,0.7432773113250732,0.7172865867614746,0.6705882549285889,0.6541353464126587,0.6739130616188049
Overall,766,0.6465891599655151,0.5900519490242004,0.5744735598564148,0.5704383850097656,0.6140939593315125
Gender: Male,766,0.7039366960525513,0.7090429067611694,0.5722402334213257,0.5330554246902466,0.6597222089767456
Gender: Female,766,0.6172860860824585,0.5640238523483276,0.5649092197418213,0.5640761852264404,0.5714285969734192
Age: <40,766,0.7018959522247314,0.6590296626091003,0.6189996004104614,0.6006535887718201,0.631205677986145
Age: 40-50,766,0.7536842823028564,0.6611111164093018,0.5915789604187012,0.5967532396316528,0.739130437374115
Age: 50-65,766,0.49002695083618164,0.4742105007171631,0.4735848903656006,0.4733341932296753,0.4886363744735718
Race: White,766,0.5428571701049805,0.4389651417732239,0.44019609689712524,0.4395557641983032,0.5899280905723572
Race: Black,766,0.3303571343421936,0.3849206566810608,0.3705357313156128,0.34285715222358704,0.3478260934352875
Race: Other,766,0.7700974941253662,0.7322916984558105,0.6932827830314636,0.6727659702301025,0.6838235259056091
Overall,767,0.6881364583969116,0.6410433650016785,0.6109243631362915,0.6071731448173523,0.650519073009491
Gender: Male,767,0.6526997089385986,0.6122848391532898,0.5488843321800232,0.5210884213447571,0.65625
Gender: Female,767,0.7128069400787354,0.64334636926651,0.6410688161849976,0.6407990455627441,0.643410861492157
Age: <40,767,0.7261632084846497,0.6656891107559204,0.6292905807495117,0.6197531223297119,0.6507936716079712
Age: 40-50,767,0.7969696521759033,0.7850877046585083,0.7462121248245239,0.7603639960289001,0.8101266026496887
Age: 50-65,767,0.5469107627868652,0.4706745147705078,0.4771167039871216,0.4555555582046509,0.5
Race: White,767,0.5972222089767456,0.5154072046279907,0.5116666555404663,0.4990394115447998,0.5691056847572327
Race: Black,767,0.5833333730697632,0.28431373834609985,0.3690476417541504,0.23273657262325287,0.25
Race: Other,767,0.8200275897979736,0.7774724960327148,0.7389118671417236,0.7478411197662354,0.7739725708961487
Overall,768,0.7028195858001709,0.6758120059967041,0.6446360349655151,0.6461350917816162,0.6838487982749939
Gender: Male,768,0.7279132008552551,0.7461538314819336,0.5670220851898193,0.5347699522972107,0.6993464231491089
Gender: Female,768,0.6562697887420654,0.6666666865348816,0.6672286987304688,0.6663863658905029,0.6666666865348816
Age: <40,768,0.6866666674613953,0.6889583468437195,0.631449282169342,0.6312494874000549,0.6942148208618164
Age: 40-50,768,0.6781609058380127,0.6530131697654724,0.616738498210907,0.6172201633453369,0.6753246784210205
Age: 50-65,768,0.7054154872894287,0.675438642501831,0.668067216873169,0.6688034534454346,0.6774193644523621
Race: White,768,0.6863422393798828,0.5739796161651611,0.5637362599372864,0.5661375522613525,0.6746032238006592
Race: Black,768,0.48444443941116333,0.5612648129463196,0.5688889026641846,0.46875,0.47058823704719543
Race: Other,768,0.7778568267822266,0.7626373767852783,0.7266477346420288,0.7298969030380249,0.7480915784835815
Overall,769,0.685983419418335,0.6228101253509521,0.5943933725357056,0.5853796005249023,0.6275168061256409
Gender: Male,769,0.7006860971450806,0.7320722341537476,0.5587478876113892,0.5063962340354919,0.6569767594337463
Gender: Female,769,0.6290322542190552,0.5874496102333069,0.5874496102333069,0.5873016119003296,0.5873016119003296
Age: <40,769,0.7966382503509521,0.76015704870224,0.6803977489471436,0.6568154096603394,0.6846153736114502
Age: 40-50,769,0.7380952835083008,0.6643939018249512,0.6123188734054565,0.6180617809295654,0.7164179086685181
Age: 50-65,769,0.5280673503875732,0.46729588508605957,0.47012829780578613,0.4648311734199524,0.49504950642585754
Race: White,769,0.5747213363647461,0.5228365659713745,0.5192502737045288,0.5173355340957642,0.6176470518112183
Race: Black,769,0.31521737575531006,0.40714287757873535,0.3586956560611725,0.25,0.25925925374031067
Race: Other,769,0.8121693134307861,0.75,0.6964285969734192,0.6889952421188354,0.7111110687255859
Overall,770,0.7242763638496399,0.65756756067276,0.6224790215492249,0.6213011145591736,0.6688963174819946
Gender: Male,770,0.7337643504142761,0.7673611044883728,0.5995689630508423,0.5905693173408508,0.7303370833396912
Gender: Female,770,0.6344262361526489,0.5788177251815796,0.5786885023117065,0.5783972144126892,0.5785123705863953
Age: <40,770,0.7688359022140503,0.7304553985595703,0.6449743509292603,0.644444465637207,0.7125000357627869
Age: 40-50,770,0.7650375962257385,0.6495798230171204,0.6672932505607605,0.6553248167037964,0.7115384936332703
Age: 50-65,770,0.6305496692657471,0.5747578740119934,0.5652748346328735,0.5498366355895996,0.5632184147834778
Race: White,770,0.7172965407371521,0.6035338640213013,0.5858769416809082,0.5891625881195068,0.6762589812278748
Race: Black,770,0.560606062412262,0.468137264251709,0.46717172861099243,0.4476190507411957,0.4482758641242981
Race: Other,770,0.736655592918396,0.7533003091812134,0.6812706589698792,0.6748955249786377,0.7099236845970154
Overall,771,0.749274730682373,0.6787530183792114,0.639120876789093,0.6352372765541077,0.6721311211585999
Gender: Male,771,0.6993314027786255,0.5548387169837952,0.5149542689323425,0.4737006723880768,0.6909090876579285
Gender: Female,771,0.7196066379547119,0.6523692607879639,0.6560995578765869,0.6485475897789001,0.6499999761581421
Age: <40,771,0.7526408433914185,0.6794900298118591,0.642517626285553,0.6310150623321533,0.6556291580200195
Age: 40-50,771,0.8453282713890076,0.8270491361618042,0.751893937587738,0.7616410255432129,0.790123462677002
Age: 50-65,771,0.6121113300323486,0.4978991746902466,0.49836334586143494,0.4890494644641876,0.5753424763679504
Race: White,771,0.7371759414672852,0.6361662745475769,0.6210700273513794,0.6265288591384888,0.7185184955596924
Race: Black,771,0.5352941155433655,0.3333333432674408,0.42941176891326904,0.2852941155433655,0.3333333432674408
Race: Other,771,0.8098978996276855,0.7398990392684937,0.7052239179611206,0.6841365098953247,0.692307710647583
Overall,772,0.572083055973053,0.5615808963775635,0.5447626113891602,0.5265176892280579,0.5787671208381653
Gender: Male,772,0.5452524423599243,0.5665280818939209,0.5203239321708679,0.45113638043403625,0.590062141418457
Gender: Female,772,0.610093891620636,0.5596889853477478,0.5585680603981018,0.5582963228225708,0.5648854970932007
Age: <40,772,0.5669599771499634,0.5929487347602844,0.5566959977149963,0.5030789971351624,0.546875
Age: 40-50,772,0.6245306730270386,0.6339285373687744,0.5750938653945923,0.5774757266044617,0.734375
Age: 50-65,772,0.5263798236846924,0.5034722089767456,0.5032467842102051,0.5,0.5199999809265137
Race: White,772,0.5132142901420593,0.44633838534355164,0.45446428656578064,0.4479646682739258,0.5652173757553101
Race: Black,772,0.625,0.5444444417953491,0.5666666626930237,0.40242424607276917,0.41379308700561523
Race: Other,772,0.5898897647857666,0.6454741358757019,0.5992647409439087,0.5771428346633911,0.6216216087341309
Overall,773,0.7233381271362305,0.6765567064285278,0.635604977607727,0.6320251226425171,0.6723549365997314
Gender: Male,773,0.7180905938148499,0.7630033493041992,0.5542200207710266,0.4971901774406433,0.662420392036438
Gender: Female,773,0.7376302480697632,0.6828819513320923,0.6831597089767456,0.6829836964607239,0.6838235259056091
Age: <40,773,0.7608597278594971,0.7112244963645935,0.6639140248298645,0.6474698781967163,0.6691729426383972
Age: 40-50,773,0.7560975551605225,0.7076923251152039,0.6743184924125671,0.6852713227272034,0.7586206793785095
Age: 50-65,773,0.6613354682922363,0.60467529296875,0.5805677771568298,0.574440062046051,0.6274510025978088
Race: White,773,0.6389228701591492,0.5327380895614624,0.5269278287887573,0.5251415371894836,0.6290322542190552
Race: Black,773,0.7777777910232544,0.6111111044883728,0.6111111044883728,0.3636363744735718,0.3636363744735718
Race: Other,773,0.8065298795700073,0.7927979826927185,0.7374067306518555,0.7365591526031494,0.7551020383834839
Overall,774,0.6548968553543091,0.5973275303840637,0.5770851373672485,0.5748144388198853,0.6363636255264282
Gender: Male,774,0.654533863067627,0.6429324746131897,0.5432630777359009,0.5111700892448425,0.6941176652908325
Gender: Female,774,0.617042601108551,0.5571286678314209,0.5576441287994385,0.5568295121192932,0.5590550899505615
Age: <40,774,0.6772152185440063,0.6340725421905518,0.6052215099334717,0.6049909591674805,0.6614173054695129
Age: 40-50,774,0.7673758864402771,0.6389325261116028,0.6255319118499756,0.6309523582458496,0.7419354915618896
Age: 50-65,774,0.5840277671813965,0.5261894464492798,0.5208333134651184,0.5055592060089111,0.5462962985038757
Race: White,774,0.5905696153640747,0.4842105507850647,0.48739495873451233,0.4814814627170563,0.6111111044883728
Race: Black,774,0.24285714328289032,0.31060606241226196,0.3214285671710968,0.31501832604408264,0.3529411852359772
Race: Other,774,0.7530514001846313,0.7252252101898193,0.6798169016838074,0.6744321584701538,0.6985294222831726
Overall,775,0.6074142456054688,0.5935074090957642,0.5736793279647827,0.5627003312110901,0.6013513803482056
Gender: Male,775,0.5523097515106201,0.5279720425605774,0.5088315010070801,0.43962419033050537,0.5833333134651184
Gender: Female,775,0.6576576232910156,0.6200000047683716,0.6197788715362549,0.6198575496673584,0.6214285492897034
Age: <40,775,0.5835345983505249,0.6020731925964355,0.58423912525177,0.5677589774131775,0.588652491569519
Age: 40-50,775,0.6926407217979431,0.6582633256912231,0.6222943663597107,0.6285714507102966,0.7076923251152039
Age: 50-65,775,0.5855000019073486,0.5227125287055969,0.5174999833106995,0.49938952922821045,0.5444444417953491
Race: White,775,0.5437212586402893,0.48471787571907043,0.4871794879436493,0.4817505478858948,0.5726495981216431
Race: Black,775,0.24615386128425598,0.31481480598449707,0.32692307233810425,0.24942085146903992,0.25
Race: Other,775,0.7607494592666626,0.7398058176040649,0.6948717832565308,0.6915022134780884,0.7132866978645325
Overall,776,0.5834841728210449,0.5404752492904663,0.5314479470252991,0.5169082283973694,0.5633333325386047
Gender: Male,776,0.6131187677383423,0.6147903203964233,0.5315821766853333,0.44718992710113525,0.5705521106719971
Gender: Female,776,0.615079402923584,0.5502136945724487,0.5518077611923218,0.5485875010490417,0.55474454164505
Age: <40,776,0.5902880430221558,0.6292312741279602,0.5858734846115112,0.5527777671813965,0.5942029356956482
Age: 40-50,776,0.6415694355964661,0.5869324207305908,0.5832449793815613,0.58441561460495,0.625
Age: 50-65,776,0.5560344457626343,0.4227960407733917,0.4362068772315979,0.42172855138778687,0.47959181666374207
Race: White,776,0.557692289352417,0.44110575318336487,0.44110575318336487,0.44110575318336487,0.5407407283782959
Race: Black,776,0.0714285671710968,0.34191176295280457,0.244047611951828,0.22003284096717834,0.23999999463558197
Race: Other,776,0.7142857313156128,0.7121211886405945,0.6428571343421936,0.6111111044883728,0.6428571343421936
Overall,777,0.6653134822845459,0.6551947593688965,0.6251964569091797,0.6168603897094727,0.6447368264198303
Gender: Male,777,0.624098002910614,0.7011494636535645,0.573418378829956,0.542957603931427,0.675000011920929
Gender: Female,777,0.6418695449829102,0.6133333444595337,0.6142162084579468,0.6108108162879944,0.6111111044883728
Age: <40,777,0.665413498878479,0.7026610374450684,0.6511069536209106,0.6088744401931763,0.6258993148803711
Age: 40-50,777,0.831932783126831,0.7215686440467834,0.7034814357757568,0.7112500071525574,0.7878788113594055
Age: 50-65,777,0.5728394985198975,0.5683035850524902,0.5629629492759705,0.5595338940620422,0.5757575631141663
Race: White,777,0.6265934705734253,0.5454545617103577,0.5356044173240662,0.5304837226867676,0.609929084777832
Race: Black,777,0.5526316165924072,0.5328947305679321,0.5328947305679321,0.4444444477558136,0.4444444477558136
Race: Other,777,0.7179321050643921,0.7581895589828491,0.7233397960662842,0.7116070985794067,0.7205882668495178
Overall,778,0.6818621158599854,0.6376178860664368,0.6001289486885071,0.5894898176193237,0.6375839114189148
Gender: Male,778,0.6369882822036743,0.688686728477478,0.5697368383407593,0.5454721450805664,0.6896551847457886
Gender: Female,778,0.6695469617843628,0.5718841552734375,0.5708301067352295,0.5640624761581421,0.5645161271095276
Age: <40,778,0.6924242377281189,0.6574674844741821,0.6102272868156433,0.5973367094993591,0.6456692814826965
Age: 40-50,778,0.8611111640930176,0.7589285373687744,0.7349537014961243,0.7454545497894287,0.8285714387893677
Age: 50-65,778,0.5456348657608032,0.5260260105133057,0.5206349492073059,0.4784853756427765,0.49504950642585754
Race: White,778,0.6761573553085327,0.5700549483299255,0.5472222566604614,0.5383998155593872,0.6376811861991882
Race: Black,778,0.5170454382896423,0.472222238779068,0.4744318127632141,0.4413793087005615,0.4444444477558136
Race: Other,778,0.7324262857437134,0.7152405977249146,0.6642857193946838,0.6511315703392029,0.6766917705535889
Overall,779,0.64984130859375,0.5852802395820618,0.5655555725097656,0.5556010603904724,0.604651153087616
Gender: Male,779,0.6762134432792664,0.6504608392715454,0.5492161512374878,0.5077340602874756,0.6568047404289246
Gender: Female,779,0.6008731126785278,0.5369429588317871,0.5367647409439087,0.5365755558013916,0.5378788113594055
Age: <40,779,0.6814184188842773,0.6462339758872986,0.6035460829734802,0.5992950201034546,0.6639344096183777
Age: 40-50,779,0.758407711982727,0.6307692527770996,0.5758407711982727,0.5568181872367859,0.6410256624221802
Age: 50-65,779,0.5286949872970581,0.49764958024024963,0.49783802032470703,0.4905165433883667,0.5049504637718201
Race: White,779,0.5772548913955688,0.5033251047134399,0.5026470422744751,0.49601638317108154,0.5894039869308472
Race: Black,779,0.451127827167511,0.3909774422645569,0.3909774422645569,0.3076923191547394,0.3076923191547394
Race: Other,779,0.7696954011917114,0.7084581851959229,0.6643907427787781,0.6582573652267456,0.6854838728904724
Overall,780,0.6291244029998779,0.5741356611251831,0.5513824820518494,0.5345095992088318,0.5986621975898743
Gender: Male,780,0.6549901962280273,0.641981840133667,0.5498402118682861,0.5043784379959106,0.637837827205658
Gender: Female,780,0.5682381987571716,0.5282629728317261,0.5276054739952087,0.5268968343734741,0.5350877046585083
Age: <40,780,0.639122724533081,0.5738095045089722,0.5515064001083374,0.5275953412055969,0.5777777433395386
Age: 40-50,780,0.7095237970352173,0.6529412269592285,0.5928571224212646,0.5891528129577637,0.6885245442390442
Age: 50-65,780,0.5706479549407959,0.5329641103744507,0.5243949890136719,0.5095238089561462,0.5728155374526978
Race: White,780,0.5466452836990356,0.4878826439380646,0.4898422956466675,0.48468470573425293,0.5769230723381042
Race: Black,780,0.5795454978942871,0.4583333432674408,0.46590909361839294,0.3303571343421936,0.3333333432674408
Race: Other,780,0.7341101765632629,0.7120490074157715,0.6319915056228638,0.6187137961387634,0.6762589812278748
Overall,781,0.6555736064910889,0.6229004859924316,0.6029491424560547,0.6002599000930786,0.6357616186141968
Gender: Male,781,0.6472303867340088,0.7047872543334961,0.593537449836731,0.5698442459106445,0.6708074808120728
Gender: Female,781,0.6387871503829956,0.5927273035049438,0.593406617641449,0.5927952527999878,0.5957446694374084
Age: <40,781,0.7021186351776123,0.6711711883544922,0.636864423751831,0.6340430378913879,0.6690647602081299
Age: 40-50,781,0.7700854539871216,0.7384696006774902,0.6944444179534912,0.7036178112030029,0.7464788556098938
Age: 50-65,781,0.48732662200927734,0.48016923666000366,0.48206600546836853,0.4751984179019928,0.5
Race: White,781,0.5605263113975525,0.5023809671401978,0.5021255016326904,0.4995744824409485,0.5646258592605591
Race: Black,781,0.6687500476837158,0.5467836260795593,0.550000011920929,0.4636015295982361,0.4642857313156128
Race: Other,781,0.7970573306083679,0.7784161567687988,0.7274225950241089,0.7319033145904541,0.7559055089950562
Overall,782,0.6410841941833496,0.5488095283508301,0.535608172416687,0.5158133506774902,0.5671141147613525
Gender: Male,782,0.6883325576782227,0.6109181642532349,0.5327184796333313,0.4676397144794464,0.6071428656578064
Gender: Female,782,0.590607225894928,0.5127373337745667,0.5125711560249329,0.5118898749351501,0.5153846144676208
Age: <40,782,0.687407374382019,0.5910714268684387,0.5661110877990723,0.5371582508087158,0.5714285373687744
Age: 40-50,782,0.7468030452728271,0.6367924213409424,0.5927110314369202,0.5993266105651855,0.7301587462425232
Age: 50-65,782,0.4658385217189789,0.4180952310562134,0.43322983384132385,0.4095577299594879,0.4431818425655365
Race: White,782,0.5713951587677002,0.4488636255264282,0.4589185416698456,0.44789865612983704,0.540145993232727
Race: Black,782,0.3733333349227905,0.2666666805744171,0.2666666805744171,0.20000000298023224,0.20000000298023224
Race: Other,782,0.7262288331985474,0.6933772563934326,0.635878324508667,0.6126374006271362,0.6453900337219238
Overall,783,0.642331600189209,0.6200289726257324,0.5938030481338501,0.5921326875686646,0.6500000357627869
Gender: Male,783,0.6936671733856201,0.6916752457618713,0.5686671733856201,0.5369249582290649,0.673202633857727
Gender: Female,783,0.6257264614105225,0.6093027591705322,0.6099380254745483,0.6095900535583496,0.6258503198623657
Age: <40,783,0.6595373153686523,0.6557632684707642,0.609122633934021,0.5982404947280884,0.6496350169181824
Age: 40-50,783,0.7586666345596313,0.7423007488250732,0.6783333420753479,0.6946492791175842,0.7764706015586853
Age: 50-65,783,0.5243651270866394,0.4793028235435486,0.4804392457008362,0.4785362482070923,0.5128205418586731
Race: White,783,0.6158233880996704,0.5752547979354858,0.5714285373687744,0.5723813772201538,0.6136363744735718
Race: Black,783,0.4753086566925049,0.3928571343421936,0.4166666865348816,0.32499998807907104,0.3333333432674408
Race: Other,783,0.7076612710952759,0.7467948794364929,0.6552419662475586,0.6642857193946838,0.7446808218955994
Overall,784,0.6354058980941772,0.580809473991394,0.5631020069122314,0.5500418543815613,0.5895765423774719
Gender: Male,784,0.6202020645141602,0.6410256624221802,0.54747474193573,0.5093137621879578,0.6623376607894897
Gender: Female,784,0.5618999004364014,0.5203054547309875,0.520061731338501,0.5158227682113647,0.516339898109436
Age: <40,784,0.6231203079223633,0.5500847101211548,0.5416666865348816,0.5153277516365051,0.53125
Age: 40-50,784,0.7608225345611572,0.7432659864425659,0.6563853025436401,0.6683673858642578,0.7538461685180664
Age: 50-65,784,0.5673624277114868,0.521212100982666,0.5177103281021118,0.512153685092926,0.5731707215309143
Race: White,784,0.6127140522003174,0.4980158805847168,0.4985925555229187,0.48371630907058716,0.5808823704719543
Race: Black,784,0.17045454680919647,0.19166666269302368,0.18465909361839294,0.18406593799591064,0.18518519401550293
Race: Other,784,0.7279567718505859,0.7124999761581421,0.6705576181411743,0.655519962310791,0.6736111044883728
Overall,785,0.6615533828735352,0.5890114307403564,0.5691450238227844,0.5544775128364563,0.5912162065505981
Gender: Male,785,0.6575261354446411,0.5588744878768921,0.5242165327072144,0.470085471868515,0.5860214829444885
Gender: Female,785,0.6812169551849365,0.5998677015304565,0.5998677015304565,0.5998677015304565,0.5999999642372131
Age: <40,785,0.6036527156829834,0.5435712337493896,0.5386621952056885,0.5205272436141968,0.5307692289352417
Age: 40-50,785,0.7235939502716064,0.7302771806716919,0.6481481194496155,0.6571255922317505,0.7407407760620117
Age: 50-65,785,0.6733556389808655,0.5269230604171753,0.519509494304657,0.4938158392906189,0.5411764979362488
Race: White,785,0.6963297128677368,0.5812281370162964,0.5723684430122375,0.5739677548408508,0.640350878238678
Race: Black,785,0.2321428507566452,0.2526315748691559,0.2202380895614624,0.2031063288450241,0.20689654350280762
Race: Other,785,0.7475214004516602,0.6698718070983887,0.6223076581954956,0.597089409828186,0.6274510025978088
Overall,786,0.6552703380584717,0.6106065511703491,0.5799372792243958,0.5716655254364014,0.6335616111755371
Gender: Male,786,0.6041046380996704,0.6261037588119507,0.5378186106681824,0.4944453835487366,0.6625766754150391
Gender: Female,786,0.6714285612106323,0.5922293663024902,0.5899515748023987,0.5897749662399292,0.5968992114067078
Age: <40,786,0.74609375,0.6855745315551758,0.6428571343421936,0.6303808689117432,0.6583333611488342
Age: 40-50,786,0.6773455142974854,0.6510171890258789,0.5736079216003418,0.5703125,0.7250000238418579
Age: 50-65,786,0.497788667678833,0.47104477882385254,0.47616708278656006,0.46483343839645386,0.52173912525177
Race: White,786,0.5804232358932495,0.49047619104385376,0.49365079402923584,0.47573038935661316,0.5891472697257996
Race: Black,786,0.14035087823867798,0.3294117748737335,0.24561403691768646,0.17499999701976776,0.1818181872367859
Race: Other,786,0.7787381410598755,0.7373015880584717,0.6938202381134033,0.7026710510253906,0.7446808218955994
Overall,787,0.6245899200439453,0.5605981349945068,0.5497075915336609,0.5421262383460999,0.5850340127944946
Gender: Male,787,0.6039985418319702,0.547201931476593,0.5177916288375854,0.46818476915359497,0.6118420958518982
Gender: Female,787,0.6231768131256104,0.5536283850669861,0.553746223449707,0.5536596775054932,0.5563380122184753
Age: <40,787,0.7183098793029785,0.6295093894004822,0.5902917385101318,0.5731092691421509,0.6220472455024719
Age: 40-50,787,0.6532343626022339,0.5900000333786011,0.5668080449104309,0.5628155469894409,0.640625
Age: 50-65,787,0.5184899568557739,0.48637819290161133,0.4869029223918915,0.4854539930820465,0.5048543810844421
Race: White,787,0.5451933145523071,0.46731746196746826,0.4698275923728943,0.4674797058105469,0.5419847369194031
Race: Black,787,0.2280701845884323,0.3294117748737335,0.24561403691768646,0.17499999701976776,0.1818181872367859
Race: Other,787,0.7323044538497925,0.6950689554214478,0.6570987701416016,0.6559449434280396,0.6879432201385498
Overall,788,0.7006529569625854,0.6108092069625854,0.583786129951477,0.5773987174034119,0.6324503421783447
Gender: Male,788,0.7162144184112549,0.5884146690368652,0.5319603085517883,0.496122270822525,0.6611111164093018
Gender: Female,788,0.6338709592819214,0.5900974273681641,0.5895161628723145,0.5891702175140381,0.5901638865470886
Age: <40,788,0.7268221378326416,0.6490036249160767,0.5959183573722839,0.5818272829055786,0.6470588445663452
Age: 40-50,788,0.8150197267532349,0.7225296497344971,0.7225296497344971,0.7225296497344971,0.7692307829856873
Age: 50-65,788,0.6060495376586914,0.49659204483032227,0.49744898080825806,0.47111111879348755,0.5142857432365417
Race: White,788,0.7104270458221436,0.5705819129943848,0.5520357489585876,0.5461388230323792,0.6283783912658691
Race: Black,788,0.5,0.4305555522441864,0.3863636255264282,0.2909091114997864,0.3076923191547394
Race: Other,788,0.6988303661346436,0.6575397253036499,0.6243734359741211,0.6229732036590576,0.6666666269302368
Overall,789,0.630043089389801,0.5698487758636475,0.5606149435043335,0.5595585703849792,0.6101694703102112
Gender: Male,789,0.6425280570983887,0.6781160235404968,0.5712640285491943,0.537790834903717,0.65625
Gender: Female,789,0.6651637554168701,0.5545434951782227,0.5589700937271118,0.5465741157531738,0.555555522441864
Age: <40,789,0.6390434503555298,0.6037415266036987,0.5880230665206909,0.5809524059295654,0.6071428656578064
Age: 40-50,789,0.7081632614135742,0.6057692170143127,0.5785714387893677,0.5818182229995728,0.695652186870575
Age: 50-65,789,0.5529556274414062,0.4885057508945465,0.48830050230026245,0.4883294999599457,0.5465116500854492
Race: White,789,0.6242212057113647,0.5228731632232666,0.5332943797111511,0.5139146447181702,0.6335877776145935
Race: Black,789,0.07857143133878708,0.15000000596046448,0.07500000298023224,0.10000000149011612,0.1111111119389534
Race: Other,789,0.7701492309570312,0.7517857551574707,0.6803838014602661,0.6599711179733276,0.6861313581466675
Overall,790,0.6649006605148315,0.6350053548812866,0.6143183708190918,0.601311206817627,0.6182432770729065
Gender: Male,790,0.6409525275230408,0.6647727489471436,0.5875398516654968,0.5578539371490479,0.634615421295166
Gender: Female,790,0.6470223665237427,0.6036036014556885,0.6046319007873535,0.5996732115745544,0.6000000238418579
Age: <40,790,0.7530529499053955,0.6868420839309692,0.6525328159332275,0.6368708610534668,0.6541353464126587
Age: 40-50,790,0.7069767713546753,0.716312050819397,0.6986046433448792,0.7043478488922119,0.7352941036224365
Age: 50-65,790,0.5189701914787292,0.5090725421905518,0.5081300735473633,0.4784314036369324,0.4842105507850647
Race: White,790,0.5902596712112427,0.5985973477363586,0.5775973796844482,0.567064642906189,0.6058394312858582
Race: Black,790,0.4233333170413971,0.4161490797996521,0.4099999964237213,0.37655678391456604,0.37837839126586914
Race: Other,790,0.773924708366394,0.7292683124542236,0.7021505832672119,0.6949999928474426,0.7049179673194885
Overall,791,0.6433232426643372,0.6205008029937744,0.606148362159729,0.6074606776237488,0.6468647122383118
Gender: Male,791,0.709075927734375,0.7785714268684387,0.6351485252380371,0.6288612484931946,0.7204968929290771
Gender: Female,791,0.5789473056793213,0.5606511831283569,0.5630546808242798,0.5577657222747803,0.563380241394043
Age: <40,791,0.6495370864868164,0.6779056787490845,0.6502314805984497,0.6524209380149841,0.6865671277046204
Age: 40-50,791,0.7571929693222046,0.6988636255264282,0.6473684310913086,0.6585365533828735,0.7439023852348328
Age: 50-65,791,0.5537056922912598,0.48284316062927246,0.48308271169662476,0.48270270228385925,0.49425286054611206
Race: White,791,0.5443589687347412,0.49608588218688965,0.49602562189102173,0.4960244297981262,0.5899280905723572
Race: Black,791,0.42941176891326904,0.444444477558136,0.44705885648727417,0.4065934121608734,0.40740740299224854
Race: Other,791,0.7812769412994385,0.774009108543396,0.7326358556747437,0.7344961166381836,0.7518247961997986
Overall,792,0.6622629165649414,0.5846511721611023,0.5660569071769714,0.5546016693115234,0.5965517163276672
Gender: Male,792,0.6935288906097412,0.652482271194458,0.5556514263153076,0.5129349231719971,0.6410256624221802
Gender: Female,792,0.5971014499664307,0.5436937212944031,0.5432552695274353,0.5427132844924927,0.5447760820388794
Age: <40,792,0.6786647439002991,0.626086950302124,0.5799709558486938,0.5536184310913086,0.6101694703102112
Age: 40-50,792,0.7981545925140381,0.7043269276618958,0.6960784196853638,0.6999117136001587,0.779411792755127
Age: 50-65,792,0.5595238208770752,0.47058823704719543,0.4732142686843872,0.4542728662490845,0.46153849363327026
Race: White,792,0.5678480863571167,0.47948718070983887,0.48177212476730347,0.47683000564575195,0.5271317958831787
Race: Black,792,0.613636314868927,0.5476190447807312,0.5530303120613098,0.39208173751831055,0.392857164144516
Race: Other,792,0.7852789163589478,0.7254642248153687,0.6593998670578003,0.6585028767585754,0.7067669630050659
Overall,793,0.6380952596664429,0.6179513931274414,0.5851378440856934,0.5778651833534241,0.6401384472846985
Gender: Male,793,0.6462315320968628,0.6262930631637573,0.5264154672622681,0.45537999272346497,0.6274510025978088
Gender: Female,793,0.6682379245758057,0.641964316368103,0.6427609324455261,0.6423255205154419,0.654411792755127
Age: <40,793,0.6074264049530029,0.6420191526412964,0.6023047566413879,0.5892857313156128,0.6349206566810608
Age: 40-50,793,0.7777777910232544,0.7160256505012512,0.6642299890518188,0.6798245906829834,0.7808219194412231
Age: 50-65,793,0.5584999918937683,0.5066844820976257,0.5049999952316284,0.48332422971725464,0.5333333611488342
Race: White,793,0.5708874464035034,0.5228571891784668,0.5162337422370911,0.5073853731155396,0.6230769157409668
Race: Black,793,0.5499999523162842,0.3721804618835449,0.39375001192092896,0.3373313546180725,0.3461538553237915
Race: Other,793,0.695732831954956,0.7371596097946167,0.6777597665786743,0.677349328994751,0.7142857313156128
Overall,794,0.7161712646484375,0.648261308670044,0.6148787140846252,0.6091374754905701,0.6500000357627869
Gender: Male,794,0.7552410364151001,0.7183908224105835,0.5829839706420898,0.565794825553894,0.706250011920929
Gender: Female,794,0.6432222723960876,0.5899564027786255,0.5886321663856506,0.5849519968032837,0.5857142806053162
Age: <40,794,0.7237940430641174,0.7064719200134277,0.6672077775001526,0.6676661968231201,0.6992481350898743
Age: 40-50,794,0.8485499620437622,0.7552447319030762,0.6960257887840271,0.713942289352417,0.7941176295280457
Age: 50-65,794,0.6096563339233398,0.49537035822868347,0.4963175058364868,0.46292948722839355,0.4848484992980957
Race: White,794,0.6561416983604431,0.5548844337463379,0.5402387380599976,0.5333694815635681,0.6225165724754333
Race: Black,794,0.48120301961898804,0.4236111044883728,0.4172932505607605,0.34518516063690186,0.3461538553237915
Race: Other,794,0.8034758567810059,0.772988498210907,0.7286096215248108,0.7296703457832336,0.7479674816131592
Overall,795,0.635783314704895,0.5890541076660156,0.5728519558906555,0.5447558164596558,0.5606557130813599
Gender: Male,795,0.6511627435684204,0.6546010375022888,0.5673157572746277,0.5,0.5739644765853882
Gender: Female,795,0.604995608329773,0.5463203191757202,0.5473032593727112,0.5425347089767456,0.5441176295280457
Age: <40,795,0.7613114714622498,0.6694529056549072,0.6462295055389404,0.6175351738929749,0.625
Age: 40-50,795,0.6733212471008301,0.677897572517395,0.6197822093963623,0.6061845421791077,0.6567164063453674
Age: 50-65,795,0.42339181900024414,0.42298954725265503,0.43391814827919006,0.40047019720077515,0.4117647111415863
Race: White,795,0.5535714626312256,0.4920635223388672,0.4944668114185333,0.4663865566253662,0.5275590419769287
Race: Black,795,0.1180555522441864,0.26249998807907104,0.2361111044883728,0.2261904776096344,0.23076924681663513
Race: Other,795,0.7644562721252441,0.6950663924217224,0.6740937232971191,0.6407562494277954,0.6447368264198303
Overall,796,0.6446799039840698,0.6264252662658691,0.6041916012763977,0.5982537865638733,0.6296296119689941
Gender: Male,796,0.6044150590896606,0.7267241477966309,0.6059458255767822,0.5970696210861206,0.7090908885002136
Gender: Female,796,0.5810185074806213,0.5317095518112183,0.5319444537162781,0.5298713445663452,0.5303030610084534
Age: <40,796,0.6194911003112793,0.6076858043670654,0.5868923664093018,0.5736405849456787,0.6015037894248962
Age: 40-50,796,0.7011363506317139,0.6952381134033203,0.6863636374473572,0.6904969215393066,0.7887324094772339
Age: 50-65,796,0.6299249529838562,0.5740266442298889,0.5677767395973206,0.5441176891326904,0.5483871102333069
Race: White,796,0.5950171947479248,0.5650048851966858,0.5528756976127625,0.5480631589889526,0.60317462682724
Race: Black,796,0.3181818127632141,0.3404761850833893,0.3308081030845642,0.33212122321128845,0.3448275923728943
Race: Other,796,0.7566807270050049,0.7424004077911377,0.6858549118041992,0.6821184754371643,0.7112675905227661
Overall,797,0.5930425524711609,0.5469396114349365,0.5387636423110962,0.5342105031013489,0.5932203531265259
Gender: Male,797,0.6218602657318115,0.6362229585647583,0.5604395270347595,0.5388669371604919,0.6733333468437195
Gender: Female,797,0.5327451229095459,0.4965846836566925,0.49656862020492554,0.49655240774154663,0.5103448033332825
Age: <40,797,0.6198346614837646,0.5865817070007324,0.5636363625526428,0.544153094291687,0.586776852607727
Age: 40-50,797,0.6428571343421936,0.5757575631141663,0.5673854351043701,0.5705128312110901,0.7313432693481445
Age: 50-65,797,0.510901153087616,0.48204633593559265,0.4831032156944275,0.4809701442718506,0.5140186548233032
Race: White,797,0.5227272510528564,0.3946465253829956,0.41386082768440247,0.3999999761581421,0.4960000216960907
Race: Black,797,0.35384613275527954,0.3333333432674408,0.37435898184776306,0.32620322704315186,0.3571428656578064
Race: Other,797,0.7002332210540771,0.710049033164978,0.6816833019256592,0.6882283687591553,0.7253521084785461
Overall,798,0.6974790096282959,0.6666666865348816,0.6278244853019714,0.6224489808082581,0.662162184715271
Gender: Male,798,0.6840444803237915,0.7118794322013855,0.5665120482444763,0.5318179130554199,0.6797385811805725
Gender: Female,798,0.6850547790527344,0.6454600095748901,0.6428990364074707,0.6416040062904358,0.6433566212654114
Age: <40,798,0.7003911733627319,0.6748385429382324,0.6299786567687988,0.6067495942115784,0.6333333253860474
Age: 40-50,798,0.886904776096344,0.9468085169792175,0.7916666269302368,0.8403311967849731,0.9074074029922485
Age: 50-65,798,0.5951923131942749,0.5483871102333069,0.5432692170143127,0.5388471484184265,0.5652173757553101
Race: White,798,0.6086111068725586,0.5557531118392944,0.5479166507720947,0.5465985536575317,0.6080000400543213
Race: Black,798,0.5227272510528564,0.44999998807907104,0.46590909361839294,0.3942028880119324,0.42105263471603394
Race: Other,798,0.7970383167266846,0.7988505959510803,0.7174215912818909,0.7103106379508972,0.7368420958518982
Overall,799,0.6696102619171143,0.618261456489563,0.5999857783317566,0.5989210605621338,0.6385135054588318
Gender: Male,799,0.6408941745758057,0.6523809432983398,0.5525020360946655,0.531258761882782,0.7105263471603394
Gender: Female,799,0.6064056158065796,0.5625,0.5625120401382446,0.5624788999557495,0.5625
Age: <40,799,0.6053475737571716,0.5804511308670044,0.5572192668914795,0.5363293886184692,0.5853658318519592
Age: 40-50,799,0.8365801572799683,0.7828571200370789,0.7142857313156128,0.729468584060669,0.78125
Age: 50-65,799,0.6410803198814392,0.5932835936546326,0.5932835936546326,0.5932835936546326,0.6146788597106934
Race: White,799,0.590505838394165,0.5047619342803955,0.5041956305503845,0.5024117827415466,0.6000000238418579
Race: Black,799,0.3478260636329651,0.3492063581943512,0.3229813575744629,0.2633928656578064,0.2666666805744171
Race: Other,799,0.8004652261734009,0.7779070138931274,0.7470922470092773,0.7528910636901855,0.7698413133621216
Overall,800,0.615058422088623,0.5698138475418091,0.5529515743255615,0.5393877625465393,0.5878378748893738
Gender: Male,800,0.6035040616989136,0.6379948258399963,0.5502695441246033,0.5037952661514282,0.6306818127632141
Gender: Female,800,0.6017822027206421,0.5234375,0.523391842842102,0.5233781337738037,0.5250000357627869
Age: <40,800,0.5041145086288452,0.4893267750740051,0.4930232763290405,0.46710526943206787,0.5555555820465088
Age: 40-50,800,0.7124506235122681,0.5889830589294434,0.5415019989013672,0.5173817873001099,0.6567164063453674
Age: 50-65,800,0.6289618015289307,0.5860389471054077,0.5796447992324829,0.571011483669281,0.5785123705863953
Race: White,800,0.6029473543167114,0.47925883531570435,0.4842105209827423,0.4729127585887909,0.5724138021469116
Race: Black,800,0.020202022045850754,0.38461539149284363,0.1515151560306549,0.21739129722118378,0.2777777910232544
Race: Other,800,0.6981434226036072,0.6956075429916382,0.6525288224220276,0.6562939882278442,0.7043477892875671
Overall,801,0.7368072271347046,0.6924874186515808,0.6523398160934448,0.646060585975647,0.6746575236320496
Gender: Male,801,0.6713995933532715,0.6927592754364014,0.5665990710258484,0.5340502262115479,0.675000011920929
Gender: Female,801,0.7541211843490601,0.6760110259056091,0.6778500080108643,0.6737743616104126,0.6742424368858337
Age: <40,801,0.6692640781402588,0.6402515769004822,0.5965368151664734,0.557209312915802,0.5882353186607361
Age: 40-50,801,0.8547758460044861,0.8386727571487427,0.7884989976882935,0.7981366515159607,0.8153846263885498
Age: 50-65,801,0.7703818082809448,0.6813125610351562,0.6682146787643433,0.6722689270973206,0.7032967209815979
Race: White,801,0.7013888955116272,0.6106250286102295,0.5877976417541504,0.5874999761581421,0.6515151858329773
Race: Black,801,0.720588207244873,0.6428571343421936,0.7058823704719543,0.5138888955116272,0.523809552192688
Race: Other,801,0.7874636650085449,0.7580769062042236,0.7089041471481323,0.7015689611434937,0.7194244861602783
Overall,802,0.6243654489517212,0.6040772199630737,0.5787817239761353,0.5788428783416748,0.6632996201515198
Gender: Male,802,0.6267919540405273,0.5826186537742615,0.523809552192688,0.48711997270584106,0.6941176652908325
Gender: Female,802,0.6041339635848999,0.6060683727264404,0.6088435649871826,0.6068111658096313,0.6220472455024719
Age: <40,802,0.6283536553382874,0.6141666173934937,0.5835366249084473,0.5833333134651184,0.6694214344024658
Age: 40-50,802,0.656462550163269,0.6388888955116272,0.6041666865348816,0.6117647290229797,0.7272727489471436
Age: 50-65,802,0.5888696908950806,0.5643243193626404,0.5513373613357544,0.5460317730903625,0.6060606241226196
Race: White,802,0.5674242377281189,0.5137820243835449,0.5108585953712463,0.5085554122924805,0.6712328791618347
Race: Black,802,0.4802631437778473,0.4107142984867096,0.4177631735801697,0.3324176073074341,0.3333333432674408
Race: Other,802,0.7195499539375305,0.7096774578094482,0.6700422167778015,0.677478551864624,0.7258064150810242
Overall,803,0.5972413420677185,0.5649794936180115,0.5528364777565002,0.5346651077270508,0.5600000023841858
Gender: Male,803,0.6274310946464539,0.7342657446861267,0.5623202919960022,0.4761904776096344,0.5844155550003052
Gender: Female,803,0.5867117047309875,0.5343468189239502,0.5343468189239502,0.534246563911438,0.534246563911438
Age: <40,803,0.6293436288833618,0.6018800735473633,0.5860146284103394,0.5579436421394348,0.569343090057373
Age: 40-50,803,0.649350643157959,0.633838415145874,0.5860389471054077,0.5854591727256775,0.692307710647583
Age: 50-65,803,0.50041663646698,0.4580419659614563,0.4625000059604645,0.4462096095085144,0.4591836631298065
Race: White,803,0.5560910701751709,0.49400919675827026,0.494779109954834,0.4909090995788574,0.5625
Race: Black,803,0.4956521689891815,0.32967033982276917,0.365217387676239,0.2666666805744171,0.27272728085517883
Race: Other,803,0.6979472637176514,0.6713905334472656,0.6481986045837402,0.6187763810157776,0.6258993148803711
Overall,804,0.5709317326545715,0.5326929092407227,0.5219212174415588,0.5006905198097229,0.5773196220397949
Gender: Male,804,0.5414999723434448,0.6027077436447144,0.518333375453949,0.4431007206439972,0.6312500238418579
Gender: Female,804,0.5895134210586548,0.49963486194610596,0.49964573979377747,0.49856460094451904,0.5114504098892212
Age: <40,804,0.6188564300537109,0.5409836173057556,0.5229489207267761,0.48427248001098633,0.568493127822876
Age: 40-50,804,0.6585694551467896,0.5561594367027283,0.541835367679596,0.5377609133720398,0.6379310488700867
Age: 50-65,804,0.4493464231491089,0.514266312122345,0.5114378929138184,0.49992629885673523,0.5517241358757019
Race: White,804,0.5239695310592651,0.399020254611969,0.42842742800712585,0.4055953025817871,0.5319148898124695
Race: Black,804,0.24375000596046448,0.2291666567325592,0.3375000059604645,0.1979166716337204,0.2142857313156128
Race: Other,804,0.6961110830307007,0.7362573146820068,0.6683333516120911,0.6679368615150452,0.7131147384643555
Overall,805,0.6580072641372681,0.6054893732070923,0.5861735343933105,0.5776731967926025,0.6100000143051147
Gender: Male,805,0.6899657845497131,0.7797619104385376,0.5846694111824036,0.5402953028678894,0.6644737124443054
Gender: Female,805,0.620796799659729,0.5537281036376953,0.5537281036376953,0.5537281036376953,0.5540540814399719
Age: <40,805,0.6997621059417725,0.6777935028076172,0.6359506845474243,0.610805869102478,0.6323529481887817
Age: 40-50,805,0.8116531372070312,0.6775510311126709,0.6178861856460571,0.6253968477249146,0.7288135886192322
Age: 50-65,805,0.513264536857605,0.498251736164093,0.4983419179916382,0.4959999918937683,0.5142857432365417
Race: White,805,0.5755840539932251,0.49870800971984863,0.4988548159599304,0.4911525845527649,0.518796980381012
Race: Black,805,0.27941176295280457,0.2261904776096344,0.24632352590560913,0.19871795177459717,0.19999998807907104
Race: Other,805,0.8140350580215454,0.7968409061431885,0.7249742150306702,0.7331891059875488,0.7676056027412415
Overall,806,0.6918933987617493,0.6593749523162842,0.6180555820465088,0.6096938848495483,0.6530612111091614
Gender: Male,806,0.6880038976669312,0.7189542651176453,0.5496132969856262,0.4974724352359772,0.6666666865348816
Gender: Female,806,0.673019528388977,0.6377279758453369,0.6369689702987671,0.6360294222831726,0.6363636255264282
Age: <40,806,0.7295621633529663,0.6949760913848877,0.6420961022377014,0.6419098377227783,0.6938775181770325
Age: 40-50,806,0.8202478885650635,0.7714078426361084,0.6931818127632141,0.7083947062492371,0.7727273106575012
Age: 50-65,806,0.5341614484786987,0.5109648704528809,0.5093168020248413,0.47173911333084106,0.48148149251937866
Race: White,806,0.6101824045181274,0.5880952477455139,0.5609169006347656,0.5537436008453369,0.6412214040756226
Race: Black,806,0.3263888955116272,0.33441558480262756,0.3229166865348816,0.31561994552612305,0.3199999928474426
Race: Other,806,0.8023280501365662,0.777489185333252,0.7034920454025269,0.6965277791023254,0.7246376872062683
Overall,807,0.6480761766433716,0.6009923219680786,0.5854859352111816,0.581222414970398,0.6146179437637329
Gender: Male,807,0.6486772298812866,0.6765255331993103,0.5857142806053162,0.5669088363647461,0.6726190447807312
Gender: Female,807,0.5934388637542725,0.541270911693573,0.5412895679473877,0.5412496328353882,0.5413534045219421
Age: <40,807,0.66324782371521,0.6511092185974121,0.6280830502510071,0.6113360524177551,0.625
Age: 40-50,807,0.8479196429252625,0.7291666269302368,0.7209469079971313,0.7247170209884644,0.7758620381355286
Age: 50-65,807,0.5337114334106445,0.4745011031627655,0.47826087474823,0.4697795510292053,0.52173912525177
Race: White,807,0.5805041193962097,0.5089743733406067,0.5081018209457397,0.5057471394538879,0.5581395626068115
Race: Black,807,0.5416666865348816,0.4047619104385376,0.4270833432674408,0.37285903096199036,0.392857164144516
Race: Other,807,0.7513672113418579,0.7240896224975586,0.6875,0.68650221824646,0.7083333134651184
Overall,808,0.6703395843505859,0.6337209343910217,0.6116555333137512,0.6084883213043213,0.6411960124969482
Gender: Male,808,0.6432721614837646,0.6507400274276733,0.5716360807418823,0.5534899234771729,0.6745561957359314
Gender: Female,808,0.6162683963775635,0.5987371206283569,0.5988051891326904,0.5984617471694946,0.5984848737716675
Age: <40,808,0.6896474361419678,0.6399844288825989,0.6219484806060791,0.6218937635421753,0.6518518328666687
Age: 40-50,808,0.846666693687439,0.7538377046585083,0.7204761505126953,0.7292929291725159,0.7611939907073975
Age: 50-65,808,0.542553186416626,0.5432033538818359,0.5335515737533569,0.5117807984352112,0.5454545617103577
Race: White,808,0.6653428077697754,0.5679513216018677,0.5560200214385986,0.5568181872367859,0.6533333659172058
Race: Black,808,0.3333333134651184,0.3787878751754761,0.3095238208770752,0.27142858505249023,0.29411765933036804
Race: Other,808,0.6889482736587524,0.6929347515106201,0.6740195751190186,0.6641603708267212,0.6716417670249939
Overall,809,0.6579558849334717,0.6205776929855347,0.6042392253875732,0.6022406220436096,0.6323024034500122
Gender: Male,809,0.6722772121429443,0.6395604610443115,0.5754455327987671,0.567282497882843,0.6887417435646057
Gender: Female,809,0.5591903924942017,0.5724800825119019,0.5724800825119019,0.5714285969734192,0.5714285969734192
Age: <40,809,0.6771855354309082,0.6331034898757935,0.6234541535377502,0.6145021915435791,0.6204379796981812
Age: 40-50,809,0.7214699983596802,0.6888715028762817,0.6165376901626587,0.6216450333595276,0.7246376872062683
Age: 50-65,809,0.5448028445243835,0.5312899351119995,0.5292711853981018,0.5289408564567566,0.5764706134796143
Race: White,809,0.5596638917922974,0.4798969030380249,0.4836134612560272,0.47664836049079895,0.5748031735420227
Race: Black,809,0.3194444179534912,0.2539682686328888,0.2847222089767456,0.23510468006134033,0.23999999463558197
Race: Other,809,0.7852391004562378,0.7655971646308899,0.7478170394897461,0.7485100030899048,0.7553957104682922
Overall,810,0.6587619781494141,0.5707601308822632,0.5505917072296143,0.5318686962127686,0.5852842926979065
Gender: Male,810,0.6080803871154785,0.5331262946128845,0.5065627694129944,0.4326086938381195,0.6275861859321594
Gender: Female,810,0.6635183095932007,0.5475057363510132,0.5454545617103577,0.540494441986084,0.5454545617103577
Age: <40,810,0.7504830360412598,0.6467512845993042,0.5949275493621826,0.5418146848678589,0.5736433863639832
Age: 40-50,810,0.7566742897033691,0.6416666507720947,0.6296719908714294,0.6342675685882568,0.7125000357627869
Age: 50-65,810,0.4681174159049988,0.4311497211456299,0.4478744864463806,0.42500001192092896,0.4888888895511627
Race: White,810,0.5852713584899902,0.4855565130710602,0.4890180826187134,0.4747185707092285,0.550000011920929
Race: Black,810,0.25668448209762573,0.190476194024086,0.2566845118999481,0.1979166716337204,0.2142857313156128
Race: Other,810,0.8161487579345703,0.7586685419082642,0.6756120324134827,0.664433479309082,0.7022900581359863
Overall,811,0.5914109945297241,0.5530492663383484,0.5372288227081299,0.5203296542167664,0.5876289010047913
Gender: Male,811,0.6581306457519531,0.7394688725471497,0.5744060277938843,0.5215686559677124,0.6411764621734619
Gender: Female,811,0.52625572681427,0.49248865246772766,0.4924372434616089,0.4924280047416687,0.5123966932296753
Age: <40,811,0.5613526701927185,0.5222772359848022,0.5152173638343811,0.48262032866477966,0.5348837375640869
Age: 40-50,811,0.7414215803146362,0.8612288236618042,0.7089461088180542,0.7462121248245239,0.8507462739944458
Age: 50-65,811,0.5295169949531555,0.44253814220428467,0.45281752943992615,0.4345238208770752,0.4736842215061188
Race: White,811,0.5630143880844116,0.49646463990211487,0.4972994029521942,0.48547011613845825,0.565891444683075
Race: Black,811,0.40909093618392944,0.38999998569488525,0.40909090638160706,0.32777780294418335,0.3333333432674408
Race: Other,811,0.6948980093002319,0.6613461375236511,0.6070153117179871,0.6020857691764832,0.6744186282157898
Overall,812,0.6439359188079834,0.6173611283302307,0.5839160680770874,0.5635867118835449,0.6057692170143127
Gender: Male,812,0.670636773109436,0.7200665473937988,0.5936321020126343,0.5542483925819397,0.6451612710952759
Gender: Female,812,0.6097253561019897,0.5497368574142456,0.5476190447807312,0.5427516102790833,0.547619104385376
Age: <40,812,0.6429486870765686,0.6344298124313354,0.598237156867981,0.5671973824501038,0.594936728477478
Age: 40-50,812,0.703703761100769,0.6022727489471436,0.5722222328186035,0.5744756460189819,0.6984127163887024
Age: 50-65,812,0.6391304731369019,0.5764065980911255,0.5577294826507568,0.5304437875747681,0.5604395866394043
Race: White,812,0.6468254327774048,0.5551851987838745,0.5454822778701782,0.5461646914482117,0.6614173054695129
Race: Black,812,0.4404761791229248,0.3467741906642914,0.386904776096344,0.23823529481887817,0.2432432472705841
Race: Other,812,0.7211520671844482,0.712067723274231,0.6653825044631958,0.6335936188697815,0.6486486792564392
Overall,813,0.6587278842926025,0.6005050539970398,0.5775375366210938,0.5709323883056641,0.6232876777648926
Gender: Male,813,0.6570909023284912,0.7066666483879089,0.5563636422157288,0.5282050967216492,0.7125000357627869
Gender: Female,813,0.5268841981887817,0.5161290168762207,0.5160845518112183,0.5150401592254639,0.5151515007019043
Age: <40,813,0.6465517282485962,0.6034482717514038,0.5775862336158752,0.5494253039360046,0.5775862336158752
Age: 40-50,813,0.7709552049636841,0.7322443127632141,0.6593567132949829,0.679395854473114,0.800000011920929
Age: 50-65,813,0.5932203531265259,0.5158514380455017,0.5141242742538452,0.5095016956329346,0.5445544719696045
Race: White,813,0.5956632494926453,0.46388888359069824,0.4701530635356903,0.4640776515007019,0.5942029356956482
Race: Black,813,0.4920635223388672,0.3137255012989044,0.3492063581943512,0.29230770468711853,0.30434784293174744
Race: Other,813,0.7698227167129517,0.7568713426589966,0.7048740386962891,0.6927160620689392,0.7099236845970154
Overall,814,0.6107364892959595,0.5546743869781494,0.5403726696968079,0.516842246055603,0.5581395030021667
Gender: Male,814,0.6211384534835815,0.630024790763855,0.5374714136123657,0.4573988914489746,0.5773809552192688
Gender: Female,814,0.588994562625885,0.5323059558868408,0.5320425629615784,0.5316901206970215,0.5338345766067505
Age: <40,814,0.6241217851638794,0.5600070953369141,0.5394613742828369,0.4843486547470093,0.5190839767456055
Age: 40-50,814,0.8820512294769287,0.7819766998291016,0.7487179636955261,0.7601625919342041,0.7966101765632629
Age: 50-65,814,0.4668852686882019,0.442592591047287,0.45426231622695923,0.43327462673187256,0.477477490901947
Race: White,814,0.5658586025238037,0.5036284327507019,0.5030303001403809,0.49630916118621826,0.5586206912994385
Race: Black,814,0.4769230782985687,0.39444446563720703,0.42692306637763977,0.3611111044883728,0.3913043439388275
Race: Other,814,0.7053734064102173,0.6609748005867004,0.6105418801307678,0.5610561370849609,0.5864661931991577
Overall,815,0.6507633924484253,0.6009342670440674,0.5805521011352539,0.5719519257545471,0.6105610728263855
Gender: Male,815,0.6502118110656738,0.7211920619010925,0.5544151067733765,0.4991111159324646,0.6521739363670349
Gender: Female,815,0.6563430428504944,0.563380241394043,0.5634306073188782,0.5632936358451843,0.563380241394043
Age: <40,815,0.6719298362731934,0.6560521125793457,0.6111528873443604,0.5956533551216125,0.6377952694892883
Age: 40-50,815,0.7855029106140137,0.6456896662712097,0.625,0.6300395727157593,0.692307710647583
Age: 50-65,815,0.5220833420753479,0.5075757503509521,0.5066666603088379,0.4931034445762634,0.5102040767669678
Race: White,815,0.5574123859405518,0.4764309525489807,0.47735849022865295,0.4767729640007019,0.6170212626457214
Race: Black,815,0.5588235259056091,0.5317460298538208,0.5392156839370728,0.4692307710647583,0.47826087474823
Race: Other,815,0.7035864591598511,0.6930769681930542,0.6588607430458069,0.6171610355377197,0.6258993148803711
Overall,816,0.6211551427841187,0.563218355178833,0.5545992851257324,0.5502481460571289,0.5862069129943848
Gender: Male,816,0.6547101736068726,0.6415525078773499,0.5224637985229492,0.4387573301792145,0.6184210777282715
Gender: Female,816,0.5965509414672852,0.562703013420105,0.5616350769996643,0.550346851348877,0.5507246255874634
Age: <40,816,0.6950604915618896,0.6450358629226685,0.6222277879714966,0.6047059297561646,0.6190476417541504
Age: 40-50,816,0.7270833253860474,0.5666666626930237,0.5666666626930237,0.5666666626930237,0.692307710647583
Age: 50-65,816,0.5034825801849365,0.4623423218727112,0.4653399586677551,0.46135348081588745,0.5
Race: White,816,0.5457266569137573,0.47096773982048035,0.46857333183288574,0.46921849250793457,0.59375
Race: Black,816,0.35672515630722046,0.3611111044883728,0.3538011908531189,0.320561945438385,0.3214285969734192
Race: Other,816,0.7272523641586304,0.6689958572387695,0.6459870338439941,0.6251213550567627,0.6343283653259277
Overall,817,0.6554858684539795,0.6118318438529968,0.5965069532394409,0.5853078365325928,0.6020066738128662
Gender: Male,817,0.6004378795623779,0.5797574520111084,0.5311986804008484,0.47591501474380493,0.59333336353302
Gender: Female,817,0.6641790866851807,0.6086132526397705,0.6094830632209778,0.6086050271987915,0.6107382774353027
Age: <40,817,0.6874854564666748,0.6119003295898438,0.5969352126121521,0.5677193403244019,0.575757622718811
Age: 40-50,817,0.8179271817207336,0.75,0.7366946935653687,0.7428982257843018,0.8307692408561707
Age: 50-65,817,0.5309561491012573,0.5052419304847717,0.505094051361084,0.4894108772277832,0.4901961088180542
Race: White,817,0.5820019245147705,0.5321838855743408,0.5296052694320679,0.5269391536712646,0.5530303120613098
Race: Black,817,0.3142856955528259,0.30882352590560913,0.2678571343421936,0.25,0.25925925374031067
Race: Other,817,0.7985303401947021,0.7626301050186157,0.7111655473709106,0.6985357403755188,0.7142857313156128
Overall,818,0.709705114364624,0.6350024938583374,0.6037808656692505,0.5872825384140015,0.6176470518112183
Gender: Male,818,0.6860632300376892,0.6195499300956726,0.5488505959510803,0.5223657488822937,0.6704545617103577
Gender: Female,818,0.623964786529541,0.5553575754165649,0.5603002309799194,0.5400300025939941,0.5461538434028625
Age: <40,818,0.7809573411941528,0.710597813129425,0.6612902879714966,0.6402320861816406,0.6612902879714966
Age: 40-50,818,0.7831110954284668,0.6736111044883728,0.6333333253860474,0.6378418207168579,0.699999988079071
Age: 50-65,818,0.5767145156860352,0.5272799730300903,0.5218501091003418,0.4946523904800415,0.5178571939468384
Race: White,818,0.6642374992370605,0.5317933559417725,0.52275151014328,0.5100105404853821,0.5935483574867249
Race: Black,818,0.0,0.5,0.15909090638160706,0.24137930572032928,0.3181818127632141
Race: Other,818,0.7723557949066162,0.7324786186218262,0.6961538791656494,0.6848731637001038,0.6976743936538696
Overall,819,0.6951881647109985,0.6329606771469116,0.6112055778503418,0.611483097076416,0.6543624401092529
Gender: Male,819,0.6756657361984253,0.6307847499847412,0.5480769276618958,0.5195860862731934,0.6794871687889099
Gender: Female,819,0.6947052478790283,0.6251987218856812,0.6258741617202759,0.6252551674842834,0.6267605423927307
Age: <40,819,0.7300387620925903,0.6690157651901245,0.6469267010688782,0.6481361985206604,0.6760563254356384
Age: 40-50,819,0.7892856597900391,0.7525510191917419,0.6767857074737549,0.6884576082229614,0.7540982961654663
Age: 50-65,819,0.5736253261566162,0.5125272274017334,0.5107176303863525,0.5052083730697632,0.557894766330719
Race: White,819,0.6043121814727783,0.5346890091896057,0.5352262258529663,0.5349152684211731,0.6111111640930176
Race: Black,819,0.34558823704719543,0.32499998807907104,0.37132352590560913,0.26948052644729614,0.2800000011920929
Race: Other,819,0.8335223197937012,0.7841880321502686,0.726190447807312,0.7297794222831726,0.7551020383834839
Overall,820,0.7344740033149719,0.6953532695770264,0.6524161696434021,0.650935173034668,0.6879194378852844
Gender: Male,820,0.6919026374816895,0.6604320406913757,0.55528324842453,0.5305117964744568,0.698113203048706
Gender: Female,820,0.7203742265701294,0.6808688640594482,0.6800415515899658,0.6761919260025024,0.6762589812278748
Age: <40,820,0.7521200180053711,0.7201747298240662,0.6753641963005066,0.6679069995880127,0.6911764740943909
Age: 40-50,820,0.7650085687637329,0.6526369452476501,0.6290737390518188,0.6361746191978455,0.7200000286102295
Age: 50-65,820,0.695212721824646,0.6790210008621216,0.6361702084541321,0.6241359710693359,0.6551724076271057
Race: White,820,0.6433670520782471,0.5847744345664978,0.5670731663703918,0.5669368505477905,0.6504064798355103
Race: Black,820,0.4523809552192688,0.40109890699386597,0.3928571343421936,0.34837090969085693,0.3499999940395355
Race: Other,820,0.827899158000946,0.8064826726913452,0.7407562732696533,0.7403684854507446,0.7612903118133545
Overall,821,0.6056808233261108,0.5589050054550171,0.5434419512748718,0.5278946161270142,0.5824915766716003
Gender: Male,821,0.5497256517410278,0.5278781652450562,0.5092592239379883,0.46373191475868225,0.6481481790542603
Gender: Female,821,0.5745149850845337,0.5091093182563782,0.5089285969734192,0.5027214288711548,0.5037037134170532
Age: <40,821,0.642722487449646,0.6333333253860474,0.5995475053787231,0.5818330645561218,0.6164383292198181
Age: 40-50,821,0.6786469221115112,0.5363636612892151,0.5211416482925415,0.5025510191917419,0.6307692527770996
Age: 50-65,821,0.47999995946884155,0.44086021184921265,0.4511111080646515,0.43690478801727295,0.4883720874786377
Race: White,821,0.5290423631668091,0.463096559047699,0.4701727032661438,0.4605834484100342,0.550000011920929
Race: Black,821,0.16923075914382935,0.06666667014360428,0.20000000298023224,0.10000000149011612,0.1111111119389534
Race: Other,821,0.7527083158493042,0.7146941423416138,0.6564583778381348,0.6437318325042725,0.6762589812278748
Overall,822,0.655154824256897,0.6158233880996704,0.5867103338241577,0.574404239654541,0.6182432770729065
Gender: Male,822,0.6403061151504517,0.5822147727012634,0.5249999761581421,0.4779990613460541,0.6521739363670349
Gender: Female,822,0.6060539484024048,0.5833333730697632,0.5828546285629272,0.5776851177215576,0.5777777433395386
Age: <40,822,0.7314618825912476,0.6691919565200806,0.6330773234367371,0.6180124282836914,0.642276406288147
Age: 40-50,822,0.709795355796814,0.6666666865348816,0.6381579041481018,0.6464285850524902,0.7283950448036194
Age: 50-65,822,0.5269376039505005,0.4845741093158722,0.489130437374115,0.44839903712272644,0.489130437374115
Race: White,822,0.6045584678649902,0.5406014919281006,0.5307692289352417,0.522765040397644,0.6016259789466858
Race: Black,822,0.2461538314819336,0.37662339210510254,0.35384616255760193,0.32499998807907104,0.3333333432674408
Race: Other,822,0.7219986915588379,0.6961749792098999,0.6436116695404053,0.6305463910102844,0.6645160913467407
Overall,823,0.5970860123634338,0.5643939971923828,0.5496170520782471,0.535456657409668,0.5796610116958618
Gender: Male,823,0.5859763622283936,0.5673424005508423,0.5232431292533875,0.46231508255004883,0.5950919985771179
Gender: Female,823,0.6103687286376953,0.5583333373069763,0.5580645203590393,0.5580697059631348,0.560606062412262
Age: <40,823,0.5901675224304199,0.5739763975143433,0.5525793433189392,0.5267166495323181,0.5703703761100769
Age: 40-50,823,0.7058404684066772,0.609649121761322,0.5979344844818115,0.6006366014480591,0.6582278609275818
Age: 50-65,823,0.5115995407104492,0.5127118825912476,0.5100732445716858,0.48725855350494385,0.5185185074806213
Race: White,823,0.5915151238441467,0.5463361740112305,0.5390908718109131,0.5360623598098755,0.5966386795043945
Race: Black,823,0.15226337313652039,0.25,0.20370370149612427,0.18881119787693024,0.1944444477558136
Race: Other,823,0.6776703000068665,0.6689848899841309,0.6200588941574097,0.6129183769226074,0.6642857193946838
Overall,824,0.638635516166687,0.6149259805679321,0.569681704044342,0.5555365085601807,0.6452702879905701
Gender: Male,824,0.6263687014579773,0.530246913433075,0.5073496103286743,0.4470618963241577,0.645348846912384
Gender: Female,824,0.6670210361480713,0.6362033486366272,0.6231729984283447,0.6231002807617188,0.6451612710952759
Age: <40,824,0.6680871248245239,0.6398809552192688,0.5890151262283325,0.5844444036483765,0.6764705777168274
Age: 40-50,824,0.7219858169555664,0.7662338018417358,0.6453900933265686,0.6684492230415344,0.8064515590667725
Age: 50-65,824,0.5680966377258301,0.5,0.5,0.45201414823532104,0.5
Race: White,824,0.5721039772033691,0.4583333432674408,0.4774339199066162,0.4479601979255676,0.6095890402793884
Race: Black,824,0.4055555462837219,0.5107142925262451,0.5083333253860474,0.4630681872367859,0.48148149251937866
Race: Other,824,0.7876712083816528,0.7651515007019043,0.6726027131080627,0.6714330911636353,0.7235772013664246
Overall,825,0.643162727355957,0.6371371746063232,0.5993255972862244,0.5893814563751221,0.6397306323051453
Gender: Male,825,0.6250149011611938,0.6976743936538696,0.564800500869751,0.521591067314148,0.6542552709579468
Gender: Female,825,0.642375111579895,0.61386638879776,0.61386638879776,0.61386638879776,0.6146788597106934
Age: <40,825,0.6478244066238403,0.6620321273803711,0.61771559715271,0.601702094078064,0.6388888955116272
Age: 40-50,825,0.7272727489471436,0.647773265838623,0.6354359984397888,0.6399420499801636,0.7042253613471985
Age: 50-65,825,0.560360312461853,0.5910447835922241,0.5549549460411072,0.5212912559509277,0.5853658318519592
Race: White,825,0.5772919058799744,0.5146464705467224,0.5111238956451416,0.5059709548950195,0.6339285969734192
Race: Black,825,0.3809523582458496,0.2961956560611725,0.3214285671710968,0.2549634277820587,0.25806450843811035
Race: Other,825,0.7534363269805908,0.7704174518585205,0.7022738456726074,0.6947120428085327,0.7207792401313782
Overall,826,0.6398314237594604,0.5870495438575745,0.5685739517211914,0.5558558106422424,0.5927152037620544
Gender: Male,826,0.6538811326026917,0.6178691387176514,0.5426015853881836,0.48896631598472595,0.6121211647987366
Gender: Female,826,0.6238806247711182,0.5689212083816528,0.5686567425727844,0.568515419960022,0.569343090057373
Age: <40,826,0.6737967729568481,0.6310467720031738,0.5883690118789673,0.5674523115158081,0.6178861856460571
Age: 40-50,826,0.740514874458313,0.6499999761581421,0.6229674816131592,0.6127873659133911,0.6363636255264282
Age: 50-65,826,0.5188087821006775,0.5044642686843872,0.5039185285568237,0.49671053886413574,0.529411792755127
Race: White,826,0.6193939447402954,0.5324675440788269,0.5252525210380554,0.5166666507720947,0.5862069129943848
Race: Black,826,0.42777779698371887,0.43157896399497986,0.42777779698371887,0.37857145071029663,0.37931033968925476
Race: Other,826,0.6705882549285889,0.6689708232879639,0.6348038911819458,0.6234063506126404,0.6484375
Overall,827,0.6949086785316467,0.6677000522613525,0.6324812173843384,0.627656102180481,0.6623376607894897
Gender: Male,827,0.6295439004898071,0.6709129810333252,0.5767188668251038,0.5553832650184631,0.6741573214530945
Gender: Female,827,0.7369544506072998,0.648809552192688,0.6482447385787964,0.6460700631141663,0.6461538672447205
Age: <40,827,0.7053977251052856,0.704369306564331,0.6647727489471436,0.6574242115020752,0.680672287940979
Age: 40-50,827,0.8457602262496948,0.7821428775787354,0.7598683834075928,0.7692307829856873,0.8148148059844971
Age: 50-65,827,0.5637860298156738,0.5370370149612427,0.5277777910232544,0.4962962865829468,0.5277777910232544
Race: White,827,0.6090112924575806,0.5624400973320007,0.5489361882209778,0.5450785756111145,0.6212121248245239
Race: Black,827,0.25833332538604736,0.43382352590560913,0.38749998807907104,0.34090909361839294,0.37931033968925476
Race: Other,827,0.8087286353111267,0.783437967300415,0.7227703928947449,0.7272164821624756,0.7551020383834839
Overall,828,0.6144952774047852,0.5585222244262695,0.5448277592658997,0.5345768928527832,0.5919732451438904
Gender: Male,828,0.6480582356452942,0.680672287940979,0.5587075352668762,0.5149238705635071,0.6526946425437927
Gender: Female,828,0.5707602500915527,0.50801020860672,0.508070170879364,0.5079216957092285,0.5151515007019043
Age: <40,828,0.6402051448822021,0.5904762148857117,0.5682051181793213,0.5488888621330261,0.5857142806053162
Age: 40-50,828,0.7102272510528564,0.7707070708274841,0.6522727012634277,0.6656217575073242,0.765625
Age: 50-65,828,0.5131826400756836,0.4258098006248474,0.43314501643180847,0.42707690596580505,0.4842105507850647
Race: White,828,0.523809552192688,0.46680670976638794,0.4703007638454437,0.4671369194984436,0.569343090057373
Race: Black,828,0.380952388048172,0.2866666615009308,0.34761905670166016,0.24550265073776245,0.25806450843811035
Race: Other,828,0.7432687282562256,0.7239583730697632,0.667572021484375,0.6614987254142761,0.694656491279602
Overall,829,0.6177102327346802,0.575677752494812,0.5551207065582275,0.5473799109458923,0.6228373646736145
Gender: Male,829,0.5962389707565308,0.5186403393745422,0.5047013163566589,0.4564051628112793,0.6832298040390015
Gender: Female,829,0.5409313440322876,0.5430430173873901,0.5421568751335144,0.5413886904716492,0.546875
Age: <40,829,0.6902399063110352,0.6508573293685913,0.6127998232841492,0.6145399808883667,0.682758629322052
Age: 40-50,829,0.7416267395019531,0.6764706373214722,0.5968899726867676,0.5868067741394043,0.6833333969116211
Age: 50-65,829,0.4176470637321472,0.41055721044540405,0.4282352924346924,0.4107142984867096,0.4761904776096344
Race: White,829,0.4831118583679199,0.4322162866592407,0.45071983337402344,0.4329024851322174,0.5511810779571533
Race: Black,829,0.34375,0.2310924530029297,0.25,0.20695652067661285,0.2083333432674408
Race: Other,829,0.7929373979568481,0.7629629373550415,0.6953680515289307,0.7073829174041748,0.760869562625885
Overall,830,0.6799871921539307,0.6343772411346436,0.6030781865119934,0.589252233505249,0.6228955984115601
Gender: Male,830,0.6610311269760132,0.7057077884674072,0.5754101276397705,0.5482752919197083,0.6832298040390015
Gender: Female,830,0.6275420188903809,0.5596721172332764,0.5603448152542114,0.5512522459030151,0.5514705777168274
Age: <40,830,0.6808712482452393,0.6713895797729492,0.6188446879386902,0.5898525714874268,0.6230769157409668
Age: 40-50,830,0.8600386381149292,0.8057597875595093,0.7408300638198853,0.7450980544090271,0.7692307829856873
Age: 50-65,830,0.5666143894195557,0.5013889074325562,0.5011755228042603,0.4910603165626526,0.529411792755127
Race: White,830,0.6074134111404419,0.5543859601020813,0.5419372320175171,0.5341383218765259,0.6000000238418579
Race: Black,830,0.22058823704719543,0.2291666716337204,0.2132352888584137,0.19871795177459717,0.19999998807907104
Race: Other,830,0.7928094863891602,0.7732186317443848,0.7060785889625549,0.6926523447036743,0.714285671710968
Overall,831,0.6086999177932739,0.5571749210357666,0.5415966510772705,0.5269788503646851,0.5882353186607361
Gender: Male,831,0.6812596321105957,0.7034671306610107,0.5642281174659729,0.5236573219299316,0.6644295454025269
Gender: Female,831,0.5221604108810425,0.4954780340194702,0.49567097425460815,0.49347174167633057,0.5071428418159485
Age: <40,831,0.6625714302062988,0.6022913455963135,0.5714285373687744,0.5571245551109314,0.6166666746139526
Age: 40-50,831,0.662857174873352,0.6477272510528564,0.5928571224212646,0.5965908765792847,0.7183098196983337
Age: 50-65,831,0.4925000071525574,0.4460269808769226,0.45500001311302185,0.4331550896167755,0.4591836631298065
Race: White,831,0.49024391174316406,0.3952505886554718,0.42028823494911194,0.3973607122898102,0.47445255517959595
Race: Black,831,0.3374999761581421,0.3571428656578064,0.32499998807907104,0.2791762053966522,0.2857142984867096
Race: Other,831,0.7683233022689819,0.7752747535705566,0.6886295080184937,0.6986774206161499,0.7557252049446106
Overall,832,0.6146266460418701,0.5510544776916504,0.5424340963363647,0.5393393635749817,0.6033897995948792
Gender: Male,832,0.6534042358398438,0.6321429014205933,0.5275532007217407,0.4782407283782959,0.6870748400688171
Gender: Female,832,0.5586960315704346,0.5155677795410156,0.5160166025161743,0.5138561129570007,0.5202702879905701
Age: <40,832,0.684684693813324,0.6386778354644775,0.6027590036392212,0.5986841917037964,0.6557376384735107
Age: 40-50,832,0.6102757453918457,0.5134615302085876,0.5109648704528809,0.5064890384674072,0.6000000238418579
Age: 50-65,832,0.5172990560531616,0.4859731197357178,0.4866071343421936,0.48567354679107666,0.5340909361839294
Race: White,832,0.5553935766220093,0.4487612545490265,0.44693878293037415,0.4477376937866211,0.5639097690582275
Race: Black,832,0.2909091114997864,0.34188035130500793,0.33181819319725037,0.31974923610687256,0.32258063554763794
Race: Other,832,0.6995645761489868,0.7350427508354187,0.6596516370773315,0.658104419708252,0.7099236845970154
Overall,833,0.6391366720199585,0.5929229259490967,0.5727673768997192,0.5579067468643188,0.5919732451438904
Gender: Male,833,0.664511501789093,0.7054580450057983,0.594648003578186,0.575757622718811,0.6818181872367859
Gender: Female,833,0.5636746883392334,0.5044117569923401,0.5043152570724487,0.49568819999694824,0.4965517222881317
Age: <40,833,0.6828747987747192,0.6571383476257324,0.6193073987960815,0.5871474146842957,0.607692301273346
Age: 40-50,833,0.7240461111068726,0.6350877285003662,0.6024844646453857,0.6067527532577515,0.694444477558136
Age: 50-65,833,0.5490196347236633,0.4833821952342987,0.4855072498321533,0.472416490316391,0.49484533071517944
Race: White,833,0.5433646440505981,0.4585876166820526,0.4702194333076477,0.44961240887641907,0.5352112650871277
Race: Black,833,0.0833333283662796,0.25,0.125,0.1666666716337204,0.20000001788139343
Race: Other,833,0.7511904239654541,0.7247619032859802,0.6873015761375427,0.6756644248962402,0.6901408433914185
Overall,834,0.6611477136611938,0.5954768657684326,0.5837118625640869,0.5828303098678589,0.6198630332946777
Gender: Male,834,0.6890990138053894,0.656862735748291,0.5593251585960388,0.5212658047676086,0.6490066051483154
Gender: Female,834,0.6812732219696045,0.5916599035263062,0.5940471291542053,0.5869697332382202,0.588652491569519
Age: <40,834,0.6372548937797546,0.5848153233528137,0.5759803652763367,0.5695158243179321,0.5859375
Age: 40-50,834,0.7332775592803955,0.6416666507720947,0.6066053509712219,0.6123120188713074,0.7066667079925537
Age: 50-65,834,0.6342246532440186,0.5638418197631836,0.5604277849197388,0.5608552694320679,0.5955055952072144
Race: White,834,0.5773358345031738,0.482051283121109,0.4801136255264282,0.47983869910240173,0.5813953280448914
Race: Black,834,0.3684210479259491,0.28708136081695557,0.28708136081695557,0.2666666805744171,0.2666666805744171
Race: Other,834,0.8070135712623596,0.7842105627059937,0.7321267127990723,0.7227351069450378,0.7368420958518982
Overall,835,0.6599099040031433,0.5731807351112366,0.562412440776825,0.5614241361618042,0.61774742603302
Gender: Male,835,0.6017267107963562,0.5820024609565735,0.5250563025474548,0.49015116691589355,0.6918238997459412
Gender: Female,835,0.6653153300285339,0.5314381122589111,0.5317567586898804,0.529195249080658,0.5298507213592529
Age: <40,835,0.6980295181274414,0.6351195573806763,0.615517258644104,0.6099331974983215,0.6328125
Age: 40-50,835,0.6935672760009766,0.5714285969734192,0.5473684072494507,0.550000011920929,0.75
Age: 50-65,835,0.523645281791687,0.4513319730758667,0.45320194959640503,0.4517747461795807,0.49462366104125977
Race: White,835,0.6355400681495667,0.5104723572731018,0.5109175443649292,0.5104290843009949,0.5958904027938843
Race: Black,835,0.1111111044883728,0.2132352888584137,0.28333333134651184,0.18306636810302734,0.190476194024086
Race: Other,835,0.7970373630523682,0.7260638475418091,0.6767151951789856,0.6785714626312256,0.7142857313156128
Overall,836,0.6093044281005859,0.5684808492660522,0.5580147504806519,0.550702691078186,0.5824915766716003
Gender: Male,836,0.6477499008178711,0.7046874761581421,0.5782556533813477,0.5290498733520508,0.6293706297874451
Gender: Female,836,0.5880643129348755,0.5360223054885864,0.5364227294921875,0.5356521010398865,0.5389610528945923
Age: <40,836,0.5974205732345581,0.585597813129425,0.574999988079071,0.5628078579902649,0.577464759349823
Age: 40-50,836,0.75,0.6225490570068359,0.5972222089767456,0.6017156839370728,0.692307710647583
Age: 50-65,836,0.5334999561309814,0.48847925662994385,0.49000000953674316,0.480042040348053,0.5111111402511597
Race: White,836,0.47113096714019775,0.3947030305862427,0.40238094329833984,0.39791905879974365,0.49193546175956726
Race: Black,836,0.5944055914878845,0.4981481432914734,0.4982517659664154,0.40497076511383057,0.4054054021835327
Race: Other,836,0.7348090410232544,0.7340584993362427,0.703125,0.6995751857757568,0.7132353186607361
Overall,837,0.6723848581314087,0.6179251074790955,0.590714156627655,0.5833333134651184,0.6296296119689941
Gender: Male,837,0.6253954172134399,0.54347825050354,0.5140926241874695,0.4654545187950134,0.6399999856948853
Gender: Female,837,0.6984126567840576,0.6150537729263306,0.6151466369628906,0.6147282123565674,0.6147540807723999
Age: <40,837,0.60758376121521,0.5430418252944946,0.5345017910003662,0.5254419445991516,0.5766423344612122
Age: 40-50,837,0.8704545497894287,0.75,0.718181848526001,0.729468584060669,0.78125
Age: 50-65,837,0.6440972089767456,0.6474201679229736,0.6041666865348816,0.5728337168693542,0.6041666865348816
Race: White,837,0.5905349850654602,0.5305049419403076,0.525573194026947,0.522765040397644,0.6016259789466858
Race: Black,837,0.36134451627731323,0.34375,0.33193278312683105,0.2904347777366638,0.2916666865348816
Race: Other,837,0.7739366292953491,0.739130437374115,0.6742081642150879,0.6699999570846558,0.7066667079925537
Overall,838,0.701194703578949,0.6587643623352051,0.6150103807449341,0.6066150665283203,0.6544850468635559
Gender: Male,838,0.7301455736160278,0.778124988079071,0.5986832976341248,0.5750535130500793,0.698863685131073
Gender: Female,838,0.6538658142089844,0.5935534238815308,0.5913978815078735,0.5893719792366028,0.5920000076293945
Age: <40,838,0.7336235046386719,0.6740654110908508,0.6235489249229431,0.5999661684036255,0.633093535900116
Age: 40-50,838,0.7316384315490723,0.7080223560333252,0.657485842704773,0.670634925365448,0.759036123752594
Age: 50-65,838,0.606589138507843,0.5788177251815796,0.5620155334472656,0.5471599698066711,0.5822784900665283
Race: White,838,0.64949631690979,0.5348623991012573,0.526098906993866,0.5188461542129517,0.6115108132362366
Race: Black,838,0.6074073910713196,0.6388888955116272,0.6111111044883728,0.5343915224075317,0.5416666865348816
Race: Other,838,0.7649915218353271,0.7727272510528564,0.6995354890823364,0.6900305151939392,0.717391312122345
Overall,839,0.684587836265564,0.6025243997573853,0.5834059715270996,0.5824540853500366,0.6397306323051453
Gender: Male,839,0.7365137338638306,0.6277778148651123,0.5316513776779175,0.49015116691589355,0.6918238997459412
Gender: Female,839,0.6093251705169678,0.5780954360961914,0.5790929794311523,0.5774915218353271,0.5797101259231567
Age: <40,839,0.7145693302154541,0.7041549682617188,0.662199079990387,0.6658549904823303,0.7076923251152039
Age: 40-50,839,0.7317308187484741,0.6379310488700867,0.607692301273346,0.614973247051239,0.7222222089767456
Age: 50-65,839,0.5813636779785156,0.445141077041626,0.4522727131843567,0.4424481987953186,0.4842105507850647
Race: White,839,0.6414141654968262,0.48389720916748047,0.4861111044883728,0.4833020567893982,0.6222221851348877
Race: Black,839,0.3642857074737549,0.2899159789085388,0.3214285671710968,0.28042328357696533,0.2916666865348816
Race: Other,839,0.7787950038909912,0.7344387769699097,0.6956567764282227,0.6955021619796753,0.717391312122345
Overall,840,0.6728110313415527,0.6545430421829224,0.6129992008209229,0.6042729616165161,0.6506849527359009
Gender: Male,840,0.6307035684585571,0.6237373352050781,0.5487562417984009,0.5077901482582092,0.6337209343910217
Gender: Female,840,0.7507658004760742,0.6757142543792725,0.6712614893913269,0.6711404323577881,0.675000011920929
Age: <40,840,0.5941330194473267,0.6240601539611816,0.5795660018920898,0.5553151369094849,0.6126760244369507
Age: 40-50,840,0.7689969539642334,0.7172619104385376,0.6479229927062988,0.6598999500274658,0.75
Age: 50-65,840,0.7428570985794067,0.6448412537574768,0.6303571462631226,0.623161792755127,0.6341463327407837
Race: White,840,0.6555147171020508,0.5629629492759705,0.5562499761581421,0.5580629706382751,0.6666666865348816
Race: Black,840,0.736842155456543,0.5984848737716675,0.5760233998298645,0.4580644965171814,0.4642857313156128
Race: Other,840,0.7245464324951172,0.7366071343421936,0.6716956496238708,0.6487455368041992,0.6734693646430969
Overall,841,0.6352896690368652,0.5852383375167847,0.5677266120910645,0.5613420605659485,0.6107382774353027
Gender: Male,841,0.5677847862243652,0.4977477788925171,0.4993011951446533,0.44643282890319824,0.637499988079071
Gender: Female,841,0.6346436738967896,0.5791359543800354,0.5789363384246826,0.5789141654968262,0.5797101259231567
Age: <40,841,0.5736019611358643,0.5682870149612427,0.5485197305679321,0.5244565010070801,0.5714285969734192
Age: 40-50,841,0.6940222978591919,0.6953747868537903,0.6241135001182556,0.6322115659713745,0.7352941036224365
Age: 50-65,841,0.6754114627838135,0.5567227005958557,0.5555555820465088,0.5558441281318665,0.5777778029441833
Race: White,841,0.5922601222991943,0.5024038553237915,0.5021672248840332,0.5008116960525513,0.5934959053993225
Race: Black,841,0.31578946113586426,0.4196428656578064,0.3815789520740509,0.29230770468711853,0.30434784293174744
Race: Other,841,0.6844815015792847,0.675438642501831,0.6349431872367859,0.6311396360397339,0.6710526347160339
Overall,842,0.6523313522338867,0.6072577238082886,0.5893601179122925,0.590772271156311,0.6531986594200134
Gender: Male,842,0.6529674530029297,0.6866174936294556,0.5763524174690247,0.5559197664260864,0.6885245442390442
Gender: Female,842,0.6772469282150269,0.5964912176132202,0.6047444343566895,0.5883830785751343,0.5964912176132202
Age: <40,842,0.6327484846115112,0.6201474666595459,0.5953216552734375,0.5934042930603027,0.6462584733963013
Age: 40-50,842,0.8642857074737549,0.6797040104866028,0.6517857313156128,0.6616867184638977,0.7592592835426331
Age: 50-65,842,0.5664136409759521,0.5525209903717041,0.5474383234977722,0.5473945140838623,0.6041666865348816
Race: White,842,0.5354938507080078,0.47704771161079407,0.4803240895271301,0.4775717258453369,0.6666666269302368
Race: Black,842,0.37012988328933716,0.30000001192092896,0.30519479513168335,0.3021346628665924,0.3199999928474426
Race: Other,842,0.7303308844566345,0.7127039432525635,0.6677389740943909,0.6661688089370728,0.6979866027832031
Overall,843,0.6994507312774658,0.624224841594696,0.6025069355964661,0.6011615991592407,0.644295334815979
Gender: Male,843,0.714876651763916,0.6810314655303955,0.5785199999809265,0.5570312738418579,0.6785714626312256
Gender: Female,843,0.6841474771499634,0.5977230072021484,0.5986590385437012,0.5976190567016602,0.6000000238418579
Age: <40,843,0.7692307233810425,0.701298713684082,0.6847237348556519,0.690315306186676,0.7272726893424988
Age: 40-50,843,0.6282875537872314,0.5023809671401978,0.5017533898353577,0.49200063943862915,0.6022727489471436
Age: 50-65,843,0.6734694242477417,0.6119047403335571,0.5940375924110413,0.5746446847915649,0.5899999737739563
Race: White,843,0.6704148054122925,0.5485395193099976,0.5423538088798523,0.541622519493103,0.6090225577354431
Race: Black,843,0.5072115659713745,0.4749999940395355,0.47836539149284363,0.42334097623825073,0.4285714328289032
Race: Other,843,0.7995520830154419,0.7565656900405884,0.7133258581161499,0.722138524055481,0.7560975551605225
Overall,844,0.6593688130378723,0.6264104843139648,0.5992177724838257,0.5887469053268433,0.6233333349227905
Gender: Male,844,0.5418630838394165,0.510869562625885,0.5020202398300171,0.4400595724582672,0.6736111044883728
Gender: Female,844,0.6287103891372681,0.5817791819572449,0.5830957889556885,0.576296329498291,0.5769230723381042
Age: <40,844,0.644577145576477,0.6419225931167603,0.6057711839675903,0.5869424939155579,0.6197183132171631
Age: 40-50,844,0.7600733041763306,0.7056737542152405,0.6858974695205688,0.6911307573318481,0.7205882668495178
Age: 50-65,844,0.6202090978622437,0.5444516539573669,0.5340965390205383,0.5150861740112305,0.5555555820465088
Race: White,844,0.6343578100204468,0.555703341960907,0.5439978837966919,0.5390377640724182,0.609375
Race: Black,844,0.2430555522441864,0.22180451452732086,0.2430555522441864,0.19111111760139465,0.19230769574642181
Race: Other,844,0.7485413551330566,0.7479674816131592,0.7009222507476807,0.6937062740325928,0.7123287916183472
Overall,845,0.6664894819259644,0.6361607313156128,0.6080842018127441,0.6026430130004883,0.6414473652839661
Gender: Male,845,0.695632815361023,0.7664473652839661,0.596256673336029,0.5644325017929077,0.6785714626312256
Gender: Female,845,0.6325287818908691,0.59375,0.5939334630966187,0.5938093662261963,0.5955882668495178
Age: <40,845,0.7364605665206909,0.7137624025344849,0.6742004156112671,0.6615004539489746,0.6788321137428284
Age: 40-50,845,0.5807453393936157,0.6859375238418579,0.592391312122345,0.5751196146011353,0.6756756901741028
Age: 50-65,845,0.6081754565238953,0.5161290168762207,0.5154536366462708,0.5151938796043396,0.5591397881507874
Race: White,845,0.658730149269104,0.5529412031173706,0.5428571701049805,0.5416666865348816,0.6363636255264282
Race: Black,845,0.4300000071525574,0.4632352888584137,0.45000001788139343,0.350649356842041,0.35999998450279236
Race: Other,845,0.7276118993759155,0.7142857313156128,0.6763059496879578,0.6719563603401184,0.6938775181770325
Overall,846,0.6140589714050293,0.546875,0.5370370149612427,0.5322033762931824,0.6088435053825378
Gender: Male,846,0.6456937789916992,0.6527131795883179,0.547129213809967,0.5173611044883728,0.6978417634963989
Gender: Female,846,0.5657480955123901,0.5052631497383118,0.5052319765090942,0.505225419998169,0.5290322303771973
Age: <40,846,0.6332581043243408,0.5908695459365845,0.5590062141418457,0.5467944145202637,0.6341463327407837
Age: 40-50,846,0.7075098752975464,0.6333333253860474,0.6138339638710022,0.6195122003555298,0.7051281929016113
Age: 50-65,846,0.5214425325393677,0.4442349076271057,0.4495614171028137,0.44424664974212646,0.49462366104125977
Race: White,846,0.5797131061553955,0.510338306427002,0.508890688419342,0.5062327980995178,0.59333336353302
Race: Black,846,0.3333333134651184,0.36666667461395264,0.36666667461395264,0.3636363744735718,0.3636363744735718
Race: Other,846,0.7019230723381042,0.6404545307159424,0.5900349617004395,0.5846101641654968,0.6721311211585999
Overall,847,0.6461163759231567,0.6008470058441162,0.5763052105903625,0.5590306520462036,0.5960912108421326
Gender: Male,847,0.6964582204818726,0.7612981796264648,0.6101521253585815,0.5689062476158142,0.6516854166984558
Gender: Female,847,0.5642753839492798,0.517123281955719,0.5168511867523193,0.5158595442771912,0.5193798542022705
Age: <40,847,0.698486328125,0.6401752233505249,0.609375,0.5866701006889343,0.609375
Age: 40-50,847,0.8208333253860474,0.7371795177459717,0.6541666984558105,0.6729896664619446,0.7868852019309998
Age: 50-65,847,0.5096347332000732,0.488095223903656,0.49022144079208374,0.462635338306427,0.4830508530139923
Race: White,847,0.5416666865348816,0.47415053844451904,0.4789115786552429,0.4688464403152466,0.5379747152328491
Race: Black,847,0.5555555820465088,0.5625,0.6111111044883728,0.2929292917251587,0.30000001192092896
Race: Other,847,0.8102453351020813,0.7778672575950623,0.707431435585022,0.6917662620544434,0.713178277015686
Overall,848,0.6952943801879883,0.5994151830673218,0.5730005502700806,0.553113579750061,0.59333336353302
Gender: Male,848,0.672054648399353,0.5934523940086365,0.5375957489013672,0.4963257908821106,0.6276595592498779
Gender: Female,848,0.6353754997253418,0.5423076748847961,0.54347825050354,0.5343780517578125,0.535714328289032
Age: <40,848,0.7316821813583374,0.5947368144989014,0.5696594715118408,0.55045485496521,0.5920000076293945
Age: 40-50,848,0.7919038534164429,0.7310606241226196,0.65433269739151,0.6570285558700562,0.7195121645927429
Age: 50-65,848,0.5786045789718628,0.5005740523338318,0.5004650950431824,0.46602869033813477,0.4838709533214569
Race: White,848,0.6619658470153809,0.5627828240394592,0.5474358797073364,0.5321487188339233,0.5797101259231567
Race: Black,848,0.25925928354263306,0.2222222238779068,0.2222222238779068,0.1666666716337204,0.1666666716337204
Race: Other,848,0.7852563858032227,0.7051886916160583,0.6487179398536682,0.6413043737411499,0.6811594367027283
Overall,849,0.6271452307701111,0.5916885137557983,0.5752341151237488,0.5684833526611328,0.6059602499008179
Gender: Male,849,0.62128746509552,0.6287146210670471,0.554198682308197,0.5135186314582825,0.626505970954895
Gender: Female,849,0.6329555511474609,0.5790899395942688,0.5795553922653198,0.5790388584136963,0.5808823704719543
Age: <40,849,0.7086840867996216,0.6654040217399597,0.6305937170982361,0.6218937635421753,0.6518518328666687
Age: 40-50,849,0.5600000023841858,0.5756704807281494,0.5619608163833618,0.5621932744979858,0.6447368264198303
Age: 50-65,849,0.5324612855911255,0.4956284165382385,0.4961240291595459,0.4853587746620178,0.5054945349693298
Race: White,849,0.5889058113098145,0.4829931855201721,0.4860689043998718,0.4781593680381775,0.5572519302368164
Race: Black,849,0.2588235139846802,0.3190789520740509,0.3382352888584137,0.2924138009548187,0.29629629850387573
Race: Other,849,0.7185978889465332,0.7253050804138184,0.6905550360679626,0.6888889074325562,0.7083333134651184
Overall,850,0.5941853523254395,0.5543090105056763,0.5460094213485718,0.5389407873153687,0.5743243098258972
Gender: Male,850,0.6550084948539734,0.7403361797332764,0.5971137285232544,0.5687045454978943,0.675159215927124
Gender: Female,850,0.5068607330322266,0.4606625437736511,0.46049895882606506,0.4599844813346863,0.46043166518211365
Age: <40,850,0.5951076745986938,0.5967418551445007,0.575538158416748,0.5536829233169556,0.5804196000099182
Age: 40-50,850,0.8340080976486206,0.7419028282165527,0.7419028282165527,0.7419028282165527,0.8039215803146362
Age: 50-65,850,0.4996081590652466,0.42424243688583374,0.4294670820236206,0.4241935610771179,0.45098039507865906
Race: White,850,0.517438530921936,0.46821165084838867,0.4704592823982239,0.46824339032173157,0.5328947305679321
Race: Black,850,0.4307692050933838,0.3541666865348816,0.36538460850715637,0.34285715222358704,0.3478260934352875
Race: Other,850,0.7210382223129272,0.7159091234207153,0.6713114976882935,0.6520988941192627,0.6694214344024658
Overall,851,0.6504166722297668,0.5903666019439697,0.582812488079071,0.5846372842788696,0.6404109597206116
Gender: Male,851,0.6520154476165771,0.6856343150138855,0.5853344798088074,0.5833333134651184,0.7333333492279053
Gender: Female,851,0.5975914001464844,0.5393090844154358,0.5411129593849182,0.5355975031852722,0.5422534942626953
Age: <40,851,0.6791608333587646,0.6236263513565063,0.6132867336273193,0.6106985807418823,0.6250000596046448
Age: 40-50,851,0.7460317611694336,0.6785714626312256,0.658730149269104,0.6671328544616699,0.7941176295280457
Age: 50-65,851,0.5585505962371826,0.4714980125427246,0.4714980125427246,0.4714980125427246,0.5576923489570618
Race: White,851,0.6361655592918396,0.48795825242996216,0.48774510622024536,0.48781970143318176,0.6014493107795715
Race: Black,851,0.18888889253139496,0.21111111342906952,0.21111111342906952,0.21052631735801697,0.21052631735801697
Race: Other,851,0.743863582611084,0.7475583553314209,0.7073863744735718,0.7129578590393066,0.7407407164573669
Overall,852,0.5961055159568787,0.5493717193603516,0.5380765199661255,0.522596001625061,0.5671141147613525
Gender: Male,852,0.5689990520477295,0.5137024521827698,0.5039682388305664,0.4350877106189728,0.5962733030319214
Gender: Female,852,0.5918585062026978,0.532748281955719,0.532608687877655,0.532223641872406,0.5328466892242432
Age: <40,852,0.6162664890289307,0.5851721167564392,0.5626216530799866,0.529411792755127,0.5588235259056091
Age: 40-50,852,0.6963249444961548,0.5807210206985474,0.5498065948486328,0.5419913530349731,0.6666666865348816
Age: 50-65,852,0.50754714012146,0.4818135201931,0.48325470089912415,0.4788011610507965,0.5053763389587402
Race: White,852,0.583096981048584,0.46956366300582886,0.4754679501056671,0.46754658222198486,0.5748031735420227
Race: Black,852,0.1833333522081375,0.16917294263839722,0.13333334028720856,0.11407407373189926,0.11538462340831757
Race: Other,852,0.6788570880889893,0.6672619581222534,0.6338095664978027,0.6191918849945068,0.6413792967796326
Overall,853,0.6778759360313416,0.6101609468460083,0.5832146406173706,0.5753507018089294,0.6271186470985413
Gender: Male,853,0.6685360670089722,0.6856600046157837,0.5562266111373901,0.5201723575592041,0.6800000071525574
Gender: Female,853,0.6666666269302368,0.5500556230545044,0.550000011920929,0.5498749613761902,0.550000011920929
Age: <40,853,0.709453821182251,0.6324074268341064,0.5901260375976562,0.5569823384284973,0.5942029356956482
Age: 40-50,853,0.8260325193405151,0.6957142949104309,0.6714643239974976,0.6807448863983154,0.765625
Age: 50-65,853,0.5677387714385986,0.5404040217399597,0.5350877046585083,0.5319396257400513,0.5806451439857483
Race: White,853,0.5835310816764832,0.4734744429588318,0.477100133895874,0.47298067808151245,0.5815602540969849
Race: Black,853,0.7142857313156128,0.4833333492279053,0.4761905074119568,0.3438596725463867,0.3529411852359772
Race: Other,853,0.756635308265686,0.7660714387893677,0.6913527250289917,0.6793071031570435,0.7080292105674744
Overall,854,0.6060720682144165,0.575710654258728,0.563804566860199,0.5583189129829407,0.5952380895614624
Gender: Male,854,0.6653280258178711,0.676153838634491,0.5957998633384705,0.5573786497116089,0.6193548440933228
Gender: Female,854,0.5968170166015625,0.5521097183227539,0.5545977354049683,0.5514199733734131,0.568345308303833
Age: <40,854,0.6133333444595337,0.6214002370834351,0.5944927334785461,0.5761862993240356,0.6041666865348816
Age: 40-50,854,0.8198529481887817,0.686170220375061,0.7144607901573181,0.6961451768875122,0.7611939907073975
Age: 50-65,854,0.46386945247650146,0.42625659704208374,0.43502330780029297,0.42151516675949097,0.4457831084728241
Race: White,854,0.5401966571807861,0.4797213673591614,0.48105841875076294,0.47983869910240173,0.5813953280448914
Race: Black,854,0.3030303120613098,0.4040403962135315,0.4040403962135315,0.4000000059604645,0.4000000059604645
Race: Other,854,0.6969523429870605,0.6722145080566406,0.6419047713279724,0.6203250885009766,0.634482741355896
Overall,855,0.6588968634605408,0.6275489330291748,0.5980485081672668,0.5805057883262634,0.6107382774353027
Gender: Male,855,0.6818181872367859,0.768750011920929,0.5929097533226013,0.5377907156944275,0.6352201104164124
Gender: Female,855,0.6449275016784668,0.5841014385223389,0.5831263065338135,0.5816729068756104,0.5827338099479675
Age: <40,855,0.7223732471466064,0.7120493650436401,0.65183424949646,0.6315789222717285,0.6616541743278503
Age: 40-50,855,0.7459087371826172,0.6850000023841858,0.6593453884124756,0.6636924743652344,0.699999988079071
Age: 50-65,855,0.5311111211776733,0.48188406229019165,0.4855555593967438,0.4517543911933899,0.4736842215061188
Race: White,855,0.5513978600502014,0.5186025500297546,0.513225793838501,0.5015593767166138,0.6013985872268677
Race: Black,855,0.25925925374031067,0.3725000023841858,0.34259259700775146,0.23963133990764618,0.24242424964904785
Race: Other,855,0.8176186084747314,0.7606707215309143,0.7303340435028076,0.7151098847389221,0.7213114500045776
Overall,856,0.6124954223632812,0.6142616271972656,0.5873938798904419,0.5785858631134033,0.6241610646247864
Gender: Male,856,0.60546875,0.6597222089767456,0.5598958730697632,0.5166666507720947,0.637499988079071
Gender: Female,856,0.6400679349899292,0.603232741355896,0.6016553640365601,0.6019231081008911,0.6086956858634949
Age: <40,856,0.6303480863571167,0.6578013896942139,0.618256688117981,0.6106608510017395,0.6532257795333862
Age: 40-50,856,0.773751974105835,0.7453893423080444,0.6928341388702393,0.7081382274627686,0.7792207598686218
Age: 50-65,856,0.4655318856239319,0.46402692794799805,0.4704255163669586,0.44252872467041016,0.4639175236225128
Race: White,856,0.5573407411575317,0.516964316368103,0.5140351057052612,0.5079436302185059,0.5723684430122375
Race: Black,856,0.3999999761581421,0.4553571343421936,0.4523809552192688,0.4078674912452698,0.40909093618392944
Race: Other,856,0.7044973373413086,0.784144401550293,0.6915343999862671,0.6863095164299011,0.7258064150810242
Overall,857,0.6822444200515747,0.620046079158783,0.5919288396835327,0.5864094495773315,0.6376306414604187
Gender: Male,857,0.6840780973434448,0.6190476417541504,0.5554897785186768,0.5306786894798279,0.6549707651138306
Gender: Female,857,0.6663680076599121,0.6093512177467346,0.60722815990448,0.6071348190307617,0.6120689511299133
Age: <40,857,0.6576417088508606,0.6452426910400391,0.5946356058120728,0.5820938944816589,0.6484375
Age: 40-50,857,0.7758264541625977,0.6277213096618652,0.5909091234207153,0.5917525887489319,0.6818181872367859
Age: 50-65,857,0.6344537734985352,0.5845286846160889,0.5770308375358582,0.5736004114151001,0.5913978219032288
Race: White,857,0.6569148302078247,0.5534188151359558,0.539893627166748,0.5376538038253784,0.6567164063453674
Race: Black,857,0.2467532455921173,0.32828283309936523,0.2792207896709442,0.26181817054748535,0.27586206793785095
Race: Other,857,0.7574074268341064,0.7194472551345825,0.6743386387825012,0.6724494695663452,0.7016128897666931
Overall,858,0.6990529298782349,0.6543432474136353,0.62247633934021,0.6230853796005249,0.6721854209899902
Gender: Male,858,0.7030855417251587,0.7165223360061646,0.5911641120910645,0.5757699012756348,0.700564980506897
Gender: Female,858,0.6958441734313965,0.6277089715003967,0.6285714507102966,0.6279761791229248,0.6320000290870667
Age: <40,858,0.6549144983291626,0.7049983739852905,0.6384615302085876,0.6268701553344727,0.6739130616188049
Age: 40-50,858,0.7849650382995605,0.7489224076271057,0.7019230723381042,0.71674644947052,0.7837837934494019
Age: 50-65,858,0.6935064792633057,0.5478403568267822,0.5454545617103577,0.5454545617103577,0.5777778029441833
Race: White,858,0.7187801599502563,0.5913978219032288,0.5845906734466553,0.5870795845985413,0.6774193048477173
Race: Black,858,0.35625001788139343,0.41111111640930176,0.4000000059604645,0.35384616255760193,0.3571428656578064
Race: Other,858,0.7208577394485474,0.752173900604248,0.6860337257385254,0.6876745223999023,0.7266666889190674
Overall,859,0.6658874750137329,0.6165008544921875,0.6005486845970154,0.5951291918754578,0.6185567378997803
Gender: Male,859,0.6390681266784668,0.5585106611251831,0.5177419185638428,0.4551282227039337,0.6078431606292725
Gender: Female,859,0.6878284215927124,0.6307692527770996,0.6286525130271912,0.628071665763855,0.6304348111152649
Age: <40,859,0.7049573659896851,0.6649030447006226,0.6495202779769897,0.6293444037437439,0.6341463327407837
Age: 40-50,859,0.7903810739517212,0.6577380895614624,0.6683303117752075,0.6622806787490845,0.7402597665786743
Age: 50-65,859,0.5120773315429688,0.49074074625968933,0.4922705292701721,0.4714646339416504,0.49450549483299255
Race: White,859,0.5526083707809448,0.48751795291900635,0.4871795177459717,0.4872093200683594,0.5555555820465088
Race: Black,859,0.6124999523162842,0.53125,0.550000011920929,0.4000000059604645,0.4166666865348816
Race: Other,859,0.7600644826889038,0.7590243816375732,0.7137681245803833,0.6972823143005371,0.7092198133468628
Overall,860,0.680395245552063,0.6500178575515747,0.61635422706604,0.6148700714111328,0.6644518375396729
Gender: Male,860,0.6815011501312256,0.6781250238418579,0.5636160373687744,0.5308823585510254,0.6704545617103577
Gender: Female,860,0.6854546070098877,0.6524704098701477,0.6538960933685303,0.6528002023696899,0.656000018119812
Age: <40,860,0.720512866973877,0.685619592666626,0.6435897350311279,0.6342711448669434,0.6643356680870056
Age: 40-50,860,0.7789256572723389,0.6208791136741638,0.6363636255264282,0.626937985420227,0.7454545497894287
Age: 50-65,860,0.6046512126922607,0.6081223487854004,0.5794573426246643,0.568667471408844,0.6213592290878296
Race: White,860,0.6518964767456055,0.5917525887489319,0.5788727402687073,0.5828267335891724,0.7049179673194885
Race: Black,860,0.4166666865348816,0.3333333432674408,0.3499999940395355,0.32499998807907104,0.3333333432674408
Race: Other,860,0.7277613878250122,0.7339285612106323,0.6817235946655273,0.6689987182617188,0.6907894611358643
Overall,861,0.6479289531707764,0.6224637627601624,0.591269850730896,0.5864130258560181,0.6454849243164062
Gender: Male,861,0.5705705881118774,0.7052631378173828,0.5551139712333679,0.5254004597663879,0.709876537322998
Gender: Female,861,0.6423388719558716,0.5681225657463074,0.566901445388794,0.5660134553909302,0.569343090057373
Age: <40,861,0.627446174621582,0.6493203043937683,0.585983395576477,0.5589743852615356,0.6279069781303406
Age: 40-50,861,0.7200520634651184,0.7074751853942871,0.6770833730697632,0.6813852787017822,0.7125000357627869
Age: 50-65,861,0.6054267883300781,0.5359848737716675,0.5322215557098389,0.5320160388946533,0.6111111044883728
Race: White,861,0.5853109359741211,0.5066092014312744,0.5047054290771484,0.4912891983985901,0.5890411138534546
Race: Black,861,0.2916666567325592,0.41428571939468384,0.42500001192092896,0.3978947401046753,0.40909093618392944
Race: Other,861,0.7428640127182007,0.7698863744735718,0.7068215012550354,0.7126619815826416,0.7480915784835815
Overall,862,0.6634920835494995,0.5815297365188599,0.5596171617507935,0.5449977517127991,0.5979729890823364
Gender: Male,862,0.7103577852249146,0.6210106611251831,0.5257061719894409,0.45125022530555725,0.6174496412277222
Gender: Female,862,0.6451492309570312,0.5728173851966858,0.5712686777114868,0.5710655450820923,0.5782312750816345
Age: <40,862,0.7084296941757202,0.6292312741279602,0.5858734846115112,0.5527777671813965,0.5942029356956482
Age: 40-50,862,0.6836363077163696,0.67507004737854,0.6363636255264282,0.6448748707771301,0.7250000238418579
Age: 50-65,862,0.5655080080032349,0.4375494122505188,0.447192519903183,0.43328016996383667,0.4743589758872986
Race: White,862,0.5783395767211914,0.4586479067802429,0.4623907804489136,0.4596688747406006,0.5760000348091125
Race: Black,862,0.36574074625968933,0.375,0.3865740895271301,0.25653594732284546,0.2571428716182709
Race: Other,862,0.8058273792266846,0.7640553116798401,0.6868884563446045,0.674874484539032,0.7058823704719543
Overall,863,0.6485614776611328,0.6463731527328491,0.6127321124076843,0.599084198474884,0.6305732727050781
Gender: Male,863,0.6334625482559204,0.641829252243042,0.5662753582000732,0.5241921544075012,0.6137565970420837
Gender: Female,863,0.6699948906898499,0.6581262946128845,0.6564260125160217,0.6552056074142456,0.656000018119812
Age: <40,863,0.6836248636245728,0.6605892181396484,0.6321542263031006,0.6203407645225525,0.6408450603485107
Age: 40-50,863,0.6120826601982117,0.6681922674179077,0.6168521642684937,0.6071428656578064,0.6590909361839294
Age: 50-65,863,0.5988636016845703,0.5952380895614624,0.5715909004211426,0.5495633482933044,0.5833333730697632
Race: White,863,0.7119450569152832,0.6546204686164856,0.6238107681274414,0.629702091217041,0.7022900581359863
Race: Black,863,0.2013888955116272,0.31904762983322144,0.3680555522441864,0.2593703269958496,0.26923078298568726
Race: Other,863,0.6757991313934326,0.6750881671905518,0.645792543888092,0.619314432144165,0.6305732727050781
Overall,864,0.6566358804702759,0.6271048784255981,0.6064171195030212,0.6081128716468811,0.6599326729774475
Gender: Male,864,0.6553574800491333,0.6833333373069763,0.557123064994812,0.5284823179244995,0.6975308656692505
Gender: Female,864,0.6626180410385132,0.6142449378967285,0.6170715093612671,0.6122403740882874,0.614814817905426
Age: <40,864,0.6644231081008911,0.6935840845108032,0.6346153616905212,0.6204797029495239,0.6620689630508423
Age: 40-50,864,0.7921456098556519,0.7263210415840149,0.717432975769043,0.721611738204956,0.8026315569877625
Age: 50-65,864,0.5351473689079285,0.48188406229019165,0.4811035394668579,0.480701744556427,0.5131579041481018
Race: White,864,0.6063321828842163,0.5275910496711731,0.5294205546379089,0.5281329154968262,0.661870539188385
Race: Black,864,0.2820512652397156,0.24358975887298584,0.24358975887298584,0.21052631735801697,0.21052631735801697
Race: Other,864,0.749896228313446,0.7580769062042236,0.7089041471481323,0.7015689611434937,0.7194244861602783
Overall,865,0.6369028091430664,0.6441383957862854,0.600196123123169,0.5811966061592102,0.6258503198623657
Gender: Male,865,0.5054316520690918,0.6167488098144531,0.5225843191146851,0.46010929346084595,0.6578947305679321
Gender: Female,865,0.6725806593894958,0.6067323684692383,0.6048387289047241,0.5912249088287354,0.591549277305603
Age: <40,865,0.6909229159355164,0.6784791946411133,0.657707929611206,0.6362353563308716,0.6428571939468384
Age: 40-50,865,0.7364705801010132,0.7951613068580627,0.6076470613479614,0.6193181872367859,0.7910447716712952
Age: 50-65,865,0.46933960914611816,0.46662387251853943,0.4795597493648529,0.4305140972137451,0.49504950642585754
Race: White,865,0.4776427447795868,0.3916666805744171,0.4463425874710083,0.39884310960769653,0.5579710006713867
Race: Black,865,0.6000000238418579,0.5249999761581421,0.5249999761581421,0.380952388048172,0.380952388048172
Race: Other,865,0.7495610117912292,0.773809552192688,0.7347453832626343,0.7238636016845703,0.7333333492279053
Overall,866,0.6701618432998657,0.6030158996582031,0.5776836276054382,0.5706309080123901,0.6271186470985413
Gender: Male,866,0.6540812849998474,0.6367347240447998,0.536138117313385,0.4897499978542328,0.668789803981781
Gender: Female,866,0.6585726141929626,0.5762820243835449,0.5753800868988037,0.5753395557403564,0.5797101259231567
Age: <40,866,0.6865359544754028,0.659422755241394,0.6227450966835022,0.620373010635376,0.6666666865348816
Age: 40-50,866,0.7727272510528564,0.7037037014961243,0.6363636255264282,0.6434574127197266,0.7272727489471436
Age: 50-65,866,0.5961686372756958,0.4800194799900055,0.4842911660671234,0.46621060371398926,0.5145630836486816
Race: White,866,0.6568247079849243,0.4984070658683777,0.498834490776062,0.4914504587650299,0.6376811861991882
Race: Black,866,0.35947710275650024,0.3458646535873413,0.3660130798816681,0.3035714328289032,0.3076923191547394
Race: Other,866,0.7688171863555908,0.7041596174240112,0.6686535477638245,0.6603703498840332,0.6793892979621887
Overall,867,0.6947877407073975,0.6198606491088867,0.6028503179550171,0.6024338603019714,0.6401384472846985
Gender: Male,867,0.7441509962081909,0.7417780160903931,0.5887736082077026,0.5700368285179138,0.7058823704719543
Gender: Female,867,0.6155686378479004,0.5673160552978516,0.5676233768463135,0.5659652948379517,0.5661764740943909
Age: <40,867,0.7742537260055542,0.7202953100204468,0.6709755063056946,0.663837730884552,0.6910569071769714
Age: 40-50,867,0.7551020383834839,0.718367338180542,0.718367338180542,0.718367338180542,0.7681159377098083
Age: 50-65,867,0.574561357498169,0.4487980902194977,0.4532894492149353,0.4478597640991211,0.4845360815525055
Race: White,867,0.6426116824150085,0.49971848726272583,0.49971362948417664,0.4996805787086487,0.6015037894248962
Race: Black,867,0.20168066024780273,0.4214285612106323,0.4075630307197571,0.4079696238040924,0.4583333432674408
Race: Other,867,0.8081435561180115,0.7676767706871033,0.7011732459068298,0.6889880895614624,0.7121212482452393
Overall,868,0.6742374897003174,0.5912328958511353,0.5743119120597839,0.5728583931922913,0.6326530575752258
Gender: Male,868,0.7058823704719543,0.7451596260070801,0.5842777490615845,0.5703125,0.7250000238418579
Gender: Female,868,0.5830308198928833,0.5174731016159058,0.5176950693130493,0.5171171426773071,0.5223880410194397
Age: <40,868,0.6578947305679321,0.6106612682342529,0.5930126905441284,0.5879905819892883,0.6194029450416565
Age: 40-50,868,0.7489316463470459,0.6171032190322876,0.5811965465545654,0.5868282318115234,0.7285714149475098
Age: 50-65,868,0.6209462881088257,0.5230769515037537,0.519936203956604,0.5166760683059692,0.5777778029441833
Race: White,868,0.6419295072555542,0.5081371665000916,0.5064935088157654,0.5017544031143188,0.6126760244369507
Race: Black,868,0.209090918302536,0.1388888955116272,0.1454545557498932,0.1409090906381607,0.1428571492433548
Race: Other,868,0.7657527923583984,0.7450892925262451,0.698051929473877,0.7022147178649902,0.732824444770813
Overall,869,0.6958568096160889,0.646470844745636,0.6154508590698242,0.6010934114456177,0.627831757068634
Gender: Male,869,0.695087730884552,0.6547619104385376,0.5570175647735596,0.5163120627403259,0.6451612710952759
Gender: Female,869,0.6624487042427063,0.6188440322875977,0.6188440322875977,0.6103895902633667,0.6103895902633667
Age: <40,869,0.7338888645172119,0.6355105042457581,0.6002777814865112,0.5755674839019775,0.6054421663284302
Age: 40-50,869,0.8025000095367432,0.7509469985961914,0.7208333015441895,0.7246503829956055,0.7428571581840515
Age: 50-65,869,0.5610795021057129,0.5835821032524109,0.5662878751754761,0.5478260517120361,0.5760869383811951
Race: White,869,0.6469444036483765,0.605715274810791,0.5837500095367432,0.5804593563079834,0.6341463327407837
Race: Black,869,0.3970588445663452,0.2757352888584137,0.2757352888584137,0.23999999463558197,0.23999999463558197
Race: Other,869,0.7675925493240356,0.7324203252792358,0.6846450567245483,0.6665583848953247,0.6832298040390015
Overall,870,0.6728630065917969,0.6439059972763062,0.6063772439956665,0.5927035808563232,0.6321070194244385
Gender: Male,870,0.6402257680892944,0.7068562507629395,0.5788770318031311,0.5439782738685608,0.6607142686843872
Gender: Female,870,0.676937460899353,0.6010765433311462,0.5986227989196777,0.5939053297042847,0.5954198241233826
Age: <40,870,0.6611893177032471,0.6713438034057617,0.6242175102233887,0.595283031463623,0.6223776340484619
Age: 40-50,870,0.7435065507888794,0.6595911979675293,0.6098484992980957,0.6141830682754517,0.7076923251152039
Age: 50-65,870,0.6331707239151001,0.5884615182876587,0.5729268193244934,0.5630110502243042,0.593406617641449
Race: White,870,0.5665515661239624,0.5032608509063721,0.5023014545440674,0.49332451820373535,0.6339285969734192
Race: Black,870,0.2956521511077881,0.38596493005752563,0.33043479919433594,0.2708333432674408,0.2857142984867096
Race: Other,870,0.7720797657966614,0.7375701665878296,0.6875593662261963,0.6731551885604858,0.6918238997459412
Overall,871,0.6765679121017456,0.6345353722572327,0.6182926893234253,0.6133545637130737,0.6315789222717285
Gender: Male,871,0.6637356281280518,0.6489361524581909,0.5764099359512329,0.5478626489639282,0.6363636255264282
Gender: Female,871,0.6681177616119385,0.6252598762512207,0.6248963475227356,0.6249481439590454,0.6258993148803711
Age: <40,871,0.719853401184082,0.6747474670410156,0.6502025723457336,0.6391339302062988,0.6527777910232544
Age: 40-50,871,0.717635989189148,0.7224358916282654,0.6627579927444458,0.6661421656608582,0.7164179086685181
Age: 50-65,871,0.5739535093307495,0.531818151473999,0.53093022108078,0.5298060178756714,0.5376344323158264
Race: White,871,0.6306111812591553,0.5595898032188416,0.5581395626068115,0.558702826499939,0.6124030947685242
Race: Black,871,0.4000000059604645,0.42763158679008484,0.3730769157409668,0.320175439119339,0.35483869910240173
Race: Other,871,0.763843297958374,0.739393949508667,0.7057688236236572,0.6968724727630615,0.7083333134651184
Overall,872,0.6478030681610107,0.6402930617332458,0.6224536299705505,0.6229887008666992,0.6544850468635559
Gender: Male,872,0.5872762799263,0.7035461068153381,0.5762892365455627,0.5486111044883728,0.6794871687889099
Gender: Female,872,0.681242823600769,0.6300534009933472,0.6308016777038574,0.6274267435073853,0.6275861859321594
Age: <40,872,0.6673728823661804,0.6410714387893677,0.6115819215774536,0.6018236875534058,0.6335877776145935
Age: 40-50,872,0.7570332288742065,0.7718254327774048,0.7335890531539917,0.7469797134399414,0.7972972989082336
Age: 50-65,872,0.5454545617103577,0.5603448152542114,0.5589800477027893,0.5590904355049133,0.5729166865348816
Race: White,872,0.5891729593276978,0.5566789507865906,0.5556390881538391,0.5561119914054871,0.6538461446762085
Race: Black,872,0.3117647171020508,0.38333332538604736,0.3764705955982208,0.3668965697288513,0.37037038803100586
Race: Other,872,0.7514952421188354,0.739393949508667,0.7057688236236572,0.6968724727630615,0.7083333134651184
Overall,873,0.6971701383590698,0.6419569253921509,0.6240100264549255,0.6230952739715576,0.6494845747947693
Gender: Male,873,0.7240461111068726,0.710105299949646,0.6106921434402466,0.6125560402870178,0.7291666865348816
Gender: Female,873,0.6073950529098511,0.5725537538528442,0.5727424621582031,0.5713492631912231,0.5714285373687744
Age: <40,873,0.7859347462654114,0.7409793734550476,0.706128716468811,0.711376428604126,0.7372262477874756
Age: 40-50,873,0.7388167381286621,0.6676470637321472,0.6645021438598633,0.6658172607421875,0.6851851940155029
Age: 50-65,873,0.5459654331207275,0.49761903285980225,0.49799275398254395,0.48263120651245117,0.5099999904632568
Race: White,873,0.5792596340179443,0.5004456043243408,0.5003559589385986,0.49208611249923706,0.5703703761100769
Race: Black,873,0.1666666567325592,0.30000001192092896,0.25,0.27272728085517883,0.375
Race: Other,873,0.8491228222846985,0.7944444417953491,0.7603508830070496,0.765656590461731,0.7803030610084534
Overall,874,0.6230698823928833,0.6253246665000916,0.588226318359375,0.5843156576156616,0.6597938537597656
Gender: Male,874,0.6076923608779907,0.7864933013916016,0.5625457763671875,0.5261154770851135,0.7070063948631287
Gender: Female,874,0.6255465745925903,0.5888836979866028,0.5872266888618469,0.5877401828765869,0.60447758436203
Age: <40,874,0.6834233999252319,0.662162184715271,0.6121728420257568,0.6035614013671875,0.6595744490623474
Age: 40-50,874,0.6454545259475708,0.734649121761322,0.6459090709686279,0.6491838693618774,0.7246376872062683
Age: 50-65,874,0.4861111044883728,0.4880952537059784,0.49013155698776245,0.48571428656578064,0.604938268661499
Race: White,874,0.5869483947753906,0.5614035129547119,0.5583982467651367,0.5596504807472229,0.6885245442390442
Race: Black,874,0.4010416865348816,0.3095238208770752,0.3541666567325592,0.3229018449783325,0.392857164144516
Race: Other,874,0.6953535079956055,0.7789297699928284,0.6684848666191101,0.6450800895690918,0.6879432201385498
Overall,875,0.674668550491333,0.6203703880310059,0.5962963104248047,0.5853174924850464,0.616161584854126
Gender: Male,875,0.6849136352539062,0.6752802133560181,0.5817482471466064,0.5465285778045654,0.636904776096344
Gender: Female,875,0.6507211327552795,0.5894672870635986,0.5888221263885498,0.5882565379142761,0.5891472697257996
Age: <40,875,0.6695622801780701,0.5909091234207153,0.575175404548645,0.5621469020843506,0.5870967507362366
Age: 40-50,875,0.7851170301437378,0.7037037014961243,0.6655518412590027,0.6727272868156433,0.7222222089767456
Age: 50-65,875,0.5694444179534912,0.6025640964508057,0.5784313678741455,0.5478036403656006,0.5714285969734192
Race: White,875,0.5560810565948486,0.5369623899459839,0.5278716087341309,0.5232635736465454,0.632478654384613
Race: Black,875,0.24799999594688416,0.21000000834465027,0.21000000834465027,0.17142857611179352,0.17142857611179352
Race: Other,875,0.8154489994049072,0.7414242029190063,0.711567759513855,0.7014706134796143,0.7103448510169983
Overall,876,0.6700780391693115,0.6185019016265869,0.590204656124115,0.5830666422843933,0.6323024034500122
Gender: Male,876,0.7069922089576721,0.7071937322616577,0.5767203569412231,0.540773868560791,0.6609195470809937
Gender: Female,876,0.6458579301834106,0.5859788656234741,0.5865384340286255,0.5860849022865295,0.5897436141967773
Age: <40,876,0.6911544799804688,0.6701455116271973,0.6344327926635742,0.6250671148300171,0.6535432934761047
Age: 40-50,876,0.7154545783996582,0.5951760411262512,0.5663636326789856,0.5659239888191223,0.6805555820465088
Age: 50-65,876,0.5855768918991089,0.5441176891326904,0.5346153974533081,0.5208333730697632,0.5652173757553101
Race: White,876,0.5911635160446167,0.522549033164978,0.5203239917755127,0.5203710794448853,0.6439394354820251
Race: Black,876,0.4038461446762085,0.47233203053474426,0.4663461446762085,0.3775065541267395,0.38235294818878174
Race: Other,876,0.7891628742218018,0.7377192974090576,0.6739856004714966,0.6597808599472046,0.6880000233650208
Overall,877,0.6940594911575317,0.6293363571166992,0.6029887199401855,0.599070131778717,0.6421404480934143
Gender: Male,877,0.6722160577774048,0.7529969811439514,0.5936921834945679,0.5828853845596313,0.7261146306991577
Gender: Female,877,0.6251983642578125,0.5504807829856873,0.550000011920929,0.5484896898269653,0.5492957830429077
Age: <40,877,0.7421603202819824,0.6842105388641357,0.6390243768692017,0.6266062259674072,0.6578947305679321
Age: 40-50,877,0.7955555319786072,0.6931216716766357,0.6622222065925598,0.6730769276618958,0.7647058963775635
Age: 50-65,877,0.5422077775001526,0.4851233661174774,0.4866883158683777,0.4792969226837158,0.5063291192054749
Race: White,877,0.6111111044883728,0.49960318207740784,0.49967318773269653,0.4930150508880615,0.567375898361206
Race: Black,877,0.46666669845581055,0.3589743673801422,0.3777777850627899,0.35227274894714355,0.3684210479259491
Race: Other,877,0.8043569326400757,0.7988133430480957,0.7320904731750488,0.732086181640625,0.7553957104682922
Overall,878,0.6651978492736816,0.6354865431785583,0.6108138561248779,0.6002674102783203,0.6254180669784546
Gender: Male,878,0.691368818283081,0.6898119449615479,0.5879831314086914,0.5468312501907349,0.628742516040802
Gender: Female,878,0.6443169116973877,0.6211180090904236,0.620895504951477,0.6208639740943909,0.6212121248245239
Age: <40,878,0.6903239488601685,0.6846092939376831,0.6480178833007812,0.6307277679443359,0.6496350169181824
Age: 40-50,878,0.7681818008422852,0.7280701994895935,0.6688311696052551,0.6623932123184204,0.6962025761604309
Age: 50-65,878,0.507683277130127,0.4961038827896118,0.4964538812637329,0.49142158031463623,0.518072247505188
Race: White,878,0.6142057180404663,0.5728353261947632,0.5632184147834778,0.5648351907730103,0.6507936716079712
Race: Black,878,0.2716049551963806,0.3194444477558136,0.25925925374031067,0.20555555820465088,0.21212121844291687
Race: Other,878,0.7951339483261108,0.7380117177963257,0.7080351710319519,0.6924042701721191,0.699999988079071
Overall,879,0.6528961658477783,0.606590986251831,0.5855288505554199,0.5823863744735718,0.6326530575752258
Gender: Male,879,0.608161449432373,0.6386693120002747,0.5461825132369995,0.5250455737113953,0.718120813369751
Gender: Female,879,0.6012176275253296,0.545673131942749,0.545186460018158,0.5437642931938171,0.5448275804519653
Age: <40,879,0.6929012537002563,0.6706281900405884,0.6163194179534912,0.6008096933364868,0.6482758522033691
Age: 40-50,879,0.739047646522522,0.7112159729003906,0.6919047832489014,0.6995270252227783,0.7605633735656738
Age: 50-65,879,0.5188744068145752,0.45098042488098145,0.453671932220459,0.4510907828807831,0.4871794879436493
Race: White,879,0.6083282232284546,0.5264222621917725,0.521541953086853,0.5179694890975952,0.6081081032752991
Race: Black,879,0.4270833432674408,0.3611111044883728,0.3958333432674408,0.2666666805744171,0.27272728085517883
Race: Other,879,0.7724952697753906,0.7269338369369507,0.6962127685546875,0.7005681991577148,0.7258064150810242
Overall,880,0.6211355924606323,0.5942278504371643,0.5732758641242981,0.5671406984329224,0.6206896305084229
Gender: Male,880,0.6381112337112427,0.7143255472183228,0.5717618465423584,0.5350985527038574,0.6688741445541382
Gender: Female,880,0.6110169887542725,0.5582627058029175,0.5582627058029175,0.5582627058029175,0.568345308303833
Age: <40,880,0.6650693416595459,0.6638889312744141,0.6339218020439148,0.6116976141929626,0.626984179019928
Age: 40-50,880,0.6866666078567505,0.6434426307678223,0.54666668176651,0.537695586681366,0.7692307829856873
Age: 50-65,880,0.5088183283805847,0.462220162153244,0.4642857313156128,0.462443470954895,0.5151515007019043
Race: White,880,0.4615931510925293,0.3872678875923157,0.4093171954154968,0.39478039741516113,0.5132743120193481
Race: Black,880,0.5151515007019043,0.511904776096344,0.5075757503509521,0.3928571343421936,0.4117647111415863
Race: Other,880,0.7389705777168274,0.7341482639312744,0.6882992386817932,0.6896418333053589,0.71875
Overall,881,0.7154016494750977,0.6372859477996826,0.6169983148574829,0.6179410815238953,0.6575342416763306
Gender: Male,881,0.7321153879165649,0.6380281448364258,0.5376923084259033,0.49346840381622314,0.6710526347160339
Gender: Female,881,0.7087198495864868,0.6452668309211731,0.6464646458625793,0.6425653696060181,0.6428571343421936
Age: <40,881,0.7460030317306519,0.7091104984283447,0.6758672595024109,0.67507004737854,0.6982758641242981
Age: 40-50,881,0.7953124642372131,0.6904761791229248,0.6968749761581421,0.6934895515441895,0.773809552192688
Age: 50-65,881,0.6240530014038086,0.4899553656578064,0.49147725105285645,0.4751984179019928,0.5
Race: White,881,0.5999417304992676,0.5112270712852478,0.5103438496589661,0.5098009705543518,0.5984252095222473
Race: Black,881,0.3552631735801697,0.3055555522441864,0.2927631735801697,0.25824177265167236,0.25925925374031067
Race: Other,881,0.8618150353431702,0.8076530694961548,0.7612085342407227,0.7695099115371704,0.7898550629615784
Overall,882,0.6154881715774536,0.5722984075546265,0.5545754432678223,0.5455712080001831,0.6066666841506958
Gender: Male,882,0.6176261305809021,0.6637638807296753,0.5481165647506714,0.4950757622718811,0.6395348906517029
Gender: Female,882,0.6391700506210327,0.5541871786117554,0.5556679964065552,0.5536737442016602,0.5625
Age: <40,882,0.6363211870193481,0.64207923412323,0.6004902124404907,0.5749188661575317,0.6106870174407959
Age: 40-50,882,0.7741407155990601,0.6563011407852173,0.6563011407852173,0.6563011407852173,0.7666667103767395
Age: 50-65,882,0.5384073257446289,0.45083773136138916,0.4607117474079132,0.4464884400367737,0.5137614607810974
Race: White,882,0.528052806854248,0.42463958263397217,0.43674367666244507,0.42916667461395264,0.5912408828735352
Race: Black,882,0.3481481373310089,0.26050421595573425,0.2888889014720917,0.24475525319576263,0.25
Race: Other,882,0.7475144863128662,0.7322006225585938,0.6783347129821777,0.662024736404419,0.6834532618522644
Overall,883,0.6027306318283081,0.6057995557785034,0.5830240249633789,0.5693302154541016,0.6026490330696106
Gender: Male,883,0.620734691619873,0.7370129823684692,0.5741977691650391,0.5196625590324402,0.636904776096344
Gender: Female,883,0.5540209412574768,0.5597147941589355,0.5597015023231506,0.559677004814148,0.5597015023231506
Age: <40,883,0.660808801651001,0.6928792595863342,0.6499758958816528,0.6350308656692505,0.6589147448539734
Age: 40-50,883,0.6935975551605225,0.7363387942314148,0.6318597793579102,0.6096256971359253,0.6712328791618347
Age: 50-65,883,0.4809253215789795,0.45632797479629517,0.46022725105285645,0.45355188846588135,0.47999998927116394
Race: White,883,0.5311264991760254,0.4732973277568817,0.4780138432979584,0.47049760818481445,0.5597015023231506
Race: Black,883,0.2738094925880432,0.2767857313156128,0.2767857313156128,0.19354838132858276,0.19354838132858276
Race: Other,883,0.7395566701889038,0.7850515246391296,0.7357203960418701,0.7248996496200562,0.7372262477874756
Overall,884,0.6072132587432861,0.5892448425292969,0.5698924660682678,0.5646585822105408,0.6209150552749634
Gender: Male,884,0.5570042133331299,0.6933735013008118,0.5465015172958374,0.5042760968208313,0.6875
Gender: Female,884,0.5934901237487793,0.53125,0.5313613414764404,0.5305192470550537,0.5307692289352417
Age: <40,884,0.6454311609268188,0.6324930191040039,0.6014586091041565,0.5869666337966919,0.6204379796981812
Age: 40-50,884,0.6678200960159302,0.601190447807312,0.5784313678741455,0.58362877368927,0.7205882668495178
Age: 50-65,884,0.5286885499954224,0.5124521255493164,0.5106557607650757,0.5047401189804077,0.5544554591178894
Race: White,884,0.5030487775802612,0.4589325189590454,0.46517354249954224,0.4599457085132599,0.5931034684181213
Race: Black,884,0.35795456171035767,0.30124223232269287,0.3181818127632141,0.23248052597045898,0.23333334922790527
Race: Other,884,0.7657657861709595,0.7617883682250977,0.7158606052398682,0.7179584503173828,0.7404580116271973
Overall,885,0.6748863458633423,0.6539105176925659,0.6224457025527954,0.6223489046096802,0.6688741445541382
Gender: Male,885,0.6582239866256714,0.6759933233261108,0.5810955166816711,0.5681818127632141,0.6959064602851868
Gender: Female,885,0.6749414205551147,0.631341814994812,0.6297423839569092,0.6299434900283813,0.6335877776145935
Age: <40,885,0.6902287006378174,0.696943998336792,0.6507276296615601,0.6496756076812744,0.6904762387275696
Age: 40-50,885,0.7407407760620117,0.65625,0.65625,0.65625,0.7272727489471436
Age: 50-65,885,0.6259618997573853,0.6084494590759277,0.5833054780960083,0.5704295635223389,0.6090908646583557
Race: White,885,0.6286407709121704,0.5680534243583679,0.5536003112792969,0.5529299974441528,0.6490066051483154
Race: Black,885,0.4852941036224365,0.4610389471054077,0.45588237047195435,0.4318181872367859,0.4399999976158142
Race: Other,885,0.7399691343307495,0.7639296054840088,0.7083333730697632,0.7103447914123535,0.7380952835083008
Overall,886,0.5829118490219116,0.5848729610443115,0.5646844506263733,0.5495142936706543,0.5906040072441101
Gender: Male,886,0.5958667993545532,0.5399999618530273,0.5078727006912231,0.4143292009830475,0.5759493708610535
Gender: Female,886,0.6124078631401062,0.6061132550239563,0.6062653064727783,0.6061582565307617,0.6071428656578064
Age: <40,886,0.6268694400787354,0.594821035861969,0.5620638132095337,0.5314305424690247,0.5826771855354309
Age: 40-50,886,0.5159774422645569,0.5912500023841858,0.5686089992523193,0.5568181872367859,0.6060606241226196
Age: 50-65,886,0.5703758001327515,0.5782828330993652,0.5685335397720337,0.5637259483337402,0.5904762148857117
Race: White,886,0.5940766334533691,0.5129120945930481,0.5116973519325256,0.5110734701156616,0.6115108132362366
Race: Black,886,0.4312499761581421,0.2866666615009308,0.4000000059604645,0.22529645264148712,0.25
Race: Other,886,0.6301789283752441,0.700833797454834,0.6644303202629089,0.63080894947052,0.6412214040756226
Overall,887,0.5941068530082703,0.5834623575210571,0.5608111619949341,0.5478320121765137,0.6047297716140747
Gender: Male,887,0.5964754819869995,0.5718749761581421,0.5171744227409363,0.45377281308174133,0.6352941393852234
Gender: Female,887,0.5664564371109009,0.5626267790794373,0.5622950792312622,0.562140703201294,0.5634921193122864
Age: <40,887,0.6445623636245728,0.6185897588729858,0.5858753323554993,0.5630191564559937,0.5999999642372131
Age: 40-50,887,0.7017543911933899,0.6805970668792725,0.6273684501647949,0.6362903118133545,0.7317072749137878
Age: 50-65,887,0.4591454267501831,0.4764309823513031,0.4816341698169708,0.4617960453033447,0.509615421295166
Race: White,887,0.46790051460266113,0.44702380895614624,0.46139389276504517,0.44799208641052246,0.5968992114067078
Race: Black,887,0.24025973677635193,0.3229166865348816,0.33441558480262756,0.31561994552612305,0.3199999928474426
Race: Other,887,0.7252528667449951,0.7180240154266357,0.6619718074798584,0.6387534141540527,0.6619718074798584
Overall,888,0.6060534715652466,0.555869996547699,0.5472243428230286,0.5435869693756104,0.5939597487449646
Gender: Male,888,0.6605488061904907,0.6265329122543335,0.5420837998390198,0.49362844228744507,0.6357616186141968
Gender: Female,888,0.583688497543335,0.5461038947105408,0.548140287399292,0.5433923006057739,0.5510203838348389
Age: <40,888,0.6102222204208374,0.60210120677948,0.5766666531562805,0.5744153261184692,0.6499999761581421
Age: 40-50,888,0.7013888359069824,0.5648648738861084,0.5625,0.5634113550186157,0.634615421295166
Age: 50-65,888,0.5414285659790039,0.49059927463531494,0.49142855405807495,0.483402281999588,0.5
Race: White,888,0.5901942849159241,0.5098039507865906,0.5080943703651428,0.5034781098365784,0.5899280905723572
Race: Black,888,0.16363635659217834,0.1845238208770752,0.17878788709640503,0.1814092993736267,0.19230769574642181
Race: Other,888,0.6790904998779297,0.6704081296920776,0.6370136141777039,0.6369580030441284,0.6766917705535889
Overall,889,0.6638164520263672,0.6279895305633545,0.5992753505706787,0.5968073606491089,0.6508474349975586
Gender: Male,889,0.6717657446861267,0.6666085720062256,0.569638729095459,0.5372549295425415,0.6529411673545837
Gender: Female,889,0.6801825761795044,0.6346960067749023,0.6380236148834229,0.6356650590896606,0.6480000019073486
Age: <40,889,0.7191358208656311,0.6950689554214478,0.6570987701416016,0.6559449434280396,0.6879432201385498
Age: 40-50,889,0.7030612230300903,0.7166666984558105,0.6193877458572388,0.6289148926734924,0.7536231875419617
Age: 50-65,889,0.517714262008667,0.4633333384990692,0.46857142448425293,0.459090918302536,0.5058823823928833
Race: White,889,0.5986394286155701,0.5140933394432068,0.5127550959587097,0.5124378204345703,0.6343283653259277
Race: Black,889,0.140625,0.23333333432674408,0.1875,0.14786967635154724,0.15000000596046448
Race: Other,889,0.8005697727203369,0.778174638748169,0.7139804363250732,0.7120383977890015,0.73758864402771
Overall,890,0.6739385724067688,0.6021021008491516,0.582926869392395,0.5787972211837769,0.6237623691558838
Gender: Male,890,0.6855581402778625,0.655744194984436,0.5615925192832947,0.5307894349098206,0.6626505851745605
Gender: Female,890,0.6509677171707153,0.5738441944122314,0.5741935968399048,0.5738953351974487,0.5766423344612122
Age: <40,890,0.7166491746902466,0.6710858345031738,0.6423319578170776,0.637123703956604,0.6612902879714966
Age: 40-50,890,0.6572827100753784,0.649350643157959,0.5703794360160828,0.5620094537734985,0.7096773982048035
Age: 50-65,890,0.6283212304115295,0.5079946517944336,0.5072463750839233,0.503614068031311,0.5384615659713745
Race: White,890,0.6154347658157349,0.49368685483932495,0.4945652186870575,0.4912891983985901,0.5890411138534546
Race: Black,890,0.2750000059604645,0.36096256971359253,0.3375000059604645,0.31354838609695435,0.3214285969734192
Race: Other,890,0.7987329959869385,0.7591331005096436,0.7039473652839661,0.7029018998146057,0.7286821603775024
Overall,891,0.5866813659667969,0.5402777791023254,0.5319207310676575,0.5135161876678467,0.5472972989082336
Gender: Male,891,0.5978928804397583,0.532608687877655,0.5110623240470886,0.4361955523490906,0.5592105388641357
Gender: Female,891,0.5880764126777649,0.5343822836875916,0.5341501235961914,0.5336201190948486,0.5347222089767456
Age: <40,891,0.6085253953933716,0.5785773396492004,0.5656682252883911,0.5390352010726929,0.5530303120613098
Age: 40-50,891,0.6623188257217407,0.5718181729316711,0.5572463870048523,0.5600961446762085,0.7049179673194885
Age: 50-65,891,0.4883018732070923,0.4426940679550171,0.4526415169239044,0.4249191880226135,0.4466019570827484
Race: White,891,0.48479998111724854,0.439503937959671,0.4466666579246521,0.43883275985717773,0.4880000352859497
Race: Black,891,0.41203704476356506,0.33695653080940247,0.3263888955116272,0.2720588445663452,0.27272728085517883
Race: Other,891,0.7297296524047852,0.7066627740859985,0.6480152010917664,0.6326388716697693,0.6666666865348816
Overall,892,0.62810218334198,0.609415590763092,0.5845574736595154,0.5690358877182007,0.6026936173439026
Gender: Male,892,0.6690561771392822,0.7497665882110596,0.6065312623977661,0.5561932325363159,0.6321839094161987
Gender: Female,892,0.6191364526748657,0.5574359893798828,0.5574359893798828,0.5574359893798828,0.5609756112098694
Age: <40,892,0.6561743021011353,0.6708600521087646,0.6464890837669373,0.6108298301696777,0.6176470518112183
Age: 40-50,892,0.5774309635162354,0.5312046408653259,0.5258103609085083,0.5254902243614197,0.6666666865348816
Age: 50-65,892,0.5872092843055725,0.5169082283973694,0.5125223398208618,0.48924732208251953,0.5368421077728271
Race: White,892,0.556313157081604,0.4600464105606079,0.46957069635391235,0.45706644654273987,0.5639097690582275
Race: Black,892,0.25,0.3769230842590332,0.3571428656578064,0.2755417823791504,0.2777777910232544
Race: Other,892,0.7300150394439697,0.7312034368515015,0.6930618286132812,0.6683582067489624,0.6780821681022644
Overall,893,0.6729655265808105,0.6374298334121704,0.6012873649597168,0.5928866863250732,0.6421404480934143
Gender: Male,893,0.6642857193946838,0.7622159123420715,0.5716614723205566,0.5452374219894409,0.7134503126144409
Gender: Female,893,0.5883074998855591,0.5502333641052246,0.5502333641052246,0.546875,0.546875
Age: <40,893,0.6817948818206787,0.703843355178833,0.6455128192901611,0.6248866319656372,0.656000018119812
Age: 40-50,893,0.7012345790863037,0.6981408596038818,0.625,0.63304603099823,0.7356321811676025
Age: 50-65,893,0.6493018269538879,0.5055555701255798,0.5048335194587708,0.49654197692871094,0.5287356376647949
Race: White,893,0.6113625764846802,0.5344574451446533,0.5265957713127136,0.5214931964874268,0.6170212626457214
Race: Black,893,0.30000001192092896,0.29347825050354004,0.26249998807907104,0.17142857611179352,0.17241379618644714
Race: Other,893,0.8059259057044983,0.8091856241226196,0.741851806640625,0.7485380172729492,0.7751938104629517
Overall,894,0.6687147617340088,0.607619047164917,0.5783054828643799,0.5572079420089722,0.5966101884841919
Gender: Male,894,0.6611764430999756,0.644934356212616,0.5403921604156494,0.47069376707077026,0.604519784450531
Gender: Female,894,0.656682014465332,0.5857060551643372,0.585829496383667,0.5847159624099731,0.5847457647323608
Age: <40,894,0.7289055585861206,0.6933656930923462,0.6497493982315063,0.6112306118011475,0.6258993148803711
Age: 40-50,894,0.7420289516448975,0.60317462682724,0.5565217733383179,0.5563636422157288,0.737704873085022
Age: 50-65,894,0.5297249555587769,0.44635075330734253,0.45629990100860596,0.43273621797561646,0.46315792202949524
Race: White,894,0.6564217805862427,0.5213859677314758,0.5161169767379761,0.5079231858253479,0.6015037894248962
Race: Black,894,0.3583333194255829,0.33888888359069824,0.3791666626930237,0.29230770468711853,0.30434784293174744
Race: Other,894,0.7462406158447266,0.7121089696884155,0.6642647981643677,0.626183271408081,0.6402877569198608
Overall,895,0.7073136568069458,0.6557244658470154,0.6291208863258362,0.6302899122238159,0.6710963249206543
Gender: Male,895,0.6801835298538208,0.6203007698059082,0.5587155818939209,0.5465339422225952,0.6918238997459412
Gender: Female,895,0.7055786848068237,0.648181676864624,0.6464165449142456,0.6461323499679565,0.6478872895240784
Age: <40,895,0.7604938745498657,0.7128044366836548,0.6596296429634094,0.6578714847564697,0.6976743936538696
Age: 40-50,895,0.758593738079071,0.6826163530349731,0.6625000238418579,0.6707241535186768,0.773809552192688
Age: 50-65,895,0.5881136655807495,0.5386710166931152,0.5366925001144409,0.5291661024093628,0.5340909361839294
Race: White,895,0.6522482633590698,0.5733247399330139,0.5695258975028992,0.5708019733428955,0.6350364685058594
Race: Black,895,0.4941176176071167,0.4270833432674408,0.4176470637321472,0.31677019596099854,0.3181818127632141
Race: Other,895,0.7982348203659058,0.7845911979675293,0.7229063510894775,0.7296752333641052,0.7605633735656738
Overall,896,0.6729849576950073,0.6102813482284546,0.5946806073188782,0.5928109884262085,0.6275168061256409
Gender: Male,896,0.6819058656692505,0.5300940275192261,0.5092592835426331,0.467006117105484,0.6730769276618958
Gender: Female,896,0.576716423034668,0.5756243467330933,0.5753234028816223,0.5753588676452637,0.577464759349823
Age: <40,896,0.7105263471603394,0.6560173630714417,0.6121766567230225,0.6000000238418579,0.6444444060325623
Age: 40-50,896,0.7289494276046753,0.6759259700775146,0.6371291279792786,0.6367624402046204,0.6805555820465088
Age: 50-65,896,0.5826530456542969,0.5448718070983887,0.5464285612106323,0.544544517993927,0.5604395866394043
Race: White,896,0.6176470518112183,0.5350140333175659,0.5401069521903992,0.5352532267570496,0.6388888955116272
Race: Black,896,0.4583333134651184,0.46581196784973145,0.4444444477558136,0.37690630555152893,0.40909093618392944
Race: Other,896,0.7416300773620605,0.7083926200866699,0.6691295504570007,0.6396011114120483,0.6515151858329773
Overall,897,0.6790158748626709,0.6531182527542114,0.6174585223197937,0.6030138731002808,0.6335616111755371
Gender: Male,897,0.7265059947967529,0.7491134405136108,0.5725473165512085,0.5002177953720093,0.6078431606292725
Gender: Female,897,0.6766293048858643,0.6609231233596802,0.6599211692810059,0.6601113080978394,0.661870539188385
Age: <40,897,0.666386604309082,0.6434305906295776,0.6126050353050232,0.5926482677459717,0.6159420609474182
Age: 40-50,897,0.8300865888595581,0.8285714387893677,0.7489177584648132,0.7681159377098083,0.8125
Age: 50-65,897,0.6116600632667542,0.549242377281189,0.5385375022888184,0.5090909004211426,0.5333333611488342
Race: White,897,0.640877902507782,0.5688775181770325,0.5518518686294556,0.5467972755432129,0.626984179019928
Race: Black,897,0.3203125,0.33193278312683105,0.34375,0.2904347777366638,0.2916666865348816
Race: Other,897,0.7574129104614258,0.7588235139846802,0.7101492285728455,0.6858245134353638,0.6971830725669861
Overall,898,0.6588234901428223,0.6176156401634216,0.5895026326179504,0.5811266303062439,0.6279863119125366
Gender: Male,898,0.6327293515205383,0.6010416746139526,0.5348719954490662,0.4957740902900696,0.6571428775787354
Gender: Female,898,0.6293202638626099,0.5857060551643372,0.585829496383667,0.5847159624099731,0.5847457647323608
Age: <40,898,0.6969164609909058,0.6478537321090698,0.6088992953300476,0.6008096933364868,0.6482758522033691
Age: 40-50,898,0.6132352948188782,0.7058823704719543,0.5926470756530762,0.5914954543113708,0.7368420958518982
Age: 50-65,898,0.5864734053611755,0.5283368825912476,0.5258454084396362,0.5160173177719116,0.5274725556373596
Race: White,898,0.6964705586433411,0.6591614484786987,0.6378151178359985,0.6448748707771301,0.7250000238418579
Race: Black,898,0.2751322388648987,0.2622222304344177,0.21693122386932373,0.1736111044883728,0.1764705926179886
Race: Other,898,0.6946195363998413,0.6649725437164307,0.626208484172821,0.6181318759918213,0.6546762585639954
Overall,899,0.6418207883834839,0.5863996744155884,0.5704237818717957,0.5642856955528259,0.6065573692321777
Gender: Male,899,0.6819865703582764,0.6594387888908386,0.5631313323974609,0.5408450961112976,0.6871165633201599
Gender: Female,899,0.538690447807312,0.5145273208618164,0.514484167098999,0.5138674974441528,0.51408451795578
Age: <40,899,0.6604290008544922,0.5949432253837585,0.5773759484291077,0.57201087474823,0.6142857074737549
Age: 40-50,899,0.7648147940635681,0.7562358379364014,0.7092592716217041,0.7156054973602295,0.746268630027771
Age: 50-65,899,0.5102040767669678,0.4598330855369568,0.4672619104385376,0.45201414823532104,0.5
Race: White,899,0.5842105150222778,0.5105813145637512,0.5091008543968201,0.5061750411987305,0.5874125957489014
Race: Black,899,0.31111109256744385,0.28289473056793213,0.3166666626930237,0.28050491213798523,0.29629629850387573
Race: Other,899,0.7563821077346802,0.7194790840148926,0.6780369281768799,0.6691176891326904,0.6888888478279114
Overall,900,0.6618509292602539,0.6358707547187805,0.6086156964302063,0.5963210463523865,0.6237623691558838
Gender: Male,900,0.6673046350479126,0.7696192860603333,0.6106858253479004,0.581232488155365,0.6770186424255371
Gender: Female,900,0.6000000238418579,0.56623375415802,0.5659701824188232,0.5632936358451843,0.563380241394043
Age: <40,900,0.6629499197006226,0.6648732423782349,0.6348786950111389,0.618431806564331,0.6363636255264282
Age: 40-50,900,0.6903313398361206,0.680672287940979,0.6308316588401794,0.6338672637939453,0.699999988079071
Age: 50-65,900,0.6366479396820068,0.5345454216003418,0.5297060608863831,0.5099935531616211,0.5250000357627869
Race: White,900,0.6408529281616211,0.5739745497703552,0.5586980581283569,0.5516483783721924,0.6029411554336548
Race: Black,900,0.3982684016227722,0.3863636255264282,0.39177489280700684,0.34310850501060486,0.34375
Race: Other,900,0.7602198123931885,0.750949501991272,0.7032967209815979,0.6939131617546082,0.7111110687255859
Overall,901,0.6694692373275757,0.6289691925048828,0.6071035861968994,0.6050156950950623,0.6428571343421936
Gender: Male,901,0.6408934593200684,0.6690704822540283,0.5543814301490784,0.5091797709465027,0.649681568145752
Gender: Female,901,0.7014667987823486,0.6354433298110962,0.6370793581008911,0.634081244468689,0.6350364685058594
Age: <40,901,0.6565784215927124,0.6429517269134521,0.613387942314148,0.6060090661048889,0.6402877569198608
Age: 40-50,901,0.8727272748947144,0.7865384817123413,0.8187165856361389,0.7999494671821594,0.8472222089767456
Age: 50-65,901,0.5627906918525696,0.47275862097740173,0.47703489661216736,0.4519807696342468,0.46987950801849365
Race: White,901,0.5404347777366638,0.5109890103340149,0.5113043189048767,0.5110896825790405,0.6666666865348816
Race: Black,901,0.3976607918739319,0.375,0.3830409646034241,0.320561945438385,0.3214285969734192
Race: Other,901,0.7970778942108154,0.7181311845779419,0.6907467842102051,0.6761618852615356,0.6845637559890747
Overall,902,0.6570159196853638,0.5984482169151306,0.5748945474624634,0.5551725625991821,0.5886287689208984
Gender: Male,902,0.6090158224105835,0.5419580340385437,0.5118534564971924,0.4490327835083008,0.6168830990791321
Gender: Female,902,0.6350563764572144,0.5668269395828247,0.5675281882286072,0.5584316849708557,0.5586206912994385
Age: <40,902,0.6723030805587769,0.6358795166015625,0.595569372177124,0.5730079412460327,0.6131386756896973
Age: 40-50,902,0.7925170063972473,0.7223230600357056,0.6666666865348816,0.6577777862548828,0.6883116960525513
Age: 50-65,902,0.4961240291595459,0.4488266110420227,0.4565337896347046,0.43627452850341797,0.4588235318660736
Race: White,902,0.5781625509262085,0.504677414894104,0.503487229347229,0.4862745404243469,0.5496183037757874
Race: Black,902,0.34065932035446167,0.3402777910232544,0.3104395568370819,0.23963133990764618,0.24242424964904785
Race: Other,902,0.7939742803573608,0.741161584854126,0.6904076337814331,0.6862522959709167,0.7111110687255859
Overall,903,0.6713722944259644,0.6056305170059204,0.5766589641571045,0.5682791471481323,0.6305084824562073
Gender: Male,903,0.6903995275497437,0.6407208442687988,0.5492088794708252,0.5096323490142822,0.6536312699317932
Gender: Female,903,0.6467571258544922,0.5881818532943726,0.5877828598022461,0.5879374146461487,0.5948275923728943
Age: <40,903,0.7015475034713745,0.6446859836578369,0.6103537082672119,0.6083905696868896,0.6622516512870789
Age: 40-50,903,0.8211381435394287,0.7033333778381348,0.6416956782341003,0.6490176916122437,0.7258064150810242
Age: 50-65,903,0.49189189076423645,0.4600694477558136,0.4723723828792572,0.4391993284225464,0.4999999701976776
Race: White,903,0.5868343114852905,0.4757053256034851,0.4834091365337372,0.47184252738952637,0.6449275612831116
Race: Black,903,0.5208333730697632,0.35317462682724,0.3715277910232544,0.31561994552612305,0.3199999928474426
Race: Other,903,0.7642463445663452,0.7076813578605652,0.6677389740943909,0.6552268862724304,0.6742424368858337
Overall,904,0.6912721395492554,0.6270405054092407,0.6097627878189087,0.6096168756484985,0.644518256187439
Gender: Male,904,0.7373015880584717,0.6976394653320312,0.6129629611968994,0.601226270198822,0.6797752976417542
Gender: Female,904,0.6508667469024658,0.5916666984558105,0.5938515663146973,0.5902185440063477,0.5934959053993225
Age: <40,904,0.7149560451507568,0.7051281929016113,0.6829911470413208,0.6799392104148865,0.692307710647583
Age: 40-50,904,0.8036363124847412,0.6990553140640259,0.678787887096405,0.6875,0.800000011920929
Age: 50-65,904,0.5939826369285583,0.482450008392334,0.48449134826660156,0.47473931312561035,0.5
Race: White,904,0.5610561370849609,0.4763523042201996,0.4788017272949219,0.4764957129955292,0.6000000238418579
Race: Black,904,0.4399999976158142,0.45192307233810425,0.42500001192092896,0.3923611044883728,0.4399999976158142
Race: Other,904,0.7806044816970825,0.7455533742904663,0.7161339521408081,0.7149815559387207,0.7279411554336548
Overall,905,0.6944916248321533,0.6407759189605713,0.6076430082321167,0.5970107913017273,0.6343042254447937
Gender: Male,905,0.6409313678741455,0.7067012786865234,0.5596405267715454,0.51091068983078,0.6534091234207153
Gender: Female,905,0.7463767528533936,0.6095023155212402,0.6096014380455017,0.6090004444122314,0.6090225577354431
Age: <40,905,0.6585025787353516,0.6593362092971802,0.6175826787948608,0.6080043911933899,0.6503496170043945
Age: 40-50,905,0.8333333730697632,0.7171052694320679,0.6939102411270142,0.6999159455299377,0.7301587462425232
Age: 50-65,905,0.6640270948410034,0.5692307949066162,0.5509049892425537,0.5204453468322754,0.553398072719574
Race: White,905,0.7096405029296875,0.5961501002311707,0.5803921222686768,0.5801080465316772,0.6358024477958679
Race: Black,905,0.2666666507720947,0.4404762089252472,0.4333333373069763,0.34837090969085693,0.3499999940395355
Race: Other,905,0.7620347738265991,0.7422589659690857,0.6708436608314514,0.6489584445953369,0.6771653294563293
Overall,906,0.6693021059036255,0.6292436122894287,0.6029411554336548,0.604938268661499,0.6701388955116272
Gender: Male,906,0.6024435758590698,0.542553186416626,0.5126879811286926,0.4828021228313446,0.7266666889190674
Gender: Female,906,0.6323902010917664,0.6057692170143127,0.6045185923576355,0.604626476764679,0.6086956858634949
Age: <40,906,0.6717171669006348,0.6299999952316284,0.5911896824836731,0.589638888835907,0.6720000505447388
Age: 40-50,906,0.8208616971969604,0.7134615182876587,0.6887755393981934,0.698469877243042,0.7761194109916687
Age: 50-65,906,0.5754464864730835,0.5720535516738892,0.5625,0.5588546991348267,0.59375
Race: White,906,0.590617299079895,0.5068264603614807,0.5055555701255798,0.5003700852394104,0.5925925970077515
Race: Black,906,0.5384615659713745,0.46875,0.4720279574394226,0.44973546266555786,0.4583333432674408
Race: Other,906,0.7898396253585815,0.7915517091751099,0.7260695099830627,0.7420954704284668,0.7906976938247681
Overall,907,0.654018759727478,0.617363691329956,0.5905752778053284,0.5813522338867188,0.6233333349227905
Gender: Male,907,0.662169337272644,0.7220858931541443,0.571825385093689,0.5286303758621216,0.6573033928871155
Gender: Female,907,0.6257734298706055,0.5737705230712891,0.5738499164581299,0.573655903339386,0.5737704634666443
Age: <40,907,0.6350831985473633,0.6148582696914673,0.5902688503265381,0.5809312462806702,0.6190476417541504
Age: 40-50,907,0.7681159973144531,0.6847414970397949,0.6248934268951416,0.6329365372657776,0.7297297716140747
Age: 50-65,907,0.6038415431976318,0.5642857551574707,0.5540215969085693,0.5331466197967529,0.550000011920929
Race: White,907,0.6090337038040161,0.5194805264472961,0.5183265209197998,0.5180952548980713,0.581818163394928
Race: Black,907,0.6761904954910278,0.46590909361839294,0.4714285731315613,0.26814815402030945,0.26923078298568726
Race: Other,907,0.7101317644119263,0.7374359369277954,0.6752991080284119,0.6717264652252197,0.707317054271698
Overall,908,0.6373591423034668,0.6107203960418701,0.5956061482429504,0.5891618132591248,0.6114864945411682
Gender: Male,908,0.5725252628326416,0.5648148059844971,0.5176767706871033,0.45470085740089417,0.6206896305084229
Gender: Female,908,0.654049277305603,0.6008306741714478,0.6004401445388794,0.6005290746688843,0.6026490330696106
Age: <40,908,0.6520202159881592,0.6242368817329407,0.6027777791023254,0.597586452960968,0.6299212574958801
Age: 40-50,908,0.7875776290893555,0.7248387336730957,0.7164596319198608,0.71875,0.7283950448036194
Age: 50-65,908,0.46459949016571045,0.47809523344039917,0.4821705222129822,0.4544474482536316,0.47727274894714355
Race: White,908,0.5787140130996704,0.5463879108428955,0.5415742993354797,0.5393089056015015,0.5766423344612122
Race: Black,908,0.10256409645080566,0.1388888955116272,0.2083333283662796,0.1666666716337204,0.19999998807907104
Race: Other,908,0.7995099425315857,0.7600932121276855,0.7238806486129761,0.7139230370521545,0.7238805890083313
Overall,909,0.6506935358047485,0.5896419286727905,0.5718551278114319,0.5676298141479492,0.6203389763832092
Gender: Male,909,0.6811188459396362,0.6355705261230469,0.535314679145813,0.4875645935535431,0.6666666269302368
Gender: Female,909,0.5840437412261963,0.5647186040878296,0.5653551816940308,0.5642682313919067,0.5661764740943909
Age: <40,909,0.6080000400543213,0.5717787146568298,0.5496969819068909,0.5310053825378418,0.5923076868057251
Age: 40-50,909,0.8095238208770752,0.7511961460113525,0.7380952835083008,0.7436046600341797,0.7777778506278992
Age: 50-65,909,0.6080645322799683,0.5151157379150391,0.5129032135009766,0.5072463750839233,0.5588235259056091
Race: White,909,0.5815938711166382,0.48815789818763733,0.4886147975921631,0.48823338747024536,0.6062992215156555
Race: Black,909,0.30714285373687744,0.32894736528396606,0.3142857253551483,0.25824177265167236,0.25925925374031067
Race: Other,909,0.774193525314331,0.7269841432571411,0.6751735210418701,0.671583890914917,0.7021276354789734
Overall,910,0.6818304061889648,0.6181768178939819,0.5870721340179443,0.5719819664955139,0.6146179437637329
Gender: Male,910,0.699521541595459,0.6241726875305176,0.5471291542053223,0.49815696477890015,0.6182795763015747
Gender: Female,910,0.6451905965805054,0.6097078323364258,0.6090441942214966,0.6082216501235962,0.6086956262588501
Age: <40,910,0.6926748752593994,0.6429398059844971,0.602510929107666,0.5894428491592407,0.6357142925262451
Age: 40-50,910,0.7780320644378662,0.6207107901573181,0.6127002239227295,0.6158392429351807,0.692307710647583
Age: 50-65,910,0.645061731338501,0.5875521302223206,0.5648148059844971,0.5121400356292725,0.53125
Race: White,910,0.644500732421875,0.5324074029922485,0.5217441320419312,0.5026315450668335,0.585185170173645
Race: Black,910,0.4545454680919647,0.4040403962135315,0.4040403962135315,0.4000000059604645,0.4000000059604645
Race: Other,910,0.7488721609115601,0.7164141535758972,0.6610902547836304,0.6445526480674744,0.6712328791618347
Overall,911,0.624321699142456,0.6104828715324402,0.5823643207550049,0.5736654996871948,0.6267123222351074
Gender: Male,911,0.6352380514144897,0.6175675392150879,0.5414285659790039,0.49441686272621155,0.6319018006324768
Gender: Female,911,0.6384015679359436,0.613703727722168,0.6122076511383057,0.6126126050949097,0.6201550364494324
Age: <40,911,0.6379309892654419,0.6587057113647461,0.5866274237632751,0.5625,0.6428571343421936
Age: 40-50,911,0.6618589758872986,0.6381118893623352,0.6266025900840759,0.6299999952316284,0.6756756901741028
Age: 50-65,911,0.5522487163543701,0.5430188179016113,0.5376983880996704,0.5289041996002197,0.5512820482254028
Race: White,911,0.6258249282836914,0.5934993624687195,0.5635581016540527,0.5601729154586792,0.6666666865348816
Race: Black,911,0.17119565606117249,0.23750001192092896,0.24320653080940247,0.23026315867900848,0.23076923191547394
Race: Other,911,0.7278672456741333,0.7417674660682678,0.6809607744216919,0.6765778660774231,0.7086614370346069
Overall,912,0.6662336587905884,0.6499520540237427,0.6204118132591248,0.6169024109840393,0.6541095972061157
Gender: Male,912,0.6128026247024536,0.6547619104385376,0.547688901424408,0.4989010989665985,0.6447368264198303
Gender: Female,912,0.7089231014251709,0.6627764105796814,0.6630769371986389,0.6628925800323486,0.6642857193946838
Age: <40,912,0.6319444179534912,0.6528846025466919,0.6068548560142517,0.5862153768539429,0.6268656849861145
Age: 40-50,912,0.8035117387771606,0.773391842842102,0.7345317602157593,0.7482658624649048,0.800000011920929
Age: 50-65,912,0.6245614290237427,0.5591195225715637,0.5549707412719727,0.5516206622123718,0.5662650465965271
Race: White,912,0.6473202705383301,0.6132458448410034,0.5947712659835815,0.5970696210861206,0.6615384817123413
Race: Black,912,0.25,0.26644736528396606,0.26644736528396606,0.2222222238779068,0.2222222238779068
Race: Other,912,0.7805531024932861,0.7574462294578552,0.7081846594810486,0.7090517282485962,0.7333333492279053
Overall,913,0.5987545251846313,0.5478789806365967,0.5415073037147522,0.5407097339630127,0.6112956404685974
Gender: Male,913,0.5941030979156494,0.6352438926696777,0.5474929213523865,0.5280382037162781,0.7168674468994141
Gender: Female,913,0.5365909337997437,0.4807945489883423,0.4801136255264282,0.47662824392318726,0.4814814627170563
Age: <40,913,0.5921088457107544,0.5917119979858398,0.5734694004058838,0.5691579580307007,0.6209677457809448
Age: 40-50,913,0.7487586736679077,0.6919642686843872,0.6708043813705444,0.6791611909866333,0.7638888955116272
Age: 50-65,913,0.518367350101471,0.41759416460990906,0.4214285612106323,0.41916292905807495,0.49523812532424927
Race: White,913,0.4864605963230133,0.4297049045562744,0.4320632517337799,0.4307992160320282,0.5616438388824463
Race: Black,913,0.42307692766189575,0.3571428656578064,0.36538460850715637,0.33181819319725037,0.3333333432674408
Race: Other,913,0.73163241147995,0.6955782175064087,0.6630049347877502,0.6681272983551025,0.7089552283287048
Overall,914,0.5912482738494873,0.5375000238418579,0.5314579606056213,0.5258811712265015,0.5763888955116272
Gender: Male,914,0.6168981790542603,0.6213768124580383,0.5387731790542603,0.4949495196342468,0.6533333659172058
Gender: Female,914,0.5275641083717346,0.4918067157268524,0.49166667461395264,0.4900760054588318,0.49275362491607666
Age: <40,914,0.5657005310058594,0.5533434748649597,0.542391300201416,0.525153398513794,0.5581395626068115
Age: 40-50,914,0.6976743936538696,0.6467818021774292,0.6144430637359619,0.6209238767623901,0.7096773982048035
Age: 50-65,914,0.5529954433441162,0.4639423191547394,0.46543776988983154,0.46421435475349426,0.5154638886451721
Race: White,914,0.5177304744720459,0.4361577033996582,0.445035457611084,0.4385109841823578,0.5514705777168274
Race: Black,914,0.3529411554336548,0.3083333373069763,0.2970588207244873,0.2924138009548187,0.29629629850387573
Race: Other,914,0.6732467412948608,0.670634925365448,0.6396104097366333,0.6354166865348816,0.6640000343322754
Overall,915,0.6647309064865112,0.6035447716712952,0.5752032399177551,0.5624060034751892,0.6151202917098999
Gender: Male,915,0.6562232375144958,0.5694444179534912,0.523968517780304,0.4744912385940552,0.6265822649002075
Gender: Female,915,0.6677988767623901,0.6018868088722229,0.5978261232376099,0.5956519246101379,0.6015037894248962
Age: <40,915,0.6896153688430786,0.6534845232963562,0.6067307591438293,0.5894984006881714,0.634482741355896
Age: 40-50,915,0.6831395626068115,0.6323529481887817,0.5784883499145508,0.5815603137016296,0.7288135886192322
Age: 50-65,915,0.570899486541748,0.4990740716457367,0.4992063641548157,0.48364388942718506,0.5057471394538879
Race: White,915,0.6537266969680786,0.5050538778305054,0.5038819909095764,0.4972583055496216,0.6119402647018433
Race: Black,915,0.4326923191547394,0.4404762089252472,0.45192307233810425,0.2916666865348816,0.29411765933036804
Race: Other,915,0.7516043186187744,0.7328282594680786,0.6848930716514587,0.6815304756164551,0.707317054271698
Overall,916,0.71334308385849,0.7032163739204407,0.6528592109680176,0.6514447331428528,0.6933333277702332
Gender: Male,916,0.6771312952041626,0.7588984966278076,0.5995103716850281,0.5824196338653564,0.7068965435028076
Gender: Female,916,0.7237902879714966,0.6764404773712158,0.6736391186714172,0.6729344725608826,0.6746032238006592
Age: <40,916,0.736046552658081,0.749690055847168,0.6951550245285034,0.6989690661430359,0.732876718044281
Age: 40-50,916,0.800000011920929,0.6649709343910217,0.6493421196937561,0.6547332406044006,0.7118644118309021
Age: 50-65,916,0.6582221984863281,0.6644736528396606,0.605555534362793,0.5758928656578064,0.6210526823997498
Race: White,916,0.6831986904144287,0.593172550201416,0.5828921794891357,0.5861765146255493,0.6865671277046204
Race: Black,916,0.6484375,0.6111111044883728,0.59375,0.4965035319328308,0.5
Race: Other,916,0.7738543748855591,0.8128170967102051,0.7323943376541138,0.7140130996704102,0.7323943376541138
Overall,917,0.5956611633300781,0.5325894355773926,0.5255974531173706,0.507335901260376,0.5448275804519653
Gender: Male,917,0.6223323345184326,0.5808122754096985,0.5371569991111755,0.48659712076187134,0.5821917653083801
Gender: Female,917,0.5652173757553101,0.5030072331428528,0.5028985738754272,0.4999755620956421,0.506944477558136
Age: <40,917,0.667800784111023,0.5836526155471802,0.5607794523239136,0.5378378629684448,0.5789473652839661
Age: 40-50,917,0.7262846231460571,0.6372549533843994,0.6175889372825623,0.6225218176841736,0.6911764740943909
Age: 50-65,917,0.44999998807907104,0.4187878966331482,0.43068966269493103,0.40184617042541504,0.4166666567325592
Race: White,917,0.5489680767059326,0.47232145071029663,0.4796435236930847,0.45443296432495117,0.5102040767669678
Race: Black,917,0.27272725105285645,0.21969696879386902,0.21969696879386902,0.2068965584039688,0.20689654350280762
Race: Other,917,0.7171875238418579,0.6861640214920044,0.6496875286102295,0.6457545757293701,0.6754385828971863
Overall,918,0.6848616003990173,0.6526457667350769,0.6093074679374695,0.5957127809524536,0.6397306323051453
Gender: Male,918,0.6859326362609863,0.727609395980835,0.5662225484848022,0.5160850286483765,0.6506849527359009
Gender: Female,918,0.686863362789154,0.633072018623352,0.6252195239067078,0.6218247413635254,0.6291390657424927
Age: <40,918,0.7705196142196655,0.7717171907424927,0.6959689259529114,0.6895722150802612,0.7209302186965942
Age: 40-50,918,0.6207133531570435,0.6106557250022888,0.5925925970077515,0.5953746438026428,0.6666666865348816
Age: 50-65,918,0.5922586917877197,0.5169082283973694,0.511134684085846,0.45625001192092896,0.49425286054611206
Race: White,918,0.6433804035186768,0.5088235139846802,0.505886971950531,0.48513513803482056,0.5748031735420227
Race: Black,918,0.504273533821106,0.48232322931289673,0.4850427508354187,0.4423280358314514,0.4516128897666931
Race: Other,918,0.7599999904632568,0.798739492893219,0.7221875190734863,0.7163265347480774,0.7410072088241577
Overall,919,0.7064796090126038,0.6482323408126831,0.6236518025398254,0.618465781211853,0.6451612710952759
Gender: Male,919,0.6938271522521973,0.6733333468437195,0.5722222328186035,0.5491949915885925,0.6785714626312256
Gender: Female,919,0.6632611751556396,0.6049603223800659,0.6059695482254028,0.6043781042098999,0.6056337952613831
Age: <40,919,0.7800905108451843,0.7315789461135864,0.689140260219574,0.670636773109436,0.6842105388641357
Age: 40-50,919,0.7681940793991089,0.6983051300048828,0.657681941986084,0.6696428656578064,0.7567567825317383
Age: 50-65,919,0.5650037527084351,0.508394718170166,0.5077475309371948,0.5009689927101135,0.5145630836486816
Race: White,919,0.6216216087341309,0.499462366104126,0.49952858686447144,0.4974568486213684,0.6016259789466858
Race: Black,919,0.5,0.46666669845581055,0.46052631735801697,0.4319775700569153,0.4444444477558136
Race: Other,919,0.7759537696838379,0.7589285373687744,0.717635989189148,0.7020243406295776,0.7125000357627869
Overall,920,0.6553090810775757,0.6268494129180908,0.5987257957458496,0.5882728695869446,0.6245733499526978
Gender: Male,920,0.6353909969329834,0.6999437808990479,0.5731481313705444,0.5236486196517944,0.631205677986145
Gender: Female,920,0.6602787971496582,0.6150537729263306,0.6118466854095459,0.6116983890533447,0.6184210777282715
Age: <40,920,0.6657724380493164,0.634353756904602,0.6059691309928894,0.5915366411209106,0.6194029450416565
Age: 40-50,920,0.6386946439743042,0.6904761791229248,0.6305361390113831,0.6330214142799377,0.7049179673194885
Age: 50-65,920,0.6494759321212769,0.5785714387893677,0.5645702481269836,0.55251145362854,0.5816326141357422
Race: White,920,0.5608292818069458,0.46448180079460144,0.4717676043510437,0.4596005082130432,0.5360000133514404
Race: Black,920,0.1666666716337204,0.30000001192092896,0.25757575035095215,0.210256427526474,0.2142857313156128
Race: Other,920,0.8290101289749146,0.8283914923667908,0.7597011923789978,0.7645212411880493,0.7857142686843872
Overall,921,0.6572208404541016,0.6035714149475098,0.5811066627502441,0.5716972947120667,0.6127945780754089
Gender: Male,921,0.677715539932251,0.6666666865348816,0.5877684354782104,0.5707393288612366,0.6666666269302368
Gender: Female,921,0.6061997413635254,0.5457367897033691,0.5439724326133728,0.5402832627296448,0.5454545617103577
Age: <40,921,0.6532828211784363,0.6290322542190552,0.6000000238418579,0.5824710726737976,0.6111111640930176
Age: 40-50,921,0.7088888883590698,0.5922619104385376,0.5688889026641846,0.5723270773887634,0.7058823704719543
Age: 50-65,921,0.6211321353912354,0.5558978915214539,0.5479245185852051,0.5340282917022705,0.553398072719574
Race: White,921,0.6343820095062256,0.5078296661376953,0.5064045190811157,0.5000914335250854,0.5755395889282227
Race: Black,921,0.29523807764053345,0.4124999940395355,0.36666667461395264,0.32104453444480896,0.3461538553237915
Race: Other,921,0.7216373682022095,0.7306250333786011,0.6726316213607788,0.6694703102111816,0.7045454978942871
Overall,922,0.5906896591186523,0.5731622576713562,0.5584795475006104,0.5493510365486145,0.5925925970077515
Gender: Male,922,0.5819735527038574,0.6607233881950378,0.549028754234314,0.4953846037387848,0.6341463327407837
Gender: Female,922,0.5701274871826172,0.5410447716712952,0.5413251519203186,0.5404180288314819,0.5413534045219421
Age: <40,922,0.5370370149612427,0.527336835861206,0.5246031880378723,0.514297366142273,0.5284552574157715
Age: 40-50,922,0.7224702835083008,0.8003952503204346,0.6696428656578064,0.6891428828239441,0.7875000238418579
Age: 50-65,922,0.5146520137786865,0.4835972785949707,0.48672160506248474,0.4700980484485626,0.5106382966041565
Race: White,922,0.479076087474823,0.4543817341327667,0.458695650100708,0.4554765224456787,0.560606062412262
Race: Black,922,0.41600000858306885,0.4750000238418579,0.46000000834465027,0.34857141971588135,0.36666667461395264
Race: Other,922,0.7264067530632019,0.6964285373687744,0.65230393409729,0.6443965435028076,0.6740740537643433
Overall,923,0.657791256904602,0.6095890402793884,0.5931122303009033,0.596150279045105,0.6678082346916199
Gender: Male,923,0.6338083148002625,0.6802507638931274,0.556119441986084,0.5340754985809326,0.7179487347602844
Gender: Female,923,0.6746422648429871,0.5987358093261719,0.6062631607055664,0.5966650247573853,0.6102941036224365
Age: <40,923,0.5993396043777466,0.5868421196937561,0.5681067705154419,0.5651845335960388,0.6320000290870667
Age: 40-50,923,0.7363636493682861,0.6312260627746582,0.5691919326782227,0.5593485832214355,0.6865671277046204
Age: 50-65,923,0.7222222089767456,0.644385039806366,0.6607142686843872,0.6493688821792603,0.699999988079071
Race: White,923,0.5348907709121704,0.5042746663093567,0.5047026872634888,0.5035691261291504,0.6222221851348877
Race: Black,923,0.6122448444366455,0.5,0.5,0.4272727370262146,0.4285714328289032
Race: Other,923,0.7837209701538086,0.7559748291969299,0.6893023252487183,0.6989583373069763,0.75
Overall,924,0.6206241846084595,0.5538139343261719,0.5420975089073181,0.5289328098297119,0.5733788013458252
Gender: Male,924,0.6617224812507629,0.6666666865348816,0.5547049641609192,0.5010330677032471,0.6273292303085327
Gender: Female,924,0.5446779131889343,0.5052995681762695,0.5053105354309082,0.5052759051322937,0.5075757503509521
Age: <40,924,0.6369614601135254,0.5880303382873535,0.5658730268478394,0.5436274409294128,0.5789473652839661
Age: 40-50,924,0.7058823704719543,0.5671296119689941,0.5598555207252502,0.561904788017273,0.6714285612106323
Age: 50-65,924,0.5402469635009766,0.48677247762680054,0.4888889193534851,0.46759259700775146,0.4888888895511627
Race: White,924,0.5419629812240601,0.4343434274196625,0.43897581100463867,0.43622973561286926,0.560606062412262
Race: Black,924,0.34545451402664185,0.28333333134651184,0.3227272927761078,0.29326921701431274,0.3333333432674408
Race: Other,924,0.7406250238418579,0.6994227170944214,0.6583333611488342,0.6109275817871094,0.6214285492897034
Overall,925,0.6604182720184326,0.6267379522323608,0.6028378009796143,0.5935736298561096,0.6229507923126221
Gender: Male,925,0.664077639579773,0.7188888788223267,0.5882748365402222,0.5599790215492249,0.6726190447807312
Gender: Female,925,0.612371563911438,0.5627931356430054,0.5630351305007935,0.5618337392807007,0.5620437860488892
Age: <40,925,0.6564233899116516,0.6395865678787231,0.6138497591018677,0.5899113416671753,0.6058394312858582
Age: 40-50,925,0.7386587858200073,0.6906887888908386,0.6474359035491943,0.6482684016227722,0.692307710647583
Age: 50-65,925,0.6022816896438599,0.5719177722930908,0.5619590878486633,0.5594157576560974,0.6019417643547058
Race: White,925,0.6080672144889832,0.535051167011261,0.5310924649238586,0.53125,0.6333333849906921
Race: Black,925,0.29032257199287415,0.37987014651298523,0.2612903118133545,0.25925925374031067,0.3055555522441864
Race: Other,925,0.7332251071929932,0.7271918058395386,0.6841630935668945,0.6732456088066101,0.6912751793861389
Overall,926,0.6770296096801758,0.6399612426757812,0.6013892889022827,0.5914848446846008,0.6411960124969482
Gender: Male,926,0.688524603843689,0.6871428489685059,0.5625497698783875,0.5246376991271973,0.664634108543396
Gender: Female,926,0.6562099456787109,0.6139689683914185,0.609688401222229,0.607789158821106,0.6131386756896973
Age: <40,926,0.7756085395812988,0.7084399461746216,0.6653144359588623,0.657608687877655,0.682539701461792
Age: 40-50,926,0.7046784162521362,0.6967532634735107,0.6107456088066101,0.6173228621482849,0.7407407760620117
Age: 50-65,926,0.5328798294067383,0.4863095283508301,0.48956915736198425,0.46194130182266235,0.4999999701976776
Race: White,926,0.5833333730697632,0.49267733097076416,0.4959595799446106,0.47084784507751465,0.6194029450416565
Race: Black,926,0.6043956279754639,0.5277777910232544,0.5247253179550171,0.5077138543128967,0.5185185074806213
Race: Other,926,0.737905740737915,0.72062087059021,0.6827924251556396,0.6705882549285889,0.6857143044471741
Overall,927,0.6406774520874023,0.6080129146575928,0.5865883231163025,0.583592414855957,0.6341463327407837
Gender: Male,927,0.6435355544090271,0.6265015006065369,0.5516237616539001,0.5141463279724121,0.6385542154312134
Gender: Female,927,0.6479591727256775,0.6217032670974731,0.6255668997764587,0.6214807033538818,0.6280991435050964
Age: <40,927,0.6220883727073669,0.59064120054245,0.5772088170051575,0.5733162760734558,0.6083915829658508
Age: 40-50,927,0.7222222089767456,0.7179245352745056,0.6309523582458496,0.6363327503204346,0.7301587462425232
Age: 50-65,927,0.5982142686843872,0.5720338821411133,0.5596300959587097,0.5555555820465088,0.604938268661499
Race: White,927,0.5952842235565186,0.4873933792114258,0.4890180826187134,0.48620539903640747,0.5983605980873108
Race: Black,927,0.21875,0.4107142984867096,0.34375,0.21250000596046448,0.2222222238779068
Race: Other,927,0.7117804288864136,0.7196272611618042,0.681948184967041,0.6847426891326904,0.714285671710968
Overall,928,0.6688729524612427,0.6370835304260254,0.6080053448677063,0.6012597680091858,0.639072835445404
Gender: Male,928,0.6382408142089844,0.75,0.5723518133163452,0.533873438835144,0.6787878274917603
Gender: Female,928,0.6402387022972107,0.5913646221160889,0.5913256406784058,0.5912190675735474,0.5912408828735352
Age: <40,928,0.7314116358757019,0.6798877716064453,0.6209590435028076,0.5774891972541809,0.6065573692321777
Age: 40-50,928,0.7727273106575012,0.7337962985038757,0.7598627805709839,0.7423721551895142,0.7733333706855774
Age: 50-65,928,0.6013412475585938,0.5537974834442139,0.5411698818206787,0.5285714268684387,0.5809524059295654
Race: White,928,0.6605993509292603,0.6004464626312256,0.5899001359939575,0.5906949639320374,0.6304348111152649
Race: Black,928,0.4333333373069763,0.44999998807907104,0.4611110985279083,0.4345238208770752,0.4736842215061188
Race: Other,928,0.7123758792877197,0.7204092741012573,0.6522154211997986,0.6336841583251953,0.6689655184745789
Overall,929,0.6872673034667969,0.6181219816207886,0.5986513495445251,0.5855962038040161,0.6060605645179749
Gender: Male,929,0.6718854904174805,0.7547944784164429,0.5626262426376343,0.49553969502449036,0.6282051205635071
Gender: Female,929,0.6570616960525513,0.5775336027145386,0.5773133039474487,0.5773939490318298,0.5815602540969849
Age: <40,929,0.6661458015441895,0.6124182939529419,0.5895833373069763,0.5717048645019531,0.596774160861969
Age: 40-50,929,0.8121442794799805,0.6886892318725586,0.6693547964096069,0.6549227833747864,0.6615384817123413
Age: 50-65,929,0.6212383508682251,0.5773026347160339,0.5650293827056885,0.5555555820465088,0.5833333134651184
Race: White,929,0.6299923658370972,0.5397186279296875,0.535234272480011,0.5334343314170837,0.5838926434516907
Race: Black,929,0.3815789818763733,0.3690476417541504,0.28289473056793213,0.2698412835597992,0.30434784293174744
Race: Other,929,0.7830237150192261,0.7571429014205933,0.7089783549308777,0.678026556968689,0.6880000233650208
Overall,930,0.6708306074142456,0.5843990445137024,0.5668200850486755,0.5547996759414673,0.5921052694320679
Gender: Male,930,0.6675118207931519,0.6324110627174377,0.5679513216018677,0.5499999523162842,0.6625000238418579
Gender: Female,930,0.6227951049804688,0.5208374857902527,0.5202558636665344,0.5123839378356934,0.5138888955116272
Age: <40,930,0.6835896968841553,0.6475634574890137,0.6102564334869385,0.5772456526756287,0.6000000238418579
Age: 40-50,930,0.7746913433074951,0.6312178373336792,0.6180555820465088,0.6211355924606323,0.6666666865348816
Age: 50-65,930,0.6141822338104248,0.48590224981307983,0.4885627031326294,0.4760974645614624,0.5288461446762085
Race: White,930,0.6447518467903137,0.4997541904449463,0.4998105466365814,0.487171471118927,0.5570470094680786
Race: Black,930,0.5999999642372131,0.6785714626312256,0.6538461446762085,0.49845200777053833,0.5
Race: Other,930,0.7050514221191406,0.6539634466171265,0.6297088861465454,0.6216962337493896,0.6423357725143433
Overall,931,0.6686549186706543,0.6125316619873047,0.5929787755012512,0.5814633965492249,0.6060605645179749
Gender: Male,931,0.6115373373031616,0.5829470157623291,0.5355924963951111,0.49118444323539734,0.6081871390342712
Gender: Female,931,0.6936224699020386,0.6007575988769531,0.6017857193946838,0.6006592512130737,0.60317462682724
Age: <40,931,0.6521821618080139,0.6052570343017578,0.5854839086532593,0.5796568393707275,0.6190475821495056
Age: 40-50,931,0.6993534564971924,0.6516290903091431,0.6303879022598267,0.622184693813324,0.6393442153930664
Age: 50-65,931,0.6671748161315918,0.5913978815078735,0.5777438879013062,0.550679624080658,0.5617977380752563
Race: White,931,0.6586666703224182,0.5587607026100159,0.5488889217376709,0.5468712449073792,0.6142857074737549
Race: Black,931,0.469565212726593,0.44999998807907104,0.43043479323387146,0.31354838609695435,0.3214285969734192
Race: Other,931,0.7409812211990356,0.6855500936508179,0.6630591750144958,0.6496295928955078,0.6589147448539734
Overall,932,0.6437913775444031,0.6192348003387451,0.5948054790496826,0.5766663551330566,0.6012861728668213
Gender: Male,932,0.5973291993141174,0.7156498432159424,0.5695942640304565,0.5323315262794495,0.6708860993385315
Gender: Female,932,0.5801852941513062,0.5354938507080078,0.5368852615356445,0.5269666910171509,0.529411792755127
Age: <40,932,0.6405117511749268,0.6562998294830322,0.625373125076294,0.6026327610015869,0.6204379796981812
Age: 40-50,932,0.7794594764709473,0.7008928656578064,0.6459459662437439,0.6446455717086792,0.6935483813285828
Age: 50-65,932,0.5666453838348389,0.5322209596633911,0.5267857313156128,0.5059508681297302,0.5267857313156128
Race: White,932,0.5807766914367676,0.5090497732162476,0.5068655014038086,0.48915916681289673,0.54347825050354
Race: Black,932,0.21250000596046448,0.31512606143951416,0.22499999403953552,0.19576719403266907,0.2083333432674408
Race: Other,932,0.7442280054092407,0.7537878751754761,0.7114899158477783,0.703580915927887,0.718120813369751
Overall,933,0.6369482278823853,0.5808256268501282,0.5637165307998657,0.5502948760986328,0.5868852734565735
Gender: Male,933,0.619683027267456,0.6374459266662598,0.5617876052856445,0.5334557294845581,0.6514285802841187
Gender: Female,933,0.565290093421936,0.5035714507102966,0.5035808086395264,0.499970406293869,0.5
Age: <40,933,0.7104895114898682,0.6412087678909302,0.6198135614395142,0.6038945317268372,0.6183205842971802
Age: 40-50,933,0.6619047522544861,0.6253369450569153,0.5885714292526245,0.5840755701065063,0.6567164063453674
Age: 50-65,933,0.5213828086853027,0.460185170173645,0.4693513810634613,0.44904303550720215,0.5046728849411011
Race: White,933,0.538034200668335,0.4655870497226715,0.47094017267227173,0.4632302522659302,0.5352112650871277
Race: Black,933,0.2750000059604645,0.22631579637527466,0.17499999701976776,0.12347826361656189,0.125
Race: Other,933,0.7839916944503784,0.7576862573623657,0.7056133151054382,0.6992510557174683,0.7194244861602783
Overall,934,0.6722730398178101,0.6102700233459473,0.5708698034286499,0.5583333373069763,0.6394557952880859
Gender: Male,934,0.6561011672019958,0.566533625125885,0.5148809552192688,0.46223533153533936,0.6761363744735718
Gender: Female,934,0.6439459323883057,0.5851448774337769,0.5811043977737427,0.5779253840446472,0.5847457647323608
Age: <40,934,0.6430884599685669,0.5678571462631226,0.5473225712776184,0.5275436639785767,0.5859375
Age: 40-50,934,0.7586206197738647,0.6996527910232544,0.6321839094161987,0.6509562730789185,0.8082191944122314
Age: 50-65,934,0.6423255801200867,0.5922222137451172,0.557906985282898,0.5243278741836548,0.5806451439857483
Race: White,934,0.6621900796890259,0.5477303266525269,0.5246211886405945,0.5115112066268921,0.6942148208618164
Race: Black,934,0.42735040187835693,0.28205129504203796,0.28205129504203796,0.27272728085517883,0.27272728085517883
Race: Other,934,0.6796375513076782,0.6745010614395142,0.6180703639984131,0.6017813682556152,0.6490066051483154
Overall,935,0.6507600545883179,0.5990259647369385,0.5772685408592224,0.5662285089492798,0.6060605645179749
Gender: Male,935,0.6667836904525757,0.7855072617530823,0.6037570238113403,0.56488037109375,0.6666666865348816
Gender: Female,935,0.6229603290557861,0.5365853309631348,0.5361305475234985,0.535937488079071,0.5416666865348816
Age: <40,935,0.670731782913208,0.6104146242141724,0.5754779577255249,0.5468409657478333,0.5897436141967773
Age: 40-50,935,0.8013392686843872,0.7688171863555908,0.7790178656578064,0.7733989953994751,0.804347813129425
Age: 50-65,935,0.5808625221252441,0.5157249569892883,0.5132524967193604,0.5023809671401978,0.5368421077728271
Race: White,935,0.5415512323379517,0.4402247369289398,0.45394736528396606,0.44069263339042664,0.5526315569877625
Race: Black,935,0.20370370149612427,0.24060150980949402,0.1805555522441864,0.19360901415348053,0.21212121844291687
Race: Other,935,0.766319990158081,0.7779605388641357,0.712159276008606,0.7082279920578003,0.7333333492279053
Overall,936,0.6443283557891846,0.5646650791168213,0.5562067627906799,0.5480859279632568,0.5714285969734192
Gender: Male,936,0.6812807321548462,0.6333932876586914,0.5730705857276917,0.5600759983062744,0.6687116622924805
Gender: Female,936,0.504858136177063,0.4615677297115326,0.4607461988925934,0.45895522832870483,0.46206897497177124
Age: <40,936,0.6838974356651306,0.623106062412262,0.6066666841506958,0.5834856033325195,0.5928571224212646
Age: 40-50,936,0.7874395847320557,0.6499999761581421,0.6391304731369019,0.6429107189178467,0.6911764740943909
Age: 50-65,936,0.5108119249343872,0.42786067724227905,0.43492451310157776,0.4269949197769165,0.4599999785423279
Race: White,936,0.5474974513053894,0.4323232173919678,0.4384065568447113,0.4331914782524109,0.4861111044883728
Race: Black,936,0.5272727012634277,0.48076921701431274,0.48181819915771484,0.471395879983902,0.4761904776096344
Race: Other,936,0.7550980448722839,0.7121212482452393,0.681176483631134,0.6618024706840515,0.6713286638259888
Overall,937,0.6405274868011475,0.6399650573730469,0.6021223068237305,0.5935519337654114,0.6440677642822266
Gender: Male,937,0.5922287702560425,0.7444946765899658,0.5634897351264954,0.5218116641044617,0.680232584476471
Gender: Female,937,0.6396086812019348,0.5937001705169678,0.5932046175003052,0.5928230881690979,0.5934959053993225
Age: <40,937,0.6654247045516968,0.6517137289047241,0.6121460199356079,0.5909823179244995,0.6220472455024719
Age: 40-50,937,0.7222222089767456,0.8252550959587097,0.6816239356994629,0.7010489702224731,0.7894737124443054
Age: 50-65,937,0.5651289224624634,0.5584524869918823,0.5471506118774414,0.5407741069793701,0.5945945978164673
Race: White,937,0.5531154274940491,0.544660210609436,0.5352400541305542,0.5319538116455078,0.6240601539611816
Race: Black,937,0.4750000238418579,0.4159663915634155,0.375,0.28042328357696533,0.2916666865348816
Race: Other,937,0.7292426824569702,0.7651492357254028,0.6886934041976929,0.6867383718490601,0.7246376872062683
Overall,938,0.6892156600952148,0.6211817264556885,0.5979113578796387,0.5888131856918335,0.6201298832893372
Gender: Male,938,0.6559139490127563,0.6808823347091675,0.5499086976051331,0.5041242241859436,0.6643835306167603
Gender: Female,938,0.6789915561676025,0.5825287103652954,0.5822765827178955,0.5801829099655151,0.5802469253540039
Age: <40,938,0.655985951423645,0.6272277235984802,0.6131162047386169,0.5948121547698975,0.6026490330696106
Age: 40-50,938,0.6912955045700073,0.639830470085144,0.6002024412155151,0.6079627871513367,0.7323943376541138
Age: 50-65,938,0.7228586673736572,0.546583890914917,0.5368248820304871,0.5208210945129395,0.5581395626068115
Race: White,938,0.6401909589767456,0.46854519844055176,0.4739583134651184,0.46682339906692505,0.5625
Race: Black,938,0.21367520093917847,0.27619048953056335,0.29914531111717224,0.2666666805744171,0.27272728085517883
Race: Other,938,0.7970030307769775,0.7949259877204895,0.7508491277694702,0.7258130311965942,0.7323943376541138
Overall,939,0.6805101633071899,0.6274392604827881,0.6016702651977539,0.5905548334121704,0.6208053827285767
Gender: Male,939,0.660904049873352,0.6133803129196167,0.5510705709457397,0.5135614275932312,0.6234567761421204
Gender: Female,939,0.6840736865997314,0.6212021708488464,0.620151698589325,0.6173160076141357,0.6176470518112183
Age: <40,939,0.706890344619751,0.6536130905151367,0.6188672184944153,0.5906593799591064,0.6107382774353027
Age: 40-50,939,0.771276593208313,0.7021104097366333,0.632446825504303,0.6432821750640869,0.746268630027771
Age: 50-65,939,0.5617173910140991,0.5325742959976196,0.5307096242904663,0.5264437794685364,0.5365853309631348
Race: White,939,0.6344233751296997,0.5071070194244385,0.5058519840240479,0.5025761127471924,0.6186440587043762
Race: Black,939,0.3484848737716675,0.4523809552192688,0.4469697177410126,0.320561945438385,0.3214285969734192
Race: Other,939,0.7567192912101746,0.713942289352417,0.6851916313171387,0.6686685085296631,0.6776315569877625
Overall,940,0.6793283224105835,0.6490419507026672,0.6197916269302368,0.6158924102783203,0.6523178815841675
Gender: Male,940,0.6864230632781982,0.6642528772354126,0.5690730810165405,0.5354112982749939,0.648809552192688
Gender: Female,940,0.6924283504486084,0.654793918132782,0.654793918132782,0.654793918132782,0.6567164063453674
Age: <40,940,0.6448276042938232,0.6390320658683777,0.6116092205047607,0.6051459312438965,0.6390977501869202
Age: 40-50,940,0.8339099884033203,0.7575757503509521,0.7647058963775635,0.7607675790786743,0.7843137383460999
Age: 50-65,940,0.6693758964538574,0.617012619972229,0.5834542512893677,0.5650640726089478,0.6101694703102112
Race: White,940,0.640070915222168,0.6018919348716736,0.5880614519119263,0.5892118215560913,0.6418918967247009
Race: Black,940,0.43809521198272705,0.375,0.3857142925262451,0.31677019596099854,0.3181818127632141
Race: Other,940,0.7527281045913696,0.7536014318466187,0.6961922645568848,0.6928881406784058,0.7196969985961914
Overall,941,0.7035573720932007,0.6528406143188477,0.6130899786949158,0.6119309663772583,0.6721854209899902
Gender: Male,941,0.6835154294967651,0.7601410746574402,0.5895568132400513,0.5807788372039795,0.7386363744735718
Gender: Female,941,0.6554855108261108,0.5787037014961243,0.5771752595901489,0.5761345624923706,0.5793651342391968
Age: <40,941,0.7594537734985352,0.6982758641242981,0.644957959651947,0.634615421295166,0.6710526347160339
Age: 40-50,941,0.8265993595123291,0.7242063283920288,0.6902356743812561,0.7045454978942871,0.8461538553237915
Age: 50-65,941,0.5209750533103943,0.5077138543128967,0.5062358379364014,0.4938158392906189,0.5411764979362488
Race: White,941,0.6069819927215576,0.5205570459365845,0.517454981803894,0.5163636207580566,0.6390977501869202
Race: Black,941,0.3392857313156128,0.21764706075191498,0.2857142984867096,0.21263158321380615,0.22727273404598236
Race: Other,941,0.8409261703491211,0.8289953470230103,0.7379518151283264,0.7397959232330322,0.7687074542045593
Overall,942,0.6569947004318237,0.5929926633834839,0.5742220282554626,0.5676199197769165,0.6127945780754089
Gender: Male,942,0.705492377281189,0.7215719223022461,0.5752841234207153,0.5444947481155396,0.6821191906929016
Gender: Female,942,0.5773001313209534,0.5377967953681946,0.5375188589096069,0.5374284982681274,0.5410959124565125
Age: <40,942,0.7098700404167175,0.6407967209815979,0.6080084443092346,0.5884398221969604,0.6158940196037292
Age: 40-50,942,0.7020407915115356,0.5288220643997192,0.5156462788581848,0.5060034394264221,0.71875
Age: 50-65,942,0.5398176908493042,0.5087499618530273,0.5085106492042542,0.5079243183135986,0.5243902206420898
Race: White,942,0.5645787715911865,0.44583332538604736,0.45676276087760925,0.4451867640018463,0.5396825671195984
Race: Black,942,0.2857142686843872,0.23796792328357697,0.25,0.24129031598567963,0.25
Race: Other,942,0.8019723892211914,0.7950025796890259,0.728205144405365,0.7257033586502075,0.748251736164093
Overall,943,0.6854631900787354,0.6348214149475098,0.6051211953163147,0.5912401676177979,0.6217105388641357
Gender: Male,943,0.6712307929992676,0.6750236749649048,0.5569230914115906,0.5090523958206177,0.6424242258071899
Gender: Female,943,0.6733500957489014,0.5997301340103149,0.6003550291061401,0.5969345569610596,0.597122311592102
Age: <40,943,0.7763270139694214,0.7463160753250122,0.7075128555297852,0.6845394372940063,0.6934306621551514
Age: 40-50,943,0.7387820482254028,0.6356837749481201,0.6017628312110901,0.6118181943893433,0.7704917788505554
Age: 50-65,943,0.5454545021057129,0.44035089015960693,0.45151516795158386,0.4206576943397522,0.4433962404727936
Race: White,943,0.6129177808761597,0.46514421701431274,0.4738030731678009,0.45586395263671875,0.529411792755127
Race: Black,943,0.5266666412353516,0.5183823704719543,0.5166666507720947,0.47665053606033325,0.47999998927116394
Race: Other,943,0.7701486349105835,0.7925970554351807,0.7358176708221436,0.7211617231369019,0.7342657446861267
Overall,944,0.5971128940582275,0.5304726362228394,0.5218175649642944,0.5008070468902588,0.5593219995498657
Gender: Male,944,0.6269690990447998,0.5577625632286072,0.5199275612831116,0.4523809552192688,0.5776397585868835
Gender: Female,944,0.5800817012786865,0.5234521627426147,0.5226860046386719,0.5219792723655701,0.5373134016990662
Age: <40,944,0.5772222280502319,0.5319368243217468,0.5258333086967468,0.5183734893798828,0.577235758304596
Age: 40-50,944,0.6669580340385437,0.6339285373687744,0.6180070042610168,0.6231481432914734,0.7027027010917664
Age: 50-65,944,0.5498502254486084,0.46840959787368774,0.4813863933086395,0.39211344718933105,0.4285714328289032
Race: White,944,0.5185439586639404,0.4134615361690521,0.43406593799591064,0.4143870174884796,0.5
Race: Black,944,0.3671875,0.375,0.375,0.3333333432674408,0.3333333432674408
Race: Other,944,0.7045049667358398,0.6898148059844971,0.6234388947486877,0.6075581312179565,0.6592592597007751
Overall,945,0.7132176160812378,0.6225266456604004,0.6028583645820618,0.6038799285888672,0.6533333659172058
Gender: Male,945,0.7307757139205933,0.6954113841056824,0.5827609300613403,0.5832915902137756,0.7528735399246216
Gender: Female,945,0.553787887096405,0.5151324272155762,0.5151515007019043,0.5151094794273376,0.5158730745315552
Age: <40,945,0.7104172706604004,0.6447011232376099,0.6177120804786682,0.619204580783844,0.6693547964096069
Age: 40-50,945,0.7589869499206543,0.6541313529014587,0.6188725233078003,0.625,0.7066667079925537
Age: 50-65,945,0.6820015907287598,0.573752224445343,0.5667877197265625,0.5652493238449097,0.594059407711029
Race: White,945,0.6881377696990967,0.5490565896034241,0.5442177057266235,0.5445632934570312,0.6164383292198181
Race: Black,945,0.575757622718811,0.39047619700431824,0.43030303716659546,0.3499999940395355,0.38461539149284363
Race: Other,945,0.7889743447303772,0.75,0.7123076915740967,0.7198358774185181,0.75
Overall,946,0.5585188865661621,0.5661708116531372,0.5472967028617859,0.5185551643371582,0.558922529220581
Gender: Male,946,0.5721461772918701,0.6746153831481934,0.5518264770507812,0.4787790775299072,0.5950919985771179
Gender: Female,946,0.5137124061584473,0.5178571343421936,0.5173913240432739,0.5127272605895996,0.5149253606796265
Age: <40,946,0.5878995656967163,0.5937997102737427,0.5673515796661377,0.5334763526916504,0.565517246723175
Age: 40-50,946,0.5778723955154419,0.6636245250701904,0.6068085432052612,0.6067527532577515,0.694444477558136
Age: 50-65,946,0.43939393758773804,0.43416929244995117,0.4469697177410126,0.40683430433273315,0.42500001192092896
Race: White,946,0.4365119934082031,0.4466666579246521,0.46328404545783997,0.43433910608291626,0.5118110179901123
Race: Black,946,0.222222238779068,0.2266666740179062,0.2266666740179062,0.1764705926179886,0.1764705926179886
Race: Other,946,0.7517361640930176,0.7494851350784302,0.6840277910232544,0.6715168952941895,0.6985294222831726
Overall,947,0.66816645860672,0.6077179908752441,0.5771231651306152,0.5622461438179016,0.6135593056678772
Gender: Male,947,0.6748567819595337,0.706210196018219,0.5585619807243347,0.515561044216156,0.668639063835144
Gender: Female,947,0.5848675966262817,0.5423815250396729,0.5417402386665344,0.538636326789856,0.5396825671195984
Age: <40,947,0.6380431652069092,0.6515426635742188,0.608639121055603,0.5814346075057983,0.6129032373428345
Age: 40-50,947,0.7524822950363159,0.5895432829856873,0.5528368949890137,0.5321600437164307,0.6233766078948975
Age: 50-65,947,0.6460728049278259,0.5660869479179382,0.5545977354049683,0.5510520339012146,0.6063829660415649
Race: White,947,0.6747395992279053,0.5571428537368774,0.5416666865348816,0.5321637392044067,0.609375
Race: Black,947,0.3015872836112976,0.186956524848938,0.2142857164144516,0.17880183458328247,0.1818181872367859
Race: Other,947,0.7624772787094116,0.7738916277885437,0.6892014741897583,0.6851463317871094,0.7238805890083313
Overall,948,0.6525518894195557,0.6216859817504883,0.5923565626144409,0.5870095491409302,0.6404109597206116
Gender: Male,948,0.6364185810089111,0.62193363904953,0.5511192083358765,0.5271013379096985,0.6744186282157898
Gender: Female,948,0.6207280158996582,0.5921945571899414,0.5905807018280029,0.5893567800521851,0.5916666984558105
Age: <40,948,0.6454503536224365,0.6399775743484497,0.6148897409439087,0.6005809903144836,0.6212121248245239
Age: 40-50,948,0.7051886320114136,0.48896104097366333,0.4899764060974121,0.4888888895511627,0.6521739363670349
Age: 50-65,948,0.6176176071166992,0.6621004343032837,0.6066066026687622,0.5961345434188843,0.6593406796455383
Race: White,948,0.6137452125549316,0.5071429014205933,0.5053879022598267,0.495192289352417,0.585185170173645
Race: Black,948,0.22727271914482117,0.31410256028175354,0.33522728085517883,0.3214285671710968,0.3684210479259491
Race: Other,948,0.733872652053833,0.7726244330406189,0.7052373886108398,0.7030532360076904,0.7318840622901917
Overall,949,0.6647781729698181,0.63323575258255,0.6027222871780396,0.593410849571228,0.6323024034500122
Gender: Male,949,0.6410380601882935,0.6690055131912231,0.5446486473083496,0.4783816933631897,0.6187500357627869
Gender: Female,949,0.7009367942810059,0.6477590799331665,0.6482435464859009,0.647849440574646,0.6488549709320068
Age: <40,949,0.6700111627578735,0.6476668119430542,0.6051282286643982,0.5692856907844543,0.5970149040222168
Age: 40-50,949,0.7308641672134399,0.6625000238418579,0.644444465637207,0.6510263681411743,0.7301587462425232
Age: 50-65,949,0.6222221851348877,0.6038961410522461,0.5888888835906982,0.5852941274642944,0.6170212626457214
Race: White,949,0.5879917144775391,0.5460088849067688,0.5343685150146484,0.5287556648254395,0.625
Race: Black,949,0.16538462042808533,0.3561873137950897,0.33461540937423706,0.30069929361343384,0.3055555522441864
Race: Other,949,0.783065915107727,0.7411859035491943,0.6877896785736084,0.6861010789871216,0.7152317762374878
Overall,950,0.685763955116272,0.6710224151611328,0.6372448801994324,0.6385026574134827,0.6818181872367859
Gender: Male,950,0.6990058422088623,0.7109646201133728,0.6119292974472046,0.6042510271072388,0.6993464231491089
Gender: Female,950,0.661588191986084,0.6533713340759277,0.6491228342056274,0.6502658724784851,0.6616541743278503
Age: <40,950,0.6691524982452393,0.6572252511978149,0.6354802250862122,0.6330952644348145,0.6567164063453674
Age: 40-50,950,0.6176470518112183,0.6567796468734741,0.5777310729026794,0.586363673210144,0.7846153974533081
Age: 50-65,950,0.7021276950836182,0.6499999761581421,0.6292552947998047,0.6237969398498535,0.6436781883239746
Race: White,950,0.5632299184799194,0.51241135597229,0.5093426704406738,0.5025761127471924,0.6186440587043762
Race: Black,950,0.7222222089767456,0.6285714507102966,0.6111111044883728,0.5158620476722717,0.5185185074806213
Race: Other,950,0.7679684162139893,0.772899866104126,0.7388865947723389,0.7454734444618225,0.7659574151039124
Overall,951,0.6545158624649048,0.6333997249603271,0.6178436279296875,0.6142340898513794,0.6336634159088135
Gender: Male,951,0.6025640964508057,0.6501960754394531,0.5584554672241211,0.5233267545700073,0.6526946425437927
Gender: Female,951,0.646468997001648,0.6057238578796387,0.6026591062545776,0.6025365591049194,0.6102941036224365
Age: <40,951,0.7012572288513184,0.7168316841125488,0.6849315166473389,0.6729007959365845,0.6849315166473389
Age: 40-50,951,0.73688805103302,0.6119333505630493,0.6057692170143127,0.6075353622436523,0.6428571343421936
Age: 50-65,951,0.5279269218444824,0.5228070020675659,0.5209451913833618,0.5172030925750732,0.540229856967926
Race: White,951,0.5543071031570435,0.5418629050254822,0.5374531745910645,0.5368492603302002,0.5985401272773743
Race: Black,951,0.440191388130188,0.4000000059604645,0.40430623292922974,0.3659621775150299,0.36666667461395264
Race: Other,951,0.7887445688247681,0.7517006993293762,0.7322510480880737,0.7236227989196777,0.7279411554336548
Overall,952,0.6168291568756104,0.5597355365753174,0.552004337310791,0.5411774516105652,0.5604026913642883
Gender: Male,952,0.6402616500854492,0.6288461685180664,0.5608648061752319,0.5205026865005493,0.6133333444595337
Gender: Female,952,0.5835164785385132,0.5063927173614502,0.5064102411270142,0.5061931610107422,0.5067567825317383
Age: <40,952,0.633181095123291,0.6032925844192505,0.5899289846420288,0.5528168678283691,0.5590550899505615
Age: 40-50,952,0.680533766746521,0.5948996543884277,0.5890895128250122,0.5908264517784119,0.6399999856948853
Age: 50-65,952,0.5783238410949707,0.48196250200271606,0.4835454225540161,0.4773139953613281,0.5
Race: White,952,0.520051121711731,0.4375,0.4448275864124298,0.43897995352745056,0.5227273106575012
Race: Black,952,0.1904761791229248,0.3645833432674408,0.2678571343421936,0.25,0.2800000011920929
Race: Other,952,0.7240890264511108,0.6712087988853455,0.6576923131942749,0.641330897808075,0.6453900337219238
Overall,953,0.599425196647644,0.579659104347229,0.5659350156784058,0.5598181486129761,0.5993484854698181
Gender: Male,953,0.5264526009559631,0.5383597612380981,0.5066513419151306,0.43222999572753906,0.6390532851219177
Gender: Female,953,0.6051249504089355,0.5518128871917725,0.5507246255874634,0.5483530759811401,0.5507246255874634
Age: <40,953,0.5894152522087097,0.6011598110198975,0.583760142326355,0.5691823959350586,0.5912408828735352
Age: 40-50,953,0.7520813941955566,0.69017094373703,0.6646623611450195,0.6723331212997437,0.7285714149475098
Age: 50-65,953,0.5166666507720947,0.4702380895614624,0.4749999940395355,0.4652406573295593,0.5199999809265137
Race: White,953,0.5917874574661255,0.5096712112426758,0.5090579986572266,0.5080607533454895,0.5547944903373718
Race: Black,953,0.0833333358168602,0.1458333432674408,0.1458333432674408,0.1428571492433548,0.1428571492433548
Race: Other,953,0.6572761535644531,0.7336523532867432,0.6639925241470337,0.6514433026313782,0.6870748400688171
Overall,954,0.6415226459503174,0.6076741218566895,0.5785771012306213,0.5652442574501038,0.6148648858070374
Gender: Male,954,0.6778464317321777,0.6950876712799072,0.5817887783050537,0.552057683467865,0.6627218723297119
Gender: Female,954,0.5807253122329712,0.5492208003997803,0.5470690727233887,0.5439425706863403,0.5511810779571533
Age: <40,954,0.719031572341919,0.6988779902458191,0.6330705881118774,0.6025068163871765,0.6369863152503967
Age: 40-50,954,0.7925925850868225,0.6612499952316284,0.6365079283714294,0.6432432532310486,0.7121212482452393
Age: 50-65,954,0.4441176652908325,0.44134896993637085,0.4529411792755127,0.4375,0.5
Race: White,954,0.6793910264968872,0.5964961051940918,0.5765666365623474,0.5793607234954834,0.680272102355957
Race: Black,954,0.24598929286003113,0.190476194024086,0.2566845118999481,0.1979166716337204,0.2142857313156128
Race: Other,954,0.715427041053772,0.6971325874328613,0.6515151858329773,0.6128687858581543,0.6280991435050964
Overall,955,0.7066666483879089,0.6696165204048157,0.6259523630142212,0.6224386096000671,0.6711864471435547
Gender: Male,955,0.7235568761825562,0.7516129016876221,0.5650650858879089,0.5347744226455688,0.7090908885002136
Gender: Female,955,0.625,0.6248508095741272,0.6238162517547607,0.6225185394287109,0.6230769157409668
Age: <40,955,0.7105942964553833,0.6585859060287476,0.6126902103424072,0.6150326728820801,0.6935483813285828
Age: 40-50,955,0.7589285373687744,0.7577030658721924,0.7053571343421936,0.7212543487548828,0.7875000238418579
Age: 50-65,955,0.6469712257385254,0.5862268209457397,0.5739821195602417,0.5316176414489746,0.5384615659713745
Race: White,955,0.6793959140777588,0.5858585834503174,0.5605177879333496,0.5595238208770752,0.6756756901741028
Race: Black,955,0.4732142686843872,0.44583332538604736,0.4419642984867096,0.3901515007019043,0.3913043439388275
Race: Other,955,0.7726205587387085,0.7598038911819458,0.707301139831543,0.698924720287323,0.7177419066429138
Overall,956,0.6528948545455933,0.6119444370269775,0.5839971899986267,0.5730423927307129,0.619528591632843
Gender: Male,956,0.6686207056045532,0.7310811281204224,0.5589655041694641,0.5128083825111389,0.6708860993385315
Gender: Female,956,0.5716356039047241,0.561478853225708,0.5607660412788391,0.5596926212310791,0.5611510872840881
Age: <40,956,0.6739766597747803,0.661506712436676,0.6144005656242371,0.5884805917739868,0.6216216087341309
Age: 40-50,956,0.7619047164916992,0.7828571200370789,0.7142857313156128,0.729468584060669,0.78125
Age: 50-65,956,0.5413752794265747,0.43271857500076294,0.4425990581512451,0.43254154920578003,0.4941176474094391
Race: White,956,0.6077127456665039,0.5144878625869751,0.5114361643791199,0.5073529481887817,0.6268656849861145
Race: Black,956,0.3375000059604645,0.3692810535430908,0.375,0.34518516063690186,0.3461538553237915
Race: Other,956,0.766965389251709,0.7275910377502441,0.6733888387680054,0.6461141109466553,0.6642335653305054
Overall,957,0.6716480255126953,0.6733033061027527,0.6343342661857605,0.633765459060669,0.6789297461509705
Gender: Male,957,0.6257200241088867,0.6840407848358154,0.5780529975891113,0.5574975609779358,0.6839080452919006
Gender: Female,957,0.7007205486297607,0.6701298952102661,0.6685537695884705,0.6689490079879761,0.6720000505447388
Age: <40,957,0.624643862247467,0.680072009563446,0.6424501538276672,0.6420454382896423,0.6818181872367859
Age: 40-50,957,0.7265840172767639,0.7306451797485352,0.6477272510528564,0.6367924213409424,0.6883116960525513
Age: 50-65,957,0.6948431730270386,0.6338461637496948,0.615630030632019,0.6184284687042236,0.6666666865348816
Race: White,957,0.6507985591888428,0.5684210658073425,0.5598894357681274,0.5616181492805481,0.656000018119812
Race: Black,957,0.3229813575744629,0.37267082929611206,0.37267082929611206,0.2666666805744171,0.2666666805744171
Race: Other,957,0.8128968477249146,0.8197777271270752,0.7511904835700989,0.7590543031692505,0.7847222089767456
Overall,958,0.661552906036377,0.6288224458694458,0.6001628041267395,0.5987335443496704,0.6552900671958923
Gender: Male,958,0.6959247589111328,0.6730769276618958,0.5507836937904358,0.5127819776535034,0.6785714626312256
Gender: Female,958,0.617110013961792,0.6205701231956482,0.622456967830658,0.6205025911331177,0.6240000128746033
Age: <40,958,0.6855392456054688,0.6559343338012695,0.6210784316062927,0.6208521127700806,0.6717557311058044
Age: 40-50,958,0.7528179883956909,0.767307698726654,0.6678743958473206,0.6857143044471741,0.7792207598686218
Age: 50-65,958,0.5509518384933472,0.49808430671691895,0.49832025170326233,0.48937731981277466,0.5176470875740051
Race: White,958,0.5728554725646973,0.5205769538879395,0.5157167911529541,0.511685311794281,0.643410861492157
Race: Black,958,0.6411483287811279,0.4750000238418579,0.47607654333114624,0.43270301818847656,0.4333333671092987
Race: Other,958,0.7646520137786865,0.7270408272743225,0.6833791136741638,0.6855237483978271,0.7164179086685181
Overall,959,0.6617283821105957,0.6066666841506958,0.5820512771606445,0.5770723223686218,0.6329966187477112
Gender: Male,959,0.6476137638092041,0.569738507270813,0.5207177400588989,0.4774705767631531,0.668789803981781
Gender: Female,959,0.6236691474914551,0.5906826853752136,0.5894758105278015,0.5893160104751587,0.5928571224212646
Age: <40,959,0.6618421077728271,0.6222972869873047,0.5992324352264404,0.5951536893844604,0.6350364685058594
Age: 40-50,959,0.7846153974533081,0.7289959192276001,0.671923041343689,0.6842218637466431,0.7532467246055603
Age: 50-65,959,0.5541666746139526,0.46546053886413574,0.4749999940395355,0.45105820894241333,0.518072247505188
Race: White,959,0.5594444274902344,0.42277300357818604,0.4402777850627899,0.424140065908432,0.5200000405311584
Race: Black,959,0.2521008253097534,0.3611111044883728,0.3739495873451233,0.2904347777366638,0.2916666865348816
Race: Other,959,0.8062560558319092,0.792792797088623,0.7350928783416748,0.7476556301116943,0.7837837934494019
Overall,960,0.6505074501037598,0.5725010633468628,0.554911196231842,0.5442447662353516,0.5993377566337585
Gender: Male,960,0.6998910903930664,0.7260869741439819,0.5743464231491089,0.5349128842353821,0.6647727489471436
Gender: Female,960,0.576020359992981,0.5035496950149536,0.5035714507102966,0.5034325122833252,0.5079365372657776
Age: <40,960,0.6802884340286255,0.5923295021057129,0.5651041269302368,0.54366135597229,0.591549277305603
Age: 40-50,960,0.8036175966262817,0.801960825920105,0.698966383934021,0.7218844890594482,0.8032786250114441
Age: 50-65,960,0.5008354187011719,0.4494781494140625,0.4555138051509857,0.44668495655059814,0.4848484992980957
Race: White,960,0.571752667427063,0.48545652627944946,0.48879748582839966,0.47871583700180054,0.5760000348091125
Race: Black,960,0.3958333432674408,0.3681318759918213,0.375,0.34837090969085693,0.3499999940395355
Race: Other,960,0.7463767528533936,0.6614329814910889,0.6202239990234375,0.6101404428482056,0.649681568145752
Overall,961,0.6809161901473999,0.633399248123169,0.6019109487533569,0.5920289754867554,0.6319218277931213
Gender: Male,961,0.6990911364555359,0.7424591183662415,0.6164947152137756,0.6064363121986389,0.7058823704719543
Gender: Female,961,0.5734266042709351,0.521824836730957,0.5216783285140991,0.5165323615074158,0.5166667103767395
Age: <40,961,0.6814583539962769,0.6696428656578064,0.6286458373069763,0.6156537532806396,0.6474820375442505
Age: 40-50,961,0.7134544849395752,0.6593136787414551,0.5945454835891724,0.5956932306289673,0.7125000357627869
Age: 50-65,961,0.631007730960846,0.5419540405273438,0.537726104259491,0.5236963629722595,0.5340909361839294
Race: White,961,0.6059877872467041,0.4910714328289032,0.49388113617897034,0.4749999940395355,0.5714285969734192
Race: Black,961,0.41363635659217834,0.3815789520740509,0.37727272510528564,0.3541666865348816,0.35483869910240173
Race: Other,961,0.7748474478721619,0.7994812726974487,0.7391020059585571,0.7379575967788696,0.7573529481887817
Overall,962,0.6376783847808838,0.6077253818511963,0.578770637512207,0.5693121552467346,0.6262626051902771
Gender: Male,962,0.563653826713562,0.5845070481300354,0.5230768918991089,0.47320711612701416,0.6578947305679321
Gender: Female,962,0.6502670049667358,0.5919539928436279,0.5884820818901062,0.5867348909378052,0.5931034684181213
Age: <40,962,0.669930100440979,0.6392326354980469,0.6048951148986816,0.5986001491546631,0.6466165781021118
Age: 40-50,962,0.7115789651870728,0.6462264060974121,0.6305263042449951,0.6363384127616882,0.7246376872062683
Age: 50-65,962,0.5554077625274658,0.5349999666213989,0.5232712626457214,0.4812522530555725,0.5263158082962036
Race: White,962,0.5634469985961914,0.4803379476070404,0.4848484694957733,0.47373253107070923,0.5661764740943909
Race: Black,962,0.41111111640930176,0.46666669845581055,0.46666669845581055,0.380952388048172,0.380952388048172
Race: Other,962,0.7312867641448975,0.7518496513366699,0.6789318919181824,0.6788046360015869,0.7214285731315613
Overall,963,0.6560111045837402,0.593562126159668,0.5759788155555725,0.5672478675842285,0.6026936173439026
Gender: Male,963,0.6831481456756592,0.6449275016784668,0.5444444417953491,0.488304078578949,0.6266666650772095
Gender: Female,963,0.6165120601654053,0.5772727131843567,0.5772727131843567,0.5772727131843567,0.5782312750816345
Age: <40,963,0.7058371305465698,0.6797052621841431,0.6217358112335205,0.5899922847747803,0.6240000128746033
Age: 40-50,963,0.7638461589813232,0.6863636374473572,0.6734615564346313,0.6784648895263672,0.7272727489471436
Age: 50-65,963,0.518336296081543,0.45503419637680054,0.4588550925254822,0.4517543911933899,0.4736842215061188
Race: White,963,0.5869704484939575,0.5184873938560486,0.517650842666626,0.5176769495010376,0.5916666984558105
Race: Black,963,0.15909090638160706,0.19166666269302368,0.18465909361839294,0.18406593799591064,0.18518519401550293
Race: Other,963,0.8017425537109375,0.7658385038375854,0.6902560591697693,0.6639496684074402,0.6866666674613953
Overall,964,0.6375695466995239,0.6075036525726318,0.5743831396102905,0.559621274471283,0.6190475821495056
Gender: Male,964,0.6487969160079956,0.6987048387527466,0.5410159230232239,0.46944284439086914,0.6279069781303406
Gender: Female,964,0.6486928462982178,0.601307213306427,0.601307213306427,0.601307213306427,0.6065573692321777
Age: <40,964,0.646125078201294,0.6519102454185486,0.6169467568397522,0.5989378094673157,0.6259542107582092
Age: 40-50,964,0.7696793079376221,0.7103825211524963,0.6122449040412903,0.6181818246841431,0.7428571581840515
Age: 50-65,964,0.5151946544647217,0.4558219313621521,0.4693732261657715,0.4414786994457245,0.5161290168762207
Race: White,964,0.5345622301101685,0.4928571581840515,0.4942396283149719,0.4886363744735718,0.5999999642372131
Race: Black,964,0.3571428656578064,0.28289473056793213,0.3690476417541504,0.2698412835597992,0.30434784293174744
Race: Other,964,0.7780661582946777,0.7786014080047607,0.6869997978210449,0.6619318127632141,0.6911764740943909
Overall,965,0.7289513349533081,0.6650470495223999,0.6232602596282959,0.6191153526306152,0.6666666865348816
Gender: Male,965,0.7403767108917236,0.7562893033027649,0.60012286901474,0.5785714387893677,0.694915235042572
Gender: Female,965,0.7219563722610474,0.6233153343200684,0.6216108798980713,0.621791422367096,0.6260162591934204
Age: <40,965,0.7532986402511597,0.6882038116455078,0.633646547794342,0.6255501508712769,0.6713286638259888
Age: 40-50,965,0.7795918583869934,0.7427101135253906,0.6925169825553894,0.7104072570800781,0.8125
Age: 50-65,965,0.6623497009277344,0.5728021860122681,0.5612858533859253,0.5419819951057434,0.5591397881507874
Race: White,965,0.6694972515106201,0.5284115076065063,0.5224184989929199,0.5210551023483276,0.6693547964096069
Race: Black,965,0.5497076511383057,0.5166666507720947,0.5175438523292542,0.4636015295982361,0.4642857313156128
Race: Other,965,0.8108552694320679,0.7569378018379211,0.6962719559669495,0.6817204356193542,0.7027027010917664
Overall,966,0.6443943977355957,0.6291928887367249,0.6110360026359558,0.6134101152420044,0.6621159911155701
Gender: Male,966,0.6375935077667236,0.6765880584716797,0.5774311423301697,0.5536290407180786,0.6707316637039185
Gender: Female,966,0.688116192817688,0.6461242437362671,0.6574987173080444,0.6425712704658508,0.6511628031730652
Age: <40,966,0.6836309432983398,0.7103835344314575,0.6616071462631226,0.6626644134521484,0.7033898234367371
Age: 40-50,966,0.6796537041664124,0.660109281539917,0.626839816570282,0.6360153555870056,0.7368420958518982
Age: 50-65,966,0.5658119916915894,0.5307323336601257,0.5301281809806824,0.5301984548568726,0.5555555820465088
Race: White,966,0.5615524053573608,0.5125731229782104,0.5130382180213928,0.5126488208770752,0.6183205842971802
Race: Black,966,0.5117647051811218,0.46071428060531616,0.4676470458507538,0.4000000059604645,0.40740740299224854
Race: Other,966,0.7557355165481567,0.7738741040229797,0.7270580530166626,0.7320300340652466,0.7555555701255798
Overall,967,0.6133295297622681,0.6112184524536133,0.5917229056358337,0.5859649181365967,0.6203389763832092
Gender: Male,967,0.5514112710952759,0.5521582365036011,0.5219253897666931,0.4718250632286072,0.5923566818237305
Gender: Female,967,0.6685714721679688,0.6501580476760864,0.6507936716079712,0.650337815284729,0.6521739363670349
Age: <40,967,0.5461621284484863,0.5746527910232544,0.5519323348999023,0.5306397080421448,0.5853658318519592
Age: 40-50,967,0.7891483306884766,0.726190447807312,0.7087912559509277,0.7150996923446655,0.75
Age: 50-65,967,0.5380614995956421,0.5562499761581421,0.5510638356208801,0.5421774387359619,0.554347813129425
Race: White,967,0.6006806492805481,0.5685042142868042,0.5602666139602661,0.5614113807678223,0.6377952694892883
Race: Black,967,0.2818182110786438,0.39177489280700684,0.3863636255264282,0.34310850501060486,0.34375
Race: Other,967,0.6905381679534912,0.6913825273513794,0.6571180820465088,0.6484172940254211,0.6691176295280457
Overall,968,0.6186344027519226,0.549128532409668,0.5351449847221375,0.502348780632019,0.5405405759811401
Gender: Male,968,0.6833333373069763,0.6082009673118591,0.5428571105003357,0.47937798500061035,0.5779221057891846
Gender: Female,968,0.551243782043457,0.5081197023391724,0.5075621604919434,0.49435776472091675,0.5
Age: <40,968,0.7079458236694336,0.6060283780097961,0.5794578790664673,0.5239442586898804,0.5403225421905518
Age: 40-50,968,0.6242424249649048,0.5807061791419983,0.5484848618507385,0.5246954560279846,0.6081081032752991
Age: 50-65,968,0.5202020406723022,0.4561966061592102,0.4654882252216339,0.444444477558136,0.4897959232330322
Race: White,968,0.6066799163818359,0.46101972460746765,0.4704636037349701,0.44347065687179565,0.4881889820098877
Race: Black,968,0.3999999761581421,0.30000001192092896,0.30000001192092896,0.1666666716337204,0.1666666716337204
Race: Other,968,0.6398159265518188,0.6761363744735718,0.624856173992157,0.6089164018630981,0.6482758522033691
Overall,969,0.6188201904296875,0.5671296119689941,0.5556647777557373,0.5506860017776489,0.5973154306411743
Gender: Male,969,0.6030030250549316,0.6282894611358643,0.555630624294281,0.5308754444122314,0.6666666865348816
Gender: Female,969,0.5860697031021118,0.503720223903656,0.503731369972229,0.5034444332122803,0.5039370059967041
Age: <40,969,0.6720588207244873,0.6238836050033569,0.6053921580314636,0.596474289894104,0.6171875
Age: 40-50,969,0.6075533628463745,0.598901093006134,0.5738916397094727,0.5779326558113098,0.7088607549667358
Age: 50-65,969,0.5059171915054321,0.43854284286499023,0.4455128312110901,0.43653249740600586,0.47252747416496277
Race: White,969,0.6141581535339355,0.5146226286888123,0.5131802558898926,0.5120320916175842,0.5890411138534546
Race: Black,969,0.390625,0.07894736528396606,0.375,0.1304347813129425,0.15000000596046448
Race: Other,969,0.6830357313156128,0.6699276566505432,0.6489661931991577,0.6496080160140991,0.6742424368858337
Overall,970,0.6753687858581543,0.6075851321220398,0.5809394121170044,0.5769147872924805,0.6418918967247009
Gender: Male,970,0.6378204822540283,0.5139859914779663,0.5041478276252747,0.4512471556663513,0.6428571343421936
Gender: Female,970,0.7109756469726562,0.6306501626968384,0.6286585330963135,0.6293566823005676,0.6408450603485107
Age: <40,970,0.6543878316879272,0.6014144420623779,0.5776814818382263,0.557209312915802,0.5882353186607361
Age: 40-50,970,0.7550166845321655,0.7002924084663391,0.6718227863311768,0.6811367273330688,0.746666669845581
Age: 50-65,970,0.6379781365394592,0.49047619104385376,0.4931693971157074,0.4842434823513031,0.6352941393852234
Race: White,970,0.6785041093826294,0.5215053558349609,0.5188560485839844,0.5179687738418579,0.6178861856460571
Race: Black,970,0.46783626079559326,0.280303031206131,0.33040937781333923,0.24129031598567963,0.25
Race: Other,970,0.7399678826332092,0.7534568309783936,0.6838884353637695,0.6900315284729004,0.7379310131072998
Overall,971,0.6551659107208252,0.5916504859924316,0.571832537651062,0.5618296265602112,0.6040955185890198
Gender: Male,971,0.6026737689971924,0.6049190759658813,0.5300356149673462,0.48203814029693604,0.656050980091095
Gender: Female,971,0.6264355182647705,0.5451787710189819,0.5451787710189819,0.5441176295280457,0.5441176295280457
Age: <40,971,0.6594113111495972,0.5848097801208496,0.5674751400947571,0.5485273599624634,0.5755395889282227
Age: 40-50,971,0.7699652910232544,0.7364531755447388,0.6666666865348816,0.6782522201538086,0.75
Age: 50-65,971,0.5379939079284668,0.49281609058380127,0.4939209818840027,0.48377725481987,0.5243902206420898
Race: White,971,0.5850000381469727,0.4950000047683716,0.4958333373069763,0.4917293190956116,0.6000000238418579
Race: Black,971,0.2222222238779068,0.2638888955116272,0.21666666865348816,0.2222222238779068,0.2380952388048172
Race: Other,971,0.7677048444747925,0.7101672887802124,0.6619718074798584,0.6414141654968262,0.6619718074798584
Overall,972,0.6302123069763184,0.6259239912033081,0.6014766693115234,0.5937387347221375,0.6270096302032471
Gender: Male,972,0.59361732006073,0.6771242022514343,0.5595081448554993,0.5079364776611328,0.6309524178504944
Gender: Female,972,0.6545097827911377,0.6219178438186646,0.6221568584442139,0.621915340423584,0.6223776340484619
Age: <40,972,0.6535571813583374,0.6278045177459717,0.6057224869728088,0.5966371893882751,0.6222221851348877
Age: 40-50,972,0.6917891502380371,0.7936274409294128,0.6835171580314636,0.6883604526519775,0.7469879388809204
Age: 50-65,972,0.5218604803085327,0.5161290168762207,0.5144186019897461,0.5062741041183472,0.5268816947937012
Race: White,972,0.5913978815078735,0.5686546564102173,0.5591397881507874,0.5599489808082581,0.6376811861991882
Race: Black,972,0.26455026865005493,0.22981366515159607,0.2698412835597992,0.1964285671710968,0.20000001788139343
Race: Other,972,0.7443270683288574,0.7436046600341797,0.7049100399017334,0.6936964392662048,0.7062937021255493
Overall,973,0.6705236434936523,0.6095339059829712,0.5850507020950317,0.5655755400657654,0.5941558480262756
Gender: Male,973,0.6934736967086792,0.7333333492279053,0.5761403441429138,0.5164444446563721,0.6235294342041016
Gender: Female,973,0.6210747957229614,0.5593434572219849,0.5594309568405151,0.5579478144645691,0.5579710006713867
Age: <40,973,0.6469696760177612,0.5878465175628662,0.568813145160675,0.5210610628128052,0.5354330539703369
Age: 40-50,973,0.7623188495635986,0.7461538314819336,0.6623188257217407,0.6807692050933838,0.7831324934959412
Age: 50-65,973,0.5773584842681885,0.523809552192688,0.5220125913619995,0.505050539970398,0.5102040767669678
Race: White,973,0.6447044610977173,0.5332376956939697,0.5285303592681885,0.5241913199424744,0.5734265446662903
Race: Black,973,0.432692289352417,0.42045456171035767,0.36538460850715637,0.25339367985725403,0.2666666805744171
Race: Other,973,0.7332016229629517,0.7530339956283569,0.6831357479095459,0.6636213064193726,0.6888888478279114
Overall,974,0.6462805867195129,0.6042112112045288,0.5871468782424927,0.5846572518348694,0.6262626051902771
Gender: Male,974,0.6937433481216431,0.7726190090179443,0.601759672164917,0.5789260864257812,0.6967741847038269
Gender: Female,974,0.576411247253418,0.5467010736465454,0.5473790168762207,0.546053946018219,0.5492957830429077
Age: <40,974,0.6681594848632812,0.676916241645813,0.6333408355712891,0.6270489692687988,0.6666666269302368
Age: 40-50,974,0.6657366156578064,0.5481605529785156,0.5401785373687744,0.5371900796890259,0.6022727489471436
Age: 50-65,974,0.5992424488067627,0.5598896741867065,0.5575757622718811,0.5577405095100403,0.5810810923576355
Race: White,974,0.5660920143127441,0.4598749279975891,0.4659593105316162,0.4578014016151428,0.5251798629760742
Race: Black,974,0.21875,0.28431373834609985,0.29374998807907104,0.26814815402030945,0.26923078298568726
Race: Other,974,0.810817301273346,0.8211805820465088,0.7668269276618958,0.7784091234207153,0.8030303120613098
Overall,975,0.6636595129966736,0.6236721873283386,0.593756377696991,0.591530978679657,0.6539792418479919
Gender: Male,975,0.6282656192779541,0.5879310369491577,0.5277576446533203,0.4858819842338562,0.662420392036438
Gender: Female,975,0.682330846786499,0.635064959526062,0.6343985199928284,0.6346935033798218,0.6439394354820251
Age: <40,975,0.6512396335601807,0.628233790397644,0.5948051810264587,0.5860987901687622,0.6363636255264282
Age: 40-50,975,0.836363673210144,0.6527777910232544,0.6636363863945007,0.6577582955360413,0.8030303120613098
Age: 50-65,975,0.6288759708404541,0.5752487182617188,0.5586240291595459,0.539389967918396,0.5714285969734192
Race: White,975,0.6034572124481201,0.5149833559989929,0.5139318704605103,0.5138888955116272,0.6285714507102966
Race: Black,975,0.5,0.4791666865348816,0.4866071343421936,0.42583733797073364,0.46666669845581055
Race: Other,975,0.7781249284744263,0.7999194860458374,0.7116477489471436,0.7023139595985413,0.7310924530029297
Overall,976,0.628132700920105,0.6036036014556885,0.5801771283149719,0.5728715658187866,0.6216216087341309
Gender: Male,976,0.610053300857544,0.6033549308776855,0.5290936827659607,0.46737968921661377,0.6204819083213806
Gender: Female,976,0.6753184795379639,0.6204933524131775,0.6220860481262207,0.6203588247299194,0.6230769157409668
Age: <40,976,0.6611008644104004,0.6460491418838501,0.6017315983772278,0.5836193561553955,0.6285714507102966
Age: 40-50,976,0.6365663409233093,0.6091503500938416,0.5930880904197693,0.5940476059913635,0.6451612710952759
Age: 50-65,976,0.5804597735404968,0.5542986392974854,0.545976996421814,0.5427547693252563,0.5957446694374084
Race: White,976,0.5933583974838257,0.47315704822540283,0.47901004552841187,0.4704861044883728,0.5901638865470886
Race: Black,976,0.3636363744735718,0.3730158805847168,0.3636363744735718,0.29922133684158325,0.30000001192092896
Race: Other,976,0.6945318579673767,0.7322344779968262,0.6870574355125427,0.6874040365219116,0.7152777910232544
Overall,977,0.6717914342880249,0.5603174567222595,0.5527560710906982,0.5522772073745728,0.6116838455200195
Gender: Male,977,0.7306957244873047,0.6777708530426025,0.5545680522918701,0.5304087996482849,0.7133758068084717
Gender: Female,977,0.5755494236946106,0.4962053596973419,0.4961080551147461,0.490722119808197,0.4925372898578644
Age: <40,977,0.6844751834869385,0.544252872467041,0.5362979173660278,0.5321194529533386,0.5982906222343445
Age: 40-50,977,0.7235621213912964,0.6629072427749634,0.6205936670303345,0.6278825998306274,0.7183098196983337
Age: 50-65,977,0.6169871687889099,0.5208845138549805,0.520432710647583,0.5204453468322754,0.553398072719574
Race: White,977,0.6320536136627197,0.5198830366134644,0.5196577310562134,0.5197395086288452,0.5785714387893677
Race: Black,977,0.3380952477455139,0.3100961446762085,0.31190478801727295,0.3095238208770752,0.3103448152542114
Race: Other,977,0.815719723701477,0.7114624977111816,0.6417427062988281,0.6469186544418335,0.7213114500045776
Overall,978,0.6363797783851624,0.5770927667617798,0.560529351234436,0.5442492961883545,0.5780730843544006
Gender: Male,978,0.6803921461105347,0.6422505378723145,0.5469187498092651,0.4921644330024719,0.6220930218696594
Gender: Female,978,0.5504831075668335,0.5191105604171753,0.5192028880119324,0.5186567306518555,0.5193798542022705
Age: <40,978,0.642197847366333,0.5896304249763489,0.5714285969734192,0.543317437171936,0.5629629492759705
Age: 40-50,978,0.634920597076416,0.5416666865348816,0.5368480682373047,0.5376538038253784,0.6567164063453674
Age: 50-65,978,0.6335784196853638,0.5641348361968994,0.5520833134651184,0.5261142253875732,0.5454545617103577
Race: White,978,0.6018538475036621,0.4906455874443054,0.49252158403396606,0.4861111044883728,0.5945945978164673
Race: Black,978,0.0266666729003191,0.2857142984867096,0.07999999821186066,0.125,0.1428571492433548
Race: Other,978,0.7447246313095093,0.6941176652908325,0.6698404550552368,0.6487157344818115,0.656000018119812
Overall,979,0.6354496479034424,0.5642573833465576,0.5497812628746033,0.5348822474479675,0.5762711763381958
Gender: Male,979,0.6299819946289062,0.6472972631454468,0.5357552766799927,0.45910993218421936,0.6012658476829529
Gender: Female,979,0.6399828791618347,0.546308159828186,0.5464469194412231,0.5462607145309448,0.5474452376365662
Age: <40,979,0.6591094732284546,0.6023971438407898,0.570669949054718,0.539036750793457,0.5785714387893677
Age: 40-50,979,0.7511311769485474,0.6666666865348816,0.6425339579582214,0.6411483287811279,0.6666666865348816
Age: 50-65,979,0.5461323261260986,0.46078431606292725,0.46644920110702515,0.4580853283405304,0.5157895088195801
Race: White,979,0.6016018390655518,0.5165841579437256,0.5153318047523499,0.51483154296875,0.588652491569519
Race: Black,979,0.045454543083906174,0.25,0.06818182021379471,0.1071428582072258,0.11999999731779099
Race: Other,979,0.7352092266082764,0.7030303478240967,0.6450216770172119,0.6217008829116821,0.6511628031730652
Overall,980,0.6537312269210815,0.6194320321083069,0.5974129438400269,0.5905288457870483,0.6237288117408752
Gender: Male,980,0.5994874835014343,0.5896366834640503,0.5453723073005676,0.5206230878829956,0.6390532851219177
Gender: Female,980,0.6729066371917725,0.6056159734725952,0.6056159734725952,0.60317462682724,0.60317462682724
Age: <40,980,0.6959264278411865,0.6645208597183228,0.640501081943512,0.6292662620544434,0.644295334815979
Age: 40-50,980,0.7831603288650513,0.6574074029922485,0.6372548937797546,0.6448540687561035,0.75
Age: 50-65,980,0.4858645796775818,0.46834415197372437,0.4743589758872986,0.44814497232437134,0.4743589758872986
Race: White,980,0.5601065754890442,0.4902597665786743,0.4920079708099365,0.4858435094356537,0.5775862336158752
Race: Black,980,0.2448979616165161,0.19374999403953552,0.25,0.18306636810302734,0.190476194024086
Race: Other,980,0.7814505696296692,0.7430256605148315,0.7082798480987549,0.7021989822387695,0.7151898741722107
Overall,981,0.6841641664505005,0.5840038061141968,0.5653225779533386,0.554439127445221,0.5986159443855286
Gender: Male,981,0.7474262118339539,0.6006944179534912,0.5298558473587036,0.4685441851615906,0.6153846383094788
Gender: Female,981,0.635165810585022,0.577010452747345,0.577010452747345,0.577010452747345,0.5789473652839661
Age: <40,981,0.7070928812026978,0.6163469552993774,0.5836163759231567,0.5637480616569519,0.6056337952613831
Age: 40-50,981,0.6904761791229248,0.624387264251709,0.596666693687439,0.5958563089370728,0.6567164063453674
Age: 50-65,981,0.6342711448669434,0.5109090805053711,0.5095908045768738,0.5032723546028137,0.5375000238418579
Race: White,981,0.6063432693481445,0.43831169605255127,0.4512593150138855,0.43981480598449707,0.5555555820465088
Race: Black,981,0.3639456033706665,0.2613636255264282,0.2857142984867096,0.25164473056793213,0.2571428716182709
Race: Other,981,0.8036552667617798,0.7357723712921143,0.6847753524780273,0.6784812211990356,0.7032257914543152
Overall,982,0.6870710849761963,0.6168710589408875,0.6000454425811768,0.593733549118042,0.6174496412277222
Gender: Male,982,0.7282086610794067,0.6632731556892395,0.5729238390922546,0.5414462089538574,0.6474359035491943
Gender: Female,982,0.6339091062545776,0.5843254327774048,0.5843756198883057,0.5843214988708496,0.5845070481300354
Age: <40,982,0.7144089937210083,0.6476964950561523,0.6253954768180847,0.6061707139015198,0.6186440587043762
Age: 40-50,982,0.7442129850387573,0.6606557369232178,0.6417824029922485,0.6457666158676147,0.6860464811325073
Age: 50-65,982,0.605311393737793,0.5390625,0.5343406200408936,0.5272988677024841,0.5531914830207825
Race: White,982,0.608672022819519,0.4858155846595764,0.4880758821964264,0.48193472623825073,0.5590550899505615
Race: Black,982,0.1599999964237213,0.22500000894069672,0.22500000894069672,0.20000000298023224,0.20000001788139343
Race: Other,982,0.8406438827514648,0.7869623899459839,0.7577464580535889,0.752273678779602,0.758865237236023
Overall,983,0.691703200340271,0.6555255651473999,0.6183068752288818,0.6112611293792725,0.6521739363670349
Gender: Male,983,0.6894100904464722,0.6428842544555664,0.5535181164741516,0.5117216110229492,0.6395348906517029
Gender: Female,983,0.7061599493026733,0.6690475940704346,0.6675360202789307,0.6676221489906311,0.6692913174629211
Age: <40,983,0.6900652647018433,0.6871287226676941,0.6322294473648071,0.5989378094673157,0.6259542107582092
Age: 40-50,983,0.7547169923782349,0.7076023817062378,0.6545718312263489,0.6727272868156433,0.8181818723678589
Age: 50-65,983,0.6458333730697632,0.5767590999603271,0.5694444179534912,0.5632779002189636,0.5784313678741455
Race: White,983,0.6777777671813965,0.5656790137290955,0.5527777671813965,0.5511888265609741,0.6320754885673523
Race: Black,983,0.4826086759567261,0.502173900604248,0.502173900604248,0.42424243688583374,0.42424243688583374
Race: Other,983,0.7244784832000732,0.740411102771759,0.6806816458702087,0.6785464882850647,0.7125000357627869
Overall,984,0.6713612079620361,0.6362403631210327,0.6010748147964478,0.6021331548690796,0.6770833134651184
Gender: Male,984,0.6798067092895508,0.7766666412353516,0.5801932215690613,0.5718696117401123,0.7562500238418579
Gender: Female,984,0.6021825075149536,0.5688259601593018,0.567460298538208,0.5675675868988037,0.578125
Age: <40,984,0.7337470650672913,0.7176245450973511,0.6678487062454224,0.6713775396347046,0.7142857313156128
Age: 40-50,984,0.6571428775787354,0.5970588326454163,0.5785714387893677,0.583642303943634,0.7228915691375732
Age: 50-65,984,0.5820136070251465,0.5310457348823547,0.5214931964874268,0.5038461685180664,0.5813953280448914
Race: White,984,0.5515432357788086,0.4595959484577179,0.46666666865348816,0.460317462682724,0.5952381491661072
Race: Black,984,0.47058820724487305,0.3382352888584137,0.3382352888584137,0.260869562625885,0.260869562625885
Race: Other,984,0.8058607578277588,0.848275899887085,0.7543498277664185,0.7754732966423035,0.8201438784599304
Overall,985,0.6526610851287842,0.6406649351119995,0.6232492923736572,0.6224304437637329,0.6486486792564392
Gender: Male,985,0.6618877053260803,0.7537552118301392,0.6185782551765442,0.6094885468482971,0.7117646932601929
Gender: Female,985,0.5801410675048828,0.5635083317756653,0.5625,0.561253547668457,0.5634921193122864
Age: <40,985,0.6793306469917297,0.6791666746139526,0.6604477167129517,0.652135968208313,0.6616541743278503
Age: 40-50,985,0.7611489295959473,0.77704918384552,0.6916099786758423,0.7038961052894592,0.7631579041481018
Age: 50-65,985,0.5353535413742065,0.49659091234207153,0.49663299322128296,0.49654197692871094,0.5287356376647949
Race: White,985,0.5864341259002686,0.5398589372634888,0.5437984466552734,0.5404882431030273,0.6293103694915771
Race: Black,985,0.3218390941619873,0.3076923191547394,0.2701149582862854,0.23205575346946716,0.2368421107530594
Race: Other,985,0.8105472922325134,0.805269181728363,0.765174150466919,0.7641196250915527,0.7746478915214539
Overall,986,0.6335175037384033,0.6116477251052856,0.589410662651062,0.5860835909843445,0.634551465511322
Gender: Male,986,0.6510248184204102,0.7152582406997681,0.5824344158172607,0.5635019540786743,0.7006369829177856
Gender: Female,986,0.5792540907859802,0.5582010746002197,0.557692289352417,0.5577007532119751,0.5625
Age: <40,986,0.7597883939743042,0.7267974019050598,0.6835979223251343,0.6829545497894287,0.7096773982048035
Age: 40-50,986,0.5974467992782593,0.5807486772537231,0.5642553567886353,0.5630252361297607,0.6388888955116272
Age: 50-65,986,0.5064786672592163,0.48646724224090576,0.48913872241973877,0.4780447483062744,0.5428571701049805
Race: White,986,0.5250120162963867,0.48018020391464233,0.4841269850730896,0.47777777910232544,0.6028368473052979
Race: Black,986,0.23750001192092896,0.3333333432674408,0.3125,0.28205129504203796,0.2857142984867096
Race: Other,986,0.8026560544967651,0.7642776966094971,0.7199441194534302,0.7217261791229248,0.7424242496490479
Overall,987,0.6877880096435547,0.6157548427581787,0.5963901877403259,0.5921526551246643,0.6267123222351074
Gender: Male,987,0.7329434156417847,0.7669082283973694,0.5646198987960815,0.5115630030632019,0.6598639488220215
Gender: Female,987,0.6521239876747131,0.5939284563064575,0.5944316983222961,0.5927935838699341,0.5931034684181213
Age: <40,987,0.662816047668457,0.6337271928787231,0.6085439920425415,0.574999988079071,0.5882353186607361
Age: 40-50,987,0.7734042406082153,0.7176549434661865,0.6718084812164307,0.6847058534622192,0.7611939907073975
Age: 50-65,987,0.6779661178588867,0.538375973701477,0.5389830470085144,0.5386016368865967,0.584269642829895
Race: White,987,0.6470085382461548,0.48860180377960205,0.4893162250518799,0.4883959889411926,0.5813953280448914
Race: Black,987,0.24637681245803833,0.3526315987110138,0.2971014380455017,0.26181817054748535,0.27586206793785095
Race: Other,987,0.7979390621185303,0.7831689119338989,0.7314068078994751,0.7288095355033875,0.746268630027771
Overall,988,0.567363977432251,0.5778287649154663,0.560606062412262,0.5494704842567444,0.5941558480262756
Gender: Male,988,0.5517902374267578,0.6454735994338989,0.5444373488426208,0.4793119430541992,0.606249988079071
Gender: Female,988,0.605840802192688,0.574648916721344,0.5751488208770752,0.5747914910316467,0.5810810923576355
Age: <40,988,0.5828124284744263,0.625,0.6015625,0.593645453453064,0.625
Age: 40-50,988,0.63289475440979,0.6634920835494995,0.6355262994766235,0.6424242258071899,0.7118644118309021
Age: 50-65,988,0.5287901163101196,0.45625001192092896,0.4681122601032257,0.43660569190979004,0.485714316368103
Race: White,988,0.4533333480358124,0.4082401692867279,0.42373737692832947,0.4139404892921448,0.5548387169837952
Race: Black,988,0.13333332538604736,0.29374998807907104,0.3166666626930237,0.23636364936828613,0.2380952388048172
Race: Other,988,0.7196758985519409,0.7543478012084961,0.7166666984558105,0.6898496150970459,0.696969747543335
Overall,989,0.6404256224632263,0.6055724620819092,0.5735230445861816,0.5534937381744385,0.6034482717514038
Gender: Male,989,0.6641368865966797,0.6597744226455688,0.550595223903656,0.4900153577327728,0.6144577860832214
Gender: Female,989,0.6088657379150391,0.5872973203659058,0.5842242240905762,0.58260178565979,0.5887096524238586
Age: <40,989,0.6501170992851257,0.6571698188781738,0.5975409746170044,0.5672568678855896,0.6183205842971802
Age: 40-50,989,0.7658730149269104,0.6184210777282715,0.5803571343421936,0.5818182229995728,0.695652186870575
Age: 50-65,989,0.510143518447876,0.523809552192688,0.5200395584106445,0.49515554308891296,0.5111111402511597
Race: White,989,0.6307398080825806,0.5848214626312256,0.5565476417541504,0.5408163070678711,0.6142857074737549
Race: Black,989,0.29864251613616943,0.28409090638160706,0.3280543088912964,0.2800000011920929,0.30000001192092896
Race: Other,989,0.7393972873687744,0.7080745697021484,0.6495535373687744,0.6336996555328369,0.6666666865348816
Overall,990,0.644263744354248,0.6554393172264099,0.600677490234375,0.5776674747467041,0.6287625432014465
Gender: Male,990,0.568676233291626,0.692365288734436,0.5505242347717285,0.49381405115127563,0.6424580812454224
Gender: Female,990,0.700419545173645,0.6215277910232544,0.6174825429916382,0.6069960594177246,0.6083333492279053
Age: <40,990,0.6312655210494995,0.6679292917251587,0.6155086755752563,0.5869918465614319,0.6220472455024719
Age: 40-50,990,0.6701323390007019,0.643750011920929,0.54347825050354,0.5071428418159485,0.6811594367027283
Age: 50-65,990,0.6373584866523743,0.6228070259094238,0.5950943231582642,0.5748515129089355,0.6019417643547058
Race: White,990,0.6134430170059204,0.5657692551612854,0.5469135642051697,0.539179801940918,0.626984179019928
Race: Black,990,0.4691358208656311,0.43406593799591064,0.42592594027519226,0.2720588445663452,0.27272728085517883
Race: Other,990,0.74417644739151,0.7948213815689087,0.6854256987571716,0.6725146770477295,0.7142857313156128
Overall,991,0.6672446727752686,0.6054753661155701,0.5837909579277039,0.5783621072769165,0.6245733499526978
Gender: Male,991,0.6360509395599365,0.6004300117492676,0.5281217694282532,0.4762353003025055,0.6477987170219421
Gender: Female,991,0.6749384999275208,0.5962095856666565,0.5964677333831787,0.5962053537368774,0.5970149040222168
Age: <40,991,0.6264945268630981,0.5980392694473267,0.5789096355438232,0.5764055848121643,0.6315789818763733
Age: 40-50,991,0.8200000524520874,0.7523584961891174,0.6945454478263855,0.7050540447235107,0.7536231875419617
Age: 50-65,991,0.5802707672119141,0.5115385055541992,0.509429395198822,0.4892857074737549,0.5164835453033447
Race: White,991,0.6297222375869751,0.5107230544090271,0.5097222328186035,0.5088636875152588,0.6000000238418579
Race: Black,991,0.3478260636329651,0.36868688464164734,0.3586956560611725,0.28958332538604736,0.29032257199287415
Race: Other,991,0.7948538064956665,0.7575757503509521,0.6968421339988708,0.6965517401695251,0.7272727489471436
Overall,992,0.6352182626724243,0.5842404365539551,0.5696465373039246,0.5667505264282227,0.617241382598877
Gender: Male,992,0.6175516247749329,0.5583333373069763,0.5263274312019348,0.4959586262702942,0.6416184902191162
Gender: Female,992,0.6332547664642334,0.5808007121086121,0.5815153121948242,0.5800923109054565,0.5811966061592102
Age: <40,992,0.6085423231124878,0.6306818127632141,0.5901253819465637,0.574440062046051,0.6274510025978088
Age: 40-50,992,0.8151514530181885,0.7042483687400818,0.689393937587738,0.6959937214851379,0.7906976938247681
Age: 50-65,992,0.5136696100234985,0.45271381735801697,0.45571815967559814,0.4488653242588043,0.46078431606292725
Race: White,992,0.5509473085403442,0.4689866006374359,0.472734272480011,0.4689365029335022,0.5703703761100769
Race: Black,992,0.6052631139755249,0.5223214626312256,0.5328947305679321,0.3807692527770996,0.3913043439388275
Race: Other,992,0.7216346263885498,0.695732593536377,0.6653846502304077,0.6694703102111816,0.7045454978942871
Overall,993,0.6513990163803101,0.6179854869842529,0.5968632698059082,0.5941669344902039,0.6360656023025513
Gender: Male,993,0.7150974273681641,0.7417721748352051,0.6033549904823303,0.5860465168952942,0.6966292262077332
Gender: Female,993,0.5497251749038696,0.5508432388305664,0.5512243509292603,0.5501770973205566,0.5511810779571533
Age: <40,993,0.708098292350769,0.6694307327270508,0.6378928422927856,0.6248403787612915,0.6453900337219238
Age: 40-50,993,0.7325193881988525,0.6424242258071899,0.6304106712341309,0.6354166269302368,0.7428571581840515
Age: 50-65,993,0.5263403654098511,0.5097402334213257,0.5083916187286377,0.5014185309410095,0.542553186416626
Race: White,993,0.6325757503509521,0.5513915419578552,0.5473484992980957,0.5482479333877563,0.6299212574958801
Race: Black,993,0.20202019810676575,0.23181818425655365,0.20202019810676575,0.19017764925956726,0.19354838132858276
Race: Other,993,0.7458428144454956,0.7611057758331299,0.704365074634552,0.705894410610199,0.7346938848495483
Overall,994,0.6019456386566162,0.5872033834457397,0.5757373571395874,0.5702221393585205,0.5960264801979065
Gender: Male,994,0.5891416072845459,0.6494553089141846,0.5629127025604248,0.5309461355209351,0.6513158082962036
Gender: Female,994,0.5492532253265381,0.5398505926132202,0.5398292541503906,0.5398159027099609,0.5400000214576721
Age: <40,994,0.6284457445144653,0.6163265705108643,0.6012176275253296,0.5928080081939697,0.6103895902633667
Age: 40-50,994,0.7447367906570435,0.7310606241226196,0.7006579041481018,0.7107843160629272,0.7627118825912476
Age: 50-65,994,0.4903748631477356,0.4457626938819885,0.4513677954673767,0.44025158882141113,0.4606741666793823
Race: White,994,0.49219685792922974,0.46632885932922363,0.47008803486824036,0.4663185179233551,0.556291401386261
Race: Black,994,0.3541666865348816,0.4196428656578064,0.40625,0.3583333492279053,0.3636363744735718
Race: Other,994,0.7347826361656189,0.7094027996063232,0.6931159496307373,0.6783825159072876,0.6821705102920532
Overall,995,0.6536952257156372,0.6328616142272949,0.6065822839736938,0.5924490690231323,0.61774742603302
Gender: Male,995,0.610496461391449,0.65444016456604,0.5680851340293884,0.5198863744735718,0.6094674468040466
Gender: Female,995,0.6859375238418579,0.629687488079071,0.629687488079071,0.6290322542190552,0.6290322542190552
Age: <40,995,0.6406927108764648,0.6377254724502563,0.6028138399124146,0.5721938610076904,0.5968992114067078
Age: 40-50,995,0.7857142686843872,0.75,0.7329192161560059,0.7393745183944702,0.7692307829856873
Age: 50-65,995,0.6285713911056519,0.5573891401290894,0.5475510358810425,0.5261142253875732,0.5454545617103577
Race: White,995,0.6055372953414917,0.5267857313156128,0.5197368860244751,0.5067319273948669,0.5806451439857483
Race: Black,995,0.30263155698776245,0.460317462682724,0.43421053886413574,0.3611111044883728,0.3913043439388275
Race: Other,995,0.7379879951477051,0.7163547277450562,0.6822447776794434,0.6710423231124878,0.6849315166473389
Overall,996,0.606117844581604,0.5409144163131714,0.5311965942382812,0.5155004262924194,0.564784049987793
Gender: Male,996,0.6469852924346924,0.5963023900985718,0.5272570848464966,0.4607113301753998,0.6073619723320007
Gender: Female,996,0.5567989349365234,0.5114285945892334,0.5114020109176636,0.5113883018493652,0.5144927501678467
Age: <40,996,0.6608228087425232,0.5857007503509521,0.5634642243385315,0.5246909856796265,0.5496183037757874
Age: 40-50,996,0.7120567560195923,0.6389325261116028,0.6255319118499756,0.6309523582458496,0.7419354915618896
Age: 50-65,996,0.5077139139175415,0.43589746952056885,0.4474053382873535,0.43157896399497986,0.48148149251937866
Race: White,996,0.5393939018249512,0.4255101978778839,0.4354797899723053,0.4279569685459137,0.518796980381012
Race: Black,996,0.4019138813018799,0.3650793731212616,0.3779904246330261,0.3303571343421936,0.3333333432674408
Race: Other,996,0.7081229090690613,0.711637020111084,0.6477272510528564,0.6264470219612122,0.6594203114509583
Overall,997,0.6969394683837891,0.6497113704681396,0.612171471118927,0.5964275002479553,0.6302250623703003
Gender: Male,997,0.6803075075149536,0.6218205690383911,0.5451388955116272,0.4999200701713562,0.6304348111152649
Gender: Female,997,0.6661616563796997,0.6353439688682556,0.6371212005615234,0.6295537948608398,0.6299212574958801
Age: <40,997,0.6644198894500732,0.6159420013427734,0.6045751571655273,0.5916666984558105,0.6000000238418579
Age: 40-50,997,0.7196428775787354,0.7424242496490479,0.6357142925262451,0.6225218176841736,0.6911764740943909
Age: 50-65,997,0.7303544282913208,0.645098090171814,0.5855161547660828,0.5616039037704468,0.6310679912567139
Race: White,997,0.6785565614700317,0.5476682186126709,0.533687949180603,0.527832567691803,0.644295334815979
Race: Black,997,0.3571428656578064,0.3550724685192108,0.2321428656578064,0.19919919967651367,0.21875
Race: Other,997,0.795913577079773,0.7666666507720947,0.7280826568603516,0.7077586650848389,0.7153846025466919
Overall,998,0.6360071301460266,0.5983141660690308,0.5771836042404175,0.5666099786758423,0.6059602499008179
Gender: Male,998,0.6248612403869629,0.6289557218551636,0.5452275276184082,0.4978354871273041,0.6321839094161987
Gender: Female,998,0.629638671875,0.5703296661376953,0.5703125,0.5702862739562988,0.5703125
Age: <40,998,0.6689189672470093,0.6164215803146362,0.5855855941772461,0.5696640014648438,0.6119402647018433
Age: 40-50,998,0.7459936141967773,0.6868823170661926,0.6666666269302368,0.6726353168487549,0.7162162065505981
Age: 50-65,998,0.510869562625885,0.5073529481887817,0.5058876872062683,0.4822796881198883,0.5106382966041565
Race: White,998,0.5273206233978271,0.46769627928733826,0.47245997190475464,0.46629080176353455,0.5492957830429077
Race: Black,998,0.3804347813129425,0.42763158679008484,0.3804347813129425,0.28050491213798523,0.29629629850387573
Race: Other,998,0.8036530017852783,0.7699049115180969,0.7074201107025146,0.7038594484329224,0.7293233275413513
Overall,999,0.6912919282913208,0.6270291805267334,0.6011635661125183,0.599049985408783,0.6478404998779297
Gender: Male,999,0.7115384340286255,0.6628078818321228,0.5577797293663025,0.5280251502990723,0.6792452335357666
Gender: Female,999,0.6618589162826538,0.6084991097450256,0.6081730723381042,0.6083053350448608,0.6126760244369507
Age: <40,999,0.7369356155395508,0.6881720423698425,0.642059862613678,0.6375217437744141,0.6771653294563293
Age: 40-50,999,0.7847744226455688,0.6955503225326538,0.6569548845291138,0.6697746515274048,0.7733333706855774
Age: 50-65,999,0.5721903443336487,0.5030317306518555,0.5026661157608032,0.49230772256851196,0.5151515007019043
Race: White,999,0.598737359046936,0.4754672944545746,0.4787878692150116,0.4751887619495392,0.597122311592102
Race: Black,999,0.4318181872367859,0.4318181872367859,0.4318181872367859,0.42105263471603394,0.42105263471603394
Race: Other,999,0.7870588302612305,0.7808516025543213,0.7159804105758667,0.7065509557723999,0.7272727489471436
