group,iteration,AUC,Precision,Recall,F1,Accuracy
Overall,0,0.597765326499939,0.2963576018810272,0.5,0.37214136123657227,0.5927152037620544
Gender: Male,0,0.5587021708488464,0.29054054617881775,0.5,0.36752137541770935,0.5810810923576355
Gender: Female,0,0.649215579032898,0.30194804072380066,0.5,0.37651821970939636,0.6038960814476013
Age: <40,0,0.6256250143051147,0.2857142984867096,0.5,0.3636363744735718,0.5714285969734192
Age: 40-50,0,0.5009920597076416,0.28125,0.5,0.36000001430511475,0.5625
Age: 50-65,0,0.6290249824523926,0.3214285671710968,0.5,0.3913043439388275,0.6428571343421936
Race: White,0,0.6594247221946716,0.3193277418613434,0.5,0.3897435963153839,0.6386554837226868
Race: Black,0,0.6038461923599243,0.3030303120613098,0.5,0.37735849618911743,0.6060606241226196
Race: Other,0,0.5516993403434753,0.27666667103767395,0.5,0.3562231659889221,0.5533333420753479
Overall,1,0.506648063659668,0.3222591280937195,0.5,0.39191919565200806,0.644518256187439
Gender: Male,1,0.540104866027832,0.3044692873954773,0.5,0.3784722089767456,0.6089385151863098
Gender: Female,1,0.47249603271484375,0.34836065769195557,0.5,0.4106280207633972,0.6967212557792664
Age: <40,1,0.5374677181243896,0.32824426889419556,0.5,0.3963133692741394,0.6564885377883911
Age: 40-50,1,0.4119047522544861,0.28915661573410034,0.5,0.3664122223854065,0.5783132314682007
Age: 50-65,1,0.5623457431793213,0.3448275923728943,0.5,0.40816327929496765,0.6896551847457886
Race: White,1,0.6349654197692871,0.3192307651042938,0.5,0.38967135548591614,0.6384615302085876
Race: Black,1,0.4276094138622284,0.3552631437778473,0.5,0.4153846204280853,0.7105263471603394
Race: Other,1,0.4305150508880615,0.31578946113586426,0.5,0.3870967626571655,0.6315789818763733
Overall,2,0.5585345029830933,0.266211599111557,0.5,0.3474387526512146,0.532423198223114
Gender: Male,2,0.5544332265853882,0.26035502552986145,0.5,0.34241244196891785,0.5207100510597229
Gender: Female,2,0.5614495873451233,0.27419355511665344,0.5,0.3541666567325592,0.5483870506286621
Age: <40,2,0.6587064862251282,0.26408451795578003,0.5,0.34562212228775024,0.5281689763069153
Age: 40-50,2,0.4166666865348816,0.2461538463830948,0.5,0.3298968970775604,0.4923076927661896
Age: 50-65,2,0.48097074031829834,0.2848837077617645,0.5,0.3629629611968994,0.569767415523529
Race: White,2,0.608367919921875,0.2936508059501648,0.5,0.3700000047683716,0.5873016119003296
Race: Black,2,0.7395833730697632,0.20000000298023224,0.5,0.2857142984867096,0.4000000059604645
Race: Other,2,0.4981488287448883,0.25170066952705383,0.5,0.33484163880348206,0.5034013390541077
Overall,3,0.5221281051635742,0.27721089124679565,0.5,0.3566739559173584,0.5544217824935913
Gender: Male,3,0.5350475311279297,0.2738853394985199,0.5,0.3539094626903534,0.5477707386016846
Gender: Female,3,0.5101732015609741,0.2810218930244446,0.5,0.3598130941390991,0.5620437860488892
Age: <40,3,0.5800340175628662,0.29136690497398376,0.5,0.36818182468414307,0.5827338099479675
Age: 40-50,3,0.44562333822250366,0.23636363446712494,0.5,0.32098764181137085,0.4727272689342499
Age: 50-65,3,0.48498377203941345,0.2800000011920929,0.5,0.3589743673801422,0.5600000023841858
Race: White,3,0.6336429119110107,0.2720000147819519,0.5,0.35233160853385925,0.5440000295639038
Race: Black,3,0.7264957427978516,0.2954545319080353,0.5,0.37142857909202576,0.5909091234207153
Race: Other,3,0.41763603687286377,0.2789115607738495,0.5,0.35807859897613525,0.557823121547699
Overall,4,0.597941517829895,0.2888513505458832,0.5,0.36616700887680054,0.5777027010917664
Gender: Male,4,0.6296164989471436,0.28947368264198303,0.5,0.36666667461395264,0.5789473652839661
Gender: Female,4,0.5680426955223083,0.2881944477558136,0.5,0.36563876271247864,0.5763888955116272
Age: <40,4,0.6472452878952026,0.30000001192092896,0.5,0.375,0.6000000238418579
Age: 40-50,4,0.46398043632507324,0.32499998807907104,0.5,0.39393940567970276,0.6500000357627869
Age: 50-65,4,0.6111111640930176,0.24725274741649628,0.5,0.33088234066963196,0.49450549483299255
Race: White,4,0.5905765295028687,0.2838982939720154,0.5,0.36216217279434204,0.5677965879440308
Race: Black,4,0.6875,0.3125,0.5,0.38461539149284363,0.625
Race: Other,4,0.5996543765068054,0.2876712381839752,0.5,0.365217387676239,0.5753424763679504
Overall,5,0.49176645278930664,0.2830508351325989,0.5,0.36147186160087585,0.5661016702651978
Gender: Male,5,0.42079365253448486,0.28125,0.5,0.36000001430511475,0.5625
Gender: Female,5,0.5754590034484863,0.28518518805503845,0.5,0.36320754885673523,0.5703703761100769
Age: <40,5,0.5421810746192932,0.3139534890651703,0.5,0.3857142925262451,0.6279069781303406
Age: 40-50,5,0.3745098114013672,0.265625,0.5,0.3469387888908386,0.53125
Age: 50-65,5,0.494615375995636,0.2549019753932953,0.5,0.33766233921051025,0.5098039507865906
Race: White,5,0.5749529600143433,0.28787878155708313,0.5,0.36538460850715637,0.575757622718811
Race: Black,5,0.5260416269302368,0.2857142984867096,0.5,0.3636363744735718,0.5714285969734192
Race: Other,5,0.4355555772781372,0.2777777910232544,0.5,0.3571428656578064,0.555555522441864
Overall,6,0.5240740776062012,0.2970297038555145,0.5,0.3726707994937897,0.594059407711029
Gender: Male,6,0.6094696521759033,0.3178808093070984,0.5,0.38866397738456726,0.6357616186141968
Gender: Female,6,0.4546568989753723,0.2763157784938812,0.5,0.35593220591545105,0.5526315569877625
Age: <40,6,0.5327585935592651,0.28985506296157837,0.5,0.3669724762439728,0.5797101259231567
Age: 40-50,6,0.4586776793003082,0.2857142984867096,0.5,0.3636363744735718,0.5714285969734192
Age: 50-65,6,0.58203125,0.3181818127632141,0.5,0.3888888955116272,0.6363636255264282
Race: White,6,0.6156401634216309,0.27407407760620117,0.5,0.35406699776649475,0.5481481552124023
Race: Black,6,0.5306122303009033,0.3333333432674408,0.5,0.4000000059604645,0.6666666865348816
Race: Other,6,0.41956520080566406,0.31292515993118286,0.5,0.38493722677230835,0.6258503198623657
Overall,7,0.5824245810508728,0.28093644976615906,0.5,0.35974302887916565,0.5618728995323181
Gender: Male,7,0.5653766393661499,0.28437501192092896,0.5,0.3625498116016388,0.5687500238418579
Gender: Female,7,0.6059907674789429,0.27697840332984924,0.5,0.35648149251937866,0.5539568662643433
Age: <40,7,0.6674834489822388,0.29615384340286255,0.5,0.3719806671142578,0.5923076868057251
Age: 40-50,7,0.46593403816223145,0.23648647964000702,0.5,0.3211009204387665,0.4729729890823364
Age: 50-65,7,0.5714285373687744,0.2947368323802948,0.5,0.3708609342575073,0.5894737243652344
Race: White,7,0.6146589517593384,0.2977099120616913,0.5,0.3732057511806488,0.5954198241233826
Race: Black,7,0.6032388210296631,0.203125,0.5,0.2888889014720917,0.40625
Race: Other,7,0.5465551614761353,0.28308823704719543,0.5,0.36150234937667847,0.5661764740943909
Overall,8,0.5226535797119141,0.2993420958518982,0.5,0.374485582113266,0.5986841917037964
Gender: Male,8,0.5231119394302368,0.30000001192092896,0.5,0.375,0.6000000238418579
Gender: Female,8,0.5230553150177002,0.2986111044883728,0.5,0.373913049697876,0.5972222089767456
Age: <40,8,0.5753424763679504,0.28515625,0.5,0.3631840944290161,0.5703125
Age: 40-50,8,0.38447970151901245,0.30434781312942505,0.5,0.37837839126586914,0.6086956858634949
Age: 50-65,8,0.5473880767822266,0.31308412551879883,0.5,0.3850574791431427,0.6261681914329529
Race: White,8,0.6065666079521179,0.2789115607738495,0.5,0.35807859897613525,0.557823121547699
Race: Black,8,0.523809552192688,0.4117647111415863,0.5,0.4516128897666931,0.8235294222831726
Race: Other,8,0.45004308223724365,0.30714285373687744,0.5,0.38053098320961,0.6142857074737549
Overall,9,0.5305755138397217,0.27062705159187317,0.5,0.35117772221565247,0.5412541627883911
Gender: Male,9,0.5542734861373901,0.2678571343421936,0.5,0.3488371968269348,0.5357142686843872
Gender: Female,9,0.5031014680862427,0.27407407760620117,0.5,0.35406699776649475,0.5481481552124023
Age: <40,9,0.5635511875152588,0.27898550033569336,0.5,0.3581395447254181,0.5579710006713867
Age: 40-50,9,0.48555320501327515,0.21710526943206787,0.5,0.302752286195755,0.43421053886413574
Age: 50-65,9,0.5100529193878174,0.30337077379226685,0.5,0.3776223659515381,0.6067416071891785
Race: White,9,0.6049841046333313,0.2715231776237488,0.5,0.3519313335418701,0.5430463552474976
Race: Black,9,0.7272727489471436,0.2800000011920929,0.5,0.3589743673801422,0.5600000023841858
Race: Other,9,0.4237288236618042,0.26771652698516846,0.5,0.34871795773506165,0.5354330539703369
Overall,10,0.46690475940704346,0.29661017656326294,0.5,0.3723404109477997,0.5932203531265259
Gender: Male,10,0.45896804332733154,0.29891303181648254,0.5,0.3741496503353119,0.5978261232376099
Gender: Female,10,0.48929765820503235,0.29279279708862305,0.5,0.3693181872367859,0.5855855941772461
Age: <40,10,0.5617760419845581,0.32710281014442444,0.5,0.395480215549469,0.6542055606842041
Age: 40-50,10,0.3512345850467682,0.2777777910232544,0.5,0.3571428656578064,0.5555555820465088
Age: 50-65,10,0.4645390212535858,0.28037384152412415,0.5,0.359281450510025,0.5607476234436035
Race: White,10,0.5062893033027649,0.2977099120616913,0.5,0.3732057511806488,0.5954198241233826
Race: Black,10,0.6643598079681396,0.25,0.5,0.3333333432674408,0.5
Race: Other,10,0.39675000309944153,0.3076923191547394,0.5,0.380952388048172,0.6153846383094788
Overall,11,0.5623152256011963,0.27702704071998596,0.5,0.35652172565460205,0.5540540814399719
Gender: Male,11,0.5265700817108154,0.28703704476356506,0.5,0.364705890417099,0.5740740895271301
Gender: Female,11,0.5991504192352295,0.26492536067962646,0.5,0.34634146094322205,0.5298507213592529
Age: <40,11,0.6695402264595032,0.31294962763786316,0.5,0.3849557638168335,0.6258993148803711
Age: 40-50,11,0.5370879173278809,0.25925925374031067,0.5,0.3414634168148041,0.5185185074806213
Age: 50-65,11,0.4603174924850464,0.23786407709121704,0.5,0.32236841320991516,0.4757281541824341
Race: White,11,0.6429550647735596,0.28125,0.5,0.36000001430511475,0.5625
Race: Black,11,0.59375,0.20000000298023224,0.5,0.2857142984867096,0.4000000059604645
Race: Other,11,0.4603508710861206,0.28409090638160706,0.5,0.36231884360313416,0.5681818127632141
Overall,12,0.5243122577667236,0.3027210831642151,0.5,0.37711864709854126,0.6054421663284302
Gender: Male,12,0.5107473134994507,0.30188679695129395,0.5,0.3764705955982208,0.6037735939025879
Gender: Female,12,0.5402668714523315,0.3037036955356598,0.5,0.37788018584251404,0.6074073910713196
Age: <40,12,0.5452401638031006,0.3120567500591278,0.5,0.3842794895172119,0.6241134405136108
Age: 40-50,12,0.5093808174133301,0.305970162153244,0.5,0.37962964177131653,0.6119402647018433
Age: 50-65,12,0.48593491315841675,0.2848837077617645,0.5,0.3629629611968994,0.569767415523529
Race: White,12,0.594936728477478,0.29924243688583374,0.5,0.3744075894355774,0.5984848737716675
Race: Black,12,0.699999988079071,0.3076923191547394,0.5,0.380952388048172,0.6153846383094788
Race: Other,12,0.4421459436416626,0.30514705181121826,0.5,0.37899544835090637,0.6102941036224365
Overall,13,0.6245911121368408,0.3041236996650696,0.5,0.3782051205635071,0.6082474589347839
Gender: Male,13,0.6595317721366882,0.344311386346817,0.5,0.40780141949653625,0.688622772693634
Gender: Female,13,0.5793444514274597,0.25,0.5,0.3333333432674408,0.5
Age: <40,13,0.6870527267456055,0.3107142746448517,0.5,0.38325992226600647,0.6214285492897034
Age: 40-50,13,0.49259257316589355,0.27272728085517883,0.5,0.3529411852359772,0.5454545617103577
Age: 50-65,13,0.6087216138839722,0.3176470696926117,0.5,0.3884892165660858,0.6352941393852234
Race: White,13,0.6921027302742004,0.3208955228328705,0.5,0.3909091055393219,0.641791045665741
Race: Black,13,0.6296296119689941,0.3125,0.5,0.38461539149284363,0.625
Race: Other,13,0.5699446201324463,0.2857142984867096,0.5,0.3636363744735718,0.5714285969734192
Overall,14,0.5163482427597046,0.28498294949531555,0.5,0.36304348707199097,0.5699658393859863
Gender: Male,14,0.6197278499603271,0.27272728085517883,0.5,0.3529411852359772,0.5454545617103577
Gender: Female,14,0.40060240030288696,0.298561155796051,0.5,0.37387385964393616,0.597122311592102
Age: <40,14,0.6070226430892944,0.29389312863349915,0.5,0.3701923191547394,0.5877862572669983
Age: 40-50,14,0.3690475821495056,0.21621622145175934,0.5,0.30188679695129395,0.4324324429035187
Age: 50-65,14,0.5201148986816406,0.3295454680919647,0.5,0.39726027846336365,0.6590909361839294
Race: White,14,0.6443994641304016,0.2888889014720917,0.5,0.3661971688270569,0.5777777433395386
Race: Black,14,0.4960317611694336,0.28125,0.5,0.36000001430511475,0.5625
Race: Other,14,0.409987211227417,0.2817460298538208,0.5,0.3604061007499695,0.5634921193122864
Overall,15,0.5627940893173218,0.2931034564971924,0.5,0.3695652186870575,0.5862069129943848
Gender: Male,15,0.5734912157058716,0.28930819034576416,0.5,0.36653387546539307,0.5786163210868835
Gender: Female,15,0.5471698045730591,0.2977099120616913,0.5,0.3732057511806488,0.5954198241233826
Age: <40,15,0.5831745862960815,0.3205128312110901,0.5,0.390625,0.6410256624221802
Age: 40-50,15,0.6142857074737549,0.2666666805744171,0.5,0.3478260934352875,0.5333333611488342
Age: 50-65,15,0.4938689172267914,0.2806122303009033,0.5,0.35947713255882263,0.5612244606018066
Race: White,15,0.6287062168121338,0.30656933784484863,0.5,0.38009050488471985,0.6131386756896973
Race: Black,15,0.8571428060531616,0.26923078298568726,0.5,0.3499999940395355,0.5384615659713745
Race: Other,15,0.4876530170440674,0.28214284777641296,0.5,0.3607305884361267,0.5642856955528259
Overall,16,0.5115711688995361,0.27195945382118225,0.5,0.3522976040840149,0.5439189076423645
Gender: Male,16,0.5006734132766724,0.2884615361690521,0.5,0.3658536672592163,0.5769230723381042
Gender: Female,16,0.5156154036521912,0.25357142090797424,0.5,0.3364928960800171,0.5071428418159485
Age: <40,16,0.5794466733932495,0.2782258093357086,0.5,0.3575129508972168,0.5564516186714172
Age: 40-50,16,0.40247678756713867,0.2638888955116272,0.5,0.34545454382896423,0.5277777910232544
Age: 50-65,16,0.5136876106262207,0.27000001072883606,0.5,0.350649356842041,0.5399999618530273
Race: White,16,0.6188524961471558,0.27067670226097107,0.5,0.35121950507164,0.5413534045219421
Race: Black,16,0.4693877696990967,0.3333333432674408,0.5,0.4000000059604645,0.6666666865348816
Race: Other,16,0.43223878741264343,0.26408451795578003,0.5,0.34562212228775024,0.5281689763069153
Overall,17,0.5249454975128174,0.28093644976615906,0.5,0.35974302887916565,0.5618728995323181
Gender: Male,17,0.5283151865005493,0.2852941155433655,0.5,0.36329588294029236,0.570588231086731
Gender: Female,17,0.5218552947044373,0.27519381046295166,0.5,0.35499998927116394,0.5503876209259033
Age: <40,17,0.5729166269302368,0.24803149700164795,0.5,0.33157894015312195,0.4960629940032959
Age: 40-50,17,0.4338662624359131,0.2866666615009308,0.5,0.3644067943096161,0.5733333230018616
Age: 50-65,17,0.5055299997329712,0.3195876181125641,0.5,0.3899371027946472,0.6391752362251282
Race: White,17,0.6393836736679077,0.25968992710113525,0.5,0.34183672070503235,0.5193798542022705
Race: Black,17,0.6666666865348816,0.2857142984867096,0.5,0.3636363744735718,0.5714285969734192
Race: Other,17,0.4164794087409973,0.29865771532058716,0.5,0.3739495873451233,0.5973154306411743
Overall,18,0.5360387563705444,0.28547295928001404,0.5,0.3634408712387085,0.5709459781646729
Gender: Male,18,0.590361475944519,0.2804054021835327,0.5,0.35930734872817993,0.5608108043670654
Gender: Female,18,0.4810577630996704,0.29054054617881775,0.5,0.36752137541770935,0.5810810923576355
Age: <40,18,0.5844653248786926,0.31528663635253906,0.5,0.38671875,0.6305732727050781
Age: 40-50,18,0.35736677050590515,0.21568627655506134,0.5,0.30136987566947937,0.4313725531101227
Age: 50-65,18,0.5395833253860474,0.27272728085517883,0.5,0.3529411852359772,0.5454545617103577
Race: White,18,0.5978883504867554,0.2801724076271057,0.5,0.3591160178184509,0.5603448152542114
Race: Black,18,0.6140351295471191,0.30645161867141724,0.5,0.3799999952316284,0.6129032373428345
Race: Other,18,0.4836397171020508,0.28523489832878113,0.5,0.3632478713989258,0.5704697966575623
Overall,19,0.4936583638191223,0.2840135991573334,0.5,0.3622559607028961,0.5680271983146667
Gender: Male,19,0.4677464962005615,0.2923976480960846,0.5,0.36900368332862854,0.584795355796814
Gender: Female,19,0.5279850959777832,0.2723577320575714,0.5,0.3526315689086914,0.544715404510498
Age: <40,19,0.6094576120376587,0.31578946113586426,0.5,0.3870967626571655,0.6315789222717285
Age: 40-50,19,0.35016024112701416,0.27464789152145386,0.5,0.3545454442501068,0.5492957830429077
Age: 50-65,19,0.45855796337127686,0.2568807303905487,0.5,0.3393939435482025,0.5137614607810974
Race: White,19,0.6147540807723999,0.2896551787853241,0.5,0.36681222915649414,0.5793103575706482
Race: Black,19,0.5,0.3181818127632141,0.5,0.3888888955116272,0.6363636255264282
Race: Other,19,0.37856072187423706,0.27165353298187256,0.5,0.3520408272743225,0.5433070659637451
Overall,20,0.5412575006484985,0.291262149810791,0.5,0.3680981695652008,0.582524299621582
Gender: Male,20,0.5538461208343506,0.28260868787765503,0.5,0.3611111044883728,0.5652173757553101
Gender: Female,20,0.5339934825897217,0.3006756901741028,0.5,0.37552741169929504,0.6013513803482056
Age: <40,20,0.5193141102790833,0.2939189076423645,0.5,0.37021276354789734,0.5878378748893738
Age: 40-50,20,0.5181818008422852,0.261904776096344,0.5,0.34375,0.523809552192688
Age: 50-65,20,0.5934210419654846,0.30612245202064514,0.5,0.37974682450294495,0.6122449040412903
Race: White,20,0.5843023061752319,0.2866666615009308,0.5,0.3644067943096161,0.5733333230018616
Race: Black,20,0.4363636374473572,0.34375,0.5,0.40740740299224854,0.6875
Race: Other,20,0.5092369318008423,0.2902098000049591,0.5,0.36725664138793945,0.5804196000099182
Overall,21,0.5636733174324036,0.27226027846336365,0.5,0.35254988074302673,0.5445205569267273
Gender: Male,21,0.5429959297180176,0.296875,0.5,0.37254902720451355,0.59375
Gender: Female,21,0.5765165686607361,0.24242424964904785,0.5,0.3265306055545807,0.4848484992980957
Age: <40,21,0.5495370626449585,0.27272728085517883,0.5,0.3529411852359772,0.5454545617103577
Age: 40-50,21,0.4848214387893677,0.26119402050971985,0.5,0.343137264251709,0.5223880410194397
Age: 50-65,21,0.639305830001831,0.2795698940753937,0.5,0.35862070322036743,0.5591397881507874
Race: White,21,0.6692397594451904,0.28409090638160706,0.5,0.36231884360313416,0.5681818127632141
Race: Black,21,0.5816326141357422,0.3333333432674408,0.5,0.4000000059604645,0.6666666865348816
Race: Other,21,0.4734989404678345,0.2517985701560974,0.5,0.3349282443523407,0.5035971403121948
Overall,22,0.4999031126499176,0.2945205569267273,0.5,0.37068966031074524,0.5890411138534546
Gender: Male,22,0.4877491593360901,0.30281689763069153,0.5,0.37719297409057617,0.6056337952613831
Gender: Female,22,0.5034520626068115,0.2866666615009308,0.5,0.3644067943096161,0.5733333230018616
Age: <40,22,0.6144962310791016,0.28321677446365356,0.5,0.3616071343421936,0.5664335489273071
Age: 40-50,22,0.304964542388916,0.3175675570964813,0.5,0.38842976093292236,0.6351351737976074
Age: 50-65,22,0.4618768095970154,0.2933333218097687,0.5,0.36974790692329407,0.5866667032241821
Race: White,22,0.6101641654968262,0.28947368264198303,0.5,0.36666667461395264,0.5789473652839661
Race: Black,22,0.1746031641960144,0.4375,0.5,0.46666666865348816,0.875
Race: Other,22,0.4484228491783142,0.2759740352630615,0.5,0.35564854741096497,0.551948070526123
Overall,23,0.5479996204376221,0.2677966058254242,0.5,0.3487858772277832,0.5355932116508484
Gender: Male,23,0.5568817853927612,0.26363635063171387,0.5,0.3452380895614624,0.5272727012634277
Gender: Female,23,0.5335402488708496,0.2730769217014313,0.5,0.35323384404182434,0.5461538434028625
Age: <40,23,0.5811163187026978,0.2840000092983246,0.5,0.3622449040412903,0.5680000185966492
Age: 40-50,23,0.3993055820465088,0.23529411852359772,0.5,0.3199999928474426,0.47058823704719543
Age: 50-65,23,0.6088974475860596,0.2696078419685364,0.5,0.35031846165657043,0.5392156839370728
Race: White,23,0.6013227701187134,0.25609755516052246,0.5,0.33870968222618103,0.5121951103210449
Race: Black,23,0.6416666507720947,0.17391304671764374,0.5,0.25806450843811035,0.3478260934352875
Race: Other,23,0.4885057508945465,0.29194632172584534,0.5,0.3686440587043762,0.5838926434516907
Overall,24,0.5213496685028076,0.2633333206176758,0.5,0.3449781537055969,0.5266667008399963
Gender: Male,24,0.5608330965042114,0.28484848141670227,0.5,0.3629343509674072,0.5696969628334045
Gender: Female,24,0.44608274102211,0.2370370328426361,0.5,0.3216080367565155,0.4740740656852722
Age: <40,24,0.5980311632156372,0.28278687596321106,0.5,0.36125653982162476,0.5655737519264221
Age: 40-50,24,0.39517343044281006,0.232876718044281,0.5,0.3177570104598999,0.465753436088562
Age: 50-65,24,0.5061818361282349,0.261904776096344,0.5,0.34375,0.523809552192688
Race: White,24,0.5899666547775269,0.25170066952705383,0.5,0.33484163880348206,0.5034013390541077
Race: Black,24,0.37254899740219116,0.265625,0.5,0.3469387888908386,0.53125
Race: Other,24,0.471254825592041,0.27685949206352234,0.5,0.35638296604156494,0.5537189841270447
Overall,25,0.5130060911178589,0.25331124663352966,0.5,0.3362637460231781,0.5066224932670593
Gender: Male,25,0.5438910722732544,0.26900583505630493,0.5,0.3498098850250244,0.5380116701126099
Gender: Female,25,0.47377049922943115,0.2328244298696518,0.5,0.3177083432674408,0.4656488597393036
Age: <40,25,0.6341346502304077,0.24806201457977295,0.5,0.3316062092781067,0.4961240291595459
Age: 40-50,25,0.31617647409439087,0.24285714328289032,0.5,0.32692307233810425,0.48571428656578064
Age: 50-65,25,0.5026515126228333,0.2669903039932251,0.5,0.34810125827789307,0.5339806079864502
Race: White,25,0.5968703031539917,0.25984251499176025,0.5,0.34196892380714417,0.5196850299835205
Race: Black,25,0.6578947305679321,0.23170731961727142,0.5,0.3166666626930237,0.46341460943222046
Race: Other,25,0.39304813742637634,0.2537313401699066,0.5,0.3366336524486542,0.5074626803398132
Overall,26,0.4897800087928772,0.29499998688697815,0.5,0.37106919288635254,0.5900000333786011
Gender: Male,26,0.47178512811660767,0.2803468108177185,0.5,0.3592592477798462,0.560693621635437
Gender: Female,26,0.5178191661834717,0.31496062874794006,0.5,0.3864734172821045,0.6299212574958801
Age: <40,26,0.44676095247268677,0.303846150636673,0.5,0.3779904246330261,0.607692301273346
Age: 40-50,26,0.5708502531051636,0.296875,0.5,0.37254902720451355,0.59375
Age: 50-65,26,0.5036231875419617,0.2830188572406769,0.5,0.3614457845687866,0.5660377740859985
Race: White,26,0.5192743539810181,0.2975206673145294,0.5,0.3730570077896118,0.5950412750244141
Race: Black,26,0.4999999701976776,0.2857142984867096,0.5,0.3636363744735718,0.5714285969734192
Race: Other,26,0.470641553401947,0.2947019934654236,0.5,0.3708333373069763,0.5894039869308472
Overall,27,0.5398755073547363,0.267123281955719,0.5,0.3482142984867096,0.534246563911438
Gender: Male,27,0.6074981689453125,0.2781457006931305,0.5,0.3574468195438385,0.556291401386261
Gender: Female,27,0.45994365215301514,0.25531914830207825,0.5,0.3380281627178192,0.5106382966041565
Age: <40,27,0.5551462769508362,0.2610294222831726,0.5,0.34299516677856445,0.5220588445663452
Age: 40-50,27,0.4609781503677368,0.25,0.5,0.3333333432674408,0.5
Age: 50-65,27,0.5504629611968994,0.28723403811454773,0.5,0.36486485600471497,0.5744680762290955
Race: White,27,0.6353363990783691,0.2639999985694885,0.5,0.34554973244667053,0.527999997138977
Race: Black,27,0.43529409170150757,0.265625,0.5,0.3469387888908386,0.53125
Race: Other,27,0.47105610370635986,0.27037036418914795,0.5,0.3509615361690521,0.5407407283782959
Overall,28,0.5542361736297607,0.2760942876338959,0.5,0.35574838519096375,0.552188515663147
Gender: Male,28,0.525448203086853,0.272455096244812,0.5,0.3527131676673889,0.544910192489624
Gender: Female,28,0.5943282842636108,0.2807692289352417,0.5,0.35960590839385986,0.5615384578704834
Age: <40,28,0.6427637338638306,0.2720588147640228,0.5,0.3523809611797333,0.5441176295280457
Age: 40-50,28,0.4716394543647766,0.2708333432674408,0.5,0.3513513505458832,0.5416666865348816
Age: 50-65,28,0.49226006865501404,0.28651684522628784,0.5,0.3642857074737549,0.5730336904525757
Race: White,28,0.60326087474823,0.2759999930858612,0.5,0.35567009449005127,0.5520000457763672
Race: Black,28,0.692307710647583,0.23999999463558197,0.5,0.3243243098258972,0.47999998927116394
Race: Other,28,0.49604666233062744,0.28231292963027954,0.5,0.36086955666542053,0.5646258592605591
Overall,29,0.5242713689804077,0.30639731884002686,0.5,0.37995824217796326,0.6127945780754089
Gender: Male,29,0.5436453819274902,0.2981927692890167,0.5,0.37358489632606506,0.5963855385780334
Gender: Female,29,0.5045180320739746,0.31679388880729675,0.5,0.38785046339035034,0.6335877776145935
Age: <40,29,0.5527535676956177,0.3099173605442047,0.5,0.38265305757522583,0.6198346614837646
Age: 40-50,29,0.44206351041793823,0.2916666567325592,0.5,0.3684210479259491,0.5833333134651184
Age: 50-65,29,0.5577909350395203,0.3125,0.5,0.38461539149284363,0.625
Race: White,29,0.533989667892456,0.2969924807548523,0.5,0.37264150381088257,0.5939849615097046
Race: Black,29,0.884615421295166,0.38235294818878174,0.5,0.4333333373069763,0.7647058963775635
Race: Other,29,0.5200779438018799,0.30612245202064514,0.5,0.37974682450294495,0.6122449040412903
Overall,30,0.544971227645874,0.29591837525367737,0.5,0.3717948794364929,0.5918367505073547
Gender: Male,30,0.49201053380966187,0.27960526943206787,0.5,0.3586497902870178,0.5592105388641357
Gender: Female,30,0.6162815093994141,0.31338027119636536,0.5,0.38528138399124146,0.6267605423927307
Age: <40,30,0.5993046760559082,0.2846715450286865,0.5,0.36279070377349854,0.569343090057373
Age: 40-50,30,0.47068965435028076,0.28985506296157837,0.5,0.3669724762439728,0.5797101259231567
Age: 50-65,30,0.5128348469734192,0.3181818127632141,0.5,0.3888888955116272,0.6363636255264282
Race: White,30,0.6319067478179932,0.27816900610923767,0.5,0.35746607184410095,0.5563380122184753
Race: Black,30,0.4266666769981384,0.375,0.5,0.4285714328289032,0.75
Race: Other,30,0.49495193362236023,0.3030303120613098,0.5,0.37735849618911743,0.6060606241226196
Overall,31,0.5532705783843994,0.2881355881690979,0.5,0.3655914068222046,0.5762711763381958
Gender: Male,31,0.5846031904220581,0.30674847960472107,0.5,0.3802281320095062,0.6134968996047974
Gender: Female,31,0.5108294486999512,0.2651515007019043,0.5,0.3465346395969391,0.5303030610084534
Age: <40,31,0.6260299682617188,0.29865771532058716,0.5,0.3739495873451233,0.5973154306411743
Age: 40-50,31,0.4036363959312439,0.21551723778247833,0.5,0.3012048304080963,0.43103447556495667
Age: 50-65,31,0.5318080186843872,0.3181818127632141,0.5,0.3888888955116272,0.6363636255264282
Race: White,31,0.5942462682723999,0.2947761118412018,0.5,0.3708920180797577,0.5895522236824036
Race: Black,31,0.550000011920929,0.25,0.5,0.3333333432674408,0.5
Race: Other,31,0.5234568119049072,0.28723403811454773,0.5,0.36486485600471497,0.5744680762290955
Overall,32,0.5452456474304199,0.30000001192092896,0.5,0.375,0.5999999642372131
Gender: Male,32,0.5511749982833862,0.29878050088882446,0.5,0.37404578924179077,0.5975609421730042
Gender: Female,32,0.5457643270492554,0.3015267252922058,0.5,0.3761904835700989,0.6030534505844116
Age: <40,32,0.6467570066452026,0.2957746386528015,0.5,0.37168142199516296,0.591549277305603
Age: 40-50,32,0.4322916865348816,0.2647058963775635,0.5,0.3461538553237915,0.529411792755127
Age: 50-65,32,0.4373433589935303,0.33529412746429443,0.5,0.40140846371650696,0.6705882549285889
Race: White,32,0.596764326095581,0.32499998807907104,0.5,0.39393940567970276,0.6500000357627869
Race: Black,32,0.75,0.30000001192092896,0.5,0.375,0.6000000238418579
Race: Other,32,0.4988167881965637,0.2806451618671417,0.5,0.3595041334629059,0.5612903237342834
Overall,33,0.4479635953903198,0.2899305522441864,0.5,0.3670329749584198,0.5798611044883728
Gender: Male,33,0.4387935996055603,0.3047945201396942,0.5,0.3787234127521515,0.6095890402793884
Gender: Female,33,0.4547275900840759,0.27464789152145386,0.5,0.3545454442501068,0.5492957830429077
Age: <40,33,0.4350649118423462,0.328125,0.5,0.3962264060974121,0.65625
Age: 40-50,33,0.4184492230415344,0.28205129504203796,0.5,0.3606557250022888,0.5641025900840759
Age: 50-65,33,0.4692904055118561,0.23780487477779388,0.5,0.32231405377388,0.47560974955558777
Race: White,33,0.5126504898071289,0.26953125,0.5,0.3502538204193115,0.5390625
Race: Black,33,0.5066666603088379,0.375,0.5,0.4285714328289032,0.75
Race: Other,33,0.39378565549850464,0.2964285612106323,0.5,0.37219730019569397,0.5928571224212646
Overall,34,0.5889617204666138,0.29491525888442993,0.5,0.3710021376609802,0.5898305177688599
Gender: Male,34,0.5681636929512024,0.299435019493103,0.5,0.37455829977989197,0.598870038986206
Gender: Female,34,0.6211764812469482,0.2881355881690979,0.5,0.3655914068222046,0.5762711763381958
Age: <40,34,0.6325757503509521,0.30344828963279724,0.5,0.3776824176311493,0.6068965196609497
Age: 40-50,34,0.5051258206367493,0.280303031206131,0.5,0.35922330617904663,0.560606062412262
Age: 50-65,34,0.5830903649330139,0.2916666567325592,0.5,0.3684210479259491,0.5833333730697632
Race: White,34,0.7635204195976257,0.2777777910232544,0.5,0.3571428656578064,0.5555555820465088
Race: Black,34,0.5828877091407776,0.3035714328289032,0.5,0.3777777850627899,0.6071428656578064
Race: Other,34,0.4535972774028778,0.3085106313228607,0.5,0.3815789520740509,0.6170212626457214
Overall,35,0.529356062412262,0.3178808093070984,0.5,0.38866397738456726,0.6357616186141968
Gender: Male,35,0.5405323505401611,0.33139535784721375,0.5,0.3986014127731323,0.6627907156944275
Gender: Female,35,0.516518771648407,0.30000001192092896,0.5,0.375,0.6000000238418579
Age: <40,35,0.6457364559173584,0.32824426889419556,0.5,0.3963133692741394,0.6564885377883911
Age: 40-50,35,0.3237847089767456,0.3333333432674408,0.5,0.4000000059604645,0.6666666865348816
Age: 50-65,35,0.5466778874397278,0.2929292917251587,0.5,0.36942675709724426,0.5858585834503174
Race: White,35,0.5625942349433899,0.32042253017425537,0.5,0.3905579447746277,0.6408450603485107
Race: Black,35,0.4444444179534912,0.2857142984867096,0.5,0.3636363744735718,0.5714285969734192
Race: Other,35,0.4964045286178589,0.3201438784599304,0.5,0.390350878238678,0.6402877569198608
Overall,36,0.5375000238418579,0.30000001192092896,0.5,0.375,0.6000000238418579
Gender: Male,36,0.5400927066802979,0.3006536066532135,0.5,0.37551021575927734,0.601307213306427
Gender: Female,36,0.5358242988586426,0.29931971430778503,0.5,0.3744680881500244,0.5986394286155701
Age: <40,36,0.545805811882019,0.30514705181121826,0.5,0.37899544835090637,0.6102941036224365
Age: 40-50,36,0.4670231342315674,0.24626865983009338,0.5,0.33000001311302185,0.4925372898578644
Age: 50-65,36,0.528882622718811,0.3298968970775604,0.5,0.39751553535461426,0.6597937941551208
Race: White,36,0.6095993518829346,0.2857142984867096,0.5,0.3636363744735718,0.5714285373687744
Race: Black,36,0.3999999761581421,0.3684210479259491,0.5,0.42424243688583374,0.7368420958518982
Race: Other,36,0.49882739782333374,0.305970162153244,0.5,0.37962964177131653,0.6119402647018433
Overall,37,0.5255036354064941,0.281879186630249,0.5,0.3605150282382965,0.563758373260498
Gender: Male,37,0.47489282488822937,0.2822085916996002,0.5,0.3607843220233917,0.5644171833992004
Gender: Female,37,0.5860838890075684,0.28148147463798523,0.5,0.3601895868778229,0.5629629492759705
Age: <40,37,0.6035979986190796,0.2719298303127289,0.5,0.35227271914482117,0.5438596606254578
Age: 40-50,37,0.5203125476837158,0.2222222238779068,0.5,0.3076923191547394,0.4444444477558136
Age: 50-65,37,0.45128023624420166,0.3303571343421936,0.5,0.3978494703769684,0.660714328289032
Race: White,37,0.6219919919967651,0.28205129504203796,0.5,0.3606557250022888,0.5641025900840759
Race: Black,37,0.6200000047683716,0.25,0.5,0.3333333432674408,0.5
Race: Other,37,0.4126373529434204,0.28688523173332214,0.5,0.3645833432674408,0.5737704634666443
Overall,38,0.48758915066719055,0.2959866225719452,0.5,0.3718487322330475,0.5919732451438904
Gender: Male,38,0.4270186424255371,0.2839506268501282,0.5,0.36220473051071167,0.5679012537002563
Gender: Female,38,0.5699094533920288,0.3102189898490906,0.5,0.38288289308547974,0.6204379796981812
Age: <40,38,0.5259920358657837,0.2916666567325592,0.5,0.3684210479259491,0.5833333134651184
Age: 40-50,38,0.45251935720443726,0.3208955228328705,0.5,0.3909091055393219,0.641791045665741
Age: 50-65,38,0.4689473509788513,0.28409090638160706,0.5,0.36231884360313416,0.5681818127632141
Race: White,38,0.578064501285553,0.2767857015132904,0.5,0.3563218414783478,0.5535714626312256
Race: Black,38,0.5563910007476807,0.28787878155708313,0.5,0.36538460850715637,0.575757622718811
Race: Other,38,0.40535199642181396,0.31168830394744873,0.5,0.3840000033378601,0.6233766078948975
Overall,39,0.5502704381942749,0.2869415879249573,0.5,0.3646288216114044,0.5738831758499146
Gender: Male,39,0.5224180221557617,0.29878050088882446,0.5,0.37404578924179077,0.5975609421730042
Gender: Female,39,0.5812094211578369,0.27165353298187256,0.5,0.3520408272743225,0.5433070659637451
Age: <40,39,0.6696832180023193,0.32042253017425537,0.5,0.3905579447746277,0.6408450603485107
Age: 40-50,39,0.48148149251937866,0.26724138855934143,0.5,0.3483146131038666,0.5344827771186829
Age: 50-65,39,0.4309178590774536,0.24725274741649628,0.5,0.33088234066963196,0.49450549483299255
Race: White,39,0.4970822334289551,0.26422762870788574,0.5,0.34574466943740845,0.5284552574157715
Race: Black,39,0.5333333611488342,0.3125,0.5,0.38461539149284363,0.625
Race: Other,39,0.5970962047576904,0.3020833432674408,0.5,0.37662336230278015,0.6041666865348816
Overall,40,0.5589286088943481,0.2887788712978363,0.5,0.366108775138855,0.5775578022003174
Gender: Male,40,0.542129635810852,0.2777777910232544,0.5,0.3571428656578064,0.5555555820465088
Gender: Female,40,0.5957983732223511,0.3014184534549713,0.5,0.3761062026023865,0.6028368473052979
Age: <40,40,0.6614971160888672,0.3206896483898163,0.5,0.3907563090324402,0.6413792967796326
Age: 40-50,40,0.3394607901573181,0.2931034564971924,0.5,0.3695652186870575,0.5862069129943848
Age: 50-65,40,0.5665063858032227,0.23999999463558197,0.5,0.3243243098258972,0.47999998927116394
Race: White,40,0.6331896781921387,0.28985506296157837,0.5,0.3669724762439728,0.5797101259231567
Race: Black,40,0.7219251394271851,0.1964285671710968,0.5,0.28205129504203796,0.392857164144516
Race: Other,40,0.4483378231525421,0.30656933784484863,0.5,0.38009050488471985,0.6131386756896973
Overall,41,0.5448836088180542,0.3036912679672241,0.5,0.3778705596923828,0.6073825359344482
Gender: Male,41,0.5398281812667847,0.31686046719551086,0.5,0.38790035247802734,0.6337209343910217
Gender: Female,41,0.5406378507614136,0.2857142984867096,0.5,0.3636363744735718,0.5714285969734192
Age: <40,41,0.5529388189315796,0.31506848335266113,0.5,0.38655462861061096,0.6301369667053223
Age: 40-50,41,0.5660919547080994,0.27358490228652954,0.5,0.353658527135849,0.5471698045730591
Age: 50-65,41,0.5256410241127014,0.3030303120613098,0.5,0.37735849618911743,0.6060606241226196
Race: White,41,0.6123679876327515,0.267123281955719,0.5,0.3482142984867096,0.534246563911438
Race: Black,41,0.5811965465545654,0.2954545319080353,0.5,0.37142857909202576,0.5909091234207153
Race: Other,41,0.46138888597488403,0.3461538553237915,0.5,0.40909090638160706,0.692307710647583
Overall,42,0.522770881652832,0.27272728085517883,0.5,0.3529411852359772,0.5454545617103577
Gender: Male,42,0.5359025001525879,0.2802547812461853,0.5,0.359183669090271,0.5605095624923706
Gender: Female,42,0.5239558219909668,0.26428571343421936,0.5,0.3457943797111511,0.5285714268684387
Age: <40,42,0.6284427642822266,0.2601625919342041,0.5,0.34224599599838257,0.5203251838684082
Age: 40-50,42,0.4471924901008606,0.28205129504203796,0.5,0.3606557250022888,0.5641025900840759
Age: 50-65,42,0.46164023876190186,0.28125,0.5,0.36000001430511475,0.5625
Race: White,42,0.597230076789856,0.24369747936725616,0.5,0.32768362760543823,0.4873949885368347
Race: Black,42,0.51953125,0.25,0.5,0.3333333432674408,0.5
Race: Other,42,0.4537617564201355,0.30136987566947937,0.5,0.3760683834552765,0.602739691734314
Overall,43,0.5205391645431519,0.2760942876338959,0.5,0.35574838519096375,0.552188515663147
Gender: Male,43,0.5020678043365479,0.2785714268684387,0.5,0.35779815912246704,0.5571428537368774
Gender: Female,43,0.5343923568725586,0.2738853394985199,0.5,0.3539094626903534,0.5477707386016846
Age: <40,43,0.49729567766189575,0.27586206793785095,0.5,0.35555556416511536,0.5517241358757019
Age: 40-50,43,0.5305019617080688,0.2430555522441864,0.5,0.32710281014442444,0.4861111044883728
Age: 50-65,43,0.544755220413208,0.29816514253616333,0.5,0.3735632300376892,0.5963302254676819
Race: White,43,0.639607846736908,0.2622377574443817,0.5,0.34403669834136963,0.5244755148887634
Race: Black,43,0.6022727489471436,0.29629629850387573,0.5,0.3720930218696594,0.5925925970077515
Race: Other,43,0.3734145164489746,0.28740158677101135,0.5,0.36500000953674316,0.5748031735420227
Overall,44,0.5505689382553101,0.28260868787765503,0.5,0.3611111044883728,0.5652173757553101
Gender: Male,44,0.5170940160751343,0.29032257199287415,0.5,0.36734694242477417,0.5806451439857483
Gender: Female,44,0.5861732959747314,0.2743055522441864,0.5,0.35426008701324463,0.5486111044883728
Age: <40,44,0.6493664979934692,0.29230770468711853,0.5,0.3689320385456085,0.5846154093742371
Age: 40-50,44,0.32016807794570923,0.25362318754196167,0.5,0.3365384638309479,0.5072463750839233
Age: 50-65,44,0.5874384045600891,0.28999999165534973,0.5,0.3670886158943176,0.5799999833106995
Race: White,44,0.6373207569122314,0.26865673065185547,0.5,0.34951457381248474,0.5373134016990662
Race: Black,44,0.668749988079071,0.3076923191547394,0.5,0.380952388048172,0.6153846383094788
Race: Other,44,0.4614729583263397,0.29136690497398376,0.5,0.36818182468414307,0.5827338099479675
Overall,45,0.5155802965164185,0.27319586277008057,0.5,0.35333332419395447,0.5463917851448059
Gender: Male,45,0.5310380458831787,0.28387096524238586,0.5,0.36213991045951843,0.5677419304847717
Gender: Female,45,0.4998916685581207,0.2610294222831726,0.5,0.34299516677856445,0.5220588445663452
Age: <40,45,0.6030701398849487,0.29230770468711853,0.5,0.3689320385456085,0.5846154093742371
Age: 40-50,45,0.40982139110565186,0.23880596458911896,0.5,0.3232323229312897,0.4776119291782379
Age: 50-65,45,0.483812153339386,0.271276593208313,0.5,0.35172414779663086,0.542553186416626
Race: White,45,0.5644205808639526,0.25170066952705383,0.5,0.33484163880348206,0.5034013390541077
Race: Black,45,0.4791666865348816,0.3199999928474426,0.5,0.39024388790130615,0.6399999856948853
Race: Other,45,0.4715942144393921,0.2899159789085388,0.5,0.36702126264572144,0.5798319578170776
Overall,46,0.5271159410476685,0.2728813588619232,0.5,0.3530701696872711,0.5457627177238464
Gender: Male,46,0.5268816947937012,0.28012049198150635,0.5,0.35907337069511414,0.5602409243583679
Gender: Female,46,0.5185631513595581,0.26356589794158936,0.5,0.34517765045166016,0.5271317958831787
Age: <40,46,0.6257736682891846,0.2867647111415863,0.5,0.3644859790802002,0.5735294222831726
Age: 40-50,46,0.390350878238678,0.22058823704719543,0.5,0.30612245202064514,0.44117647409439087
Age: 50-65,46,0.4568023979663849,0.29120880365371704,0.5,0.3680555522441864,0.5824176073074341
Race: White,46,0.6230660676956177,0.27816900610923767,0.5,0.35746607184410095,0.5563380122184753
Race: Black,46,0.36666667461395264,0.32608696818351746,0.5,0.3947368562221527,0.6521739363670349
Race: Other,46,0.4617389440536499,0.2576923072338104,0.5,0.3401015102863312,0.5153846144676208
Overall,47,0.5347899198532104,0.2976190447807312,0.5,0.3731343150138855,0.5952380895614624
Gender: Male,47,0.5531076192855835,0.32116788625717163,0.5,0.3911111056804657,0.6423357725143433
Gender: Female,47,0.515763521194458,0.2770700752735138,0.5,0.35655736923217773,0.5541401505470276
Age: <40,47,0.6176402568817139,0.26893940567970276,0.5,0.3497537076473236,0.5378788113594055
Age: 40-50,47,0.31588613986968994,0.25,0.5,0.3333333432674408,0.5
Age: 50-65,47,0.5498591661453247,0.3697916567325592,0.5,0.42514970898628235,0.7395833730697632
Race: White,47,0.5669136047363281,0.3091602921485901,0.5,0.3820754587650299,0.6183205842971802
Race: Black,47,0.5244755148887634,0.2708333432674408,0.5,0.3513513505458832,0.5416666865348816
Race: Other,47,0.5034056901931763,0.29136690497398376,0.5,0.36818182468414307,0.5827338099479675
Overall,48,0.5666131973266602,0.2996633052825928,0.5,0.37473684549331665,0.5993266105651855
Gender: Male,48,0.5970085859298706,0.31213873624801636,0.5,0.38434162735939026,0.6242774724960327
Gender: Female,48,0.5208994746208191,0.2822580635547638,0.5,0.36082473397254944,0.5645161271095276
Age: <40,48,0.5842873454093933,0.2977941036224365,0.5,0.3732718825340271,0.5955882668495178
Age: 40-50,48,0.4594298005104065,0.30645161867141724,0.5,0.3799999952316284,0.6129032373428345
Age: 50-65,48,0.5906779766082764,0.29797980189323425,0.5,0.3734177350997925,0.5959596037864685
Race: White,48,0.6001461744308472,0.29230770468711853,0.5,0.3689320385456085,0.5846154093742371
Race: Black,48,0.36274510622024536,0.2931034564971924,0.5,0.3695652186870575,0.5862069129943848
Race: Other,48,0.5635960102081299,0.3079710006713867,0.5,0.38116592168807983,0.6159420609474182
Overall,49,0.5296474695205688,0.2783333361148834,0.5,0.35760170221328735,0.5566666722297668
Gender: Male,49,0.5141414403915405,0.269461065530777,0.5,0.3501945436000824,0.5389221906661987
Gender: Female,49,0.5653989315032959,0.28947368264198303,0.5,0.36666667461395264,0.5789473652839661
Age: <40,49,0.5764751434326172,0.31081080436706543,0.5,0.38333332538604736,0.6216216087341309
Age: 40-50,49,0.44283121824264526,0.21641790866851807,0.5,0.3020833432674408,0.43283581733703613
Age: 50-65,49,0.5334447622299194,0.2705882489681244,0.5,0.35114502906799316,0.5411764979362488
Race: White,49,0.5369048118591309,0.2862595319747925,0.5,0.3640776574611664,0.572519063949585
Race: Black,49,0.5568627119064331,0.265625,0.5,0.3469387888908386,0.53125
Race: Other,49,0.5266666412353516,0.2737226188182831,0.5,0.3537735939025879,0.5474452376365662
Overall,50,0.5658925771713257,0.28793102502822876,0.5,0.3654266893863678,0.5758620500564575
Gender: Male,50,0.5782848596572876,0.2847222089767456,0.5,0.36283186078071594,0.569444477558136
Gender: Female,50,0.5552555322647095,0.29109588265419006,0.5,0.36796537041664124,0.5821917653083801
Age: <40,50,0.6720454692840576,0.29629629850387573,0.5,0.3720930218696594,0.5925925970077515
Age: 40-50,50,0.46362432837486267,0.26923078298568726,0.5,0.3499999940395355,0.5384615659713745
Age: 50-65,50,0.4847222566604614,0.2922077775001526,0.5,0.3688524663448334,0.5844155550003052
Race: White,50,0.6134421229362488,0.2708333432674408,0.5,0.3513513505458832,0.5416666865348816
Race: Black,50,0.6846153736114502,0.21739129722118378,0.5,0.3030303120613098,0.43478262424468994
Race: Other,50,0.4766973853111267,0.3211382031440735,0.5,0.3910891115665436,0.642276406288147
Overall,51,0.5388026237487793,0.27702704071998596,0.5,0.35652172565460205,0.5540540814399719
Gender: Male,51,0.5455149412155151,0.2756410241127014,0.5,0.35537189245224,0.5512820482254028
Gender: Female,51,0.5341191291809082,0.2785714268684387,0.5,0.35779815912246704,0.5571428537368774
Age: <40,51,0.5845516920089722,0.27906978130340576,0.5,0.35820895433425903,0.5581395626068115
Age: 40-50,51,0.3809182047843933,0.273333340883255,0.5,0.3534482717514038,0.54666668176651
Age: 50-65,51,0.6097561120986938,0.2771739065647125,0.5,0.35664334893226624,0.554347813129425
Race: White,51,0.5979838371276855,0.28169015049934387,0.5,0.36036035418510437,0.563380241394043
Race: Black,51,0.44897961616516113,0.25,0.5,0.3333333432674408,0.5
Race: Other,51,0.4910714328289032,0.2777777910232544,0.5,0.3571428656578064,0.5555555820465088
Overall,52,0.5197429656982422,0.3033333420753479,0.5,0.37759336829185486,0.6066666841506958
Gender: Male,52,0.47219544649124146,0.3128834366798401,0.5,0.3849056661128998,0.6257668733596802
Gender: Female,52,0.573903501033783,0.29197078943252563,0.5,0.36866360902786255,0.5839415788650513
Age: <40,52,0.576720654964447,0.323129266500473,0.5,0.39256197214126587,0.6462584733963013
Age: 40-50,52,0.39024388790130615,0.3014705777168274,0.5,0.3761467933654785,0.6029411554336548
Age: 50-65,52,0.5156075954437256,0.2705882489681244,0.5,0.35114502906799316,0.5411764979362488
Race: White,52,0.560606062412262,0.29323309659957886,0.5,0.36966824531555176,0.5864661931991577
Race: Black,52,0.699999988079071,0.3214285671710968,0.5,0.3913043439388275,0.6428571939468384
Race: Other,52,0.4756472110748291,0.3093525171279907,0.5,0.3822222352027893,0.6187050342559814
Overall,53,0.5192514657974243,0.2888513505458832,0.5,0.36616700887680054,0.5777027010917664
Gender: Male,53,0.5202511548995972,0.28260868787765503,0.5,0.3611111044883728,0.5652173757553101
Gender: Female,53,0.5252273082733154,0.29629629850387573,0.5,0.3720930218696594,0.5925925970077515
Age: <40,53,0.5661698579788208,0.3014705777168274,0.5,0.3761467933654785,0.6029411554336548
Age: 40-50,53,0.43802422285079956,0.280303031206131,0.5,0.35922330617904663,0.560606062412262
Age: 50-65,53,0.5082417726516724,0.27659574151039124,0.5,0.3561643958091736,0.5531914830207825
Race: White,53,0.5639077425003052,0.2745901644229889,0.5,0.35449734330177307,0.549180269241333
Race: Black,53,0.523809552192688,0.30434781312942505,0.5,0.37837839126586914,0.6086956858634949
Race: Other,53,0.48433512449264526,0.29801324009895325,0.5,0.37344399094581604,0.5960264801979065
Overall,54,0.4907125234603882,0.31355932354927063,0.5,0.3854166567325592,0.6271186470985413
Gender: Male,54,0.5012726783752441,0.302325576543808,0.5,0.37681159377098083,0.604651153087616
Gender: Female,54,0.4832451343536377,0.32926830649375916,0.5,0.3970588147640228,0.6585365533828735
Age: <40,54,0.5634050369262695,0.3093525171279907,0.5,0.3822222352027893,0.6187050342559814
Age: 40-50,54,0.4099999666213989,0.3188405930995941,0.5,0.389380544424057,0.6376811861991882
Age: 50-65,54,0.4386363625526428,0.31609195470809937,0.5,0.38732394576072693,0.6321839094161987
Race: White,54,0.5912790894508362,0.3252032399177551,0.5,0.39408865571022034,0.6504064798355103
Race: Black,54,0.5441176891326904,0.2931034564971924,0.5,0.3695652186870575,0.5862069129943848
Race: Other,54,0.42892563343048096,0.3076923191547394,0.5,0.380952388048172,0.615384578704834
Overall,55,0.49399998784065247,0.29661017656326294,0.5,0.3723404109477997,0.5932203531265259
Gender: Male,55,0.5139428377151489,0.3069620132446289,0.5,0.3803921639919281,0.6139240860939026
Gender: Female,55,0.46827465295791626,0.2846715450286865,0.5,0.36279070377349854,0.569343090057373
Age: <40,55,0.5342220067977905,0.3192307651042938,0.5,0.38967135548591614,0.6384615302085876
Age: 40-50,55,0.4845201373100281,0.2361111044883728,0.5,0.3207547068595886,0.472222238779068
Age: 50-65,55,0.45123153924942017,0.31182795763015747,0.5,0.38410595059394836,0.6236559152603149
Race: White,55,0.6153846383094788,0.30000001192092896,0.5,0.375,0.6000000238418579
Race: Black,55,0.5461538434028625,0.28260868787765503,0.5,0.3611111044883728,0.5652173757553101
Race: Other,55,0.38403117656707764,0.2957746386528015,0.5,0.37168142199516296,0.591549277305603
Overall,56,0.5247399806976318,0.2783333361148834,0.5,0.35760170221328735,0.5566666722297668
Gender: Male,56,0.5358521938323975,0.2848837077617645,0.5,0.3629629611968994,0.569767415523529
Gender: Female,56,0.5109310150146484,0.26953125,0.5,0.3502538204193115,0.5390625
Age: <40,56,0.5268398523330688,0.25735294818878174,0.5,0.33980581164360046,0.5147058963775635
Age: 40-50,56,0.5193312168121338,0.2661290466785431,0.5,0.34736841917037964,0.5322580337524414
Age: 50-65,56,0.5057565569877625,0.3137255012989044,0.5,0.3855421543121338,0.6274510025978088
Race: White,56,0.5962271690368652,0.28082191944122314,0.5,0.359649121761322,0.5616438388824463
Race: Black,56,0.4272727370262146,0.261904776096344,0.5,0.34375,0.523809552192688
Race: Other,56,0.4800732731819153,0.27819550037384033,0.5,0.35748791694641113,0.5563910007476807
Overall,57,0.5722819566726685,0.3163265287876129,0.5,0.38749998807907104,0.6326530575752258
Gender: Male,57,0.5792840719223022,0.3042168617248535,0.5,0.37827715277671814,0.608433723449707
Gender: Female,57,0.5682626962661743,0.33203125,0.5,0.39906102418899536,0.6640625
Age: <40,57,0.627070426940918,0.32307693362236023,0.5,0.3925233781337738,0.6461538672447205
Age: 40-50,57,0.4885222315788269,0.273333340883255,0.5,0.3534482717514038,0.54666668176651
Age: 50-65,57,0.5626463890075684,0.3426966369152069,0.5,0.40666666626930237,0.6853932738304138
Race: White,57,0.5584059953689575,0.28515625,0.5,0.3631840944290161,0.5703125
Race: Black,57,0.5811965465545654,0.20454545319080353,0.5,0.29032257199287415,0.40909093618392944
Race: Other,57,0.5307692289352417,0.3611111044883728,0.5,0.4193548262119293,0.7222222089767456
Overall,58,0.5353198051452637,0.2945205569267273,0.5,0.37068966031074524,0.5890411138534546
Gender: Male,58,0.5697990655899048,0.28709676861763,0.5,0.3647541105747223,0.57419353723526
Gender: Female,58,0.4986613392829895,0.3029197156429291,0.5,0.37727272510528564,0.6058394312858582
Age: <40,58,0.5618547201156616,0.29794520139694214,0.5,0.3733905553817749,0.5958904027938843
Age: 40-50,58,0.46612244844436646,0.25,0.5,0.3333333432674408,0.5
Age: 50-65,58,0.5630769729614258,0.32894736528396606,0.5,0.3968254029750824,0.6578947305679321
Race: White,58,0.5123541355133057,0.2844036817550659,0.5,0.3625730872154236,0.5688073039054871
Race: Black,58,0.5256410241127014,0.25999999046325684,0.5,0.34210526943206787,0.5199999809265137
Race: Other,58,0.5462228059768677,0.3069620132446289,0.5,0.3803921639919281,0.6139240860939026
Overall,59,0.5421243906021118,0.27796611189842224,0.5,0.35729846358299255,0.5559322237968445
Gender: Male,59,0.5416347980499268,0.26234567165374756,0.5,0.3441295623779297,0.5246913433074951
Gender: Female,59,0.5578997135162354,0.2969924807548523,0.5,0.37264150381088257,0.5939849615097046
Age: <40,59,0.5342556238174438,0.2946428656578064,0.5,0.37078651785850525,0.5892857313156128
Age: 40-50,59,0.5053158402442932,0.2562499940395355,0.5,0.3388429880142212,0.512499988079071
Age: 50-65,59,0.5720824003219604,0.276699036359787,0.5,0.35624998807907104,0.553398072719574
Race: White,59,0.5916491746902466,0.27419355511665344,0.5,0.3541666567325592,0.5483870506286621
Race: Black,59,0.6272727251052856,0.20270270109176636,0.5,0.2884615361690521,0.4054054021835327
Race: Other,59,0.48963430523872375,0.302238792181015,0.5,0.37674418091773987,0.60447758436203
Overall,60,0.5057898759841919,0.3122923672199249,0.5,0.384458065032959,0.6245846748352051
Gender: Male,60,0.4505050480365753,0.3018292784690857,0.5,0.3764258623123169,0.6036584973335266
Gender: Female,60,0.5816947221755981,0.3248175084590912,0.5,0.39380529522895813,0.6496350169181824
Age: <40,60,0.5510738492012024,0.3217054307460785,0.5,0.39150944352149963,0.643410861492157
Age: 40-50,60,0.5123188495635986,0.30263158679008484,0.5,0.37704917788505554,0.6052631735801697
Age: 50-65,60,0.44251030683517456,0.3072916567325592,0.5,0.38064515590667725,0.6145833730697632
Race: White,60,0.5373167991638184,0.30882352590560913,0.5,0.38181817531585693,0.6176470518112183
Race: Black,60,0.5833333730697632,0.3181818127632141,0.5,0.3888888955116272,0.6363636255264282
Race: Other,60,0.46692895889282227,0.31439393758773804,0.5,0.38604649901390076,0.6287878751754761
Overall,61,0.5394627451896667,0.2661016881465912,0.5,0.34734514355659485,0.5322033762931824
Gender: Male,61,0.5464041233062744,0.26143792271614075,0.5,0.3433476388454437,0.5228758454322815
Gender: Female,61,0.5346653461456299,0.27112674713134766,0.5,0.35159817337989807,0.5422534942626953
Age: <40,61,0.535449743270874,0.27173912525177,0.5,0.35211268067359924,0.54347825050354
Age: 40-50,61,0.4868965446949005,0.23148147761821747,0.5,0.3164556920528412,0.46296295523643494
Age: 50-65,61,0.5633105039596558,0.276699036359787,0.5,0.35624998807907104,0.553398072719574
Race: White,61,0.5890603065490723,0.23664122819900513,0.5,0.3212435245513916,0.47328245639801025
Race: Black,61,0.385026752948761,0.3035714328289032,0.5,0.3777777850627899,0.6071428656578064
Race: Other,61,0.5227674245834351,0.2867647111415863,0.5,0.3644859790802002,0.5735294222831726
Overall,62,0.5910385847091675,0.2702702581882477,0.5,0.35087719559669495,0.5405405759811401
Gender: Male,62,0.6363059282302856,0.26966291666030884,0.5,0.35036495327949524,0.5393258333206177
Gender: Female,62,0.5219907760620117,0.2711864411830902,0.5,0.35164836049079895,0.5423728823661804
Age: <40,62,0.6011765003204346,0.2622377574443817,0.5,0.34403669834136963,0.5244755148887634
Age: 40-50,62,0.6762245893478394,0.26724138855934143,0.5,0.3483146131038666,0.5344827771186829
Age: 50-65,62,0.5130984783172607,0.28421053290367126,0.5,0.3624161183834076,0.5684210658073425
Race: White,62,0.6447552442550659,0.25190839171409607,0.5,0.3350253701210022,0.5038167834281921
Race: Black,62,0.6000000238418579,0.2321428507566452,0.5,0.31707316637039185,0.4642857313156128
Race: Other,62,0.5324074029922485,0.2956204414367676,0.5,0.37155961990356445,0.5912408828735352
Overall,63,0.5070126056671143,0.28642383217811584,0.5,0.3642105162143707,0.5728476643562317
Gender: Male,63,0.5041053295135498,0.27595627307891846,0.5,0.35563379526138306,0.5519125461578369
Gender: Female,63,0.5200945734977722,0.3025210201740265,0.5,0.376963347196579,0.605042040348053
Age: <40,63,0.5627907514572144,0.31779661774635315,0.5,0.38860103487968445,0.6355932354927063
Age: 40-50,63,0.42338961362838745,0.24375000596046448,0.5,0.32773110270500183,0.48750001192092896
Age: 50-65,63,0.5028249025344849,0.2836538553237915,0.5,0.3619631826877594,0.567307710647583
Race: White,63,0.5468227863311768,0.3194444477558136,0.5,0.38983049988746643,0.6388888955116272
Race: Black,63,0.6333333253860474,0.30000001192092896,0.5,0.375,0.5999999642372131
Race: Other,63,0.47150611877441406,0.24812030792236328,0.5,0.3316583037376404,0.49624061584472656
Overall,64,0.5403563976287842,0.26237624883651733,0.5,0.34415584802627563,0.5247524976730347
Gender: Male,64,0.5713307857513428,0.2573099434375763,0.5,0.33976835012435913,0.5146198868751526
Gender: Female,64,0.508427619934082,0.26893940567970276,0.5,0.3497537076473236,0.5378788113594055
Age: <40,64,0.6418201923370361,0.2610294222831726,0.5,0.34299516677856445,0.5220588445663452
Age: 40-50,64,0.49408984184265137,0.28313252329826355,0.5,0.36153846979141235,0.5662650465965271
Age: 50-65,64,0.4441293478012085,0.244047611951828,0.5,0.328000009059906,0.4880952537059784
Race: White,64,0.629461407661438,0.24632352590560913,0.5,0.3300492465496063,0.49264705181121826
Race: Black,64,0.5084033012390137,0.27419355511665344,0.5,0.3541666567325592,0.5483870506286621
Race: Other,64,0.45923495292663574,0.2757352888584137,0.5,0.35545024275779724,0.5514705777168274
Overall,65,0.4932674765586853,0.28547295928001404,0.5,0.3634408712387085,0.5709459781646729
Gender: Male,65,0.5140201449394226,0.2857142984867096,0.5,0.3636363744735718,0.5714285969734192
Gender: Female,65,0.46283024549484253,0.28518518805503845,0.5,0.36320754885673523,0.5703703761100769
Age: <40,65,0.4551866054534912,0.33467742800712585,0.5,0.40096619725227356,0.6693547964096069
Age: 40-50,65,0.4957317113876343,0.2530864179134369,0.5,0.3360655605792999,0.5061728358268738
Age: 50-65,65,0.5115941762924194,0.24725274741649628,0.5,0.33088234066963196,0.49450549483299255
Race: White,65,0.6005942225456238,0.2753623127937317,0.5,0.35514017939567566,0.5507246255874634
Race: Black,65,0.5510203838348389,0.3333333432674408,0.5,0.4000000059604645,0.6666666865348816
Race: Other,65,0.39458751678466797,0.2883211672306061,0.5,0.36574074625968933,0.5766423344612122
Overall,66,0.5343543291091919,0.2916666567325592,0.5,0.3684210479259491,0.5833333730697632
Gender: Male,66,0.5325766801834106,0.3117647171020508,0.5,0.3840579688549042,0.6235294342041016
Gender: Female,66,0.5473984479904175,0.26538461446762085,0.5,0.3467336595058441,0.5307692289352417
Age: <40,66,0.6060545444488525,0.2986111044883728,0.5,0.373913049697876,0.5972222089767456
Age: 40-50,66,0.4342818260192871,0.26623377203941345,0.5,0.347457617521286,0.5324675440788269
Age: 50-65,66,0.5040322542190552,0.3037974536418915,0.5,0.3779527544975281,0.6075949668884277
Race: White,66,0.6197843551635742,0.2969924807548523,0.5,0.37264150381088257,0.5939849615097046
Race: Black,66,0.5256410837173462,0.25999999046325684,0.5,0.34210526943206787,0.5199999809265137
Race: Other,66,0.4788646101951599,0.2922535240650177,0.5,0.36888888478279114,0.5845070481300354
Overall,67,0.5468289852142334,0.28523489832878113,0.5,0.3632478713989258,0.5704697966575623
Gender: Male,67,0.5574073791503906,0.27624309062957764,0.5,0.35587188601493835,0.5524861812591553
Gender: Female,67,0.5349544286727905,0.29914531111717224,0.5,0.3743315637111664,0.5982906222343445
Age: <40,67,0.5828313827514648,0.298561155796051,0.5,0.37387385964393616,0.597122311592102
Age: 40-50,67,0.5504032373428345,0.2460317462682724,0.5,0.3297872245311737,0.4920635223388672
Age: 50-65,67,0.4861606955528259,0.2916666567325592,0.5,0.3684210479259491,0.5833333730697632
Race: White,67,0.7055996656417847,0.2807692289352417,0.5,0.35960590839385986,0.5615384578704834
Race: Black,67,0.625,0.2222222238779068,0.5,0.3076923191547394,0.4444444477558136
Race: Other,67,0.4138883948326111,0.2966666519641876,0.5,0.3723849356174469,0.59333336353302
Overall,68,0.5409682989120483,0.3026755750179291,0.5,0.37708333134651184,0.6053511500358582
Gender: Male,68,0.5358803868293762,0.2756410241127014,0.5,0.35537189245224,0.5512820482254028
Gender: Female,68,0.551096498966217,0.3321678340435028,0.5,0.39915966987609863,0.6643356680870056
Age: <40,68,0.5825406908988953,0.2964285612106323,0.5,0.37219730019569397,0.5928571224212646
Age: 40-50,68,0.6399999856948853,0.3188405930995941,0.5,0.389380544424057,0.6376811861991882
Age: 50-65,68,0.39351850748062134,0.30000001192092896,0.5,0.375,0.6000000238418579
Race: White,68,0.6436090469360352,0.27559053897857666,0.5,0.3553299605846405,0.5511810779571533
Race: Black,68,0.37654322385787964,0.3333333432674408,0.5,0.4000000059604645,0.6666666865348816
Race: Other,68,0.4675351679325104,0.3206896483898163,0.5,0.3907563090324402,0.6413792967796326
Overall,69,0.481852650642395,0.27721089124679565,0.5,0.3566739559173584,0.5544217824935913
Gender: Male,69,0.4775458574295044,0.2888198792934418,0.5,0.36614173650741577,0.5776397585868835
Gender: Female,69,0.48866212368011475,0.2631579041481018,0.5,0.3448275923728943,0.5263158082962036
Age: <40,69,0.5235389471054077,0.2704918086528778,0.5,0.3510638177394867,0.5409835577011108
Age: 40-50,69,0.4821428656578064,0.26923078298568726,0.5,0.3499999940395355,0.5384615659713745
Age: 50-65,69,0.44335663318634033,0.292553186416626,0.5,0.3691275119781494,0.585106372833252
Race: White,69,0.5706946849822998,0.2829457223415375,0.5,0.36138615012168884,0.565891444683075
Race: Black,69,0.5083333253860474,0.3125,0.5,0.38461539149284363,0.625
Race: Other,69,0.4104308485984802,0.2631579041481018,0.5,0.3448275923728943,0.5263158082962036
Overall,70,0.5395015478134155,0.2794612646102905,0.5,0.35853132605552673,0.558922529220581
Gender: Male,70,0.49431923031806946,0.3033333420753479,0.5,0.37759336829185486,0.6066666841506958
Gender: Female,70,0.5740740895271301,0.2551020383834839,0.5,0.3378378450870514,0.5102040767669678
Age: <40,70,0.613559365272522,0.2798507511615753,0.5,0.35885167121887207,0.5597015023231506
Age: 40-50,70,0.4324324131011963,0.2720588147640228,0.5,0.3523809611797333,0.5441176295280457
Age: 50-65,70,0.5203251838684082,0.28421053290367126,0.5,0.3624161183834076,0.5684210658073425
Race: White,70,0.5515187978744507,0.25704225897789,0.5,0.3395348787307739,0.51408451795578
Race: Black,70,0.6599999666213989,0.30000001192092896,0.5,0.375,0.5999999642372131
Race: Other,70,0.5162721872329712,0.30000001192092896,0.5,0.375,0.6000000238418579
Overall,71,0.48907405138015747,0.30000001192092896,0.5,0.375,0.6000000238418579
Gender: Male,71,0.47188302874565125,0.2981927692890167,0.5,0.37358489632606506,0.5963855385780334
Gender: Female,71,0.5101327896118164,0.302238792181015,0.5,0.37674418091773987,0.60447758436203
Age: <40,71,0.5600686073303223,0.31147539615631104,0.5,0.38383838534355164,0.6229507923126221
Age: 40-50,71,0.4664902985095978,0.28125,0.5,0.36000001430511475,0.5625
Age: 50-65,71,0.4256250262260437,0.3048780560493469,0.5,0.3787878751754761,0.6097560524940491
Race: White,71,0.5597511529922485,0.2862318754196167,0.5,0.3640553057193756,0.5724637508392334
Race: Black,71,0.5285714268684387,0.3684210479259491,0.5,0.42424243688583374,0.7368420958518982
Race: Other,71,0.43144500255584717,0.3041957914829254,0.5,0.37826088070869446,0.6083915829658508
Overall,72,0.5696694850921631,0.3026755750179291,0.5,0.37708333134651184,0.6053511500358582
Gender: Male,72,0.6318926811218262,0.32163742184638977,0.5,0.39145907759666443,0.6432748436927795
Gender: Female,72,0.4865332543849945,0.27734375,0.5,0.356783926486969,0.5546875
Age: <40,72,0.5444444417953491,0.3057554066181183,0.5,0.3794642984867096,0.6115108132362366
Age: 40-50,72,0.5216116905212402,0.2635135054588318,0.5,0.3451327383518219,0.5270270109176636
Age: 50-65,72,0.6539624929428101,0.33139535784721375,0.5,0.3986014127731323,0.6627907156944275
Race: White,72,0.5835622549057007,0.30882352590560913,0.5,0.38181817531585693,0.6176470518112183
Race: Black,72,0.7323232293128967,0.3103448152542114,0.5,0.38297873735427856,0.6206896305084229
Race: Other,72,0.5479861497879028,0.2947761118412018,0.5,0.3708920180797577,0.5895522236824036
Overall,73,0.5051131248474121,0.28333333134651184,0.5,0.3617021143436432,0.5666666626930237
Gender: Male,73,0.5194697380065918,0.27243590354919434,0.5,0.35269710421562195,0.5448718070983887
Gender: Female,73,0.49292123317718506,0.2951388955116272,0.5,0.3711790442466736,0.5902777910232544
Age: <40,73,0.5359719395637512,0.2750000059604645,0.5,0.35483869910240173,0.550000011920929
Age: 40-50,73,0.4633699655532837,0.24074074625968933,0.5,0.32499998807907104,0.48148149251937866
Age: 50-65,73,0.47481483221054077,0.3417721390724182,0.5,0.4060150384902954,0.6835443377494812
Race: White,73,0.528265118598938,0.29347825050354004,0.5,0.36986300349235535,0.5869565606117249
Race: Black,73,0.37062937021255493,0.2708333432674408,0.5,0.3513513505458832,0.5416666865348816
Race: Other,73,0.5042444467544556,0.2753623127937317,0.5,0.35514017939567566,0.5507246255874634
Overall,74,0.5583041906356812,0.2996633052825928,0.5,0.37473684549331665,0.5993266105651855
Gender: Male,74,0.6359329223632812,0.3181818127632141,0.5,0.3888888955116272,0.6363636255264282
Gender: Female,74,0.4781745970249176,0.279720276594162,0.5,0.35874438285827637,0.559440553188324
Age: <40,74,0.5698369741439819,0.3174603283405304,0.5,0.3883495032787323,0.6349206566810608
Age: 40-50,74,0.5269103050231934,0.2756410241127014,0.5,0.35537189245224,0.5512820482254028
Age: 50-65,74,0.5622009038925171,0.2956989109516144,0.5,0.37162160873413086,0.5913978219032288
Race: White,74,0.5955555438995361,0.3048780560493469,0.5,0.3787878751754761,0.6097560524940491
Race: Black,74,0.7037037014961243,0.25,0.5,0.3333333432674408,0.5
Race: Other,74,0.5226492881774902,0.30128204822540283,0.5,0.37599998712539673,0.6025640964508057
Overall,75,0.5464910268783569,0.2859589159488678,0.5,0.363834410905838,0.5719178318977356
Gender: Male,75,0.4785943627357483,0.29360464215278625,0.5,0.3699633777141571,0.5872092843055725
Gender: Female,75,0.6343995332717896,0.2750000059604645,0.5,0.35483869910240173,0.550000011920929
Age: <40,75,0.6486014127731323,0.27966102957725525,0.5,0.3586956560611725,0.5593220591545105
Age: 40-50,75,0.4620967507362366,0.28169015049934387,0.5,0.36036035418510437,0.563380241394043
Age: 50-65,75,0.47658079862594604,0.29611650109291077,0.5,0.37195122241973877,0.5922330021858215
Race: White,75,0.5870445370674133,0.296875,0.5,0.37254902720451355,0.59375
Race: Black,75,0.6461538076400757,0.2678571343421936,0.5,0.3488371968269348,0.535714328289032
Race: Other,75,0.5245614051818848,0.27941176295280457,0.5,0.35849055647850037,0.5588235259056091
Overall,76,0.5652468204498291,0.2969283163547516,0.5,0.3725910186767578,0.5938566327095032
Gender: Male,76,0.5926691889762878,0.31456953287124634,0.5,0.3861788511276245,0.6291390657424927
Gender: Female,76,0.5358649492263794,0.27816900610923767,0.5,0.35746607184410095,0.5563380122184753
Age: <40,76,0.6093478202819824,0.3239436745643616,0.5,0.39316239953041077,0.6478872895240784
Age: 40-50,76,0.4244791865348816,0.2647058963775635,0.5,0.3461538553237915,0.529411792755127
Age: 50-65,76,0.6133960485458374,0.27710843086242676,0.5,0.356589138507843,0.5542168617248535
Race: White,76,0.6150392293930054,0.27551019191741943,0.5,0.3552631437778473,0.5510203838348389
Race: Black,76,0.692307710647583,0.3095238208770752,0.5,0.38235294818878174,0.6190476417541504
Race: Other,76,0.5119444131851196,0.3199999928474426,0.5,0.39024388790130615,0.64000004529953
Overall,77,0.4741330146789551,0.28082191944122314,0.5,0.359649121761322,0.5616438388824463
Gender: Male,77,0.4503094255924225,0.2751677930355072,0.5,0.3549783527851105,0.5503355860710144
Gender: Female,77,0.5035985708236694,0.28671327233314514,0.5,0.36444443464279175,0.5734265446662903
Age: <40,77,0.5230036973953247,0.2520325183868408,0.5,0.3351351320743561,0.5040650367736816
Age: 40-50,77,0.4313364028930664,0.2651515007019043,0.5,0.3465346395969391,0.5303030610084534
Age: 50-65,77,0.42164182662963867,0.3252427279949188,0.5,0.39411765336990356,0.6504854559898376
Race: White,77,0.5408117771148682,0.28148147463798523,0.5,0.3601895868778229,0.5629629492759705
Race: Black,77,0.5384615659713745,0.21739129722118378,0.5,0.3030303120613098,0.43478262424468994
Race: Other,77,0.394001841545105,0.29104477167129517,0.5,0.3679245412349701,0.5820895433425903
Overall,78,0.5463728904724121,0.28020134568214417,0.5,0.3591397702693939,0.5604026913642883
Gender: Male,78,0.6087208986282349,0.2945205569267273,0.5,0.37068966031074524,0.5890411138534546
Gender: Female,78,0.4891323149204254,0.26644736528396606,0.5,0.3476394712924957,0.5328947305679321
Age: <40,78,0.5564069747924805,0.29136690497398376,0.5,0.36818182468414307,0.5827338099479675
Age: 40-50,78,0.513513445854187,0.2761194109916687,0.5,0.35576921701431274,0.5522388219833374
Age: 50-65,78,0.5462743043899536,0.2663043439388275,0.5,0.347517728805542,0.532608687877655
Race: White,78,0.6198546886444092,0.27131783962249756,0.5,0.35175880789756775,0.5426356792449951
Race: Black,78,0.5364583134651184,0.2857142984867096,0.5,0.3636363744735718,0.5714285969734192
Race: Other,78,0.4913580119609833,0.28723403811454773,0.5,0.36486485600471497,0.5744680762290955
Overall,79,0.5447971820831299,0.2772277295589447,0.5,0.35668790340423584,0.5544554591178894
Gender: Male,79,0.5048015117645264,0.276729553937912,0.5,0.3562752902507782,0.553459107875824
Gender: Female,79,0.6011718511581421,0.2777777910232544,0.5,0.3571428656578064,0.5555555820465088
Age: <40,79,0.6109398603439331,0.2639999985694885,0.5,0.34554973244667053,0.527999997138977
Age: 40-50,79,0.5008445978164673,0.26811593770980835,0.5,0.349056601524353,0.5362318754196167
Age: 50-65,79,0.5087412595748901,0.29816514253616333,0.5,0.3735632300376892,0.5963302254676819
Race: White,79,0.642773449420929,0.2777777910232544,0.5,0.3571428656578064,0.5555555820465088
Race: Black,79,0.5833333730697632,0.2857142984867096,0.5,0.3636363744735718,0.5714285969734192
Race: Other,79,0.47665536403656006,0.2753623127937317,0.5,0.35514017939567566,0.5507246255874634
Overall,80,0.4977903962135315,0.2800000011920929,0.5,0.3589743673801422,0.5600000023841858
Gender: Male,80,0.5124579668045044,0.2844827473163605,0.5,0.36263737082481384,0.568965494632721
Gender: Female,80,0.4729214310646057,0.2738095223903656,0.5,0.35384616255760193,0.547619104385376
Age: <40,80,0.5517315864562988,0.2810218930244446,0.5,0.3598130941390991,0.5620437860488892
Age: 40-50,80,0.4536541700363159,0.2537313401699066,0.5,0.3366336524486542,0.5074626803398132
Age: 50-65,80,0.44084569811820984,0.296875,0.5,0.37254902720451355,0.59375
Race: White,80,0.5324675440788269,0.2673611044883728,0.5,0.3484162986278534,0.5347222089767456
Race: Black,80,0.8209877014160156,0.3333333432674408,0.5,0.4000000059604645,0.6666666865348816
Race: Other,80,0.44055771827697754,0.2829457223415375,0.5,0.36138615012168884,0.565891444683075
Overall,81,0.5284059047698975,0.2939189076423645,0.5,0.37021276354789734,0.5878378748893738
Gender: Male,81,0.5487196445465088,0.3050314486026764,0.5,0.37890625,0.6100628972053528
Gender: Female,81,0.5019480586051941,0.2810218930244446,0.5,0.3598130941390991,0.5620437860488892
Age: <40,81,0.5777499675750732,0.3076923191547394,0.5,0.380952388048172,0.6153846383094788
Age: 40-50,81,0.46946021914482117,0.28947368264198303,0.5,0.36666667461395264,0.5789473652839661
Age: 50-65,81,0.5074999928474426,0.2777777910232544,0.5,0.3571428656578064,0.5555555820465088
Race: White,81,0.5631288290023804,0.27952754497528076,0.5,0.3585858643054962,0.5590550899505615
Race: Black,81,0.8500000238418579,0.2916666567325592,0.5,0.3684210479259491,0.5833333730697632
Race: Other,81,0.4562600255012512,0.30689653754234314,0.5,0.38034188747406006,0.6137930750846863
Overall,82,0.4965488314628601,0.25767919421195984,0.5,0.3400900959968567,0.5153583288192749
Gender: Male,82,0.48467111587524414,0.2705882489681244,0.5,0.35114502906799316,0.5411764979362488
Gender: Female,82,0.5129766464233398,0.2398373931646347,0.5,0.3241758346557617,0.4796747863292694
Age: <40,82,0.576984167098999,0.2822580635547638,0.5,0.36082473397254944,0.5645161271095276
Age: 40-50,82,0.4293749928474426,0.25,0.5,0.3333333432674408,0.5
Age: 50-65,82,0.45426827669143677,0.23033708333969116,0.5,0.3153846263885498,0.4606741666793823
Race: White,82,0.4749999940395355,0.25193798542022705,0.5,0.3350515365600586,0.5038759708404541
Race: Black,82,0.5444444417953491,0.2222222238779068,0.5,0.3076923191547394,0.4444444477558136
Race: Other,82,0.5100815296173096,0.2700729966163635,0.5,0.3507108986377716,0.540145993232727
Overall,83,0.5673339366912842,0.26430976390838623,0.5,0.345814973115921,0.5286195278167725
Gender: Male,83,0.5874550938606262,0.27485379576683044,0.5,0.3547169864177704,0.5497075915336609
Gender: Female,83,0.5414462089538574,0.25,0.5,0.3333333432674408,0.5
Age: <40,83,0.681795597076416,0.28125,0.5,0.36000001430511475,0.5625
Age: 40-50,83,0.470370352268219,0.2014925330877304,0.5,0.28723403811454773,0.4029850661754608
Age: 50-65,83,0.4996081590652466,0.28431373834609985,0.5,0.36250001192092896,0.5686274766921997
Race: White,83,0.6107849478721619,0.26838234066963196,0.5,0.34928229451179504,0.5367646813392639
Race: Black,83,0.5416666269302368,0.3199999928474426,0.5,0.39024388790130615,0.6399999856948853
Race: Other,83,0.5371972322463989,0.25,0.5,0.3333333432674408,0.5
Overall,84,0.5053524374961853,0.2457912415266037,0.5,0.32957109808921814,0.4915824830532074
Gender: Male,84,0.5436508059501648,0.25,0.5,0.3333333432674408,0.5
Gender: Female,84,0.46003854274749756,0.24031007289886475,0.5,0.32460734248161316,0.4806201457977295
Age: <40,84,0.49760645627975464,0.25,0.5,0.3333333432674408,0.5
Age: 40-50,84,0.4244897961616516,0.22727273404598236,0.5,0.3125,0.4545454680919647
Age: 50-65,84,0.5692934989929199,0.25531914830207825,0.5,0.3380281627178192,0.5106382966041565
Race: White,84,0.5943562984466553,0.2666666805744171,0.5,0.3478260934352875,0.5333333015441895
Race: Black,84,0.5779221057891846,0.2199999988079071,0.5,0.3055555522441864,0.4399999976158142
Race: Other,84,0.4114114046096802,0.22992700338363647,0.5,0.3149999976158142,0.45985400676727295
Overall,85,0.5759369134902954,0.2807309031486511,0.5,0.35957446694374084,0.5614618062973022
Gender: Male,85,0.5785058736801147,0.25471699237823486,0.5,0.3375000059604645,0.509433925151825
Gender: Female,85,0.5856481790542603,0.30985915660858154,0.5,0.38260868191719055,0.6197183132171631
Age: <40,85,0.6010044813156128,0.28378379344940186,0.5,0.36206895112991333,0.5675675868988037
Age: 40-50,85,0.5731183290481567,0.2540983557701111,0.5,0.33695653080940247,0.5081967115402222
Age: 50-65,85,0.5321637392044067,0.29347825050354004,0.5,0.36986300349235535,0.5869565606117249
Race: White,85,0.6542664766311646,0.28057554364204407,0.5,0.35944700241088867,0.5611510872840881
Race: Black,85,0.6166666746139526,0.22727273404598236,0.5,0.3125,0.4545454680919647
Race: Other,85,0.471646785736084,0.28928571939468384,0.5,0.3665158450603485,0.5785714387893677
Overall,86,0.5818290710449219,0.2966666519641876,0.5,0.3723849356174469,0.59333336353302
Gender: Male,86,0.5422885417938232,0.2906250059604645,0.5,0.36758893728256226,0.581250011920929
Gender: Female,86,0.6273796558380127,0.3035714328289032,0.5,0.3777777850627899,0.6071428656578064
Age: <40,86,0.6034964919090271,0.29323309659957886,0.5,0.36966824531555176,0.5864661931991577
Age: 40-50,86,0.5206348896026611,0.2822580635547638,0.5,0.36082473397254944,0.5645161271095276
Age: 50-65,86,0.5846153497695923,0.3095238208770752,0.5,0.38235294818878174,0.6190476417541504
Race: White,86,0.6714490652084351,0.308270663022995,0.5,0.3813953399658203,0.6165413856506348
Race: Black,86,0.5555555820465088,0.30434781312942505,0.5,0.37837839126586914,0.6086956858634949
Race: Other,86,0.5098347663879395,0.2847222089767456,0.5,0.36283186078071594,0.569444477558136
Overall,87,0.6300256252288818,0.285953164100647,0.5,0.3638297915458679,0.571906328201294
Gender: Male,87,0.6402777433395386,0.279720276594162,0.5,0.35874438285827637,0.559440553188324
Gender: Female,87,0.6213017702102661,0.2916666567325592,0.5,0.3684210479259491,0.5833333134651184
Age: <40,87,0.6687452793121338,0.2857142984867096,0.5,0.3636363744735718,0.5714285373687744
Age: 40-50,87,0.5446428060531616,0.25609755516052246,0.5,0.33870968222618103,0.5121951103210449
Age: 50-65,87,0.6408889293670654,0.3214285671710968,0.5,0.3913043439388275,0.6428571343421936
Race: White,87,0.6877332925796509,0.30000001192092896,0.5,0.375,0.6000000238418579
Race: Black,87,0.6113359928131104,0.296875,0.5,0.37254902720451355,0.59375
Race: Other,87,0.5944055914878845,0.27112674713134766,0.5,0.35159817337989807,0.5422534942626953
Overall,88,0.5373416543006897,0.2915254235267639,0.5,0.3683083653450012,0.5830508470535278
Gender: Male,88,0.5257731676101685,0.29393938183784485,0.5,0.37022900581359863,0.5878787636756897
Gender: Female,88,0.550303041934967,0.2884615361690521,0.5,0.3658536672592163,0.5769230723381042
Age: <40,88,0.6474605202674866,0.25912410020828247,0.5,0.3413461446762085,0.5182482004165649
Age: 40-50,88,0.4324073791503906,0.2985074520111084,0.5,0.37383177876472473,0.5970149040222168
Age: 50-65,88,0.4415300488471985,0.3351648449897766,0.5,0.4013157784938812,0.6703296899795532
Race: White,88,0.6122086644172668,0.3079710006713867,0.5,0.38116592168807983,0.6159420609474182
Race: Black,88,0.3504273295402527,0.2954545319080353,0.5,0.37142857909202576,0.5909091234207153
Race: Other,88,0.5004431009292603,0.27407407760620117,0.5,0.35406699776649475,0.5481481552124023
Overall,89,0.6198757886886597,0.30639731884002686,0.5,0.37995824217796326,0.6127945780754089
Gender: Male,89,0.6227920055389404,0.31213873624801636,0.5,0.38434162735939026,0.6242774724960327
Gender: Female,89,0.6208108067512512,0.2983871102333069,0.5,0.3737373650074005,0.596774160861969
Age: <40,89,0.6332499980926514,0.3076923191547394,0.5,0.380952388048172,0.6153846383094788
Age: 40-50,89,0.6142506003379822,0.26428571343421936,0.5,0.3457943797111511,0.5285714268684387
Age: 50-65,89,0.608173131942749,0.3350515365600586,0.5,0.40123456716537476,0.6701030731201172
Race: White,89,0.7602083683013916,0.3287671208381653,0.5,0.39669421315193176,0.6575342416763306
Race: Black,89,0.4135802686214447,0.3333333432674408,0.5,0.4000000059604645,0.6666666865348816
Race: Other,89,0.5168067216873169,0.27419355511665344,0.5,0.3541666567325592,0.5483870506286621
Overall,90,0.5590341091156006,0.2947019934654236,0.5,0.3708333373069763,0.5894039869308472
Gender: Male,90,0.5402554869651794,0.29640719294548035,0.5,0.3721804618835449,0.5928143858909607
Gender: Female,90,0.5716546177864075,0.2925925850868225,0.5,0.36915886402130127,0.585185170173645
Age: <40,90,0.6120567321777344,0.30519479513168335,0.5,0.3790322542190552,0.6103895902633667
Age: 40-50,90,0.4727668762207031,0.3068181872367859,0.5,0.3802816867828369,0.6136363744735718
Age: 50-65,90,0.5326614379882812,0.2740384638309479,0.5,0.35403725504875183,0.5480769276618958
Race: White,90,0.5701013803482056,0.30327868461608887,0.5,0.37755101919174194,0.6065573692321777
Race: Black,90,0.6944444179534912,0.25,0.5,0.3333333432674408,0.5
Race: Other,90,0.5322690010070801,0.29487180709838867,0.5,0.3709677457809448,0.5897436141967773
Overall,91,0.4878295063972473,0.33561643958091736,0.5,0.40163934230804443,0.6712328791618347
Gender: Male,91,0.4954545497894287,0.32258063554763794,0.5,0.3921568691730499,0.6451612710952759
Gender: Female,91,0.4786585569381714,0.35036495327949524,0.5,0.41201716661453247,0.7007299065589905
Age: <40,91,0.5422360301017761,0.36220473051071167,0.5,0.42009133100509644,0.7244094610214233
Age: 40-50,91,0.41826921701431274,0.3095238208770752,0.5,0.38235294818878174,0.6190476417541504
Age: 50-65,91,0.46618038415908813,0.32098764181137085,0.5,0.3909774422645569,0.6419752836227417
Race: White,91,0.5350490808486938,0.30534350872039795,0.5,0.379146933555603,0.6106870174407959
Race: Black,91,0.4714285731315613,0.37037035822868347,0.5,0.42553192377090454,0.7407407760620117
Race: Other,91,0.4506579041481018,0.35820895433425903,0.5,0.417391300201416,0.7164179086685181
Overall,92,0.5512334108352661,0.28911563754081726,0.5,0.3663793206214905,0.5782312750816345
Gender: Male,92,0.568434476852417,0.29192546010017395,0.5,0.3686274588108063,0.5838509202003479
Gender: Female,92,0.5263158082962036,0.2857142984867096,0.5,0.3636363744735718,0.5714285969734192
Age: <40,92,0.5459603071212769,0.2977099120616913,0.5,0.3732057511806488,0.5954198241233826
Age: 40-50,92,0.5180851221084595,0.270114928483963,0.5,0.3507462739944458,0.540229856967926
Age: 50-65,92,0.5978494882583618,0.29605263471603394,0.5,0.3719008266925812,0.5921052694320679
Race: White,92,0.6537331342697144,0.26923078298568726,0.5,0.3499999940395355,0.5384615659713745
Race: Black,92,0.5476190447807312,0.28125,0.5,0.36000001430511475,0.5625
Race: Other,92,0.4753210246562958,0.30689653754234314,0.5,0.38034188747406006,0.6137930750846863
Overall,93,0.5465116500854492,0.284280925989151,0.5,0.36247333884239197,0.568561851978302
Gender: Male,93,0.5456856489181519,0.2852941155433655,0.5,0.36329588294029236,0.570588231086731
Gender: Female,93,0.5454990267753601,0.2829457223415375,0.5,0.36138615012168884,0.565891444683075
Age: <40,93,0.5681732296943665,0.30201342701911926,0.5,0.3765690326690674,0.6040268540382385
Age: 40-50,93,0.5648648738861084,0.2761194109916687,0.5,0.35576921701431274,0.5522388219833374
Age: 50-65,93,0.49825581908226013,0.2590361535549164,0.5,0.341269850730896,0.518072247505188
Race: White,93,0.6347891092300415,0.31679388880729675,0.5,0.38785046339035034,0.6335877776145935
Race: Black,93,0.6666666865348816,0.1875,0.5,0.27272728085517883,0.375
Race: Other,93,0.4594017267227173,0.2708333432674408,0.5,0.3513513505458832,0.5416666865348816
Overall,94,0.5457940101623535,0.28405314683914185,0.5,0.36228814721107483,0.5681062936782837
Gender: Male,94,0.5476870536804199,0.30116960406303406,0.5,0.3759123980998993,0.6023392081260681
Gender: Female,94,0.5263282656669617,0.26153847575187683,0.5,0.34343433380126953,0.5230769515037537
Age: <40,94,0.6132075786590576,0.30075186491012573,0.5,0.3755868673324585,0.6015037894248962
Age: 40-50,94,0.46459096670150757,0.24074074625968933,0.5,0.32499998807907104,0.48148149251937866
Age: 50-65,94,0.514285683631897,0.29885056614875793,0.5,0.3741007149219513,0.5977011322975159
Race: White,94,0.5582191944122314,0.2744360864162445,0.5,0.3543689250946045,0.548872172832489
Race: Black,94,0.5769230723381042,0.27586206793785095,0.5,0.35555556416511536,0.5517241358757019
Race: Other,94,0.5397946238517761,0.2949640154838562,0.5,0.3710407316684723,0.5899280905723572
Overall,95,0.5586203932762146,0.2966666519641876,0.5,0.3723849356174469,0.59333336353302
Gender: Male,95,0.5710826516151428,0.31210190057754517,0.5,0.3843137323856354,0.6242038011550903
Gender: Female,95,0.5357142686843872,0.279720276594162,0.5,0.35874438285827637,0.559440553188324
Age: <40,95,0.5468409657478333,0.3068181872367859,0.5,0.3802816867828369,0.6136363744735718
Age: 40-50,95,0.37122416496276855,0.23943662643432617,0.5,0.32380953431129456,0.47887322306632996
Age: 50-65,95,0.6722688674926758,0.32474225759506226,0.5,0.39375001192092896,0.6494845151901245
Race: White,95,0.7094532251358032,0.307407408952713,0.5,0.3807339370250702,0.614814817905426
Race: Black,95,0.7272727489471436,0.28947368264198303,0.5,0.36666667461395264,0.5789473652839661
Race: Other,95,0.4389401078224182,0.2876712381839752,0.5,0.365217387676239,0.5753424763679504
Overall,96,0.5183364152908325,0.2702702581882477,0.5,0.35087719559669495,0.5405405759811401
Gender: Male,96,0.5221561193466187,0.26923078298568726,0.5,0.3499999940395355,0.5384615659713745
Gender: Female,96,0.5113075971603394,0.27142858505249023,0.5,0.35185185074806213,0.5428571701049805
Age: <40,96,0.5409713387489319,0.28515625,0.5,0.3631840944290161,0.5703125
Age: 40-50,96,0.38669437170028687,0.2565789520740509,0.5,0.3391304314136505,0.5131579041481018
Age: 50-65,96,0.5932765007019043,0.260869562625885,0.5,0.34285715222358704,0.52173912525177
Race: White,96,0.6406334042549133,0.2804878056049347,0.5,0.359375,0.5609756112098694
Race: Black,96,0.572115421295166,0.22413793206214905,0.5,0.3095238208770752,0.4482758641242981
Race: Other,96,0.4357031583786011,0.2708333432674408,0.5,0.3513513505458832,0.5416666865348816
Overall,97,0.5164299607276917,0.28787878155708313,0.5,0.36538460850715637,0.5757575631141663
Gender: Male,97,0.5566449165344238,0.2718120813369751,0.5,0.35217392444610596,0.5436241626739502
Gender: Female,97,0.4892720580101013,0.30405405163764954,0.5,0.3781512677669525,0.6081081032752991
Age: <40,97,0.5790598392486572,0.3095238208770752,0.5,0.38235294818878174,0.6190476417541504
Age: 40-50,97,0.451171875,0.25,0.5,0.3333333432674408,0.5
Age: 50-65,97,0.4921596646308899,0.2850467264652252,0.5,0.363095223903656,0.5700934529304504
Race: White,97,0.5638138055801392,0.2890625,0.5,0.3663366436958313,0.578125
Race: Black,97,0.5736842155456543,0.32758620381355286,0.5,0.3958333432674408,0.6551724076271057
Race: Other,97,0.4898676574230194,0.2785714268684387,0.5,0.35779815912246704,0.5571428537368774
Overall,98,0.5469458103179932,0.3006872832775116,0.5,0.3755364716053009,0.6013745665550232
Gender: Male,98,0.5697492361068726,0.30136987566947937,0.5,0.3760683834552765,0.602739691734314
Gender: Female,98,0.5253666639328003,0.30000001192092896,0.5,0.375,0.6000000238418579
Age: <40,98,0.6496647596359253,0.30416667461395264,0.5,0.37823835015296936,0.6083333492279053
Age: 40-50,98,0.4526854157447815,0.2874999940395355,0.5,0.3650793731212616,0.574999988079071
Age: 50-65,98,0.5107142925262451,0.3076923191547394,0.5,0.380952388048172,0.6153846383094788
Race: White,98,0.5850000381469727,0.2862595319747925,0.5,0.3640776574611664,0.572519063949585
Race: Black,98,0.7599999904632568,0.25,0.5,0.3333333432674408,0.5
Race: Other,98,0.49355554580688477,0.3214285671710968,0.5,0.3913043439388275,0.6428571343421936
Overall,99,0.5675762891769409,0.27441078424453735,0.5,0.354347825050354,0.5488215088844299
Gender: Male,99,0.6439986824989319,0.2675159275531769,0.5,0.34854772686958313,0.5350318551063538
Gender: Female,99,0.48744553327560425,0.28214284777641296,0.5,0.3607305884361267,0.5642856955528259
Age: <40,99,0.5652256011962891,0.31456953287124634,0.5,0.3861788511276245,0.6291390657424927
Age: 40-50,99,0.5886627435684204,0.2133333384990692,0.5,0.29906541109085083,0.4266666769981384
Age: 50-65,99,0.591269850730896,0.2535211145877838,0.5,0.336448609828949,0.5070422291755676
Race: White,99,0.602165699005127,0.2748091518878937,0.5,0.35467979311943054,0.5496183037757874
Race: Black,99,0.6000000238418579,0.2916666567325592,0.5,0.3684210479259491,0.5833333730697632
Race: Other,99,0.5424575805664062,0.27112674713134766,0.5,0.35159817337989807,0.5422534942626953
Overall,100,0.5831835865974426,0.2962328791618347,0.5,0.37204301357269287,0.5924657583236694
Gender: Male,100,0.5951699018478394,0.2847682237625122,0.5,0.3628692030906677,0.5695364475250244
Gender: Female,100,0.5713069438934326,0.3085106313228607,0.5,0.3815789520740509,0.6170212626457214
Age: <40,100,0.6660240888595581,0.3120300769805908,0.5,0.38425925374031067,0.6240601539611816
Age: 40-50,100,0.5178253650665283,0.24626865983009338,0.5,0.33000001311302185,0.4925372898578644
Age: 50-65,100,0.523809552192688,0.30978259444236755,0.5,0.38255032896995544,0.6195652484893799
Race: White,100,0.7068027257919312,0.2631579041481018,0.5,0.3448275923728943,0.5263158082962036
Race: Black,100,0.4215686321258545,0.3695652186870575,0.5,0.42500001192092896,0.739130437374115
Race: Other,100,0.49418604373931885,0.31617647409439087,0.5,0.38738739490509033,0.6323529481887817
Overall,101,0.5931724309921265,0.30000001192092896,0.5,0.375,0.5999999642372131
Gender: Male,101,0.5671592950820923,0.3220858871936798,0.5,0.39179104566574097,0.6441717743873596
Gender: Female,101,0.6203703880310059,0.27272728085517883,0.5,0.3529411852359772,0.5454545617103577
Age: <40,101,0.6420356035232544,0.3057851195335388,0.5,0.37948718667030334,0.6115702390670776
Age: 40-50,101,0.5894117951393127,0.2881355881690979,0.5,0.3655914068222046,0.5762711763381958
Age: 50-65,101,0.5444234609603882,0.30000001192092896,0.5,0.375,0.5999999642372131
Race: White,101,0.6361451745033264,0.2807692289352417,0.5,0.35960590839385986,0.5615384578704834
Race: Black,101,0.6363636255264282,0.260869562625885,0.5,0.34285715222358704,0.52173912525177
Race: Other,101,0.558912992477417,0.3239436745643616,0.5,0.39316239953041077,0.6478872895240784
Overall,102,0.5387078523635864,0.3118811845779419,0.5,0.3841463327407837,0.6237623691558838
Gender: Male,102,0.5432621240615845,0.31699347496032715,0.5,0.3880000114440918,0.6339869499206543
Gender: Female,102,0.5378561019897461,0.30666667222976685,0.5,0.3801652789115906,0.6133333444595337
Age: <40,102,0.6575424671173096,0.3116438388824463,0.5,0.38396623730659485,0.6232876777648926
Age: 40-50,102,0.41422224044799805,0.3214285671710968,0.5,0.3913043439388275,0.6428571343421936
Age: 50-65,102,0.4428412914276123,0.3045977056026459,0.5,0.37857142090797424,0.6091954112052917
Race: White,102,0.6191489696502686,0.32846716046333313,0.5,0.39647576212882996,0.6569343209266663
Race: Black,102,0.5625,0.3333333432674408,0.5,0.4000000059604645,0.6666666865348816
Race: Other,102,0.47335103154182434,0.2922535240650177,0.5,0.36888888478279114,0.5845070481300354
Overall,103,0.5428503751754761,0.27815699577331543,0.5,0.35745614767074585,0.5563139915466309
Gender: Male,103,0.5595388412475586,0.2993420958518982,0.5,0.374485582113266,0.5986841917037964
Gender: Female,103,0.5332125425338745,0.25531914830207825,0.5,0.3380281627178192,0.5106382966041565
Age: <40,103,0.6758763790130615,0.28205129504203796,0.5,0.3606557250022888,0.5641025900840759
Age: 40-50,103,0.48787248134613037,0.2565789520740509,0.5,0.3391304314136505,0.5131579041481018
Age: 50-65,103,0.424055814743042,0.28999999165534973,0.5,0.3670886158943176,0.5799999833106995
Race: White,103,0.5983889698982239,0.27241379022598267,0.5,0.3526785671710968,0.5448275804519653
Race: Black,103,0.5333333015441895,0.30000001192092896,0.5,0.375,0.5999999642372131
Race: Other,103,0.5034890174865723,0.2804878056049347,0.5,0.359375,0.5609756112098694
Overall,104,0.5579401254653931,0.2859589159488678,0.5,0.363834410905838,0.5719178318977356
Gender: Male,104,0.562541127204895,0.3062500059604645,0.5,0.3798449635505676,0.612500011920929
Gender: Female,104,0.542443037033081,0.2613636255264282,0.5,0.34328359365463257,0.5227273106575012
Age: <40,104,0.7061403393745422,0.3140496015548706,0.5,0.3857868015766144,0.6280991435050964
Age: 40-50,104,0.4876190423965454,0.26923078298568726,0.5,0.3499999940395355,0.5384615659713745
Age: 50-65,104,0.44749999046325684,0.2641509473323822,0.5,0.34567901492118835,0.5283018946647644
Race: White,104,0.6480659246444702,0.2964285612106323,0.5,0.37219730019569397,0.5928571224212646
Race: Black,104,0.5833333730697632,0.32608696818351746,0.5,0.3947368562221527,0.6521739363670349
Race: Other,104,0.4806763231754303,0.26744186878204346,0.5,0.3484848439693451,0.5348837375640869
Overall,105,0.4629329442977905,0.28405314683914185,0.5,0.36228814721107483,0.5681062936782837
Gender: Male,105,0.4900497794151306,0.29447853565216064,0.5,0.3706563711166382,0.5889570713043213
Gender: Female,105,0.43365079164505005,0.27173912525177,0.5,0.35211268067359924,0.54347825050354
Age: <40,105,0.5384764671325684,0.29794520139694214,0.5,0.3733905553817749,0.5958904027938843
Age: 40-50,105,0.43883275985717773,0.22499999403953552,0.5,0.3103448152542114,0.45000001788139343
Age: 50-65,105,0.3688827455043793,0.30000001192092896,0.5,0.375,0.6000000238418579
Race: White,105,0.5312075614929199,0.2518796920776367,0.5,0.33500000834465027,0.5037593841552734
Race: Black,105,0.6527777910232544,0.23529411852359772,0.5,0.3199999928474426,0.47058823704719543
Race: Other,105,0.35757577419281006,0.3178808093070984,0.5,0.38866397738456726,0.6357616186141968
Overall,106,0.4942394196987152,0.26791808009147644,0.5,0.3488888740539551,0.5358361601829529
Gender: Male,106,0.5358885526657104,0.257485032081604,0.5,0.33992093801498413,0.514970064163208
Gender: Female,106,0.4448143243789673,0.2817460298538208,0.5,0.3604061007499695,0.5634921193122864
Age: <40,106,0.483965665102005,0.3014705777168274,0.5,0.3761467933654785,0.6029411554336548
Age: 40-50,106,0.4490662217140198,0.2246376872062683,0.5,0.3100000023841858,0.4492753744125366
Age: 50-65,106,0.5258264541625977,0.25,0.5,0.3333333432674408,0.5
Race: White,106,0.6041958332061768,0.24809160828590393,0.5,0.3316326439380646,0.49618321657180786
Race: Black,106,0.6694214940071106,0.25,0.5,0.3333333432674408,0.5
Race: Other,106,0.3753923773765564,0.28928571939468384,0.5,0.3665158450603485,0.5785714387893677
Overall,107,0.5119568109512329,0.2806122303009033,0.5,0.35947713255882263,0.5612244606018066
Gender: Male,107,0.5086394548416138,0.2886904776096344,0.5,0.3660377264022827,0.5773809552192688
Gender: Female,107,0.5063387155532837,0.2698412835597992,0.5,0.3505154550075531,0.5396825671195984
Age: <40,107,0.5893887281417847,0.3125,0.5,0.38461539149284363,0.625
Age: 40-50,107,0.395652174949646,0.21698112785816193,0.5,0.30263158679008484,0.43396228551864624
Age: 50-65,107,0.4586988687515259,0.27142858505249023,0.5,0.35185185074806213,0.5428571701049805
Race: White,107,0.545660674571991,0.2750000059604645,0.5,0.35483869910240173,0.550000011920929
Race: Black,107,0.6000000238418579,0.2380952388048172,0.5,0.32258063554763794,0.4761904776096344
Race: Other,107,0.47855478525161743,0.29323309659957886,0.5,0.36966824531555176,0.5864661931991577
Overall,108,0.5834150314331055,0.2969798743724823,0.5,0.37263157963752747,0.5939597487449646
Gender: Male,108,0.6119818687438965,0.28431373834609985,0.5,0.36250001192092896,0.5686274766921997
Gender: Female,108,0.5531313419342041,0.3103448152542114,0.5,0.38297873735427856,0.6206896305084229
Age: <40,108,0.6322287321090698,0.3403361439704895,0.5,0.4050000011920929,0.680672287940979
Age: 40-50,108,0.5897436141967773,0.2467532455921173,0.5,0.33043476939201355,0.4935064911842346
Age: 50-65,108,0.5262539386749268,0.28431373834609985,0.5,0.36250001192092896,0.5686274766921997
Race: White,108,0.6509190797805786,0.28523489832878113,0.5,0.3632478713989258,0.5704697966575623
Race: Black,108,0.8500000238418579,0.3529411852359772,0.5,0.4137931168079376,0.7058823704719543
Race: Other,108,0.5081731081008911,0.3030303120613098,0.5,0.37735849618911743,0.6060606241226196
Overall,109,0.530103862285614,0.31122449040412903,0.5,0.3836477994918823,0.6224489808082581
Gender: Male,109,0.5601804256439209,0.30000001192092896,0.5,0.375,0.5999999642372131
Gender: Female,109,0.5038548707962036,0.32374101877212524,0.5,0.3930130898952484,0.6474820375442505
Age: <40,109,0.6040226221084595,0.3162393271923065,0.5,0.38743454217910767,0.632478654384613
Age: 40-50,109,0.4862973690032959,0.2916666567325592,0.5,0.3684210479259491,0.5833333730697632
Age: 50-65,109,0.44999998807907104,0.32258063554763794,0.5,0.3921568691730499,0.6451612710952759
Race: White,109,0.6192680597305298,0.2956204414367676,0.5,0.37155961990356445,0.5912408828735352
Race: Black,109,0.5199999809265137,0.3333333432674408,0.5,0.4000000059604645,0.6666666865348816
Race: Other,109,0.43712735176086426,0.32283464074134827,0.5,0.39234450459480286,0.6456692814826965
Overall,110,0.572418749332428,0.26923078298568726,0.5,0.3499999940395355,0.5384615063667297
Gender: Male,110,0.557851254940033,0.2857142984867096,0.5,0.3636363744735718,0.5714285969734192
Gender: Female,110,0.5820015072822571,0.25172412395477295,0.5,0.3348623812198639,0.5034482479095459
Age: <40,110,0.7085223197937012,0.2730769217014313,0.5,0.35323384404182434,0.5461538434028625
Age: 40-50,110,0.47857141494750977,0.23333333432674408,0.5,0.3181818127632141,0.46666666865348816
Age: 50-65,110,0.4783216714859009,0.292553186416626,0.5,0.3691275119781494,0.585106372833252
Race: White,110,0.5923435688018799,0.2871621549129486,0.5,0.3648068606853485,0.5743243098258972
Race: Black,110,0.5769230723381042,0.24074074625968933,0.5,0.32499998807907104,0.48148149251937866
Race: Other,110,0.5477491617202759,0.2540322542190552,0.5,0.3368983864784241,0.5080645084381104
Overall,111,0.5383008718490601,0.2962328791618347,0.5,0.37204301357269287,0.5924657583236694
Gender: Male,111,0.5285385847091675,0.29100528359413147,0.5,0.3678929805755615,0.5820105671882629
Gender: Female,111,0.5603175163269043,0.30582523345947266,0.5,0.379518061876297,0.6116504669189453
Age: <40,111,0.5810267925262451,0.29411765933036804,0.5,0.37037035822868347,0.5882353186607361
Age: 40-50,111,0.5673683881759644,0.30158731341362,0.5,0.3762376308441162,0.60317462682724
Age: 50-65,111,0.4626794457435608,0.2956989109516144,0.5,0.37162160873413086,0.5913978219032288
Race: White,111,0.6167224049568176,0.29279279708862305,0.5,0.3693181872367859,0.5855855941772461
Race: Black,111,0.4759615659713745,0.22413793206214905,0.5,0.3095238208770752,0.4482758641242981
Race: Other,111,0.4849492311477661,0.3125,0.5,0.38461539149284363,0.625
Overall,112,0.5176094770431519,0.26198631525039673,0.5,0.3438202142715454,0.5239725708961487
Gender: Male,112,0.5141395330429077,0.27167630195617676,0.5,0.352059930562973,0.5433526039123535
Gender: Female,112,0.5220339298248291,0.2478991597890854,0.5,0.3314606845378876,0.49579834938049316
Age: <40,112,0.6241879463195801,0.27165353298187256,0.5,0.3520408272743225,0.5433070659637451
Age: 40-50,112,0.40432098507881165,0.2142857164144516,0.5,0.30000001192092896,0.4285714626312256
Age: 50-65,112,0.45886939764022827,0.27941176295280457,0.5,0.35849055647850037,0.5588235259056091
Race: White,112,0.6031745672225952,0.2800000011920929,0.5,0.3589743673801422,0.5600000023841858
Race: Black,112,0.5416666865348816,0.1666666716337204,0.5,0.25,0.3333333432674408
Race: Other,112,0.4061930775642395,0.2540322542190552,0.5,0.3368983864784241,0.5080645084381104
Overall,113,0.5097841620445251,0.25951558351516724,0.5,0.3416856527328491,0.5190311670303345
Gender: Male,113,0.5136494636535645,0.23952095210552216,0.5,0.3238866329193115,0.4790419340133667
Gender: Female,113,0.5162087678909302,0.28688523173332214,0.5,0.3645833432674408,0.5737704634666443
Age: <40,113,0.5480555295944214,0.2950819730758667,0.5,0.3711340129375458,0.5901638865470886
Age: 40-50,113,0.5,0.2133333384990692,0.5,0.29906541109085083,0.4266666769981384
Age: 50-65,113,0.4773156940937042,0.25,0.5,0.3333333432674408,0.5
Race: White,113,0.5625641345977783,0.23999999463558197,0.5,0.3243243098258972,0.48000001907348633
Race: Black,113,0.6969696283340454,0.239130437374115,0.5,0.3235294222831726,0.47826087474823
Race: Other,113,0.4265006184577942,0.28014183044433594,0.5,0.3590908944606781,0.5602836608886719
Overall,114,0.5394389629364014,0.28231292963027954,0.5,0.36086955666542053,0.5646258592605591
Gender: Male,114,0.5854723453521729,0.27302631735801697,0.5,0.3531914949417114,0.5460526347160339
Gender: Female,114,0.5019399523735046,0.2922535240650177,0.5,0.36888888478279114,0.5845070481300354
Age: <40,114,0.6272177696228027,0.28169015049934387,0.5,0.36036035418510437,0.563380241394043
Age: 40-50,114,0.41582149267196655,0.230158731341362,0.5,0.31521740555763245,0.4603174924850464
Age: 50-65,114,0.5257675647735596,0.32022473216056824,0.5,0.3904109597206116,0.6404494643211365
Race: White,114,0.5709064602851868,0.27906978130340576,0.5,0.35820895433425903,0.5581395626068115
Race: Black,114,0.6499999761581421,0.25,0.5,0.3333333432674408,0.5
Race: Other,114,0.5029274225234985,0.2896551787853241,0.5,0.36681222915649414,0.5793103575706482
Overall,115,0.5753713846206665,0.2760942876338959,0.5,0.35574838519096375,0.552188515663147
Gender: Male,115,0.5651571750640869,0.2558823525905609,0.5,0.33852139115333557,0.5117647051811218
Gender: Female,115,0.6101298332214355,0.30314961075782776,0.5,0.37745097279548645,0.6062992215156555
Age: <40,115,0.623882532119751,0.29136690497398376,0.5,0.36818182468414307,0.5827338099479675
Age: 40-50,115,0.5379506349563599,0.23846153914928436,0.5,0.3229166567325592,0.4769230782985687
Age: 50-65,115,0.51313316822052,0.2795698940753937,0.5,0.35862070322036743,0.5591397881507874
Race: White,115,0.691964328289032,0.27419355511665344,0.5,0.3541666567325592,0.5483870506286621
Race: Black,115,0.6875,0.22413793206214905,0.5,0.3095238208770752,0.4482758641242981
Race: Other,115,0.4594113826751709,0.2881944477558136,0.5,0.36563876271247864,0.5763888955116272
Overall,116,0.5259842276573181,0.2861952781677246,0.5,0.36402568221092224,0.5723905563354492
Gender: Male,116,0.525931715965271,0.2839506268501282,0.5,0.36220473051071167,0.5679012537002563
Gender: Female,116,0.5353126525878906,0.2888889014720917,0.5,0.3661971688270569,0.5777777433395386
Age: <40,116,0.5697699785232544,0.3007246255874634,0.5,0.37556561827659607,0.6014493107795715
Age: 40-50,116,0.46926406025886536,0.24264705181121826,0.5,0.32673266530036926,0.4852941334247589
Age: 50-65,116,0.49299299716949463,0.2967033088207245,0.5,0.3724137842655182,0.593406617641449
Race: White,116,0.6190130710601807,0.2977099120616913,0.5,0.3732057511806488,0.5954198241233826
Race: Black,116,0.5125000476837158,0.25,0.5,0.3333333432674408,0.5
Race: Other,116,0.4375,0.2857142984867096,0.5,0.3636363744735718,0.5714285969734192
Overall,117,0.520185112953186,0.2883959114551544,0.5,0.3658008575439453,0.5767917633056641
Gender: Male,117,0.5451815128326416,0.2861271798610687,0.5,0.3639705777168274,0.5722543001174927
Gender: Female,117,0.48657143115997314,0.2916666567325592,0.5,0.3684210479259491,0.5833333730697632
Age: <40,117,0.6208378076553345,0.30399999022483826,0.5,0.3781094551086426,0.6080000400543213
Age: 40-50,117,0.4134560227394104,0.2797619104385376,0.5,0.35877862572669983,0.5595238208770752
Age: 50-65,117,0.4691075384616852,0.2738095223903656,0.5,0.35384616255760193,0.5476190447807312
Race: White,117,0.6345573663711548,0.27952754497528076,0.5,0.3585858643054962,0.5590550899505615
Race: Black,117,0.4523809552192688,0.30434781312942505,0.5,0.37837839126586914,0.6086956858634949
Race: Other,117,0.4402744174003601,0.2937062978744507,0.5,0.3700440526008606,0.5874125957489014
Overall,118,0.526447057723999,0.2909407615661621,0.5,0.3678414225578308,0.5818815231323242
Gender: Male,118,0.5292650461196899,0.3050314486026764,0.5,0.37890625,0.6100628972053528
Gender: Female,118,0.5179802775382996,0.2734375,0.5,0.35353535413742065,0.546875
Age: <40,118,0.5350877046585083,0.2949640154838562,0.5,0.3710407316684723,0.5899280905723572
Age: 40-50,118,0.5282738208770752,0.28378379344940186,0.5,0.36206895112991333,0.5675675868988037
Age: 50-65,118,0.49512380361557007,0.29054054617881775,0.5,0.36752137541770935,0.5810810923576355
Race: White,118,0.6157407760620117,0.2857142984867096,0.5,0.3636363744735718,0.5714285969734192
Race: Black,118,0.578125,0.25,0.5,0.3333333432674408,0.5
Race: Other,118,0.4298454523086548,0.30000001192092896,0.5,0.375,0.6000000238418579
Overall,119,0.5399854183197021,0.28093644976615906,0.5,0.35974302887916565,0.5618728995323181
Gender: Male,119,0.5311005115509033,0.30344828963279724,0.5,0.3776824176311493,0.6068965196609497
Gender: Female,119,0.5310810804367065,0.25974026322364807,0.5,0.34188035130500793,0.5194805264472961
Age: <40,119,0.5725899934768677,0.3306451737880707,0.5,0.3980582654476166,0.6612902879714966
Age: 40-50,119,0.4486486315727234,0.2430555522441864,0.5,0.32710281014442444,0.4861111044883728
Age: 50-65,119,0.581447958946228,0.24757280945777893,0.5,0.3311688303947449,0.49514564871788025
Race: White,119,0.5627139806747437,0.2664233446121216,0.5,0.34761905670166016,0.5328466892242432
Race: Black,119,0.6538461446762085,0.29032257199287415,0.5,0.36734694242477417,0.5806451439857483
Race: Other,119,0.4987975060939789,0.29389312863349915,0.5,0.3701923191547394,0.5877862572669983
Overall,120,0.505977988243103,0.301612913608551,0.5,0.3762575387954712,0.6032257676124573
Gender: Male,120,0.567481517791748,0.2849161922931671,0.5,0.3629893362522125,0.5698323845863342
Gender: Female,120,0.427109956741333,0.3244274854660034,0.5,0.39351850748062134,0.6488549709320068
Age: <40,120,0.5499999523162842,0.3546099364757538,0.5,0.4149377644062042,0.7092198133468628
Age: 40-50,120,0.4107142686843872,0.2247191071510315,0.5,0.3100775182247162,0.449438214302063
Age: 50-65,120,0.5016118288040161,0.29374998807907104,0.5,0.3700787425041199,0.5875000357627869
Race: White,120,0.5053290128707886,0.307407408952713,0.5,0.3807339370250702,0.614814817905426
Race: Black,120,0.6049999594688416,0.3333333432674408,0.5,0.4000000059604645,0.6666666865348816
Race: Other,120,0.5142467021942139,0.2896551787853241,0.5,0.36681222915649414,0.5793103575706482
Overall,121,0.5729077458381653,0.29491525888442993,0.5,0.3710021376609802,0.5898305177688599
Gender: Male,121,0.5456228852272034,0.2884615361690521,0.5,0.3658536672592163,0.5769230723381042
Gender: Female,121,0.6032467484474182,0.30215826630592346,0.5,0.3766816258430481,0.6043165326118469
Age: <40,121,0.6314525604248047,0.2905983030796051,0.5,0.3675675690174103,0.5811966061592102
Age: 40-50,121,0.43704891204833984,0.2986111044883728,0.5,0.373913049697876,0.5972222089767456
Age: 50-65,121,0.5968992710113525,0.2971698045730591,0.5,0.37278106808662415,0.5943396091461182
Race: White,121,0.5960806608200073,0.25172412395477295,0.5,0.3348623812198639,0.5034482479095459
Race: Black,121,0.5600000023841858,0.3333333432674408,0.5,0.4000000059604645,0.6666666865348816
Race: Other,121,0.5474525690078735,0.33703702688217163,0.5,0.40265485644340515,0.6740740537643433
Overall,122,0.566504716873169,0.27871620655059814,0.5,0.35791757702827454,0.5574324727058411
Gender: Male,122,0.634138822555542,0.2746913433074951,0.5,0.35458168387413025,0.549382746219635
Gender: Female,122,0.492286741733551,0.28358209133148193,0.5,0.3619047701358795,0.5671641826629639
Age: <40,122,0.6810601949691772,0.3067227005958557,0.5,0.3802083432674408,0.6134454011917114
Age: 40-50,122,0.4404040575027466,0.25280898809432983,0.5,0.33582088351249695,0.5056179761886597
Age: 50-65,122,0.5537104606628418,0.2670454680919647,0.5,0.3481481373310089,0.5340909361839294
Race: White,122,0.6228955984115601,0.24418604373931885,0.5,0.328125,0.4883720874786377
Race: Black,122,0.4385964870452881,0.3392857015132904,0.5,0.40425533056259155,0.6785714626312256
Race: Other,122,0.5365748405456543,0.298561155796051,0.5,0.37387385964393616,0.597122311592102
Overall,123,0.5663291215896606,0.26520270109176636,0.5,0.34657835960388184,0.5304054021835327
Gender: Male,123,0.6063067317008972,0.28437501192092896,0.5,0.3625498116016388,0.5687500238418579
Gender: Female,123,0.5114718675613403,0.24264705181121826,0.5,0.32673266530036926,0.4852941334247589
Age: <40,123,0.6467996835708618,0.28947368264198303,0.5,0.36666667461395264,0.5789473652839661
Age: 40-50,123,0.4552772641181946,0.18840579688549042,0.5,0.27368420362472534,0.37681159377098083
Age: 50-65,123,0.5509259104728699,0.28723403811454773,0.5,0.36486485600471497,0.5744680762290955
Race: White,123,0.6179615259170532,0.26538461446762085,0.5,0.3467336595058441,0.5307692289352417
Race: Black,123,0.7066667079925537,0.20000000298023224,0.5,0.2857142984867096,0.3999999761581421
Race: Other,123,0.49450546503067017,0.27659574151039124,0.5,0.3561643958091736,0.5531914830207825
Overall,124,0.5715872049331665,0.30102041363716125,0.5,0.3757961690425873,0.6020408272743225
Gender: Male,124,0.5537514090538025,0.3112582862377167,0.5,0.38367345929145813,0.6225165724754333
Gender: Female,124,0.6010040044784546,0.2902098000049591,0.5,0.36725664138793945,0.5804196000099182
Age: <40,124,0.6855421662330627,0.3120300769805908,0.5,0.38425925374031067,0.6240601539611816
Age: 40-50,124,0.4244471788406372,0.2716049253940582,0.5,0.35199999809265137,0.5432099103927612
Age: 50-65,124,0.5299999713897705,0.3125,0.5,0.38461539149284363,0.625
Race: White,124,0.5983568429946899,0.27099236845970154,0.5,0.35148516297340393,0.5419847369194031
Race: Black,124,0.6784313917160034,0.265625,0.5,0.3469387888908386,0.53125
Race: Other,124,0.5181915760040283,0.33969464898109436,0.5,0.40454545617103577,0.6793892979621887
Overall,125,0.5287067890167236,0.3056478500366211,0.5,0.3793814480304718,0.6112956404685974
Gender: Male,125,0.4693688154220581,0.3060606122016907,0.5,0.3796992599964142,0.6121211647987366
Gender: Female,125,0.6126391887664795,0.30514705181121826,0.5,0.37899544835090637,0.6102941036224365
Age: <40,125,0.5817610025405884,0.31468531489372253,0.5,0.3862660825252533,0.6293706297874451
Age: 40-50,125,0.5090137720108032,0.3203125,0.5,0.39047619700431824,0.640625
Age: 50-65,125,0.47814080119132996,0.2819148898124695,0.5,0.36054420471191406,0.563829779624939
Race: White,125,0.6123083829879761,0.2769230902194977,0.5,0.3564356565475464,0.5538461804389954
Race: Black,125,0.5,0.2857142984867096,0.5,0.3636363744735718,0.5714285969734192
Race: Other,125,0.4479166865348816,0.3356643319129944,0.5,0.40167364478111267,0.6713286638259888
Overall,126,0.5029191970825195,0.28999999165534973,0.5,0.3670886158943176,0.5800000429153442
Gender: Male,126,0.5119527578353882,0.2914285659790039,0.5,0.36823105812072754,0.5828571319580078
Gender: Female,126,0.49004191160202026,0.2879999876022339,0.5,0.36548224091529846,0.5760000348091125
Age: <40,126,0.6152903437614441,0.29615384340286255,0.5,0.3719806671142578,0.5923076868057251
Age: 40-50,126,0.3860294222831726,0.2702702581882477,0.5,0.35087719559669495,0.5405405759811401
Age: 50-65,126,0.47413405776023865,0.296875,0.5,0.37254902720451355,0.59375
Race: White,126,0.5176504850387573,0.30000001192092896,0.5,0.375,0.6000000238418579
Race: Black,126,0.39772728085517883,0.29629629850387573,0.5,0.3720930218696594,0.5925925970077515
Race: Other,126,0.5015619993209839,0.2810457646846771,0.5,0.35983264446258545,0.5620915293693542
Overall,127,0.506788969039917,0.3026755750179291,0.5,0.37708333134651184,0.6053511500358582
Gender: Male,127,0.4759741425514221,0.31089743971824646,0.5,0.38339921832084656,0.6217948794364929
Gender: Female,127,0.5343018770217896,0.2937062978744507,0.5,0.3700440526008606,0.5874125957489014
Age: <40,127,0.569800615310669,0.3488371968269348,0.5,0.4109589159488678,0.6976743936538696
Age: 40-50,127,0.35305851697921753,0.297468364238739,0.5,0.3730158805847168,0.594936728477478
Age: 50-65,127,0.5575435161590576,0.24175824224948883,0.5,0.32592591643333435,0.48351648449897766
Race: White,127,0.5806535482406616,0.2976190447807312,0.5,0.3731343150138855,0.5952381491661072
Race: Black,127,0.4868420958518982,0.35185185074806213,0.5,0.41304346919059753,0.7037037014961243
Race: Other,127,0.45509448647499084,0.29794520139694214,0.5,0.3733905553817749,0.5958904027938843
Overall,128,0.5638749599456787,0.28253424167633057,0.5,0.3610503375530243,0.5650684833526611
Gender: Male,128,0.5607191324234009,0.28387096524238586,0.5,0.36213991045951843,0.5677419304847717
Gender: Female,128,0.5686147212982178,0.2810218930244446,0.5,0.3598130941390991,0.5620437860488892
Age: <40,128,0.6135197877883911,0.29323309659957886,0.5,0.36966824531555176,0.5864661931991577
Age: 40-50,128,0.5833333730697632,0.22602739930152893,0.5,0.3113207519054413,0.45205479860305786
Age: 50-65,128,0.5092592239379883,0.3139534890651703,0.5,0.3857142925262451,0.6279069781303406
Race: White,128,0.5495887994766235,0.2977099120616913,0.5,0.3732057511806488,0.5954198241233826
Race: Black,128,0.6801619529724121,0.296875,0.5,0.37254902720451355,0.59375
Race: Other,128,0.5860655307769775,0.26356589794158936,0.5,0.34517765045166016,0.5271317958831787
Overall,129,0.5261070728302002,0.2996633052825928,0.5,0.37473684549331665,0.5993266105651855
Gender: Male,129,0.5263240337371826,0.30792683362960815,0.5,0.3811320662498474,0.6158536076545715
Gender: Female,129,0.530380368232727,0.28947368264198303,0.5,0.36666667461395264,0.5789473652839661
Age: <40,129,0.5892857313156128,0.328125,0.5,0.3962264060974121,0.65625
Age: 40-50,129,0.4660968780517578,0.2678571343421936,0.5,0.3488371968269348,0.5357142686843872
Age: 50-65,129,0.5170068144798279,0.28823530673980713,0.5,0.36567163467407227,0.5764706134796143
Race: White,129,0.6363636255264282,0.3130081295967102,0.5,0.38499999046325684,0.6260162591934204
Race: Black,129,0.6499999761581421,0.2777777910232544,0.5,0.3571428656578064,0.5555555820465088
Race: Other,129,0.42546701431274414,0.2925170063972473,0.5,0.3690987229347229,0.5850340127944946
Overall,130,0.4789271950721741,0.3020833432674408,0.5,0.37662336230278015,0.6041666865348816
Gender: Male,130,0.47191011905670166,0.3090277910232544,0.5,0.3819742500782013,0.6180555820465088
Gender: Female,130,0.4877367913722992,0.2951388955116272,0.5,0.3711790442466736,0.5902777910232544
Age: <40,130,0.6035178899765015,0.2857142984867096,0.5,0.3636363744735718,0.5714285969734192
Age: 40-50,130,0.32073646783828735,0.3208955228328705,0.5,0.3909091055393219,0.641791045665741
Age: 50-65,130,0.4542124271392822,0.30882352590560913,0.5,0.38181817531585693,0.6176470518112183
Race: White,130,0.5363522171974182,0.29296875,0.5,0.3694581389427185,0.5859375
Race: Black,130,0.6312500238418579,0.3076923191547394,0.5,0.380952388048172,0.6153846383094788
Race: Other,130,0.396881639957428,0.30970150232315063,0.5,0.382488489151001,0.6194029450416565
Overall,131,0.47173112630844116,0.3006644546985626,0.5,0.37551867961883545,0.6013289093971252
Gender: Male,131,0.4937611222267151,0.3035714328289032,0.5,0.3777777850627899,0.6071428656578064
Gender: Female,131,0.4514767825603485,0.2969924807548523,0.5,0.37264150381088257,0.5939849615097046
Age: <40,131,0.4609082341194153,0.3248175084590912,0.5,0.39380529522895813,0.6496350169181824
Age: 40-50,131,0.4729064106941223,0.2734375,0.5,0.35353535413742065,0.546875
Age: 50-65,131,0.4610363245010376,0.2849999964237213,0.5,0.36305731534957886,0.5699999928474426
Race: White,131,0.538101315498352,0.29136690497398376,0.5,0.36818182468414307,0.5827338099479675
Race: Black,131,0.6013985872268677,0.2291666716337204,0.5,0.3142857253551483,0.4583333432674408
Race: Other,131,0.3804173469543457,0.3224637806415558,0.5,0.392070472240448,0.6449275612831116
Overall,132,0.5051312446594238,0.2845117747783661,0.5,0.3626609444618225,0.5690235495567322
Gender: Male,132,0.5366568565368652,0.2933333218097687,0.5,0.36974790692329407,0.5866667032241821
Gender: Female,132,0.476992130279541,0.27551019191741943,0.5,0.3552631437778473,0.5510203838348389
Age: <40,132,0.5754247903823853,0.2976190447807312,0.5,0.3731343150138855,0.5952381491661072
Age: 40-50,132,0.4073829650878906,0.2371794879436493,0.5,0.321739137172699,0.4743589758872986
Age: 50-65,132,0.4731968641281128,0.30645161867141724,0.5,0.3799999952316284,0.6129032373428345
Race: White,132,0.4765350818634033,0.27941176295280457,0.5,0.35849055647850037,0.5588235259056091
Race: Black,132,0.7538461685180664,0.3611111044883728,0.5,0.4193548262119293,0.7222222089767456
Race: Other,132,0.5126984119415283,0.279720276594162,0.5,0.35874438285827637,0.559440553188324
Overall,133,0.48029088973999023,0.2844827473163605,0.5,0.36263737082481384,0.568965494632721
Gender: Male,133,0.4414837956428528,0.28431373834609985,0.5,0.36250001192092896,0.5686274766921997
Gender: Female,133,0.5308561325073242,0.2846715450286865,0.5,0.36279070377349854,0.569343090057373
Age: <40,133,0.5563554763793945,0.2945736348628998,0.5,0.3707317113876343,0.5891472697257996
Age: 40-50,133,0.345661461353302,0.25333333015441895,0.5,0.3362831771373749,0.5066666603088379
Age: 50-65,133,0.4789915680885315,0.29651162028312683,0.5,0.37226277589797974,0.5930232405662537
Race: White,133,0.5200830698013306,0.2857142984867096,0.5,0.3636363744735718,0.5714285969734192
Race: Black,133,0.7236841917037964,0.35185185074806213,0.5,0.41304346919059753,0.7037037014961243
Race: Other,133,0.4395238161087036,0.26923078298568726,0.5,0.3499999940395355,0.5384615659713745
Overall,134,0.4994569718837738,0.2890365421772003,0.5,0.3663157820701599,0.5780730843544006
Gender: Male,134,0.47727274894714355,0.29139071702957153,0.5,0.3682008385658264,0.5827814340591431
Gender: Female,134,0.5250726938247681,0.2866666615009308,0.5,0.3644067943096161,0.5733333230018616
Age: <40,134,0.5634191036224365,0.2931034564971924,0.5,0.3695652186870575,0.5862069129943848
Age: 40-50,134,0.3789682388305664,0.2666666805744171,0.5,0.3478260934352875,0.5333333611488342
Age: 50-65,134,0.5200372934341431,0.3052631616592407,0.5,0.379084974527359,0.6105263233184814
Race: White,134,0.6435132026672363,0.2689655125141144,0.5,0.3497757911682129,0.5379310250282288
Race: Black,134,0.5575757622718811,0.2884615361690521,0.5,0.3658536672592163,0.5769230723381042
Race: Other,134,0.3560090661048889,0.3115384578704834,0.5,0.3838862478733063,0.6230769157409668
Overall,135,0.5841619372367859,0.28947368264198303,0.5,0.36666667461395264,0.5789473652839661
Gender: Male,135,0.5636363625526428,0.3142857253551483,0.5,0.38596490025520325,0.6285714507102966
Gender: Female,135,0.6130350828170776,0.25581395626068115,0.5,0.3384615480899811,0.5116279125213623
Age: <40,135,0.6365562677383423,0.29931971430778503,0.5,0.3744680881500244,0.5986394286155701
Age: 40-50,135,0.4892857074737549,0.2586206793785095,0.5,0.34090909361839294,0.517241358757019
Age: 50-65,135,0.5656013488769531,0.2929292917251587,0.5,0.36942675709724426,0.5858585834503174
Race: White,135,0.6443309783935547,0.3090277910232544,0.5,0.3819742500782013,0.6180555820465088
Race: Black,135,0.5535714626312256,0.23333333432674408,0.5,0.3181818127632141,0.46666669845581055
Race: Other,135,0.5539534091949463,0.2807692289352417,0.5,0.35960590839385986,0.5615384578704834
Overall,136,0.5334060192108154,0.2963576018810272,0.5,0.37214136123657227,0.5927152037620544
Gender: Male,136,0.5152949094772339,0.3069620132446289,0.5,0.3803921639919281,0.6139240860939026
Gender: Female,136,0.5580251216888428,0.2847222089767456,0.5,0.36283186078071594,0.569444477558136
Age: <40,136,0.6153184175491333,0.298561155796051,0.5,0.37387385964393616,0.597122311592102
Age: 40-50,136,0.4639706015586853,0.2702702581882477,0.5,0.35087719559669495,0.5405405759811401
Age: 50-65,136,0.45670995116233826,0.31460675597190857,0.5,0.38620689511299133,0.6292135119438171
Race: White,136,0.6050314903259277,0.29296875,0.5,0.3694581389427185,0.5859375
Race: Black,136,0.6363636255264282,0.2800000011920929,0.5,0.3589743673801422,0.5600000023841858
Race: Other,136,0.4580037593841553,0.30201342701911926,0.5,0.3765690326690674,0.6040268540382385
Overall,137,0.5962738394737244,0.29516127705574036,0.5,0.3711967468261719,0.5903225541114807
Gender: Male,137,0.6047157049179077,0.28611111640930176,0.5,0.36395758390426636,0.5722222328186035
Gender: Female,137,0.6024999618530273,0.3076923191547394,0.5,0.380952388048172,0.6153846383094788
Age: <40,137,0.6301062107086182,0.3265306055545807,0.5,0.395061731338501,0.6530612111091614
Age: 40-50,137,0.5832512378692627,0.2734375,0.5,0.35353535413742065,0.546875
Age: 50-65,137,0.5609656572341919,0.2626262605190277,0.5,0.34437087178230286,0.5252525210380554
Race: White,137,0.6450918912887573,0.29924243688583374,0.5,0.3744075894355774,0.5984848737716675
Race: Black,137,0.6083916425704956,0.2708333432674408,0.5,0.3513513505458832,0.5416666865348816
Race: Other,137,0.5796266794204712,0.2954545319080353,0.5,0.37142857909202576,0.5909090638160706
Overall,138,0.5310003757476807,0.2718120813369751,0.5,0.35217392444610596,0.5436241626739502
Gender: Male,138,0.5980740785598755,0.27272728085517883,0.5,0.3529411852359772,0.5454545021057129
Gender: Female,138,0.4512750506401062,0.27067670226097107,0.5,0.35121950507164,0.5413534045219421
Age: <40,138,0.6149400472640991,0.2664233446121216,0.5,0.34761905670166016,0.5328466892242432
Age: 40-50,138,0.3763931095600128,0.26404494047164917,0.5,0.34558823704719543,0.5280898809432983
Age: 50-65,138,0.5555555820465088,0.2916666567325592,0.5,0.3684210479259491,0.5833333134651184
Race: White,138,0.555953860282898,0.2817460298538208,0.5,0.3604061007499695,0.5634921193122864
Race: Black,138,0.5705128312110901,0.23999999463558197,0.5,0.3243243098258972,0.47999998927116394
Race: Other,138,0.49590468406677246,0.2687074840068817,0.5,0.3495575189590454,0.5374149680137634
Overall,139,0.6085115671157837,0.28145694732666016,0.5,0.36016950011253357,0.5629138946533203
Gender: Male,139,0.5875264406204224,0.2816455662250519,0.5,0.36032387614250183,0.5632911324501038
Gender: Female,139,0.633156955242157,0.28125,0.5,0.36000001430511475,0.5625
Age: <40,139,0.6320346593856812,0.30215826630592346,0.5,0.3766816258430481,0.6043165326118469
Age: 40-50,139,0.5538461208343506,0.2678571343421936,0.5,0.3488371968269348,0.5357142686843872
Age: 50-65,139,0.6302952766418457,0.2594936788082123,0.5,0.34166666865348816,0.5189873576164246
Race: White,139,0.6950757503509521,0.260869562625885,0.5,0.34285715222358704,0.52173912525177
Race: Black,139,0.6199095249176025,0.28333333134651184,0.5,0.3617021143436432,0.5666667222976685
Race: Other,139,0.5164220333099365,0.302238792181015,0.5,0.37674418091773987,0.60447758436203
Overall,140,0.5238575339317322,0.2876712381839752,0.5,0.365217387676239,0.5753424763679504
Gender: Male,140,0.5144964456558228,0.2824675440788269,0.5,0.3609958589076996,0.5649350881576538
Gender: Female,140,0.5445094108581543,0.29347825050354004,0.5,0.36986300349235535,0.5869565606117249
Age: <40,140,0.567669153213501,0.32203391194343567,0.5,0.39175257086753845,0.6440678238868713
Age: 40-50,140,0.49708622694015503,0.2650602459907532,0.5,0.34645670652389526,0.5301204919815063
Age: 50-65,140,0.4995155334472656,0.2637362778186798,0.5,0.34532374143600464,0.5274725556373596
Race: White,140,0.5850427150726318,0.262773722410202,0.5,0.3444976210594177,0.525547444820404
Race: Black,140,0.5833333730697632,0.3947368562221527,0.5,0.44117647409439087,0.7894737124443054
Race: Other,140,0.4599326550960541,0.2977941036224365,0.5,0.3732718825340271,0.5955882668495178
Overall,141,0.47906291484832764,0.2644067704677582,0.5,0.34589800238609314,0.5288135409355164
Gender: Male,141,0.47435420751571655,0.25833332538604736,0.5,0.34065935015678406,0.5166666507720947
Gender: Female,141,0.4850427508354187,0.27391305565834045,0.5,0.35393258929252625,0.5478260517120361
Age: <40,141,0.5705587863922119,0.26838234066963196,0.5,0.34928229451179504,0.5367646813392639
Age: 40-50,141,0.4750712513923645,0.25999999046325684,0.5,0.34210526943206787,0.5200000405311584
Age: 50-65,141,0.36136364936828613,0.261904776096344,0.5,0.34375,0.523809552192688
Race: White,141,0.4843146800994873,0.2846153974533081,0.5,0.36274510622024536,0.5692307949066162
Race: Black,141,0.4591836929321289,0.3333333432674408,0.5,0.4000000059604645,0.6666666865348816
Race: Other,141,0.48374614119529724,0.2361111044883728,0.5,0.3207547068595886,0.472222238779068
Overall,142,0.5144120454788208,0.2861842215061188,0.5,0.36401674151420593,0.5723684430122375
Gender: Male,142,0.5366367101669312,0.27439025044441223,0.5,0.35433071851730347,0.5487804412841797
Gender: Female,142,0.4917091727256775,0.30000001192092896,0.5,0.375,0.6000000238418579
Age: <40,142,0.5677108764648438,0.3120300769805908,0.5,0.38425925374031067,0.6240601539611816
Age: 40-50,142,0.42922794818878174,0.24242424964904785,0.5,0.3265306055545807,0.4848484992980957
Age: 50-65,142,0.5235813856124878,0.2809523940086365,0.5,0.35975611209869385,0.561904788017273
Race: White,142,0.5279146432876587,0.26033058762550354,0.5,0.34239131212234497,0.5206611156463623
Race: Black,142,0.44999998807907104,0.27272728085517883,0.5,0.3529411852359772,0.5454545617103577
Race: Other,142,0.504561722278595,0.3074534237384796,0.5,0.3807692229747772,0.6149068474769592
Overall,143,0.5344756841659546,0.2849999964237213,0.5,0.36305731534957886,0.5699999928474426
Gender: Male,143,0.5472463369369507,0.2958579957485199,0.5,0.371747225522995,0.5917159914970398
Gender: Female,143,0.5197182893753052,0.27099236845970154,0.5,0.35148516297340393,0.5419847369194031
Age: <40,143,0.586432695388794,0.3217054307460785,0.5,0.39150944352149963,0.643410861492157
Age: 40-50,143,0.46763044595718384,0.26875001192092896,0.5,0.34959349036216736,0.5375000238418579
Age: 50-65,143,0.5169082283973694,0.24725274741649628,0.5,0.33088234066963196,0.49450549483299255
Race: White,143,0.59769606590271,0.27407407760620117,0.5,0.35406699776649475,0.5481481552124023
Race: Black,143,0.5228070020675659,0.27941176295280457,0.5,0.35849055647850037,0.5588235259056091
Race: Other,143,0.4891146421432495,0.2977099120616913,0.5,0.3732057511806488,0.5954198241233826
Overall,144,0.5344512462615967,0.2697368562221527,0.5,0.3504273593425751,0.5394737124443054
Gender: Male,144,0.5651105642318726,0.2716049253940582,0.5,0.35199999809265137,0.5432099103927612
Gender: Female,144,0.5047847032546997,0.26760563254356384,0.5,0.3486238420009613,0.5352112650871277
Age: <40,144,0.6086739897727966,0.26771652698516846,0.5,0.34871795773506165,0.5354330539703369
Age: 40-50,144,0.37579280138015747,0.24712643027305603,0.5,0.33076924085617065,0.49425286054611206
Age: 50-65,144,0.5655277967453003,0.2944444417953491,0.5,0.37062937021255493,0.5888888835906982
Race: White,144,0.603718638420105,0.26865673065185547,0.5,0.34951457381248474,0.5373134016990662
Race: Black,144,0.5377777814865112,0.25,0.5,0.3333333432674408,0.5
Race: Other,144,0.47701504826545715,0.2750000059604645,0.5,0.35483869910240173,0.550000011920929
Overall,145,0.5477902889251709,0.3080808222293854,0.5,0.3812499940395355,0.616161584854126
Gender: Male,145,0.5119954347610474,0.33006536960601807,0.5,0.3976377844810486,0.6601307392120361
Gender: Female,145,0.5916601419448853,0.2847222089767456,0.5,0.36283186078071594,0.569444477558136
Age: <40,145,0.6642924547195435,0.3190789520740509,0.5,0.38955822587013245,0.6381579041481018
Age: 40-50,145,0.4010810852050781,0.2983871102333069,0.5,0.3737373650074005,0.596774160861969
Age: 50-65,145,0.4519807696342468,0.29518070816993713,0.5,0.3712121248245239,0.5903614163398743
Race: White,145,0.6298683881759644,0.2943548262119293,0.5,0.37055838108062744,0.5887096524238586
Race: Black,145,0.6586538553237915,0.22413793206214905,0.5,0.3095238208770752,0.4482758641242981
Race: Other,145,0.4193902015686035,0.3368055522441864,0.5,0.40248963236808777,0.6736111044883728
Overall,146,0.5053160190582275,0.29111841320991516,0.5,0.3679833710193634,0.5822368264198303
Gender: Male,146,0.4986956715583801,0.2958579957485199,0.5,0.371747225522995,0.5917159914970398
Gender: Female,146,0.5089565515518188,0.28518518805503845,0.5,0.36320754885673523,0.5703703761100769
Age: <40,146,0.5738993883132935,0.3221476376056671,0.5,0.3918367326259613,0.644295334815979
Age: 40-50,146,0.4994797110557556,0.25,0.5,0.3333333432674408,0.5
Age: 50-65,146,0.393488347530365,0.2688172161579132,0.5,0.3496503531932831,0.5376344323158264
Race: White,146,0.559566080570221,0.27272728085517883,0.5,0.3529411852359772,0.5454545617103577
Race: Black,146,0.3478260934352875,0.38333332538604736,0.5,0.43396225571632385,0.7666667103767395
Race: Other,146,0.4791865944862366,0.290076345205307,0.5,0.3671497702598572,0.580152690410614
Overall,147,0.4887528419494629,0.2906976640224457,0.5,0.36764705181121826,0.5813953280448914
Gender: Male,147,0.5237953662872314,0.28614458441734314,0.5,0.3639846742153168,0.5722891092300415
Gender: Female,147,0.4470454454421997,0.29629629850387573,0.5,0.3720930218696594,0.5925925970077515
Age: <40,147,0.5446792840957642,0.29194632172584534,0.5,0.3686440587043762,0.5838926434516907
Age: 40-50,147,0.44015443325042725,0.2846153974533081,0.5,0.36274510622024536,0.5692307949066162
Age: 50-65,147,0.43572986125946045,0.2931034564971924,0.5,0.3695652186870575,0.5862069129943848
Race: White,147,0.5856660604476929,0.2846153974533081,0.5,0.36274510622024536,0.5692307949066162
Race: Black,147,0.6822916865348816,0.2857142984867096,0.5,0.3636363744735718,0.5714285969734192
Race: Other,147,0.3716024160385132,0.29720279574394226,0.5,0.37280702590942383,0.5944055914878845
Overall,148,0.5643234252929688,0.2959866225719452,0.5,0.3718487322330475,0.5919732451438904
Gender: Male,148,0.5975298881530762,0.2849161922931671,0.5,0.3629893362522125,0.5698323845863342
Gender: Female,148,0.5235555171966553,0.3125,0.5,0.38461539149284363,0.6250000596046448
Age: <40,148,0.666446328163147,0.31785714626312256,0.5,0.38864627480506897,0.6357142925262451
Age: 40-50,148,0.47987616062164307,0.2638888955116272,0.5,0.34545454382896423,0.5277777910232544
Age: 50-65,148,0.49675679206848145,0.28735631704330444,0.5,0.36496350169181824,0.5747126340866089
Race: White,148,0.6178557872772217,0.29655173420906067,0.5,0.3722943663597107,0.5931034684181213
Race: Black,148,0.6813186407089233,0.25925925374031067,0.5,0.3414634168148041,0.5185185074806213
Race: Other,148,0.4924675226211548,0.30314961075782776,0.5,0.37745097279548645,0.6062992215156555
Overall,149,0.5266916751861572,0.27441078424453735,0.5,0.354347825050354,0.5488215088844299
Gender: Male,149,0.5389854907989502,0.27544909715652466,0.5,0.35521236062049866,0.5508981943130493
Gender: Female,149,0.5189782381057739,0.2730769217014313,0.5,0.35323384404182434,0.5461538434028625
Age: <40,149,0.562403678894043,0.28308823704719543,0.5,0.36150234937667847,0.5661764740943909
Age: 40-50,149,0.438618928194046,0.2017543911933899,0.5,0.2874999940395355,0.4035087823867798
Age: 50-65,149,0.4939992129802704,0.30288460850715637,0.5,0.3772455155849457,0.6057692766189575
Race: White,149,0.604358971118927,0.3046875,0.5,0.3786407709121704,0.609375
Race: Black,149,0.5219780206680298,0.25925925374031067,0.5,0.3414634168148041,0.5185185074806213
Race: Other,149,0.4534814655780792,0.25,0.5,0.3333333432674408,0.5
Overall,150,0.4931217432022095,0.27666667103767395,0.5,0.3562231659889221,0.5533333420753479
Gender: Male,150,0.5063517689704895,0.27000001072883606,0.5,0.350649356842041,0.5400000214576721
Gender: Female,150,0.48180997371673584,0.28333333134651184,0.5,0.3617021143436432,0.5666666626930237
Age: <40,150,0.5119214653968811,0.29870128631591797,0.5,0.3739837408065796,0.5974025726318359
Age: 40-50,150,0.40762460231781006,0.2421875,0.5,0.3263157904148102,0.484375
Age: 50-65,150,0.4853906035423279,0.2621951103210449,0.5,0.3440000116825104,0.5243902206420898
Race: White,150,0.5068181753158569,0.261904776096344,0.5,0.34375,0.523809552192688
Race: Black,150,0.5705128312110901,0.23999999463558197,0.5,0.3243243098258972,0.47999998927116394
Race: Other,150,0.4610655903816223,0.29530200362205505,0.5,0.37130802869796753,0.5906040072441101
Overall,151,0.49676424264907837,0.2969283163547516,0.5,0.3725910186767578,0.5938566327095032
Gender: Male,151,0.5199275612831116,0.2802547812461853,0.5,0.359183669090271,0.5605095624923706
Gender: Female,151,0.4906976819038391,0.31617647409439087,0.5,0.38738739490509033,0.6323529481887817
Age: <40,151,0.5839080810546875,0.30633804202079773,0.5,0.37991267442703247,0.6126760244369507
Age: 40-50,151,0.365234375,0.25,0.5,0.3333333432674408,0.5
Age: 50-65,151,0.4590908885002136,0.31609195470809937,0.5,0.38732394576072693,0.6321839094161987
Race: White,151,0.5369696617126465,0.2844827473163605,0.5,0.36263737082481384,0.568965494632721
Race: Black,151,0.4727272689342499,0.34375,0.5,0.40740740299224854,0.6875
Race: Other,151,0.4925108551979065,0.29655173420906067,0.5,0.3722943663597107,0.5931034684181213
Overall,152,0.657559871673584,0.2831125855445862,0.5,0.36152219772338867,0.5662251710891724
Gender: Male,152,0.640268087387085,0.2969697117805481,0.5,0.3726235628128052,0.5939393639564514
Gender: Female,152,0.6665239334106445,0.2664233446121216,0.5,0.34761905670166016,0.5328466892242432
Age: <40,152,0.6899707913398743,0.2743055522441864,0.5,0.35426008701324463,0.5486111044883728
Age: 40-50,152,0.6883928775787354,0.29411765933036804,0.5,0.37037035822868347,0.5882353186607361
Age: 50-65,152,0.5764169692993164,0.2888889014720917,0.5,0.3661971688270569,0.5777778029441833
Race: White,152,0.7152923345565796,0.3006756901741028,0.5,0.37552741169929504,0.6013513803482056
Race: Black,152,0.6369047164916992,0.23076923191547394,0.5,0.31578946113586426,0.46153849363327026
Race: Other,152,0.6004925966262817,0.2734375,0.5,0.35353535413742065,0.546875
Overall,153,0.5339045524597168,0.2736486494541168,0.5,0.3537117838859558,0.5472972989082336
Gender: Male,153,0.4986197352409363,0.27450981736183167,0.5,0.3544303774833679,0.5490196347236633
Gender: Female,153,0.5773175954818726,0.27272728085517883,0.5,0.3529411852359772,0.5454545617103577
Age: <40,153,0.5118367671966553,0.30241936445236206,0.5,0.37688443064689636,0.6048386693000793
Age: 40-50,153,0.5389281511306763,0.2584269642829895,0.5,0.34074074029922485,0.516853928565979
Age: 50-65,153,0.5557491779327393,0.2469879537820816,0.5,0.3306451737880707,0.4939758777618408
Race: White,153,0.6836472749710083,0.2664233446121216,0.5,0.34761905670166016,0.5328466892242432
Race: Black,153,0.634920597076416,0.28125,0.5,0.36000001430511475,0.5625
Race: Other,153,0.3732394576072693,0.27952754497528076,0.5,0.3585858643054962,0.5590550899505615
Overall,154,0.530651330947876,0.28431373834609985,0.5,0.36250001192092896,0.5686274766921997
Gender: Male,154,0.568493127822876,0.28143712878227234,0.5,0.3601532578468323,0.5628742575645447
Gender: Female,154,0.4927965998649597,0.28776979446411133,0.5,0.3652968108654022,0.5755395889282227
Age: <40,154,0.5873984098434448,0.27702704071998596,0.5,0.35652172565460205,0.5540540814399719
Age: 40-50,154,0.3994932174682617,0.26811593770980835,0.5,0.349056601524353,0.5362318754196167
Age: 50-65,154,0.5588235259056091,0.3089887499809265,0.5,0.3819444477558136,0.6179775595664978
Race: White,154,0.5397740602493286,0.2807692289352417,0.5,0.35960590839385986,0.5615384578704834
Race: Black,154,0.6647727489471436,0.20370370149612427,0.5,0.28947368264198303,0.40740740299224854
Race: Other,154,0.47570621967315674,0.30201342701911926,0.5,0.3765690326690674,0.6040268540382385
Overall,155,0.46305927634239197,0.3095238208770752,0.5,0.38235294818878174,0.6190475821495056
Gender: Male,155,0.42540180683135986,0.3354037404060364,0.5,0.40148699283599854,0.6708074808120728
Gender: Female,155,0.47640860080718994,0.27819550037384033,0.5,0.35748791694641113,0.5563910007476807
Age: <40,155,0.5402299165725708,0.31294962763786316,0.5,0.3849557638168335,0.6258993148803711
Age: 40-50,155,0.3888198733329773,0.3017241358757019,0.5,0.37634408473968506,0.6034482717514038
Age: 50-65,155,0.3959459364414215,0.30927833914756775,0.5,0.3821656107902527,0.6185566782951355
Race: White,155,0.5311146974563599,0.328125,0.5,0.3962264060974121,0.65625
Race: Black,155,0.6136363744735718,0.17741934955120087,0.5,0.261904776096344,0.35483869910240173
Race: Other,155,0.3639846742153168,0.3222222328186035,0.5,0.3918918967247009,0.6444444060325623
Overall,156,0.47003501653671265,0.30858084559440613,0.5,0.38163265585899353,0.617161750793457
Gender: Male,156,0.41371774673461914,0.31686046719551086,0.5,0.38790035247802734,0.6337209343910217
Gender: Female,156,0.5442670583724976,0.2977099120616913,0.5,0.3732057511806488,0.5954198241233826
Age: <40,156,0.5266813039779663,0.3392857015132904,0.5,0.40425533056259155,0.6785714626312256
Age: 40-50,156,0.41326528787612915,0.2634408473968506,0.5,0.34507042169570923,0.5268816947937012
Age: 50-65,156,0.4650537371635437,0.3163265287876129,0.5,0.38749998807907104,0.6326530575752258
Race: White,156,0.5529386401176453,0.3156028389930725,0.5,0.38695651292800903,0.631205677986145
Race: Black,156,0.2947368621826172,0.32758620381355286,0.5,0.3958333432674408,0.6551724076271057
Race: Other,156,0.43108296394348145,0.2969924807548523,0.5,0.37264150381088257,0.5939849615097046
Overall,157,0.4744529128074646,0.2864406704902649,0.5,0.3642241358757019,0.5728813409805298
Gender: Male,157,0.476500928401947,0.29393938183784485,0.5,0.37022900581359863,0.5878787636756897
Gender: Female,157,0.4676724076271057,0.2769230902194977,0.5,0.3564356565475464,0.5538461804389954
Age: <40,157,0.5377110838890076,0.2789115607738495,0.5,0.35807859897613525,0.557823121547699
Age: 40-50,157,0.4616071581840515,0.29411765933036804,0.5,0.37037035822868347,0.5882353186607361
Age: 50-65,157,0.39264988899230957,0.29374998807907104,0.5,0.3700787425041199,0.5875000357627869
Race: White,157,0.5434668064117432,0.2919999957084656,0.5,0.36868685483932495,0.5840000510215759
Race: Black,157,0.5470085144042969,0.2954545319080353,0.5,0.37142857909202576,0.5909091234207153
Race: Other,157,0.42910102009773254,0.2804054021835327,0.5,0.35930734872817993,0.5608108043670654
Overall,158,0.6183720827102661,0.28956228494644165,0.5,0.3667377531528473,0.5791245698928833
Gender: Male,158,0.5774022340774536,0.29807692766189575,0.5,0.3734939694404602,0.5961538553237915
Gender: Female,158,0.6647611260414124,0.28014183044433594,0.5,0.3590908944606781,0.5602836608886719
Age: <40,158,0.5934959650039673,0.2887323796749115,0.5,0.3660714328289032,0.577464759349823
Age: 40-50,158,0.581360936164856,0.25,0.5,0.3333333432674408,0.5
Age: 50-65,158,0.6638621687889099,0.3106796145439148,0.5,0.38323354721069336,0.6213592290878296
Race: White,158,0.7139534950256348,0.32824426889419556,0.5,0.3963133692741394,0.6564885377883911
Race: Black,158,0.5659340620040894,0.25925925374031067,0.5,0.3414634168148041,0.5185185074806213
Race: Other,158,0.5497512817382812,0.2589927911758423,0.5,0.3412322402000427,0.5179856419563293
Overall,159,0.5181827545166016,0.30000001192092896,0.5,0.375,0.6000000238418579
Gender: Male,159,0.4888540208339691,0.30061349272727966,0.5,0.37547892332077026,0.6012269854545593
Gender: Female,159,0.5503096580505371,0.29921260476112366,0.5,0.37438422441482544,0.5984252095222473
Age: <40,159,0.5943283438682556,0.28632479906082153,0.5,0.364130437374115,0.5726495981216431
Age: 40-50,159,0.4938725531101227,0.3072289228439331,0.5,0.3805970251560211,0.6144577860832214
Age: 50-65,159,0.46691176295280457,0.31111112236976624,0.5,0.3835616409778595,0.6222222447395325
Race: White,159,0.6196832656860352,0.3102189898490906,0.5,0.38288289308547974,0.6204379796981812
Race: Black,159,0.4910714328289032,0.3478260934352875,0.5,0.41025641560554504,0.695652186870575
Race: Other,159,0.44172072410583496,0.2807692289352417,0.5,0.35960590839385986,0.5615384578704834
Overall,160,0.5764186382293701,0.292332261800766,0.5,0.36895161867141724,0.584664523601532
Gender: Male,160,0.5106289982795715,0.2988165616989136,0.5,0.3740740716457367,0.5976331233978271
Gender: Female,160,0.6577497720718384,0.2847222089767456,0.5,0.36283186078071594,0.569444477558136
Age: <40,160,0.6769301891326904,0.25757575035095215,0.5,0.3400000035762787,0.5151515007019043
Age: 40-50,160,0.3867521286010742,0.3095238208770752,0.5,0.38235294818878174,0.6190476417541504
Age: 50-65,160,0.5714285373687744,0.32203391194343567,0.5,0.39175257086753845,0.6440678238868713
Race: White,160,0.610985517501831,0.2925925850868225,0.5,0.36915886402130127,0.585185170173645
Race: Black,160,0.5215686559677124,0.265625,0.5,0.3469387888908386,0.53125
Race: Other,160,0.5604909658432007,0.29794520139694214,0.5,0.3733905553817749,0.5958904027938843
Overall,161,0.5382423400878906,0.2989864945411682,0.5,0.37420719861984253,0.5979729890823364
Gender: Male,161,0.5650115013122559,0.3040935695171356,0.5,0.3781818151473999,0.6081871390342712
Gender: Female,161,0.4960484504699707,0.2919999957084656,0.5,0.36868685483932495,0.5840000510215759
Age: <40,161,0.5845925807952881,0.3125,0.5,0.38461539149284363,0.6250000596046448
Age: 40-50,161,0.43629342317581177,0.2569444477558136,0.5,0.33944955468177795,0.5138888955116272
Age: 50-65,161,0.5530571937561035,0.3125,0.5,0.38461539149284363,0.625
Race: White,161,0.6854583621025085,0.2919999957084656,0.5,0.36868685483932495,0.5840000510215759
Race: Black,161,0.5,0.3571428656578064,0.5,0.4166666567325592,0.7142857313156128
Race: Other,161,0.4354393184185028,0.2966666519641876,0.5,0.3723849356174469,0.59333336353302
Overall,162,0.5654562711715698,0.30639731884002686,0.5,0.37995824217796326,0.6127945780754089
Gender: Male,162,0.5533448457717896,0.30000001192092896,0.5,0.375,0.6000000238418579
Gender: Female,162,0.5752660036087036,0.31496062874794006,0.5,0.3864734172821045,0.6299212574958801
Age: <40,162,0.625690221786499,0.31716418266296387,0.5,0.388127863407135,0.6343283653259277
Age: 40-50,162,0.5048888921737671,0.3214285671710968,0.5,0.3913043439388275,0.6428571343421936
Age: 50-65,162,0.5328330397605896,0.2795698940753937,0.5,0.35862070322036743,0.5591397881507874
Race: White,162,0.593199610710144,0.2829457223415375,0.5,0.36138615012168884,0.565891444683075
Race: Black,162,0.5196078419685364,0.3695652186870575,0.5,0.42500001192092896,0.739130437374115
Race: Other,162,0.5492206811904907,0.317241370677948,0.5,0.38818565011024475,0.634482741355896
Overall,163,0.5065533518791199,0.274137943983078,0.5,0.35412025451660156,0.548275887966156
Gender: Male,163,0.5270092487335205,0.2802547812461853,0.5,0.359183669090271,0.5605095624923706
Gender: Female,163,0.48500680923461914,0.26691728830337524,0.5,0.3480392098426819,0.5338345766067505
Age: <40,163,0.5201131105422974,0.3162393271923065,0.5,0.38743454217910767,0.632478654384613
Age: 40-50,163,0.4523809552192688,0.22727273404598236,0.5,0.3125,0.4545454680919647
Age: 50-65,163,0.5530434846878052,0.2604166567325592,0.5,0.34246575832366943,0.5208333730697632
Race: White,163,0.5619900226593018,0.23591549694538116,0.5,0.32057416439056396,0.47183096408843994
Race: Black,163,0.5672268867492676,0.27419355511665344,0.5,0.3541666567325592,0.5483870506286621
Race: Other,163,0.4126983880996704,0.3205128312110901,0.5,0.390625,0.6410256624221802
Overall,164,0.5121995210647583,0.277408629655838,0.5,0.35683760046958923,0.554817259311676
Gender: Male,164,0.5216500759124756,0.2718749940395355,0.5,0.35222673416137695,0.543749988079071
Gender: Female,164,0.5127049684524536,0.283687949180603,0.5,0.36199095845222473,0.567375898361206
Age: <40,164,0.6035354137420654,0.30985915660858154,0.5,0.38260868191719055,0.6197183132171631
Age: 40-50,164,0.47510668635368347,0.25333333015441895,0.5,0.3362831771373749,0.5066666603088379
Age: 50-65,164,0.41860464215278625,0.244047611951828,0.5,0.328000009059906,0.4880952537059784
Race: White,164,0.5669023394584656,0.27016130089759827,0.5,0.35078534483909607,0.5403225421905518
Race: Black,164,0.40909087657928467,0.3235294222831726,0.5,0.3928571343421936,0.6470588445663452
Race: Other,164,0.4905325770378113,0.27272728085517883,0.5,0.3529411852359772,0.5454545617103577
Overall,165,0.5152461528778076,0.29729729890823364,0.5,0.37288135290145874,0.5945945978164673
Gender: Male,165,0.5115785598754883,0.2675159275531769,0.5,0.34854772686958313,0.5350318551063538
Gender: Female,165,0.5744680762290955,0.3309352397918701,0.5,0.3982684016227722,0.661870539188385
Age: <40,165,0.6035377383232117,0.30075186491012573,0.5,0.3755868673324585,0.6015037894248962
Age: 40-50,165,0.4285714030265808,0.2756410241127014,0.5,0.35537189245224,0.5512820482254028
Age: 50-65,165,0.4292452335357666,0.3117647171020508,0.5,0.3840579688549042,0.6235294342041016
Race: White,165,0.5830479860305786,0.2664233446121216,0.5,0.34761905670166016,0.5328466892242432
Race: Black,165,0.7045454978942871,0.36666667461395264,0.5,0.42307692766189575,0.7333333492279053
Race: Other,165,0.43621397018432617,0.3139534890651703,0.5,0.3857142925262451,0.6279069781303406
Overall,166,0.47463664412498474,0.29491525888442993,0.5,0.3710021376609802,0.5898305177688599
Gender: Male,166,0.5198863744735718,0.28205129504203796,0.5,0.3606557250022888,0.5641025900840759
Gender: Female,166,0.4177270829677582,0.3093525171279907,0.5,0.3822222352027893,0.6187050342559814
Age: <40,166,0.4812278747558594,0.2916666567325592,0.5,0.3684210479259491,0.5833333730697632
Age: 40-50,166,0.46992480754852295,0.28787878155708313,0.5,0.36538460850715637,0.575757622718811
Age: 50-65,166,0.45718109607696533,0.3041236996650696,0.5,0.3782051205635071,0.6082473993301392
Race: White,166,0.5294547080993652,0.3015267252922058,0.5,0.3761904835700989,0.6030534505844116
Race: Black,166,0.5714285373687744,0.29411765933036804,0.5,0.37037035822868347,0.5882353186607361
Race: Other,166,0.4309297800064087,0.28911563754081726,0.5,0.3663793206214905,0.5782312750816345
Overall,167,0.5622726678848267,0.2923588156700134,0.5,0.3689727485179901,0.5847175717353821
Gender: Male,167,0.5540893077850342,0.2924528419971466,0.5,0.369047611951828,0.5849056243896484
Gender: Female,167,0.5772922039031982,0.2922535240650177,0.5,0.36888888478279114,0.5845070481300354
Age: <40,167,0.6138014197349548,0.2937062978744507,0.5,0.3700440526008606,0.5874125957489014
Age: 40-50,167,0.44736844301223755,0.28787878155708313,0.5,0.36538460850715637,0.575757622718811
Age: 50-65,167,0.5380116701126099,0.29347825050354004,0.5,0.36986300349235535,0.5869565606117249
Race: White,167,0.6213235855102539,0.30534350872039795,0.5,0.379146933555603,0.6106870174407959
Race: Black,167,0.5625,0.3125,0.5,0.38461539149284363,0.625
Race: Other,167,0.5297113656997681,0.2753623127937317,0.5,0.35514017939567566,0.5507246255874634
Overall,168,0.507905900478363,0.2881355881690979,0.5,0.3655914068222046,0.5762711763381958
Gender: Male,168,0.5120902061462402,0.31470587849617004,0.5,0.3862815797328949,0.6294117569923401
Gender: Female,168,0.4900153875350952,0.25200000405311584,0.5,0.33510637283325195,0.5040000081062317
Age: <40,168,0.5814814567565918,0.2985074520111084,0.5,0.37383177876472473,0.5970149040222168
Age: 40-50,168,0.40522876381874084,0.2571428716182709,0.5,0.3396226465702057,0.5142857432365417
Age: 50-65,168,0.5035035014152527,0.2967033088207245,0.5,0.3724137842655182,0.593406617641449
Race: White,168,0.5797072649002075,0.2762237787246704,0.5,0.3558558523654938,0.5524475574493408
Race: Black,168,0.6200000047683716,0.25,0.5,0.3333333432674408,0.5
Race: Other,168,0.41103848814964294,0.3068181872367859,0.5,0.3802816867828369,0.6136363744735718
Overall,169,0.5435375571250916,0.2902684509754181,0.5,0.36730360984802246,0.5805369019508362
Gender: Male,169,0.5525939464569092,0.2847682237625122,0.5,0.3628692030906677,0.5695364475250244
Gender: Female,169,0.5375479459762573,0.29591837525367737,0.5,0.3717948794364929,0.5918367505073547
Age: <40,169,0.6136951446533203,0.30714285373687744,0.5,0.38053098320961,0.6142857074737549
Age: 40-50,169,0.5230158567428589,0.2535211145877838,0.5,0.336448609828949,0.5070422291755676
Age: 50-65,169,0.4596949815750122,0.2931034564971924,0.5,0.3695652186870575,0.5862069129943848
Race: White,169,0.6174395084381104,0.2539682686328888,0.5,0.3368421196937561,0.5079365372657776
Race: Black,169,0.6863635778427124,0.32258063554763794,0.5,0.3921568691730499,0.6451612710952759
Race: Other,169,0.46218669414520264,0.3156028389930725,0.5,0.38695651292800903,0.631205677986145
Overall,170,0.5031460523605347,0.29372936487197876,0.5,0.37006238102912903,0.5874587893486023
Gender: Male,170,0.54937344789505,0.30063292384147644,0.5,0.3754940629005432,0.6012658476829529
Gender: Female,170,0.452390193939209,0.2862069010734558,0.5,0.36403509974479675,0.5724138021469116
Age: <40,170,0.5475589036941528,0.30985915660858154,0.5,0.38260868191719055,0.6197183132171631
Age: 40-50,170,0.43790850043296814,0.24285714328289032,0.5,0.32692307233810425,0.48571428656578064
Age: 50-65,170,0.49132654070854187,0.3076923191547394,0.5,0.380952388048172,0.6153846383094788
Race: White,170,0.5691889524459839,0.3194444477558136,0.5,0.38983049988746643,0.6388888955116272
Race: Black,170,0.7132867574691772,0.2291666716337204,0.5,0.3142857253551483,0.4583333432674408
Race: Other,170,0.39800000190734863,0.2777777910232544,0.5,0.3571428656578064,0.555555522441864
Overall,171,0.5125932693481445,0.27210885286331177,0.5,0.35242289304733276,0.5442177057266235
Gender: Male,171,0.5100182294845581,0.27067670226097107,0.5,0.35121950507164,0.5413534045219421
Gender: Female,171,0.5147882699966431,0.2732919156551361,0.5,0.3534136414527893,0.546583890914917
Age: <40,171,0.6140046119689941,0.30000001192092896,0.5,0.375,0.6000000238418579
Age: 40-50,171,0.31625616550445557,0.2265625,0.5,0.31182795763015747,0.453125
Age: 50-65,171,0.4901960492134094,0.26818183064460754,0.5,0.3491124212741852,0.5363636016845703
Race: White,171,0.5151515007019043,0.27241379022598267,0.5,0.3526785671710968,0.5448275804519653
Race: Black,171,0.7166666984558105,0.22727273404598236,0.5,0.3125,0.4545454680919647
Race: Other,171,0.49245473742485046,0.27952754497528076,0.5,0.3585858643054962,0.5590550899505615
Overall,172,0.5209552049636841,0.29381442070007324,0.5,0.37012988328933716,0.5876289010047913
Gender: Male,172,0.5426760911941528,0.2923976480960846,0.5,0.36900368332862854,0.584795355796814
Gender: Female,172,0.488358736038208,0.2958333194255829,0.5,0.37172773480415344,0.5916666984558105
Age: <40,172,0.530888020992279,0.2846153974533081,0.5,0.36274510622024536,0.5692307949066162
Age: 40-50,172,0.47659575939178467,0.30519479513168335,0.5,0.3790322542190552,0.6103895902633667
Age: 50-65,172,0.5264706015586853,0.2976190447807312,0.5,0.3731343150138855,0.5952380895614624
Race: White,172,0.5558558702468872,0.31092438101768494,0.5,0.3834196925163269,0.6218487620353699
Race: Black,172,0.49242424964904785,0.3235294222831726,0.5,0.3928571343421936,0.6470588445663452
Race: Other,172,0.5106878280639648,0.27173912525177,0.5,0.35211268067359924,0.54347825050354
Overall,173,0.5434595346450806,0.284246563911438,0.5,0.3624454140663147,0.568493127822876
Gender: Male,173,0.5760834217071533,0.2924528419971466,0.5,0.369047611951828,0.5849056243896484
Gender: Female,173,0.510502278804779,0.2744360864162445,0.5,0.3543689250946045,0.548872172832489
Age: <40,173,0.6308630704879761,0.305970162153244,0.5,0.37962964177131653,0.6119402647018433
Age: 40-50,173,0.5209234952926636,0.2800000011920929,0.5,0.3589743673801422,0.5600000023841858
Age: 50-65,173,0.4477351903915405,0.2530120611190796,0.5,0.335999995470047,0.5060240626335144
Race: White,173,0.6085324287414551,0.2881944477558136,0.5,0.36563876271247864,0.5763888955116272
Race: Black,173,0.6837606430053711,0.2954545319080353,0.5,0.37142857909202576,0.5909091234207153
Race: Other,173,0.4505102038383484,0.2777777910232544,0.5,0.3571428656578064,0.5555555820465088
Overall,174,0.6182729005813599,0.2904762029647827,0.5,0.3674698770046234,0.5809524059295654
Gender: Male,174,0.6090909242630005,0.29411765933036804,0.5,0.37037035822868347,0.5882353186607361
Gender: Female,174,0.6336239576339722,0.28515625,0.5,0.3631840944290161,0.5703125
Age: <40,174,0.655593991279602,0.28629031777381897,0.5,0.3641025722026825,0.5725806355476379
Age: 40-50,174,0.5614035129547119,0.2467532455921173,0.5,0.33043476939201355,0.4935064911842346
Age: 50-65,174,0.6243243217468262,0.3245614171028137,0.5,0.39361703395843506,0.6491228342056274
Race: White,174,0.6903679370880127,0.29078012704849243,0.5,0.36771300435066223,0.5815602540969849
Race: Black,174,0.7058823704719543,0.1458333283662796,0.5,0.22580644488334656,0.2916666865348816
Race: Other,174,0.5170972347259521,0.31333333253860474,0.5,0.3852458894252777,0.6266666650772095
Overall,175,0.4858517050743103,0.2898305058479309,0.5,0.3669527769088745,0.5796610116958618
Gender: Male,175,0.4882432222366333,0.28735631704330444,0.5,0.36496350169181824,0.5747126340866089
Gender: Female,175,0.4746479094028473,0.2933884263038635,0.5,0.3697916567325592,0.586776852607727
Age: <40,175,0.5134615302085876,0.28260868787765503,0.5,0.3611111044883728,0.5652173757553101
Age: 40-50,175,0.36571428179740906,0.26923078298568726,0.5,0.3499999940395355,0.5384615659713745
Age: 50-65,175,0.5289046764373779,0.31521740555763245,0.5,0.3866666555404663,0.6304348111152649
Race: White,175,0.5824147462844849,0.3192307651042938,0.5,0.38967135548591614,0.6384615302085876
Race: Black,175,0.6969696879386902,0.239130437374115,0.5,0.3235294222831726,0.47826087474823
Race: Other,175,0.38021978735923767,0.27112674713134766,0.5,0.35159817337989807,0.5422534942626953
Overall,176,0.5429681539535522,0.27721089124679565,0.5,0.3566739559173584,0.5544217824935913
Gender: Male,176,0.5511834621429443,0.2981927692890167,0.5,0.37358489632606506,0.5963855385780334
Gender: Female,176,0.51611328125,0.25,0.5,0.3333333432674408,0.5
Age: <40,176,0.5711631774902344,0.2765151560306549,0.5,0.356097549200058,0.5530303120613098
Age: 40-50,176,0.5144230723381042,0.27464789152145386,0.5,0.3545454442501068,0.5492957830429077
Age: 50-65,176,0.5249999761581421,0.28021979331970215,0.5,0.35915493965148926,0.5604395866394043
Race: White,176,0.6203998327255249,0.26691728830337524,0.5,0.3480392098426819,0.5338345766067505
Race: Black,176,0.7912087440490723,0.25925925374031067,0.5,0.3414634168148041,0.5185185074806213
Race: Other,176,0.4228479862213135,0.29104477167129517,0.5,0.3679245412349701,0.5820895433425903
Overall,177,0.5181657075881958,0.28135591745376587,0.5,0.3600867688655853,0.5627118349075317
Gender: Male,177,0.5375586748123169,0.28742516040802,0.5,0.3650190234184265,0.57485032081604
Gender: Female,177,0.49704432487487793,0.2734375,0.5,0.35353535413742065,0.546875
Age: <40,177,0.6453962326049805,0.27966102957725525,0.5,0.3586956560611725,0.5593220591545105
Age: 40-50,177,0.40365612506866455,0.25555557012557983,0.5,0.3382352888584137,0.5111111402511597
Age: 50-65,177,0.4842873215675354,0.3103448152542114,0.5,0.38297873735427856,0.6206896305084229
Race: White,177,0.5861005783081055,0.26153847575187683,0.5,0.34343433380126953,0.5230769515037537
Race: Black,177,0.6015037298202515,0.28787878155708313,0.5,0.36538460850715637,0.575757622718811
Race: Other,177,0.43587297201156616,0.29924243688583374,0.5,0.3744075894355774,0.5984848737716675
Overall,178,0.5887042284011841,0.2802768051624298,0.5,0.3592017590999603,0.5605536699295044
Gender: Male,178,0.6251575946807861,0.31515151262283325,0.5,0.38661709427833557,0.6303030252456665
Gender: Female,178,0.5428422689437866,0.2338709682226181,0.5,0.3186813294887543,0.4677419066429138
Age: <40,178,0.649422287940979,0.27419355511665344,0.5,0.3541666567325592,0.5483870506286621
Age: 40-50,178,0.5636364221572876,0.25735294818878174,0.5,0.33980581164360046,0.5147058963775635
Age: 50-65,178,0.5361284613609314,0.3041236996650696,0.5,0.3782051205635071,0.6082473993301392
Race: White,178,0.6543233394622803,0.2602739632129669,0.5,0.342342346906662,0.5205479264259338
Race: Black,178,0.5277777910232544,0.3333333432674408,0.5,0.4000000059604645,0.6666666865348816
Race: Other,178,0.5386857390403748,0.29600000381469727,0.5,0.37185928225517273,0.5920000076293945
Overall,179,0.5445593595504761,0.28166666626930237,0.5,0.3603411614894867,0.5633333325386047
Gender: Male,179,0.5521568655967712,0.2881355881690979,0.5,0.3655914068222046,0.5762711763381958
Gender: Female,179,0.5218549966812134,0.2723577320575714,0.5,0.3526315689086914,0.544715404510498
Age: <40,179,0.6186440587043762,0.29078012704849243,0.5,0.36771300435066223,0.5815602540969849
Age: 40-50,179,0.5653225779533386,0.28169015049934387,0.5,0.36036035418510437,0.563380241394043
Age: 50-65,179,0.419823557138443,0.2670454680919647,0.5,0.3481481373310089,0.5340909361839294
Race: White,179,0.5869935750961304,0.24452555179595947,0.5,0.3284313678741455,0.48905110359191895
Race: Black,179,0.48571428656578064,0.29411765933036804,0.5,0.37037035822868347,0.5882353186607361
Race: Other,179,0.5134924650192261,0.3178294599056244,0.5,0.3886255919933319,0.6356589198112488
Overall,180,0.549291729927063,0.2697594463825226,0.5,0.3504464328289032,0.5395188927650452
Gender: Male,180,0.5451751947402954,0.27352941036224365,0.5,0.35361215472221375,0.5470588207244873
Gender: Female,180,0.5545504093170166,0.26446279883384705,0.5,0.34594595432281494,0.5289255976676941
Age: <40,180,0.6340686082839966,0.30534350872039795,0.5,0.379146933555603,0.6106870174407959
Age: 40-50,180,0.49259865283966064,0.22857142984867096,0.5,0.3137255012989044,0.4571428596973419
Age: 50-65,180,0.4824691414833069,0.25,0.5,0.3333333432674408,0.5
Race: White,180,0.625153124332428,0.28014183044433594,0.5,0.3590908944606781,0.5602836608886719
Race: Black,180,0.615384578704834,0.28333333134651184,0.5,0.3617021143436432,0.5666667222976685
Race: Other,180,0.4717977046966553,0.2541666626930237,0.5,0.33701658248901367,0.5083333849906921
Overall,181,0.4612056016921997,0.29209622740745544,0.5,0.3687635660171509,0.5841924548149109
Gender: Male,181,0.48593348264694214,0.2982456088066101,0.5,0.37362638115882874,0.5964912176132202
Gender: Female,181,0.4225112795829773,0.28333333134651184,0.5,0.3617021143436432,0.5666667222976685
Age: <40,181,0.5603773593902588,0.30075186491012573,0.5,0.3755868673324585,0.6015037894248962
Age: 40-50,181,0.3629343509674072,0.2846153974533081,0.5,0.36274510622024536,0.5692307949066162
Age: 50-65,181,0.3938679099082947,0.2849462330341339,0.5,0.36301368474960327,0.5698924660682678
Race: White,181,0.497008740901947,0.3037036955356598,0.5,0.37788018584251404,0.6074073910713196
Race: Black,181,0.4866666793823242,0.30000001192092896,0.5,0.375,0.5999999642372131
Race: Other,181,0.4449692964553833,0.2786259651184082,0.5,0.3578431308269501,0.5572519302368164
Overall,182,0.49827128648757935,0.2657807171344757,0.5,0.3470715880393982,0.5315614342689514
Gender: Male,182,0.48572516441345215,0.25517240166664124,0.5,0.3378995358943939,0.5103448033332825
Gender: Female,182,0.5129568576812744,0.2756410241127014,0.5,0.35537189245224,0.5512820482254028
Age: <40,182,0.586789608001709,0.25200000405311584,0.5,0.33510637283325195,0.5040000081062317
Age: 40-50,182,0.3504273593425751,0.2678571343421936,0.5,0.3488371968269348,0.5357142686843872
Age: 50-65,182,0.5086538195610046,0.28260868787765503,0.5,0.3611111044883728,0.5652173757553101
Race: White,182,0.5577877163887024,0.25196850299835205,0.5,0.33507853746414185,0.5039370059967041
Race: Black,182,0.4749999940395355,0.2777777910232544,0.5,0.3571428656578064,0.5555555820465088
Race: Other,182,0.44630730152130127,0.2753623127937317,0.5,0.35514017939567566,0.5507246255874634
Overall,183,0.5338422060012817,0.3120805323123932,0.5,0.38429751992225647,0.6241610646247864
Gender: Male,183,0.5569760203361511,0.30368098616600037,0.5,0.3778626024723053,0.6073619723320007
Gender: Female,183,0.5043103694915771,0.3222222328186035,0.5,0.3918918967247009,0.6444444060325623
Age: <40,183,0.5659551620483398,0.3372093141078949,0.5,0.4027777910232544,0.6744186282157898
Age: 40-50,183,0.4372294545173645,0.2800000011920929,0.5,0.3589743673801422,0.5600000023841858
Age: 50-65,183,0.5708867311477661,0.30319148302078247,0.5,0.37748345732688904,0.6063829660415649
Race: White,183,0.6283277273178101,0.289682537317276,0.5,0.3668341636657715,0.5793651342391968
Race: Black,183,0.2976190447807312,0.3181818127632141,0.5,0.3888888955116272,0.6363636255264282
Race: Other,183,0.4752544164657593,0.3309352397918701,0.5,0.3982684016227722,0.661870539188385
Overall,184,0.5797317028045654,0.3009868562221527,0.5,0.37577003240585327,0.6019737124443054
Gender: Male,184,0.6528302431106567,0.3011363744735718,0.5,0.3758865296840668,0.6022727489471436
Gender: Female,184,0.48739495873451233,0.30078125,0.5,0.37560975551605225,0.6015625
Age: <40,184,0.5898147821426392,0.30337077379226685,0.5,0.3776223659515381,0.6067416071891785
Age: 40-50,184,0.4821428656578064,0.25925925374031067,0.5,0.3414634168148041,0.5185185074806213
Age: 50-65,184,0.6093617081642151,0.3263888955116272,0.5,0.3949579894542694,0.6527777910232544
Race: White,184,0.6159909963607788,0.3302752375602722,0.5,0.3977900445461273,0.6605504155158997
Race: Black,184,0.7055555582046509,0.1785714328289032,0.5,0.2631579041481018,0.3571428656578064
Race: Other,184,0.536003589630127,0.30239519476890564,0.5,0.3768656849861145,0.604790449142456
Overall,185,0.5281803607940674,0.276699036359787,0.5,0.35624998807907104,0.553398072719574
Gender: Male,185,0.5839270353317261,0.27243590354919434,0.5,0.35269710421562195,0.5448718070983887
Gender: Female,185,0.48056232929229736,0.2810457646846771,0.5,0.35983264446258545,0.5620915293693542
Age: <40,185,0.5896464586257935,0.2750000059604645,0.5,0.35483869910240173,0.550000011920929
Age: 40-50,185,0.30416667461395264,0.24193547666072845,0.5,0.32608696818351746,0.4838709533214569
Age: 50-65,185,0.5915648937225342,0.3045977056026459,0.5,0.37857142090797424,0.6091954112052917
Race: White,185,0.5590533018112183,0.25757575035095215,0.5,0.3400000035762787,0.5151515007019043
Race: Black,185,0.6484375,0.25,0.5,0.3333333432674408,0.5
Race: Other,185,0.47502973675727844,0.30000001192092896,0.5,0.375,0.6000000238418579
Overall,186,0.599639892578125,0.2932203412055969,0.5,0.36965811252593994,0.5864406824111938
Gender: Male,186,0.6236559152603149,0.2784431278705597,0.5,0.35769230127334595,0.5568862557411194
Gender: Female,186,0.5796874761581421,0.3125,0.5,0.38461539149284363,0.625
Age: <40,186,0.6693191528320312,0.2867647111415863,0.5,0.3644859790802002,0.5735294222831726
Age: 40-50,186,0.5285714268684387,0.2535211145877838,0.5,0.336448609828949,0.5070422291755676
Age: 50-65,186,0.5464640855789185,0.33522728085517883,0.5,0.40136054158210754,0.6704545617103577
Race: White,186,0.6790413856506348,0.28787878155708313,0.5,0.36538460850715637,0.575757622718811
Race: Black,186,0.47159090638160706,0.29629629850387573,0.5,0.3720930218696594,0.5925925970077515
Race: Other,186,0.5384960770606995,0.2977941036224365,0.5,0.3732718825340271,0.5955882668495178
Overall,187,0.5363333225250244,0.286689430475235,0.5,0.3644251525402069,0.5733788013458252
Gender: Male,187,0.5411255359649658,0.3055555522441864,0.5,0.37931033968925476,0.6111111044883728
Gender: Female,187,0.5236091613769531,0.2633587718009949,0.5,0.3449999988079071,0.5267175436019897
Age: <40,187,0.5783549547195435,0.3155737817287445,0.5,0.38693466782569885,0.6311475038528442
Age: 40-50,187,0.5763265490531921,0.25,0.5,0.3333333432674408,0.5
Age: 50-65,187,0.4634920656681061,0.2772277295589447,0.5,0.35668790340423584,0.5544554591178894
Race: White,187,0.5850480198860168,0.30000001192092896,0.5,0.375,0.5999999642372131
Race: Black,187,0.518750011920929,0.3076923191547394,0.5,0.380952388048172,0.6153846383094788
Race: Other,187,0.4989609718322754,0.26893940567970276,0.5,0.3497537076473236,0.5378788113594055
Overall,188,0.5075370073318481,0.2733564078807831,0.5,0.35346755385398865,0.5467128157615662
Gender: Male,188,0.48133331537246704,0.24137930572032928,0.5,0.3255814015865326,0.48275861144065857
Gender: Female,188,0.5600649118423462,0.3055555522441864,0.5,0.37931033968925476,0.6111111044883728
Age: <40,188,0.5720539093017578,0.29729729890823364,0.5,0.37288135290145874,0.5945945978164673
Age: 40-50,188,0.4605262875556946,0.25641027092933655,0.5,0.33898305892944336,0.5128205418586731
Age: 50-65,188,0.46754807233810425,0.25999999046325684,0.5,0.34210526943206787,0.5199999809265137
Race: White,188,0.5847342014312744,0.26691728830337524,0.5,0.3480392098426819,0.5338345766067505
Race: Black,188,0.5916666984558105,0.32608696818351746,0.5,0.3947368562221527,0.6521739363670349
Race: Other,188,0.4353369474411011,0.27067670226097107,0.5,0.35121950507164,0.5413534045219421
Overall,189,0.489928662776947,0.28145694732666016,0.5,0.36016950011253357,0.5629138946533203
Gender: Male,189,0.48605042695999146,0.27419355511665344,0.5,0.3541666567325592,0.5483871102333069
Gender: Female,189,0.5020872950553894,0.28911563754081726,0.5,0.3663793206214905,0.5782312750816345
Age: <40,189,0.588410496711731,0.27819550037384033,0.5,0.35748791694641113,0.5563910007476807
Age: 40-50,189,0.3229665160179138,0.26760563254356384,0.5,0.3486238420009613,0.5352112650871277
Age: 50-65,189,0.4758620858192444,0.29591837525367737,0.5,0.3717948794364929,0.5918367505073547
Race: White,189,0.56020188331604,0.2807692289352417,0.5,0.35960590839385986,0.5615384578704834
Race: Black,189,0.37745100259780884,0.2931034564971924,0.5,0.3695652186870575,0.5862069129943848
Race: Other,189,0.4474206566810608,0.279720276594162,0.5,0.35874438285827637,0.559440553188324
Overall,190,0.48120445013046265,0.3013468086719513,0.5,0.3760504126548767,0.6026936173439026
Gender: Male,190,0.47890955209732056,0.2966666519641876,0.5,0.3723849356174469,0.59333336353302
Gender: Female,190,0.4805068373680115,0.30612245202064514,0.5,0.37974682450294495,0.6122449040412903
Age: <40,190,0.4776652753353119,0.3067227005958557,0.5,0.3802083432674408,0.6134454011917114
Age: 40-50,190,0.49461203813552856,0.26229506731033325,0.5,0.34408602118492126,0.5245901346206665
Age: 50-65,190,0.48742929100990295,0.3162393271923065,0.5,0.38743454217910767,0.632478654384613
Race: White,190,0.5527734756469727,0.29931971430778503,0.5,0.3744680881500244,0.5986394286155701
Race: Black,190,0.5041322708129883,0.25,0.5,0.3333333432674408,0.5
Race: Other,190,0.3919270932674408,0.3125,0.5,0.38461539149284363,0.625
Overall,191,0.5010898113250732,0.3003300428390503,0.5,0.3752577304840088,0.6006600856781006
Gender: Male,191,0.5200624465942383,0.3162650465965271,0.5,0.3874538838863373,0.6325300931930542
Gender: Female,191,0.4766233563423157,0.2810218930244446,0.5,0.3598130941390991,0.5620437860488892
Age: <40,191,0.5513392686843872,0.3181818127632141,0.5,0.3888888955116272,0.6363636255264282
Age: 40-50,191,0.4336735010147095,0.2777777910232544,0.5,0.3571428656578064,0.5555555820465088
Age: 50-65,191,0.47971779108047485,0.2916666567325592,0.5,0.3684210479259491,0.5833333134651184
Race: White,191,0.5408711433410645,0.2804054021835327,0.5,0.35930734872817993,0.5608108043670654
Race: Black,191,0.5785714387893677,0.2916666567325592,0.5,0.3684210479259491,0.5833333730697632
Race: Other,191,0.44040918350219727,0.3244274854660034,0.5,0.39351850748062134,0.6488549709320068
Overall,192,0.5743355751037598,0.28859061002731323,0.5,0.36595743894577026,0.5771812200546265
Gender: Male,192,0.6357606053352356,0.2981927692890167,0.5,0.37358489632606506,0.5963855385780334
Gender: Female,192,0.49872303009033203,0.2765151560306549,0.5,0.356097549200058,0.5530303120613098
Age: <40,192,0.6762315034866333,0.308270663022995,0.5,0.3813953399658203,0.6165413856506348
Age: 40-50,192,0.42513370513916016,0.28205129504203796,0.5,0.3606557250022888,0.5641025900840759
Age: 50-65,192,0.545599102973938,0.26436781883239746,0.5,0.3458646535873413,0.5287356376647949
Race: White,192,0.660024881362915,0.28515625,0.5,0.3631840944290161,0.5703125
Race: Black,192,0.6772727370262146,0.32258063554763794,0.5,0.3921568691730499,0.6451612710952759
Race: Other,192,0.5027426481246948,0.2841726541519165,0.5,0.3623853325843811,0.568345308303833
Overall,193,0.5557142496109009,0.2704918086528778,0.5,0.3510638177394867,0.5409836173057556
Gender: Male,193,0.5951898694038391,0.2793295979499817,0.5,0.3584229350090027,0.5586591958999634
Gender: Female,193,0.49482977390289307,0.2579365074634552,0.5,0.3403141498565674,0.5158730745315552
Age: <40,193,0.6263158321380615,0.290076345205307,0.5,0.3671497702598572,0.580152690410614
Age: 40-50,193,0.529245913028717,0.21710526943206787,0.5,0.302752286195755,0.43421053886413574
Age: 50-65,193,0.48767006397247314,0.2857142984867096,0.5,0.3636363744735718,0.5714285373687744
Race: White,193,0.690770149230957,0.28125,0.5,0.36000001430511475,0.5625
Race: Black,193,0.5571428537368774,0.2083333283662796,0.5,0.29411765933036804,0.4166666865348816
Race: Other,193,0.4365079402923584,0.2700729966163635,0.5,0.3507108986377716,0.540145993232727
Overall,194,0.5165714025497437,0.286689430475235,0.5,0.3644251525402069,0.5733788013458252
Gender: Male,194,0.5791527032852173,0.3005780279636383,0.5,0.3754512667655945,0.6011560559272766
Gender: Female,194,0.4109932780265808,0.2666666805744171,0.5,0.3478260934352875,0.5333333611488342
Age: <40,194,0.5443937182426453,0.28740158677101135,0.5,0.36500000953674316,0.5748031735420227
Age: 40-50,194,0.47410714626312256,0.26119402050971985,0.5,0.343137264251709,0.5223880410194397
Age: 50-65,194,0.5162392854690552,0.3030303120613098,0.5,0.37735849618911743,0.6060606241226196
Race: White,194,0.5719298124313354,0.30612245202064514,0.5,0.37974682450294495,0.6122449040412903
Race: Black,194,0.7243589758872986,0.25999999046325684,0.5,0.34210526943206787,0.5199999809265137
Race: Other,194,0.43324175477027893,0.26859503984451294,0.5,0.3494623601436615,0.5371900796890259
Overall,195,0.5045937299728394,0.27835050225257874,0.5,0.3576158881187439,0.5567010641098022
Gender: Male,195,0.49614566564559937,0.28285714983940125,0.5,0.3613138794898987,0.5657142996788025
Gender: Female,195,0.5196166038513184,0.2715517282485962,0.5,0.3519552946090698,0.5431034564971924
Age: <40,195,0.5826621055603027,0.27241379022598267,0.5,0.3526785671710968,0.5448275804519653
Age: 40-50,195,0.45684802532196045,0.305970162153244,0.5,0.37962964177131653,0.6119402647018433
Age: 50-65,195,0.41634494066238403,0.26582279801368713,0.5,0.3471074402332306,0.5316455960273743
Race: White,195,0.6094117760658264,0.2976190447807312,0.5,0.3731343150138855,0.5952381491661072
Race: Black,195,0.6233766078948975,0.2199999988079071,0.5,0.3055555522441864,0.4399999976158142
Race: Other,195,0.3935033082962036,0.27142858505249023,0.5,0.35185185074806213,0.5428571701049805
Overall,196,0.5603665113449097,0.2989864945411682,0.5,0.37420719861984253,0.5979729890823364
Gender: Male,196,0.5506493449211121,0.3070175349712372,0.5,0.3804347813129425,0.6140350699424744
Gender: Female,196,0.5723270177841187,0.2879999876022339,0.5,0.36548224091529846,0.5760000348091125
Age: <40,196,0.5409616231918335,0.2943548262119293,0.5,0.37055838108062744,0.5887096524238586
Age: 40-50,196,0.5498960018157959,0.2936508059501648,0.5,0.3700000047683716,0.5873016119003296
Age: 50-65,196,0.5852878093719482,0.30733945965766907,0.5,0.3806818127632141,0.6146788597106934
Race: White,196,0.6785790920257568,0.29347825050354004,0.5,0.36986300349235535,0.5869565606117249
Race: Black,196,0.6013071537017822,0.32692307233810425,0.5,0.39534884691238403,0.6538462042808533
Race: Other,196,0.44662052392959595,0.29924243688583374,0.5,0.3744075894355774,0.5984848737716675
Overall,197,0.4654273986816406,0.2753378450870514,0.5,0.35511982440948486,0.5506756901741028
Gender: Male,197,0.47111743688583374,0.2750000059604645,0.5,0.35483869910240173,0.550000011920929
Gender: Female,197,0.455081969499588,0.2757352888584137,0.5,0.35545024275779724,0.5514705777168274
Age: <40,197,0.5702624320983887,0.29411765933036804,0.5,0.37037035822868347,0.5882353186607361
Age: 40-50,197,0.37343358993530273,0.23749999701976776,0.5,0.32203391194343567,0.4749999940395355
Age: 50-65,197,0.4246752858161926,0.2835051417350769,0.5,0.3618420958518982,0.5670102834701538
Race: White,197,0.532820463180542,0.3046875,0.5,0.3786407709121704,0.609375
Race: Black,197,0.5840336084365845,0.27419355511665344,0.5,0.3541666567325592,0.5483870506286621
Race: Other,197,0.4064365029335022,0.24817518889904022,0.5,0.33170732855796814,0.49635034799575806
Overall,198,0.5992720723152161,0.26430976390838623,0.5,0.345814973115921,0.5286195278167725
Gender: Male,198,0.6243691444396973,0.24496644735336304,0.5,0.3288288414478302,0.4899328947067261
Gender: Female,198,0.582403302192688,0.28378379344940186,0.5,0.36206895112991333,0.5675675868988037
Age: <40,198,0.6742203235626221,0.29230770468711853,0.5,0.3689320385456085,0.5846154093742371
Age: 40-50,198,0.4020737111568451,0.23728813230991364,0.5,0.3218390941619873,0.47457626461982727
Age: 50-65,198,0.6480274200439453,0.24537037312984467,0.5,0.32919254899024963,0.49074074625968933
Race: White,198,0.7049180269241333,0.2540322542190552,0.5,0.3368983864784241,0.5080645084381104
Race: Black,198,0.5476190447807312,0.26923078298568726,0.5,0.3499999940395355,0.5384615659713745
Race: Other,198,0.5440298318862915,0.27210885286331177,0.5,0.35242289304733276,0.5442177057266235
Overall,199,0.4914357364177704,0.2820945978164673,0.5,0.3606911301612854,0.5641891956329346
Gender: Male,199,0.5568051934242249,0.2925170063972473,0.5,0.3690987229347229,0.5850340127944946
Gender: Female,199,0.43700075149536133,0.2718120813369751,0.5,0.35217392444610596,0.5436241626739502
Age: <40,199,0.658193051815033,0.3169642984867096,0.5,0.38797813653945923,0.6339285969734192
Age: 40-50,199,0.3835485577583313,0.22282609343528748,0.5,0.308270663022995,0.44565218687057495
Age: 50-65,199,0.4363636374473572,0.29891303181648254,0.5,0.3741496503353119,0.5978261232376099
Race: White,199,0.518799901008606,0.29794520139694214,0.5,0.3733905553817749,0.5958904027938843
Race: Black,199,0.6770833730697632,0.3636363744735718,0.5,0.42105263471603394,0.7272727489471436
Race: Other,199,0.4453125,0.25,0.5,0.3333333432674408,0.5
Overall,200,0.5489705801010132,0.2931034564971924,0.5,0.3695652186870575,0.5862069129943848
Gender: Male,200,0.5703302621841431,0.31089743971824646,0.5,0.38339921832084656,0.6217948794364929
Gender: Female,200,0.513810932636261,0.2723880708217621,0.5,0.3526569902896881,0.5447760820388794
Age: <40,200,0.6740442514419556,0.2958333194255829,0.5,0.37172773480415344,0.5916666984558105
Age: 40-50,200,0.39176827669143677,0.28082191944122314,0.5,0.359649121761322,0.5616438388824463
Age: 50-65,200,0.5114942789077759,0.2989690601825714,0.5,0.37419354915618896,0.5979381203651428
Race: White,200,0.6352739930152893,0.2829457223415375,0.5,0.36138615012168884,0.565891444683075
Race: Black,200,0.6028708219528198,0.3166666626930237,0.5,0.3877550959587097,0.6333333849906921
Race: Other,200,0.46927914023399353,0.2977099120616913,0.5,0.3732057511806488,0.5954198241233826
Overall,201,0.6116843223571777,0.2682119309902191,0.5,0.34913793206214905,0.5364238619804382
Gender: Male,201,0.6349232196807861,0.276729553937912,0.5,0.3562752902507782,0.553459107875824
Gender: Female,201,0.5853897333145142,0.25874125957489014,0.5,0.3410138189792633,0.5174825191497803
Age: <40,201,0.756157636642456,0.2734375,0.5,0.35353535413742065,0.546875
Age: 40-50,201,0.5405405759811401,0.23188406229019165,0.5,0.31683167815208435,0.4637681245803833
Age: 50-65,201,0.4896296262741089,0.2857142984867096,0.5,0.3636363744735718,0.5714285969734192
Race: White,201,0.6517956256866455,0.24829931557178497,0.5,0.33181819319725037,0.49659863114356995
Race: Black,201,0.598901093006134,0.25925925374031067,0.5,0.3414634168148041,0.5185185074806213
Race: Other,201,0.5766037702560425,0.29296875,0.5,0.3694581389427185,0.5859375
Overall,202,0.5711304545402527,0.2792642116546631,0.5,0.3583691120147705,0.5585284233093262
Gender: Male,202,0.5314819812774658,0.2757575809955597,0.5,0.35546875,0.5515151619911194
Gender: Female,202,0.6222776174545288,0.28358209133148193,0.5,0.3619047701358795,0.5671641826629639
Age: <40,202,0.6168830394744873,0.28518518805503845,0.5,0.36320754885673523,0.5703703761100769
Age: 40-50,202,0.4868420958518982,0.27941176295280457,0.5,0.35849055647850037,0.5588235259056091
Age: 50-65,202,0.5734266042709351,0.2708333432674408,0.5,0.3513513505458832,0.5416666865348816
Race: White,202,0.543641984462738,0.27407407760620117,0.5,0.35406699776649475,0.5481481552124023
Race: Black,202,0.5961538553237915,0.23999999463558197,0.5,0.3243243098258972,0.47999998927116394
Race: Other,202,0.5853555202484131,0.29136690497398376,0.5,0.36818182468414307,0.5827338099479675
Overall,203,0.517337441444397,0.2857142984867096,0.5,0.3636363744735718,0.5714285373687744
Gender: Male,203,0.47478872537612915,0.2923976480960846,0.5,0.36900368332862854,0.584795355796814
Gender: Female,203,0.5751336812973022,0.27642276883125305,0.5,0.3560209572315216,0.5528454780578613
Age: <40,203,0.5989047288894653,0.3007246255874634,0.5,0.37556561827659607,0.6014493107795715
Age: 40-50,203,0.4166666865348816,0.2567567527294159,0.5,0.3392857015132904,0.5135135054588318
Age: 50-65,203,0.47537994384765625,0.28658536076545715,0.5,0.3643410801887512,0.5731707215309143
Race: White,203,0.5609267950057983,0.31147539615631104,0.5,0.38383838534355164,0.6229507923126221
Race: Black,203,0.6904761791229248,0.2586206793785095,0.5,0.34090909361839294,0.517241358757019
Race: Other,203,0.4657615125179291,0.26923078298568726,0.5,0.3499999940395355,0.5384615063667297
Overall,204,0.5016957521438599,0.2945205569267273,0.5,0.37068966031074524,0.5890411138534546
Gender: Male,204,0.4952071011066437,0.3149350583553314,0.5,0.38645419478416443,0.6298701167106628
Gender: Female,204,0.4933333396911621,0.27173912525177,0.5,0.35211268067359924,0.54347825050354
Age: <40,204,0.47732269763946533,0.27112674713134766,0.5,0.35159817337989807,0.5422534942626953
Age: 40-50,204,0.5757143497467041,0.3181818127632141,0.5,0.3888888955116272,0.6363636255264282
Age: 50-65,204,0.4985714256763458,0.31578946113586426,0.5,0.3870967626571655,0.6315789818763733
Race: White,204,0.5155709385871887,0.2857142984867096,0.5,0.3636363744735718,0.5714285969734192
Race: Black,204,0.3809523582458496,0.30434781312942505,0.5,0.37837839126586914,0.6086956858634949
Race: Other,204,0.5070370435714722,0.30000001192092896,0.5,0.375,0.6000000238418579
Overall,205,0.4695160388946533,0.27591973543167114,0.5,0.3556034564971924,0.5518394708633423
Gender: Male,205,0.4579545557498932,0.27848100662231445,0.5,0.35772356390953064,0.5569620132446289
Gender: Female,205,0.48579543828964233,0.27304965257644653,0.5,0.35321101546287537,0.5460992455482483
Age: <40,205,0.5920314192771912,0.2750000059604645,0.5,0.35483869910240173,0.550000011920929
Age: 40-50,205,0.2840335965156555,0.25362318754196167,0.5,0.3365384638309479,0.5072463750839233
Age: 50-65,205,0.4555027186870575,0.290909081697464,0.5,0.36781609058380127,0.581818163394928
Race: White,205,0.49609375,0.27142858505249023,0.5,0.35185185074806213,0.5428571701049805
Race: Black,205,0.3333333134651184,0.4000000059604645,0.5,0.4444444477558136,0.8000000715255737
Race: Other,205,0.48051947355270386,0.2673611044883728,0.5,0.3484162986278534,0.5347222089767456
Overall,206,0.5206139087677002,0.2956081032752991,0.5,0.37154990434646606,0.5912162065505981
Gender: Male,206,0.518064022064209,0.2848837077617645,0.5,0.3629629611968994,0.569767415523529
Gender: Female,206,0.5274937748908997,0.3104838728904724,0.5,0.38308456540107727,0.6209677457809448
Age: <40,206,0.508440375328064,0.3115384578704834,0.5,0.3838862478733063,0.6230769157409668
Age: 40-50,206,0.4437500238418579,0.2777777910232544,0.5,0.3571428656578064,0.5555555820465088
Age: 50-65,206,0.6050925850868225,0.28723403811454773,0.5,0.36486485600471497,0.5744680762290955
Race: White,206,0.6478163003921509,0.30894309282302856,0.5,0.3819095492362976,0.6178861856460571
Race: Black,206,0.5531400442123413,0.2804878056049347,0.5,0.359375,0.5609756112098694
Race: Other,206,0.423872172832489,0.28787878155708313,0.5,0.36538460850715637,0.575757622718811
Overall,207,0.5048539638519287,0.2845117747783661,0.5,0.3626609444618225,0.5690235495567322
Gender: Male,207,0.5642869472503662,0.31329113245010376,0.5,0.3852140009403229,0.6265822649002075
Gender: Female,207,0.44968944787979126,0.2517985701560974,0.5,0.3349282443523407,0.5035971403121948
Age: <40,207,0.5975610017776489,0.3037036955356598,0.5,0.37788018584251404,0.6074073910713196
Age: 40-50,207,0.3840049207210541,0.24074074625968933,0.5,0.32499998807907104,0.48148149251937866
Age: 50-65,207,0.46717172861099243,0.29629629850387573,0.5,0.3720930218696594,0.5925925970077515
Race: White,207,0.6068069934844971,0.28518518805503845,0.5,0.36320754885673523,0.5703703761100769
Race: Black,207,0.46894410252571106,0.31081080436706543,0.5,0.38333332538604736,0.6216216087341309
Race: Other,207,0.4306418299674988,0.2759999930858612,0.5,0.35567009449005127,0.5520000457763672
Overall,208,0.5051091313362122,0.3232323229312897,0.5,0.39263802766799927,0.6464646458625793
Gender: Male,208,0.4951334595680237,0.3258427083492279,0.5,0.3945578336715698,0.6516854166984558
Gender: Female,208,0.5229498147964478,0.3193277418613434,0.5,0.3897435963153839,0.6386554837226868
Age: <40,208,0.6162790656089783,0.34306567907333374,0.5,0.40692639350891113,0.6861313581466675
Age: 40-50,208,0.36836737394332886,0.2777777910232544,0.5,0.3571428656578064,0.5555555820465088
Age: 50-65,208,0.4383753538131714,0.32474225759506226,0.5,0.39375001192092896,0.6494845151901245
Race: White,208,0.5700000524520874,0.31060606241226196,0.5,0.38317757844924927,0.6212121248245239
Race: Black,208,0.4285714328289032,0.3684210479259491,0.5,0.42424243688583374,0.7368420958518982
Race: Other,208,0.45916664600372314,0.3287671208381653,0.5,0.39669421315193176,0.6575342416763306
Overall,209,0.5228121280670166,0.2844827473163605,0.5,0.36263737082481384,0.568965494632721
Gender: Male,209,0.5781446695327759,0.3192771077156067,0.5,0.3897058963775635,0.6385542154312134
Gender: Female,209,0.44954368472099304,0.23790322244167328,0.5,0.3224043846130371,0.47580644488334656
Age: <40,209,0.565205454826355,0.29674795269966125,0.5,0.37244898080825806,0.5934959053993225
Age: 40-50,209,0.44078946113586426,0.27142858505249023,0.5,0.35185185074806213,0.5428571701049805
Age: 50-65,209,0.5228251218795776,0.27835050225257874,0.5,0.3576158881187439,0.5567010045051575
Race: White,209,0.5853354930877686,0.25539568066596985,0.5,0.3380952477455139,0.5107913613319397
Race: Black,209,0.8095238208770752,0.26923078298568726,0.5,0.3499999940395355,0.5384615659713745
Race: Other,209,0.45007890462875366,0.31521740555763245,0.5,0.3866666555404663,0.6304348111152649
Overall,210,0.5515729188919067,0.2996688783168793,0.5,0.37474119663238525,0.5993377566337585
Gender: Male,210,0.5845410823822021,0.2804878056049347,0.5,0.359375,0.5609756112098694
Gender: Female,210,0.5170832872390747,0.3224637806415558,0.5,0.392070472240448,0.6449275612831116
Age: <40,210,0.5892857313156128,0.3273381292819977,0.5,0.395652174949646,0.6546762585639954
Age: 40-50,210,0.4875565767288208,0.28333333134651184,0.5,0.3617021143436432,0.5666667222976685
Age: 50-65,210,0.533814549446106,0.27184465527534485,0.5,0.3522012531757355,0.5436893105506897
Race: White,210,0.6041921377182007,0.27659574151039124,0.5,0.3561643958091736,0.5531914830207825
Race: Black,210,0.6985293626785278,0.3400000035762787,0.5,0.4047619104385376,0.6800000071525574
Race: Other,210,0.4995349049568176,0.31617647409439087,0.5,0.38738739490509033,0.6323529481887817
Overall,211,0.5764461755752563,0.28453946113586426,0.5,0.3626834452152252,0.5690789222717285
Gender: Male,211,0.5999687910079956,0.28703704476356506,0.5,0.364705890417099,0.5740740895271301
Gender: Female,211,0.5524193048477173,0.28169015049934387,0.5,0.36036035418510437,0.563380241394043
Age: <40,211,0.6856977939605713,0.2857142984867096,0.5,0.3636363744735718,0.5714285969734192
Age: 40-50,211,0.43993133306503296,0.2738095223903656,0.5,0.35384616255760193,0.5476190447807312
Age: 50-65,211,0.5573042631149292,0.29207921028137207,0.5,0.3687500059604645,0.5841584205627441
Race: White,211,0.6333746910095215,0.2719298303127289,0.5,0.35227271914482117,0.5438596606254578
Race: Black,211,0.6491228342056274,0.19354838132858276,0.5,0.27906978130340576,0.3870967626571655
Race: Other,211,0.5328283309936523,0.3113207519054413,0.5,0.38372093439102173,0.6226415038108826
Overall,212,0.571440577507019,0.2797427773475647,0.5,0.3587628901004791,0.5594854950904846
Gender: Male,212,0.574336051940918,0.28176796436309814,0.5,0.3604240417480469,0.5635359287261963
Gender: Female,212,0.5744731426239014,0.2769230902194977,0.5,0.3564356565475464,0.5538461804389954
Age: <40,212,0.6624881029129028,0.2773972749710083,0.5,0.3568281829357147,0.5547944903373718
Age: 40-50,212,0.47058820724487305,0.24285714328289032,0.5,0.32692307233810425,0.48571428656578064
Age: 50-65,212,0.5080037713050842,0.3105263113975525,0.5,0.38311687111854553,0.6210526823997498
Race: White,212,0.6277980804443359,0.27659574151039124,0.5,0.3561643958091736,0.5531914830207825
Race: Black,212,0.5064102411270142,0.23999999463558197,0.5,0.3243243098258972,0.47999998927116394
Race: Other,212,0.5197111368179321,0.2896551787853241,0.5,0.36681222915649414,0.5793103575706482
Overall,213,0.48856234550476074,0.2791095972061157,0.5,0.3582417666912079,0.5582191944122314
Gender: Male,213,0.49502408504486084,0.27987420558929443,0.5,0.3588709533214569,0.5597484111785889
Gender: Female,213,0.4706825315952301,0.27819550037384033,0.5,0.35748791694641113,0.5563910007476807
Age: <40,213,0.5522050857543945,0.2678571343421936,0.5,0.3488371968269348,0.5357142686843872
Age: 40-50,213,0.42697879672050476,0.3145161271095276,0.5,0.3861386179924011,0.6290322542190552
Age: 50-65,213,0.4395221471786499,0.27222222089767456,0.5,0.3525179922580719,0.5444444417953491
Race: White,213,0.5243231058120728,0.28308823704719543,0.5,0.36150234937667847,0.5661764740943909
Race: Black,213,0.5681818127632141,0.260869562625885,0.5,0.34285715222358704,0.52173912525177
Race: Other,213,0.44319742918014526,0.27819550037384033,0.5,0.35748791694641113,0.5563910007476807
Overall,214,0.5498355627059937,0.27719298005104065,0.5,0.3566591441631317,0.5543859601020813
Gender: Male,214,0.5795355439186096,0.27302631735801697,0.5,0.3531914949417114,0.5460526347160339
Gender: Female,214,0.5222988724708557,0.28195488452911377,0.5,0.36057692766189575,0.5639097690582275
Age: <40,214,0.6677083373069763,0.3214285671710968,0.5,0.3913043439388275,0.6428571939468384
Age: 40-50,214,0.4860140085220337,0.23493975400924683,0.5,0.3196721374988556,0.46987950801849365
Age: 50-65,214,0.488866925239563,0.2611111104488373,0.5,0.34306567907333374,0.5222222208976746
Race: White,214,0.5965079069137573,0.2787610590457916,0.5,0.3579545319080353,0.5575221180915833
Race: Black,214,0.7802197933197021,0.24074074625968933,0.5,0.32499998807907104,0.48148149251937866
Race: Other,214,0.4922570586204529,0.2827586233615875,0.5,0.3612334728240967,0.565517246723175
Overall,215,0.5384724736213684,0.2932203412055969,0.5,0.36965811252593994,0.5864406824111938
Gender: Male,215,0.5211158990859985,0.3027210831642151,0.5,0.37711864709854126,0.6054421663284302
Gender: Female,215,0.5531994104385376,0.28378379344940186,0.5,0.36206895112991333,0.5675675868988037
Age: <40,215,0.5176181793212891,0.28148147463798523,0.5,0.3601895868778229,0.5629629492759705
Age: 40-50,215,0.39080458879470825,0.2589285671710968,0.5,0.34117648005485535,0.5178571939468384
Age: 50-65,215,0.625,0.32692307233810425,0.5,0.39534884691238403,0.6538462042808533
Race: White,215,0.6333333253860474,0.31707316637039185,0.5,0.38805970549583435,0.6341463327407837
Race: Black,215,0.49166667461395264,0.32608696818351746,0.5,0.3947368562221527,0.6521739363670349
Race: Other,215,0.49329710006713867,0.268456369638443,0.5,0.34934496879577637,0.536912739276886
Overall,216,0.5485576391220093,0.2875817120075226,0.5,0.3651452362537384,0.5751634240150452
Gender: Male,216,0.5800911784172058,0.28658536076545715,0.5,0.3643410801887512,0.5731707215309143
Gender: Female,216,0.5069105625152588,0.2887323796749115,0.5,0.3660714328289032,0.577464759349823
Age: <40,216,0.5393356680870056,0.2875817120075226,0.5,0.3651452362537384,0.5751634240150452
Age: 40-50,216,0.4655623435974121,0.2720588147640228,0.5,0.3523809611797333,0.5441176295280457
Age: 50-65,216,0.6464821100234985,0.30000001192092896,0.5,0.375,0.6000000238418579
Race: White,216,0.681572437286377,0.2868216931819916,0.5,0.3645320236682892,0.5736433863639832
Race: Black,216,0.6296296119689941,0.3333333432674408,0.5,0.4000000059604645,0.6666666865348816
Race: Other,216,0.4466089606285095,0.2800000011920929,0.5,0.3589743673801422,0.5600000023841858
Overall,217,0.5187454223632812,0.2718120813369751,0.5,0.35217392444610596,0.5436241626739502
Gender: Male,217,0.5432254672050476,0.2584269642829895,0.5,0.34074074029922485,0.516853928565979
Gender: Female,217,0.4925714135169983,0.2916666567325592,0.5,0.3684210479259491,0.5833333730697632
Age: <40,217,0.5574938654899597,0.2868216931819916,0.5,0.3645320236682892,0.5736433863639832
Age: 40-50,217,0.4792490005493164,0.25555557012557983,0.5,0.3382352888584137,0.5111111402511597
Age: 50-65,217,0.5006434917449951,0.26582279801368713,0.5,0.3471074402332306,0.5316455960273743
Race: White,217,0.6357526779174805,0.26865673065185547,0.5,0.34951457381248474,0.5373134016990662
Race: Black,217,0.5808080434799194,0.3103448152542114,0.5,0.38297873735427856,0.6206896305084229
Race: Other,217,0.4217371940612793,0.2666666805744171,0.5,0.3478260934352875,0.5333333015441895
Overall,218,0.5350580215454102,0.30844154953956604,0.5,0.3815261125564575,0.6168830990791321
Gender: Male,218,0.6016709804534912,0.30924856662750244,0.5,0.3821428716182709,0.6184970736503601
Gender: Female,218,0.45157551765441895,0.307407408952713,0.5,0.3807339370250702,0.614814817905426
Age: <40,218,0.5883838534355164,0.3240000009536743,0.5,0.39320388436317444,0.6480000019073486
Age: 40-50,218,0.43914806842803955,0.2698412835597992,0.5,0.3505154550075531,0.5396825671195984
Age: 50-65,218,0.5324444770812988,0.3125,0.5,0.38461539149284363,0.6250000596046448
Race: White,218,0.5480808019638062,0.3103448152542114,0.5,0.38297873735427856,0.6206896305084229
Race: Black,218,0.6020408272743225,0.25,0.5,0.3333333432674408,0.5
Race: Other,218,0.5033222436904907,0.3185185194015503,0.5,0.3891402781009674,0.6370370388031006
Overall,219,0.5245380401611328,0.2888513505458832,0.5,0.36616700887680054,0.5777027010917664
Gender: Male,219,0.5394203066825867,0.2958579957485199,0.5,0.371747225522995,0.5917159914970398
Gender: Female,219,0.5052816867828369,0.27952754497528076,0.5,0.3585858643054962,0.5590550899505615
Age: <40,219,0.5220315456390381,0.28947368264198303,0.5,0.36666667461395264,0.5789473652839661
Age: 40-50,219,0.3123123049736023,0.2890625,0.5,0.3663366436958313,0.578125
Age: 50-65,219,0.6311612129211426,0.28787878155708313,0.5,0.36538460850715637,0.5757575631141663
Race: White,219,0.5697399377822876,0.2863636314868927,0.5,0.3641618490219116,0.5727272629737854
Race: Black,219,0.7008547186851501,0.2954545319080353,0.5,0.37142857909202576,0.5909091234207153
Race: Other,219,0.48146453499794006,0.2896341383457184,0.5,0.3667953610420227,0.5792682766914368
Overall,220,0.46406370401382446,0.30034130811691284,0.5,0.37526652216911316,0.6006825566291809
Gender: Male,220,0.44962406158447266,0.28787878155708313,0.5,0.36538460850715637,0.5757575631141663
Gender: Female,220,0.48305749893188477,0.31640625,0.5,0.38755980134010315,0.6328125
Age: <40,220,0.4531182646751404,0.32517483830451965,0.5,0.39406779408454895,0.6503496170043945
Age: 40-50,220,0.5009258985519409,0.22727273404598236,0.5,0.3125,0.4545454680919647
Age: 50-65,220,0.45830798149108887,0.3154761791229248,0.5,0.38686132431030273,0.6309524178504944
Race: White,220,0.5746375322341919,0.2922535240650177,0.5,0.36888888478279114,0.5845070481300354
Race: Black,220,0.515625,0.3333333432674408,0.5,0.4000000059604645,0.6666666865348816
Race: Other,220,0.34415584802627563,0.30314961075782776,0.5,0.37745097279548645,0.6062992215156555
Overall,221,0.5330814123153687,0.2889273464679718,0.5,0.3662280738353729,0.5778546929359436
Gender: Male,221,0.5007546544075012,0.28525641560554504,0.5,0.3632653057575226,0.5705128312110901
Gender: Female,221,0.5673659443855286,0.29323309659957886,0.5,0.36966824531555176,0.5864661931991577
Age: <40,221,0.5483108758926392,0.30970150232315063,0.5,0.382488489151001,0.6194029450416565
Age: 40-50,221,0.4833333492279053,0.29661017656326294,0.5,0.3723404109477997,0.5932203531265259
Age: 50-65,221,0.5649152994155884,0.2552083432674408,0.5,0.3379310369491577,0.5104166865348816
Race: White,221,0.5758904218673706,0.29674795269966125,0.5,0.37244898080825806,0.5934959053993225
Race: Black,221,0.6095237731933594,0.34090909361839294,0.5,0.4054054021835327,0.6818181872367859
Race: Other,221,0.5045764446258545,0.2743055522441864,0.5,0.35426008701324463,0.5486111044883728
Overall,222,0.5012050867080688,0.29194632172584534,0.5,0.3686440587043762,0.5838926434516907
Gender: Male,222,0.4698314070701599,0.2934131622314453,0.5,0.3698113262653351,0.5868263840675354
Gender: Female,222,0.5468899607658386,0.290076345205307,0.5,0.3671497702598572,0.580152690410614
Age: <40,222,0.5604261159896851,0.3093220293521881,0.5,0.3821989595890045,0.6186440587043762
Age: 40-50,222,0.43618881702423096,0.3142857253551483,0.5,0.38596490025520325,0.6285714507102966
Age: 50-65,222,0.49354517459869385,0.2590909004211426,0.5,0.341317355632782,0.5181818008422852
Race: White,222,0.49584418535232544,0.2800000011920929,0.5,0.3589743673801422,0.5600000023841858
Race: Black,222,0.6083916425704956,0.2291666716337204,0.5,0.3142857253551483,0.4583333432674408
Race: Other,222,0.4905914068222046,0.3120805323123932,0.5,0.38429751992225647,0.6241610646247864
Overall,223,0.5314394235610962,0.2815699577331543,0.5,0.360262006521225,0.5631399154663086
Gender: Male,223,0.5065217018127441,0.2839506268501282,0.5,0.36220473051071167,0.5679012537002563
Gender: Female,223,0.5680208206176758,0.2786259651184082,0.5,0.3578431308269501,0.5572519302368164
Age: <40,223,0.5697256326675415,0.2888889014720917,0.5,0.3661971688270569,0.5777777433395386
Age: 40-50,223,0.513513445854187,0.27439025044441223,0.5,0.35433071851730347,0.5487804412841797
Age: 50-65,223,0.49159663915634155,0.2763157784938812,0.5,0.35593220591545105,0.5526315569877625
Race: White,223,0.66770339012146,0.290076345205307,0.5,0.3671497702598572,0.580152690410614
Race: Black,223,0.6607142686843872,0.3478260934352875,0.5,0.41025641560554504,0.695652186870575
Race: Other,223,0.43524283170700073,0.2625899314880371,0.5,0.34433960914611816,0.5251798629760742
Overall,224,0.4798775315284729,0.2802768051624298,0.5,0.3592017590999603,0.5605536699295044
Gender: Male,224,0.4863838851451874,0.2660256326198578,0.5,0.3472803235054016,0.5320512652397156
Gender: Female,224,0.4796062111854553,0.2969924807548523,0.5,0.37264150381088257,0.5939849615097046
Age: <40,224,0.5350724458694458,0.3099173605442047,0.5,0.38265305757522583,0.6198346614837646
Age: 40-50,224,0.43888890743255615,0.27272728085517883,0.5,0.3529411852359772,0.5454545617103577
Age: 50-65,224,0.4405997395515442,0.25,0.5,0.3333333432674408,0.5
Race: White,224,0.552930474281311,0.26691728830337524,0.5,0.3480392098426819,0.5338345766067505
Race: Black,224,0.6134454011917114,0.22580644488334656,0.5,0.31111112236976624,0.4516128897666931
Race: Other,224,0.3812229633331299,0.30799999833106995,0.5,0.38118812441825867,0.6160000562667847
Overall,225,0.5630228519439697,0.27627119421958923,0.5,0.35589519143104553,0.5525423884391785
Gender: Male,225,0.6241403818130493,0.27941176295280457,0.5,0.35849055647850037,0.5588235259056091
Gender: Female,225,0.4868420958518982,0.2720000147819519,0.5,0.35233160853385925,0.5440000295639038
Age: <40,225,0.5735849142074585,0.30075186491012573,0.5,0.3755868673324585,0.6015037894248962
Age: 40-50,225,0.5482954382896423,0.2461538463830948,0.5,0.3298968970775604,0.4923076927661896
Age: 50-65,225,0.5524296760559082,0.26288658380508423,0.5,0.3445945978164673,0.5257731676101685
Race: White,225,0.5957038402557373,0.27241379022598267,0.5,0.3526785671710968,0.5448275804519653
Race: Black,225,0.6421568393707275,0.2931034564971924,0.5,0.3695652186870575,0.5862069129943848
Race: Other,225,0.5309563279151917,0.27685949206352234,0.5,0.35638296604156494,0.5537189841270447
Overall,226,0.537466287612915,0.3097642958164215,0.5,0.382536381483078,0.619528591632843
Gender: Male,226,0.5566037893295288,0.3154761791229248,0.5,0.38686132431030273,0.6309524178504944
Gender: Female,226,0.5153343677520752,0.302325576543808,0.5,0.37681159377098083,0.604651153087616
Age: <40,226,0.6544973850250244,0.34090909361839294,0.5,0.4054054021835327,0.6818181872367859
Age: 40-50,226,0.4256756901741028,0.25974026322364807,0.5,0.34188035130500793,0.5194805264472961
Age: 50-65,226,0.45588234066963196,0.3068181872367859,0.5,0.3802816867828369,0.6136363744735718
Race: White,226,0.625643253326416,0.3120567500591278,0.5,0.3842794895172119,0.6241134405136108
Race: Black,226,0.5,0.20000000298023224,0.5,0.2857142984867096,0.4000000059604645
Race: Other,226,0.4375,0.3235294222831726,0.5,0.3928571343421936,0.6470588445663452
Overall,227,0.5536383986473083,0.29054054617881775,0.5,0.36752137541770935,0.5810810923576355
Gender: Male,227,0.5610373020172119,0.2888198792934418,0.5,0.36614173650741577,0.5776397585868835
Gender: Female,227,0.560352623462677,0.2925925850868225,0.5,0.36915886402130127,0.585185170173645
Age: <40,227,0.6720575094223022,0.30656933784484863,0.5,0.38009050488471985,0.6131386756896973
Age: 40-50,227,0.44085365533828735,0.2469135820865631,0.5,0.3305785059928894,0.4938271641731262
Age: 50-65,227,0.43611109256744385,0.3076923191547394,0.5,0.380952388048172,0.6153846383094788
Race: White,227,0.6586580276489258,0.2810218930244446,0.5,0.3598130941390991,0.5620437860488892
Race: Black,227,0.5636363625526428,0.261904776096344,0.5,0.34375,0.523809552192688
Race: Other,227,0.46671074628829956,0.30434781312942505,0.5,0.37837839126586914,0.6086956858634949
Overall,228,0.5348479747772217,0.3080808222293854,0.5,0.3812499940395355,0.616161584854126
Gender: Male,228,0.5789313912391663,0.3195266127586365,0.5,0.38989168405532837,0.6390532851219177
Gender: Female,228,0.4764779806137085,0.29296875,0.5,0.3694581389427185,0.5859375
Age: <40,228,0.6191626787185669,0.31889763474464417,0.5,0.38942307233810425,0.6377952694892883
Age: 40-50,228,0.38759690523147583,0.2945205569267273,0.5,0.37068966031074524,0.5890411138534546
Age: 50-65,228,0.5388046503067017,0.3041236996650696,0.5,0.3782051205635071,0.6082473993301392
Race: White,228,0.6203041076660156,0.3115941882133484,0.5,0.3839285671710968,0.6231884360313416
Race: Black,228,0.4789915680885315,0.3541666567325592,0.5,0.4146341383457184,0.7083333730697632
Race: Other,228,0.4699999988079071,0.29629629850387573,0.5,0.3720930218696594,0.5925925970077515
Overall,229,0.5025432109832764,0.26520270109176636,0.5,0.34657835960388184,0.5304054021835327
Gender: Male,229,0.5296740531921387,0.2836257219314575,0.5,0.36194029450416565,0.567251443862915
Gender: Female,229,0.47102564573287964,0.23999999463558197,0.5,0.3243243098258972,0.48000001907348633
Age: <40,229,0.585084080696106,0.27419355511665344,0.5,0.3541666567325592,0.5483870506286621
Age: 40-50,229,0.4543778896331787,0.2651515007019043,0.5,0.3465346395969391,0.5303030610084534
Age: 50-65,229,0.43518519401550293,0.25471699237823486,0.5,0.3375000059604645,0.5094339847564697
Race: White,229,0.56572425365448,0.28125,0.5,0.36000001430511475,0.5625
Race: Black,229,0.6358025074005127,0.1666666716337204,0.5,0.25,0.3333333432674408
Race: Other,229,0.41761133074760437,0.26950353384017944,0.5,0.3502304255962372,0.5390070676803589
Overall,230,0.5188908576965332,0.30034130811691284,0.5,0.37526652216911316,0.6006825566291809
Gender: Male,230,0.5692307949066162,0.3030303120613098,0.5,0.37735849618911743,0.6060605645179749
Gender: Female,230,0.46153849363327026,0.296875,0.5,0.37254902720451355,0.59375
Age: <40,230,0.5691764950752258,0.31481480598449707,0.5,0.3863636255264282,0.6296296119689941
Age: 40-50,230,0.45454543828964233,0.2661290466785431,0.5,0.34736841917037964,0.5322580337524414
Age: 50-65,230,0.48139744997024536,0.3020833432674408,0.5,0.37662336230278015,0.6041666865348816
Race: White,230,0.5597262978553772,0.31418919563293457,0.5,0.3858921229839325,0.6283783912658691
Race: Black,230,0.4305555820465088,0.30000001192092896,0.5,0.375,0.6000000238418579
Race: Other,230,0.4963076710700989,0.28260868787765503,0.5,0.3611111044883728,0.5652173757553101
Overall,231,0.5496551990509033,0.2909699082374573,0.5,0.3678646981716156,0.5819398164749146
Gender: Male,231,0.5768048763275146,0.3120805323123932,0.5,0.38429751992225647,0.6241610646247864
Gender: Female,231,0.5165503025054932,0.27000001072883606,0.5,0.350649356842041,0.5400000214576721
Age: <40,231,0.5866962671279907,0.29927006363868713,0.5,0.37442922592163086,0.5985401272773743
Age: 40-50,231,0.46833330392837524,0.2857142984867096,0.5,0.3636363744735718,0.5714285969734192
Age: 50-65,231,0.5682692527770996,0.28260868787765503,0.5,0.3611111044883728,0.5652173757553101
Race: White,231,0.6065573692321777,0.2925170063972473,0.5,0.3690987229347229,0.5850340127944946
Race: Black,231,0.49632352590560913,0.25757575035095215,0.5,0.3400000035762787,0.5151515007019043
Race: Other,231,0.4891431927680969,0.29831933975219727,0.5,0.37368419766426086,0.5966386795043945
Overall,232,0.5316591262817383,0.28547295928001404,0.5,0.3634408712387085,0.5709459781646729
Gender: Male,232,0.49722224473953247,0.2848101258277893,0.5,0.3629032373428345,0.5696202516555786
Gender: Female,232,0.5715512037277222,0.2862318754196167,0.5,0.3640553057193756,0.5724637508392334
Age: <40,232,0.5585397481918335,0.2620967626571655,0.5,0.34391534328460693,0.524193525314331
Age: 40-50,232,0.44553571939468384,0.29411765933036804,0.5,0.37037035822868347,0.5882353186607361
Age: 50-65,232,0.5738281011581421,0.3076923191547394,0.5,0.380952388048172,0.6153846383094788
Race: White,232,0.6872684955596924,0.27272728085517883,0.5,0.3529411852359772,0.5454545617103577
Race: Black,232,0.5987654328346252,0.3333333432674408,0.5,0.4000000059604645,0.6666666865348816
Race: Other,232,0.4039720892906189,0.2883211672306061,0.5,0.36574074625968933,0.5766423344612122
Overall,233,0.5202246904373169,0.29372936487197876,0.5,0.37006238102912903,0.5874587893486023
Gender: Male,233,0.5707725286483765,0.28797468543052673,0.5,0.3654618561267853,0.5759493708610535
Gender: Female,233,0.4676972031593323,0.30000001192092896,0.5,0.375,0.6000000238418579
Age: <40,233,0.5904802680015564,0.3120567500591278,0.5,0.3842794895172119,0.6241134405136108
Age: 40-50,233,0.3055555522441864,0.23529411852359772,0.5,0.3199999928474426,0.47058823704719543
Age: 50-65,233,0.5933908224105835,0.3085106313228607,0.5,0.3815789520740509,0.6170212626457214
Race: White,233,0.5878913402557373,0.3207547068595886,0.5,0.39080458879470825,0.6415094137191772
Race: Black,233,0.37962961196899414,0.2857142984867096,0.5,0.3636363744735718,0.5714285969734192
Race: Other,233,0.46875,0.2601625919342041,0.5,0.34224599599838257,0.5203251838684082
Overall,234,0.5345836877822876,0.29344263672828674,0.5,0.3698347210884094,0.5868852734565735
Gender: Male,234,0.5130434632301331,0.2830188572406769,0.5,0.3614457845687866,0.5660377144813538
Gender: Female,234,0.5616006255149841,0.3047945201396942,0.5,0.3787234127521515,0.6095890402793884
Age: <40,234,0.6142570376396179,0.2902098000049591,0.5,0.36725664138793945,0.5804196000099182
Age: 40-50,234,0.4137499928474426,0.28070175647735596,0.5,0.3595505654811859,0.5614035129547119
Age: 50-65,234,0.5045731663703918,0.3047619163990021,0.5,0.3786982297897339,0.6095238327980042
Race: White,234,0.5834292769432068,0.3211382031440735,0.5,0.3910891115665436,0.642276406288147
Race: Black,234,0.7395833730697632,0.20000000298023224,0.5,0.2857142984867096,0.4000000059604645
Race: Other,234,0.4886646270751953,0.2839506268501282,0.5,0.36220473051071167,0.5679012537002563
Overall,235,0.5367169976234436,0.27272728085517883,0.5,0.3529411852359772,0.5454545617103577
Gender: Male,235,0.5638200044631958,0.28125,0.5,0.36000001430511475,0.5625
Gender: Female,235,0.49014776945114136,0.26033058762550354,0.5,0.34239131212234497,0.5206611156463623
Age: <40,235,0.6449805498123169,0.27906978130340576,0.5,0.35820895433425903,0.5581395626068115
Age: 40-50,235,0.38257843255996704,0.23026315867900848,0.5,0.315315306186676,0.46052631735801697
Age: 50-65,235,0.5312039852142334,0.29891303181648254,0.5,0.3741496503353119,0.5978261232376099
Race: White,235,0.5963796377182007,0.2829457223415375,0.5,0.36138615012168884,0.565891444683075
Race: Black,235,0.6000000238418579,0.2631579041481018,0.5,0.3448275923728943,0.5263158082962036
Race: Other,235,0.4990958571434021,0.2651006579399109,0.5,0.3464912176132202,0.5302013158798218
Overall,236,0.5683404207229614,0.30655738711357117,0.5,0.38008129596710205,0.6131147742271423
Gender: Male,236,0.519284725189209,0.29870128631591797,0.5,0.3739837408065796,0.5974025726318359
Gender: Female,236,0.6225564479827881,0.31456953287124634,0.5,0.3861788511276245,0.6291390657424927
Age: <40,236,0.6915632486343384,0.3321917951107025,0.5,0.3991769552230835,0.6643835306167603
Age: 40-50,236,0.4280303120613098,0.2461538463830948,0.5,0.3298968970775604,0.4923076927661896
Age: 50-65,236,0.46886974573135376,0.3085106313228607,0.5,0.3815789520740509,0.6170212626457214
Race: White,236,0.6773618459701538,0.3493150770664215,0.5,0.41129031777381897,0.698630154132843
Race: Black,236,0.6333333253860474,0.2222222238779068,0.5,0.3076923191547394,0.4444444477558136
Race: Other,236,0.46343159675598145,0.2765151560306549,0.5,0.356097549200058,0.5530303120613098
Overall,237,0.5383024215698242,0.27666667103767395,0.5,0.3562231659889221,0.5533333420753479
Gender: Male,237,0.5639381408691406,0.25,0.5,0.3333333432674408,0.5
Gender: Female,237,0.5351055264472961,0.3055555522441864,0.5,0.37931033968925476,0.6111111044883728
Age: <40,237,0.5627949237823486,0.3104575276374817,0.5,0.38306450843811035,0.6209150552749634
Age: 40-50,237,0.505050539970398,0.239130437374115,0.5,0.3235294222831726,0.47826087474823
Age: 50-65,237,0.5157895088195801,0.24358974397182465,0.5,0.32758620381355286,0.4871794879436493
Race: White,237,0.634615421295166,0.27586206793785095,0.5,0.35555556416511536,0.5517241358757019
Race: Black,237,0.5833333730697632,0.27272728085517883,0.5,0.3529411852359772,0.5454545617103577
Race: Other,237,0.4289968013763428,0.27819550037384033,0.5,0.35748791694641113,0.5563910007476807
Overall,238,0.5572519302368164,0.28166666626930237,0.5,0.3603411614894867,0.5633333325386047
Gender: Male,238,0.5481003522872925,0.2767857015132904,0.5,0.3563218414783478,0.5535714626312256
Gender: Female,238,0.572838306427002,0.28787878155708313,0.5,0.36538460850715637,0.575757622718811
Age: <40,238,0.5896686315536499,0.29230770468711853,0.5,0.3689320385456085,0.5846154093742371
Age: 40-50,238,0.47343748807907104,0.2777777910232544,0.5,0.3571428656578064,0.5555555820465088
Age: 50-65,238,0.5765199661254883,0.27040815353393555,0.5,0.3509933650493622,0.5408163070678711
Race: White,238,0.6175670623779297,0.2862069010734558,0.5,0.36403509974479675,0.5724138021469116
Race: Black,238,0.5,0.27586206793785095,0.5,0.35555556416511536,0.5517241358757019
Race: Other,238,0.5114796161651611,0.2777777910232544,0.5,0.3571428656578064,0.5555555820465088
Overall,239,0.5120358467102051,0.3149999976158142,0.5,0.38650307059288025,0.6299999952316284
Gender: Male,239,0.5294884443283081,0.2924528419971466,0.5,0.369047611951828,0.5849056243896484
Gender: Female,239,0.5092592239379883,0.3404255211353302,0.5,0.40506330132484436,0.6808510422706604
Age: <40,239,0.570676326751709,0.341085284948349,0.5,0.4055299460887909,0.6821705102920532
Age: 40-50,239,0.472686767578125,0.2705882489681244,0.5,0.35114502906799316,0.5411764979362488
Age: 50-65,239,0.4715542495250702,0.31976744532585144,0.5,0.39007091522216797,0.6395348906517029
Race: White,239,0.5725489854812622,0.3057554066181183,0.5,0.3794642984867096,0.6115108132362366
Race: Black,239,0.5765305757522583,0.25,0.5,0.3333333432674408,0.5
Race: Other,239,0.4400516748428345,0.33834585547447205,0.5,0.4035874307155609,0.6766917705535889
Overall,240,0.5164136290550232,0.28911563754081726,0.5,0.3663793206214905,0.5782312750816345
Gender: Male,240,0.5263898372650146,0.31410256028175354,0.5,0.3858267664909363,0.6282051205635071
Gender: Female,240,0.505050539970398,0.260869562625885,0.5,0.34285715222358704,0.52173912525177
Age: <40,240,0.5754761695861816,0.31343284249305725,0.5,0.38532111048698425,0.6268656849861145
Age: 40-50,240,0.4842105507850647,0.2397260218858719,0.5,0.32407405972480774,0.4794520437717438
Age: 50-65,240,0.4694989323616028,0.2931034564971924,0.5,0.3695652186870575,0.5862069129943848
Race: White,240,0.5804407596588135,0.27272728085517883,0.5,0.3529411852359772,0.5454545021057129
Race: Black,240,0.7601809501647949,0.28333333134651184,0.5,0.3617021143436432,0.5666667222976685
Race: Other,240,0.41728243231773376,0.3041957914829254,0.5,0.37826088070869446,0.6083915829658508
Overall,241,0.486358642578125,0.2891986072063446,0.5,0.366445928812027,0.5783972144126892
Gender: Male,241,0.5125588178634644,0.30061349272727966,0.5,0.37547892332077026,0.6012269854545593
Gender: Female,241,0.44485294818878174,0.27419355511665344,0.5,0.3541666567325592,0.5483870506286621
Age: <40,241,0.5605453252792358,0.2986111044883728,0.5,0.373913049697876,0.5972222089767456
Age: 40-50,241,0.3935091495513916,0.2698412835597992,0.5,0.3505154550075531,0.5396825671195984
Age: 50-65,241,0.42391306161880493,0.2874999940395355,0.5,0.3650793731212616,0.574999988079071
Race: White,241,0.47402262687683105,0.3139534890651703,0.5,0.3857142925262451,0.6279069781303406
Race: Black,241,0.6349206566810608,0.36000001430511475,0.5,0.41860464215278625,0.7199999690055847
Race: Other,241,0.4864314794540405,0.2518796920776367,0.5,0.33500000834465027,0.5037593841552734
Overall,242,0.60248863697052,0.28333333134651184,0.5,0.3617021143436432,0.5666666626930237
Gender: Male,242,0.6576389074325562,0.2906976640224457,0.5,0.36764705181121826,0.5813953280448914
Gender: Female,242,0.5263546705245972,0.2734375,0.5,0.35353535413742065,0.546875
Age: <40,242,0.661270022392273,0.2928571403026581,0.5,0.36936935782432556,0.5857142806053162
Age: 40-50,242,0.42777779698371887,0.246478870511055,0.5,0.33018869161605835,0.49295774102211
Age: 50-65,242,0.6252620220184326,0.2977527976036072,0.5,0.3732394278049469,0.5955055952072144
Race: White,242,0.6710448265075684,0.26408451795578003,0.5,0.34562212228775024,0.5281689763069153
Race: Black,242,0.6666666269302368,0.20000000298023224,0.5,0.2857142984867096,0.4000000059604645
Race: Other,242,0.5215235948562622,0.31521740555763245,0.5,0.3866666555404663,0.6304348111152649
Overall,243,0.5374831557273865,0.29372936487197876,0.5,0.37006238102912903,0.5874587893486023
Gender: Male,243,0.5672505497932434,0.3042168617248535,0.5,0.37827715277671814,0.608433723449707
Gender: Female,243,0.5173159837722778,0.2810218930244446,0.5,0.3598130941390991,0.5620437860488892
Age: <40,243,0.6458812952041626,0.3037036955356598,0.5,0.37788018584251404,0.6074073910713196
Age: 40-50,243,0.42628204822540283,0.2531645596027374,0.5,0.3361344635486603,0.5063291192054749
Age: 50-65,243,0.47132033109664917,0.31460675597190857,0.5,0.38620689511299133,0.6292135119438171
Race: White,243,0.5659992694854736,0.29194632172584534,0.5,0.3686440587043762,0.5838926434516907
Race: Black,243,0.36000001430511475,0.375,0.5,0.4285714328289032,0.75
Race: Other,243,0.5435571670532227,0.28358209133148193,0.5,0.3619047701358795,0.5671641826629639
Overall,244,0.5834217071533203,0.29967427253723145,0.5,0.3747454285621643,0.5993484854698181
Gender: Male,244,0.6059362888336182,0.301075279712677,0.5,0.3758389353752136,0.602150559425354
Gender: Female,244,0.5498865842819214,0.2975206673145294,0.5,0.3730570077896118,0.5950412750244141
Age: <40,244,0.6224182844161987,0.298561155796051,0.5,0.37387385964393616,0.597122311592102
Age: 40-50,244,0.4866666793823242,0.31343284249305725,0.5,0.38532111048698425,0.6268656849861145
Age: 50-65,244,0.6077481508255005,0.29207921028137207,0.5,0.3687500059604645,0.5841584205627441
Race: White,244,0.625333309173584,0.2777777910232544,0.5,0.3571428656578064,0.555555522441864
Race: Black,244,0.42500001192092896,0.32608696818351746,0.5,0.3947368562221527,0.6521739363670349
Race: Other,244,0.573887825012207,0.3154362440109253,0.5,0.38683128356933594,0.6308724880218506
Overall,245,0.5126673579216003,0.30993151664733887,0.5,0.3826638460159302,0.6198630332946777
Gender: Male,245,0.5414141416549683,0.3103448152542114,0.5,0.38297873735427856,0.6206896305084229
Gender: Female,245,0.48273158073425293,0.3095238208770752,0.5,0.38235294818878174,0.6190475821495056
Age: <40,245,0.6038849353790283,0.31439393758773804,0.5,0.38604649901390076,0.6287878751754761
Age: 40-50,245,0.4806397557258606,0.260869562625885,0.5,0.34285715222358704,0.52173912525177
Age: 50-65,245,0.3909899890422821,0.34065935015678406,0.5,0.40522876381874084,0.6813187003135681
Race: White,245,0.5925205945968628,0.27519381046295166,0.5,0.35499998927116394,0.5503876209259033
Race: Black,245,0.5614035129547119,0.3799999952316284,0.5,0.4318181872367859,0.7599999904632568
Race: Other,245,0.43301379680633545,0.3297101557254791,0.5,0.39737990498542786,0.6594203114509583
Overall,246,0.5598888397216797,0.2861952781677246,0.5,0.36402568221092224,0.5723905563354492
Gender: Male,246,0.5482668876647949,0.30434781312942505,0.5,0.37837839126586914,0.6086956858634949
Gender: Female,246,0.5674912929534912,0.2647058963775635,0.5,0.3461538553237915,0.529411792755127
Age: <40,246,0.5682260990142822,0.27906978130340576,0.5,0.35820895433425903,0.5581395626068115
Age: 40-50,246,0.5174292325973511,0.2786885201931,0.5,0.35789474844932556,0.5573770403862
Age: 50-65,246,0.5770348906517029,0.29906541109085083,0.5,0.3742690086364746,0.5981308221817017
Race: White,246,0.6333732604980469,0.30344828963279724,0.5,0.3776824176311493,0.6068965196609497
Race: Black,246,0.5714285373687744,0.2916666567325592,0.5,0.3684210479259491,0.5833333730697632
Race: Other,246,0.5112744569778442,0.265625,0.5,0.3469387888908386,0.53125
Overall,247,0.5724971294403076,0.2936241626739502,0.5,0.3699788451194763,0.5872483253479004
Gender: Male,247,0.5673400163650513,0.3103448152542114,0.5,0.38297873735427856,0.6206896305084229
Gender: Female,247,0.5805184841156006,0.27016130089759827,0.5,0.35078534483909607,0.5403225421905518
Age: <40,247,0.6549865007400513,0.29615384340286255,0.5,0.3719806671142578,0.5923076868057251
Age: 40-50,247,0.5307189226150513,0.2848101258277893,0.5,0.3629032373428345,0.5696202516555786
Age: 50-65,247,0.49790358543395996,0.2977527976036072,0.5,0.3732394278049469,0.5955055952072144
Race: White,247,0.6137593984603882,0.27302631735801697,0.5,0.3531914949417114,0.5460526347160339
Race: Black,247,0.5128204822540283,0.2954545319080353,0.5,0.37142857909202576,0.5909091234207153
Race: Other,247,0.5395218133926392,0.31854838132858276,0.5,0.3891625702381134,0.6370967626571655
Overall,248,0.5013055801391602,0.3154362440109253,0.5,0.38683128356933594,0.6308724880218506
Gender: Male,248,0.53691166639328,0.29374998807907104,0.5,0.3700787425041199,0.5875000357627869
Gender: Female,248,0.4753384590148926,0.34057971835136414,0.5,0.4051724076271057,0.6811594367027283
Age: <40,248,0.5488095283508301,0.33870968222618103,0.5,0.4038461446762085,0.6774193048477173
Age: 40-50,248,0.40851062536239624,0.30519479513168335,0.5,0.3790322542190552,0.6103895902633667
Age: 50-65,248,0.5223684310913086,0.29381442070007324,0.5,0.37012988328933716,0.5876288414001465
Race: White,248,0.5002100467681885,0.3014184534549713,0.5,0.3761062026023865,0.6028368473052979
Race: Black,248,0.6390978097915649,0.36538460850715637,0.5,0.42222222685813904,0.7307692766189575
Race: Other,248,0.508865237236023,0.3206106722354889,0.5,0.3906976878643036,0.6412214040756226
Overall,249,0.5092592239379883,0.2711864411830902,0.5,0.35164836049079895,0.5423728823661804
Gender: Male,249,0.49671053886413574,0.26249998807907104,0.5,0.3442623019218445,0.5250000357627869
Gender: Female,249,0.5243086814880371,0.28148147463798523,0.5,0.3601895868778229,0.5629629492759705
Age: <40,249,0.5673686265945435,0.2607142925262451,0.5,0.34272301197052,0.5214285850524902
Age: 40-50,249,0.4476190209388733,0.25735294818878174,0.5,0.33980581164360046,0.5147058963775635
Age: 50-65,249,0.47472524642944336,0.29885056614875793,0.5,0.3741007149219513,0.5977011322975159
Race: White,249,0.5733816623687744,0.2666666805744171,0.5,0.3478260934352875,0.5333333611488342
Race: Black,249,0.4624059796333313,0.28787878155708313,0.5,0.36538460850715637,0.575757622718811
Race: Other,249,0.484115868806839,0.27112674713134766,0.5,0.35159817337989807,0.5422534942626953
Overall,250,0.5273891687393188,0.2866666615009308,0.5,0.3644067943096161,0.5733333230018616
Gender: Male,250,0.5560230612754822,0.28703704476356506,0.5,0.364705890417099,0.5740740895271301
Gender: Female,250,0.4945290684700012,0.2862318754196167,0.5,0.3640553057193756,0.5724637508392334
Age: <40,250,0.5549886226654053,0.2975206673145294,0.5,0.3730570077896118,0.5950412750244141
Age: 40-50,250,0.5995086431503296,0.23571428656578064,0.5,0.3203883469104767,0.4714285731315613
Age: 50-65,250,0.44314146041870117,0.30733945965766907,0.5,0.3806818127632141,0.6146788597106934
Race: White,250,0.5999589562416077,0.3041957914829254,0.5,0.37826088070869446,0.6083915829658508
Race: Black,250,0.35576921701431274,0.27586206793785095,0.5,0.35555556416511536,0.5517241358757019
Race: Other,250,0.4856300950050354,0.26953125,0.5,0.3502538204193115,0.5390625
Overall,251,0.5507910251617432,0.2956081032752991,0.5,0.37154990434646606,0.5912162065505981
Gender: Male,251,0.5973016023635864,0.28125,0.5,0.36000001430511475,0.5625
Gender: Female,251,0.5026528239250183,0.3125,0.5,0.38461539149284363,0.625
Age: <40,251,0.6029018759727478,0.32119205594062805,0.5,0.3911290466785431,0.6423841118812561
Age: 40-50,251,0.4167916178703308,0.2788461446762085,0.5,0.3580246865749359,0.5576923489570618
Age: 50-65,251,0.5589053630828857,0.2634408473968506,0.5,0.34507042169570923,0.5268816947937012
Race: White,251,0.5824176073074341,0.30708661675453186,0.5,0.3804877996444702,0.6141732335090637
Race: Black,251,0.6160714626312256,0.2666666805744171,0.5,0.3478260934352875,0.5333333611488342
Race: Other,251,0.5159642696380615,0.29136690497398376,0.5,0.36818182468414307,0.5827338099479675
Overall,252,0.5572240352630615,0.29139071702957153,0.5,0.3682008385658264,0.5827814340591431
Gender: Male,252,0.5801726579666138,0.28834354877471924,0.5,0.3657587468624115,0.5766870975494385
Gender: Female,252,0.538083016872406,0.2949640154838562,0.5,0.3710407316684723,0.5899280905723572
Age: <40,252,0.6483585834503174,0.30985915660858154,0.5,0.38260868191719055,0.6197183132171631
Age: 40-50,252,0.40086203813552856,0.23770491778850555,0.5,0.3222222328186035,0.4754098057746887
Age: 50-65,252,0.5245763063430786,0.29797980189323425,0.5,0.3734177350997925,0.5959596037864685
Race: White,252,0.7212693095207214,0.27731093764305115,0.5,0.3567567467689514,0.5546218752861023
Race: Black,252,0.38823530077934265,0.265625,0.5,0.3469387888908386,0.53125
Race: Other,252,0.46366333961486816,0.3079470098018646,0.5,0.3811475336551666,0.6158940196037292
Overall,253,0.5124222040176392,0.2963576018810272,0.5,0.37214136123657227,0.5927152037620544
Gender: Male,253,0.4951743483543396,0.2732919156551361,0.5,0.3534136414527893,0.546583890914917
Gender: Female,253,0.5369230508804321,0.3226950466632843,0.5,0.39224138855934143,0.6453900337219238
Age: <40,253,0.5411834716796875,0.28671327233314514,0.5,0.36444443464279175,0.5734265446662903
Age: 40-50,253,0.4370300769805908,0.28787878155708313,0.5,0.36538460850715637,0.575757622718811
Age: 50-65,253,0.5079760551452637,0.3172042965888977,0.5,0.3881579041481018,0.6344085931777954
Race: White,253,0.60947585105896,0.28169015049934387,0.5,0.36036035418510437,0.563380241394043
Race: Black,253,0.6944444179534912,0.40909090638160706,0.5,0.44999998807907104,0.8181818723678589
Race: Other,253,0.40372538566589355,0.29347825050354004,0.5,0.36986300349235535,0.5869565606117249
Overall,254,0.5275590419769287,0.2904290556907654,0.5,0.3674321472644806,0.5808581113815308
Gender: Male,254,0.5395622849464417,0.28947368264198303,0.5,0.36666667461395264,0.5789473652839661
Gender: Female,254,0.5152301788330078,0.2916666567325592,0.5,0.3684210479259491,0.5833333730697632
Age: <40,254,0.6091111302375793,0.3214285671710968,0.5,0.3913043439388275,0.6428571343421936
Age: 40-50,254,0.4193548560142517,0.23728813230991364,0.5,0.3218390941619873,0.47457626461982727
Age: 50-65,254,0.47188907861709595,0.2788461446762085,0.5,0.3580246865749359,0.5576923489570618
Race: White,254,0.5773019790649414,0.30536913871765137,0.5,0.3791666626930237,0.6107382774353027
Race: Black,254,0.5833333134651184,0.2857142984867096,0.5,0.3636363744735718,0.5714285969734192
Race: Other,254,0.465753436088562,0.2744360864162445,0.5,0.3543689250946045,0.548872172832489
Overall,255,0.5122208595275879,0.2976190447807312,0.5,0.3731343150138855,0.5952380895614624
Gender: Male,255,0.5168836116790771,0.3100000023841858,0.5,0.3827160596847534,0.6200000047683716
Gender: Female,255,0.5001966953277588,0.2847222089767456,0.5,0.36283186078071594,0.569444477558136
Age: <40,255,0.5784629583358765,0.3037036955356598,0.5,0.37788018584251404,0.6074073910713196
Age: 40-50,255,0.47751322388648987,0.2545454502105713,0.5,0.33734938502311707,0.5090909004211426
Age: 50-65,255,0.4429980218410492,0.3125,0.5,0.38461539149284363,0.625
Race: White,255,0.580794095993042,0.3125,0.5,0.38461539149284363,0.625
Race: Black,255,0.4941176474094391,0.31481480598449707,0.5,0.3863636255264282,0.6296296119689941
Race: Other,255,0.4572649598121643,0.27391305565834045,0.5,0.35393258929252625,0.5478260517120361
Overall,256,0.4827769994735718,0.2825396955013275,0.5,0.36105477809906006,0.565079391002655
Gender: Male,256,0.47662341594696045,0.3055555522441864,0.5,0.37931033968925476,0.6111111044883728
Gender: Female,256,0.4846356213092804,0.2518518567085266,0.5,0.33497536182403564,0.5037037134170532
Age: <40,256,0.5467185974121094,0.29194632172584534,0.5,0.3686440587043762,0.5838926434516907
Age: 40-50,256,0.4133126735687256,0.2361111044883728,0.5,0.3207547068595886,0.472222238779068
Age: 50-65,256,0.43812233209609985,0.30319148302078247,0.5,0.37748345732688904,0.6063829660415649
Race: White,256,0.6186647415161133,0.29230770468711853,0.5,0.3689320385456085,0.5846154093742371
Race: Black,256,0.35555556416511536,0.3076923191547394,0.5,0.380952388048172,0.6153846383094788
Race: Other,256,0.42364251613616943,0.267123281955719,0.5,0.3482142984867096,0.534246563911438
Overall,257,0.566746711730957,0.30128204822540283,0.5,0.37599998712539673,0.6025640964508057
Gender: Male,257,0.6237931251525879,0.3031249940395355,0.5,0.3774318993091583,0.606249988079071
Gender: Female,257,0.493244469165802,0.2993420958518982,0.5,0.374485582113266,0.5986841917037964
Age: <40,257,0.5955938696861267,0.30405405163764954,0.5,0.3781512677669525,0.6081081032752991
Age: 40-50,257,0.4909090995788574,0.27848100662231445,0.5,0.35772356390953064,0.5569620132446289
Age: 50-65,257,0.5782556533813477,0.3176470696926117,0.5,0.3884892165660858,0.6352941393852234
Race: White,257,0.6381834745407104,0.2804054021835327,0.5,0.35930734872817993,0.5608108043670654
Race: Black,257,0.5808823704719543,0.3400000035762787,0.5,0.4047619104385376,0.6800000071525574
Race: Other,257,0.48685383796691895,0.316546767950058,0.5,0.3876652121543884,0.633093535900116
Overall,258,0.5384435057640076,0.2696245610713959,0.5,0.3503325879573822,0.5392491221427917
Gender: Male,258,0.5914244651794434,0.2750000059604645,0.5,0.35483869910240173,0.550000011920929
Gender: Female,258,0.4969136118888855,0.2647058963775635,0.5,0.3461538553237915,0.529411792755127
Age: <40,258,0.5532853603363037,0.2765151560306549,0.5,0.356097549200058,0.5530303120613098
Age: 40-50,258,0.3931419253349304,0.26760563254356384,0.5,0.3486238420009613,0.5352112650871277
Age: 50-65,258,0.6274121999740601,0.2611111104488373,0.5,0.34306567907333374,0.5222222208976746
Race: White,258,0.645575761795044,0.2884615361690521,0.5,0.3658536672592163,0.5769230723381042
Race: Black,258,0.4901960790157318,0.265625,0.5,0.3469387888908386,0.53125
Race: Other,258,0.4433566629886627,0.25190839171409607,0.5,0.3350253701210022,0.5038167834281921
Overall,259,0.5597097873687744,0.28378379344940186,0.5,0.36206895112991333,0.5675675868988037
Gender: Male,259,0.5880672335624695,0.27419355511665344,0.5,0.3541666567325592,0.5483871102333069
Gender: Female,259,0.5330286622047424,0.2943262457847595,0.5,0.3705357015132904,0.588652491569519
Age: <40,259,0.5807691812515259,0.3046875,0.5,0.3786407709121704,0.609375
Age: 40-50,259,0.5462185144424438,0.22368420660495758,0.5,0.30909091234207153,0.44736841320991516
Age: 50-65,259,0.53125,0.30434781312942505,0.5,0.37837839126586914,0.6086956858634949
Race: White,259,0.6916347742080688,0.24380165338516235,0.5,0.32777777314186096,0.4876032769680023
Race: Black,259,0.5625,0.3076923191547394,0.5,0.380952388048172,0.6153846383094788
Race: Other,259,0.45890939235687256,0.3120805323123932,0.5,0.38429751992225647,0.6241610646247864
Overall,260,0.49783092737197876,0.306228369474411,0.5,0.3798283338546753,0.612456738948822
Gender: Male,260,0.522580623626709,0.30392158031463623,0.5,0.37804877758026123,0.6078431606292725
Gender: Female,260,0.47092491388320923,0.30882352590560913,0.5,0.38181817531585693,0.6176470518112183
Age: <40,260,0.49969080090522766,0.3235294222831726,0.5,0.3928571343421936,0.6470588445663452
Age: 40-50,260,0.4115789532661438,0.30158731341362,0.5,0.3762376308441162,0.60317462682724
Age: 50-65,260,0.5401433706283569,0.2897196114063263,0.5,0.3668639063835144,0.5794392228126526
Race: White,260,0.5884052515029907,0.29931971430778503,0.5,0.3744680881500244,0.5986394286155701
Race: Black,260,0.7222222089767456,0.3913043439388275,0.5,0.4390243887901306,0.782608687877655
Race: Other,260,0.39319247007369995,0.29831933975219727,0.5,0.37368419766426086,0.5966386795043945
Overall,261,0.5488837361335754,0.28956228494644165,0.5,0.3667377531528473,0.5791245698928833
Gender: Male,261,0.5682284832000732,0.2792207896709442,0.5,0.3583333194255829,0.5584415793418884
Gender: Female,261,0.5342717170715332,0.30069929361343384,0.5,0.375545859336853,0.6013985872268677
Age: <40,261,0.5771069526672363,0.29296875,0.5,0.3694581389427185,0.5859375
Age: 40-50,261,0.47678571939468384,0.23880596458911896,0.5,0.3232323229312897,0.4776119291782379
Age: 50-65,261,0.5754678249359131,0.3186274468898773,0.5,0.38922154903411865,0.6372549533843994
Race: White,261,0.6540447473526001,0.3319999873638153,0.5,0.3990384638309479,0.6640000343322754
Race: Black,261,0.4941176176071167,0.265625,0.5,0.3469387888908386,0.53125
Race: Other,261,0.46915847063064575,0.2571428716182709,0.5,0.3396226465702057,0.5142857432365417
Overall,262,0.558318018913269,0.2702702581882477,0.5,0.35087719559669495,0.5405405759811401
Gender: Male,262,0.5746707916259766,0.2434210479259491,0.5,0.32743361592292786,0.4868420958518982
Gender: Female,262,0.5457097291946411,0.2986111044883728,0.5,0.373913049697876,0.5972222089767456
Age: <40,262,0.6083743572235107,0.2734375,0.5,0.35353535413742065,0.546875
Age: 40-50,262,0.521848738193512,0.25362318754196167,0.5,0.3365384638309479,0.5072463750839233
Age: 50-65,262,0.5219007730484009,0.2777777910232544,0.5,0.3571428656578064,0.5555555820465088
Race: White,262,0.6506211757659912,0.2759999930858612,0.5,0.35567009449005127,0.5520000457763672
Race: Black,262,0.625,0.23076923191547394,0.5,0.31578946113586426,0.46153849363327026
Race: Other,262,0.49213653802871704,0.27241379022598267,0.5,0.3526785671710968,0.5448275804519653
Overall,263,0.5305567979812622,0.2982758581638336,0.5,0.37365010380744934,0.5965517163276672
Gender: Male,263,0.5438401699066162,0.3290322721004486,0.5,0.3968871533870697,0.6580644845962524
Gender: Female,263,0.5081425905227661,0.2629629671573639,0.5,0.3446601927280426,0.5259259343147278
Age: <40,263,0.5826315879821777,0.30158731341362,0.5,0.3762376308441162,0.60317462682724
Age: 40-50,263,0.397849440574646,0.2876712381839752,0.5,0.365217387676239,0.5753424763679504
Age: 50-65,263,0.5489898920059204,0.30219781398773193,0.5,0.3767123222351074,0.6043956279754639
Race: White,263,0.602280855178833,0.26538461446762085,0.5,0.3467336595058441,0.5307692289352417
Race: Black,263,0.699999988079071,0.3125,0.5,0.38461539149284363,0.625
Race: Other,263,0.44021275639533997,0.3263888955116272,0.5,0.3949579894542694,0.6527777910232544
Overall,264,0.57935631275177,0.2909699082374573,0.5,0.3678646981716156,0.5819398164749146
Gender: Male,264,0.6198697090148926,0.2835365831851959,0.5,0.3618676960468292,0.5670731663703918
Gender: Female,264,0.5411522388458252,0.30000001192092896,0.5,0.375,0.5999999642372131
Age: <40,264,0.7155797481536865,0.268456369638443,0.5,0.34934496879577637,0.536912739276886
Age: 40-50,264,0.42307692766189575,0.26363635063171387,0.5,0.3452380895614624,0.5272727012634277
Age: 50-65,264,0.45692306756973267,0.34210526943206787,0.5,0.40625,0.6842105388641357
Race: White,264,0.6561111211776733,0.3048780560493469,0.5,0.3787878751754761,0.6097560524940491
Race: Black,264,0.4541666507720947,0.25806450843811035,0.5,0.3404255211353302,0.5161290168762207
Race: Other,264,0.526233971118927,0.2862069010734558,0.5,0.36403509974479675,0.5724138021469116
Overall,265,0.5648740530014038,0.31655845046043396,0.5,0.387673944234848,0.6331169009208679
Gender: Male,265,0.5604410171508789,0.31179773807525635,0.5,0.3840830326080322,0.6235955357551575
Gender: Female,265,0.5714285373687744,0.32307693362236023,0.5,0.3925233781337738,0.6461538672447205
Age: <40,265,0.6272321343421936,0.3181818127632141,0.5,0.3888888955116272,0.6363636255264282
Age: 40-50,265,0.5665349364280701,0.29113924503326416,0.5,0.36800000071525574,0.5822784900665283
Age: 50-65,265,0.48461538553237915,0.3350515365600586,0.5,0.40123456716537476,0.6701030731201172
Race: White,265,0.6513863801956177,0.3115941882133484,0.5,0.3839285671710968,0.6231884360313416
Race: Black,265,0.5584415793418884,0.2800000011920929,0.5,0.3589743673801422,0.5600000023841858
Race: Other,265,0.4938947558403015,0.32758620381355286,0.5,0.3958333432674408,0.6551724076271057
Overall,266,0.572582483291626,0.2969798743724823,0.5,0.37263157963752747,0.5939597487449646
Gender: Male,266,0.523809552192688,0.30674847960472107,0.5,0.3802281320095062,0.6134968996047974
Gender: Female,266,0.6260635852813721,0.28518518805503845,0.5,0.36320754885673523,0.5703703761100769
Age: <40,266,0.5700521469116211,0.31972789764404297,0.5,0.3900415003299713,0.6394557952880859
Age: 40-50,266,0.5185185074806213,0.2822580635547638,0.5,0.36082473397254944,0.5645161271095276
Age: 50-65,266,0.6305893659591675,0.26966291666030884,0.5,0.35036495327949524,0.5393258333206177
Race: White,266,0.6469230651855469,0.29527559876441956,0.5,0.37128713726997375,0.5905511975288391
Race: Black,266,0.861842155456543,0.35185185074806213,0.5,0.41304346919059753,0.7037037014961243
Race: Other,266,0.49634605646133423,0.2881944477558136,0.5,0.36563876271247864,0.5763888955116272
Overall,267,0.509945273399353,0.2693602740764618,0.5,0.35010939836502075,0.5387205481529236
Gender: Male,267,0.5602338910102844,0.27108433842658997,0.5,0.3515625,0.5421686768531799
Gender: Female,267,0.43606555461883545,0.2671755850315094,0.5,0.34825870394706726,0.5343511700630188
Age: <40,267,0.5096656084060669,0.2661290466785431,0.5,0.34736841917037964,0.5322580337524414
Age: 40-50,267,0.40966010093688965,0.2621951103210449,0.5,0.3440000116825104,0.5243902206420898
Age: 50-65,267,0.6122548580169678,0.28021979331970215,0.5,0.35915493965148926,0.5604395866394043
Race: White,267,0.5347611904144287,0.2908496856689453,0.5,0.3677685856819153,0.5816993713378906
Race: Black,267,0.6224489808082581,0.3333333432674408,0.5,0.4000000059604645,0.6666666865348816
Race: Other,267,0.492557168006897,0.23170731961727142,0.5,0.3166666626930237,0.46341460943222046
Overall,268,0.5290865898132324,0.2947019934654236,0.5,0.3708333373069763,0.5894039869308472
Gender: Male,268,0.508769154548645,0.3024691343307495,0.5,0.3769230842590332,0.604938268661499
Gender: Female,268,0.5520833730697632,0.2857142984867096,0.5,0.3636363744735718,0.5714285969734192
Age: <40,268,0.5428506135940552,0.30514705181121826,0.5,0.37899544835090637,0.6102941036224365
Age: 40-50,268,0.5133005380630493,0.2265625,0.5,0.31182795763015747,0.453125
Age: 50-65,268,0.5416666269302368,0.3235294222831726,0.5,0.3928571343421936,0.6470588445663452
Race: White,268,0.6387249231338501,0.2916666567325592,0.5,0.3684210479259491,0.5833333730697632
Race: Black,268,0.5185185670852661,0.3636363744735718,0.5,0.42105263471603394,0.7272727489471436
Race: Other,268,0.4398268461227417,0.2810218930244446,0.5,0.3598130941390991,0.5620437860488892
Overall,269,0.5663468837738037,0.31333333253860474,0.5,0.3852458894252777,0.6266666650772095
Gender: Male,269,0.5761556625366211,0.3050314486026764,0.5,0.37890625,0.6100628972053528
Gender: Female,269,0.5648351907730103,0.3226950466632843,0.5,0.39224138855934143,0.6453900337219238
Age: <40,269,0.6288402080535889,0.3120805323123932,0.5,0.38429751992225647,0.6241610646247864
Age: 40-50,269,0.44750794768333435,0.3203125,0.5,0.39047619700431824,0.640625
Age: 50-65,269,0.5381593704223633,0.3103448152542114,0.5,0.38297873735427856,0.6206896305084229
Race: White,269,0.5648926496505737,0.31111112236976624,0.5,0.3835616409778595,0.6222221851348877
Race: Black,269,0.4833333492279053,0.2777777910232544,0.5,0.3571428656578064,0.5555555820465088
Race: Other,269,0.569594144821167,0.3224637806415558,0.5,0.392070472240448,0.6449275612831116
Overall,270,0.5654563903808594,0.2943143844604492,0.5,0.3705263137817383,0.5886287689208984
Gender: Male,270,0.5282966494560242,0.2877906858921051,0.5,0.36531364917755127,0.5755813717842102
Gender: Female,270,0.6228571534156799,0.30314961075782776,0.5,0.37745097279548645,0.6062992215156555
Age: <40,270,0.6234013438224792,0.30241936445236206,0.5,0.37688443064689636,0.6048386693000793
Age: 40-50,270,0.486868679523468,0.261904776096344,0.5,0.34375,0.523809552192688
Age: 50-65,270,0.5487967729568481,0.3035714328289032,0.5,0.3777777850627899,0.6071428656578064
Race: White,270,0.6613609790802002,0.3125,0.5,0.38461539149284363,0.625
Race: Black,270,0.6239316463470459,0.20454545319080353,0.5,0.29032257199287415,0.40909093618392944
Race: Other,270,0.477056622505188,0.29078012704849243,0.5,0.36771300435066223,0.5815602540969849
Overall,271,0.5476031303405762,0.29830509424209595,0.5,0.3736730217933655,0.5966101884841919
Gender: Male,271,0.5242003202438354,0.30985915660858154,0.5,0.38260868191719055,0.6197183132171631
Gender: Female,271,0.567132830619812,0.2875817120075226,0.5,0.3651452362537384,0.5751634240150452
Age: <40,271,0.5973351001739502,0.3014705777168274,0.5,0.3761467933654785,0.6029411554336548
Age: 40-50,271,0.42393821477890015,0.2430555522441864,0.5,0.32710281014442444,0.4861111044883728
Age: 50-65,271,0.5792977809906006,0.33908045291900635,0.5,0.4041095972061157,0.6781609058380127
Race: White,271,0.6536251306533813,0.2867647111415863,0.5,0.3644859790802002,0.5735294222831726
Race: Black,271,0.32323235273361206,0.35483869910240173,0.5,0.4150943458080292,0.7096773982048035
Race: Other,271,0.482540488243103,0.296875,0.5,0.37254902720451355,0.59375
Overall,272,0.4973175525665283,0.2989864945411682,0.5,0.37420719861984253,0.5979729890823364
Gender: Male,272,0.5019749402999878,0.3062500059604645,0.5,0.3798449635505676,0.612500011920929
Gender: Female,272,0.49145013093948364,0.2904411852359772,0.5,0.367441862821579,0.5808823704719543
Age: <40,272,0.5184911489486694,0.30000001192092896,0.5,0.375,0.6000000238418579
Age: 40-50,272,0.5026315450668335,0.27941176295280457,0.5,0.35849055647850037,0.5588235259056091
Age: 50-65,272,0.4740806221961975,0.31122449040412903,0.5,0.3836477994918823,0.6224489808082581
Race: White,272,0.5180648565292358,0.30281689763069153,0.5,0.37719297409057617,0.6056337952613831
Race: Black,272,0.6000000238418579,0.3333333432674408,0.5,0.4000000059604645,0.6666666865348816
Race: Other,272,0.4810557961463928,0.29136690497398376,0.5,0.36818182468414307,0.5827338099479675
Overall,273,0.5134671926498413,0.27147766947746277,0.5,0.3518930971622467,0.5429553389549255
Gender: Male,273,0.5035250186920166,0.261904776096344,0.5,0.34375,0.5238094925880432
Gender: Female,273,0.5339995622634888,0.28125,0.5,0.36000001430511475,0.5625
Age: <40,273,0.5674019455909729,0.2931034564971924,0.5,0.3695652186870575,0.5862069129943848
Age: 40-50,273,0.48719513416290283,0.2530864179134369,0.5,0.3360655605792999,0.5061728358268738
Age: 50-65,273,0.5006803274154663,0.2606382966041565,0.5,0.3426573574542999,0.521276593208313
Race: White,273,0.5339435338973999,0.2738095223903656,0.5,0.35384616255760193,0.547619104385376
Race: Black,273,0.6428571343421936,0.24137930572032928,0.5,0.3255814015865326,0.48275861144065857
Race: Other,273,0.48524588346481323,0.2757352888584137,0.5,0.35545024275779724,0.5514705777168274
Overall,274,0.5294985771179199,0.2753378450870514,0.5,0.35511982440948486,0.5506756901741028
Gender: Male,274,0.5446721315383911,0.283687949180603,0.5,0.36199095845222473,0.567375898361206
Gender: Female,274,0.515729546546936,0.26774194836616516,0.5,0.34873950481414795,0.5354838371276855
Age: <40,274,0.5704315900802612,0.289682537317276,0.5,0.3668341636657715,0.5793651342391968
Age: 40-50,274,0.5067476034164429,0.2467532455921173,0.5,0.33043476939201355,0.4935064911842346
Age: 50-65,274,0.4826453924179077,0.2795698940753937,0.5,0.35862070322036743,0.5591397881507874
Race: White,274,0.6110283136367798,0.27898550033569336,0.5,0.3581395447254181,0.5579710006713867
Race: Black,274,0.6647058725357056,0.31481480598449707,0.5,0.3863636255264282,0.6296296119689941
Race: Other,274,0.4541842043399811,0.2633587718009949,0.5,0.3449999988079071,0.5267175436019897
Overall,275,0.4744112193584442,0.268456369638443,0.5,0.34934496879577637,0.536912739276886
Gender: Male,275,0.5130199193954468,0.2651006579399109,0.5,0.3464912176132202,0.5302013158798218
Gender: Female,275,0.4359114170074463,0.2718120813369751,0.5,0.35217392444610596,0.5436241626739502
Age: <40,275,0.5545762777328491,0.2798507511615753,0.5,0.35885167121887207,0.5597015023231506
Age: 40-50,275,0.4318181872367859,0.25882354378700256,0.5,0.341085284948349,0.5176470875740051
Age: 50-65,275,0.3664955198764801,0.2594936788082123,0.5,0.34166666865348816,0.5189873576164246
Race: White,275,0.5644444227218628,0.2395833283662796,0.5,0.3239436745643616,0.4791666567325592
Race: Black,275,0.5285714864730835,0.37037035822868347,0.5,0.42553192377090454,0.7407407760620117
Race: Other,275,0.37424546480178833,0.27952754497528076,0.5,0.3585858643054962,0.5590550899505615
Overall,276,0.48727118968963623,0.3087248206138611,0.5,0.3817427456378937,0.6174496412277222
Gender: Male,276,0.5041571855545044,0.3125,0.5,0.38461539149284363,0.625
Gender: Female,276,0.462149441242218,0.303846150636673,0.5,0.3779904246330261,0.607692301273346
Age: <40,276,0.5339193344116211,0.31521740555763245,0.5,0.3866666555404663,0.6304348111152649
Age: 40-50,276,0.39232781529426575,0.2720588147640228,0.5,0.3523809611797333,0.5441176295280457
Age: 50-65,276,0.4833333492279053,0.32608696818351746,0.5,0.3947368562221527,0.6521739363670349
Race: White,276,0.5934385061264038,0.30281689763069153,0.5,0.37719297409057617,0.6056337952613831
Race: Black,276,0.680272102355957,0.375,0.5,0.4285714328289032,0.7500000596046448
Race: Other,276,0.38604530692100525,0.30078125,0.5,0.37560975551605225,0.6015625
Overall,277,0.5498178005218506,0.29801324009895325,0.5,0.37344399094581604,0.5960264801979065
Gender: Male,277,0.43745875358581543,0.31366458535194397,0.5,0.3854961693286896,0.6273292303085327
Gender: Female,277,0.6641486883163452,0.28014183044433594,0.5,0.3590908944606781,0.5602836608886719
Age: <40,277,0.582459032535553,0.3105590045452118,0.5,0.38314175605773926,0.6211180090904236
Age: 40-50,277,0.4251151978969574,0.26271185278892517,0.5,0.3444444537162781,0.5254237055778503
Age: 50-65,277,0.5949288606643677,0.29878050088882446,0.5,0.37404578924179077,0.5975609421730042
Race: White,277,0.5607364773750305,0.308270663022995,0.5,0.3813953399658203,0.6165413856506348
Race: Black,277,0.5734265446662903,0.2708333432674408,0.5,0.3513513505458832,0.5416666865348816
Race: Other,277,0.5437254905700684,0.2931034564971924,0.5,0.3695652186870575,0.5862069129943848
Overall,278,0.49606555700302124,0.2946127951145172,0.5,0.3707627058029175,0.5892255902290344
Gender: Male,278,0.461247980594635,0.27666667103767395,0.5,0.3562231659889221,0.5533333420753479
Gender: Female,278,0.5403162240982056,0.31292515993118286,0.5,0.38493722677230835,0.6258503198623657
Age: <40,278,0.5407407283782959,0.3255814015865326,0.5,0.39436620473861694,0.6511628031730652
Age: 40-50,278,0.4131944477558136,0.2647058963775635,0.5,0.3461538553237915,0.529411792755127
Age: 50-65,278,0.49898990988731384,0.2750000059604645,0.5,0.35483869910240173,0.550000011920929
Race: White,278,0.49562937021255493,0.3142857253551483,0.5,0.38596490025520325,0.6285714507102966
Race: Black,278,0.5470588207244873,0.31481480598449707,0.5,0.3863636255264282,0.6296296119689941
Race: Other,278,0.503333330154419,0.26923078298568726,0.5,0.3499999940395355,0.5384615659713745
Overall,279,0.4816761314868927,0.2815699577331543,0.5,0.360262006521225,0.5631399154663086
Gender: Male,279,0.43995141983032227,0.2810457646846771,0.5,0.35983264446258545,0.5620915293693542
Gender: Female,279,0.529155433177948,0.28214284777641296,0.5,0.3607305884361267,0.5642856955528259
Age: <40,279,0.5984138250350952,0.2807692289352417,0.5,0.35960590839385986,0.5615384578704834
Age: 40-50,279,0.3236607313156128,0.28378379344940186,0.5,0.36206895112991333,0.5675675868988037
Age: 50-65,279,0.44871795177459717,0.2808988690376282,0.5,0.35971224308013916,0.5617977380752563
Race: White,279,0.5788801312446594,0.27898550033569336,0.5,0.3581395447254181,0.5579710006713867
Race: Black,279,0.3333333432674408,0.3499999940395355,0.5,0.4117647111415863,0.699999988079071
Race: Other,279,0.4182543158531189,0.27407407760620117,0.5,0.35406699776649475,0.5481481552124023
Overall,280,0.5694558620452881,0.26767677068710327,0.5,0.3486842215061188,0.5353535413742065
Gender: Male,280,0.5537537336349487,0.27439025044441223,0.5,0.35433071851730347,0.5487804412841797
Gender: Female,280,0.5828803777694702,0.259398490190506,0.5,0.34158414602279663,0.518796980381012
Age: <40,280,0.5672833919525146,0.2743055522441864,0.5,0.35426008701324463,0.5486111044883728
Age: 40-50,280,0.604285717010498,0.2666666805744171,0.5,0.3478260934352875,0.5333333611488342
Age: 50-65,280,0.557894766330719,0.25641027092933655,0.5,0.33898305892944336,0.5128205418586731
Race: White,280,0.6272058486938477,0.2702702581882477,0.5,0.35087719559669495,0.5405405759811401
Race: Black,280,0.634615421295166,0.190476194024086,0.5,0.27586206793785095,0.380952388048172
Race: Other,280,0.502841591835022,0.27734375,0.5,0.356783926486969,0.5546875
Overall,281,0.577046275138855,0.28762543201446533,0.5,0.36518046259880066,0.5752508044242859
Gender: Male,281,0.6213592290878296,0.29597702622413635,0.5,0.371841162443161,0.5919539928436279
Gender: Female,281,0.512163519859314,0.2759999930858612,0.5,0.35567009449005127,0.5520000457763672
Age: <40,281,0.6154422760009766,0.30666667222976685,0.5,0.3801652789115906,0.6133333444595337
Age: 40-50,281,0.5542929172515869,0.3103448152542114,0.5,0.38297873735427856,0.6206896305084229
Age: 50-65,281,0.5130560398101807,0.24175824224948883,0.5,0.32592591643333435,0.48351648449897766
Race: White,281,0.6333333253860474,0.27272728085517883,0.5,0.3529411852359772,0.5454545617103577
Race: Black,281,0.6714285612106323,0.24137930572032928,0.5,0.3255814015865326,0.48275861144065857
Race: Other,281,0.4953041076660156,0.3115941882133484,0.5,0.3839285671710968,0.6231884360313416
Overall,282,0.5588235259056091,0.28911563754081726,0.5,0.3663793206214905,0.5782312750816345
Gender: Male,282,0.5622400045394897,0.3035714328289032,0.5,0.3777777850627899,0.6071428656578064
Gender: Female,282,0.5583164095878601,0.2698412835597992,0.5,0.3505154550075531,0.5396825671195984
Age: <40,282,0.6511036157608032,0.2753623127937317,0.5,0.35514017939567566,0.5507246255874634
Age: 40-50,282,0.4898132383823395,0.2753623127937317,0.5,0.35514017939567566,0.5507246255874634
Age: 50-65,282,0.4861751198768616,0.3218390941619873,0.5,0.3916083872318268,0.6436781883239746
Race: White,282,0.5891674757003784,0.28431373834609985,0.5,0.36250001192092896,0.5686274766921997
Race: Black,282,0.5714285373687744,0.31578946113586426,0.5,0.3870967626571655,0.6315789222717285
Race: Other,282,0.5365921258926392,0.2909836173057556,0.5,0.3678756356239319,0.5819671750068665
Overall,283,0.5342046618461609,0.29194632172584534,0.5,0.3686440587043762,0.5838926434516907
Gender: Male,283,0.5482327938079834,0.299435019493103,0.5,0.37455829977989197,0.598870038986206
Gender: Female,283,0.5152608156204224,0.28099173307418823,0.5,0.35978835821151733,0.5619834661483765
Age: <40,283,0.6840767860412598,0.3130081295967102,0.5,0.38499999046325684,0.6260162591934204
Age: 40-50,283,0.4237726032733917,0.2721518874168396,0.5,0.35245901346206665,0.544303834438324
Age: 50-65,283,0.4611992835998535,0.28125,0.5,0.36000001430511475,0.5625
Race: White,283,0.6269205808639526,0.276729553937912,0.5,0.3562752902507782,0.553459107875824
Race: Black,283,0.40625,0.3333333432674408,0.5,0.4000000059604645,0.6666666865348816
Race: Other,283,0.4266666769981384,0.30434781312942505,0.5,0.37837839126586914,0.6086956262588501
Overall,284,0.5760163068771362,0.30427631735801697,0.5,0.37832310795783997,0.6085526347160339
Gender: Male,284,0.5930898785591125,0.31612902879714966,0.5,0.38735178112983704,0.6322580575942993
Gender: Female,284,0.556544303894043,0.29194632172584534,0.5,0.3686440587043762,0.5838926434516907
Age: <40,284,0.6936758756637573,0.31292515993118286,0.5,0.38493722677230835,0.6258503198623657
Age: 40-50,284,0.327009916305542,0.3014705777168274,0.5,0.3761467933654785,0.6029411554336548
Age: 50-65,284,0.5608108043670654,0.2921348214149475,0.5,0.368794322013855,0.584269642829895
Race: White,284,0.6197339296340942,0.29927006363868713,0.5,0.37442922592163086,0.5985401272773743
Race: Black,284,0.5294117331504822,0.3541666567325592,0.5,0.4146341383457184,0.7083333730697632
Race: Other,284,0.5452876091003418,0.30069929361343384,0.5,0.375545859336853,0.6013985872268677
Overall,285,0.5306838750839233,0.27213114500045776,0.5,0.35244160890579224,0.5442622900009155
Gender: Male,285,0.5209428071975708,0.2844827473163605,0.5,0.36263737082481384,0.568965494632721
Gender: Female,285,0.5445429086685181,0.2557252049446106,0.5,0.33838382363319397,0.5114504098892212
Age: <40,285,0.6549394130706787,0.280303031206131,0.5,0.35922330617904663,0.560606062412262
Age: 40-50,285,0.44691532850265503,0.273333340883255,0.5,0.3534482717514038,0.54666668176651
Age: 50-65,285,0.43596160411834717,0.2602040767669678,0.5,0.34228187799453735,0.5204081535339355
Race: White,285,0.5620914697647095,0.2571428716182709,0.5,0.3396226465702057,0.5142857432365417
Race: Black,285,0.5499999523162842,0.27272728085517883,0.5,0.3529411852359772,0.5454545617103577
Race: Other,285,0.5025990009307861,0.28671327233314514,0.5,0.36444443464279175,0.5734265446662903
Overall,286,0.5243680477142334,0.29901960492134094,0.5,0.3742331266403198,0.5980392098426819
Gender: Male,286,0.6094253063201904,0.2816092073917389,0.5,0.3602941036224365,0.5632184147834778
Gender: Female,286,0.4185231328010559,0.3219696879386902,0.5,0.39170506596565247,0.6439394354820251
Age: <40,286,0.5634198784828186,0.30215826630592346,0.5,0.3766816258430481,0.6043165326118469
Age: 40-50,286,0.4158729910850525,0.246478870511055,0.5,0.33018869161605835,0.49295774102211
Age: 50-65,286,0.552734375,0.3333333432674408,0.5,0.4000000059604645,0.6666666865348816
Race: White,286,0.5579768419265747,0.28671327233314514,0.5,0.36444443464279175,0.5734265446662903
Race: Black,286,0.579365074634552,0.3888888955116272,0.5,0.4375,0.7777777910232544
Race: Other,286,0.4906250238418579,0.29411765933036804,0.5,0.37037035822868347,0.5882353186607361
Overall,287,0.509591817855835,0.3048780560493469,0.5,0.3787878751754761,0.6097561120986938
Gender: Male,287,0.5429078340530396,0.30519479513168335,0.5,0.3790322542190552,0.6103895902633667
Gender: Female,287,0.4710351228713989,0.30451127886772156,0.5,0.3785046637058258,0.6090225577354431
Age: <40,287,0.5469961166381836,0.3208955228328705,0.5,0.3909091055393219,0.641791045665741
Age: 40-50,287,0.477011501789093,0.2769230902194977,0.5,0.3564356565475464,0.5538461804389954
Age: 50-65,287,0.4652290940284729,0.3011363744735718,0.5,0.3758865296840668,0.6022727489471436
Race: White,287,0.5529221296310425,0.3070175349712372,0.5,0.3804347813129425,0.6140350699424744
Race: Black,287,0.4017857313156128,0.3478260934352875,0.5,0.41025641560554504,0.695652186870575
Race: Other,287,0.506723165512085,0.2966666519641876,0.5,0.3723849356174469,0.59333336353302
Overall,288,0.49022164940834045,0.30102041363716125,0.5,0.3757961690425873,0.6020408272743225
Gender: Male,288,0.5270025730133057,0.2947019934654236,0.5,0.3708333373069763,0.5894039869308472
Gender: Female,288,0.4520661234855652,0.3076923191547394,0.5,0.380952388048172,0.615384578704834
Age: <40,288,0.5462732911109924,0.3017241358757019,0.5,0.37634408473968506,0.6034482717514038
Age: 40-50,288,0.34833335876464844,0.2857142984867096,0.5,0.3636363744735718,0.5714285969734192
Age: 50-65,288,0.5322169065475464,0.31018519401550293,0.5,0.38285714387893677,0.6203703880310059
Race: White,288,0.5991512537002563,0.27931034564971924,0.5,0.35840708017349243,0.5586206912994385
Race: Black,288,0.5104166269302368,0.30000001192092896,0.5,0.375,0.6000000238418579
Race: Other,288,0.36560848355293274,0.3255814015865326,0.5,0.39436620473861694,0.6511628031730652
Overall,289,0.5546275973320007,0.2785235047340393,0.5,0.35775861144065857,0.5570470094680786
Gender: Male,289,0.6160824298858643,0.28197672963142395,0.5,0.36059480905532837,0.5639534592628479
Gender: Female,289,0.4599542021751404,0.2738095223903656,0.5,0.35384616255760193,0.547619104385376
Age: <40,289,0.6200321912765503,0.30399999022483826,0.5,0.3781094551086426,0.6080000400543213
Age: 40-50,289,0.5486842393875122,0.25641027092933655,0.5,0.33898305892944336,0.5128205418586731
Age: 50-65,289,0.5,0.2631579041481018,0.5,0.3448275923728943,0.5263158082962036
Race: White,289,0.6740952730178833,0.2607142925262451,0.5,0.34272301197052,0.5214285850524902
Race: Black,289,0.46666666865348816,0.2857142984867096,0.5,0.3636363744735718,0.5714285969734192
Race: Other,289,0.4399999976158142,0.29674795269966125,0.5,0.37244898080825806,0.5934959053993225
Overall,290,0.5676871538162231,0.2944079041481018,0.5,0.3706004023551941,0.5888158082962036
Gender: Male,290,0.544369101524353,0.3117647171020508,0.5,0.3840579688549042,0.6235294342041016
Gender: Female,290,0.5809566378593445,0.2723880708217621,0.5,0.3526569902896881,0.5447760820388794
Age: <40,290,0.6195335388183594,0.31578946113586426,0.5,0.3870967626571655,0.6315789818763733
Age: 40-50,290,0.4244482219219208,0.2246376872062683,0.5,0.3100000023841858,0.4492753744125366
Age: 50-65,290,0.5740131735801697,0.3137255012989044,0.5,0.3855421543121338,0.6274510025978088
Race: White,290,0.7098205089569092,0.3020833432674408,0.5,0.37662336230278015,0.6041666865348816
Race: Black,290,0.48051947355270386,0.2800000011920929,0.5,0.3589743673801422,0.5600000023841858
Race: Other,290,0.4509671926498413,0.2888889014720917,0.5,0.3661971688270569,0.5777777433395386
Overall,291,0.5546673536300659,0.3009868562221527,0.5,0.37577003240585327,0.6019737124443054
Gender: Male,291,0.5541391968727112,0.30882352590560913,0.5,0.38181817531585693,0.6176470518112183
Gender: Female,291,0.557921290397644,0.29104477167129517,0.5,0.3679245412349701,0.5820895433425903
Age: <40,291,0.648737370967865,0.3308270573616028,0.5,0.39819005131721497,0.6616541743278503
Age: 40-50,291,0.3857142925262451,0.23333333432674408,0.5,0.3181818127632141,0.46666666865348816
Age: 50-65,291,0.5712963342666626,0.3125,0.5,0.38461539149284363,0.625
Race: White,291,0.6382811069488525,0.3047945201396942,0.5,0.3787234127521515,0.6095890402793884
Race: Black,291,0.5375000238418579,0.2777777910232544,0.5,0.3571428656578064,0.5555555820465088
Race: Other,291,0.4678996801376343,0.30000001192092896,0.5,0.375,0.6000000238418579
Overall,292,0.5710586905479431,0.27241379022598267,0.5,0.3526785671710968,0.5448275804519653
Gender: Male,292,0.5782902240753174,0.27710843086242676,0.5,0.356589138507843,0.5542168617248535
Gender: Female,292,0.5579937696456909,0.2661290466785431,0.5,0.34736841917037964,0.5322580337524414
Age: <40,292,0.5691810846328735,0.26241135597229004,0.5,0.34418603777885437,0.5248226523399353
Age: 40-50,292,0.47567567229270935,0.2983871102333069,0.5,0.3737373650074005,0.596774160861969
Age: 50-65,292,0.6191489696502686,0.270114928483963,0.5,0.3507462739944458,0.540229856967926
Race: White,292,0.6408742666244507,0.2757352888584137,0.5,0.35545024275779724,0.5514705777168274
Race: Black,292,0.6715686321258545,0.2068965584039688,0.5,0.2926829159259796,0.41379308700561523
Race: Other,292,0.48148149251937866,0.2840000092983246,0.5,0.3622449040412903,0.5680000185966492
Overall,293,0.5559582114219666,0.2936241626739502,0.5,0.3699788451194763,0.5872483253479004
Gender: Male,293,0.6043956279754639,0.30882352590560913,0.5,0.38181817531585693,0.6176470518112183
Gender: Female,293,0.4793103337287903,0.2734375,0.5,0.35353535413742065,0.546875
Age: <40,293,0.5385533571243286,0.2730769217014313,0.5,0.35323384404182434,0.5461538434028625
Age: 40-50,293,0.54975426197052,0.2716049253940582,0.5,0.35199999809265137,0.5432099103927612
Age: 50-65,293,0.5481481552124023,0.3448275923728943,0.5,0.40816327929496765,0.6896551847457886
Race: White,293,0.6916666626930237,0.27397260069847107,0.5,0.3539822995662689,0.5479452013969421
Race: Black,293,0.4692307710647583,0.28260868787765503,0.5,0.3611111044883728,0.5652173757553101
Race: Other,293,0.4128178656101227,0.3178294599056244,0.5,0.3886255919933319,0.6356589198112488
Overall,294,0.5109623074531555,0.2840135991573334,0.5,0.3622559607028961,0.5680271983146667
Gender: Male,294,0.5209076404571533,0.2708333432674408,0.5,0.3513513505458832,0.5416666865348816
Gender: Female,294,0.5034210681915283,0.30158731341362,0.5,0.3762376308441162,0.60317462682724
Age: <40,294,0.5409454703330994,0.30859375,0.5,0.38164252042770386,0.6171875
Age: 40-50,294,0.44333332777023315,0.2857142984867096,0.5,0.3636363744735718,0.5714285969734192
Age: 50-65,294,0.5030381679534912,0.25,0.5,0.3333333432674408,0.5
Race: White,294,0.5431446433067322,0.29296875,0.5,0.3694581389427185,0.5859375
Race: Black,294,0.4749999940395355,0.22727273404598236,0.5,0.3125,0.4545454680919647
Race: Other,294,0.48819828033447266,0.2847222089767456,0.5,0.36283186078071594,0.569444477558136
Overall,295,0.5033828020095825,0.2804054021835327,0.5,0.35930734872817993,0.5608108043670654
Gender: Male,295,0.4700510501861572,0.2808642089366913,0.5,0.3596837818622589,0.5617284178733826
Gender: Female,295,0.5459886789321899,0.2798507511615753,0.5,0.35885167121887207,0.5597015023231506
Age: <40,295,0.5752608180046082,0.27898550033569336,0.5,0.3581395447254181,0.5579710006713867
Age: 40-50,295,0.3766937851905823,0.26623377203941345,0.5,0.347457617521286,0.5324675440788269
Age: 50-65,295,0.5119949579238892,0.29629629850387573,0.5,0.3720930218696594,0.5925925970077515
Race: White,295,0.567258358001709,0.27272728085517883,0.5,0.3529411852359772,0.5454545617103577
Race: Black,295,0.43529409170150757,0.31481480598449707,0.5,0.3863636255264282,0.6296296119689941
Race: Other,295,0.44916772842407227,0.2817460298538208,0.5,0.3604061007499695,0.5634921193122864
Overall,296,0.564900815486908,0.27138158679008484,0.5,0.35181236267089844,0.5427631735801697
Gender: Male,296,0.5868420600891113,0.284431129693985,0.5,0.36259540915489197,0.5688623189926147
Gender: Female,296,0.5324093699455261,0.2554744482040405,0.5,0.33816424012184143,0.510948896408081
Age: <40,296,0.6777777671813965,0.28260868787765503,0.5,0.3611111044883728,0.5652173757553101
Age: 40-50,296,0.3815789520740509,0.27142858505249023,0.5,0.35185185074806213,0.5428571701049805
Age: 50-65,296,0.5249674320220947,0.2552083432674408,0.5,0.3379310369491577,0.5104166865348816
Race: White,296,0.5806217193603516,0.22480620443820953,0.5,0.31016042828559875,0.44961240887641907
Race: Black,296,0.34666669368743896,0.3378378450870514,0.5,0.4032258093357086,0.6756756901741028
Race: Other,296,0.5762195587158203,0.2971014380455017,0.5,0.37272727489471436,0.5942029356956482
Overall,297,0.5680139064788818,0.30102041363716125,0.5,0.3757961690425873,0.6020408272743225
Gender: Male,297,0.5255159139633179,0.2789115607738495,0.5,0.35807859897613525,0.557823121547699
Gender: Female,297,0.6281377077102661,0.323129266500473,0.5,0.39256197214126587,0.6462584733963013
Age: <40,297,0.6073718070983887,0.30882352590560913,0.5,0.38181817531585693,0.6176470518112183
Age: 40-50,297,0.6104761958122253,0.31343284249305725,0.5,0.38532111048698425,0.6268656849861145
Age: 50-65,297,0.4990196228027344,0.28021979331970215,0.5,0.35915493965148926,0.5604395866394043
Race: White,297,0.6047358512878418,0.2852112650871277,0.5,0.3632287085056305,0.5704225301742554
Race: Black,297,0.5902777910232544,0.3461538553237915,0.5,0.40909090638160706,0.692307710647583
Race: Other,297,0.5379273891448975,0.3095238208770752,0.5,0.38235294818878174,0.6190476417541504
Overall,298,0.5586610436439514,0.29865771532058716,0.5,0.3739495873451233,0.5973154306411743
Gender: Male,298,0.5843327045440674,0.3154362440109253,0.5,0.38683128356933594,0.6308724880218506
Gender: Female,298,0.537912130355835,0.281879186630249,0.5,0.3605150282382965,0.563758373260498
Age: <40,298,0.6046828627586365,0.30514705181121826,0.5,0.37899544835090637,0.6102941036224365
Age: 40-50,298,0.533936619758606,0.267123281955719,0.5,0.3482142984867096,0.534246563911438
Age: 50-65,298,0.5146104097366333,0.31460675597190857,0.5,0.38620689511299133,0.6292135119438171
Race: White,298,0.6065530776977539,0.2720000147819519,0.5,0.35233160853385925,0.5440000295639038
Race: Black,298,0.59375,0.23333333432674408,0.5,0.3181818127632141,0.46666669845581055
Race: Other,298,0.496232271194458,0.3356643319129944,0.5,0.40167364478111267,0.6713286638259888
Overall,299,0.5536989569664001,0.28762543201446533,0.5,0.36518046259880066,0.5752508044242859
Gender: Male,299,0.5698909759521484,0.28654971718788147,0.5,0.3643122613430023,0.5730994343757629
Gender: Female,299,0.5300300121307373,0.2890625,0.5,0.3663366436958313,0.578125
Age: <40,299,0.5597221851348877,0.2985074520111084,0.5,0.37383177876472473,0.5970149040222168
Age: 40-50,299,0.43796294927597046,0.27272728085517883,0.5,0.3529411852359772,0.5454545617103577
Age: 50-65,299,0.6104651093482971,0.28282827138900757,0.5,0.3612903356552124,0.5656565427780151
Race: White,299,0.6735402941703796,0.307407408952713,0.5,0.3807339370250702,0.614814817905426
Race: Black,299,0.6263736486434937,0.24074074625968933,0.5,0.32499998807907104,0.48148149251937866
Race: Other,299,0.45038825273513794,0.277372270822525,0.5,0.35680750012397766,0.55474454164505
Overall,300,0.5825406312942505,0.28833332657814026,0.5,0.3657505214214325,0.5766666531562805
Gender: Male,300,0.5931465029716492,0.2886904776096344,0.5,0.3660377264022827,0.5773809552192688
Gender: Female,300,0.5756579041481018,0.28787878155708313,0.5,0.36538460850715637,0.575757622718811
Age: <40,300,0.7093270421028137,0.2916666567325592,0.5,0.3684210479259491,0.5833333730697632
Age: 40-50,300,0.3970588445663452,0.2571428716182709,0.5,0.3396226465702057,0.5142857432365417
Age: 50-65,300,0.5513157844543457,0.30612245202064514,0.5,0.37974682450294495,0.6122449040412903
Race: White,300,0.6545661687850952,0.2744360864162445,0.5,0.3543689250946045,0.548872172832489
Race: Black,300,0.4943181872367859,0.29629629850387573,0.5,0.3720930218696594,0.5925925970077515
Race: Other,300,0.5435799360275269,0.30000001192092896,0.5,0.375,0.6000000238418579
Overall,301,0.5202631950378418,0.3013468086719513,0.5,0.3760504126548767,0.6026936173439026
Gender: Male,301,0.5773848295211792,0.28930819034576416,0.5,0.36653387546539307,0.5786163210868835
Gender: Female,301,0.46630606055259705,0.31521740555763245,0.5,0.3866666555404663,0.6304348111152649
Age: <40,301,0.5880523920059204,0.2904411852359772,0.5,0.367441862821579,0.5808823704719543
Age: 40-50,301,0.3492063581943512,0.30434781312942505,0.5,0.37837839126586914,0.6086956858634949
Age: 50-65,301,0.5491886138916016,0.31521740555763245,0.5,0.3866666555404663,0.6304348111152649
Race: White,301,0.5627706050872803,0.30799999833106995,0.5,0.38118812441825867,0.6160000562667847
Race: Black,301,0.656862735748291,0.24285714328289032,0.5,0.32692307233810425,0.48571428656578064
Race: Other,301,0.45588237047195435,0.3102189898490906,0.5,0.38288289308547974,0.6204379796981812
Overall,302,0.5156314373016357,0.2685810923576355,0.5,0.34945055842399597,0.537162184715271
Gender: Male,302,0.5371148586273193,0.25147929787635803,0.5,0.33464565873146057,0.5029585957527161
Gender: Female,302,0.5005099773406982,0.29133859276771545,0.5,0.3681592047214508,0.5826771855354309
Age: <40,302,0.5532016754150391,0.25968992710113525,0.5,0.34183672070503235,0.5193798542022705
Age: 40-50,302,0.4359648823738098,0.27941176295280457,0.5,0.35849055647850037,0.5588235259056091
Age: 50-65,302,0.5263374447822571,0.27272728085517883,0.5,0.3529411852359772,0.5454545617103577
Race: White,302,0.5991603136062622,0.28671327233314514,0.5,0.36444443464279175,0.5734265446662903
Race: Black,302,0.5528846383094788,0.22413793206214905,0.5,0.3095238208770752,0.4482758641242981
Race: Other,302,0.4375,0.25806450843811035,0.5,0.3404255211353302,0.5161290168762207
Overall,303,0.5476878881454468,0.28737542033195496,0.5,0.3649789094924927,0.5747508406639099
Gender: Male,303,0.5088157653808594,0.28409090638160706,0.5,0.36231884360313416,0.5681818127632141
Gender: Female,303,0.6003687977790833,0.2919999957084656,0.5,0.36868685483932495,0.5840000510215759
Age: <40,303,0.5693181753158569,0.29629629850387573,0.5,0.3720930218696594,0.5925925970077515
Age: 40-50,303,0.5472334623336792,0.2532467544078827,0.5,0.3362068831920624,0.5064935088157654
Age: 50-65,303,0.5137566328048706,0.30337077379226685,0.5,0.3776223659515381,0.6067416071891785
Race: White,303,0.6868470907211304,0.2954545319080353,0.5,0.37142857909202576,0.5909091234207153
Race: Black,303,0.6071428656578064,0.3181818127632141,0.5,0.3888888955116272,0.6363636255264282
Race: Other,303,0.44051629304885864,0.27551019191741943,0.5,0.3552631437778473,0.5510203838348389
Overall,304,0.5444433689117432,0.26116839051246643,0.5,0.3431151211261749,0.5223367810249329
Gender: Male,304,0.5964912176132202,0.27108433842658997,0.5,0.3515625,0.5421686768531799
Gender: Female,304,0.4746543765068054,0.24799999594688416,0.5,0.33155080676078796,0.4960000216960907
Age: <40,304,0.5194941759109497,0.2919999957084656,0.5,0.36868685483932495,0.5840000510215759
Age: 40-50,304,0.596323549747467,0.22972972691059113,0.5,0.31481480598449707,0.45945948362350464
Age: 50-65,304,0.5092198848724365,0.2445652186870575,0.5,0.32846716046333313,0.489130437374115
Race: White,304,0.5997474789619446,0.239130437374115,0.5,0.3235294222831726,0.47826087474823
Race: Black,304,0.5075757503509521,0.239130437374115,0.5,0.3235294222831726,0.47826087474823
Race: Other,304,0.4741818308830261,0.2884615361690521,0.5,0.3658536672592163,0.5769230723381042
Overall,305,0.5095674991607666,0.3295081853866577,0.5,0.39723318815231323,0.6590163707733154
Gender: Male,305,0.45663267374038696,0.3266666531562805,0.5,0.39516130089759827,0.6533333659172058
Gender: Female,305,0.5595593452453613,0.33225807547569275,0.5,0.39922481775283813,0.6645160913467407
Age: <40,305,0.6516767740249634,0.35036495327949524,0.5,0.41201716661453247,0.7007299065589905
Age: 40-50,305,0.4059549570083618,0.32692307233810425,0.5,0.39534884691238403,0.6538461446762085
Age: 50-65,305,0.4197530746459961,0.30000001192092896,0.5,0.375,0.6000000238418579
Race: White,305,0.5738636255264282,0.32258063554763794,0.5,0.3921568691730499,0.6451612710952759
Race: Black,305,0.5,0.3235294222831726,0.5,0.3928571343421936,0.6470588445663452
Race: Other,305,0.45244109630584717,0.33673468232154846,0.5,0.40243902802467346,0.6734693646430969
Overall,306,0.5402542352676392,0.30463576316833496,0.5,0.3786008358001709,0.6092715263366699
Gender: Male,306,0.5892965793609619,0.32248520851135254,0.5,0.39208632707595825,0.6449704170227051
Gender: Female,306,0.4786206781864166,0.28195488452911377,0.5,0.36057692766189575,0.5639097690582275
Age: <40,306,0.5778073072433472,0.31294962763786316,0.5,0.3849557638168335,0.6258993148803711
Age: 40-50,306,0.5246212482452393,0.29629629850387573,0.5,0.3720930218696594,0.5925925970077515
Age: 50-65,306,0.5021644830703735,0.29878050088882446,0.5,0.37404578924179077,0.5975609421730042
Race: White,306,0.62422776222229,0.2943548262119293,0.5,0.37055838108062744,0.5887096524238586
Race: Black,306,0.49145299196243286,0.29032257199287415,0.5,0.36734694242477417,0.5806451439857483
Race: Other,306,0.4968140125274658,0.3163265287876129,0.5,0.38749998807907104,0.6326530575752258
Overall,307,0.4931038022041321,0.27931034564971924,0.5,0.35840708017349243,0.5586206912994385
Gender: Male,307,0.5431079864501953,0.27960526943206787,0.5,0.3586497902870178,0.5592105388641357
Gender: Female,307,0.4475197196006775,0.27898550033569336,0.5,0.3581395447254181,0.5579710006713867
Age: <40,307,0.5971673727035522,0.2946428656578064,0.5,0.37078651785850525,0.5892857313156128
Age: 40-50,307,0.4897959232330322,0.2247191071510315,0.5,0.3100775182247162,0.449438214302063
Age: 50-65,307,0.3717532157897949,0.31460675597190857,0.5,0.38620689511299133,0.6292135119438171
Race: White,307,0.5447219610214233,0.25886523723602295,0.5,0.34112149477005005,0.5177304744720459
Race: Black,307,0.45454543828964233,0.3103448152542114,0.5,0.38297873735427856,0.6206896305084229
Race: Other,307,0.4507042169570923,0.2958333194255829,0.5,0.37172773480415344,0.5916666984558105
Overall,308,0.537509560585022,0.31893688440322876,0.5,0.38945233821868896,0.6378737688064575
Gender: Male,308,0.5401158332824707,0.3268156349658966,0.5,0.3952702581882477,0.6536312699317932
Gender: Female,308,0.537872314453125,0.30737704038619995,0.5,0.3807106614112854,0.6147540807723999
Age: <40,308,0.5226089358329773,0.3423076868057251,0.5,0.4063926935195923,0.6846153736114502
Age: 40-50,308,0.5210437774658203,0.260869562625885,0.5,0.34285715222358704,0.52173912525177
Age: 50-65,308,0.5466951131820679,0.3284313678741455,0.5,0.3964497148990631,0.6568627953529358
Race: White,308,0.6475687026977539,0.304964542388916,0.5,0.3788546323776245,0.609929084777832
Race: Black,308,0.5147058963775635,0.3400000035762787,0.5,0.4047619104385376,0.6800000071525574
Race: Other,308,0.42525649070739746,0.3296296298503876,0.5,0.3973214328289032,0.6592592597007751
Overall,309,0.536676287651062,0.286912739276886,0.5,0.36460554599761963,0.573825478553772
Gender: Male,309,0.5371794700622559,0.2981366515159607,0.5,0.37354084849357605,0.5962733030319214
Gender: Female,309,0.5344085693359375,0.2737226188182831,0.5,0.3537735939025879,0.5474452376365662
Age: <40,309,0.5852442979812622,0.26771652698516846,0.5,0.34871795773506165,0.5354330539703369
Age: 40-50,309,0.5236363410949707,0.3188405930995941,0.5,0.389380544424057,0.6376811861991882
Age: 50-65,309,0.4911312460899353,0.28921568393707275,0.5,0.3664596378803253,0.5784313678741455
Race: White,309,0.607384204864502,0.2846153974533081,0.5,0.36274510622024536,0.5692307949066162
Race: Black,309,0.6357142925262451,0.2916666567325592,0.5,0.3684210479259491,0.5833333730697632
Race: Other,309,0.47975510358810425,0.2881944477558136,0.5,0.36563876271247864,0.5763888955116272
Overall,310,0.5464943647384644,0.2959866225719452,0.5,0.3718487322330475,0.5919732451438904
Gender: Male,310,0.557348906993866,0.2935483753681183,0.5,0.36991870403289795,0.5870967507362366
Gender: Female,310,0.535284698009491,0.2986111044883728,0.5,0.373913049697876,0.5972222089767456
Age: <40,310,0.6185034513473511,0.30241936445236206,0.5,0.37688443064689636,0.6048386693000793
Age: 40-50,310,0.5222816467285156,0.24626865983009338,0.5,0.33000001311302185,0.4925372898578644
Age: 50-65,310,0.4507617950439453,0.3194444477558136,0.5,0.38983049988746643,0.6388888955116272
Race: White,310,0.6957638263702393,0.2949640154838562,0.5,0.3710407316684723,0.5899280905723572
Race: Black,310,0.46405228972435,0.32692307233810425,0.5,0.39534884691238403,0.6538462042808533
Race: Other,310,0.42032966017723083,0.29104477167129517,0.5,0.3679245412349701,0.5820895433425903
Overall,311,0.5554662942886353,0.2956081032752991,0.5,0.37154990434646606,0.5912162065505981
Gender: Male,311,0.5721428394317627,0.29411765933036804,0.5,0.37037035822868347,0.5882353186607361
Gender: Female,311,0.5286274552345276,0.2976190447807312,0.5,0.3731343150138855,0.5952381491661072
Age: <40,311,0.5643593072891235,0.31147539615631104,0.5,0.38383838534355164,0.6229507923126221
Age: 40-50,311,0.5884308815002441,0.297468364238739,0.5,0.3730158805847168,0.594936728477478
Age: 50-65,311,0.5192307233810425,0.27368420362472534,0.5,0.35374149680137634,0.5473684668540955
Race: White,311,0.6673773527145386,0.2723577320575714,0.5,0.3526315689086914,0.544715404510498
Race: Black,311,0.5586956739425659,0.23255814611911774,0.5,0.3174603283405304,0.4651162624359131
Race: Other,311,0.45102813839912415,0.3384615480899811,0.5,0.40366971492767334,0.6769230961799622
Overall,312,0.5756173133850098,0.3125,0.5,0.38461539149284363,0.625
Gender: Male,312,0.6068111658096313,0.3207547068595886,0.5,0.39080458879470825,0.6415094137191772
Gender: Female,312,0.534690797328949,0.302325576543808,0.5,0.37681159377098083,0.604651153087616
Age: <40,312,0.6225608587265015,0.3346153795719147,0.5,0.40092167258262634,0.6692307591438293
Age: 40-50,312,0.49135640263557434,0.297468364238739,0.5,0.3730158805847168,0.594936728477478
Age: 50-65,312,0.5783926248550415,0.29113924503326416,0.5,0.36800000071525574,0.5822784900665283
Race: White,312,0.5691238641738892,0.303846150636673,0.5,0.3779904246330261,0.607692301273346
Race: Black,312,0.6428571939468384,0.3181818127632141,0.5,0.3888888955116272,0.6363636255264282
Race: Other,312,0.5791696310043335,0.31985294818878174,0.5,0.3901345431804657,0.6397058963775635
Overall,313,0.5517368316650391,0.27195945382118225,0.5,0.3522976040840149,0.5439189076423645
Gender: Male,313,0.5003293752670288,0.2802547812461853,0.5,0.359183669090271,0.5605095624923706
Gender: Female,313,0.6050227880477905,0.2625899314880371,0.5,0.34433960914611816,0.5251798629760742
Age: <40,313,0.6190141439437866,0.27099236845970154,0.5,0.35148516297340393,0.5419847369194031
Age: 40-50,313,0.47592592239379883,0.2777777910232544,0.5,0.3571428656578064,0.5555555820465088
Age: 50-65,313,0.5282050967216492,0.2678571343421936,0.5,0.3488371968269348,0.5357142686843872
Race: White,313,0.5717514157295227,0.2798507511615753,0.5,0.35885167121887207,0.5597015023231506
Race: Black,313,0.7037036418914795,0.30000001192092896,0.5,0.375,0.6000000238418579
Race: Other,313,0.5193014740943909,0.25757575035095215,0.5,0.3400000035762787,0.5151515007019043
Overall,314,0.5203294157981873,0.2881355881690979,0.5,0.3655914068222046,0.5762711763381958
Gender: Male,314,0.5094105005264282,0.28947368264198303,0.5,0.36666667461395264,0.5789473652839661
Gender: Female,314,0.5287884473800659,0.28671327233314514,0.5,0.36444443464279175,0.5734265446662903
Age: <40,314,0.5495370626449585,0.32608696818351746,0.5,0.3947368562221527,0.6521739363670349
Age: 40-50,314,0.4838497042655945,0.2371794879436493,0.5,0.321739137172699,0.4743589758872986
Age: 50-65,314,0.48966407775878906,0.2721518874168396,0.5,0.35245901346206665,0.544303834438324
Race: White,314,0.6572192311286926,0.27642276883125305,0.5,0.3560209572315216,0.5528454780578613
Race: Black,314,0.6324785947799683,0.20454545319080353,0.5,0.29032257199287415,0.40909093618392944
Race: Other,314,0.3738917112350464,0.3100000023841858,0.5,0.3827160596847534,0.6200000047683716
Overall,315,0.5474629402160645,0.2823920249938965,0.5,0.36093416810035706,0.564784049987793
Gender: Male,315,0.5782790184020996,0.30063292384147644,0.5,0.3754940629005432,0.6012658476829529
Gender: Female,315,0.5184313654899597,0.2622377574443817,0.5,0.34403669834136963,0.5244755148887634
Age: <40,315,0.6113752126693726,0.30254778265953064,0.5,0.3769841194152832,0.6050955653190613
Age: 40-50,315,0.3809523582458496,0.24137930572032928,0.5,0.3255814015865326,0.48275861144065857
Age: 50-65,315,0.530278205871582,0.2732558250427246,0.5,0.35338345170021057,0.5465116500854492
Race: White,315,0.5967742204666138,0.26050421595573425,0.5,0.3425414264202118,0.5210084319114685
Race: Black,315,0.5333333015441895,0.22727273404598236,0.5,0.3125,0.4545454680919647
Race: Other,315,0.488314688205719,0.3062500059604645,0.5,0.3798449635505676,0.612500011920929
Overall,316,0.6439393758773804,0.28709676861763,0.5,0.3647541105747223,0.57419353723526
Gender: Male,316,0.6500208377838135,0.26764705777168274,0.5,0.3486590087413788,0.5352941155433655
Gender: Female,316,0.649533748626709,0.3107142746448517,0.5,0.38325992226600647,0.6214285492897034
Age: <40,316,0.6644736528396606,0.27906978130340576,0.5,0.35820895433425903,0.5581395626068115
Age: 40-50,316,0.5461760759353638,0.2800000011920929,0.5,0.3589743673801422,0.5600000023841858
Age: 50-65,316,0.6804315447807312,0.30188679695129395,0.5,0.3764705955982208,0.6037735939025879
Race: White,316,0.7308461666107178,0.2904411852359772,0.5,0.367441862821579,0.5808823704719543
Race: Black,316,0.5037593841552734,0.28787878155708313,0.5,0.36538460850715637,0.575757622718811
Race: Other,316,0.58954918384552,0.283687949180603,0.5,0.36199095845222473,0.567375898361206
Overall,317,0.5001108646392822,0.27649006247520447,0.5,0.35607674717903137,0.5529801249504089
Gender: Male,317,0.5369925498962402,0.27586206793785095,0.5,0.35555556416511536,0.5517241358757019
Gender: Female,317,0.44131457805633545,0.27734375,0.5,0.356783926486969,0.5546875
Age: <40,317,0.5987940430641174,0.28947368264198303,0.5,0.36666667461395264,0.5789473652839661
Age: 40-50,317,0.49434131383895874,0.25,0.5,0.3333333432674408,0.4999999701976776
Age: 50-65,317,0.3372092843055725,0.2866666615009308,0.5,0.3644067943096161,0.5733333230018616
Race: White,317,0.6121447086334229,0.2607142925262451,0.5,0.34272301197052,0.5214285850524902
Race: Black,317,0.40522873401641846,0.32692307233810425,0.5,0.39534884691238403,0.6538462042808533
Race: Other,317,0.4140436053276062,0.28308823704719543,0.5,0.36150234937667847,0.5661764740943909
Overall,318,0.5144609212875366,0.2688356041908264,0.5,0.34966591000556946,0.5376712083816528
Gender: Male,318,0.514340877532959,0.2848837077617645,0.5,0.3629629611968994,0.569767415523529
Gender: Female,318,0.5198665857315063,0.24583333730697632,0.5,0.3296089470386505,0.491666704416275
Age: <40,318,0.6262668371200562,0.26811593770980835,0.5,0.349056601524353,0.5362318754196167
Age: 40-50,318,0.3402203917503357,0.2857142984867096,0.5,0.3636363744735718,0.5714285969734192
Age: 50-65,318,0.4784075617790222,0.2532467544078827,0.5,0.3362068831920624,0.5064935088157654
Race: White,318,0.5693099498748779,0.25652173161506653,0.5,0.33908045291900635,0.5130434632301331
Race: Black,318,0.6000000238418579,0.265625,0.5,0.3469387888908386,0.53125
Race: Other,318,0.46122685074806213,0.27931034564971924,0.5,0.35840708017349243,0.5586206912994385
Overall,319,0.4938565194606781,0.30000001192092896,0.5,0.375,0.6000000238418579
Gender: Male,319,0.5369353890419006,0.2994185984134674,0.5,0.37454545497894287,0.5988371968269348
Gender: Female,319,0.4315252900123596,0.30084747076034546,0.5,0.37566137313842773,0.6016949415206909
Age: <40,319,0.5469319224357605,0.329365074634552,0.5,0.3971291780471802,0.6587302088737488
Age: 40-50,319,0.4578947424888611,0.22891566157341003,0.5,0.3140496015548706,0.45783132314682007
Age: 50-65,319,0.4824798107147217,0.327160507440567,0.5,0.3955223858356476,0.654321014881134
Race: White,319,0.5375000238418579,0.2985074520111084,0.5,0.37383177876472473,0.5970149040222168
Race: Black,319,0.609375,0.25,0.5,0.3333333432674408,0.5
Race: Other,319,0.4294871687889099,0.3145161271095276,0.5,0.3861386179924011,0.6290322542190552
Overall,320,0.5500380992889404,0.3006756901741028,0.5,0.37552741169929504,0.6013513803482056
Gender: Male,320,0.5643564462661743,0.3196202516555786,0.5,0.3899613916873932,0.6392405033111572
Gender: Female,320,0.529486894607544,0.27898550033569336,0.5,0.3581395447254181,0.5579710006713867
Age: <40,320,0.5745571851730347,0.3006756901741028,0.5,0.37552741169929504,0.6013513803482056
Age: 40-50,320,0.4746543765068054,0.26271185278892517,0.5,0.3444444537162781,0.5254237055778503
Age: 50-65,320,0.5834259986877441,0.3258427083492279,0.5,0.3945578336715698,0.6516854166984558
Race: White,320,0.5941876173019409,0.30909091234207153,0.5,0.3820224702358246,0.6181818246841431
Race: Black,320,0.6239316463470459,0.2954545319080353,0.5,0.37142857909202576,0.5909091234207153
Race: Other,320,0.534389853477478,0.29573169350624084,0.5,0.37164750695228577,0.5914633870124817
Overall,321,0.5750044584274292,0.28382837772369385,0.5,0.36210525035858154,0.5676567554473877
Gender: Male,321,0.5958008766174316,0.27094972133636475,0.5,0.35144928097724915,0.5418994426727295
Gender: Female,321,0.5643537044525146,0.30241936445236206,0.5,0.37688443064689636,0.6048386693000793
Age: <40,321,0.608474612236023,0.28776979446411133,0.5,0.3652968108654022,0.5755395889282227
Age: 40-50,321,0.4727272391319275,0.29729729890823364,0.5,0.37288135290145874,0.5945945978164673
Age: 50-65,321,0.598710298538208,0.2666666805744171,0.5,0.3478260934352875,0.5333333611488342
Race: White,321,0.6708642244338989,0.2906976640224457,0.5,0.36764705181121826,0.5813953280448914
Race: Black,321,0.4632352888584137,0.24242424964904785,0.5,0.3265306055545807,0.4848484992980957
Race: Other,321,0.509876549243927,0.28723403811454773,0.5,0.36486485600471497,0.5744680762290955
Overall,322,0.5207513570785522,0.2957516312599182,0.5,0.37166324257850647,0.5915032625198364
Gender: Male,322,0.5130555629730225,0.28070175647735596,0.5,0.3595505654811859,0.5614035129547119
Gender: Female,322,0.535529375076294,0.31481480598449707,0.5,0.3863636255264282,0.6296296119689941
Age: <40,322,0.5825410485267639,0.3156028389930725,0.5,0.38695651292800903,0.631205677986145
Age: 40-50,322,0.43526166677474976,0.25,0.5,0.3333333432674408,0.5
Age: 50-65,322,0.4567796587944031,0.29797980189323425,0.5,0.3734177350997925,0.5959596037864685
Race: White,322,0.6302016377449036,0.2700729966163635,0.5,0.3507108986377716,0.540145993232727
Race: Black,322,0.5235294103622437,0.31481480598449707,0.5,0.3863636255264282,0.6296296119689941
Race: Other,322,0.4237179160118103,0.31690141558647156,0.5,0.38793104887008667,0.6338028311729431
Overall,323,0.5251727104187012,0.28093644976615906,0.5,0.35974302887916565,0.5618728995323181
Gender: Male,323,0.5224950313568115,0.2561728358268738,0.5,0.33877551555633545,0.5123456716537476
Gender: Female,323,0.5348416566848755,0.3102189898490906,0.5,0.38288289308547974,0.6204379796981812
Age: <40,323,0.5821918249130249,0.28740158677101135,0.5,0.36500000953674316,0.5748031735420227
Age: 40-50,323,0.4157196879386902,0.2538461685180664,0.5,0.33673468232154846,0.5076923370361328
Age: 50-65,323,0.5125448107719421,0.2897196114063263,0.5,0.3668639063835144,0.5794392228126526
Race: White,323,0.6389898061752319,0.2866666615009308,0.5,0.3644067943096161,0.5733333230018616
Race: Black,323,0.6197916269302368,0.2857142984867096,0.5,0.3636363744735718,0.5714285969734192
Race: Other,323,0.3931129574775696,0.27272728085517883,0.5,0.3529411852359772,0.5454545021057129
Overall,324,0.5574291944503784,0.28546711802482605,0.5,0.36343613266944885,0.5709342956542969
Gender: Male,324,0.5875941514968872,0.30000001192092896,0.5,0.375,0.6000000238418579
Gender: Female,324,0.5271950364112854,0.2708333432674408,0.5,0.3513513505458832,0.5416666865348816
Age: <40,324,0.5940430164337158,0.3008130192756653,0.5,0.3756345212459564,0.6016259789466858
Age: 40-50,324,0.4197801947593689,0.2635135054588318,0.5,0.3451327383518219,0.5270270109176636
Age: 50-65,324,0.612500011920929,0.28260868787765503,0.5,0.3611111044883728,0.5652173757553101
Race: White,324,0.6844373941421509,0.28358209133148193,0.5,0.3619047701358795,0.5671641826629639
Race: Black,324,0.478787899017334,0.2884615361690521,0.5,0.3658536672592163,0.5769230723381042
Race: Other,324,0.4491400718688965,0.2868216931819916,0.5,0.3645320236682892,0.5736433863639832
Overall,325,0.531151294708252,0.27835050225257874,0.5,0.3576158881187439,0.5567010641098022
Gender: Male,325,0.5130183100700378,0.29109588265419006,0.5,0.36796537041664124,0.5821917653083801
Gender: Female,325,0.5402979850769043,0.2655172348022461,0.5,0.3468468487262726,0.5310344696044922
Age: <40,325,0.567170262336731,0.28014183044433594,0.5,0.3590908944606781,0.5602836608886719
Age: 40-50,325,0.5095155239105225,0.25,0.5,0.3333333432674408,0.5
Age: 50-65,325,0.49288803339004517,0.29878050088882446,0.5,0.37404578924179077,0.5975609421730042
Race: White,325,0.6168349981307983,0.2977941036224365,0.5,0.3732718825340271,0.5955882668495178
Race: Black,325,0.5925925970077515,0.25,0.5,0.3333333432674408,0.5
Race: Other,325,0.4523504376411438,0.262773722410202,0.5,0.3444976210594177,0.525547444820404
Overall,326,0.5539922714233398,0.30584192276000977,0.5,0.3795309066772461,0.6116838455200195
Gender: Male,326,0.5590476393699646,0.3181818127632141,0.5,0.3888888955116272,0.6363636255264282
Gender: Female,326,0.5487205982208252,0.289682537317276,0.5,0.3668341636657715,0.5793651342391968
Age: <40,326,0.6384128332138062,0.29530200362205505,0.5,0.37130802869796753,0.5906040072441101
Age: 40-50,326,0.590666651725769,0.27272728085517883,0.5,0.3529411852359772,0.5454545021057129
Age: 50-65,326,0.3839505910873413,0.3448275923728943,0.5,0.40816327929496765,0.6896551847457886
Race: White,326,0.6729835271835327,0.31578946113586426,0.5,0.3870967626571655,0.6315789818763733
Race: Black,326,0.4404762089252472,0.31578946113586426,0.5,0.3870967626571655,0.6315789222717285
Race: Other,326,0.46448439359664917,0.2949640154838562,0.5,0.3710407316684723,0.5899280905723572
Overall,327,0.4872541129589081,0.300335556268692,0.5,0.375262051820755,0.6006711721420288
Gender: Male,327,0.48757416009902954,0.3055555522441864,0.5,0.37931033968925476,0.6111111044883728
Gender: Female,327,0.4850446581840515,0.29411765933036804,0.5,0.37037035822868347,0.5882353186607361
Age: <40,327,0.5433907508850098,0.3425196707248688,0.5,0.4065420627593994,0.6850393414497375
Age: 40-50,327,0.39299243688583374,0.2538461685180664,0.5,0.33673468232154846,0.5076923370361328
Age: 50-65,327,0.48359179496765137,0.2783018946647644,0.5,0.35757574439048767,0.5566037893295288
Race: White,327,0.5665983557701111,0.283687949180603,0.5,0.36199095845222473,0.567375898361206
Race: Black,327,0.625,0.3636363744735718,0.5,0.42105263471603394,0.7272727489471436
Race: Other,327,0.402687668800354,0.307407408952713,0.5,0.3807339370250702,0.614814817905426
Overall,328,0.5335376262664795,0.2781457006931305,0.5,0.3574468195438385,0.556291401386261
Gender: Male,328,0.5901262760162354,0.28797468543052673,0.5,0.3654618561267853,0.5759493708610535
Gender: Female,328,0.46985846757888794,0.2673611044883728,0.5,0.3484162986278534,0.5347222089767456
Age: <40,328,0.6744797229766846,0.3007246255874634,0.5,0.37556561827659607,0.6014493107795715
Age: 40-50,328,0.3714810013771057,0.23456789553165436,0.5,0.3193277418613434,0.4691358208656311
Age: 50-65,328,0.4716312289237976,0.28313252329826355,0.5,0.36153846979141235,0.5662650465965271
Race: White,328,0.6220657229423523,0.27099236845970154,0.5,0.35148516297340393,0.5419847369194031
Race: Black,328,0.5333333611488342,0.2678571343421936,0.5,0.3488371968269348,0.535714328289032
Race: Other,328,0.46801280975341797,0.28671327233314514,0.5,0.36444443464279175,0.5734265446662903
Overall,329,0.5997738838195801,0.2939189076423645,0.5,0.37021276354789734,0.5878378748893738
Gender: Male,329,0.5893720388412476,0.32303372025489807,0.5,0.3924914598464966,0.6460674405097961
Gender: Female,329,0.5515656471252441,0.25,0.5,0.3333333432674408,0.5
Age: <40,329,0.6484977006912231,0.29931971430778503,0.5,0.3744680881500244,0.5986394286155701
Age: 40-50,329,0.5709677934646606,0.28169015049934387,0.5,0.36036035418510437,0.563380241394043
Age: 50-65,329,0.52785325050354,0.29487180709838867,0.5,0.3709677457809448,0.5897436141967773
Race: White,329,0.6972368955612183,0.26923078298568726,0.5,0.3499999940395355,0.5384615659713745
Race: Black,329,0.6103895902633667,0.2800000011920929,0.5,0.3589743673801422,0.5600000023841858
Race: Other,329,0.5181769132614136,0.3149350583553314,0.5,0.38645419478416443,0.6298701167106628
Overall,330,0.5532544255256653,0.2883959114551544,0.5,0.3658008575439453,0.5767917633056641
Gender: Male,330,0.5648923516273499,0.26829269528388977,0.5,0.3492063581943512,0.5365853309631348
Gender: Female,330,0.5408950448036194,0.3139534890651703,0.5,0.3857142925262451,0.6279069781303406
Age: <40,330,0.5878652334213257,0.27304965257644653,0.5,0.35321101546287537,0.5460992455482483
Age: 40-50,330,0.5758836269378662,0.2936508059501648,0.5,0.3700000047683716,0.5873016119003296
Age: 50-65,330,0.4802139103412628,0.3089887499809265,0.5,0.3819444477558136,0.6179775595664978
Race: White,330,0.6753205060958862,0.2678571343421936,0.5,0.3488371968269348,0.535714328289032
Race: Black,330,0.6099138259887695,0.3222222328186035,0.5,0.3918918967247009,0.644444465637207
Race: Other,330,0.46227675676345825,0.29411765933036804,0.5,0.37037035822868347,0.5882353186607361
Overall,331,0.5430158376693726,0.28231292963027954,0.5,0.36086955666542053,0.5646258592605591
Gender: Male,331,0.5258620977401733,0.29591837525367737,0.5,0.3717948794364929,0.5918367505073547
Gender: Female,331,0.546351432800293,0.2687074840068817,0.5,0.3495575189590454,0.5374149680137634
Age: <40,331,0.5292658805847168,0.28125,0.5,0.36000001430511475,0.5625
Age: 40-50,331,0.5389162302017212,0.2734375,0.5,0.35353535413742065,0.546875
Age: 50-65,331,0.5640519857406616,0.28921568393707275,0.5,0.3664596378803253,0.5784313678741455
Race: White,331,0.6735084652900696,0.26033058762550354,0.5,0.34239131212234497,0.5206611156463623
Race: Black,331,0.38499999046325684,0.3333333432674408,0.5,0.4000000059604645,0.6666666865348816
Race: Other,331,0.4706827402114868,0.2902098000049591,0.5,0.36725664138793945,0.5804196000099182
Overall,332,0.49381518363952637,0.2661016881465912,0.5,0.34734514355659485,0.5322033762931824
Gender: Male,332,0.5428388118743896,0.2874999940395355,0.5,0.3650793731212616,0.574999988079071
Gender: Female,332,0.4351648688316345,0.24074074625968933,0.5,0.32499998807907104,0.4814814627170563
Age: <40,332,0.523536741733551,0.28515625,0.5,0.3631840944290161,0.5703125
Age: 40-50,332,0.3837500214576721,0.25,0.5,0.3333333432674408,0.5
Age: 50-65,332,0.5554968118667603,0.25287356972694397,0.5,0.3358778655529022,0.5057471394538879
Race: White,332,0.5423077344894409,0.26859503984451294,0.5,0.3494623601436615,0.5371900796890259
Race: Black,332,0.6090909242630005,0.32258063554763794,0.5,0.3921568691730499,0.6451612710952759
Race: Other,332,0.46948355436325073,0.251748263835907,0.5,0.3348837196826935,0.503496527671814
Overall,333,0.5729224681854248,0.2871621549129486,0.5,0.3648068606853485,0.5743243098258972
Gender: Male,333,0.5522388219833374,0.3040935695171356,0.5,0.3781818151473999,0.6081871390342712
Gender: Female,333,0.5880842208862305,0.2639999985694885,0.5,0.34554973244667053,0.527999997138977
Age: <40,333,0.5574141144752502,0.2925925850868225,0.5,0.36915886402130127,0.585185170173645
Age: 40-50,333,0.5523809194564819,0.27272728085517883,0.5,0.3529411852359772,0.5454545617103577
Age: 50-65,333,0.615160346031189,0.2916666567325592,0.5,0.3684210479259491,0.5833333730697632
Race: White,333,0.6527570486068726,0.27898550033569336,0.5,0.3581395447254181,0.5579710006713867
Race: Black,333,0.5508021116256714,0.3035714328289032,0.5,0.3777777850627899,0.6071428656578064
Race: Other,333,0.4985380172729492,0.29230770468711853,0.5,0.3689320385456085,0.5846154093742371
Overall,334,0.5286080837249756,0.2760942876338959,0.5,0.35574838519096375,0.552188515663147
Gender: Male,334,0.5249124765396118,0.27167630195617676,0.5,0.352059930562973,0.5433526039123535
Gender: Female,334,0.5410052537918091,0.2822580635547638,0.5,0.36082473397254944,0.5645161271095276
Age: <40,334,0.5624241828918457,0.2884615361690521,0.5,0.3658536672592163,0.5769230723381042
Age: 40-50,334,0.3999999761581421,0.2397260218858719,0.5,0.32407405972480774,0.4794520437717438
Age: 50-65,334,0.5587962865829468,0.28723403811454773,0.5,0.36486485600471497,0.5744680762290955
Race: White,334,0.586004376411438,0.26171875,0.5,0.34358975291252136,0.5234375
Race: Black,334,0.5174825191497803,0.2708333432674408,0.5,0.3513513505458832,0.5416666865348816
Race: Other,334,0.4693598747253418,0.2896551787853241,0.5,0.36681222915649414,0.5793103575706482
Overall,335,0.4945929944515228,0.26677852869033813,0.5,0.347921222448349,0.5335570573806763
Gender: Male,335,0.46312540769577026,0.24203822016716003,0.5,0.32618024945259094,0.48407644033432007
Gender: Female,335,0.5396759510040283,0.2943262457847595,0.5,0.3705357015132904,0.588652491569519
Age: <40,335,0.5788460969924927,0.26859503984451294,0.5,0.3494623601436615,0.5371900796890259
Age: 40-50,335,0.4806250035762787,0.25,0.5,0.3333333432674408,0.5
Age: 50-65,335,0.41042202711105347,0.27835050225257874,0.5,0.3576158881187439,0.5567010045051575
Race: White,335,0.5390772223472595,0.2748091518878937,0.5,0.35467979311943054,0.5496183037757874
Race: Black,335,0.5068027377128601,0.30000001192092896,0.5,0.375,0.6000000238418579
Race: Other,335,0.46303945779800415,0.25,0.5,0.3333333432674408,0.5
Overall,336,0.5502457618713379,0.2915254235267639,0.5,0.3683083653450012,0.5830508470535278
Gender: Male,336,0.5351498126983643,0.27743902802467346,0.5,0.35686275362968445,0.5548780560493469
Gender: Female,336,0.5701234340667725,0.3091602921485901,0.5,0.3820754587650299,0.6183205842971802
Age: <40,336,0.6360929012298584,0.3067227005958557,0.5,0.3802083432674408,0.6134454011917114
Age: 40-50,336,0.5190744400024414,0.2562499940395355,0.5,0.3388429880142212,0.512499988079071
Age: 50-65,336,0.47232306003570557,0.3020833432674408,0.5,0.37662336230278015,0.6041666865348816
Race: White,336,0.5617222785949707,0.2881944477558136,0.5,0.36563876271247864,0.5763888955116272
Race: Black,336,0.4722222089767456,0.30000001192092896,0.5,0.375,0.6000000238418579
Race: Other,336,0.5461971759796143,0.2933884263038635,0.5,0.3697916567325592,0.586776852607727
Overall,337,0.5102031230926514,0.3125,0.5,0.38461539149284363,0.625
Gender: Male,337,0.5266106128692627,0.3034681975841522,0.5,0.3776978552341461,0.6069363951683044
Gender: Female,337,0.4902813136577606,0.3244274854660034,0.5,0.39351850748062134,0.6488549709320068
Age: <40,337,0.6223529577255249,0.33112582564353943,0.5,0.39840638637542725,0.6622516512870789
Age: 40-50,337,0.38333332538604736,0.25806450843811035,0.5,0.3404255211353302,0.5161290168762207
Age: 50-65,337,0.4263322949409485,0.3186813294887543,0.5,0.38926175236701965,0.6373626589775085
Race: White,337,0.5274007320404053,0.302325576543808,0.5,0.37681159377098083,0.604651153087616
Race: Black,337,0.5727272629737854,0.261904776096344,0.5,0.34375,0.523809552192688
Race: Other,337,0.49243414402008057,0.3279220759868622,0.5,0.3960784375667572,0.6558441519737244
Overall,338,0.5636380910873413,0.26530611515045166,0.5,0.3466666638851166,0.5306122303009033
Gender: Male,338,0.5886756181716919,0.27034884691238403,0.5,0.350943386554718,0.5406976938247681
Gender: Female,338,0.5289211869239807,0.25819671154022217,0.5,0.3405405282974243,0.5163934230804443
Age: <40,338,0.6550436019897461,0.28515625,0.5,0.3631840944290161,0.5703125
Age: 40-50,338,0.4266994297504425,0.23571428656578064,0.5,0.3203883469104767,0.4714285731315613
Age: 50-65,338,0.5404347777366638,0.2604166567325592,0.5,0.34246575832366943,0.5208333730697632
Race: White,338,0.6052910089492798,0.27173912525177,0.5,0.35211268067359924,0.54347825050354
Race: Black,338,0.54666668176651,0.375,0.5,0.4285714328289032,0.75
Race: Other,338,0.5493506193161011,0.24264705181121826,0.5,0.32673266530036926,0.4852941334247589
Overall,339,0.5139952898025513,0.31375840306282043,0.5,0.3855670094490051,0.6275168061256409
Gender: Male,339,0.5366666316986084,0.31847134232521057,0.5,0.38910505175590515,0.6369426846504211
Gender: Female,339,0.4908471703529358,0.3085106313228607,0.5,0.3815789520740509,0.6170212626457214
Age: <40,339,0.5491698980331421,0.3085106313228607,0.5,0.3815789520740509,0.6170212626457214
Age: 40-50,339,0.3052631616592407,0.30158731341362,0.5,0.3762376308441162,0.60317462682724
Age: 50-65,339,0.6038306355476379,0.3297872245311737,0.5,0.39743590354919434,0.6595744490623474
Race: White,339,0.6099421977996826,0.33892616629600525,0.5,0.40400001406669617,0.6778523325920105
Race: Black,339,0.625,0.3095238208770752,0.5,0.38235294818878174,0.6190476417541504
Race: Other,339,0.44533002376556396,0.28515625,0.5,0.3631840944290161,0.5703125
Overall,340,0.5417261123657227,0.3110367953777313,0.5,0.3835051655769348,0.6220735907554626
Gender: Male,340,0.542995810508728,0.32389935851097107,0.5,0.39312976598739624,0.6477987170219421
Gender: Female,340,0.534770667552948,0.2964285612106323,0.5,0.37219730019569397,0.5928571224212646
Age: <40,340,0.5983908176422119,0.3175182342529297,0.5,0.3883928656578064,0.6350364685058594
Age: 40-50,340,0.49267399311065674,0.30882352590560913,0.5,0.38181817531585693,0.6176470518112183
Age: 50-65,340,0.5030820369720459,0.30319148302078247,0.5,0.37748345732688904,0.6063829660415649
Race: White,340,0.5882493257522583,0.29924243688583374,0.5,0.3744075894355774,0.5984848737716675
Race: Black,340,0.7265625,0.3333333432674408,0.5,0.4000000059604645,0.6666666865348816
Race: Other,340,0.49767541885375977,0.3181818127632141,0.5,0.3888888955116272,0.6363636255264282
Overall,341,0.5422222018241882,0.2888513505458832,0.5,0.36616700887680054,0.5777027010917664
Gender: Male,341,0.5379953384399414,0.3018292784690857,0.5,0.3764258623123169,0.6036584973335266
Gender: Female,341,0.5381944179534912,0.27272728085517883,0.5,0.3529411852359772,0.5454545617103577
Age: <40,341,0.645061731338501,0.2954545319080353,0.5,0.37142857909202576,0.5909091234207153
Age: 40-50,341,0.40208080410957336,0.26543208956718445,0.5,0.3467741906642914,0.5308641791343689
Age: 50-65,341,0.4957575798034668,0.3012048304080963,0.5,0.37593984603881836,0.6024096012115479
Race: White,341,0.7021652460098267,0.27037036418914795,0.5,0.3509615361690521,0.5407407283782959
Race: Black,341,0.7083333730697632,0.20000000298023224,0.5,0.2857142984867096,0.4000000059604645
Race: Other,341,0.3633986711502075,0.3191489279270172,0.5,0.3896103799343109,0.6382978558540344
Overall,342,0.5571238398551941,0.28498294949531555,0.5,0.36304348707199097,0.5699658393859863
Gender: Male,342,0.5954684019088745,0.27485379576683044,0.5,0.3547169864177704,0.5497075915336609
Gender: Female,342,0.5132793188095093,0.2991803288459778,0.5,0.37435898184776306,0.5983605980873108
Age: <40,342,0.5545610189437866,0.3006756901741028,0.5,0.37552741169929504,0.6013513803482056
Age: 40-50,342,0.5327731370925903,0.24637681245803833,0.5,0.3300970792770386,0.49275362491607666
Age: 50-65,342,0.5873579382896423,0.28947368264198303,0.5,0.36666667461395264,0.5789473652839661
Race: White,342,0.6626409292221069,0.27000001072883606,0.5,0.350649356842041,0.5399999618530273
Race: Black,342,0.5112782120704651,0.26249998807907104,0.5,0.3442623019218445,0.5250000357627869
Race: Other,342,0.49910905957221985,0.3006536066532135,0.5,0.37551021575927734,0.601307213306427
Overall,343,0.5624247789382935,0.2775862216949463,0.5,0.3569844663143158,0.5551723837852478
Gender: Male,343,0.5940656661987305,0.30985915660858154,0.5,0.38260868191719055,0.6197183132171631
Gender: Female,343,0.5285844802856445,0.24662162363529205,0.5,0.3303167521953583,0.4932432472705841
Age: <40,343,0.5782082080841064,0.27131783962249756,0.5,0.35175880789756775,0.5426356792449951
Age: 40-50,343,0.4861111044883728,0.2432432472705841,0.5,0.3272727131843567,0.4864864945411682
Age: 50-65,343,0.6272727251052856,0.31609195470809937,0.5,0.38732394576072693,0.6321839094161987
Race: White,343,0.6091735363006592,0.2964285612106323,0.5,0.37219730019569397,0.5928571224212646
Race: Black,343,0.7948718070983887,0.2954545319080353,0.5,0.37142857909202576,0.5909091234207153
Race: Other,343,0.5311355590820312,0.25390625,0.5,0.33678755164146423,0.5078125
Overall,344,0.552871584892273,0.29111841320991516,0.5,0.3679833710193634,0.5822368264198303
Gender: Male,344,0.5482567548751831,0.30000001192092896,0.5,0.375,0.6000000238418579
Gender: Female,344,0.5580796599388123,0.2835365831851959,0.5,0.3618676960468292,0.5670731663703918
Age: <40,344,0.6023584604263306,0.30075186491012573,0.5,0.3755868673324585,0.6015037894248962
Age: 40-50,344,0.3924369812011719,0.24637681245803833,0.5,0.3300970792770386,0.49275362491607666
Age: 50-65,344,0.5995116233825684,0.30882352590560913,0.5,0.38181817531585693,0.6176470518112183
Race: White,344,0.6495726108551025,0.2888889014720917,0.5,0.3661971688270569,0.5777777433395386
Race: Black,344,0.49242424964904785,0.260869562625885,0.5,0.34285715222358704,0.52173912525177
Race: Other,344,0.4743814468383789,0.29794520139694214,0.5,0.3733905553817749,0.5958904027938843
Overall,345,0.48955482244491577,0.3013937175273895,0.5,0.376086950302124,0.602787435054779
Gender: Male,345,0.4384615421295166,0.32894736528396606,0.5,0.3968254029750824,0.6578947305679321
Gender: Female,345,0.5291647911071777,0.27037036418914795,0.5,0.3509615361690521,0.5407407283782959
Age: <40,345,0.5896624326705933,0.31102362275123596,0.5,0.38349515199661255,0.6220472455024719
Age: 40-50,345,0.42009401321411133,0.27710843086242676,0.5,0.356589138507843,0.5542168617248535
Age: 50-65,345,0.3951149582862854,0.31168830394744873,0.5,0.3840000033378601,0.6233766078948975
Race: White,345,0.5564780235290527,0.29296875,0.5,0.3694581389427185,0.5859375
Race: Black,345,0.3083333373069763,0.38461539149284363,0.5,0.43478259444236755,0.7692307829856873
Race: Other,345,0.45780885219573975,0.29323309659957886,0.5,0.36966824531555176,0.5864661931991577
Overall,346,0.546544075012207,0.2709030210971832,0.5,0.3514099717140198,0.5418060421943665
Gender: Male,346,0.528638482093811,0.27950310707092285,0.5,0.3585657477378845,0.5590062141418457
Gender: Female,346,0.5759680271148682,0.260869562625885,0.5,0.34285715222358704,0.52173912525177
Age: <40,346,0.5987945795059204,0.2879999876022339,0.5,0.36548224091529846,0.5760000348091125
Age: 40-50,346,0.5499324798583984,0.2532467544078827,0.5,0.3362068831920624,0.5064935088157654
Age: 50-65,346,0.5042625665664673,0.26288658380508423,0.5,0.3445945978164673,0.5257731676101685
Race: White,346,0.5922915935516357,0.2765151560306549,0.5,0.356097549200058,0.5530303120613098
Race: Black,346,0.545098066329956,0.234375,0.5,0.3191489279270172,0.46875
Race: Other,346,0.5048737525939941,0.27407407760620117,0.5,0.35406699776649475,0.5481481552124023
Overall,347,0.5776909589767456,0.3199999928474426,0.5,0.39024388790130615,0.6399999856948853
Gender: Male,347,0.6065050959587097,0.3333333432674408,0.5,0.4000000059604645,0.6666666865348816
Gender: Female,347,0.5461539030075073,0.3030303120613098,0.5,0.37735849618911743,0.6060606241226196
Age: <40,347,0.6242588758468628,0.3283582031726837,0.5,0.3963963985443115,0.6567164063453674
Age: 40-50,347,0.46963563561439514,0.296875,0.5,0.37254902720451355,0.59375
Age: 50-65,347,0.5770201683044434,0.3235294222831726,0.5,0.3928571343421936,0.6470588445663452
Race: White,347,0.6098163723945618,0.3096774220466614,0.5,0.38247013092041016,0.6193548440933228
Race: Black,347,0.6333333253860474,0.3125,0.5,0.38461539149284363,0.625
Race: Other,347,0.5475932359695435,0.3333333432674408,0.5,0.4000000059604645,0.6666666865348816
Overall,348,0.6221529245376587,0.31694915890693665,0.5,0.3879668116569519,0.6338983178138733
Gender: Male,348,0.6260828971862793,0.3060606122016907,0.5,0.3796992599964142,0.6121211647987366
Gender: Female,348,0.6226215362548828,0.33076924085617065,0.5,0.39814814925193787,0.6615384817123413
Age: <40,348,0.6095962524414062,0.2964285612106323,0.5,0.37219730019569397,0.5928571224212646
Age: 40-50,348,0.6178861856460571,0.3153846263885498,0.5,0.38679245114326477,0.6307692527770996
Age: 50-65,348,0.6666666269302368,0.3499999940395355,0.5,0.4117647111415863,0.699999988079071
Race: White,348,0.692581295967102,0.35036495327949524,0.5,0.41201716661453247,0.7007299065589905
Race: Black,348,0.5649123191833496,0.27941176295280457,0.5,0.35849055647850037,0.5588235259056091
Race: Other,348,0.5633013248443604,0.29032257199287415,0.5,0.36734694242477417,0.5806451439857483
Overall,349,0.5539376735687256,0.3026755750179291,0.5,0.37708333134651184,0.6053511500358582
Gender: Male,349,0.5470221638679504,0.3029411733150482,0.5,0.37728938460350037,0.6058823466300964
Gender: Female,349,0.5713926553726196,0.302325576543808,0.5,0.37681159377098083,0.604651153087616
Age: <40,349,0.6135904788970947,0.32499998807907104,0.5,0.39393940567970276,0.6499999761581421
Age: 40-50,349,0.47586727142333984,0.267123281955719,0.5,0.3482142984867096,0.534246563911438
Age: 50-65,349,0.5456582307815552,0.29651162028312683,0.5,0.37226277589797974,0.5930232405662537
Race: White,349,0.6976273059844971,0.30000001192092896,0.5,0.375,0.6000000238418579
Race: Black,349,0.5248868465423584,0.21666666865348816,0.5,0.302325576543808,0.4333333671092987
Race: Other,349,0.4536163806915283,0.3221476376056671,0.5,0.3918367326259613,0.644295334815979
Overall,350,0.5321186780929565,0.29629629850387573,0.5,0.3720930218696594,0.5925925970077515
Gender: Male,350,0.6070075631141663,0.3178808093070984,0.5,0.38866397738456726,0.6357616186141968
Gender: Female,350,0.4731060564517975,0.27397260069847107,0.5,0.3539822995662689,0.5479452013969421
Age: <40,350,0.5547741055488586,0.3216783106327057,0.5,0.3914893567562103,0.6433566212654114
Age: 40-50,350,0.4758928418159485,0.29411765933036804,0.5,0.37037035822868347,0.5882353186607361
Age: 50-65,350,0.5097402334213257,0.25581395626068115,0.5,0.3384615480899811,0.5116279125213623
Race: White,350,0.5686609745025635,0.2731092572212219,0.5,0.35326087474823,0.5462185144424438
Race: Black,350,0.6029411554336548,0.3400000035762787,0.5,0.4047619104385376,0.6800000071525574
Race: Other,350,0.49585288763046265,0.30718955397605896,0.5,0.38056680560112,0.6143791079521179
Overall,351,0.4492713212966919,0.28787878155708313,0.5,0.36538460850715637,0.5757575631141663
Gender: Male,351,0.48622310161590576,0.3037974536418915,0.5,0.3779527544975281,0.6075949668884277
Gender: Female,351,0.4129166603088379,0.26978418231010437,0.5,0.3504672944545746,0.5395683646202087
Age: <40,351,0.502804160118103,0.277372270822525,0.5,0.35680750012397766,0.55474454164505
Age: 40-50,351,0.40634918212890625,0.2822580635547638,0.5,0.36082473397254944,0.5645161271095276
Age: 50-65,351,0.39912280440330505,0.30612245202064514,0.5,0.37974682450294495,0.6122449040412903
Race: White,351,0.5413995981216431,0.3095238208770752,0.5,0.38235294818878174,0.6190476417541504
Race: Black,351,0.6041666269302368,0.2857142984867096,0.5,0.3636363744735718,0.5714285969734192
Race: Other,351,0.3658008575439453,0.26923078298568726,0.5,0.3499999940395355,0.5384615063667297
Overall,352,0.5461956262588501,0.31292515993118286,0.5,0.38493722677230835,0.6258503198623657
Gender: Male,352,0.5823885202407837,0.32236841320991516,0.5,0.3919999897480011,0.6447368264198303
Gender: Female,352,0.5076826810836792,0.30281689763069153,0.5,0.37719297409057617,0.6056337952613831
Age: <40,352,0.6020767688751221,0.30136987566947937,0.5,0.3760683834552765,0.602739691734314
Age: 40-50,352,0.46010637283325195,0.3309859037399292,0.5,0.39830508828163147,0.6619718074798584
Age: 50-65,352,0.532069981098175,0.3181818127632141,0.5,0.3888888955116272,0.6363636255264282
Race: White,352,0.6383928060531616,0.29411765933036804,0.5,0.37037035822868347,0.5882353186607361
Race: Black,352,0.4385964870452881,0.3392857015132904,0.5,0.40425533056259155,0.6785714626312256
Race: Other,352,0.4614378809928894,0.32692307233810425,0.5,0.39534884691238403,0.6538461446762085
Overall,353,0.5686311721801758,0.3122923672199249,0.5,0.384458065032959,0.6245846748352051
Gender: Male,353,0.5457009077072144,0.3253968358039856,0.5,0.39423078298568726,0.6507936120033264
Gender: Female,353,0.5947626829147339,0.2901785671710968,0.5,0.3672316372394562,0.5803571939468384
Age: <40,353,0.6371428966522217,0.3205128312110901,0.5,0.390625,0.6410256624221802
Age: 40-50,353,0.43249428272247314,0.31147539615631104,0.5,0.38383838534355164,0.6229507923126221
Age: 50-65,353,0.5264705419540405,0.2976190447807312,0.5,0.3731343150138855,0.5952380895614624
Race: White,353,0.6848039627075195,0.30534350872039795,0.5,0.379146933555603,0.6106870174407959
Race: Black,353,0.4714285731315613,0.2916666567325592,0.5,0.3684210479259491,0.5833333730697632
Race: Other,353,0.4950900077819824,0.3219178020954132,0.5,0.3916666805744171,0.6438356041908264
Overall,354,0.569521963596344,0.28378379344940186,0.5,0.36206895112991333,0.5675675868988037
Gender: Male,354,0.6048365831375122,0.2881355881690979,0.5,0.3655914068222046,0.5762711763381958
Gender: Female,354,0.514293909072876,0.27731093764305115,0.5,0.3567567467689514,0.5546218752861023
Age: <40,354,0.6194742918014526,0.26724138855934143,0.5,0.3483146131038666,0.5344827771186829
Age: 40-50,354,0.5986486673355103,0.25974026322364807,0.5,0.34188035130500793,0.5194805264472961
Age: 50-65,354,0.4754299521446228,0.3203883469104767,0.5,0.39053255319595337,0.6407766938209534
Race: White,354,0.6236110925674438,0.2950819730758667,0.5,0.3711340129375458,0.5901638865470886
Race: Black,354,0.6000000238418579,0.30000001192092896,0.5,0.375,0.5999999642372131
Race: Other,354,0.550835132598877,0.2718120813369751,0.5,0.35217392444610596,0.5436241626739502
Overall,355,0.5306187272071838,0.2775919735431671,0.5,0.3569892346858978,0.5551839470863342
Gender: Male,355,0.5625097751617432,0.265625,0.5,0.3469387888908386,0.53125
Gender: Female,355,0.505534291267395,0.29136690497398376,0.5,0.36818182468414307,0.5827338099479675
Age: <40,355,0.5949275493621826,0.268456369638443,0.5,0.34934496879577637,0.536912739276886
Age: 40-50,355,0.38104838132858276,0.2539682686328888,0.5,0.3368421196937561,0.5079365372657776
Age: 50-65,355,0.5420875549316406,0.3103448152542114,0.5,0.38297873735427856,0.6206896305084229
Race: White,355,0.635263204574585,0.30158731341362,0.5,0.3762376308441162,0.60317462682724
Race: Black,355,0.48051947355270386,0.2800000011920929,0.5,0.3589743673801422,0.5600000023841858
Race: Other,355,0.4521198868751526,0.2567567527294159,0.5,0.3392857015132904,0.5135135054588318
Overall,356,0.5009464621543884,0.2857142984867096,0.5,0.3636363744735718,0.5714285373687744
Gender: Male,356,0.5023209452629089,0.2989690601825714,0.5,0.37419354915618896,0.5979381203651428
Gender: Female,356,0.4810924232006073,0.2616822421550751,0.5,0.34355828166007996,0.5233644843101501
Age: <40,356,0.515625,0.30124223232269287,0.5,0.3759689927101135,0.6024844646453857
Age: 40-50,356,0.46551722288131714,0.26229506731033325,0.5,0.34408602118492126,0.5245901346206665
Age: 50-65,356,0.5167958736419678,0.2721518874168396,0.5,0.35245901346206665,0.544303834438324
Race: White,356,0.5902165174484253,0.2871287167072296,0.5,0.36477985978126526,0.5742574334144592
Race: Black,356,0.5746031999588013,0.2916666567325592,0.5,0.3684210479259491,0.5833333134651184
Race: Other,356,0.4491897523403168,0.2835365831851959,0.5,0.3618676960468292,0.5670731663703918
Overall,357,0.5287798643112183,0.2861842215061188,0.5,0.36401674151420593,0.5723684430122375
Gender: Male,357,0.5428571701049805,0.27848100662231445,0.5,0.35772356390953064,0.5569620132446289
Gender: Female,357,0.5217054486274719,0.2945205569267273,0.5,0.37068966031074524,0.5890411138534546
Age: <40,357,0.6114697456359863,0.2945736348628998,0.5,0.3707317113876343,0.5891472697257996
Age: 40-50,357,0.5077030658721924,0.2763157784938812,0.5,0.35593220591545105,0.5526315569877625
Age: 50-65,357,0.4435215890407562,0.28282827138900757,0.5,0.3612903356552124,0.5656565427780151
Race: White,357,0.6088135242462158,0.2798507511615753,0.5,0.35885167121887207,0.5597015023231506
Race: Black,357,0.5167464017868042,0.3166666626930237,0.5,0.3877550959587097,0.6333333849906921
Race: Other,357,0.4622916579246521,0.2857142984867096,0.5,0.3636363744735718,0.5714285969734192
Overall,358,0.5812149047851562,0.29870128631591797,0.5,0.3739837408065796,0.5974025726318359
Gender: Male,358,0.581811785697937,0.2908496856689453,0.5,0.3677685856819153,0.5816993713378906
Gender: Female,358,0.5945614576339722,0.30645161867141724,0.5,0.3799999952316284,0.6129032373428345
Age: <40,358,0.598813533782959,0.29194632172584534,0.5,0.3686440587043762,0.5838926434516907
Age: 40-50,358,0.6720142364501953,0.2537313401699066,0.5,0.3366336524486542,0.5074626803398132
Age: 50-65,358,0.506841778755188,0.34239131212234497,0.5,0.40645161271095276,0.6847826242446899
Race: White,358,0.6815789937973022,0.3140496015548706,0.5,0.3857868015766144,0.6280991435050964
Race: Black,358,0.5647059082984924,0.31481480598449707,0.5,0.3863636255264282,0.6296296119689941
Race: Other,358,0.5249243974685669,0.28437501192092896,0.5,0.3625498116016388,0.5687500238418579
Overall,359,0.5879765152931213,0.31418919563293457,0.5,0.3858921229839325,0.6283783912658691
Gender: Male,359,0.5756410360336304,0.2981366515159607,0.5,0.37354084849357605,0.5962733030319214
Gender: Female,359,0.6207407712936401,0.3333333432674408,0.5,0.4000000059604645,0.6666666269302368
Age: <40,359,0.6867995262145996,0.31196582317352295,0.5,0.3842105269432068,0.6239316463470459
Age: 40-50,359,0.5365853309631348,0.3014705777168274,0.5,0.3761467933654785,0.6029411554336548
Age: 50-65,359,0.5024929046630859,0.3243243098258972,0.5,0.39344263076782227,0.6486486792564392
Race: White,359,0.6268292665481567,0.29927006363868713,0.5,0.37442922592163086,0.5985401272773743
Race: Black,359,0.3235294222831726,0.3400000035762787,0.5,0.4047619104385376,0.6800000071525574
Race: Other,359,0.6001467704772949,0.3246268630027771,0.5,0.3936651647090912,0.6492537260055542
Overall,360,0.49495330452919006,0.300335556268692,0.5,0.375262051820755,0.6006711721420288
Gender: Male,360,0.5163004398345947,0.27483442425727844,0.5,0.35470086336135864,0.5496688485145569
Gender: Female,360,0.4742647111415863,0.3265306055545807,0.5,0.395061731338501,0.6530612111091614
Age: <40,360,0.5298795700073242,0.3120300769805908,0.5,0.38425925374031067,0.6240601539611816
Age: 40-50,360,0.47554129362106323,0.2986111044883728,0.5,0.373913049697876,0.5972222089767456
Age: 50-65,360,0.4627358615398407,0.2849462330341339,0.5,0.36301368474960327,0.5698924660682678
Race: White,360,0.5598173141479492,0.3093220293521881,0.5,0.3821989595890045,0.6186440587043762
Race: Black,360,0.5803571343421936,0.31578946113586426,0.5,0.3870967626571655,0.6315789222717285
Race: Other,360,0.42825204133987427,0.2887323796749115,0.5,0.3660714328289032,0.577464759349823
Overall,361,0.5514695048332214,0.31122449040412903,0.5,0.3836477994918823,0.6224489808082581
Gender: Male,361,0.5400218963623047,0.3137255012989044,0.5,0.3855421543121338,0.6274510025978088
Gender: Female,361,0.5696041584014893,0.3085106313228607,0.5,0.3815789520740509,0.6170212626457214
Age: <40,361,0.6494932174682617,0.30327868461608887,0.5,0.37755101919174194,0.6065573692321777
Age: 40-50,361,0.5025252103805542,0.35483869910240173,0.5,0.4150943458080292,0.7096773982048035
Age: 50-65,361,0.4789743423461914,0.2954545319080353,0.5,0.37142857909202576,0.5909090638160706
Race: White,361,0.6332916021347046,0.3219696879386902,0.5,0.39170506596565247,0.6439394354820251
Race: Black,361,0.6180555820465088,0.25,0.5,0.3333333432674408,0.5
Race: Other,361,0.4624329209327698,0.3115941882133484,0.5,0.3839285671710968,0.6231884360313416
Overall,362,0.5194987058639526,0.30276817083358765,0.5,0.3771551847457886,0.6055363416671753
Gender: Male,362,0.5979398488998413,0.29936304688453674,0.5,0.3745020031929016,0.5987261533737183
Gender: Female,362,0.4306463599205017,0.3068181872367859,0.5,0.3802816867828369,0.6136363744735718
Age: <40,362,0.5772783756256104,0.33208954334259033,0.5,0.3991031348705292,0.6641790866851807
Age: 40-50,362,0.38009047508239746,0.267123281955719,0.5,0.3482142984867096,0.534246563911438
Age: 50-65,362,0.5446808338165283,0.28658536076545715,0.5,0.3643410801887512,0.5731707215309143
Race: White,362,0.6374421119689941,0.30000001192092896,0.5,0.375,0.6000000238418579
Race: Black,362,0.5555555820465088,0.3214285671710968,0.5,0.3913043439388275,0.6428571939468384
Race: Other,362,0.4247899055480957,0.3014184534549713,0.5,0.3761062026023865,0.6028368473052979
Overall,363,0.5018876791000366,0.26724138855934143,0.5,0.3483146131038666,0.5344827771186829
Gender: Male,363,0.4781010150909424,0.2874999940395355,0.5,0.3650793731212616,0.574999988079071
Gender: Female,363,0.5287846326828003,0.24230769276618958,0.5,0.32642486691474915,0.48461538553237915
Age: <40,363,0.5962643623352051,0.2769230902194977,0.5,0.3564356565475464,0.5538461804389954
Age: 40-50,363,0.3444022536277771,0.26153847575187683,0.5,0.34343433380126953,0.5230769515037537
Age: 50-65,363,0.4800354838371277,0.25789472460746765,0.5,0.3402777910232544,0.5157895088195801
Race: White,363,0.5769975781440735,0.27131783962249756,0.5,0.35175880789756775,0.5426356792449951
Race: Black,363,0.5583333373069763,0.22727273404598236,0.5,0.3125,0.4545454680919647
Race: Other,363,0.4270833134651184,0.26978418231010437,0.5,0.3504672944545746,0.5395683646202087
Overall,364,0.5521978139877319,0.3074324429035187,0.5,0.38075312972068787,0.6148648858070374
Gender: Male,364,0.6019917726516724,0.32499998807907104,0.5,0.39393940567970276,0.6500000357627869
Gender: Female,364,0.493810772895813,0.2867647111415863,0.5,0.3644859790802002,0.5735294222831726
Age: <40,364,0.589180588722229,0.3333333432674408,0.5,0.4000000059604645,0.6666666269302368
Age: 40-50,364,0.36722689867019653,0.25362318754196167,0.5,0.3365384638309479,0.5072463750839233
Age: 50-65,364,0.6466552019119263,0.30813953280448914,0.5,0.38129496574401855,0.6162790656089783
Race: White,364,0.5997845530509949,0.3134920597076416,0.5,0.3853658437728882,0.626984179019928
Race: Black,364,0.5666666626930237,0.2368421107530594,0.5,0.3214285671710968,0.4736842215061188
Race: Other,364,0.5151175856590271,0.3112582862377167,0.5,0.38367345929145813,0.6225165724754333
Overall,365,0.5216512680053711,0.30298012495040894,0.5,0.3773195743560791,0.6059602499008179
Gender: Male,365,0.5391231775283813,0.3045977056026459,0.5,0.37857142090797424,0.6091954112052917
Gender: Female,365,0.502419114112854,0.30078125,0.5,0.37560975551605225,0.6015625
Age: <40,365,0.4751315116882324,0.308270663022995,0.5,0.3813953399658203,0.6165413856506348
Age: 40-50,365,0.4531340003013611,0.2797619104385376,0.5,0.35877862572669983,0.5595238208770752
Age: 50-65,365,0.6451612710952759,0.3176470696926117,0.5,0.3884892165660858,0.6352941393852234
Race: White,365,0.6326531171798706,0.2923728823661804,0.5,0.3689839541912079,0.5847457647323608
Race: Black,365,0.23529410362243652,0.3541666567325592,0.5,0.4146341383457184,0.7083333730697632
Race: Other,365,0.47897234559059143,0.3031249940395355,0.5,0.3774318993091583,0.606249988079071
Overall,366,0.48783162236213684,0.2996688783168793,0.5,0.37474119663238525,0.5993377566337585
Gender: Male,366,0.4988231658935547,0.3047337234020233,0.5,0.37867647409439087,0.6094674468040466
Gender: Female,366,0.47529137134552,0.29323309659957886,0.5,0.36966824531555176,0.5864661931991577
Age: <40,366,0.6064084768295288,0.308270663022995,0.5,0.3813953399658203,0.6165413856506348
Age: 40-50,366,0.3498738408088684,0.2928571403026581,0.5,0.36936935782432556,0.5857142806053162
Age: 50-65,366,0.4272497892379761,0.2929292917251587,0.5,0.36942675709724426,0.5858585834503174
Race: White,366,0.5252550840377808,0.2777777910232544,0.5,0.3571428656578064,0.5555555820465088
Race: Black,366,0.6000000238418579,0.2857142984867096,0.5,0.3636363744735718,0.5714285969734192
Race: Other,366,0.4472527503967285,0.3226950466632843,0.5,0.39224138855934143,0.6453900337219238
Overall,367,0.5622210502624512,0.28378379344940186,0.5,0.36206895112991333,0.5675675868988037
Gender: Male,367,0.5352965593338013,0.2978723347187042,0.5,0.3733333349227905,0.5957446694374084
Gender: Female,367,0.5900402069091797,0.2709677517414093,0.5,0.3514644205570221,0.5419355034828186
Age: <40,367,0.6623800992965698,0.2720588147640228,0.5,0.3523809611797333,0.5441176295280457
Age: 40-50,367,0.33382028341293335,0.25,0.5,0.3333333432674408,0.5
Age: 50-65,367,0.5656381845474243,0.33139535784721375,0.5,0.3986014127731323,0.6627907156944275
Race: White,367,0.6342095136642456,0.28321677446365356,0.5,0.3616071343421936,0.5664335489273071
Race: Black,367,0.5466666221618652,0.375,0.5,0.4285714328289032,0.75
Race: Other,367,0.5138888359069824,0.27067670226097107,0.5,0.35121950507164,0.5413534045219421
Overall,368,0.4814145267009735,0.29194632172584534,0.5,0.3686440587043762,0.5838926434516907
Gender: Male,368,0.5215533971786499,0.2893258333206177,0.5,0.3665480315685272,0.5786516666412354
Gender: Female,368,0.42540961503982544,0.2958333194255829,0.5,0.37172773480415344,0.5916666984558105
Age: <40,368,0.5043604373931885,0.30281689763069153,0.5,0.37719297409057617,0.6056337952613831
Age: 40-50,368,0.4350961446762085,0.27464789152145386,0.5,0.3545454442501068,0.5492957830429077
Age: 50-65,368,0.4761904776096344,0.28823530673980713,0.5,0.36567163467407227,0.5764706134796143
Race: White,368,0.5824096202850342,0.3120300769805908,0.5,0.38425925374031067,0.6240601539611816
Race: Black,368,0.5424836874008179,0.32692307233810425,0.5,0.39534884691238403,0.6538462042808533
Race: Other,368,0.4139293432235718,0.26618704199790955,0.5,0.34741783142089844,0.5323740839958191
Overall,369,0.5653456449508667,0.29264214634895325,0.5,0.3691983222961426,0.5852842926979065
Gender: Male,369,0.5198879241943359,0.29651162028312683,0.5,0.37226277589797974,0.5930232405662537
Gender: Female,369,0.624809741973877,0.28740158677101135,0.5,0.36500000953674316,0.5748031735420227
Age: <40,369,0.6753867864608765,0.31854838132858276,0.5,0.3891625702381134,0.6370967626571655
Age: 40-50,369,0.49547040462493896,0.2697368562221527,0.5,0.3504273593425751,0.5394737124443054
Age: 50-65,369,0.49462807178497314,0.2777777910232544,0.5,0.3571428656578064,0.5555555820465088
Race: White,369,0.6240347623825073,0.2846153974533081,0.5,0.36274510622024536,0.5692307949066162
Race: Black,369,0.5325443744659424,0.25,0.5,0.3333333432674408,0.5
Race: Other,369,0.5194214582443237,0.3076923191547394,0.5,0.380952388048172,0.615384578704834
Overall,370,0.5107438564300537,0.29900333285331726,0.5,0.3742203712463379,0.5980066061019897
Gender: Male,370,0.5093632936477661,0.2927631437778473,0.5,0.3692946135997772,0.5855263471603394
Gender: Female,370,0.5210306644439697,0.30536913871765137,0.5,0.3791666626930237,0.6107382774353027
Age: <40,370,0.5648989677429199,0.33582088351249695,0.5,0.4017857015132904,0.6716417670249939
Age: 40-50,370,0.4079365134239197,0.2535211145877838,0.5,0.336448609828949,0.5070422291755676
Age: 50-65,370,0.513668417930603,0.28125,0.5,0.36000001430511475,0.5625
Race: White,370,0.5929102897644043,0.27731093764305115,0.5,0.3567567467689514,0.5546218752861023
Race: Black,370,0.375,0.3333333432674408,0.5,0.4000000059604645,0.6666666865348816
Race: Other,370,0.4845237731933594,0.31012657284736633,0.5,0.3828125,0.6202532052993774
Overall,371,0.5863642692565918,0.2908163368701935,0.5,0.3677419424057007,0.5816326141357422
Gender: Male,371,0.5622749328613281,0.29518070816993713,0.5,0.3712121248245239,0.5903614163398743
Gender: Female,371,0.6211706399917603,0.28515625,0.5,0.3631840944290161,0.5703125
Age: <40,371,0.5677655935287476,0.30882352590560913,0.5,0.38181817531585693,0.6176470518112183
Age: 40-50,371,0.5356793403625488,0.2421875,0.5,0.3263157904148102,0.484375
Age: 50-65,371,0.6428571939468384,0.2978723347187042,0.5,0.3733333349227905,0.5957446694374084
Race: White,371,0.6697587966918945,0.3055555522441864,0.5,0.37931033968925476,0.6111111640930176
Race: Black,371,0.7194444537162781,0.2631579041481018,0.5,0.3448275923728943,0.5263158082962036
Race: Other,371,0.5069980621337891,0.2846153974533081,0.5,0.36274510622024536,0.5692307949066162
Overall,372,0.5218410491943359,0.2847457528114319,0.5,0.36285096406936646,0.5694915056228638
Gender: Male,372,0.5721461176872253,0.2760736048221588,0.5,0.35573121905326843,0.5521472096443176
Gender: Female,372,0.4582146406173706,0.2954545319080353,0.5,0.37142857909202576,0.5909091234207153
Age: <40,372,0.5490018129348755,0.28358209133148193,0.5,0.3619047701358795,0.5671641826629639
Age: 40-50,372,0.4852430820465088,0.2647058963775635,0.5,0.3461538553237915,0.529411792755127
Age: 50-65,372,0.518822431564331,0.301075279712677,0.5,0.3758389353752136,0.602150559425354
Race: White,372,0.6513506174087524,0.26249998807907104,0.5,0.3442623019218445,0.5250000357627869
Race: Black,372,0.4215686321258545,0.2931034564971924,0.5,0.3695652186870575,0.5862069129943848
Race: Other,372,0.4506269693374634,0.30136987566947937,0.5,0.3760683834552765,0.602739691734314
Overall,373,0.5810772180557251,0.29491525888442993,0.5,0.3710021376609802,0.5898305177688599
Gender: Male,373,0.6367753744125366,0.30263158679008484,0.5,0.37704917788505554,0.6052631735801697
Gender: Female,373,0.5205917358398438,0.28671327233314514,0.5,0.36444443464279175,0.5734265446662903
Age: <40,373,0.6498856544494629,0.31147539615631104,0.5,0.38383838534355164,0.6229507923126221
Age: 40-50,373,0.49561402201652527,0.23749999701976776,0.5,0.32203391194343567,0.4749999940395355
Age: 50-65,373,0.5848485231399536,0.32258063554763794,0.5,0.3921568691730499,0.6451612710952759
Race: White,373,0.6590517163276672,0.28985506296157837,0.5,0.3669724762439728,0.5797101259231567
Race: Black,373,0.4444444477558136,0.30000001192092896,0.5,0.375,0.6000000238418579
Race: Other,373,0.5370484590530396,0.2992957830429077,0.5,0.37444934248924255,0.5985915660858154
Overall,374,0.5028802156448364,0.2876712381839752,0.5,0.365217387676239,0.5753424763679504
Gender: Male,374,0.4621683359146118,0.2738853394985199,0.5,0.3539094626903534,0.5477707386016846
Gender: Female,374,0.5625863075256348,0.3037036955356598,0.5,0.37788018584251404,0.6074073910713196
Age: <40,374,0.5267369747161865,0.2896551787853241,0.5,0.36681222915649414,0.5793103575706482
Age: 40-50,374,0.4618736505508423,0.2786885201931,0.5,0.35789474844932556,0.5573770403862
Age: 50-65,374,0.4738888740539551,0.2906976640224457,0.5,0.36764705181121826,0.5813953280448914
Race: White,374,0.6116033792495728,0.2841726541519165,0.5,0.3623853325843811,0.568345308303833
Race: Black,374,0.4555555582046509,0.2631579041481018,0.5,0.3448275923728943,0.5263158082962036
Race: Other,374,0.3937859535217285,0.2947761118412018,0.5,0.3708920180797577,0.5895522236824036
Overall,375,0.5474448800086975,0.3024475574493408,0.5,0.37690630555152893,0.6048951148986816
Gender: Male,375,0.5370239019393921,0.3333333432674408,0.5,0.4000000059604645,0.6666666269302368
Gender: Female,375,0.5527362823486328,0.26377952098846436,0.5,0.34536081552505493,0.5275590419769287
Age: <40,375,0.5790790319442749,0.2890625,0.5,0.3663366436958313,0.578125
Age: 40-50,375,0.5357142686843872,0.33870968222618103,0.5,0.4038461446762085,0.6774193048477173
Age: 50-65,375,0.5236167311668396,0.296875,0.5,0.37254902720451355,0.59375
Race: White,375,0.6375129222869873,0.29921260476112366,0.5,0.37438422441482544,0.5984252095222473
Race: Black,375,0.4861111044883728,0.3199999928474426,0.5,0.39024388790130615,0.6399999856948853
Race: Other,375,0.4838108420372009,0.302238792181015,0.5,0.37674418091773987,0.60447758436203
Overall,376,0.5471335649490356,0.3175675570964813,0.5,0.38842976093292236,0.6351351737976074
Gender: Male,376,0.6072916984558105,0.3255814015865326,0.5,0.39436620473861694,0.6511628031730652
Gender: Female,376,0.46710526943206787,0.30645161867141724,0.5,0.3799999952316284,0.6129032373428345
Age: <40,376,0.6638298034667969,0.3507462739944458,0.5,0.41228070855140686,0.7014925479888916
Age: 40-50,376,0.3955357074737549,0.23880596458911896,0.5,0.3232323229312897,0.4776119291782379
Age: 50-65,376,0.533724308013916,0.3263157904148102,0.5,0.3949044644832611,0.6526315808296204
Race: White,376,0.5726311206817627,0.29389312863349915,0.5,0.3701923191547394,0.5877862572669983
Race: Black,376,0.6399999856948853,0.3333333432674408,0.5,0.4000000059604645,0.6666666865348816
Race: Other,376,0.5132349729537964,0.33666667342185974,0.5,0.4023904502391815,0.6733333468437195
Overall,377,0.5104204416275024,0.2847682237625122,0.5,0.3628692030906677,0.5695364475250244
Gender: Male,377,0.5505986213684082,0.28797468543052673,0.5,0.3654618561267853,0.5759493708610535
Gender: Female,377,0.46835196018218994,0.28125,0.5,0.36000001430511475,0.5625
Age: <40,377,0.5830247402191162,0.2631579041481018,0.5,0.3448275923728943,0.5263158082962036
Age: 40-50,377,0.3372092843055725,0.2866666615009308,0.5,0.3644067943096161,0.5733333230018616
Age: 50-65,377,0.5681818127632141,0.3053097426891327,0.5,0.3791208863258362,0.6106194853782654
Race: White,377,0.6166083812713623,0.2875817120075226,0.5,0.3651452362537384,0.5751634240150452
Race: Black,377,0.5625,0.3636363744735718,0.5,0.42105263471603394,0.7272727489471436
Race: Other,377,0.4187437891960144,0.26771652698516846,0.5,0.34871795773506165,0.5354330539703369
Overall,378,0.5887488126754761,0.2871621549129486,0.5,0.3648068606853485,0.5743243098258972
Gender: Male,378,0.54296875,0.2857142984867096,0.5,0.3636363744735718,0.5714285969734192
Gender: Female,378,0.651151180267334,0.2890625,0.5,0.3663366436958313,0.578125
Age: <40,378,0.6678646802902222,0.304964542388916,0.5,0.3788546323776245,0.609929084777832
Age: 40-50,378,0.46041667461395264,0.25806450843811035,0.5,0.3404255211353302,0.5161290168762207
Age: 50-65,378,0.5379924774169922,0.2795698940753937,0.5,0.35862070322036743,0.5591397881507874
Race: White,378,0.6520833373069763,0.2857142984867096,0.5,0.3636363744735718,0.5714285969734192
Race: Black,378,0.718181848526001,0.261904776096344,0.5,0.34375,0.523809552192688
Race: Other,378,0.501130223274231,0.2925925850868225,0.5,0.36915886402130127,0.585185170173645
Overall,379,0.5329057574272156,0.27627119421958923,0.5,0.35589519143104553,0.5525423884391785
Gender: Male,379,0.5263540744781494,0.2988165616989136,0.5,0.3740740716457367,0.5976331233978271
Gender: Female,379,0.5171370506286621,0.2460317462682724,0.5,0.3297872245311737,0.4920635223388672
Age: <40,379,0.5107526779174805,0.2633587718009949,0.5,0.3449999988079071,0.5267175436019897
Age: 40-50,379,0.6009358167648315,0.28205129504203796,0.5,0.3606557250022888,0.5641025900840759
Age: 50-65,379,0.5161111354827881,0.2906976640224457,0.5,0.36764705181121826,0.5813953280448914
Race: White,379,0.6590908765792847,0.2704918086528778,0.5,0.3510638177394867,0.5409835577011108
Race: Black,379,0.6388888955116272,0.3214285671710968,0.5,0.3913043439388275,0.6428571939468384
Race: Other,379,0.45051783323287964,0.27241379022598267,0.5,0.3526785671710968,0.5448275804519653
Overall,380,0.5064609050750732,0.29109588265419006,0.5,0.36796537041664124,0.5821917653083801
Gender: Male,380,0.4848484992980957,0.28285714983940125,0.5,0.3613138794898987,0.5657142996788025
Gender: Female,380,0.5401102304458618,0.3034188151359558,0.5,0.3776595890522003,0.6068376302719116
Age: <40,380,0.5250712633132935,0.31707316637039185,0.5,0.38805970549583435,0.6341463327407837
Age: 40-50,380,0.5613305568695068,0.2565789520740509,0.5,0.3391304314136505,0.5131579041481018
Age: 50-65,380,0.45896226167678833,0.2849462330341339,0.5,0.36301368474960327,0.5698924660682678
Race: White,380,0.5031025409698486,0.303846150636673,0.5,0.3779904246330261,0.607692301273346
Race: Black,380,0.6822916269302368,0.2857142984867096,0.5,0.3636363744735718,0.5714285969734192
Race: Other,380,0.4935593008995056,0.2798507511615753,0.5,0.35885167121887207,0.5597015023231506
Overall,381,0.6233395338058472,0.27013424038887024,0.5,0.3507625162601471,0.5402684807777405
Gender: Male,381,0.6351102590560913,0.2926829159259796,0.5,0.3692307770252228,0.5853658318519592
Gender: Female,381,0.6066889762878418,0.24253731966018677,0.5,0.32663315534591675,0.48507460951805115
Age: <40,381,0.6693657636642456,0.2888889014720917,0.5,0.3661971688270569,0.5777777433395386
Age: 40-50,381,0.4333333373069763,0.2535211145877838,0.5,0.336448609828949,0.5070422291755676
Age: 50-65,381,0.6992907524108887,0.2554347813129425,0.5,0.3381294906139374,0.510869562625885
Race: White,381,0.6803873777389526,0.27131783962249756,0.5,0.35175880789756775,0.5426356792449951
Race: Black,381,0.6286765336990356,0.24242424964904785,0.5,0.3265306055545807,0.4848484992980957
Race: Other,381,0.5715847015380859,0.2757352888584137,0.5,0.35545024275779724,0.5514705777168274
Overall,382,0.5475178956985474,0.2869415879249573,0.5,0.3646288216114044,0.5738831758499146
Gender: Male,382,0.5802364945411682,0.2823529541492462,0.5,0.36090224981307983,0.5647059082984924
Gender: Female,382,0.5002816915512085,0.2933884263038635,0.5,0.3697916567325592,0.586776852607727
Age: <40,382,0.5836594104766846,0.2947761118412018,0.5,0.3708920180797577,0.5895522236824036
Age: 40-50,382,0.47460314631462097,0.2916666567325592,0.5,0.3684210479259491,0.5833333134651184
Age: 50-65,382,0.5523968935012817,0.2705882489681244,0.5,0.35114502906799316,0.5411764979362488
Race: White,382,0.6376262903213501,0.28346458077430725,0.5,0.36180904507637024,0.5669291019439697
Race: Black,382,0.45454543828964233,0.32258063554763794,0.5,0.3921568691730499,0.6451612710952759
Race: Other,382,0.5052873492240906,0.28195488452911377,0.5,0.36057692766189575,0.5639097690582275
Overall,383,0.5129256248474121,0.2633333206176758,0.5,0.3449781537055969,0.5266667008399963
Gender: Male,383,0.530855119228363,0.25151515007019043,0.5,0.33467742800712585,0.5030303001403809
Gender: Female,383,0.49400001764297485,0.2777777910232544,0.5,0.3571428656578064,0.555555522441864
Age: <40,383,0.5710922479629517,0.2748091518878937,0.5,0.35467979311943054,0.5496183037757874
Age: 40-50,383,0.4541231095790863,0.2469879537820816,0.5,0.3306451737880707,0.4939758777618408
Age: 50-65,383,0.5138211250305176,0.2616279125213623,0.5,0.3435114622116089,0.5232558250427246
Race: White,383,0.5309408903121948,0.23863635957241058,0.5,0.32307693362236023,0.47727274894714355
Race: Black,383,0.5311355590820312,0.30882352590560913,0.5,0.38181817531585693,0.6176470518112183
Race: Other,383,0.4950450658798218,0.2761194109916687,0.5,0.35576921701431274,0.5522388219833374
Overall,384,0.5697254538536072,0.29491525888442993,0.5,0.3710021376609802,0.5898305177688599
Gender: Male,384,0.5507305264472961,0.3055555522441864,0.5,0.37931033968925476,0.6111111044883728
Gender: Female,384,0.5898032188415527,0.2847682237625122,0.5,0.3628692030906677,0.5695364475250244
Age: <40,384,0.6562091708183289,0.3191489279270172,0.5,0.3896103799343109,0.6382978558540344
Age: 40-50,384,0.5,0.2876712381839752,0.5,0.365217387676239,0.5753424763679504
Age: 50-65,384,0.5323565006256104,0.25925925374031067,0.5,0.3414634168148041,0.5185185074806213
Race: White,384,0.6352940797805786,0.27642276883125305,0.5,0.3560209572315216,0.5528454780578613
Race: Black,384,0.7380952835083008,0.3870967626571655,0.5,0.4363636374473572,0.774193525314331
Race: Other,384,0.5413393974304199,0.29078012704849243,0.5,0.36771300435066223,0.5815602540969849
Overall,385,0.525865912437439,0.28405314683914185,0.5,0.36228814721107483,0.5681062936782837
Gender: Male,385,0.558790922164917,0.27812498807907104,0.5,0.35742971301078796,0.5562500357627869
Gender: Female,385,0.5128152370452881,0.29078012704849243,0.5,0.36771300435066223,0.5815602540969849
Age: <40,385,0.5919833183288574,0.307407408952713,0.5,0.3807339370250702,0.614814817905426
Age: 40-50,385,0.4381944537162781,0.2631579041481018,0.5,0.3448275923728943,0.5263158082962036
Age: 50-65,385,0.509920597076416,0.2666666805744171,0.5,0.3478260934352875,0.5333333611488342
Race: White,385,0.6459435820579529,0.2666666805744171,0.5,0.3478260934352875,0.5333333015441895
Race: Black,385,0.4749999940395355,0.27272728085517883,0.5,0.3529411852359772,0.5454545617103577
Race: Other,385,0.4341600835323334,0.3020833432674408,0.5,0.37662336230278015,0.6041666865348816
Overall,386,0.5246548652648926,0.28355705738067627,0.5,0.36188435554504395,0.5671141147613525
Gender: Male,386,0.5195195078849792,0.27439025044441223,0.5,0.35433071851730347,0.5487804412841797
Gender: Female,386,0.5265822410583496,0.2947761118412018,0.5,0.3708920180797577,0.5895522236824036
Age: <40,386,0.5548114776611328,0.28125,0.5,0.36000001430511475,0.5625
Age: 40-50,386,0.45370370149612427,0.260869562625885,0.5,0.34285715222358704,0.52173912525177
Age: 50-65,386,0.5643442869186401,0.301980197429657,0.5,0.37654322385787964,0.603960394859314
Race: White,386,0.652084231376648,0.27819550037384033,0.5,0.35748791694641113,0.5563910007476807
Race: Black,386,0.509615421295166,0.3095238208770752,0.5,0.38235294818878174,0.6190476417541504
Race: Other,386,0.43312352895736694,0.2847222089767456,0.5,0.36283186078071594,0.569444477558136
Overall,387,0.5272108316421509,0.27906978130340576,0.5,0.35820895433425903,0.5581395030021667
Gender: Male,387,0.5270146131515503,0.2791410982608795,0.5,0.35826772451400757,0.558282196521759
Gender: Female,387,0.5233127474784851,0.27898550033569336,0.5,0.3581395447254181,0.5579710006713867
Age: <40,387,0.5332854986190796,0.2769230902194977,0.5,0.3564356565475464,0.5538461804389954
Age: 40-50,387,0.5861486196517944,0.26811593770980835,0.5,0.349056601524353,0.5362318754196167
Age: 50-65,387,0.4789121150970459,0.28921568393707275,0.5,0.3664596378803253,0.5784313678741455
Race: White,387,0.6209803819656372,0.2931034564971924,0.5,0.3695652186870575,0.5862069129943848
Race: Black,387,0.5555555820465088,0.2631579041481018,0.5,0.3448275923728943,0.5263158082962036
Race: Other,387,0.4334332346916199,0.2664233446121216,0.5,0.34761905670166016,0.5328466892242432
Overall,388,0.48256808519363403,0.30471381545066833,0.5,0.3786610960960388,0.6094275712966919
Gender: Male,388,0.5105459690093994,0.3132530152797699,0.5,0.385185182094574,0.626505970954895
Gender: Female,388,0.4523809552192688,0.29389312863349915,0.5,0.3701923191547394,0.5877862572669983
Age: <40,388,0.5670454502105713,0.34375,0.5,0.40740740299224854,0.6875
Age: 40-50,388,0.4540942907333374,0.22142857313156128,0.5,0.30693069100379944,0.44285714626312256
Age: 50-65,388,0.4167393147945404,0.31313130259513855,0.5,0.38509318232536316,0.6262626051902771
Race: White,388,0.5726195573806763,0.3093525171279907,0.5,0.3822222352027893,0.6187050342559814
Race: Black,388,0.7272727489471436,0.3055555522441864,0.5,0.37931033968925476,0.6111111044883728
Race: Other,388,0.3945578336715698,0.30000001192092896,0.5,0.375,0.6000000238418579
Overall,389,0.5246776938438416,0.3006644546985626,0.5,0.37551867961883545,0.6013289093971252
Gender: Male,389,0.5634565949440002,0.30397728085517883,0.5,0.37809187173843384,0.6079545617103577
Gender: Female,389,0.4819819927215576,0.29600000381469727,0.5,0.37185928225517273,0.5920000076293945
Age: <40,389,0.6006616353988647,0.3333333432674408,0.5,0.4000000059604645,0.6666666865348816
Age: 40-50,389,0.49102872610092163,0.26829269528388977,0.5,0.3492063581943512,0.5365853309631348
Age: 50-65,389,0.42098766565322876,0.2777777910232544,0.5,0.3571428656578064,0.5555555820465088
Race: White,389,0.5822011232376099,0.259398490190506,0.5,0.34158414602279663,0.518796980381012
Race: Black,389,0.3154761791229248,0.36206895112991333,0.5,0.41999998688697815,0.7241379022598267
Race: Other,389,0.5064102411270142,0.3273381292819977,0.5,0.395652174949646,0.6546762585639954
Overall,390,0.6279232501983643,0.2802547812461853,0.5,0.359183669090271,0.5605095624923706
Gender: Male,390,0.6266762614250183,0.2827380895614624,0.5,0.3612167239189148,0.5654761791229248
Gender: Female,390,0.6385564804077148,0.2773972749710083,0.5,0.3568281829357147,0.5547944903373718
Age: <40,390,0.6673077344894409,0.28260868787765503,0.5,0.3611111044883728,0.5652173757553101
Age: 40-50,390,0.46543776988983154,0.26271185278892517,0.5,0.3444444537162781,0.5254237055778503
Age: 50-65,390,0.6626865863800049,0.28632479906082153,0.5,0.364130437374115,0.5726495981216431
Race: White,390,0.6904677748680115,0.27483442425727844,0.5,0.35470086336135864,0.5496688485145569
Race: Black,390,0.4583333134651184,0.27272728085517883,0.5,0.3529411852359772,0.5454545617103577
Race: Other,390,0.5870370268821716,0.28723403811454773,0.5,0.36486485600471497,0.5744680762290955
Overall,391,0.5429863929748535,0.267123281955719,0.5,0.3482142984867096,0.534246563911438
Gender: Male,391,0.558062732219696,0.2668918967247009,0.5,0.3480176329612732,0.5337837934494019
Gender: Female,391,0.5159914493560791,0.2673611044883728,0.5,0.3484162986278534,0.5347222089767456
Age: <40,391,0.6106988191604614,0.2869565188884735,0.5,0.36464089155197144,0.573913037776947
Age: 40-50,391,0.46732836961746216,0.22142857313156128,0.5,0.30693069100379944,0.44285714626312256
Age: 50-65,391,0.5303672552108765,0.2757009267807007,0.5,0.35542169213294983,0.5514018535614014
Race: White,391,0.5863237380981445,0.26760563254356384,0.5,0.3486238420009613,0.5352112650871277
Race: Black,391,0.9259259700775146,0.25,0.5,0.3333333432674408,0.5
Race: Other,391,0.4636342525482178,0.26893940567970276,0.5,0.3497537076473236,0.5378788113594055
Overall,392,0.49357739090919495,0.2892976701259613,0.5,0.36652541160583496,0.5785953402519226
Gender: Male,392,0.4782313108444214,0.31012657284736633,0.5,0.3828125,0.6202532052993774
Gender: Female,392,0.5121212005615234,0.26595744490623474,0.5,0.3472222089767456,0.5319148898124695
Age: <40,392,0.5097031593322754,0.3016528785228729,0.5,0.37628865242004395,0.6033057570457458
Age: 40-50,392,0.4664842486381531,0.2792207896709442,0.5,0.3583333194255829,0.5584415793418884
Age: 50-65,392,0.5015949010848999,0.28217822313308716,0.5,0.3607594966888428,0.5643564462661743
Race: White,392,0.5925201177597046,0.26838234066963196,0.5,0.34928229451179504,0.5367646813392639
Race: Black,392,0.4743083119392395,0.3382352888584137,0.5,0.4035087823867798,0.6764705777168274
Race: Other,392,0.39685314893722534,0.2984496057033539,0.5,0.37378641963005066,0.5968992114067078
Overall,393,0.5508450269699097,0.30034130811691284,0.5,0.37526652216911316,0.6006825566291809
Gender: Male,393,0.6093189716339111,0.30392158031463623,0.5,0.37804877758026123,0.6078431606292725
Gender: Female,393,0.48784613609313965,0.2964285612106323,0.5,0.37219730019569397,0.5928571224212646
Age: <40,393,0.6688607931137085,0.3062015473842621,0.5,0.3798076808452606,0.6124030947685242
Age: 40-50,393,0.2739393711090088,0.2844827473163605,0.5,0.36263737082481384,0.568965494632721
Age: 50-65,393,0.5751488208770752,0.30188679695129395,0.5,0.3764705955982208,0.6037735939025879
Race: White,393,0.5957785844802856,0.3163265287876129,0.5,0.38749998807907104,0.6326530575752258
Race: Black,393,0.6794872283935547,0.25999999046325684,0.5,0.34210526943206787,0.5199999809265137
Race: Other,393,0.4935574233531952,0.28925618529319763,0.5,0.3664921522140503,0.5785123705863953
Overall,394,0.5342597365379333,0.28020134568214417,0.5,0.3591397702693939,0.5604026913642883
Gender: Male,394,0.5307407379150391,0.2551020383834839,0.5,0.3378378450870514,0.5102040767669678
Gender: Female,394,0.538872480392456,0.30463576316833496,0.5,0.3786008358001709,0.6092715263366699
Age: <40,394,0.5987402200698853,0.28709676861763,0.5,0.3647541105747223,0.57419353723526
Age: 40-50,394,0.4516128897666931,0.29605263471603394,0.5,0.3719008266925812,0.5921052694320679
Age: 50-65,394,0.4991087317466736,0.24626865983009338,0.5,0.33000001311302185,0.4925372898578644
Race: White,394,0.651461660861969,0.2460317462682724,0.5,0.3297872245311737,0.4920635223388672
Race: Black,394,0.8857142925262451,0.3684210479259491,0.5,0.42424243688583374,0.7368420958518982
Race: Other,394,0.4037575125694275,0.29738563299179077,0.5,0.37295082211494446,0.5947712659835815
Overall,395,0.5411381721496582,0.2840135991573334,0.5,0.3622559607028961,0.5680271983146667
Gender: Male,395,0.5654816627502441,0.2966666519641876,0.5,0.3723849356174469,0.59333336353302
Gender: Female,395,0.50388503074646,0.2708333432674408,0.5,0.3513513505458832,0.5416666865348816
Age: <40,395,0.5972288846969604,0.28437501192092896,0.5,0.3625498116016388,0.5687500238418579
Age: 40-50,395,0.4566993713378906,0.2571428716182709,0.5,0.3396226465702057,0.5142857432365417
Age: 50-65,395,0.4739583432674408,0.3125,0.5,0.38461539149284363,0.625
Race: White,395,0.6084558963775635,0.27419355511665344,0.5,0.3541666567325592,0.5483870506286621
Race: Black,395,0.75,0.32608696818351746,0.5,0.3947368562221527,0.6521739363670349
Race: Other,395,0.4858276844024658,0.2857142984867096,0.5,0.3636363744735718,0.5714285373687744
Overall,396,0.5284926891326904,0.28523489832878113,0.5,0.3632478713989258,0.5704697966575623
Gender: Male,396,0.47826915979385376,0.2925170063972473,0.5,0.3690987229347229,0.5850340127944946
Gender: Female,396,0.5717839002609253,0.2781457006931305,0.5,0.3574468195438385,0.556291401386261
Age: <40,396,0.5995596647262573,0.2829457223415375,0.5,0.36138615012168884,0.565891444683075
Age: 40-50,396,0.38138139247894287,0.25342464447021484,0.5,0.33636364340782166,0.5068492889404297
Age: 50-65,396,0.5300925970077515,0.3125,0.5,0.38461539149284363,0.625
Race: White,396,0.5954785346984863,0.29389312863349915,0.5,0.3701923191547394,0.5877862572669983
Race: Black,396,0.442307710647583,0.27586206793785095,0.5,0.35555556416511536,0.5517241358757019
Race: Other,396,0.4860549569129944,0.27898550033569336,0.5,0.3581395447254181,0.5579710006713867
Overall,397,0.5589887499809265,0.2966666519641876,0.5,0.3723849356174469,0.59333336353302
Gender: Male,397,0.5395869016647339,0.27124184370040894,0.5,0.35169491171836853,0.5424836874008179
Gender: Female,397,0.587854266166687,0.323129266500473,0.5,0.39256197214126587,0.6462584733963013
Age: <40,397,0.6131764650344849,0.31481480598449707,0.5,0.3863636255264282,0.6296296119689941
Age: 40-50,397,0.38217055797576904,0.2945205569267273,0.5,0.37068966031074524,0.5890411138534546
Age: 50-65,397,0.6266666650772095,0.27173912525177,0.5,0.35211268067359924,0.54347825050354
Race: White,397,0.6007106304168701,0.2904411852359772,0.5,0.367441862821579,0.5808823704719543
Race: Black,397,0.49122804403305054,0.27941176295280457,0.5,0.35849055647850037,0.5588235259056091
Race: Other,397,0.5254999399185181,0.3076923191547394,0.5,0.380952388048172,0.6153846383094788
Overall,398,0.5005133748054504,0.2831125855445862,0.5,0.36152219772338867,0.5662251710891724
Gender: Male,398,0.5408058166503906,0.2857142984867096,0.5,0.3636363744735718,0.5714285969734192
Gender: Female,398,0.45931416749954224,0.2804054021835327,0.5,0.35930734872817993,0.5608108043670654
Age: <40,398,0.6341414451599121,0.3103448152542114,0.5,0.38297873735427856,0.6206896305084229
Age: 40-50,398,0.28652751445770264,0.23846153914928436,0.5,0.3229166567325592,0.4769230782985687
Age: 50-65,398,0.4704762101173401,0.27173912525177,0.5,0.35211268067359924,0.54347825050354
Race: White,398,0.5201144218444824,0.2922535240650177,0.5,0.36888888478279114,0.5845070481300354
Race: Black,398,0.6543209552764893,0.3333333432674408,0.5,0.4000000059604645,0.6666666865348816
Race: Other,398,0.4859410524368286,0.2631579041481018,0.5,0.3448275923728943,0.5263158082962036
Overall,399,0.5588789582252502,0.30821916460990906,0.5,0.3813559412956238,0.6164383292198181
Gender: Male,399,0.5304281711578369,0.32248520851135254,0.5,0.39208632707595825,0.6449704170227051
Gender: Female,399,0.593986988067627,0.288617879152298,0.5,0.3659793734550476,0.577235758304596
Age: <40,399,0.6678571701049805,0.31343284249305725,0.5,0.38532111048698425,0.6268656849861145
Age: 40-50,399,0.4124820828437805,0.273333340883255,0.5,0.3534482717514038,0.54666668176651
Age: 50-65,399,0.5188311338424683,0.3313252925872803,0.5,0.39855071902275085,0.6626505851745605
Race: White,399,0.6368312835693359,0.3125,0.5,0.38461539149284363,0.625
Race: Black,399,0.4476190507411957,0.33870968222618103,0.5,0.4038461446762085,0.6774193048477173
Race: Other,399,0.5135869979858398,0.29487180709838867,0.5,0.3709677457809448,0.5897436141967773
Overall,400,0.531050980091095,0.26791808009147644,0.5,0.3488888740539551,0.5358361601829529
Gender: Male,400,0.511014461517334,0.27544909715652466,0.5,0.35521236062049866,0.5508981943130493
Gender: Female,400,0.5513241291046143,0.2579365074634552,0.5,0.3403141498565674,0.5158730745315552
Age: <40,400,0.5280537605285645,0.24786324799060822,0.5,0.33142855763435364,0.4957265257835388
Age: 40-50,400,0.609237551689148,0.2933333218097687,0.5,0.36974790692329407,0.5866667032241821
Age: 50-65,400,0.47667986154556274,0.27227723598480225,0.5,0.35256409645080566,0.5445544719696045
Race: White,400,0.5706614255905151,0.25630253553390503,0.5,0.33888888359069824,0.5126050710678101
Race: Black,400,0.591911792755127,0.25757575035095215,0.5,0.3400000035762787,0.5151515007019043
Race: Other,400,0.5010207891464233,0.28014183044433594,0.5,0.3590908944606781,0.5602836608886719
Overall,401,0.5482853055000305,0.3060200810432434,0.5,0.37966805696487427,0.612040102481842
Gender: Male,401,0.5565232038497925,0.30573248863220215,0.5,0.3794466257095337,0.6114649772644043
Gender: Female,401,0.5402299165725708,0.30633804202079773,0.5,0.37991267442703247,0.6126760244369507
Age: <40,401,0.5904373526573181,0.32568806409835815,0.5,0.39444443583488464,0.6513761281967163
Age: 40-50,401,0.4159468412399292,0.2756410241127014,0.5,0.35537189245224,0.5512820482254028
Age: 50-65,401,0.6006066799163818,0.3080357015132904,0.5,0.38121548295021057,0.6160714626312256
Race: White,401,0.6710015535354614,0.31081080436706543,0.5,0.38333332538604736,0.6216216087341309
Race: Black,401,0.3958333134651184,0.3199999928474426,0.5,0.39024388790130615,0.6399999856948853
Race: Other,401,0.44653594493865967,0.2976190447807312,0.5,0.3731343150138855,0.5952381491661072
Overall,402,0.559712290763855,0.3050000071525574,0.5,0.3788819909095764,0.6100000143051147
Gender: Male,402,0.5307881832122803,0.3041957914829254,0.5,0.37826088070869446,0.6083915829658508
Gender: Female,402,0.5840164422988892,0.30573248863220215,0.5,0.3794466257095337,0.6114649772644043
Age: <40,402,0.6861598491668701,0.3187919557094574,0.5,0.3893442749977112,0.6375839114189148
Age: 40-50,402,0.4344444274902344,0.2950819730758667,0.5,0.3711340129375458,0.5901638865470886
Age: 50-65,402,0.43977734446525574,0.2888889014720917,0.5,0.3661971688270569,0.5777778029441833
Race: White,402,0.6118652820587158,0.302325576543808,0.5,0.37681159377098083,0.604651153087616
Race: Black,402,0.7644230723381042,0.27586206793785095,0.5,0.35555556416511536,0.5517241358757019
Race: Other,402,0.49056607484817505,0.31338027119636536,0.5,0.38528138399124146,0.6267605423927307
Overall,403,0.519001841545105,0.2635135054588318,0.5,0.3451327383518219,0.5270270109176636
Gender: Male,403,0.5522222518920898,0.28125,0.5,0.36000001430511475,0.5625
Gender: Female,403,0.46450215578079224,0.24264705181121826,0.5,0.32673266530036926,0.4852941334247589
Age: <40,403,0.5761408805847168,0.28125,0.5,0.36000001430511475,0.5625
Age: 40-50,403,0.4569256901741028,0.23188406229019165,0.5,0.31683167815208435,0.4637681245803833
Age: 50-65,403,0.5,0.2626262605190277,0.5,0.34437087178230286,0.5252525210380554
Race: White,403,0.5590146780014038,0.258169949054718,0.5,0.3405172526836395,0.516339898109436
Race: Black,403,0.5333333015441895,0.14705882966518402,0.5,0.22727273404598236,0.29411765933036804
Race: Other,403,0.451646089553833,0.2857142984867096,0.5,0.3636363744735718,0.5714285969734192
Overall,404,0.5766913890838623,0.2804054021835327,0.5,0.35930734872817993,0.5608108043670654
Gender: Male,404,0.5999331474304199,0.28205129504203796,0.5,0.3606557250022888,0.5641025900840759
Gender: Female,404,0.5519024133682251,0.2785714268684387,0.5,0.35779815912246704,0.5571428537368774
Age: <40,404,0.625507116317749,0.2698412835597992,0.5,0.3505154550075531,0.5396825671195984
Age: 40-50,404,0.4811060130596161,0.2348484843969345,0.5,0.3195876181125641,0.4696969985961914
Age: 50-65,404,0.5554659366607666,0.32211539149284363,0.5,0.39181286096572876,0.6442307829856873
Race: White,404,0.5987985134124756,0.2862318754196167,0.5,0.3640553057193756,0.5724637508392334
Race: Black,404,0.7636363506317139,0.15625,0.5,0.2380952388048172,0.3125
Race: Other,404,0.5410568714141846,0.2887323796749115,0.5,0.3660714328289032,0.577464759349823
Overall,405,0.4909803867340088,0.2622377574443817,0.5,0.34403669834136963,0.5244755148887634
Gender: Male,405,0.42614221572875977,0.2679738700389862,0.5,0.34893617033958435,0.5359477400779724
Gender: Female,405,0.5527149438858032,0.25563910603523254,0.5,0.3383084535598755,0.5112782120704651
Age: <40,405,0.5158898830413818,0.2398373931646347,0.5,0.3241758346557617,0.4796747863292694
Age: 40-50,405,0.5587121248245239,0.2538461685180664,0.5,0.33673468232154846,0.5076923370361328
Age: 50-65,405,0.45258623361587524,0.29591837525367737,0.5,0.3717948794364929,0.5918367505073547
Race: White,405,0.5235294103622437,0.27642276883125305,0.5,0.3560209572315216,0.5528454780578613
Race: Black,405,0.5303030014038086,0.239130437374115,0.5,0.3235294222831726,0.47826087474823
Race: Other,405,0.4735660254955292,0.25357142090797424,0.5,0.3364928960800171,0.5071428418159485
Overall,406,0.5409356355667114,0.28787878155708313,0.5,0.36538460850715637,0.5757575631141663
Gender: Male,406,0.5521177053451538,0.29190751910209656,0.5,0.3686131238937378,0.5838150382041931
Gender: Female,406,0.5232803821563721,0.2822580635547638,0.5,0.36082473397254944,0.5645161271095276
Age: <40,406,0.6093107461929321,0.2857142984867096,0.5,0.3636363744735718,0.5714285969734192
Age: 40-50,406,0.41963016986846924,0.25333333015441895,0.5,0.3362831771373749,0.5066666603088379
Age: 50-65,406,0.5522248148918152,0.3177083432674408,0.5,0.3885350227355957,0.6354166865348816
Race: White,406,0.5923163890838623,0.2798507511615753,0.5,0.35885167121887207,0.5597015023231506
Race: Black,406,0.5164835453033447,0.25925925374031067,0.5,0.3414634168148041,0.5185185074806213
Race: Other,406,0.49277329444885254,0.3014705777168274,0.5,0.3761467933654785,0.6029411554336548
Overall,407,0.5098916292190552,0.27424749732017517,0.5,0.3542116582393646,0.5484949946403503
Gender: Male,407,0.5270936489105225,0.3041957914829254,0.5,0.37826088070869446,0.6083915829658508
Gender: Female,407,0.4908762276172638,0.24679486453533173,0.5,0.33047211170196533,0.49358975887298584
Age: <40,407,0.5369718074798584,0.27952754497528076,0.5,0.3585858643054962,0.5590550899505615
Age: 40-50,407,0.38482141494750977,0.26119402050971985,0.5,0.343137264251709,0.5223880410194397
Age: 50-65,407,0.5484225749969482,0.27619048953056335,0.5,0.3558282256126404,0.5523809790611267
Race: White,407,0.6221714019775391,0.2738095223903656,0.5,0.35384616255760193,0.547619104385376
Race: Black,407,0.40109890699386597,0.24074074625968933,0.5,0.32499998807907104,0.48148149251937866
Race: Other,407,0.4312118887901306,0.28082191944122314,0.5,0.359649121761322,0.5616438388824463
Overall,408,0.6008603572845459,0.29006409645080566,0.5,0.3671399652957916,0.5801281929016113
Gender: Male,408,0.5789856910705566,0.28143712878227234,0.5,0.3601532578468323,0.5628742575645447
Gender: Female,408,0.6292113065719604,0.30000001192092896,0.5,0.375,0.6000000238418579
Age: <40,408,0.6545454263687134,0.304964542388916,0.5,0.3788546323776245,0.609929084777832
Age: 40-50,408,0.5533596277236938,0.2946428656578064,0.5,0.37078651785850525,0.5892857313156128
Age: 50-65,408,0.5584297180175781,0.269565224647522,0.5,0.3502824902534485,0.5391303896903992
Race: White,408,0.6624424457550049,0.2876712381839752,0.5,0.365217387676239,0.5753424763679504
Race: Black,408,0.7785714268684387,0.2916666567325592,0.5,0.3684210479259491,0.5833333730697632
Race: Other,408,0.5319583415985107,0.2922535240650177,0.5,0.36888888478279114,0.5845070481300354
Overall,409,0.477280855178833,0.2847682237625122,0.5,0.3628692030906677,0.5695364475250244
Gender: Male,409,0.4976388216018677,0.2816455662250519,0.5,0.36032387614250183,0.5632911324501038
Gender: Female,409,0.4582263231277466,0.2881944477558136,0.5,0.36563876271247864,0.5763888955116272
Age: <40,409,0.536314845085144,0.2847682237625122,0.5,0.3628692030906677,0.5695364475250244
Age: 40-50,409,0.3235294222831726,0.2786885201931,0.5,0.35789474844932556,0.5573770403862
Age: 50-65,409,0.4934210777282715,0.2888889014720917,0.5,0.3661971688270569,0.5777778029441833
Race: White,409,0.565648078918457,0.2644927501678467,0.5,0.34597155451774597,0.5289855003356934
Race: Black,409,0.48571425676345825,0.2916666567325592,0.5,0.3684210479259491,0.5833333730697632
Race: Other,409,0.39893049001693726,0.3035714328289032,0.5,0.3777777850627899,0.6071428656578064
Overall,410,0.515997052192688,0.3125,0.5,0.38461539149284363,0.625
Gender: Male,410,0.5042372941970825,0.32335329055786133,0.5,0.3927272856235504,0.6467065811157227
Gender: Female,410,0.5454545021057129,0.2984496057033539,0.5,0.37378641963005066,0.5968992114067078
Age: <40,410,0.5437465906143188,0.31889763474464417,0.5,0.38942307233810425,0.6377952694892883
Age: 40-50,410,0.40968799591064453,0.2957746386528015,0.5,0.37168142199516296,0.591549277305603
Age: 50-65,410,0.564068078994751,0.3163265287876129,0.5,0.38749998807907104,0.6326530575752258
Race: White,410,0.6661874651908875,0.3057851195335388,0.5,0.37948718667030334,0.6115702390670776
Race: Black,410,0.46190476417541504,0.33870968222618103,0.5,0.4038461446762085,0.6774193048477173
Race: Other,410,0.4135802388191223,0.3125,0.5,0.38461539149284363,0.625
Overall,411,0.5201845169067383,0.2647058963775635,0.5,0.3461538553237915,0.529411792755127
Gender: Male,411,0.5047957897186279,0.26023390889167786,0.5,0.3423076868057251,0.5204678177833557
Gender: Female,411,0.5570023059844971,0.2711864411830902,0.5,0.35164836049079895,0.5423728823661804
Age: <40,411,0.5540428161621094,0.24583333730697632,0.5,0.3296089470386505,0.491666704416275
Age: 40-50,411,0.49632352590560913,0.25757575035095215,0.5,0.3400000035762787,0.5151515007019043
Age: 50-65,411,0.4775193929672241,0.291262149810791,0.5,0.3680981695652008,0.582524299621582
Race: White,411,0.6425691246986389,0.26271185278892517,0.5,0.3444444537162781,0.5254237055778503
Race: Black,411,0.49166667461395264,0.3125,0.5,0.38461539149284363,0.625
Race: Other,411,0.43289145827293396,0.25539568066596985,0.5,0.3380952477455139,0.5107913613319397
Overall,412,0.5293204188346863,0.2710437774658203,0.5,0.3515283763408661,0.5420875549316406
Gender: Male,412,0.5682265758514404,0.2835365831851959,0.5,0.3618676960468292,0.5670731663703918
Gender: Female,412,0.4780542850494385,0.25563910603523254,0.5,0.3383084535598755,0.5112782120704651
Age: <40,412,0.6007211208343506,0.3030303120613098,0.5,0.37735849618911743,0.6060606241226196
Age: 40-50,412,0.4384384751319885,0.25342464447021484,0.5,0.33636364340782166,0.5068492889404297
Age: 50-65,412,0.4881628751754761,0.239130437374115,0.5,0.3235294222831726,0.47826087474823
Race: White,412,0.523518443107605,0.28629031777381897,0.5,0.3641025722026825,0.5725806355476379
Race: Black,412,0.6483516693115234,0.25925925374031067,0.5,0.3414634168148041,0.5185185074806213
Race: Other,412,0.5095864534378052,0.2602739632129669,0.5,0.342342346906662,0.5205479264259338
Overall,413,0.5705579519271851,0.2696245610713959,0.5,0.3503325879573822,0.5392491221427917
Gender: Male,413,0.5958046913146973,0.30194804072380066,0.5,0.37651821970939636,0.6038960814476013
Gender: Female,413,0.5056133270263672,0.23381294310092926,0.5,0.3186274468898773,0.4676259160041809
Age: <40,413,0.5530256032943726,0.2678571343421936,0.5,0.3488371968269348,0.5357142686843872
Age: 40-50,413,0.5095238089561462,0.2586206793785095,0.5,0.34090909361839294,0.517241358757019
Age: 50-65,413,0.6460018157958984,0.2789473831653595,0.5,0.3581081032752991,0.557894766330719
Race: White,413,0.6101009845733643,0.261904776096344,0.5,0.34375,0.523809552192688
Race: Black,413,0.6173468828201294,0.25,0.5,0.3333333432674408,0.5
Race: Other,413,0.5311055183410645,0.28057554364204407,0.5,0.35944700241088867,0.5611510872840881
Overall,414,0.5986956357955933,0.3050847351551056,0.5,0.378947377204895,0.6101694703102112
Gender: Male,414,0.5303441882133484,0.290909081697464,0.5,0.36781609058380127,0.581818163394928
Gender: Female,414,0.6860766410827637,0.32307693362236023,0.5,0.3925233781337738,0.6461538672447205
Age: <40,414,0.6824561357498169,0.3321678340435028,0.5,0.39915966987609863,0.6643356680870056
Age: 40-50,414,0.4165085554122925,0.26153847575187683,0.5,0.34343433380126953,0.5230769515037537
Age: 50-65,414,0.5969499349594116,0.2931034564971924,0.5,0.3695652186870575,0.5862069129943848
Race: White,414,0.6503235101699829,0.28709676861763,0.5,0.3647541105747223,0.57419353723526
Race: Black,414,0.5,0.2857142984867096,0.5,0.3636363744735718,0.5714285969734192
Race: Other,414,0.554430365562439,0.33193278312683105,0.5,0.39898988604545593,0.6638655662536621
Overall,415,0.5817521810531616,0.28378379344940186,0.5,0.36206895112991333,0.5675675868988037
Gender: Male,415,0.5482093691825867,0.30000001192092896,0.5,0.375,0.5999999642372131
Gender: Female,415,0.623889684677124,0.2633587718009949,0.5,0.3449999988079071,0.5267175436019897
Age: <40,415,0.6476035118103027,0.2786885201931,0.5,0.35789474844932556,0.5573770403862
Age: 40-50,415,0.5299144983291626,0.25,0.5,0.3333333432674408,0.5
Age: 50-65,415,0.5442622900009155,0.3177083432674408,0.5,0.3885350227355957,0.6354166865348816
Race: White,415,0.586850643157959,0.27304965257644653,0.5,0.35321101546287537,0.5460992455482483
Race: Black,415,0.4197530746459961,0.3333333432674408,0.5,0.4000000059604645,0.6666666865348816
Race: Other,415,0.6084682941436768,0.28515625,0.5,0.3631840944290161,0.5703125
Overall,416,0.5487490892410278,0.3044217824935913,0.5,0.37843552231788635,0.6088435053825378
Gender: Male,416,0.5536398887634277,0.31528663635253906,0.5,0.38671875,0.6305732727050781
Gender: Female,416,0.546491265296936,0.29197078943252563,0.5,0.36866360902786255,0.5839415788650513
Age: <40,416,0.5526676177978516,0.31386861205101013,0.5,0.3856502175331116,0.6277372241020203
Age: 40-50,416,0.4765714406967163,0.2916666567325592,0.5,0.3684210479259491,0.5833333730697632
Age: 50-65,416,0.5658709406852722,0.2989690601825714,0.5,0.37419354915618896,0.5979381203651428
Race: White,416,0.613646388053894,0.3093525171279907,0.5,0.3822222352027893,0.6187050342559814
Race: Black,416,0.4615384638309479,0.3095238208770752,0.5,0.38235294818878174,0.6190476417541504
Race: Other,416,0.5094907283782959,0.2985074520111084,0.5,0.37383177876472473,0.5970149040222168
Overall,417,0.5466341972351074,0.30584192276000977,0.5,0.3795309066772461,0.6116838455200195
Gender: Male,417,0.5441997051239014,0.3132530152797699,0.5,0.385185182094574,0.626505970954895
Gender: Female,417,0.5402755737304688,0.29600000381469727,0.5,0.37185928225517273,0.5920000076293945
Age: <40,417,0.5351857542991638,0.32083332538604736,0.5,0.39086294174194336,0.6416667103767395
Age: 40-50,417,0.46551722288131714,0.24576270580291748,0.5,0.3295454680919647,0.49152541160583496
Age: 50-65,417,0.6086805462837219,0.3214285671710968,0.5,0.3913043439388275,0.6428571939468384
Race: White,417,0.6720930337905884,0.304964542388916,0.5,0.3788546323776245,0.609929084777832
Race: Black,417,0.41911765933036804,0.3400000035762787,0.5,0.4047619104385376,0.6800000071525574
Race: Other,417,0.4306666851043701,0.30000001192092896,0.5,0.375,0.6000000238418579
Overall,418,0.5370993614196777,0.2929292917251587,0.5,0.36942675709724426,0.5858585834503174
Gender: Male,418,0.5538206100463867,0.2756410241127014,0.5,0.35537189245224,0.5512820482254028
Gender: Female,418,0.5242281556129456,0.3120567500591278,0.5,0.3842794895172119,0.6241134405136108
Age: <40,418,0.6291884183883667,0.303846150636673,0.5,0.3779904246330261,0.607692301273346
Age: 40-50,418,0.47132354974746704,0.2702702581882477,0.5,0.35087719559669495,0.5405405759811401
Age: 50-65,418,0.4459330439567566,0.2956989109516144,0.5,0.37162160873413086,0.5913978219032288
Race: White,418,0.5602884292602539,0.31521740555763245,0.5,0.3866666555404663,0.6304348111152649
Race: Black,418,0.5791666507720947,0.25806450843811035,0.5,0.3404255211353302,0.5161290168762207
Race: Other,418,0.5156906843185425,0.27734375,0.5,0.356783926486969,0.5546875
Overall,419,0.5587316155433655,0.28523489832878113,0.5,0.3632478713989258,0.5704697966575623
Gender: Male,419,0.5860531330108643,0.2927631437778473,0.5,0.3692946135997772,0.5855263471603394
Gender: Female,419,0.5259259343147278,0.2773972749710083,0.5,0.3568281829357147,0.5547944903373718
Age: <40,419,0.6012048721313477,0.2902098000049591,0.5,0.36725664138793945,0.5804196000099182
Age: 40-50,419,0.5037537813186646,0.24657534062862396,0.5,0.3302752375602722,0.4931506812572479
Age: 50-65,419,0.5249841809272766,0.3109756112098694,0.5,0.3834586441516876,0.6219512224197388
Race: White,419,0.6343283653259277,0.2589927911758423,0.5,0.3412322402000427,0.5179856419563293
Race: Black,419,0.6333333253860474,0.32608696818351746,0.5,0.3947368562221527,0.6521739363670349
Race: Other,419,0.4880654215812683,0.30514705181121826,0.5,0.37899544835090637,0.6102941036224365
Overall,420,0.6207503080368042,0.2935483753681183,0.5,0.36991870403289795,0.5870967507362366
Gender: Male,420,0.6781851053237915,0.3095238208770752,0.5,0.38235294818878174,0.6190476417541504
Gender: Female,420,0.5526843070983887,0.27464789152145386,0.5,0.3545454442501068,0.5492957830429077
Age: <40,420,0.7052966356277466,0.28776979446411133,0.5,0.3652968108654022,0.5755395889282227
Age: 40-50,420,0.5183645486831665,0.2565789520740509,0.5,0.3391304314136505,0.5131579041481018
Age: 50-65,420,0.5848214626312256,0.33157894015312195,0.5,0.3987341821193695,0.6631579399108887
Race: White,420,0.6572827100753784,0.30069929361343384,0.5,0.375545859336853,0.6013985872268677
Race: Black,420,0.6666666269302368,0.2222222238779068,0.5,0.3076923191547394,0.4444444477558136
Race: Other,420,0.5707908272743225,0.30000001192092896,0.5,0.375,0.6000000238418579
Overall,421,0.5646499395370483,0.2889610528945923,0.5,0.36625513434410095,0.5779221057891846
Gender: Male,421,0.526117205619812,0.290909081697464,0.5,0.36781609058380127,0.581818163394928
Gender: Female,421,0.6169532537460327,0.28671327233314514,0.5,0.36444443464279175,0.5734265446662903
Age: <40,421,0.6309523582458496,0.30882352590560913,0.5,0.38181817531585693,0.6176470518112183
Age: 40-50,421,0.4590368866920471,0.2562499940395355,0.5,0.3388429880142212,0.512499988079071
Age: 50-65,421,0.5563619136810303,0.28804346919059753,0.5,0.3655172288417816,0.5760869383811951
Race: White,421,0.6292647123336792,0.28999999165534973,0.5,0.3670886158943176,0.5800000429153442
Race: Black,421,0.730555534362793,0.2631579041481018,0.5,0.3448275923728943,0.5263158082962036
Race: Other,421,0.4570278823375702,0.2958333194255829,0.5,0.37172773480415344,0.5916666984558105
Overall,422,0.4929872155189514,0.2908163368701935,0.5,0.3677419424057007,0.5816326141357422
Gender: Male,422,0.513214111328125,0.27812498807907104,0.5,0.35742971301078796,0.5562500357627869
Gender: Female,422,0.46505627036094666,0.305970162153244,0.5,0.37962964177131653,0.6119402647018433
Age: <40,422,0.4854421615600586,0.30241936445236206,0.5,0.37688443064689636,0.6048386693000793
Age: 40-50,422,0.6193798780441284,0.2054794579744339,0.5,0.291262149810791,0.4109588861465454
Age: 50-65,422,0.38807427883148193,0.34020617604255676,0.5,0.4049079716205597,0.6804123520851135
Race: White,422,0.5875706672668457,0.2798507511615753,0.5,0.35885167121887207,0.5597015023231506
Race: Black,422,0.5634920597076416,0.30434781312942505,0.5,0.37837839126586914,0.6086956858634949
Race: Other,422,0.3999999761581421,0.29927006363868713,0.5,0.37442922592163086,0.5985401272773743
Overall,423,0.6204159259796143,0.28999999165534973,0.5,0.3670886158943176,0.5800000429153442
Gender: Male,423,0.6149253845214844,0.29320988059043884,0.5,0.3696497976779938,0.5864197611808777
Gender: Female,423,0.6333404779434204,0.2862318754196167,0.5,0.3640553057193756,0.5724637508392334
Age: <40,423,0.7390764951705933,0.2945736348628998,0.5,0.3707317113876343,0.5891472697257996
Age: 40-50,423,0.4731355309486389,0.2986111044883728,0.5,0.373913049697876,0.5972222089767456
Age: 50-65,423,0.5847107172012329,0.2777777910232544,0.5,0.3571428656578064,0.5555555820465088
Race: White,423,0.6787054538726807,0.305970162153244,0.5,0.37962964177131653,0.6119402647018433
Race: Black,423,0.6761133670806885,0.203125,0.5,0.2888889014720917,0.40625
Race: Other,423,0.5599539279937744,0.2947761118412018,0.5,0.3708920180797577,0.5895522236824036
Overall,424,0.44988924264907837,0.28282827138900757,0.5,0.3612903356552124,0.5656565427780151
Gender: Male,424,0.41025638580322266,0.2791410982608795,0.5,0.35826772451400757,0.558282196521759
Gender: Female,424,0.49305078387260437,0.28731343150138855,0.5,0.3649289011955261,0.5746268630027771
Age: <40,424,0.5134751796722412,0.3381294906139374,0.5,0.4034334719181061,0.6762589812278748
Age: 40-50,424,0.28754210472106934,0.2884615361690521,0.5,0.3658536672592163,0.5769230723381042
Age: 50-65,424,0.4219067096710205,0.18125000596046448,0.5,0.26605504751205444,0.36250001192092896
Race: White,424,0.4177890121936798,0.2750000059604645,0.5,0.35483869910240173,0.550000011920929
Race: Black,424,0.625,0.3571428656578064,0.5,0.4166666567325592,0.7142857313156128
Race: Other,424,0.45431381464004517,0.2751677930355072,0.5,0.3549783527851105,0.5503355860710144
Overall,425,0.5203746557235718,0.2946127951145172,0.5,0.3707627058029175,0.5892255902290344
Gender: Male,425,0.5595238208770752,0.30821916460990906,0.5,0.3813559412956238,0.6164383292198181
Gender: Female,425,0.48734402656555176,0.28145694732666016,0.5,0.36016950011253357,0.5629138946533203
Age: <40,425,0.6483957767486572,0.316546767950058,0.5,0.3876652121543884,0.633093535900116
Age: 40-50,425,0.2783673405647278,0.25,0.5,0.3333333432674408,0.5
Age: 50-65,425,0.5208333730697632,0.2954545319080353,0.5,0.37142857909202576,0.5909091234207153
Race: White,425,0.5405405759811401,0.29133859276771545,0.5,0.3681592047214508,0.5826771855354309
Race: Black,425,0.5701754093170166,0.30645161867141724,0.5,0.3799999952316284,0.6129032373428345
Race: Other,425,0.5034232139587402,0.2949640154838562,0.5,0.3710407316684723,0.5899280905723572
Overall,426,0.5461807250976562,0.2915254235267639,0.5,0.3683083653450012,0.5830508470535278
Gender: Male,426,0.5684210062026978,0.2777777910232544,0.5,0.3571428656578064,0.5555555820465088
Gender: Female,426,0.5382702350616455,0.3104838728904724,0.5,0.38308456540107727,0.6209677457809448
Age: <40,426,0.6629308462142944,0.329365074634552,0.5,0.3971291780471802,0.6587302088737488
Age: 40-50,426,0.4512694478034973,0.23571428656578064,0.5,0.3203883469104767,0.4714285731315613
Age: 50-65,426,0.47508305311203003,0.28282827138900757,0.5,0.3612903356552124,0.5656565427780151
Race: White,426,0.5932203531265259,0.28308823704719543,0.5,0.36150234937667847,0.5661764740943909
Race: Black,426,0.4385026693344116,0.3035714328289032,0.5,0.3777777850627899,0.6071428656578064
Race: Other,426,0.5116110444068909,0.2977099120616913,0.5,0.3732057511806488,0.5954198241233826
Overall,427,0.5160732865333557,0.2929292917251587,0.5,0.36942675709724426,0.5858585834503174
Gender: Male,427,0.5035128593444824,0.2993420958518982,0.5,0.374485582113266,0.5986841917037964
Gender: Female,427,0.5217645168304443,0.2862069010734558,0.5,0.36403509974479675,0.5724138021469116
Age: <40,427,0.5568791031837463,0.3067227005958557,0.5,0.3802083432674408,0.6134454011917114
Age: 40-50,427,0.3835713863372803,0.2666666805744171,0.5,0.3478260934352875,0.5333333611488342
Age: 50-65,427,0.5565963983535767,0.29611650109291077,0.5,0.37195122241973877,0.5922330021858215
Race: White,427,0.5507428646087646,0.28928571939468384,0.5,0.3665158450603485,0.5785714387893677
Race: Black,427,0.43666666746139526,0.2857142984867096,0.5,0.3636363744735718,0.5714285969734192
Race: Other,427,0.49706459045410156,0.2991803288459778,0.5,0.37435898184776306,0.5983605980873108
Overall,428,0.4922822117805481,0.3178808093070984,0.5,0.38866397738456726,0.6357616186141968
Gender: Male,428,0.48540520668029785,0.3414634168148041,0.5,0.4057970941066742,0.6829267740249634
Gender: Female,428,0.48297417163848877,0.28985506296157837,0.5,0.3669724762439728,0.5797101259231567
Age: <40,428,0.4903408885002136,0.34375,0.5,0.40740740299224854,0.6875
Age: 40-50,428,0.5012986660003662,0.25735294818878174,0.5,0.33980581164360046,0.5147058963775635
Age: 50-65,428,0.4813944697380066,0.3254716992378235,0.5,0.3942857086658478,0.650943398475647
Race: White,428,0.5931533575057983,0.3274647891521454,0.5,0.3957446813583374,0.6549295783042908
Race: Black,428,0.625,0.3636363744735718,0.5,0.42105263471603394,0.7272727489471436
Race: Other,428,0.4148959517478943,0.3007246255874634,0.5,0.37556561827659607,0.6014493107795715
Overall,429,0.5678662061691284,0.25838926434516907,0.5,0.3407079577445984,0.5167785286903381
Gender: Male,429,0.5727876424789429,0.23619632422924042,0.5,0.32083332538604736,0.47239261865615845
Gender: Female,429,0.5754590034484863,0.28518518805503845,0.5,0.36320754885673523,0.5703703761100769
Age: <40,429,0.6794872283935547,0.29104477167129517,0.5,0.3679245412349701,0.5820895433425903
Age: 40-50,429,0.48046648502349854,0.2083333283662796,0.5,0.29411765933036804,0.4166666865348816
Age: 50-65,429,0.4734208583831787,0.2562499940395355,0.5,0.3388429880142212,0.512499988079071
Race: White,429,0.6830555200576782,0.25,0.5,0.3333333432674408,0.5
Race: Black,429,0.576923131942749,0.27586206793785095,0.5,0.35555556416511536,0.5517241358757019
Race: Other,429,0.4942217469215393,0.26174497604370117,0.5,0.34361234307289124,0.5234899520874023
Overall,430,0.5436747074127197,0.28231292963027954,0.5,0.36086955666542053,0.5646258592605591
Gender: Male,430,0.53391432762146,0.30536913871765137,0.5,0.3791666626930237,0.6107382774353027
Gender: Female,430,0.5438095331192017,0.2586206793785095,0.5,0.34090909361839294,0.517241358757019
Age: <40,430,0.6100088357925415,0.2666666805744171,0.5,0.3478260934352875,0.5333333015441895
Age: 40-50,430,0.5078787803649902,0.2844827473163605,0.5,0.36263737082481384,0.568965494632721
Age: 50-65,430,0.4758196473121643,0.301980197429657,0.5,0.37654322385787964,0.603960394859314
Race: White,430,0.5584337711334229,0.2902098000049591,0.5,0.36725664138793945,0.5804196000099182
Race: Black,430,0.4999999701976776,0.25,0.5,0.3333333432674408,0.5
Race: Other,430,0.5320485830307007,0.27697840332984924,0.5,0.35648149251937866,0.5539568662643433
Overall,431,0.4765087962150574,0.29830509424209595,0.5,0.3736730217933655,0.5966101884841919
Gender: Male,431,0.5108624696731567,0.3062500059604645,0.5,0.3798449635505676,0.612500011920929
Gender: Female,431,0.43139904737472534,0.2888889014720917,0.5,0.3661971688270569,0.5777777433395386
Age: <40,431,0.4867924451828003,0.30075186491012573,0.5,0.3755868673324585,0.6015037894248962
Age: 40-50,431,0.4285714030265808,0.3333333432674408,0.5,0.4000000059604645,0.6666666865348816
Age: 50-65,431,0.49176955223083496,0.27272728085517883,0.5,0.3529411852359772,0.5454545617103577
Race: White,431,0.5377777814865112,0.2906976640224457,0.5,0.36764705181121826,0.5813953280448914
Race: Black,431,0.3888888955116272,0.3571428656578064,0.5,0.4166666567325592,0.7142857313156128
Race: Other,431,0.44245171546936035,0.29655173420906067,0.5,0.3722943663597107,0.5931034684181213
Overall,432,0.5220565795898438,0.2632450461387634,0.5,0.3449023962020874,0.5264900922775269
Gender: Male,432,0.5059476494789124,0.27714285254478455,0.5,0.35661765933036804,0.5542857050895691
Gender: Female,432,0.5513647794723511,0.24409449100494385,0.5,0.32804232835769653,0.4881889820098877
Age: <40,432,0.6181908845901489,0.27165353298187256,0.5,0.3520408272743225,0.5433070659637451
Age: 40-50,432,0.44633203744888306,0.2569444477558136,0.5,0.33944955468177795,0.5138888955116272
Age: 50-65,432,0.4660377502441406,0.2572815418243408,0.5,0.33974358439445496,0.5145630836486816
Race: White,432,0.5569620132446289,0.2615894079208374,0.5,0.343478262424469,0.5231788158416748
Race: Black,432,0.6713286638259888,0.2291666716337204,0.5,0.3142857253551483,0.4583333432674408
Race: Other,432,0.4467766284942627,0.27165353298187256,0.5,0.3520408272743225,0.5433070659637451
Overall,433,0.533414900302887,0.28231292963027954,0.5,0.36086955666542053,0.5646258592605591
Gender: Male,433,0.5156972408294678,0.2834394872188568,0.5,0.36178863048553467,0.5668789744377136
Gender: Female,433,0.5571428537368774,0.2810218930244446,0.5,0.3598130941390991,0.5620437860488892
Age: <40,433,0.548071026802063,0.3034188151359558,0.5,0.3776595890522003,0.6068376302719116
Age: 40-50,433,0.45868945121765137,0.23999999463558197,0.5,0.3243243098258972,0.48000001907348633
Age: 50-65,433,0.5813953280448914,0.28921568393707275,0.5,0.3664596378803253,0.5784313678741455
Race: White,433,0.6419752836227417,0.2750000059604645,0.5,0.35483869910240173,0.550000011920929
Race: Black,433,0.6181818246841431,0.32258063554763794,0.5,0.3921568691730499,0.6451612710952759
Race: Other,433,0.4406746029853821,0.279720276594162,0.5,0.35874438285827637,0.559440553188324
Overall,434,0.5350769758224487,0.29629629850387573,0.5,0.3720930218696594,0.5925925970077515
Gender: Male,434,0.5330520272254944,0.27808988094329834,0.5,0.35740071535110474,0.5561797618865967
Gender: Female,434,0.5485466718673706,0.3235294222831726,0.5,0.3928571343421936,0.6470588445663452
Age: <40,434,0.6038835048675537,0.3366013169288635,0.5,0.40234375,0.673202633857727
Age: 40-50,434,0.48690474033355713,0.24137930572032928,0.5,0.3255814015865326,0.48275861144065857
Age: 50-65,434,0.4802168011665344,0.2616279125213623,0.5,0.3435114622116089,0.5232558250427246
Race: White,434,0.5438016653060913,0.2916666567325592,0.5,0.3684210479259491,0.5833333730697632
Race: Black,434,0.5642857551574707,0.2916666567325592,0.5,0.3684210479259491,0.5833333730697632
Race: Other,434,0.5327731370925903,0.3014184534549713,0.5,0.3761062026023865,0.6028368473052979
Overall,435,0.51726233959198,0.2830508351325989,0.5,0.36147186160087585,0.5661016702651978
Gender: Male,435,0.5110313892364502,0.28285714983940125,0.5,0.3613138794898987,0.5657142996788025
Gender: Female,435,0.5319570302963257,0.28333333134651184,0.5,0.3617021143436432,0.5666667222976685
Age: <40,435,0.5569620132446289,0.3062015473842621,0.5,0.3798076808452606,0.6124030947685242
Age: 40-50,435,0.39642858505249023,0.24137930572032928,0.5,0.3255814015865326,0.48275861144065857
Age: 50-65,435,0.5114583373069763,0.2777777910232544,0.5,0.3571428656578064,0.5555555820465088
Race: White,435,0.5052882432937622,0.24796748161315918,0.5,0.33152174949645996,0.49593493342399597
Race: Black,435,0.7142857313156128,0.21875,0.5,0.30434781312942505,0.4375
Race: Other,435,0.515860378742218,0.3173076808452606,0.5,0.38823530077934265,0.634615421295166
Overall,436,0.5277258157730103,0.274137943983078,0.5,0.35412025451660156,0.548275887966156
Gender: Male,436,0.5571154356002808,0.300595223903656,0.5,0.37546467781066895,0.6011905074119568
Gender: Female,436,0.48949354887008667,0.23770491778850555,0.5,0.3222222328186035,0.4754098057746887
Age: <40,436,0.6586214303970337,0.26838234066963196,0.5,0.34928229451179504,0.5367646813392639
Age: 40-50,436,0.34188035130500793,0.29032257199287415,0.5,0.36734694242477417,0.5806451439857483
Age: 50-65,436,0.45523810386657715,0.27173912525177,0.5,0.35211268067359924,0.54347825050354
Race: White,436,0.5109730958938599,0.24820144474506378,0.5,0.33173078298568726,0.49640288949012756
Race: Black,436,0.824561357498169,0.30645161867141724,0.5,0.3799999952316284,0.6129032373428345
Race: Other,436,0.5194021463394165,0.2958333194255829,0.5,0.37172773480415344,0.5916666984558105
Overall,437,0.5472451448440552,0.2777777910232544,0.5,0.3571428656578064,0.555555522441864
Gender: Male,437,0.5072249174118042,0.2770700752735138,0.5,0.35655736923217773,0.5541401505470276
Gender: Female,437,0.6046319007873535,0.2785714268684387,0.5,0.35779815912246704,0.5571428537368774
Age: <40,437,0.7034919261932373,0.2922535240650177,0.5,0.36888888478279114,0.5845070481300354
Age: 40-50,437,0.4077901542186737,0.26056337356567383,0.5,0.34259259700775146,0.5211267471313477
Age: 50-65,437,0.44387465715408325,0.2678571343421936,0.5,0.3488371968269348,0.5357142686843872
Race: White,437,0.6355317831039429,0.29326921701431274,0.5,0.3696969747543335,0.5865384936332703
Race: Black,437,0.6269841194152832,0.28125,0.5,0.36000001430511475,0.5625
Race: Other,437,0.5041860342025757,0.26708075404167175,0.5,0.3481781482696533,0.5341615080833435
Overall,438,0.5864870548248291,0.2750000059604645,0.5,0.35483869910240173,0.550000011920929
Gender: Male,438,0.6124584674835205,0.2756410241127014,0.5,0.35537189245224,0.5512820482254028
Gender: Female,438,0.5616358518600464,0.2743055522441864,0.5,0.35426008701324463,0.5486111044883728
Age: <40,438,0.6549513339996338,0.2867647111415863,0.5,0.3644859790802002,0.5735294222831726
Age: 40-50,438,0.5214285850524902,0.23333333432674408,0.5,0.3181818127632141,0.46666666865348816
Age: 50-65,438,0.5426195859909058,0.2921348214149475,0.5,0.368794322013855,0.584269642829895
Race: White,438,0.6322083473205566,0.28629031777381897,0.5,0.3641025722026825,0.5725806355476379
Race: Black,438,0.7532467842102051,0.2199999988079071,0.5,0.3055555522441864,0.4399999976158142
Race: Other,438,0.5269312858581543,0.27483442425727844,0.5,0.35470086336135864,0.5496688485145569
Overall,439,0.5516737103462219,0.26013514399528503,0.5,0.3422222137451172,0.5202702879905701
Gender: Male,439,0.54755699634552,0.26644736528396606,0.5,0.3476394712924957,0.5328947305679321
Gender: Female,439,0.5560486316680908,0.2534722089767456,0.5,0.33640551567077637,0.506944477558136
Age: <40,439,0.6069761514663696,0.26953125,0.5,0.3502538204193115,0.5390625
Age: 40-50,439,0.407196968793869,0.2461538463830948,0.5,0.3298968970775604,0.4923076927661896
Age: 50-65,439,0.5766037702560425,0.2572815418243408,0.5,0.33974358439445496,0.5145630836486816
Race: White,439,0.6157007217407227,0.25,0.5,0.3333333432674408,0.5
Race: Black,439,0.6916666030883789,0.27272728085517883,0.5,0.3529411852359772,0.5454545617103577
Race: Other,439,0.49282097816467285,0.26811593770980835,0.5,0.349056601524353,0.5362318754196167
Overall,440,0.4812889099121094,0.2950819730758667,0.5,0.3711340129375458,0.5901639461517334
Gender: Male,440,0.5109156370162964,0.2924528419971466,0.5,0.369047611951828,0.5849056243896484
Gender: Female,440,0.4562634229660034,0.29794520139694214,0.5,0.3733905553817749,0.5958904027938843
Age: <40,440,0.5162748694419861,0.2925925850868225,0.5,0.36915886402130127,0.585185170173645
Age: 40-50,440,0.35531914234161377,0.30519479513168335,0.5,0.3790322542190552,0.6103895902633667
Age: 50-65,440,0.543684720993042,0.29032257199287415,0.5,0.36734694242477417,0.5806451439857483
Race: White,440,0.5582766532897949,0.2631579041481018,0.5,0.3448275923728943,0.5263158082962036
Race: Black,440,0.5882352590560913,0.27419355511665344,0.5,0.3541666567325592,0.5483870506286621
Race: Other,440,0.3958333134651184,0.3297872245311737,0.5,0.39743590354919434,0.6595744490623474
Overall,441,0.5682066679000854,0.2940199375152588,0.5,0.37029287219047546,0.5880398750305176
Gender: Male,441,0.5323842763900757,0.29012346267700195,0.5,0.3671875,0.5802469253540039
Gender: Female,441,0.6189758777618408,0.298561155796051,0.5,0.37387385964393616,0.597122311592102
Age: <40,441,0.5268218517303467,0.296875,0.5,0.37254902720451355,0.59375
Age: 40-50,441,0.611918568611145,0.2866666615009308,0.5,0.3644067943096161,0.5733333230018616
Age: 50-65,441,0.5758620500564575,0.29591837525367737,0.5,0.3717948794364929,0.5918367505073547
Race: White,441,0.6321595907211304,0.27099236845970154,0.5,0.35148516297340393,0.5419847369194031
Race: Black,441,0.5,0.3571428656578064,0.5,0.4166666567325592,0.7142857313156128
Race: Other,441,0.5177083611488342,0.3076923191547394,0.5,0.380952388048172,0.6153846383094788
Overall,442,0.5491202473640442,0.2933333218097687,0.5,0.36974790692329407,0.5866667032241821
Gender: Male,442,0.4741935729980469,0.30254778265953064,0.5,0.3769841194152832,0.6050955653190613
Gender: Female,442,0.6194742918014526,0.28321677446365356,0.5,0.3616071343421936,0.5664335489273071
Age: <40,442,0.6122123599052429,0.28731343150138855,0.5,0.3649289011955261,0.5746268630027771
Age: 40-50,442,0.44102561473846436,0.28260868787765503,0.5,0.3611111044883728,0.5652173757553101
Age: 50-65,442,0.5423423051834106,0.30927833914756775,0.5,0.3821656107902527,0.6185566782951355
Race: White,442,0.6209956407546997,0.2810218930244446,0.5,0.3598130941390991,0.5620437860488892
Race: Black,442,0.7151515483856201,0.2884615361690521,0.5,0.3658536672592163,0.5769230723381042
Race: Other,442,0.45327943563461304,0.30656933784484863,0.5,0.38009050488471985,0.6131386756896973
Overall,443,0.548564076423645,0.26013514399528503,0.5,0.3422222137451172,0.5202702879905701
Gender: Male,443,0.5619326829910278,0.27352941036224365,0.5,0.35361215472221375,0.5470588207244873
Gender: Female,443,0.5250945091247559,0.2420634925365448,0.5,0.32620319724082947,0.484127014875412
Age: <40,443,0.6178450584411621,0.24418604373931885,0.5,0.328125,0.4883720874786377
Age: 40-50,443,0.375,0.24242424964904785,0.5,0.3265306055545807,0.4848484992980957
Age: 50-65,443,0.5677965879440308,0.29207921028137207,0.5,0.3687500059604645,0.5841584205627441
Race: White,443,0.5030317306518555,0.2557252049446106,0.5,0.33838382363319397,0.5114504098892212
Race: Black,443,0.7350000143051147,0.1666666716337204,0.5,0.25,0.3333333432674408
Race: Other,443,0.5497089624404907,0.28518518805503845,0.5,0.36320754885673523,0.5703703761100769
Overall,444,0.5439221262931824,0.2680412232875824,0.5,0.34899330139160156,0.5360825061798096
Gender: Male,444,0.5223113298416138,0.27987420558929443,0.5,0.3588709533214569,0.5597484111785889
Gender: Female,444,0.571986198425293,0.2537878751754761,0.5,0.3366834223270416,0.5075757503509521
Age: <40,444,0.6321839094161987,0.26033058762550354,0.5,0.34239131212234497,0.5206611156463623
Age: 40-50,444,0.43412697315216064,0.246478870511055,0.5,0.33018869161605835,0.49295774102211
Age: 50-65,444,0.49747687578201294,0.2929292917251587,0.5,0.36942675709724426,0.5858585834503174
Race: White,444,0.5907003879547119,0.21848739683628082,0.5,0.3040935695171356,0.43697482347488403
Race: Black,444,0.5909091234207153,0.3235294222831726,0.5,0.3928571343421936,0.6470588445663452
Race: Other,444,0.5039888620376587,0.30000001192092896,0.5,0.375,0.5999999642372131
Overall,445,0.500308632850647,0.2989864945411682,0.5,0.37420719861984253,0.5979729890823364
Gender: Male,445,0.5437425374984741,0.31329113245010376,0.5,0.3852140009403229,0.6265822649002075
Gender: Female,445,0.44999998807907104,0.28260868787765503,0.5,0.3611111044883728,0.5652173757553101
Age: <40,445,0.5346616506576538,0.2625899314880371,0.5,0.34433960914611816,0.5251798629760742
Age: 40-50,445,0.4819875657558441,0.3017241358757019,0.5,0.37634408473968506,0.6034482717514038
Age: 50-65,445,0.4917874336242676,0.3484848439693451,0.5,0.4107142984867096,0.6969696879386902
Race: White,445,0.56612229347229,0.2919999957084656,0.5,0.36868685483932495,0.5840000510215759
Race: Black,445,0.5833333730697632,0.30000001192092896,0.5,0.375,0.6000000238418579
Race: Other,445,0.44141489267349243,0.30463576316833496,0.5,0.3786008358001709,0.6092715263366699
Overall,446,0.5598940849304199,0.29765886068344116,0.5,0.3731656074523926,0.5953177213668823
Gender: Male,446,0.5186876058578491,0.26298701763153076,0.5,0.3446808457374573,0.5259740352630615
Gender: Female,446,0.6129724979400635,0.33448275923728943,0.5,0.40082645416259766,0.6689655184745789
Age: <40,446,0.5842763185501099,0.3067227005958557,0.5,0.3802083432674408,0.6134454011917114
Age: 40-50,446,0.5665634870529175,0.2361111044883728,0.5,0.3207547068595886,0.472222238779068
Age: 50-65,446,0.5161781311035156,0.32870370149612427,0.5,0.3966480493545532,0.6574074029922485
Race: White,446,0.6632353067398071,0.28523489832878113,0.5,0.3632478713989258,0.5704697966575623
Race: Black,446,0.4513888955116272,0.3461538553237915,0.5,0.40909090638160706,0.692307710647583
Race: Other,446,0.4595918357372284,0.30241936445236206,0.5,0.37688443064689636,0.6048386693000793
Overall,447,0.6110492944717407,0.29194632172584534,0.5,0.3686440587043762,0.5838926434516907
Gender: Male,447,0.6222838163375854,0.3102409541606903,0.5,0.3828996419906616,0.6204819083213806
Gender: Female,447,0.597321629524231,0.26893940567970276,0.5,0.3497537076473236,0.5378788113594055
Age: <40,447,0.6825708150863647,0.3191489279270172,0.5,0.3896103799343109,0.6382978558540344
Age: 40-50,447,0.5410217046737671,0.2361111044883728,0.5,0.3207547068595886,0.472222238779068
Age: 50-65,447,0.5394285917282104,0.29411765933036804,0.5,0.37037035822868347,0.5882353186607361
Race: White,447,0.6733954548835754,0.2759999930858612,0.5,0.35567009449005127,0.5520000457763672
Race: Black,447,0.5809524059295654,0.33870968222618103,0.5,0.4038461446762085,0.6774193048477173
Race: Other,447,0.583949089050293,0.2957746386528015,0.5,0.37168142199516296,0.591549277305603
Overall,448,0.6147198677062988,0.2773972749710083,0.5,0.3568281829357147,0.5547944903373718
Gender: Male,448,0.6198508739471436,0.28947368264198303,0.5,0.36666667461395264,0.5789473652839661
Gender: Female,448,0.6027846336364746,0.26428571343421936,0.5,0.3457943797111511,0.5285714268684387
Age: <40,448,0.6518125534057617,0.26893940567970276,0.5,0.3497537076473236,0.5378788113594055
Age: 40-50,448,0.5996732115745544,0.2571428716182709,0.5,0.3396226465702057,0.5142857432365417
Age: 50-65,448,0.5880519151687622,0.3055555522441864,0.5,0.37931033968925476,0.6111111044883728
Race: White,448,0.7098642587661743,0.28333333134651184,0.5,0.3617021143436432,0.5666666626930237
Race: Black,448,0.7647058963775635,0.22580644488334656,0.5,0.31111112236976624,0.4516128897666931
Race: Other,448,0.4639550447463989,0.28378379344940186,0.5,0.36206895112991333,0.5675675868988037
Overall,449,0.5172767639160156,0.2887788712978363,0.5,0.366108775138855,0.5775578022003174
Gender: Male,449,0.505666971206665,0.2784431278705597,0.5,0.35769230127334595,0.5568862557411194
Gender: Female,449,0.5293586254119873,0.3014705777168274,0.5,0.3761467933654785,0.6029411554336548
Age: <40,449,0.5462579727172852,0.2909836173057556,0.5,0.3678756356239319,0.5819671750068665
Age: 40-50,449,0.4954426884651184,0.30000001192092896,0.5,0.375,0.6000000238418579
Age: 50-65,449,0.490079402923584,0.2772277295589447,0.5,0.35668790340423584,0.5544554591178894
Race: White,449,0.5317305326461792,0.29347825050354004,0.5,0.36986300349235535,0.5869565606117249
Race: Black,449,0.46078431606292725,0.2931034564971924,0.5,0.3695652186870575,0.5862069129943848
Race: Other,449,0.5335681438446045,0.28308823704719543,0.5,0.36150234937667847,0.5661764740943909
Overall,450,0.5338261723518372,0.29605263471603394,0.5,0.3719008266925812,0.5921052694320679
Gender: Male,450,0.5271013379096985,0.29320988059043884,0.5,0.3696497976779938,0.5864197611808777
Gender: Female,450,0.5471620559692383,0.2992957830429077,0.5,0.37444934248924255,0.5985915660858154
Age: <40,450,0.5664362907409668,0.2876712381839752,0.5,0.365217387676239,0.5753424763679504
Age: 40-50,450,0.5291374921798706,0.27966102957725525,0.5,0.3586956560611725,0.5593220591545105
Age: 50-65,450,0.4700176417827606,0.3181818127632141,0.5,0.3888888955116272,0.6363636255264282
Race: White,450,0.5614763498306274,0.3125,0.5,0.38461539149284363,0.625
Race: Black,450,0.5,0.2916666567325592,0.5,0.3684210479259491,0.5833333730697632
Race: Other,450,0.5259650945663452,0.28125,0.5,0.36000001430511475,0.5625
Overall,451,0.5245057344436646,0.2909699082374573,0.5,0.3678646981716156,0.5819398164749146
Gender: Male,451,0.5545183420181274,0.2845304012298584,0.5,0.36267605423927307,0.5690608024597168
Gender: Female,451,0.4716811776161194,0.30084747076034546,0.5,0.37566137313842773,0.6016949415206909
Age: <40,451,0.6557291746139526,0.3125,0.5,0.38461539149284363,0.625
Age: 40-50,451,0.3989899158477783,0.2380952388048172,0.5,0.32258063554763794,0.4761905074119568
Age: 50-65,451,0.4431818127632141,0.29629629850387573,0.5,0.3720930218696594,0.5925925970077515
Race: White,451,0.5713469982147217,0.3016528785228729,0.5,0.37628865242004395,0.6033057570457458
Race: Black,451,0.5824176073074341,0.24074074625968933,0.5,0.32499998807907104,0.48148149251937866
Race: Other,451,0.4898989796638489,0.29139071702957153,0.5,0.3682008385658264,0.5827814340591431
Overall,452,0.5569677352905273,0.30344828963279724,0.5,0.3776824176311493,0.6068965196609497
Gender: Male,452,0.5241474509239197,0.3047945201396942,0.5,0.3787234127521515,0.6095890402793884
Gender: Female,452,0.590844988822937,0.3020833432674408,0.5,0.37662336230278015,0.6041666865348816
Age: <40,452,0.5686089992523193,0.28787878155708313,0.5,0.36538460850715637,0.575757622718811
Age: 40-50,452,0.4119318127632141,0.3235294222831726,0.5,0.3928571343421936,0.6470588445663452
Age: 50-65,452,0.6502101421356201,0.31111112236976624,0.5,0.3835616409778595,0.6222222447395325
Race: White,452,0.6695833206176758,0.2857142984867096,0.5,0.3636363744735718,0.5714285969734192
Race: Black,452,0.5446428060531616,0.3478260934352875,0.5,0.41025641560554504,0.695652186870575
Race: Other,452,0.4377659559249878,0.31496062874794006,0.5,0.3864734172821045,0.6299212574958801
Overall,453,0.5921536087989807,0.2638888955116272,0.5,0.34545454382896423,0.5277777910232544
Gender: Male,453,0.5976231098175049,0.30254778265953064,0.5,0.3769841194152832,0.6050955653190613
Gender: Female,453,0.5715978741645813,0.21755725145339966,0.5,0.30319148302078247,0.4351145029067993
Age: <40,453,0.6539914608001709,0.2786259651184082,0.5,0.3578431308269501,0.5572519302368164
Age: 40-50,453,0.5721561908721924,0.2246376872062683,0.5,0.3100000023841858,0.4492753744125366
Age: 50-65,453,0.5192708373069763,0.27272728085517883,0.5,0.3529411852359772,0.5454545617103577
Race: White,453,0.6414027214050293,0.25563910603523254,0.5,0.3383084535598755,0.5112782120704651
Race: Black,453,0.6666666269302368,0.24193547666072845,0.5,0.32608696818351746,0.4838709533214569
Race: Other,453,0.5322793126106262,0.2782258093357086,0.5,0.3575129508972168,0.5564516186714172
Overall,454,0.588610053062439,0.31144779920578003,0.5,0.3838174343109131,0.6228955984115601
Gender: Male,454,0.5356125235557556,0.31213873624801636,0.5,0.38434162735939026,0.6242774724960327
Gender: Female,454,0.6540480852127075,0.3104838728904724,0.5,0.38308456540107727,0.6209677457809448
Age: <40,454,0.61066734790802,0.28787878155708313,0.5,0.36538460850715637,0.575757622718811
Age: 40-50,454,0.5488215684890747,0.30985915660858154,0.5,0.38260868191719055,0.6197183132171631
Age: 50-65,454,0.5909814834594727,0.34574466943740845,0.5,0.4088050425052643,0.6914893388748169
Race: White,454,0.6716897487640381,0.3283582031726837,0.5,0.3963963985443115,0.6567164063453674
Race: Black,454,0.6000000238418579,0.31481480598449707,0.5,0.3863636255264282,0.6296296119689941
Race: Other,454,0.53125,0.29411765933036804,0.5,0.37037035822868347,0.5882353186607361
Overall,455,0.5331137180328369,0.27227723598480225,0.5,0.35256409645080566,0.5445544719696045
Gender: Male,455,0.5411853790283203,0.28658536076545715,0.5,0.3643410801887512,0.5731707215309143
Gender: Female,455,0.5240265130996704,0.25539568066596985,0.5,0.3380952477455139,0.5107913613319397
Age: <40,455,0.581615686416626,0.297468364238739,0.5,0.3730158805847168,0.594936728477478
Age: 40-50,455,0.5103549957275391,0.25,0.5,0.3333333432674408,0.5
Age: 50-65,455,0.46898147463798523,0.24193547666072845,0.5,0.32608696818351746,0.4838709533214569
Race: White,455,0.5872396230697632,0.24193547666072845,0.5,0.32608696818351746,0.4838709533214569
Race: Black,455,0.6324785947799683,0.20454545319080353,0.5,0.29032257199287415,0.40909093618392944
Race: Other,455,0.47762978076934814,0.30573248863220215,0.5,0.3794466257095337,0.6114649772644043
Overall,456,0.5649107098579407,0.2666666805744171,0.5,0.3478260934352875,0.5333333611488342
Gender: Male,456,0.5591168403625488,0.2678571343421936,0.5,0.3488371968269348,0.5357142686843872
Gender: Female,456,0.5642857551574707,0.2651515007019043,0.5,0.3465346395969391,0.5303030610084534
Age: <40,456,0.6142686605453491,0.29807692766189575,0.5,0.3734939694404602,0.5961538553237915
Age: 40-50,456,0.4146341383457184,0.22297297418117523,0.5,0.30841121077537537,0.44594594836235046
Age: 50-65,456,0.5874183177947998,0.24285714328289032,0.5,0.32692307233810425,0.48571428656578064
Race: White,456,0.5307323932647705,0.2720588147640228,0.5,0.3523809611797333,0.5441176295280457
Race: Black,456,0.5401785373687744,0.23333333432674408,0.5,0.3181818127632141,0.46666669845581055
Race: Other,456,0.5905017852783203,0.26865673065185547,0.5,0.34951457381248474,0.5373134016990662
Overall,457,0.44911372661590576,0.2849999964237213,0.5,0.36305731534957886,0.5699999928474426
Gender: Male,457,0.4871281385421753,0.2738095223903656,0.5,0.35384616255760193,0.5476190447807312
Gender: Female,457,0.403869092464447,0.29924243688583374,0.5,0.3744075894355774,0.5984848737716675
Age: <40,457,0.45769697427749634,0.2884615361690521,0.5,0.3658536672592163,0.5769230723381042
Age: 40-50,457,0.32264959812164307,0.25999999046325684,0.5,0.34210526943206787,0.5200000405311584
Age: 50-65,457,0.5230840444564819,0.30000001192092896,0.5,0.375,0.6000000238418579
Race: White,457,0.5424177050590515,0.2807692289352417,0.5,0.35960590839385986,0.5615384578704834
Race: Black,457,0.4166666865348816,0.30000001192092896,0.5,0.375,0.6000000238418579
Race: Other,457,0.3786337375640869,0.2866666615009308,0.5,0.3644067943096161,0.5733333230018616
Overall,458,0.5953543186187744,0.3164983093738556,0.5,0.38762885332107544,0.6329966187477112
Gender: Male,458,0.5902467966079712,0.33714285492897034,0.5,0.40273037552833557,0.6742857098579407
Gender: Female,458,0.58159339427948,0.28688523173332214,0.5,0.3645833432674408,0.5737704634666443
Age: <40,458,0.561965823173523,0.31690141558647156,0.5,0.38793104887008667,0.6338028311729431
Age: 40-50,458,0.6849592924118042,0.3153846263885498,0.5,0.38679245114326477,0.6307692527770996
Age: 50-65,458,0.5725678205490112,0.3166666626930237,0.5,0.3877550959587097,0.6333333253860474
Race: White,458,0.6678910851478577,0.3156028389930725,0.5,0.38695651292800903,0.631205677986145
Race: Black,458,0.6313130855560303,0.3103448152542114,0.5,0.38297873735427856,0.6206896305084229
Race: Other,458,0.520933985710144,0.31889763474464417,0.5,0.38942307233810425,0.6377952694892883
Overall,459,0.5311708450317383,0.29421767592430115,0.5,0.3704496920108795,0.5884353518486023
Gender: Male,459,0.5295649766921997,0.2926829159259796,0.5,0.3692307770252228,0.5853658318519592
Gender: Female,459,0.5356529951095581,0.29615384340286255,0.5,0.3719806671142578,0.5923076868057251
Age: <40,459,0.5709459781646729,0.2936508059501648,0.5,0.3700000047683716,0.5873016119003296
Age: 40-50,459,0.5507575869560242,0.27397260069847107,0.5,0.3539822995662689,0.5479452013969421
Age: 50-65,459,0.493879497051239,0.3105263113975525,0.5,0.38311687111854553,0.6210526823997498
Race: White,459,0.5778251886367798,0.2723577320575714,0.5,0.3526315689086914,0.544715404510498
Race: Black,459,0.6617647409439087,0.3400000035762787,0.5,0.4047619104385376,0.6800000071525574
Race: Other,459,0.471121609210968,0.3047945201396942,0.5,0.3787234127521515,0.6095890402793884
Overall,460,0.502249002456665,0.27835050225257874,0.5,0.3576158881187439,0.5567010641098022
Gender: Male,460,0.48365241289138794,0.29041916131973267,0.5,0.36742424964904785,0.5808383226394653
Gender: Female,460,0.5228161811828613,0.2620967626571655,0.5,0.34391534328460693,0.524193525314331
Age: <40,460,0.5637293457984924,0.2847222089767456,0.5,0.36283186078071594,0.569444477558136
Age: 40-50,460,0.4095022678375244,0.28333333134651184,0.5,0.3617021143436432,0.5666667222976685
Age: 50-65,460,0.48462358117103577,0.26436781883239746,0.5,0.3458646535873413,0.5287356376647949
Race: White,460,0.5040983557701111,0.2606837749481201,0.5,0.3426966369152069,0.5213675498962402
Race: Black,460,0.546875,0.3181818127632141,0.5,0.3888888955116272,0.6363636255264282
Race: Other,460,0.515020489692688,0.2807692289352417,0.5,0.35960590839385986,0.5615384578704834
Overall,461,0.6136186122894287,0.26520270109176636,0.5,0.34657835960388184,0.5304054021835327
Gender: Male,461,0.6013472080230713,0.2822085916996002,0.5,0.3607843220233917,0.5644171833992004
Gender: Female,461,0.6128959655761719,0.24436090886592865,0.5,0.32828283309936523,0.4887218177318573
Age: <40,461,0.7292843461036682,0.2748091518878937,0.5,0.35467979311943054,0.5496183037757874
Age: 40-50,461,0.5034188032150269,0.21739129722118378,0.5,0.3030303120613098,0.43478262424468994
Age: 50-65,461,0.5392460823059082,0.2864583432674408,0.5,0.3642384111881256,0.5729166865348816
Race: White,461,0.6196727156639099,0.27666667103767395,0.5,0.3562231659889221,0.5533333420753479
Race: Black,461,0.8181818127632141,0.15625,0.5,0.2380952388048172,0.3125
Race: Other,461,0.5970538854598999,0.26538461446762085,0.5,0.3467336595058441,0.5307692289352417
Overall,462,0.5571428537368774,0.29661017656326294,0.5,0.3723404109477997,0.5932203531265259
Gender: Male,462,0.5435323715209961,0.29447853565216064,0.5,0.3706563711166382,0.5889570713043213
Gender: Female,462,0.589443564414978,0.29924243688583374,0.5,0.3744075894355774,0.5984848737716675
Age: <40,462,0.594619870185852,0.3392857015132904,0.5,0.40425533056259155,0.6785714030265808
Age: 40-50,462,0.5035713911056519,0.20338982343673706,0.5,0.28915661573410034,0.4067796468734741
Age: 50-65,462,0.5683035850524902,0.2916666567325592,0.5,0.3684210479259491,0.5833333730697632
Race: White,462,0.5425485372543335,0.2956204414367676,0.5,0.37155961990356445,0.5912408828735352
Race: Black,462,0.663636326789856,0.2380952388048172,0.5,0.32258063554763794,0.4761904776096344
Race: Other,462,0.5550314784049988,0.30656933784484863,0.5,0.38009050488471985,0.6131386756896973
Overall,463,0.5098246932029724,0.3033898174762726,0.5,0.37763711810112,0.6067796349525452
Gender: Male,463,0.4993329644203186,0.3256579041481018,0.5,0.394422322511673,0.6513158082962036
Gender: Female,463,0.5140873193740845,0.279720276594162,0.5,0.35874438285827637,0.559440553188324
Age: <40,463,0.5612139701843262,0.3139534890651703,0.5,0.3857142925262451,0.6279069781303406
Age: 40-50,463,0.3834066390991211,0.26875001192092896,0.5,0.34959349036216736,0.5375000238418579
Age: 50-65,463,0.5653958916664124,0.31976744532585144,0.5,0.39007091522216797,0.6395348906517029
Race: White,463,0.5828736424446106,0.31640625,0.5,0.38755980134010315,0.6328125
Race: Black,463,0.5757575631141663,0.2750000059604645,0.5,0.35483869910240173,0.550000011920929
Race: Other,463,0.44942528009414673,0.29591837525367737,0.5,0.3717948794364929,0.5918367505073547
Overall,464,0.5261631011962891,0.28114476799964905,0.5,0.35991379618644714,0.5622895359992981
Gender: Male,464,0.49480968713760376,0.2777777910232544,0.5,0.3571428656578064,0.5555555820465088
Gender: Female,464,0.5580251812934875,0.2847222089767456,0.5,0.36283186078071594,0.569444477558136
Age: <40,464,0.5281955003738403,0.2978723347187042,0.5,0.3733333349227905,0.5957446694374084
Age: 40-50,464,0.4056910276412964,0.2887323796749115,0.5,0.3660714328289032,0.577464759349823
Age: 50-65,464,0.618493914604187,0.24705882370471954,0.5,0.33070865273475647,0.4941176474094391
Race: White,464,0.5762548446655273,0.2846153974533081,0.5,0.36274510622024536,0.5692307949066162
Race: Black,464,0.75,0.20000000298023224,0.5,0.2857142984867096,0.4000000059604645
Race: Other,464,0.4529411792755127,0.28911563754081726,0.5,0.3663793206214905,0.5782312750816345
Overall,465,0.5300984978675842,0.3057432472705841,0.5,0.37945494055747986,0.6114864945411682
Gender: Male,465,0.5452488660812378,0.3311688303947449,0.5,0.3984375,0.6623376607894897
Gender: Female,465,0.5139642357826233,0.27816900610923767,0.5,0.35746607184410095,0.5563380122184753
Age: <40,465,0.5747368335723877,0.30158731341362,0.5,0.3762376308441162,0.60317462682724
Age: 40-50,465,0.525957465171814,0.3263888955116272,0.5,0.3949579894542694,0.6527777910232544
Age: 50-65,465,0.4797413945198059,0.29591837525367737,0.5,0.3717948794364929,0.5918367505073547
Race: White,465,0.5704681873321533,0.31716418266296387,0.5,0.388127863407135,0.6343283653259277
Race: Black,465,0.5396825075149536,0.28125,0.5,0.36000001430511475,0.5625
Race: Other,465,0.4970414340496063,0.30000001192092896,0.5,0.375,0.6000000238418579
Overall,466,0.5355238318443298,0.29661017656326294,0.5,0.3723404109477997,0.5932203531265259
Gender: Male,466,0.5386383533477783,0.2861842215061188,0.5,0.36401674151420593,0.5723684430122375
Gender: Female,466,0.5402892827987671,0.3076923191547394,0.5,0.380952388048172,0.615384578704834
Age: <40,466,0.5266666412353516,0.3046875,0.5,0.3786407709121704,0.609375
Age: 40-50,466,0.5225225687026978,0.25342464447021484,0.5,0.33636364340782166,0.5068492889404297
Age: 50-65,466,0.5882352590560913,0.3191489279270172,0.5,0.3896103799343109,0.6382978558540344
Race: White,466,0.6660377979278564,0.30075186491012573,0.5,0.3755868673324585,0.6015037894248962
Race: Black,466,0.49166667461395264,0.27272728085517883,0.5,0.3529411852359772,0.5454545617103577
Race: Other,466,0.42316633462905884,0.2964285612106323,0.5,0.37219730019569397,0.5928571224212646
Overall,467,0.5290275812149048,0.2976190447807312,0.5,0.3731343150138855,0.5952380895614624
Gender: Male,467,0.5513635873794556,0.3012048304080963,0.5,0.37593984603881836,0.6024096012115479
Gender: Female,467,0.504150927066803,0.29296875,0.5,0.3694581389427185,0.5859375
Age: <40,467,0.5736111402511597,0.2916666567325592,0.5,0.3684210479259491,0.5833333134651184
Age: 40-50,467,0.5210256576538086,0.3046875,0.5,0.3786407709121704,0.609375
Age: 50-65,467,0.4649321436882019,0.302325576543808,0.5,0.37681159377098083,0.604651153087616
Race: White,467,0.6308372020721436,0.3104838728904724,0.5,0.38308456540107727,0.6209677457809448
Race: Black,467,0.4469696879386902,0.239130437374115,0.5,0.3235294222831726,0.47826087474823
Race: Other,467,0.44942528009414673,0.29591837525367737,0.5,0.3717948794364929,0.5918367505073547
Overall,468,0.5264945030212402,0.29010239243507385,0.5,0.36717063188552856,0.5802047848701477
Gender: Male,468,0.5893939733505249,0.3012048304080963,0.5,0.37593984603881836,0.6024096012115479
Gender: Female,468,0.44511276483535767,0.27559053897857666,0.5,0.3553299605846405,0.5511810779571533
Age: <40,468,0.57663893699646,0.2857142984867096,0.5,0.3636363744735718,0.5714285969734192
Age: 40-50,468,0.4572192430496216,0.28205129504203796,0.5,0.3606557250022888,0.5641025900840759
Age: 50-65,468,0.48874998092651367,0.3048780560493469,0.5,0.3787878751754761,0.6097560524940491
Race: White,468,0.570588231086731,0.27642276883125305,0.5,0.3560209572315216,0.5528454780578613
Race: Black,468,0.6089743375778198,0.25999999046325684,0.5,0.34210526943206787,0.5199999809265137
Race: Other,468,0.4733145833015442,0.30689653754234314,0.5,0.38034188747406006,0.6137930750846863
Overall,469,0.5507362484931946,0.29111841320991516,0.5,0.3679833710193634,0.5822368264198303
Gender: Male,469,0.5574150085449219,0.2832369804382324,0.5,0.361623615026474,0.5664739608764648
Gender: Female,469,0.5559883117675781,0.3015267252922058,0.5,0.3761904835700989,0.6030534505844116
Age: <40,469,0.5916086435317993,0.3229166567325592,0.5,0.39240506291389465,0.6458333134651184
Age: 40-50,469,0.4145299196243286,0.25471699237823486,0.5,0.3375000059604645,0.5094339847564697
Age: 50-65,469,0.549824595451355,0.26635512709617615,0.5,0.34756097197532654,0.5327102541923523
Race: White,469,0.6017664670944214,0.2876712381839752,0.5,0.365217387676239,0.5753424763679504
Race: Black,469,0.5833333730697632,0.27272728085517883,0.5,0.3529411852359772,0.5454545617103577
Race: Other,469,0.4879910349845886,0.2977941036224365,0.5,0.3732718825340271,0.5955882668495178
Overall,470,0.5690594911575317,0.2943143844604492,0.5,0.3705263137817383,0.5886287689208984
Gender: Male,470,0.53624427318573,0.2840236723423004,0.5,0.36226415634155273,0.5680473446846008
Gender: Female,470,0.6097500324249268,0.3076923191547394,0.5,0.380952388048172,0.6153846383094788
Age: <40,470,0.680431604385376,0.28214284777641296,0.5,0.3607305884361267,0.5642856955528259
Age: 40-50,470,0.47630149126052856,0.2708333432674408,0.5,0.3513513505458832,0.5416666865348816
Age: 50-65,470,0.47146254777908325,0.3333333432674408,0.5,0.4000000059604645,0.6666666865348816
Race: White,470,0.6296533942222595,0.2949640154838562,0.5,0.3710407316684723,0.5899280905723572
Race: Black,470,0.3055555522441864,0.3214285671710968,0.5,0.3913043439388275,0.6428571939468384
Race: Other,470,0.5378289222717285,0.28787878155708313,0.5,0.36538460850715637,0.575757622718811
Overall,471,0.5972400903701782,0.2760942876338959,0.5,0.35574838519096375,0.552188515663147
Gender: Male,471,0.641196608543396,0.2549019753932953,0.5,0.33766233921051025,0.5098039507865906
Gender: Female,471,0.5711708068847656,0.2986111044883728,0.5,0.373913049697876,0.5972222089767456
Age: <40,471,0.6460375785827637,0.3265306055545807,0.5,0.395061731338501,0.6530612111091614
Age: 40-50,471,0.5426497459411621,0.21641790866851807,0.5,0.3020833432674408,0.43283581733703613
Age: 50-65,471,0.5775058269500732,0.23493975400924683,0.5,0.3196721374988556,0.46987950801849365
Race: White,471,0.6585694551467896,0.2663934528827667,0.5,0.3475935757160187,0.5327868461608887
Race: Black,471,0.5809524059295654,0.24137930572032928,0.5,0.3255814015865326,0.48275861144065857
Race: Other,471,0.5415621995925903,0.29109588265419006,0.5,0.36796537041664124,0.5821917653083801
Overall,472,0.5059871673583984,0.28787878155708313,0.5,0.36538460850715637,0.5757575631141663
Gender: Male,472,0.4663265347480774,0.31012657284736633,0.5,0.3828125,0.6202532052993774
Gender: Female,472,0.5352843999862671,0.2625899314880371,0.5,0.34433960914611816,0.5251798629760742
Age: <40,472,0.5848523378372192,0.3162393271923065,0.5,0.38743454217910767,0.632478654384613
Age: 40-50,472,0.37564101815223694,0.2531645596027374,0.5,0.3361344635486603,0.5063291192054749
Age: 50-65,472,0.5299043655395508,0.28217822313308716,0.5,0.3607594966888428,0.5643564462661743
Race: White,472,0.5533652305603027,0.27916666865348816,0.5,0.3582887649536133,0.5583333373069763
Race: Black,472,0.615384578704834,0.29032257199287415,0.5,0.36734694242477417,0.5806451439857483
Race: Other,472,0.4478682279586792,0.2945205569267273,0.5,0.37068966031074524,0.5890411138534546
Overall,473,0.5706706047058105,0.29629629850387573,0.5,0.3720930218696594,0.5925925970077515
Gender: Male,473,0.5241215229034424,0.27878788113594055,0.5,0.35797664523124695,0.5575757622718811
Gender: Female,473,0.6411210298538208,0.3181818127632141,0.5,0.3888888955116272,0.6363636255264282
Age: <40,473,0.6240276098251343,0.2889610528945923,0.5,0.36625513434410095,0.5779221057891846
Age: 40-50,473,0.5256410241127014,0.25471699237823486,0.5,0.3375000059604645,0.5094339847564697
Age: 50-65,473,0.5055555105209351,0.3333333432674408,0.5,0.4000000059604645,0.6666666865348816
Race: White,473,0.5633484125137329,0.28333333134651184,0.5,0.3617021143436432,0.5666667222976685
Race: Black,473,0.28125,0.30000001192092896,0.5,0.375,0.6000000238418579
Race: Other,473,0.5920423269271851,0.30573248863220215,0.5,0.3794466257095337,0.6114649772644043
Overall,474,0.5423951148986816,0.2775919735431671,0.5,0.3569892346858978,0.5551839470863342
Gender: Male,474,0.5912781953811646,0.28787878155708313,0.5,0.36538460850715637,0.5757575631141663
Gender: Female,474,0.48401522636413574,0.26492536067962646,0.5,0.34634146094322205,0.5298507213592529
Age: <40,474,0.6024458408355713,0.2986111044883728,0.5,0.373913049697876,0.5972222089767456
Age: 40-50,474,0.4151785671710968,0.23880596458911896,0.5,0.3232323229312897,0.4776119291782379
Age: 50-65,474,0.5453125238418579,0.27272728085517883,0.5,0.3529411852359772,0.5454545617103577
Race: White,474,0.5980246663093567,0.2906976640224457,0.5,0.36764705181121826,0.5813953280448914
Race: Black,474,0.5588235259056091,0.18518517911434174,0.5,0.2702702581882477,0.37037038803100586
Race: Other,474,0.4820788502693176,0.28321677446365356,0.5,0.3616071343421936,0.5664335489273071
Overall,475,0.5518219470977783,0.27627119421958923,0.5,0.35589519143104553,0.5525423884391785
Gender: Male,475,0.5564783811569214,0.28859061002731323,0.5,0.36595743894577026,0.5771812200546265
Gender: Female,475,0.5495953559875488,0.26369863748550415,0.5,0.34529146552085876,0.5273972749710083
Age: <40,475,0.4856640100479126,0.27952754497528076,0.5,0.3585858643054962,0.5590550899505615
Age: 40-50,475,0.6953405141830444,0.26724138855934143,0.5,0.3483146131038666,0.5344827771186829
Age: 50-65,475,0.5627300143241882,0.2772727310657501,0.5,0.35672515630722046,0.5545454621315002
Race: White,475,0.5587507486343384,0.3006756901741028,0.5,0.37552741169929504,0.6013513803482056
Race: Black,475,0.9145299196243286,0.20454545319080353,0.5,0.29032257199287415,0.40909093618392944
Race: Other,475,0.47846153378486633,0.25999999046325684,0.5,0.34210526943206787,0.5200000405311584
Overall,476,0.543423056602478,0.2983333468437195,0.5,0.3736951947212219,0.596666693687439
Gender: Male,476,0.6001344323158264,0.3037974536418915,0.5,0.3779527544975281,0.6075949668884277
Gender: Female,476,0.4886665344238281,0.2922535240650177,0.5,0.36888888478279114,0.5845070481300354
Age: <40,476,0.629620373249054,0.2984496057033539,0.5,0.37378641963005066,0.5968992114067078
Age: 40-50,476,0.5023255944252014,0.2756410241127014,0.5,0.35537189245224,0.5512820482254028
Age: 50-65,476,0.4661017060279846,0.3172042965888977,0.5,0.3881579041481018,0.6344085931777954
Race: White,476,0.6102564334869385,0.2678571343421936,0.5,0.3488371968269348,0.535714328289032
Race: Black,476,0.5666666626930237,0.38461539149284363,0.5,0.43478259444236755,0.7692307829856873
Race: Other,476,0.5080968141555786,0.3055555522441864,0.5,0.37931033968925476,0.6111111044883728
Overall,477,0.5058362483978271,0.2871287167072296,0.5,0.36477985978126526,0.5742574334144592
Gender: Male,477,0.5107758641242981,0.28807947039604187,0.5,0.36554622650146484,0.5761589407920837
Gender: Female,477,0.5062776803970337,0.2861842215061188,0.5,0.36401674151420593,0.5723684430122375
Age: <40,477,0.5026454925537109,0.29389312863349915,0.5,0.3701923191547394,0.5877862572669983
Age: 40-50,477,0.467717707157135,0.25342464447021484,0.5,0.33636364340782166,0.5068492889404297
Age: 50-65,477,0.5170940160751343,0.3030303120613098,0.5,0.37735849618911743,0.6060606241226196
Race: White,477,0.6331415176391602,0.2947761118412018,0.5,0.3708920180797577,0.5895522236824036
Race: Black,477,0.4365079402923584,0.30434781312942505,0.5,0.37837839126586914,0.6086956858634949
Race: Other,477,0.4248812794685364,0.2773972749710083,0.5,0.3568281829357147,0.5547944903373718
Overall,478,0.562767744064331,0.3009708821773529,0.5,0.3757575750350952,0.6019417643547058
Gender: Male,478,0.584640622138977,0.29216867685317993,0.5,0.36882129311561584,0.5843373537063599
Gender: Female,478,0.5339159369468689,0.31118881702423096,0.5,0.3836206793785095,0.6223776340484619
Age: <40,478,0.5377746820449829,0.3273381292819977,0.5,0.395652174949646,0.6546762585639954
Age: 40-50,478,0.5456081032752991,0.23188406229019165,0.5,0.31683167815208435,0.4637681245803833
Age: 50-65,478,0.6106934547424316,0.3118811845779419,0.5,0.3841463327407837,0.6237623691558838
Race: White,478,0.6709306836128235,0.3079470098018646,0.5,0.3811475336551666,0.6158940196037292
Race: Black,478,0.46060603857040405,0.2884615361690521,0.5,0.3658536672592163,0.5769230723381042
Race: Other,478,0.4601139426231384,0.2954545319080353,0.5,0.37142857909202576,0.5909091234207153
Overall,479,0.5304689407348633,0.28999999165534973,0.5,0.3670886158943176,0.5800000429153442
Gender: Male,479,0.5480578541755676,0.3042168617248535,0.5,0.37827715277671814,0.608433723449707
Gender: Female,479,0.5007859468460083,0.2723880708217621,0.5,0.3526569902896881,0.5447760820388794
Age: <40,479,0.5111111402511597,0.31690141558647156,0.5,0.38793104887008667,0.6338028311729431
Age: 40-50,479,0.5109797120094299,0.26811593770980835,0.5,0.349056601524353,0.5362318754196167
Age: 50-65,479,0.5759878158569336,0.26404494047164917,0.5,0.34558823704719543,0.5280898809432983
Race: White,479,0.6060924530029297,0.27419355511665344,0.5,0.3541666567325592,0.5483870506286621
Race: Black,479,0.6060606241226196,0.328125,0.5,0.3962264060974121,0.65625
Race: Other,479,0.4638085961341858,0.2951388955116272,0.5,0.3711790442466736,0.5902777910232544
Overall,480,0.4979897737503052,0.2567567527294159,0.5,0.3392857015132904,0.5135135054588318
Gender: Male,480,0.5555115938186646,0.2742857038974762,0.5,0.35424354672431946,0.5485714077949524
Gender: Female,480,0.410988986492157,0.23140496015548706,0.5,0.3163841664791107,0.46280989050865173
Age: <40,480,0.517241358757019,0.26229506731033325,0.5,0.34408602118492126,0.5245901346206665
Age: 40-50,480,0.447817862033844,0.23846153914928436,0.5,0.3229166567325592,0.4769230782985687
Age: 50-65,480,0.5114709734916687,0.26146790385246277,0.5,0.34337350726127625,0.5229357481002808
Race: White,480,0.5442423820495605,0.26595744490623474,0.5,0.3472222089767456,0.5319148898124695
Race: Black,480,0.7380952835083008,0.26923078298568726,0.5,0.3499999940395355,0.5384615659713745
Race: Other,480,0.4295334219932556,0.24418604373931885,0.5,0.328125,0.4883720874786377
Overall,481,0.5197106599807739,0.2915254235267639,0.5,0.3683083653450012,0.5830508470535278
Gender: Male,481,0.4951556921005249,0.2777777910232544,0.5,0.3571428656578064,0.5555555820465088
Gender: Female,481,0.5471264123916626,0.30633804202079773,0.5,0.37991267442703247,0.6126760244369507
Age: <40,481,0.5940430164337158,0.3008130192756653,0.5,0.3756345212459564,0.6016259789466858
Age: 40-50,481,0.43292683362960815,0.28082191944122314,0.5,0.359649121761322,0.5616438388824463
Age: 50-65,481,0.4991645812988281,0.28787878155708313,0.5,0.36538460850715637,0.5757575631141663
Race: White,481,0.507469654083252,0.25954198837280273,0.5,0.34170854091644287,0.5190839767456055
Race: Black,481,0.6363636255264282,0.2884615361690521,0.5,0.3658536672592163,0.5769230723381042
Race: Other,481,0.5170832872390747,0.3224637806415558,0.5,0.392070472240448,0.6449275612831116
Overall,482,0.5512685775756836,0.2916666567325592,0.5,0.3684210479259491,0.5833333730697632
Gender: Male,482,0.5795902013778687,0.2685714364051819,0.5,0.34944239258766174,0.5371428728103638
Gender: Female,482,0.5443322062492371,0.3240000009536743,0.5,0.39320388436317444,0.6480000019073486
Age: <40,482,0.5544230937957764,0.27586206793785095,0.5,0.35555556416511536,0.5517241358757019
Age: 40-50,482,0.5493096709251404,0.30000001192092896,0.5,0.375,0.6000000238418579
Age: 50-65,482,0.5341386795043945,0.31111112236976624,0.5,0.3835616409778595,0.6222222447395325
Race: White,482,0.7069264054298401,0.30215826630592346,0.5,0.3766816258430481,0.6043165326118469
Race: Black,482,0.503496527671814,0.2708333432674408,0.5,0.3513513505458832,0.5416666865348816
Race: Other,482,0.43242067098617554,0.2846715450286865,0.5,0.36279070377349854,0.569343090057373
Overall,483,0.496884286403656,0.28378379344940186,0.5,0.36206895112991333,0.5675675868988037
Gender: Male,483,0.548682689666748,0.3031249940395355,0.5,0.3774318993091583,0.606249988079071
Gender: Female,483,0.4309859275817871,0.2610294222831726,0.5,0.34299516677856445,0.5220588445663452
Age: <40,483,0.5726933479309082,0.280303031206131,0.5,0.35922330617904663,0.560606062412262
Age: 40-50,483,0.4671814739704132,0.2430555522441864,0.5,0.32710281014442444,0.4861111044883728
Age: 50-65,483,0.40267080068588257,0.32065218687057495,0.5,0.3907284736633301,0.6413043737411499
Race: White,483,0.6039628982543945,0.2680000066757202,0.5,0.3489583432674408,0.5360000133514404
Race: Black,483,0.41025638580322266,0.29032257199287415,0.5,0.36734694242477417,0.5806451439857483
Race: Other,483,0.4314098358154297,0.2964285612106323,0.5,0.37219730019569397,0.5928571224212646
Overall,484,0.5832860469818115,0.2915254235267639,0.5,0.3683083653450012,0.5830508470535278
Gender: Male,484,0.5185897350311279,0.2981366515159607,0.5,0.37354084849357605,0.5962733030319214
Gender: Female,484,0.6622051000595093,0.28358209133148193,0.5,0.3619047701358795,0.5671641826629639
Age: <40,484,0.6404635906219482,0.3115384578704834,0.5,0.3838862478733063,0.6230769157409668
Age: 40-50,484,0.5341880321502686,0.29032257199287415,0.5,0.36734694242477417,0.5806451439857483
Age: 50-65,484,0.5348484516143799,0.2669903039932251,0.5,0.34810125827789307,0.5339806079864502
Race: White,484,0.5815908908843994,0.29629629850387573,0.5,0.3720930218696594,0.5925925970077515
Race: Black,484,0.7873302698135376,0.28333333134651184,0.5,0.3617021143436432,0.5666667222976685
Race: Other,484,0.5704241991043091,0.2884615361690521,0.5,0.3658536672592163,0.5769230723381042
Overall,485,0.5361480712890625,0.2798013389110565,0.5,0.35881105065345764,0.559602677822113
Gender: Male,485,0.540413498878479,0.26249998807907104,0.5,0.3442623019218445,0.5250000357627869
Gender: Female,485,0.5283797979354858,0.2992957830429077,0.5,0.37444934248924255,0.5985915660858154
Age: <40,485,0.5937873721122742,0.26724138855934143,0.5,0.3483146131038666,0.5344827771186829
Age: 40-50,485,0.4315197169780731,0.2562499940395355,0.5,0.3388429880142212,0.512499988079071
Age: 50-65,485,0.575757622718811,0.3113207519054413,0.5,0.38372093439102173,0.6226415038108826
Race: White,485,0.6747933626174927,0.31338027119636536,0.5,0.38528138399124146,0.6267605423927307
Race: Black,485,0.4949495196342468,0.3103448152542114,0.5,0.38297873735427856,0.6206896305084229
Race: Other,485,0.42636746168136597,0.23664122819900513,0.5,0.3212435245513916,0.47328245639801025
Overall,486,0.5285700559616089,0.30169492959976196,0.5,0.37632134556770325,0.6033897995948792
Gender: Male,486,0.5280898809432983,0.31118881702423096,0.5,0.3836206793785095,0.6223776340484619
Gender: Female,486,0.5277332067489624,0.2927631437778473,0.5,0.3692946135997772,0.5855263471603394
Age: <40,486,0.5281927585601807,0.3120300769805908,0.5,0.38425925374031067,0.6240601539611816
Age: 40-50,486,0.4850339889526367,0.27272728085517883,0.5,0.3529411852359772,0.5454545617103577
Age: 50-65,486,0.5577830076217651,0.3117647171020508,0.5,0.3840579688549042,0.6235294342041016
Race: White,486,0.6247694492340088,0.2782258093357086,0.5,0.3575129508972168,0.5564516186714172
Race: Black,486,0.38755980134010315,0.3166666626930237,0.5,0.3877550959587097,0.6333333849906921
Race: Other,486,0.4830065369606018,0.3191489279270172,0.5,0.3896103799343109,0.6382978558540344
Overall,487,0.6330839991569519,0.3013468086719513,0.5,0.3760504126548767,0.6026936173439026
Gender: Male,487,0.5433846712112427,0.3030303120613098,0.5,0.37735849618911743,0.6060605645179749
Gender: Female,487,0.7358490228652954,0.29924243688583374,0.5,0.3744075894355774,0.5984848737716675
Age: <40,487,0.6277056336402893,0.3155737817287445,0.5,0.38693466782569885,0.6311475038528442
Age: 40-50,487,0.6078817844390869,0.2734375,0.5,0.35353535413742065,0.546875
Age: 50-65,487,0.6733378767967224,0.30180180072784424,0.5,0.3764044940471649,0.6036036014556885
Race: White,487,0.685319185256958,0.3263888955116272,0.5,0.3949579894542694,0.6527777910232544
Race: Black,487,0.6919642686843872,0.2666666805744171,0.5,0.3478260934352875,0.5333333611488342
Race: Other,487,0.5966183543205261,0.2804878056049347,0.5,0.359375,0.5609756112098694
Overall,488,0.5106955766677856,0.3036912679672241,0.5,0.3778705596923828,0.6073825359344482
Gender: Male,488,0.47976255416870117,0.30790960788726807,0.5,0.38111889362335205,0.6158192157745361
Gender: Female,488,0.54365074634552,0.2975206673145294,0.5,0.3730570077896118,0.5950412750244141
Age: <40,488,0.5914760828018188,0.32743361592292786,0.5,0.3957219123840332,0.6548672318458557
Age: 40-50,488,0.44360899925231934,0.26249998807907104,0.5,0.3442623019218445,0.5250000357627869
Age: 50-65,488,0.48192310333251953,0.3095238208770752,0.5,0.38235294818878174,0.6190476417541504
Race: White,488,0.5388002395629883,0.3160000145435333,0.5,0.38725489377975464,0.6320000290870667
Race: Black,488,0.4566666781902313,0.2857142984867096,0.5,0.3636363744735718,0.5714285969734192
Race: Other,488,0.5104529857635498,0.2971014380455017,0.5,0.37272727489471436,0.5942029356956482
Overall,489,0.58236163854599,0.27704918384552,0.5,0.35654008388519287,0.55409836769104
Gender: Male,489,0.5988371968269348,0.26875001192092896,0.5,0.34959349036216736,0.5375000238418579
Gender: Female,489,0.5600466728210449,0.2862069010734558,0.5,0.36403509974479675,0.5724138021469116
Age: <40,489,0.6792289614677429,0.29347825050354004,0.5,0.36986300349235535,0.5869565606117249
Age: 40-50,489,0.48883575201034546,0.26760563254356384,0.5,0.3486238420009613,0.5352112650871277
Age: 50-65,489,0.5160869359970093,0.2604166567325592,0.5,0.34246575832366943,0.5208333730697632
Race: White,489,0.5921052694320679,0.28358209133148193,0.5,0.3619047701358795,0.5671641826629639
Race: Black,489,0.5203620195388794,0.21666666865348816,0.5,0.302325576543808,0.4333333671092987
Race: Other,489,0.5786885023117065,0.283687949180603,0.5,0.36199095845222473,0.567375898361206
Overall,490,0.5506973266601562,0.28405314683914185,0.5,0.36228814721107483,0.5681062936782837
Gender: Male,490,0.551102876663208,0.27018633484840393,0.5,0.35080644488334656,0.5403726696968079
Gender: Female,490,0.5522959232330322,0.30000001192092896,0.5,0.375,0.6000000238418579
Age: <40,490,0.6119269132614136,0.30084747076034546,0.5,0.37566137313842773,0.6016949415206909
Age: 40-50,490,0.4264354109764099,0.26829269528388977,0.5,0.3492063581943512,0.5365853309631348
Age: 50-65,490,0.596825361251831,0.2772277295589447,0.5,0.35668790340423584,0.5544554591178894
Race: White,490,0.6308449506759644,0.28278687596321106,0.5,0.36125653982162476,0.5655737519264221
Race: Black,490,0.6934523582458496,0.28378379344940186,0.5,0.36206895112991333,0.5675675868988037
Race: Other,490,0.4511232376098633,0.2852112650871277,0.5,0.3632287085056305,0.5704225301742554
Overall,491,0.5477315187454224,0.2711864411830902,0.5,0.35164836049079895,0.5423728823661804
Gender: Male,491,0.5812815427780151,0.2750000059604645,0.5,0.35483869910240173,0.550000011920929
Gender: Female,491,0.5070546865463257,0.2666666805744171,0.5,0.3478260934352875,0.5333333015441895
Age: <40,491,0.6037828922271729,0.26953125,0.5,0.3502538204193115,0.5390625
Age: 40-50,491,0.47174447774887085,0.22839505970478058,0.5,0.31355932354927063,0.45679011940956116
Age: 50-65,491,0.5376157760620117,0.3139534890651703,0.5,0.3857142925262451,0.6279069781303406
Race: White,491,0.6124093532562256,0.25886523723602295,0.5,0.34112149477005005,0.5177304744720459
Race: Black,491,0.6115702390670776,0.25,0.5,0.3333333432674408,0.5
Race: Other,491,0.4600563645362854,0.28787878155708313,0.5,0.36538460850715637,0.575757622718811
Overall,492,0.5026143193244934,0.2697594463825226,0.5,0.3504464328289032,0.5395188927650452
Gender: Male,492,0.4126526415348053,0.28387096524238586,0.5,0.36213991045951843,0.5677419304847717
Gender: Female,492,0.5955007672309875,0.25367647409439087,0.5,0.3365853726863861,0.5073529481887817
Age: <40,492,0.49394673109054565,0.27131783962249756,0.5,0.35175880789756775,0.5426356792449951
Age: 40-50,492,0.5224660634994507,0.2338709682226181,0.5,0.3186813294887543,0.4677419066429138
Age: 50-65,492,0.5102627277374268,0.28999999165534973,0.5,0.3670886158943176,0.5799999833106995
Race: White,492,0.5952275991439819,0.27037036418914795,0.5,0.3509615361690521,0.5407407283782959
Race: Black,492,0.4358974099159241,0.29032257199287415,0.5,0.36734694242477417,0.5806451439857483
Race: Other,492,0.4319465756416321,0.2639999985694885,0.5,0.34554973244667053,0.527999997138977
Overall,493,0.5722905397415161,0.28020134568214417,0.5,0.3591397702693939,0.5604026913642883
Gender: Male,493,0.5806683301925659,0.26646706461906433,0.5,0.34765625,0.5329341292381287
Gender: Female,493,0.5660377740859985,0.2977099120616913,0.5,0.3732057511806488,0.5954198241233826
Age: <40,493,0.6119657754898071,0.28260868787765503,0.5,0.3611111044883728,0.5652173757553101
Age: 40-50,493,0.48323169350624084,0.28082191944122314,0.5,0.359649121761322,0.5616438388824463
Age: 50-65,493,0.5726495981216431,0.27586206793785095,0.5,0.35555556416511536,0.5517241358757019
Race: White,493,0.6388531923294067,0.2949640154838562,0.5,0.3710407316684723,0.5899280905723572
Race: Black,493,0.6857142448425293,0.2916666567325592,0.5,0.3684210479259491,0.5833333134651184
Race: Other,493,0.49655720591545105,0.2601625919342041,0.5,0.34224599599838257,0.5203251838684082
Overall,494,0.5423351526260376,0.28145694732666016,0.5,0.36016950011253357,0.5629138946533203
Gender: Male,494,0.5586667060852051,0.2857142984867096,0.5,0.3636363744735718,0.5714285373687744
Gender: Female,494,0.5157895088195801,0.27559053897857666,0.5,0.3553299605846405,0.5511810779571533
Age: <40,494,0.6044634580612183,0.30451127886772156,0.5,0.3785046637058258,0.6090225577354431
Age: 40-50,494,0.5069615244865417,0.26428571343421936,0.5,0.3457943797111511,0.5285714268684387
Age: 50-65,494,0.49795418977737427,0.2626262605190277,0.5,0.34437087178230286,0.5252525210380554
Race: White,494,0.6531250476837158,0.29411765933036804,0.5,0.37037035822868347,0.5882353186607361
Race: Black,494,0.59333336353302,0.30000001192092896,0.5,0.375,0.5999999642372131
Race: Other,494,0.46666663885116577,0.26595744490623474,0.5,0.3472222089767456,0.5319148898124695
Overall,495,0.5662994384765625,0.30069929361343384,0.5,0.375545859336853,0.6013985872268677
Gender: Male,495,0.6176518201828003,0.296875,0.5,0.37254902720451355,0.59375
Gender: Female,495,0.5075536966323853,0.3055555522441864,0.5,0.37931033968925476,0.6111111640930176
Age: <40,495,0.5873775482177734,0.28731343150138855,0.5,0.3649289011955261,0.5746268630027771
Age: 40-50,495,0.47727274894714355,0.2461538463830948,0.5,0.3298968970775604,0.4923076927661896
Age: 50-65,495,0.5879629254341125,0.36206895112991333,0.5,0.41999998688697815,0.7241379022598267
Race: White,495,0.6002451181411743,0.30534350872039795,0.5,0.379146933555603,0.6106870174407959
Race: Black,495,0.46212121844291687,0.260869562625885,0.5,0.34285715222358704,0.52173912525177
Race: Other,495,0.5185096263885498,0.3030303120613098,0.5,0.37735849618911743,0.6060606241226196
Overall,496,0.5620779991149902,0.29054054617881775,0.5,0.36752137541770935,0.5810810923576355
Gender: Male,496,0.5762763023376465,0.27439025044441223,0.5,0.35433071851730347,0.5487804412841797
Gender: Female,496,0.5446341037750244,0.31060606241226196,0.5,0.38317757844924927,0.6212121248245239
Age: <40,496,0.5536184310913086,0.33898305892944336,0.5,0.4040403962135315,0.6779661178588867
Age: 40-50,496,0.5040322542190552,0.2460317462682724,0.5,0.3297872245311737,0.4920635223388672
Age: 50-65,496,0.5686095952987671,0.2652173936367035,0.5,0.34659090638160706,0.530434787273407
Race: White,496,0.6355819702148438,0.2956204414367676,0.5,0.37155961990356445,0.5912408828735352
Race: Black,496,0.790123462677002,0.25,0.5,0.3333333432674408,0.5
Race: Other,496,0.485531210899353,0.29078012704849243,0.5,0.36771300435066223,0.5815602540969849
Overall,497,0.577141523361206,0.29933109879493713,0.5,0.37447699904441833,0.5986621975898743
Gender: Male,497,0.601190447807312,0.32278481125831604,0.5,0.39230769872665405,0.6455696225166321
Gender: Female,497,0.5586444735527039,0.27304965257644653,0.5,0.35321101546287537,0.5460992455482483
Age: <40,497,0.6136083602905273,0.30194804072380066,0.5,0.37651821970939636,0.6038960814476013
Age: 40-50,497,0.4273809790611267,0.2586206793785095,0.5,0.34090909361839294,0.517241358757019
Age: 50-65,497,0.6382488012313843,0.3218390941619873,0.5,0.3916083872318268,0.6436781883239746
Race: White,497,0.6047236919403076,0.316546767950058,0.5,0.3876652121543884,0.633093535900116
Race: Black,497,0.7087912559509277,0.24074074625968933,0.5,0.32499998807907104,0.48148149251937866
Race: Other,497,0.522377610206604,0.29323309659957886,0.5,0.36966824531555176,0.5864661931991577
Overall,498,0.5303685665130615,0.2709030210971832,0.5,0.3514099717140198,0.5418060421943665
Gender: Male,498,0.5085128545761108,0.2678571343421936,0.5,0.3488371968269348,0.5357142686843872
Gender: Female,498,0.5461366176605225,0.27358490228652954,0.5,0.353658527135849,0.5471698045730591
Age: <40,498,0.5489203929901123,0.26146790385246277,0.5,0.34337350726127625,0.5229357481002808
Age: 40-50,498,0.4761229157447815,0.2445652186870575,0.5,0.32846716046333313,0.489130437374115
Age: 50-65,498,0.5820175409317017,0.30612245202064514,0.5,0.37974682450294495,0.6122449040412903
Race: White,498,0.5960657596588135,0.2655172348022461,0.5,0.3468468487262726,0.5310344696044922
Race: Black,498,0.4675324559211731,0.3055555522441864,0.5,0.37931033968925476,0.6111111044883728
Race: Other,498,0.45924150943756104,0.2720588147640228,0.5,0.3523809611797333,0.5441176295280457
Overall,499,0.5041438937187195,0.29801324009895325,0.5,0.37344399094581604,0.5960264801979065
Gender: Male,499,0.4714679718017578,0.2886904776096344,0.5,0.3660377264022827,0.5773809552192688
Gender: Female,499,0.5502008199691772,0.30970150232315063,0.5,0.382488489151001,0.6194029450416565
Age: <40,499,0.5915648937225342,0.3290322721004486,0.5,0.3968871533870697,0.6580644845962524
Age: 40-50,499,0.49891772866249084,0.2295081913471222,0.5,0.31460675597190857,0.4590163826942444
Age: 50-65,499,0.3955555558204651,0.2906976640224457,0.5,0.36764705181121826,0.5813953280448914
Race: White,499,0.5210553407669067,0.28740158677101135,0.5,0.36500000953674316,0.5748031735420227
Race: Black,499,0.7307692766189575,0.25999999046325684,0.5,0.34210526943206787,0.5199999809265137
Race: Other,499,0.4464285671710968,0.31333333253860474,0.5,0.3852458894252777,0.6266666650772095
Overall,500,0.4897245466709137,0.2859589159488678,0.5,0.363834410905838,0.5719178318977356
Gender: Male,500,0.5263874530792236,0.28709676861763,0.5,0.3647541105747223,0.57419353723526
Gender: Female,500,0.4404606819152832,0.2846715450286865,0.5,0.36279070377349854,0.569343090057373
Age: <40,500,0.5454190969467163,0.30612245202064514,0.5,0.37974682450294495,0.6122449040412903
Age: 40-50,500,0.40763890743255615,0.2631579041481018,0.5,0.3448275923728943,0.5263158082962036
Age: 50-65,500,0.4375,0.26811593770980835,0.5,0.349056601524353,0.5362318754196167
Race: White,500,0.6174055933952332,0.26033058762550354,0.5,0.34239131212234497,0.5206611156463623
Race: Black,500,0.6543209552764893,0.3333333432674408,0.5,0.4000000059604645,0.6666666865348816
Race: Other,500,0.38251805305480957,0.2986111044883728,0.5,0.373913049697876,0.5972222089767456
Overall,501,0.5787471532821655,0.2775862216949463,0.5,0.3569844663143158,0.5551723837852478
Gender: Male,501,0.5625402927398682,0.29374998807907104,0.5,0.3700787425041199,0.5875000357627869
Gender: Female,501,0.5894337892532349,0.2576923072338104,0.5,0.3401015102863312,0.5153846144676208
Age: <40,501,0.6243386268615723,0.25,0.5,0.3333333432674408,0.5
Age: 40-50,501,0.47777777910232544,0.261904776096344,0.5,0.34375,0.523809552192688
Age: 50-65,501,0.6316238641738892,0.3217821717262268,0.5,0.39156627655029297,0.6435643434524536
Race: White,501,0.6333736777305603,0.2937062978744507,0.5,0.3700440526008606,0.5874125957489014
Race: Black,501,0.7142857313156128,0.15217390656471252,0.5,0.23333333432674408,0.30434784293174744
Race: Other,501,0.512169361114502,0.2822580635547638,0.5,0.36082473397254944,0.5645161271095276
Overall,502,0.5030887126922607,0.30858084559440613,0.5,0.38163265585899353,0.617161750793457
Gender: Male,502,0.47981852293014526,0.29012346267700195,0.5,0.3671875,0.5802469253540039
Gender: Female,502,0.5405465960502625,0.3297872245311737,0.5,0.39743590354919434,0.6595744490623474
Age: <40,502,0.509721040725708,0.3499999940395355,0.5,0.4117647111415863,0.699999988079071
Age: 40-50,502,0.5984532833099365,0.25,0.5,0.3333333432674408,0.4999999701976776
Age: 50-65,502,0.3954545259475708,0.30219781398773193,0.5,0.3767123222351074,0.6043956279754639
Race: White,502,0.6119136810302734,0.2927631437778473,0.5,0.3692946135997772,0.5855263471603394
Race: Black,502,0.5636363625526428,0.261904776096344,0.5,0.34375,0.523809552192688
Race: Other,502,0.3541833758354187,0.3346153795719147,0.5,0.40092167258262634,0.6692307591438293
Overall,503,0.5034472942352295,0.30000001192092896,0.5,0.375,0.5999999642372131
Gender: Male,503,0.5090205669403076,0.30124223232269287,0.5,0.3759689927101135,0.6024844646453857
Gender: Female,503,0.5037037134170532,0.2985074520111084,0.5,0.37383177876472473,0.5970149040222168
Age: <40,503,0.6219444274902344,0.2950819730758667,0.5,0.3711340129375458,0.5901638865470886
Age: 40-50,503,0.4285714030265808,0.28688523173332214,0.5,0.3645833432674408,0.5737704634666443
Age: 50-65,503,0.3989796042442322,0.3125,0.5,0.38461539149284363,0.625
Race: White,503,0.5531765222549438,0.31481480598449707,0.5,0.3863636255264282,0.6296296119689941
Race: Black,503,0.5779221057891846,0.2800000011920929,0.5,0.3589743673801422,0.5600000023841858
Race: Other,503,0.4455690383911133,0.2888889014720917,0.5,0.3661971688270569,0.5777777433395386
Overall,504,0.5350756645202637,0.28999999165534973,0.5,0.3670886158943176,0.5800000429153442
Gender: Male,504,0.5281733870506287,0.29141104221343994,0.5,0.3682170510292053,0.5828220844268799
Gender: Female,504,0.550632894039154,0.2883211672306061,0.5,0.36574074625968933,0.5766423344612122
Age: <40,504,0.6110293865203857,0.30534350872039795,0.5,0.379146933555603,0.6106870174407959
Age: 40-50,504,0.3620513081550598,0.3046875,0.5,0.3786407709121704,0.609375
Age: 50-65,504,0.5392727255821228,0.261904776096344,0.5,0.34375,0.523809552192688
Race: White,504,0.5845204591751099,0.30451127886772156,0.5,0.3785046637058258,0.6090225577354431
Race: Black,504,0.598901093006134,0.24074074625968933,0.5,0.32499998807907104,0.48148149251937866
Race: Other,504,0.5,0.2857142984867096,0.5,0.3636363744735718,0.5714285969734192
Overall,505,0.5810582637786865,0.2854785621166229,0.5,0.36344537138938904,0.5709571242332458
Gender: Male,505,0.6214286088943481,0.2756410241127014,0.5,0.35537189245224,0.5512820482254028
Gender: Female,505,0.5339080095291138,0.29591837525367737,0.5,0.3717948794364929,0.5918367505073547
Age: <40,505,0.6362773180007935,0.2954545319080353,0.5,0.37142857909202576,0.5909091234207153
Age: 40-50,505,0.5064516067504883,0.21830986440181732,0.5,0.30392158031463623,0.43661969900131226
Age: 50-65,505,0.5542535185813904,0.3199999928474426,0.5,0.39024388790130615,0.6399999856948853
Race: White,505,0.6055195331573486,0.25838926434516907,0.5,0.3407079577445984,0.5167785286903381
Race: Black,505,0.42500001192092896,0.2222222238779068,0.5,0.3076923191547394,0.4444444477558136
Race: Other,505,0.5622632503509521,0.3235294222831726,0.5,0.3928571343421936,0.6470588445663452
Overall,506,0.5462855100631714,0.27941176295280457,0.5,0.35849055647850037,0.5588235259056091
Gender: Male,506,0.5505363941192627,0.27218934893608093,0.5,0.3524904251098633,0.5443786978721619
Gender: Female,506,0.5576167106628418,0.2883211672306061,0.5,0.36574074625968933,0.5766423344612122
Age: <40,506,0.5330009460449219,0.2954545319080353,0.5,0.37142857909202576,0.5909091234207153
Age: 40-50,506,0.4867383539676666,0.29605263471603394,0.5,0.3719008266925812,0.5921052694320679
Age: 50-65,506,0.6208332777023315,0.2448979616165161,0.5,0.3287671208381653,0.4897959232330322
Race: White,506,0.6219390630722046,0.27165353298187256,0.5,0.3520408272743225,0.5433070659637451
Race: Black,506,0.5303643941879272,0.296875,0.5,0.37254902720451355,0.59375
Race: Other,506,0.49435240030288696,0.28231292963027954,0.5,0.36086955666542053,0.5646258592605591
Overall,507,0.5506712198257446,0.2852458953857422,0.5,0.3632567822933197,0.5704917907714844
Gender: Male,507,0.5409479141235352,0.3018292784690857,0.5,0.3764258623123169,0.6036584973335266
Gender: Female,507,0.5462626218795776,0.26595744490623474,0.5,0.3472222089767456,0.5319148898124695
Age: <40,507,0.584122896194458,0.2817460298538208,0.5,0.3604061007499695,0.5634921193122864
Age: 40-50,507,0.4667338728904724,0.2539682686328888,0.5,0.3368421196937561,0.5079365372657776
Age: 50-65,507,0.5746479034423828,0.30603447556495667,0.5,0.3796791434288025,0.6120689511299133
Race: White,507,0.5734406113624573,0.26492536067962646,0.5,0.34634146094322205,0.5298507213592529
Race: Black,507,0.5037593841552734,0.28787878155708313,0.5,0.36538460850715637,0.575757622718811
Race: Other,507,0.5487213134765625,0.30434781312942505,0.5,0.37837839126586914,0.6086956858634949
Overall,508,0.5566666722297668,0.286689430475235,0.5,0.3644251525402069,0.5733788013458252
Gender: Male,508,0.5906156301498413,0.2718749940395355,0.5,0.35222673416137695,0.543749988079071
Gender: Female,508,0.5144823789596558,0.30451127886772156,0.5,0.3785046637058258,0.6090225577354431
Age: <40,508,0.644016683101654,0.28947368264198303,0.5,0.36666667461395264,0.5789473652839661
Age: 40-50,508,0.43546798825263977,0.2265625,0.5,0.31182795763015747,0.453125
Age: 50-65,508,0.5256167054176331,0.3229166567325592,0.5,0.39240506291389465,0.6458333730697632
Race: White,508,0.6985018849372864,0.31118881702423096,0.5,0.3836206793785095,0.6223776340484619
Race: Black,508,0.6944444179534912,0.2647058963775635,0.5,0.3461538553237915,0.529411792755127
Race: Other,508,0.41609978675842285,0.2631579041481018,0.5,0.3448275923728943,0.5263158082962036
Overall,509,0.5164545774459839,0.2923588156700134,0.5,0.3689727485179901,0.5847175717353821
Gender: Male,509,0.44040244817733765,0.29141104221343994,0.5,0.3682170510292053,0.5828220844268799
Gender: Female,509,0.608620285987854,0.29347825050354004,0.5,0.36986300349235535,0.5869565606117249
Age: <40,509,0.5913752913475037,0.29323309659957886,0.5,0.36966824531555176,0.5864661931991577
Age: 40-50,509,0.37037035822868347,0.2822580635547638,0.5,0.36082473397254944,0.5645161271095276
Age: 50-65,509,0.5275008678436279,0.2971698045730591,0.5,0.37278106808662415,0.5943396091461182
Race: White,509,0.4964897036552429,0.3093525171279907,0.5,0.3822222352027893,0.6187050342559814
Race: Black,509,0.6857142448425293,0.24137930572032928,0.5,0.3255814015865326,0.48275861144065857
Race: Other,509,0.4861495792865753,0.2857142984867096,0.5,0.3636363744735718,0.5714285969734192
Overall,510,0.4847729802131653,0.28282827138900757,0.5,0.3612903356552124,0.5656565427780151
Gender: Male,510,0.46213334798812866,0.2680722773075104,0.5,0.3490196168422699,0.5361445546150208
Gender: Female,510,0.5316455960273743,0.3015267252922058,0.5,0.3761904835700989,0.6030534505844116
Age: <40,510,0.6053115129470825,0.3090277910232544,0.5,0.3819742500782013,0.6180555820465088
Age: 40-50,510,0.35220587253570557,0.2702702581882477,0.5,0.35087719559669495,0.5405405759811401
Age: 50-65,510,0.396794855594635,0.24683544039726257,0.5,0.3305084705352783,0.49367091059684753
Race: White,510,0.5135059356689453,0.26249998807907104,0.5,0.3442623019218445,0.5250000357627869
Race: Black,510,0.2777777910232544,0.36000001430511475,0.5,0.41860464215278625,0.7199999690055847
Race: Other,510,0.4916003346443176,0.2861842215061188,0.5,0.36401674151420593,0.5723684430122375
Overall,511,0.5411629676818848,0.281879186630249,0.5,0.3605150282382965,0.563758373260498
Gender: Male,511,0.5419573783874512,0.27000001072883606,0.5,0.350649356842041,0.5400000214576721
Gender: Female,511,0.5500282049179077,0.2939189076423645,0.5,0.37021276354789734,0.5878378748893738
Age: <40,511,0.6079090237617493,0.289682537317276,0.5,0.3668341636657715,0.5793651342391968
Age: 40-50,511,0.48934656381607056,0.28947368264198303,0.5,0.36666667461395264,0.5789473652839661
Age: 50-65,511,0.5302832126617432,0.265625,0.5,0.3469387888908386,0.53125
Race: White,511,0.6772726774215698,0.3076923191547394,0.5,0.380952388048172,0.615384578704834
Race: Black,511,0.442307710647583,0.27586206793785095,0.5,0.35555556416511536,0.5517241358757019
Race: Other,511,0.44606852531433105,0.2539682686328888,0.5,0.3368421196937561,0.5079365372657776
Overall,512,0.5302702784538269,0.30327868461608887,0.5,0.37755101919174194,0.6065573692321777
Gender: Male,512,0.5008671283721924,0.30000001192092896,0.5,0.375,0.5999999642372131
Gender: Female,512,0.5657795667648315,0.30666667222976685,0.5,0.3801652789115906,0.6133333444595337
Age: <40,512,0.5153487920761108,0.31617647409439087,0.5,0.38738739490509033,0.6323529481887817
Age: 40-50,512,0.4287925660610199,0.2638888955116272,0.5,0.34545454382896423,0.5277777910232544
Age: 50-65,512,0.6420764923095703,0.3144329786300659,0.5,0.3860759437084198,0.6288659572601318
Race: White,512,0.6096984148025513,0.3047945201396942,0.5,0.3787234127521515,0.6095890402793884
Race: Black,512,0.40909093618392944,0.2800000011920929,0.5,0.3589743673801422,0.5600000023841858
Race: Other,512,0.48475611209869385,0.305970162153244,0.5,0.37962964177131653,0.6119402647018433
Overall,513,0.5603868961334229,0.29629629850387573,0.5,0.3720930218696594,0.5925925970077515
Gender: Male,513,0.5579710006713867,0.28834354877471924,0.5,0.3657587468624115,0.5766870975494385
Gender: Female,513,0.5684803128242493,0.305970162153244,0.5,0.37962964177131653,0.6119402647018433
Age: <40,513,0.6235268115997314,0.2883211672306061,0.5,0.36574074625968933,0.5766423344612122
Age: 40-50,513,0.47959181666374207,0.2777777910232544,0.5,0.3571428656578064,0.5555555820465088
Age: 50-65,513,0.533179759979248,0.3195876181125641,0.5,0.3899371027946472,0.6391752362251282
Race: White,513,0.6476254463195801,0.26865673065185547,0.5,0.34951457381248474,0.5373134016990662
Race: Black,513,0.579365074634552,0.30434781312942505,0.5,0.37837839126586914,0.6086956858634949
Race: Other,513,0.4771111309528351,0.3214285671710968,0.5,0.3913043439388275,0.6428571343421936
Overall,514,0.48372089862823486,0.284280925989151,0.5,0.36247333884239197,0.568561851978302
Gender: Male,514,0.5228937864303589,0.25925925374031067,0.5,0.3414634168148041,0.5185185074806213
Gender: Female,514,0.4532603621482849,0.31386861205101013,0.5,0.3856502175331116,0.6277372241020203
Age: <40,514,0.5513888597488403,0.2985074520111084,0.5,0.37383177876472473,0.5970149040222168
Age: 40-50,514,0.29893529415130615,0.26428571343421936,0.5,0.3457943797111511,0.5285714268684387
Age: 50-65,514,0.5251572132110596,0.2789473831653595,0.5,0.3581081032752991,0.557894766330719
Race: White,514,0.5221759080886841,0.29615384340286255,0.5,0.3719806671142578,0.5923076868057251
Race: Black,514,0.6166666746139526,0.2777777910232544,0.5,0.3571428656578064,0.5555555820465088
Race: Other,514,0.4298878312110901,0.27464789152145386,0.5,0.3545454442501068,0.5492957830429077
Overall,515,0.5867346525192261,0.26744186878204346,0.5,0.3484848439693451,0.5348837375640869
Gender: Male,515,0.6055579781532288,0.2620481848716736,0.5,0.343873530626297,0.5240963697433472
Gender: Female,515,0.5739920139312744,0.27407407760620117,0.5,0.35406699776649475,0.5481481552124023
Age: <40,515,0.7010989189147949,0.26859503984451294,0.5,0.3494623601436615,0.5371900796890259
Age: 40-50,515,0.4968101978302002,0.26760563254356384,0.5,0.3486238420009613,0.5352112650871277
Age: 50-65,515,0.5280594825744629,0.26605504751205444,0.5,0.34730538725852966,0.5321100950241089
Race: White,515,0.6041271686553955,0.26153847575187683,0.5,0.34343433380126953,0.5230769515037537
Race: Black,515,0.5399999618530273,0.30000001192092896,0.5,0.375,0.5999999642372131
Race: Other,515,0.6001131534576416,0.267123281955719,0.5,0.3482142984867096,0.534246563911438
Overall,516,0.4736866354942322,0.29264214634895325,0.5,0.3691983222961426,0.5852842926979065
Gender: Male,516,0.4892103672027588,0.2853260934352875,0.5,0.36332181096076965,0.570652186870575
Gender: Female,516,0.4612698554992676,0.30434781312942505,0.5,0.37837839126586914,0.6086956262588501
Age: <40,516,0.46343129873275757,0.28731343150138855,0.5,0.3649289011955261,0.5746268630027771
Age: 40-50,516,0.4822368621826172,0.25641027092933655,0.5,0.33898305892944336,0.5128205418586731
Age: 50-65,516,0.4411414861679077,0.3333333432674408,0.5,0.4000000059604645,0.6666666865348816
Race: White,516,0.6018890142440796,0.2916666567325592,0.5,0.3684210479259491,0.5833333730697632
Race: Black,516,0.45673078298568726,0.27586206793785095,0.5,0.35555556416511536,0.5517241358757019
Race: Other,516,0.3702090382575989,0.2971014380455017,0.5,0.37272727489471436,0.5942029356956482
Overall,517,0.5651407241821289,0.29765886068344116,0.5,0.3731656074523926,0.5953177213668823
Gender: Male,517,0.5453073978424072,0.3047337234020233,0.5,0.37867647409439087,0.6094674468040466
Gender: Female,517,0.5825453996658325,0.2884615361690521,0.5,0.3658536672592163,0.5769230723381042
Age: <40,517,0.5620455145835876,0.31985294818878174,0.5,0.3901345431804657,0.6397058963775635
Age: 40-50,517,0.5082250833511353,0.24264705181121826,0.5,0.32673266530036926,0.4852941334247589
Age: 50-65,517,0.6043802499771118,0.3052631616592407,0.5,0.379084974527359,0.6105263233184814
Race: White,517,0.617813766002655,0.2663934528827667,0.5,0.3475935757160187,0.5327868461608887
Race: Black,517,0.5777777433395386,0.2777777910232544,0.5,0.3571428656578064,0.5555555820465088
Race: Other,517,0.5162873268127441,0.3266666531562805,0.5,0.39516130089759827,0.6533333659172058
Overall,518,0.5309921503067017,0.29054054617881775,0.5,0.36752137541770935,0.5810810923576355
Gender: Male,518,0.48063841462135315,0.30708661675453186,0.5,0.3804877996444702,0.6141732335090637
Gender: Female,518,0.5584397315979004,0.2781065106391907,0.5,0.35741445422172546,0.5562130212783813
Age: <40,518,0.5024906396865845,0.31196582317352295,0.5,0.3842105269432068,0.6239316463470459
Age: 40-50,518,0.5488095283508301,0.24390244483947754,0.5,0.32786884903907776,0.4878048598766327
Age: 50-65,518,0.5785013437271118,0.3041236996650696,0.5,0.3782051205635071,0.6082473993301392
Race: White,518,0.6109983921051025,0.27304965257644653,0.5,0.35321101546287537,0.5460992455482483
Race: Black,518,0.5357142686843872,0.3181818127632141,0.5,0.3888888955116272,0.6363636255264282
Race: Other,518,0.4432573914527893,0.30451127886772156,0.5,0.3785046637058258,0.6090225577354431
Overall,519,0.5056812763214111,0.27719298005104065,0.5,0.3566591441631317,0.5543859601020813
Gender: Male,519,0.4932659864425659,0.27551019191741943,0.5,0.3552631437778473,0.5510203838348389
Gender: Female,519,0.5167127847671509,0.27898550033569336,0.5,0.3581395447254181,0.5579710006713867
Age: <40,519,0.5109655857086182,0.2901785671710968,0.5,0.3672316372394562,0.5803571939468384
Age: 40-50,519,0.5157895088195801,0.24358974397182465,0.5,0.32758620381355286,0.4871794879436493
Age: 50-65,519,0.503636360168457,0.28947368264198303,0.5,0.36666667461395264,0.5789473652839661
Race: White,519,0.5418906807899475,0.26865673065185547,0.5,0.34951457381248474,0.5373134016990662
Race: Black,519,0.6979166865348816,0.2857142984867096,0.5,0.3636363744735718,0.5714285969734192
Race: Other,519,0.44905662536621094,0.28455284237861633,0.5,0.36269429326057434,0.5691056847572327
Overall,520,0.475425124168396,0.27040815353393555,0.5,0.3509933650493622,0.5408163070678711
Gender: Male,520,0.4868362545967102,0.24695122241973877,0.5,0.3306122422218323,0.49390241503715515
Gender: Female,520,0.4869329333305359,0.30000001192092896,0.5,0.375,0.6000000238418579
Age: <40,520,0.5179377794265747,0.26538461446762085,0.5,0.3467336595058441,0.5307692289352417
Age: 40-50,520,0.4183501601219177,0.260869562625885,0.5,0.34285715222358704,0.52173912525177
Age: 50-65,520,0.4408310651779175,0.28421053290367126,0.5,0.3624161183834076,0.5684210658073425
Race: White,520,0.4681147336959839,0.26249998807907104,0.5,0.3442623019218445,0.5250000357627869
Race: Black,520,0.5138888955116272,0.3199999928474426,0.5,0.39024388790130615,0.6399999856948853
Race: Other,520,0.4942029118537903,0.268456369638443,0.5,0.34934496879577637,0.536912739276886
Overall,521,0.5801459550857544,0.2943143844604492,0.5,0.3705263137817383,0.5886287689208984
Gender: Male,521,0.6134061813354492,0.31284916400909424,0.5,0.3848797380924225,0.6256983280181885
Gender: Female,521,0.5089285373687744,0.2666666805744171,0.5,0.3478260934352875,0.5333333611488342
Age: <40,521,0.6887500286102295,0.3076923191547394,0.5,0.380952388048172,0.6153846383094788
Age: 40-50,521,0.36262625455856323,0.261904776096344,0.5,0.34375,0.523809552192688
Age: 50-65,521,0.5943152904510498,0.2971698045730591,0.5,0.37278106808662415,0.5943396091461182
Race: White,521,0.6528301239013672,0.30075186491012573,0.5,0.3755868673324585,0.6015037894248962
Race: Black,521,0.5833333730697632,0.25,0.5,0.3333333432674408,0.5
Race: Other,521,0.5355089902877808,0.2957746386528015,0.5,0.37168142199516296,0.591549277305603
Overall,522,0.5458683967590332,0.31313130259513855,0.5,0.38509318232536316,0.6262626051902771
Gender: Male,522,0.5652642250061035,0.3102409541606903,0.5,0.3828996419906616,0.6204819083213806
Gender: Female,522,0.531375527381897,0.31679388880729675,0.5,0.38785046339035034,0.6335877776145935
Age: <40,522,0.5827471017837524,0.33181819319725037,0.5,0.3989070951938629,0.663636326789856
Age: 40-50,522,0.4859335124492645,0.2874999940395355,0.5,0.3650793731212616,0.574999988079071
Age: 50-65,522,0.5503731369972229,0.31308412551879883,0.5,0.3850574791431427,0.6261681914329529
Race: White,522,0.5973992347717285,0.29133859276771545,0.5,0.3681592047214508,0.5826771855354309
Race: Black,522,0.6987179517745972,0.25999999046325684,0.5,0.34210526943206787,0.5199999809265137
Race: Other,522,0.4969257712364197,0.341379314661026,0.5,0.4057376980781555,0.682758629322052
Overall,523,0.5200818777084351,0.27147766947746277,0.5,0.3518930971622467,0.5429553389549255
Gender: Male,523,0.4641091227531433,0.2759740352630615,0.5,0.35564854741096497,0.551948070526123
Gender: Female,523,0.576626718044281,0.2664233446121216,0.5,0.34761905670166016,0.5328466892242432
Age: <40,523,0.5515391826629639,0.2557252049446106,0.5,0.33838382363319397,0.5114504098892212
Age: 40-50,523,0.5314900279045105,0.2876712381839752,0.5,0.365217387676239,0.5753424763679504
Age: 50-65,523,0.4581095576286316,0.2816092073917389,0.5,0.3602941036224365,0.5632184147834778
Race: White,523,0.6396349668502808,0.2620967626571655,0.5,0.34391534328460693,0.524193525314331
Race: Black,523,0.5448718070983887,0.25999999046325684,0.5,0.34210526943206787,0.5199999809265137
Race: Other,523,0.4286290407180786,0.28169015049934387,0.5,0.36036035418510437,0.563380241394043
Overall,524,0.49888837337493896,0.2861952781677246,0.5,0.36402568221092224,0.5723905563354492
Gender: Male,524,0.5471048355102539,0.27950310707092285,0.5,0.3585657477378845,0.5590062141418457
Gender: Female,524,0.43950891494750977,0.29411765933036804,0.5,0.37037035822868347,0.5882353186607361
Age: <40,524,0.6374727487564087,0.3057554066181183,0.5,0.3794642984867096,0.6115108132362366
Age: 40-50,524,0.3025914430618286,0.28082191944122314,0.5,0.359649121761322,0.5616438388824463
Age: 50-65,524,0.45787137746810913,0.25882354378700256,0.5,0.341085284948349,0.5176470875740051
Race: White,524,0.5271779298782349,0.303846150636673,0.5,0.3779904246330261,0.607692301273346
Race: Black,524,0.6687500476837158,0.2222222238779068,0.5,0.3076923191547394,0.4444444477558136
Race: Other,524,0.43738096952438354,0.2862595319747925,0.5,0.3640776574611664,0.572519063949585
Overall,525,0.5568050146102905,0.31144779920578003,0.5,0.3838174343109131,0.6228955984115601
Gender: Male,525,0.5371428728103638,0.3205128312110901,0.5,0.390625,0.6410256624221802
Gender: Female,525,0.576890766620636,0.3014184534549713,0.5,0.3761062026023865,0.6028368473052979
Age: <40,525,0.6308642029762268,0.3091602921485901,0.5,0.3820754587650299,0.6183205842971802
Age: 40-50,525,0.5077399015426636,0.3131868243217468,0.5,0.38513514399528503,0.6263736486434937
Age: 50-65,525,0.4848024249076843,0.31333333253860474,0.5,0.3852458894252777,0.6266666650772095
Race: White,525,0.5423728227615356,0.2765151560306549,0.5,0.356097549200058,0.5530303120613098
Race: Black,525,0.4603174924850464,0.30434781312942505,0.5,0.37837839126586914,0.6086956858634949
Race: Other,525,0.5916048288345337,0.34507042169570923,0.5,0.40833333134651184,0.6901408433914185
Overall,526,0.596825361251831,0.2871621549129486,0.5,0.3648068606853485,0.5743243098258972
Gender: Male,526,0.5976239442825317,0.2857142984867096,0.5,0.3636363744735718,0.5714285969734192
Gender: Female,526,0.5922764539718628,0.2887323796749115,0.5,0.3660714328289032,0.577464759349823
Age: <40,526,0.6676205396652222,0.28308823704719543,0.5,0.36150234937667847,0.5661764740943909
Age: 40-50,526,0.5302445292472839,0.26582279801368713,0.5,0.3471074402332306,0.5316455960273743
Age: 50-65,526,0.5405228734016418,0.31481480598449707,0.5,0.3863636255264282,0.6296296119689941
Race: White,526,0.5952380895614624,0.2810218930244446,0.5,0.3598130941390991,0.5620437860488892
Race: Black,526,0.65625,0.25,0.5,0.3333333432674408,0.5
Race: Other,526,0.6070994138717651,0.29720279574394226,0.5,0.37280702590942383,0.5944055914878845
Overall,527,0.5187085866928101,0.2805280387401581,0.5,0.35940802097320557,0.5610561370849609
Gender: Male,527,0.5794503688812256,0.2818181812763214,0.5,0.3604651093482971,0.5636363625526428
Gender: Female,527,0.4483713209629059,0.27898550033569336,0.5,0.3581395447254181,0.5579710006713867
Age: <40,527,0.5678837299346924,0.29738563299179077,0.5,0.37295082211494446,0.5947712659835815
Age: 40-50,527,0.37980085611343384,0.24666666984558105,0.5,0.3303571343421936,0.4933333396911621
Age: 50-65,527,0.542568564414978,0.2800000011920929,0.5,0.3589743673801422,0.5600000023841858
Race: White,527,0.5806729793548584,0.25847458839416504,0.5,0.34078213572502136,0.5169491767883301
Race: Black,527,0.6394230723381042,0.27586206793785095,0.5,0.35555556416511536,0.5517241358757019
Race: Other,527,0.44154292345046997,0.29807692766189575,0.5,0.3734939694404602,0.5961538553237915
Overall,528,0.46225616335868835,0.276450514793396,0.5,0.3560439646244049,0.552901029586792
Gender: Male,528,0.47103357315063477,0.3062500059604645,0.5,0.3798449635505676,0.612500011920929
Gender: Female,528,0.44927531480789185,0.24060150980949402,0.5,0.32487308979034424,0.48120301961898804
Age: <40,528,0.4961748719215393,0.2757352888584137,0.5,0.35545024275779724,0.5514705777168274
Age: 40-50,528,0.3222222328186035,0.2631579041481018,0.5,0.3448275923728943,0.5263158082962036
Age: 50-65,528,0.5025031566619873,0.29012346267700195,0.5,0.3671875,0.5802469253540039
Race: White,528,0.5379369258880615,0.2874999940395355,0.5,0.3650793731212616,0.5750000476837158
Race: Black,528,0.5846153497695923,0.2678571343421936,0.5,0.3488371968269348,0.535714328289032
Race: Other,528,0.40566399693489075,0.2689655125141144,0.5,0.3497757911682129,0.5379310250282288
Overall,529,0.5289256572723389,0.25925925374031067,0.5,0.3414634168148041,0.5185185074806213
Gender: Male,529,0.5440875291824341,0.24836601316928864,0.5,0.331877738237381,0.49673202633857727
Gender: Female,529,0.5178710222244263,0.2708333432674408,0.5,0.3513513505458832,0.5416666865348816
Age: <40,529,0.6035315990447998,0.25724637508392334,0.5,0.339712917804718,0.5144927501678467
Age: 40-50,529,0.4364531934261322,0.2734375,0.5,0.35353535413742065,0.546875
Age: 50-65,529,0.4796099364757538,0.2526315748691559,0.5,0.3356643319129944,0.5052632093429565
Race: White,529,0.6150367259979248,0.24369747936725616,0.5,0.32768362760543823,0.4873949885368347
Race: Black,529,0.5227272510528564,0.239130437374115,0.5,0.3235294222831726,0.47826087474823
Race: Other,529,0.4605041742324829,0.27419355511665344,0.5,0.3541666567325592,0.5483871102333069
Overall,530,0.5470085144042969,0.2954545319080353,0.5,0.37142857909202576,0.5909090638160706
Gender: Male,530,0.511904776096344,0.279720276594162,0.5,0.35874438285827637,0.559440553188324
Gender: Female,530,0.5812325477600098,0.30909091234207153,0.5,0.3820224702358246,0.6181818246841431
Age: <40,530,0.6666033267974854,0.31333333253860474,0.5,0.3852458894252777,0.6266666650772095
Age: 40-50,530,0.4355555772781372,0.25,0.5,0.3333333432674408,0.5
Age: 50-65,530,0.4685344696044922,0.29591837525367737,0.5,0.3717948794364929,0.5918367505073547
Race: White,530,0.5263042449951172,0.28308823704719543,0.5,0.36150234937667847,0.5661764740943909
Race: Black,530,0.5925925970077515,0.3125,0.5,0.38461539149284363,0.625
Race: Other,530,0.5599616765975952,0.30405405163764954,0.5,0.3781512677669525,0.6081081032752991
Overall,531,0.5216100215911865,0.285953164100647,0.5,0.3638297915458679,0.571906328201294
Gender: Male,531,0.5907029509544373,0.2857142984867096,0.5,0.3636363744735718,0.5714285373687744
Gender: Female,531,0.4581786096096039,0.2861842215061188,0.5,0.36401674151420593,0.5723684430122375
Age: <40,531,0.6258758306503296,0.2890625,0.5,0.3663366436958313,0.578125
Age: 40-50,531,0.3492187261581421,0.2777777910232544,0.5,0.3571428656578064,0.5555555820465088
Age: 50-65,531,0.5192147493362427,0.28787878155708313,0.5,0.36538460850715637,0.5757575631141663
Race: White,531,0.5692487955093384,0.27099236845970154,0.5,0.35148516297340393,0.5419847369194031
Race: Black,531,0.5833333730697632,0.2857142984867096,0.5,0.3636363744735718,0.5714285969734192
Race: Other,531,0.480654776096344,0.30000001192092896,0.5,0.375,0.6000000238418579
Overall,532,0.5130410194396973,0.2670068144798279,0.5,0.34811529517173767,0.534013569355011
Gender: Male,532,0.5152724981307983,0.2810457646846771,0.5,0.35983264446258545,0.5620915293693542
Gender: Female,532,0.507645845413208,0.25177305936813354,0.5,0.3349056541919708,0.5035460591316223
Age: <40,532,0.598870038986206,0.2639999985694885,0.5,0.34554973244667053,0.527999997138977
Age: 40-50,532,0.3857142925262451,0.2397260218858719,0.5,0.32407405972480774,0.4794520437717438
Age: 50-65,532,0.5053571462631226,0.2916666567325592,0.5,0.3684210479259491,0.5833333730697632
Race: White,532,0.6164414882659912,0.2761194109916687,0.5,0.35576921701431274,0.5522388219833374
Race: Black,532,0.4285714328289032,0.31578946113586426,0.5,0.3870967626571655,0.6315789222717285
Race: Other,532,0.43822938203811646,0.25177305936813354,0.5,0.3349056541919708,0.5035460591316223
Overall,533,0.5827587842941284,0.2996688783168793,0.5,0.37474119663238525,0.5993377566337585
Gender: Male,533,0.5580489635467529,0.28703704476356506,0.5,0.364705890417099,0.5740740895271301
Gender: Female,533,0.6062062978744507,0.3142857253551483,0.5,0.38596490025520325,0.6285714507102966
Age: <40,533,0.6555403470993042,0.33203125,0.5,0.39906102418899536,0.6640625
Age: 40-50,533,0.5323308706283569,0.2602739632129669,0.5,0.342342346906662,0.5205479264259338
Age: 50-65,533,0.5048115253448486,0.2871287167072296,0.5,0.36477985978126526,0.5742574334144592
Race: White,533,0.6457648277282715,0.27142858505249023,0.5,0.35185185074806213,0.5428571701049805
Race: Black,533,0.49166667461395264,0.22727273404598236,0.5,0.3125,0.4545454680919647
Race: Other,533,0.49824559688568115,0.3392857015132904,0.5,0.40425533056259155,0.6785714030265808
Overall,534,0.4856148958206177,0.28146854043006897,0.5,0.36017897725105286,0.5629370808601379
Gender: Male,534,0.49785906076431274,0.29113924503326416,0.5,0.36800000071525574,0.5822784900665283
Gender: Female,534,0.469909131526947,0.26953125,0.5,0.3502538204193115,0.5390625
Age: <40,534,0.6076271533966064,0.28776979446411133,0.5,0.3652968108654022,0.5755395889282227
Age: 40-50,534,0.3301985263824463,0.2338709682226181,0.5,0.3186813294887543,0.4677419066429138
Age: 50-65,534,0.42307692766189575,0.30588236451148987,0.5,0.37956205010414124,0.6117647290229797
Race: White,534,0.5642987489700317,0.28773584961891174,0.5,0.3652694523334503,0.5754716992378235
Race: Black,534,0.2916666865348816,0.3461538553237915,0.5,0.40909090638160706,0.692307710647583
Race: Other,534,0.4673103094100952,0.26623377203941345,0.5,0.347457617521286,0.5324675440788269
Overall,535,0.564792275428772,0.2830508351325989,0.5,0.36147186160087585,0.5661016702651978
Gender: Male,535,0.5067160129547119,0.27906978130340576,0.5,0.35820895433425903,0.5581395626068115
Gender: Female,535,0.6619718074798584,0.288617879152298,0.5,0.3659793734550476,0.577235758304596
Age: <40,535,0.6168625354766846,0.2925925850868225,0.5,0.36915886402130127,0.585185170173645
Age: 40-50,535,0.5357723236083984,0.2887323796749115,0.5,0.3660714328289032,0.577464759349823
Age: 50-65,535,0.5050658583641052,0.26404494047164917,0.5,0.34558823704719543,0.5280898809432983
Race: White,535,0.666904091835022,0.30451127886772156,0.5,0.3785046637058258,0.6090225577354431
Race: Black,535,0.598901093006134,0.25925925374031067,0.5,0.3414634168148041,0.5185185074806213
Race: Other,535,0.4997795522212982,0.2666666805744171,0.5,0.3478260934352875,0.5333333015441895
Overall,536,0.5286310911178589,0.30298012495040894,0.5,0.3773195743560791,0.6059602499008179
Gender: Male,536,0.5434253215789795,0.3055555522441864,0.5,0.37931033968925476,0.6111111044883728
Gender: Female,536,0.5278195142745972,0.30063292384147644,0.5,0.3754940629005432,0.6012658476829529
Age: <40,536,0.5358442068099976,0.30314961075782776,0.5,0.37745097279548645,0.6062992215156555
Age: 40-50,536,0.46078431606292725,0.30000001192092896,0.5,0.375,0.6000000238418579
Age: 50-65,536,0.5838960409164429,0.3055555522441864,0.5,0.37931033968925476,0.6111111044883728
Race: White,536,0.6630094051361084,0.28518518805503845,0.5,0.36320754885673523,0.5703703761100769
Race: Black,536,0.3368983864784241,0.3035714328289032,0.5,0.3777777850627899,0.6071428656578064
Race: Other,536,0.4411236047744751,0.3201438784599304,0.5,0.390350878238678,0.6402877569198608
Overall,537,0.5503649711608887,0.2731788158416748,0.5,0.35331904888153076,0.5463576316833496
Gender: Male,537,0.5390522480010986,0.2707006335258484,0.5,0.3512396812438965,0.5414012670516968
Gender: Female,537,0.5646153688430786,0.27586206793785095,0.5,0.35555556416511536,0.5517241358757019
Age: <40,537,0.5374625325202942,0.2984496057033539,0.5,0.37378641963005066,0.5968992114067078
Age: 40-50,537,0.5417423248291016,0.21641790866851807,0.5,0.3020833432674408,0.43283581733703613
Age: 50-65,537,0.5632888674736023,0.2783018946647644,0.5,0.35757574439048767,0.5566037893295288
Race: White,537,0.6509926915168762,0.2661290466785431,0.5,0.34736841917037964,0.5322580337524414
Race: Black,537,0.6549019813537598,0.234375,0.5,0.3191489279270172,0.46875
Race: Other,537,0.44508448243141174,0.2876712381839752,0.5,0.365217387676239,0.5753424763679504
Overall,538,0.5514847040176392,0.30405405163764954,0.5,0.3781512677669525,0.6081081032752991
Gender: Male,538,0.5508267879486084,0.3110465109348297,0.5,0.38351255655288696,0.6220930218696594
Gender: Female,538,0.554123044013977,0.2943548262119293,0.5,0.37055838108062744,0.5887096524238586
Age: <40,538,0.5941091775894165,0.3222222328186035,0.5,0.3918918967247009,0.6444444060325623
Age: 40-50,538,0.4043658971786499,0.2936508059501648,0.5,0.3700000047683716,0.5873016119003296
Age: 50-65,538,0.581632673740387,0.2857142984867096,0.5,0.3636363744735718,0.5714285373687744
Race: White,538,0.6278203725814819,0.3007246255874634,0.5,0.37556561827659607,0.6014493107795715
Race: Black,538,0.6933333873748779,0.30000001192092896,0.5,0.375,0.5999999642372131
Race: Other,538,0.46245819330215454,0.308270663022995,0.5,0.3813953399658203,0.6165413856506348
Overall,539,0.4830087423324585,0.2743055522441864,0.5,0.35426008701324463,0.5486111044883728
Gender: Male,539,0.5065547227859497,0.28012049198150635,0.5,0.35907337069511414,0.5602409243583679
Gender: Female,539,0.44534412026405334,0.2663934528827667,0.5,0.3475935757160187,0.5327868461608887
Age: <40,539,0.48821139335632324,0.2887323796749115,0.5,0.3660714328289032,0.577464759349823
Age: 40-50,539,0.4980158805847168,0.1818181872367859,0.5,0.2666666805744171,0.3636363744735718
Age: 50-65,539,0.455357164144516,0.32499998807907104,0.5,0.39393940567970276,0.6500000357627869
Race: White,539,0.5183871984481812,0.27407407760620117,0.5,0.35406699776649475,0.5481481552124023
Race: Black,539,0.36538463830947876,0.25999999046325684,0.5,0.34210526943206787,0.5199999809265137
Race: Other,539,0.47664934396743774,0.27734375,0.5,0.356783926486969,0.5546875
Overall,540,0.5702067017555237,0.3006536066532135,0.5,0.37551021575927734,0.601307213306427
Gender: Male,540,0.5883256793022156,0.2852760851383209,0.5,0.36328125,0.5705521106719971
Gender: Female,540,0.5598055124282837,0.3181818127632141,0.5,0.3888888955116272,0.6363636255264282
Age: <40,540,0.5912680625915527,0.3093525171279907,0.5,0.3822222352027893,0.6187050342559814
Age: 40-50,540,0.6040724515914917,0.28333333134651184,0.5,0.3617021143436432,0.5666667222976685
Age: 50-65,540,0.5381540656089783,0.29906541109085083,0.5,0.3742690086364746,0.5981308221817017
Race: White,540,0.6030246019363403,0.2857142984867096,0.5,0.3636363744735718,0.5714285969734192
Race: Black,540,0.7307692170143127,0.29032257199287415,0.5,0.36734694242477417,0.5806451439857483
Race: Other,540,0.5013513565063477,0.3245614171028137,0.5,0.39361703395843506,0.6491228342056274
Overall,541,0.5069106221199036,0.30584192276000977,0.5,0.3795309066772461,0.6116838455200195
Gender: Male,541,0.501950740814209,0.29518070816993713,0.5,0.3712121248245239,0.5903614163398743
Gender: Female,541,0.5313888788223267,0.3199999928474426,0.5,0.39024388790130615,0.64000004529953
Age: <40,541,0.5692640542984009,0.30799999833106995,0.5,0.38118812441825867,0.6160000562667847
Age: 40-50,541,0.35462963581085205,0.27272728085517883,0.5,0.3529411852359772,0.5454545617103577
Age: 50-65,541,0.5279120802879333,0.32499998807907104,0.5,0.39393940567970276,0.6499999761581421
Race: White,541,0.5013793110847473,0.3175182342529297,0.5,0.3883928656578064,0.6350364685058594
Race: Black,541,0.8067226409912109,0.27419355511665344,0.5,0.3541666567325592,0.5483870506286621
Race: Other,541,0.464699387550354,0.3008130192756653,0.5,0.3756345212459564,0.6016259789466858
Overall,542,0.4899807572364807,0.29522183537483215,0.5,0.3712446391582489,0.5904436707496643
Gender: Male,542,0.42427533864974976,0.30263158679008484,0.5,0.37704917788505554,0.6052631735801697
Gender: Female,542,0.5623456835746765,0.28723403811454773,0.5,0.36486485600471497,0.5744680762290955
Age: <40,542,0.4925837516784668,0.290076345205307,0.5,0.3671497702598572,0.580152690410614
Age: 40-50,542,0.5460464954376221,0.31617647409439087,0.5,0.38738739490509033,0.6323529481887817
Age: 50-65,542,0.4583333134651184,0.28723403811454773,0.5,0.36486485600471497,0.5744680762290955
Race: White,542,0.5676587224006653,0.279720276594162,0.5,0.35874438285827637,0.559440553188324
Race: Black,542,0.7023810148239136,0.31578946113586426,0.5,0.3870967626571655,0.6315789222717285
Race: Other,542,0.395061731338501,0.3091602921485901,0.5,0.3820754587650299,0.6183205842971802
Overall,543,0.5843080282211304,0.28217822313308716,0.5,0.3607594966888428,0.5643564462661743
Gender: Male,543,0.6345120072364807,0.29532164335250854,0.5,0.37132352590560913,0.5906432867050171
Gender: Female,543,0.514976978302002,0.2651515007019043,0.5,0.3465346395969391,0.5303030610084534
Age: <40,543,0.7374871969223022,0.3090277910232544,0.5,0.3819742500782013,0.6180555820465088
Age: 40-50,543,0.31687241792678833,0.2142857164144516,0.5,0.30000001192092896,0.4285714626312256
Age: 50-65,543,0.5596452355384827,0.2864583432674408,0.5,0.3642384111881256,0.5729166865348816
Race: White,543,0.6174819469451904,0.2986111044883728,0.5,0.373913049697876,0.5972222089767456
Race: Black,543,0.5778546333312988,0.25,0.5,0.3333333432674408,0.5
Race: Other,543,0.5833333730697632,0.2720000147819519,0.5,0.35233160853385925,0.5440000295639038
Overall,544,0.5028904676437378,0.27966102957725525,0.5,0.3586956560611725,0.5593219995498657
Gender: Male,544,0.47968465089797974,0.29393938183784485,0.5,0.37022900581359863,0.5878787636756897
Gender: Female,544,0.5320209264755249,0.26153847575187683,0.5,0.34343433380126953,0.5230769515037537
Age: <40,544,0.5733333826065063,0.3048780560493469,0.5,0.3787878751754761,0.6097560524940491
Age: 40-50,544,0.391562283039093,0.2628205120563507,0.5,0.3445378243923187,0.5256410241127014
Age: 50-65,544,0.521541953086853,0.2606382966041565,0.5,0.3426573574542999,0.521276593208313
Race: White,544,0.5803752541542053,0.2698412835597992,0.5,0.3505154550075531,0.5396825671195984
Race: Black,544,0.6944444179534912,0.2777777910232544,0.5,0.3571428656578064,0.5555555820465088
Race: Other,544,0.4290650486946106,0.2887323796749115,0.5,0.3660714328289032,0.577464759349823
Overall,545,0.5133875608444214,0.2791095972061157,0.5,0.3582417666912079,0.5582191944122314
Gender: Male,545,0.5156309604644775,0.2925170063972473,0.5,0.3690987229347229,0.5850340127944946
Gender: Female,545,0.5103132724761963,0.2655172348022461,0.5,0.3468468487262726,0.5310344696044922
Age: <40,545,0.5483210682868958,0.26428571343421936,0.5,0.3457943797111511,0.5285714268684387
Age: 40-50,545,0.4549071788787842,0.26363635063171387,0.5,0.3452380895614624,0.5272727012634277
Age: 50-65,545,0.4765765964984894,0.30927833914756775,0.5,0.3821656107902527,0.6185566782951355
Race: White,545,0.5714285373687744,0.2734375,0.5,0.35353535413742065,0.546875
Race: Black,545,0.6428571343421936,0.27419355511665344,0.5,0.3541666567325592,0.5483870506286621
Race: Other,545,0.4358263611793518,0.2857142984867096,0.5,0.3636363744735718,0.5714285969734192
Overall,546,0.5405882596969604,0.2931034564971924,0.5,0.3695652186870575,0.5862069129943848
Gender: Male,546,0.5281306505203247,0.3104575276374817,0.5,0.38306450843811035,0.6209150552749634
Gender: Female,546,0.5486021041870117,0.2737226188182831,0.5,0.3537735939025879,0.5474452376365662
Age: <40,546,0.5469248294830322,0.29615384340286255,0.5,0.3719806671142578,0.5923076868057251
Age: 40-50,546,0.4650000035762787,0.2666666805744171,0.5,0.3478260934352875,0.5333333611488342
Age: 50-65,546,0.6102594137191772,0.3117647171020508,0.5,0.3840579688549042,0.6235294342041016
Race: White,546,0.6624338626861572,0.27173912525177,0.5,0.35211268067359924,0.54347825050354
Race: Black,546,0.6763285398483276,0.359375,0.5,0.41818180680274963,0.71875
Race: Other,546,0.41290509700775146,0.30000001192092896,0.5,0.375,0.6000000238418579
Overall,547,0.5706181526184082,0.2783333361148834,0.5,0.35760170221328735,0.5566666722297668
Gender: Male,547,0.605485200881958,0.25766870379447937,0.5,0.34008097648620605,0.5153374075889587
Gender: Female,547,0.5323516130447388,0.3029197156429291,0.5,0.37727272510528564,0.6058394312858582
Age: <40,547,0.6301096677780151,0.26771652698516846,0.5,0.34871795773506165,0.5354330539703369
Age: 40-50,547,0.5230158567428589,0.2535211145877838,0.5,0.336448609828949,0.5070422291755676
Age: 50-65,547,0.5254374742507935,0.30882352590560913,0.5,0.38181817531585693,0.6176470518112183
Race: White,547,0.6357589960098267,0.251748263835907,0.5,0.3348837196826935,0.503496527671814
Race: Black,547,0.6285713911056519,0.34090909361839294,0.5,0.4054054021835327,0.6818181872367859
Race: Other,547,0.48886364698410034,0.29629629850387573,0.5,0.3720930218696594,0.5925925970077515
Overall,548,0.49550801515579224,0.30398669838905334,0.5,0.3780991733074188,0.6079733967781067
Gender: Male,548,0.4773969054222107,0.30937498807907104,0.5,0.38223937153816223,0.6187500357627869
Gender: Female,548,0.5079364776611328,0.2978723347187042,0.5,0.3733333349227905,0.5957446694374084
Age: <40,548,0.5445167422294617,0.32499998807907104,0.5,0.39393940567970276,0.6499999761581421
Age: 40-50,548,0.47303271293640137,0.2867647111415863,0.5,0.3644859790802002,0.5735294222831726
Age: 50-65,548,0.4566037654876709,0.2849462330341339,0.5,0.36301368474960327,0.5698924660682678
Race: White,548,0.5632157325744629,0.27819550037384033,0.5,0.35748791694641113,0.5563910007476807
Race: Black,548,0.5620914697647095,0.32692307233810425,0.5,0.39534884691238403,0.6538462042808533
Race: Other,548,0.4245651960372925,0.3239436745643616,0.5,0.39316239953041077,0.6478872895240784
Overall,549,0.4781250059604645,0.2702702581882477,0.5,0.35087719559669495,0.5405405759811401
Gender: Male,549,0.4929303526878357,0.2715231776237488,0.5,0.3519313335418701,0.5430463552474976
Gender: Female,549,0.46708762645721436,0.2689655125141144,0.5,0.3497757911682129,0.5379310250282288
Age: <40,549,0.532274603843689,0.25600001215934753,0.5,0.33862432837486267,0.5120000243186951
Age: 40-50,549,0.39393937587738037,0.2708333432674408,0.5,0.3513513505458832,0.5416666865348816
Age: 50-65,549,0.46992480754852295,0.28787878155708313,0.5,0.36538460850715637,0.5757575631141663
Race: White,549,0.5252909660339355,0.27173912525177,0.5,0.35211268067359924,0.54347825050354
Race: Black,549,0.48663103580474854,0.3035714328289032,0.5,0.3777777850627899,0.6071428656578064
Race: Other,549,0.43429791927337646,0.26153847575187683,0.5,0.34343433380126953,0.5230769515037537
Overall,550,0.478162944316864,0.3118644058704376,0.5,0.38413360714912415,0.6237288117408752
Gender: Male,550,0.4918506145477295,0.30254778265953064,0.5,0.3769841194152832,0.6050955653190613
Gender: Female,550,0.466636061668396,0.3224637806415558,0.5,0.392070472240448,0.6449275612831116
Age: <40,550,0.5538555383682251,0.3193277418613434,0.5,0.3897435963153839,0.6386554837226868
Age: 40-50,550,0.4008129835128784,0.2887323796749115,0.5,0.3660714328289032,0.577464759349823
Age: 50-65,550,0.433621346950531,0.31904762983322144,0.5,0.3895348906517029,0.6380952596664429
Race: White,550,0.5899087190628052,0.31889763474464417,0.5,0.38942307233810425,0.6377952694892883
Race: Black,550,0.4117646813392639,0.32692307233810425,0.5,0.39534884691238403,0.6538462042808533
Race: Other,550,0.42753320932388306,0.30281689763069153,0.5,0.37719297409057617,0.6056337952613831
Overall,551,0.5219981670379639,0.30392158031463623,0.5,0.37804877758026123,0.6078431606292725
Gender: Male,551,0.5392354726791382,0.2982954680919647,0.5,0.3736654818058014,0.5965909361839294
Gender: Female,551,0.508440375328064,0.3115384578704834,0.5,0.3838862478733063,0.6230769157409668
Age: <40,551,0.6117531061172485,0.31439393758773804,0.5,0.38604649901390076,0.6287878751754761
Age: 40-50,551,0.36321836709976196,0.30405405163764954,0.5,0.3781512677669525,0.6081081032752991
Age: 50-65,551,0.5160098075866699,0.28999999165534973,0.5,0.3670886158943176,0.5799999833106995
Race: White,551,0.5815266370773315,0.3014705777168274,0.5,0.3761467933654785,0.6029411554336548
Race: Black,551,0.32971012592315674,0.3285714387893677,0.5,0.3965517282485962,0.6571428775787354
Race: Other,551,0.5093735456466675,0.30000001192092896,0.5,0.375,0.5999999642372131
Overall,552,0.4967529773712158,0.2881355881690979,0.5,0.3655914068222046,0.5762711763381958
Gender: Male,552,0.5226531028747559,0.2947019934654236,0.5,0.3708333373069763,0.5894039869308472
Gender: Female,552,0.4718793034553528,0.28125,0.5,0.36000001430511475,0.5625
Age: <40,552,0.5756359100341797,0.284246563911438,0.5,0.3624454140663147,0.568493127822876
Age: 40-50,552,0.3693121671676636,0.2822580635547638,0.5,0.36082473397254944,0.5645161271095276
Age: 50-65,552,0.4532967209815979,0.29885056614875793,0.5,0.3741007149219513,0.5977011322975159
Race: White,552,0.5581730604171753,0.3030303120613098,0.5,0.37735849618911743,0.6060606241226196
Race: Black,552,0.523809552192688,0.21875,0.5,0.30434781312942505,0.4375
Race: Other,552,0.43185243010520935,0.28231292963027954,0.5,0.36086955666542053,0.5646258592605591
Overall,553,0.5478826761245728,0.30034130811691284,0.5,0.37526652216911316,0.6006825566291809
Gender: Male,553,0.5559941530227661,0.284431129693985,0.5,0.36259540915489197,0.5688623189926147
Gender: Female,553,0.5522633790969849,0.3214285671710968,0.5,0.3913043439388275,0.6428571939468384
Age: <40,553,0.5392366647720337,0.3120567500591278,0.5,0.3842794895172119,0.6241134405136108
Age: 40-50,553,0.47031253576278687,0.3076923191547394,0.5,0.380952388048172,0.6153846383094788
Age: 50-65,553,0.6018668413162231,0.2800000011920929,0.5,0.3589743673801422,0.5600000023841858
Race: White,553,0.5399165153503418,0.26953125,0.5,0.3502538204193115,0.5390625
Race: Black,553,0.6391304135322571,0.3484848439693451,0.5,0.4107142984867096,0.696969747543335
Race: Other,553,0.5672123432159424,0.3181818127632141,0.5,0.3888888955116272,0.6363636255264282
Overall,554,0.6357457041740417,0.29901960492134094,0.5,0.3742331266403198,0.5980392098426819
Gender: Male,554,0.5952881574630737,0.29518070816993713,0.5,0.3712121248245239,0.5903614163398743
Gender: Female,554,0.6885561943054199,0.3035714328289032,0.5,0.3777777850627899,0.6071428656578064
Age: <40,554,0.6776302456855774,0.3090277910232544,0.5,0.3819742500782013,0.6180555820465088
Age: 40-50,554,0.545036792755127,0.25757575035095215,0.5,0.3400000035762787,0.5151515007019043
Age: 50-65,554,0.6319444179534912,0.3125,0.5,0.38461539149284363,0.625
Race: White,554,0.7015392184257507,0.29389312863349915,0.5,0.3701923191547394,0.5877862572669983
Race: Black,554,0.46666666865348816,0.2631579041481018,0.5,0.3448275923728943,0.5263158082962036
Race: Other,554,0.6022568941116333,0.3076923191547394,0.5,0.380952388048172,0.6153846383094788
Overall,555,0.5264180898666382,0.29304635524749756,0.5,0.36951982975006104,0.5860927104949951
Gender: Male,555,0.5281010866165161,0.3050314486026764,0.5,0.37890625,0.6100628972053528
Gender: Female,555,0.5335317850112915,0.279720276594162,0.5,0.35874438285827637,0.559440553188324
Age: <40,555,0.6344468593597412,0.32677164673805237,0.5,0.39523810148239136,0.6535432934761047
Age: 40-50,555,0.4506172835826874,0.25,0.5,0.3333333432674408,0.5
Age: 50-65,555,0.44980841875076294,0.28155338764190674,0.5,0.3602484464645386,0.5631067752838135
Race: White,555,0.6002260446548462,0.2798507511615753,0.5,0.35885167121887207,0.5597015023231506
Race: Black,555,0.4307692050933838,0.2678571343421936,0.5,0.3488371968269348,0.535714328289032
Race: Other,555,0.46627628803253174,0.3107142746448517,0.5,0.38325992226600647,0.6214285492897034
Overall,556,0.5300403833389282,0.2668918967247009,0.5,0.3480176329612732,0.5337837934494019
Gender: Male,556,0.5697159767150879,0.2708333432674408,0.5,0.3513513505458832,0.5416666865348816
Gender: Female,556,0.476388543844223,0.26171875,0.5,0.34358975291252136,0.5234375
Age: <40,556,0.591458797454834,0.2857142984867096,0.5,0.3636363744735718,0.5714285373687744
Age: 40-50,556,0.40368661284446716,0.2348484843969345,0.5,0.3195876181125641,0.4696969985961914
Age: 50-65,556,0.5,0.2590361535549164,0.5,0.341269850730896,0.518072247505188
Race: White,556,0.60960453748703,0.2521008551120758,0.5,0.33519554138183594,0.5042017102241516
Race: Black,556,0.46568626165390015,0.2931034564971924,0.5,0.3695652186870575,0.5862069129943848
Race: Other,556,0.4886677861213684,0.2736486494541168,0.5,0.3537117838859558,0.5472972989082336
Overall,557,0.514376163482666,0.2651006579399109,0.5,0.3464912176132202,0.5302013158798218
Gender: Male,557,0.5416020154953003,0.2556818127632141,0.5,0.33834585547447205,0.5113636255264282
Gender: Female,557,0.48720043897628784,0.2786885201931,0.5,0.35789474844932556,0.5573770403862
Age: <40,557,0.6424242258071899,0.2669491469860077,0.5,0.3480663001537323,0.5338982939720154
Age: 40-50,557,0.4282744526863098,0.2565789520740509,0.5,0.3391304314136505,0.5131579041481018
Age: 50-65,557,0.4211309552192688,0.26923078298568726,0.5,0.3499999940395355,0.5384615659713745
Race: White,557,0.5748780965805054,0.2765151560306549,0.5,0.356097549200058,0.5530303120613098
Race: Black,557,0.6375000476837158,0.25806450843811035,0.5,0.3404255211353302,0.5161290168762207
Race: Other,557,0.44598156213760376,0.25555557012557983,0.5,0.3382352888584137,0.5111110806465149
Overall,558,0.47756725549697876,0.2888513505458832,0.5,0.36616700887680054,0.5777027010917664
Gender: Male,558,0.44360363483428955,0.30116960406303406,0.5,0.3759123980998993,0.6023392081260681
Gender: Female,558,0.5134158730506897,0.2720000147819519,0.5,0.35233160853385925,0.5440000295639038
Age: <40,558,0.5686111450195312,0.3048780560493469,0.5,0.3787878751754761,0.6097560524940491
Age: 40-50,558,0.4474084973335266,0.28082191944122314,0.5,0.359649121761322,0.5616438388824463
Age: 50-65,558,0.3995959758758545,0.2750000059604645,0.5,0.35483869910240173,0.550000011920929
Race: White,558,0.508121132850647,0.2481481432914734,0.5,0.3316831588745117,0.4962962865829468
Race: Black,558,0.36666667461395264,0.3448275923728943,0.5,0.40816327929496765,0.6896551847457886
Race: Other,558,0.4769344925880432,0.3181818127632141,0.5,0.3888888955116272,0.6363636255264282
Overall,559,0.4965517222881317,0.3006872832775116,0.5,0.3755364716053009,0.6013745665550232
Gender: Male,559,0.476502001285553,0.3022598922252655,0.5,0.3767605721950531,0.604519784450531
Gender: Female,559,0.533887505531311,0.2982456088066101,0.5,0.37362638115882874,0.5964912176132202
Age: <40,559,0.6018385887145996,0.3090277910232544,0.5,0.3819742500782013,0.6180555820465088
Age: 40-50,559,0.34210526943206787,0.30645161867141724,0.5,0.3799999952316284,0.6129032373428345
Age: 50-65,559,0.4510135054588318,0.2823529541492462,0.5,0.36090224981307983,0.5647059082984924
Race: White,559,0.5304762125015259,0.30434781312942505,0.5,0.37837839126586914,0.6086956262588501
Race: Black,559,0.6952381134033203,0.2586206793785095,0.5,0.34090909361839294,0.517241358757019
Race: Other,559,0.4378167390823364,0.30612245202064514,0.5,0.37974682450294495,0.6122449040412903
Overall,560,0.5226351022720337,0.30858084559440613,0.5,0.38163265585899353,0.617161750793457
Gender: Male,560,0.5229669809341431,0.3117283880710602,0.5,0.38403043150901794,0.6234567761421204
Gender: Female,560,0.5230443477630615,0.304964542388916,0.5,0.3788546323776245,0.609929084777832
Age: <40,560,0.5905882716178894,0.31481480598449707,0.5,0.3863636255264282,0.6296296119689941
Age: 40-50,560,0.46683675050735474,0.2857142984867096,0.5,0.3636363744735718,0.5714285373687744
Age: 50-65,560,0.4945652186870575,0.3285714387893677,0.5,0.3965517282485962,0.6571428775787354
Race: White,560,0.5412429571151733,0.30201342701911926,0.5,0.3765690326690674,0.6040268540382385
Race: Black,560,0.4038461446762085,0.38235294818878174,0.5,0.4333333373069763,0.7647058963775635
Race: Other,560,0.5161725282669067,0.30656933784484863,0.5,0.38009050488471985,0.6131386756896973
Overall,561,0.4788297414779663,0.30546075105667114,0.5,0.3792372941970825,0.6109215021133423
Gender: Male,561,0.5526229739189148,0.2924528419971466,0.5,0.369047611951828,0.5849056243896484
Gender: Female,561,0.3958333134651184,0.3208955228328705,0.5,0.3909091055393219,0.641791045665741
Age: <40,561,0.5644208192825317,0.3025210201740265,0.5,0.376963347196579,0.605042040348053
Age: 40-50,561,0.45352745056152344,0.2764706015586853,0.5,0.35606059432029724,0.5529412031173706
Age: 50-65,561,0.4040229916572571,0.33707866072654724,0.5,0.4026845693588257,0.6741573214530945
Race: White,561,0.4933333396911621,0.3048780560493469,0.5,0.3787878751754761,0.6097560524940491
Race: Black,561,0.7448979616165161,0.3333333432674408,0.5,0.4000000059604645,0.6666666865348816
Race: Other,561,0.4406779408454895,0.30201342701911926,0.5,0.3765690326690674,0.6040268540382385
Overall,562,0.5276190042495728,0.29661017656326294,0.5,0.3723404109477997,0.5932203531265259
Gender: Male,562,0.5236028432846069,0.2803468108177185,0.5,0.3592592477798462,0.560693621635437
Gender: Female,562,0.5381700992584229,0.3196721374988556,0.5,0.38999998569488525,0.6393442153930664
Age: <40,562,0.5479069948196411,0.31617647409439087,0.5,0.38738739490509033,0.6323529481887817
Age: 40-50,562,0.5004094839096069,0.26428571343421936,0.5,0.3457943797111511,0.5285714268684387
Age: 50-65,562,0.5150728225708008,0.2921348214149475,0.5,0.368794322013855,0.584269642829895
Race: White,562,0.6152368783950806,0.30869564414024353,0.5,0.3817204236984253,0.6173912882804871
Race: Black,562,0.6281179189682007,0.25,0.5,0.3333333432674408,0.5
Race: Other,562,0.44205915927886963,0.3007246255874634,0.5,0.37556561827659607,0.6014493107795715
Overall,563,0.6043956279754639,0.29449838399887085,0.5,0.3706721067428589,0.5889967679977417
Gender: Male,563,0.6424399614334106,0.28930819034576416,0.5,0.36653387546539307,0.5786163210868835
Gender: Female,563,0.5640740394592285,0.30000001192092896,0.5,0.375,0.6000000238418579
Age: <40,563,0.6967815160751343,0.3130081295967102,0.5,0.38499999046325684,0.6260162591934204
Age: 40-50,563,0.4467105269432068,0.24358974397182465,0.5,0.32758620381355286,0.4871794879436493
Age: 50-65,563,0.615580677986145,0.31018519401550293,0.5,0.38285714387893677,0.6203703880310059
Race: White,563,0.7494382262229919,0.29865771532058716,0.5,0.3739495873451233,0.5973154306411743
Race: Black,563,0.5687500238418579,0.3076923191547394,0.5,0.380952388048172,0.6153846383094788
Race: Other,563,0.48826611042022705,0.28731343150138855,0.5,0.3649289011955261,0.5746268630027771
Overall,564,0.5144318342208862,0.2710437774658203,0.5,0.3515283763408661,0.5420875549316406
Gender: Male,564,0.516904354095459,0.25,0.5,0.3333333432674408,0.5
Gender: Female,564,0.5265297293663025,0.2949640154838562,0.5,0.3710407316684723,0.5899280905723572
Age: <40,564,0.5758620500564575,0.26422762870788574,0.5,0.34574466943740845,0.5284552574157715
Age: 40-50,564,0.37118902802467346,0.21917808055877686,0.5,0.3047619163990021,0.4383561611175537
Age: 50-65,564,0.5405405759811401,0.31683167815208435,0.5,0.38787877559661865,0.6336633563041687
Race: White,564,0.5699471235275269,0.27173912525177,0.5,0.35211268067359924,0.54347825050354
Race: Black,564,0.3541666865348816,0.30000001192092896,0.5,0.375,0.6000000238418579
Race: Other,564,0.48295217752456665,0.26618704199790955,0.5,0.34741783142089844,0.5323740839958191
Overall,565,0.5630069971084595,0.2898305058479309,0.5,0.3669527769088745,0.5796610116958618
Gender: Male,565,0.5892658233642578,0.28437501192092896,0.5,0.3625498116016388,0.5687500238418579
Gender: Female,565,0.5404545068740845,0.29629629850387573,0.5,0.3720930218696594,0.5925925970077515
Age: <40,565,0.6636636853218079,0.2890625,0.5,0.3663366436958313,0.578125
Age: 40-50,565,0.44983553886413574,0.27142858505249023,0.5,0.35185185074806213,0.5428571701049805
Age: 50-65,565,0.504460334777832,0.3041236996650696,0.5,0.3782051205635071,0.6082473993301392
Race: White,565,0.6192033290863037,0.25,0.5,0.3333333432674408,0.5
Race: Black,565,0.37368422746658325,0.32758620381355286,0.5,0.3958333432674408,0.6551724076271057
Race: Other,565,0.5556610822677612,0.31333333253860474,0.5,0.3852458894252777,0.6266666650772095
Overall,566,0.5931835174560547,0.2694915235042572,0.5,0.350220263004303,0.5389830470085144
Gender: Male,566,0.6201863288879395,0.2839506268501282,0.5,0.36220473051071167,0.5679012537002563
Gender: Female,566,0.5576661825180054,0.2518796920776367,0.5,0.33500000834465027,0.5037593841552734
Age: <40,566,0.5659366250038147,0.21969696879386902,0.5,0.3052631616592407,0.43939393758773804
Age: 40-50,566,0.4263736605644226,0.28688523173332214,0.5,0.3645833432674408,0.5737704634666443
Age: 50-65,566,0.6982322931289673,0.3235294222831726,0.5,0.3928571343421936,0.6470588445663452
Race: White,566,0.6940711736679077,0.2782258093357086,0.5,0.3575129508972168,0.5564516186714172
Race: Black,566,0.644444465637207,0.3214285671710968,0.5,0.3913043439388275,0.6428571939468384
Race: Other,566,0.5099765062332153,0.251748263835907,0.5,0.3348837196826935,0.503496527671814
Overall,567,0.5744122862815857,0.319112628698349,0.5,0.3895833194255829,0.638225257396698
Gender: Male,567,0.5323129296302795,0.33561643958091736,0.5,0.40163934230804443,0.6712328791618347
Gender: Female,567,0.6123595237731934,0.3027210831642151,0.5,0.37711864709854126,0.6054421663284302
Age: <40,567,0.6916210055351257,0.31849315762519836,0.5,0.3891213536262512,0.6369863152503967
Age: 40-50,567,0.3827160596847534,0.30434781312942505,0.5,0.37837839126586914,0.6086956858634949
Age: 50-65,567,0.5318047404289246,0.3333333432674408,0.5,0.4000000059604645,0.6666666865348816
Race: White,567,0.6039885878562927,0.3243243098258972,0.5,0.39344263076782227,0.6486486792564392
Race: Black,567,0.625,0.2857142984867096,0.5,0.3636363744735718,0.5714285969734192
Race: Other,567,0.5428833961486816,0.3214285671710968,0.5,0.3913043439388275,0.6428571343421936
Overall,568,0.5095840692520142,0.2651006579399109,0.5,0.3464912176132202,0.5302013158798218
Gender: Male,568,0.4998249411582947,0.2763157784938812,0.5,0.35593220591545105,0.5526315569877625
Gender: Female,568,0.5061936378479004,0.25342464447021484,0.5,0.33636364340782166,0.5068492889404297
Age: <40,568,0.5962440967559814,0.26174497604370117,0.5,0.34361234307289124,0.5234899520874023
Age: 40-50,568,0.36764705181121826,0.27419355511665344,0.5,0.3541666567325592,0.5483870506286621
Age: 50-65,568,0.446447491645813,0.26436781883239746,0.5,0.3458646535873413,0.5287356376647949
Race: White,568,0.5778999328613281,0.27016130089759827,0.5,0.35078534483909607,0.5403225421905518
Race: Black,568,0.6606060266494751,0.21153846383094788,0.5,0.29729729890823364,0.42307692766189575
Race: Other,568,0.43566176295280457,0.2702702581882477,0.5,0.35087719559669495,0.5405405759811401
Overall,569,0.5150573253631592,0.309440553188324,0.5,0.38228940963745117,0.618881106376648
Gender: Male,569,0.4691915214061737,0.3266666531562805,0.5,0.39516130089759827,0.6533333659172058
Gender: Female,569,0.5411947965621948,0.2904411852359772,0.5,0.367441862821579,0.5808823704719543
Age: <40,569,0.6042424440383911,0.31512606143951416,0.5,0.3865979313850403,0.6302521228790283
Age: 40-50,569,0.4730983376502991,0.34507042169570923,0.5,0.40833333134651184,0.6901408433914185
Age: 50-65,569,0.4541465640068054,0.2760416567325592,0.5,0.3557046949863434,0.5520833730697632
Race: White,569,0.5195766687393188,0.2916666567325592,0.5,0.3684210479259491,0.5833333134651184
Race: Black,569,0.6334841251373291,0.28333333134651184,0.5,0.3617021143436432,0.5666667222976685
Race: Other,569,0.509197473526001,0.32770270109176636,0.5,0.3959183692932129,0.6554054021835327
Overall,570,0.5111860036849976,0.2658862769603729,0.5,0.34716156125068665,0.5317725539207458
Gender: Male,570,0.5245769023895264,0.2689873278141022,0.5,0.3497942388057709,0.5379747152328491
Gender: Female,570,0.4911254644393921,0.26241135597229004,0.5,0.34418603777885437,0.5248226523399353
Age: <40,570,0.5813063383102417,0.2761194109916687,0.5,0.35576921701431274,0.5522388219833374
Age: 40-50,570,0.46875,0.27464789152145386,0.5,0.3545454442501068,0.5492957830429077
Age: 50-65,570,0.4542572498321533,0.24468085169792175,0.5,0.3285714387893677,0.4893616735935211
Race: White,570,0.6100348234176636,0.24015748500823975,0.5,0.32446807622909546,0.4803149700164795
Race: Black,570,0.6022727489471436,0.29629629850387573,0.5,0.3720930218696594,0.5925925970077515
Race: Other,570,0.4310879111289978,0.2827586233615875,0.5,0.3612334728240967,0.565517246723175
Overall,571,0.5148524045944214,0.27508649230003357,0.5,0.3549107015132904,0.5501730442047119
Gender: Male,571,0.4911327362060547,0.2738095223903656,0.5,0.35384616255760193,0.5476190447807312
Gender: Female,571,0.5450525283813477,0.27685949206352234,0.5,0.35638296604156494,0.5537189841270447
Age: <40,571,0.5890313386917114,0.30451127886772156,0.5,0.3785046637058258,0.6090225577354431
Age: 40-50,571,0.5121951103210449,0.18939393758773804,0.5,0.2747252881526947,0.3787878751754761
Age: 50-65,571,0.3498215079307556,0.2944444417953491,0.5,0.37062937021255493,0.5888888835906982
Race: White,571,0.6262940168380737,0.27450981736183167,0.5,0.3544303774833679,0.5490196347236633
Race: Black,571,0.5537189841270447,0.25,0.5,0.3333333432674408,0.5
Race: Other,571,0.375,0.28070175647735596,0.5,0.3595505654811859,0.5614035129547119
Overall,572,0.516355037689209,0.2874149680137634,0.5,0.3650107979774475,0.5748299360275269
Gender: Male,572,0.5695375204086304,0.2950310707092285,0.5,0.37109375,0.590062141418457
Gender: Female,572,0.45602381229400635,0.27819550037384033,0.5,0.35748791694641113,0.5563910007476807
Age: <40,572,0.5504435300827026,0.3253968358039856,0.5,0.39423078298568726,0.6507936716079712
Age: 40-50,572,0.3534482717514038,0.19863013923168182,0.5,0.28431373834609985,0.39726027846336365
Age: 50-65,572,0.5806151628494263,0.3052631616592407,0.5,0.379084974527359,0.6105263233184814
Race: White,572,0.586007833480835,0.26893940567970276,0.5,0.3497537076473236,0.5378788113594055
Race: Black,572,0.6089743375778198,0.25999999046325684,0.5,0.34210526943206787,0.5199999809265137
Race: Other,572,0.44592759013175964,0.3102189898490906,0.5,0.38288289308547974,0.6204379796981812
Overall,573,0.5443906784057617,0.2881944477558136,0.5,0.36563876271247864,0.5763888955116272
Gender: Male,573,0.5848024487495422,0.28658536076545715,0.5,0.3643410801887512,0.5731707215309143
Gender: Female,573,0.48904913663864136,0.29032257199287415,0.5,0.36734694242477417,0.5806451439857483
Age: <40,573,0.5937044620513916,0.30416667461395264,0.5,0.37823835015296936,0.6083333492279053
Age: 40-50,573,0.4273437261581421,0.2222222238779068,0.5,0.3076923191547394,0.4444444477558136
Age: 50-65,573,0.5681498646736145,0.3177083432674408,0.5,0.3885350227355957,0.6354166865348816
Race: White,573,0.622320294380188,0.28057554364204407,0.5,0.35944700241088867,0.5611510872840881
Race: Black,573,0.5925925970077515,0.3125,0.5,0.38461539149284363,0.625
Race: Other,573,0.4797154664993286,0.2919999957084656,0.5,0.36868685483932495,0.5840000510215759
Overall,574,0.5021234750747681,0.2822299599647522,0.5,0.3608017861843109,0.5644599199295044
Gender: Male,574,0.510064959526062,0.27848100662231445,0.5,0.35772356390953064,0.5569620132446289
Gender: Female,574,0.4970515966415405,0.2868216931819916,0.5,0.3645320236682892,0.5736433863639832
Age: <40,574,0.5260756015777588,0.2846715450286865,0.5,0.36279070377349854,0.569343090057373
Age: 40-50,574,0.4691535234451294,0.273333340883255,0.5,0.3534482717514038,0.54666668176651
Age: 50-65,574,0.4905523359775543,0.2866666615009308,0.5,0.3644067943096161,0.5733333230018616
Race: White,574,0.5169081687927246,0.29487180709838867,0.5,0.3709677457809448,0.5897436141967773
Race: Black,574,0.5357142686843872,0.26923078298568726,0.5,0.3499999940395355,0.5384615659713745
Race: Other,574,0.4911392331123352,0.2743055522441864,0.5,0.35426008701324463,0.5486111044883728
Overall,575,0.5320816040039062,0.2763157784938812,0.5,0.35593220591545105,0.5526315569877625
Gender: Male,575,0.5220317244529724,0.25,0.5,0.3333333432674408,0.5
Gender: Female,575,0.5556869506835938,0.3047945201396942,0.5,0.3787234127521515,0.6095890402793884
Age: <40,575,0.5127705335617065,0.2810218930244446,0.5,0.3598130941390991,0.5620437860488892
Age: 40-50,575,0.4841017723083496,0.23943662643432617,0.5,0.32380953431129456,0.47887322306632996
Age: 50-65,575,0.5946918725967407,0.296875,0.5,0.37254902720451355,0.59375
Race: White,575,0.5996761322021484,0.2852112650871277,0.5,0.3632287085056305,0.5704225301742554
Race: Black,575,0.7777777910232544,0.1785714328289032,0.5,0.2631579041481018,0.3571428656578064
Race: Other,575,0.4486326575279236,0.27702704071998596,0.5,0.35652172565460205,0.5540540814399719
Overall,576,0.5483475923538208,0.2819672226905823,0.5,0.3605870008468628,0.5639344453811646
Gender: Male,576,0.5378308296203613,0.2634730637073517,0.5,0.3450980484485626,0.5269461274147034
Gender: Female,576,0.5747354030609131,0.30434781312942505,0.5,0.37837839126586914,0.6086956858634949
Age: <40,576,0.5397917032241821,0.2857142984867096,0.5,0.3636363744735718,0.5714285969734192
Age: 40-50,576,0.418181836605072,0.21551723778247833,0.5,0.3012048304080963,0.43103447556495667
Age: 50-65,576,0.6231343746185303,0.31308412551879883,0.5,0.3850574791431427,0.6261681914329529
Race: White,576,0.7245495319366455,0.2761194109916687,0.5,0.35576921701431274,0.5522388219833374
Race: Black,576,0.3246753215789795,0.3055555522441864,0.5,0.37931033968925476,0.6111111044883728
Race: Other,576,0.43939393758773804,0.28431373834609985,0.5,0.36250001192092896,0.5686274766921997
Overall,577,0.591661810874939,0.29794520139694214,0.5,0.3733905553817749,0.5958904027938843
Gender: Male,577,0.5412808656692505,0.3199999928474426,0.5,0.39024388790130615,0.6399999856948853
Gender: Female,577,0.6119791269302368,0.27464789152145386,0.5,0.3545454442501068,0.5492957830429077
Age: <40,577,0.6155085563659668,0.3037036955356598,0.5,0.37788018584251404,0.6074073910713196
Age: 40-50,577,0.6690042018890381,0.29870128631591797,0.5,0.3739837408065796,0.5974025726318359
Age: 50-65,577,0.5,0.2874999940395355,0.5,0.3650793731212616,0.574999988079071
Race: White,577,0.6532779335975647,0.2857142984867096,0.5,0.3636363744735718,0.5714285969734192
Race: Black,577,0.5448275804519653,0.3717948794364929,0.5,0.4264705777168274,0.7435897588729858
Race: Other,577,0.5612390041351318,0.2874999940395355,0.5,0.3650793731212616,0.5750000476837158
Overall,578,0.5210169553756714,0.2986348271369934,0.5,0.3739316165447235,0.597269594669342
Gender: Male,578,0.5344732999801636,0.2848837077617645,0.5,0.3629629611968994,0.569767415523529
Gender: Female,578,0.5059032440185547,0.3181818127632141,0.5,0.3888888955116272,0.6363636255264282
Age: <40,578,0.5897222757339478,0.2950819730758667,0.5,0.3711340129375458,0.5901638865470886
Age: 40-50,578,0.5177842378616333,0.2916666567325592,0.5,0.3684210479259491,0.5833333730697632
Age: 50-65,578,0.42480358481407166,0.3103448152542114,0.5,0.38297873735427856,0.6206896305084229
Race: White,578,0.6071799397468567,0.28214284777641296,0.5,0.3607305884361267,0.5642856955528259
Race: Black,578,0.7218935489654541,0.25,0.5,0.3333333432674408,0.5
Race: Other,578,0.39704272150993347,0.32677164673805237,0.5,0.39523810148239136,0.6535432934761047
Overall,579,0.5670615434646606,0.2936241626739502,0.5,0.3699788451194763,0.5872483253479004
Gender: Male,579,0.6094011068344116,0.30817610025405884,0.5,0.3813229501247406,0.6163522005081177
Gender: Female,579,0.5242983102798462,0.27697840332984924,0.5,0.35648149251937866,0.5539568662643433
Age: <40,579,0.6646989583969116,0.3181818127632141,0.5,0.3888888955116272,0.6363636255264282
Age: 40-50,579,0.44558072090148926,0.25,0.5,0.3333333432674408,0.5
Age: 50-65,579,0.5503512620925903,0.29611650109291077,0.5,0.37195122241973877,0.5922330021858215
Race: White,579,0.6428070068359375,0.28409090638160706,0.5,0.36231884360313416,0.5681818127632141
Race: Black,579,0.5494505167007446,0.25925925374031067,0.5,0.3414634168148041,0.5185185074806213
Race: Other,579,0.5032908916473389,0.3093525171279907,0.5,0.3822222352027893,0.6187050342559814
Overall,580,0.48511219024658203,0.307823121547699,0.5,0.3810526430606842,0.615646243095398
Gender: Male,580,0.4525757431983948,0.3012048304080963,0.5,0.37593984603881836,0.6024096012115479
Gender: Female,580,0.5227212905883789,0.31640625,0.5,0.38755980134010315,0.6328125
Age: <40,580,0.5316526889801025,0.28925618529319763,0.5,0.3664921522140503,0.5785123705863953
Age: 40-50,580,0.430630624294281,0.2761194109916687,0.5,0.35576921701431274,0.5522388219833374
Age: 50-65,580,0.4442567527294159,0.349056601524353,0.5,0.41111111640930176,0.698113203048706
Race: White,580,0.5695200562477112,0.3233082592487335,0.5,0.39269405603408813,0.6466165781021118
Race: Black,580,0.5494505167007446,0.25925925374031067,0.5,0.3414634168148041,0.5185185074806213
Race: Other,580,0.4118332266807556,0.302238792181015,0.5,0.37674418091773987,0.60447758436203
Overall,581,0.5022203922271729,0.2857142984867096,0.5,0.3636363744735718,0.5714285373687744
Gender: Male,581,0.5371647477149963,0.26851850748062134,0.5,0.34939759969711304,0.5370370149612427
Gender: Female,581,0.4703461527824402,0.3068181872367859,0.5,0.3802816867828369,0.6136363744735718
Age: <40,581,0.5573513507843018,0.2977941036224365,0.5,0.3732718825340271,0.5955882668495178
Age: 40-50,581,0.3667953610420227,0.2569444477558136,0.5,0.33944955468177795,0.5138888955116272
Age: 50-65,581,0.5461111068725586,0.2906976640224457,0.5,0.36764705181121826,0.5813953280448914
Race: White,581,0.5768224000930786,0.2883211672306061,0.5,0.36574074625968933,0.5766423344612122
Race: Black,581,0.5249999761581421,0.32608696818351746,0.5,0.3947368562221527,0.6521739363670349
Race: Other,581,0.43558555841445923,0.2761194109916687,0.5,0.35576921701431274,0.5522388219833374
Overall,582,0.5603696703910828,0.2696078419685364,0.5,0.35031846165657043,0.5392156839370728
Gender: Male,582,0.5821174383163452,0.2750000059604645,0.5,0.35483869910240173,0.550000011920929
Gender: Female,582,0.5371211767196655,0.261904776096344,0.5,0.34375,0.523809552192688
Age: <40,582,0.5874773859977722,0.2925925850868225,0.5,0.36915886402130127,0.585185170173645
Age: 40-50,582,0.5311594009399414,0.19736842811107635,0.5,0.2830188572406769,0.3947368562221527
Age: 50-65,582,0.5155677795410156,0.2947368323802948,0.5,0.3708609342575073,0.5894737243652344
Race: White,582,0.6719602942466736,0.25590550899505615,0.5,0.3385416567325592,0.5118110179901123
Race: Black,582,0.4909090995788574,0.261904776096344,0.5,0.34375,0.523809552192688
Race: Other,582,0.4881941080093384,0.2816455662250519,0.5,0.36032387614250183,0.5632911324501038
Overall,583,0.5180476307868958,0.286689430475235,0.5,0.3644251525402069,0.5733788013458252
Gender: Male,583,0.513663649559021,0.27439025044441223,0.5,0.35433071851730347,0.5487804412841797
Gender: Female,583,0.5236299633979797,0.302325576543808,0.5,0.37681159377098083,0.604651153087616
Age: <40,583,0.5906492471694946,0.28014183044433594,0.5,0.3590908944606781,0.5602836608886719
Age: 40-50,583,0.4465812146663666,0.29032257199287415,0.5,0.36734694242477417,0.5806451439857483
Age: 50-65,583,0.4691483974456787,0.2944444417953491,0.5,0.37062937021255493,0.5888888835906982
Race: White,583,0.5371240377426147,0.28787878155708313,0.5,0.36538460850715637,0.575757622718811
Race: Black,583,0.6769230365753174,0.21739129722118378,0.5,0.3030303120613098,0.43478262424468994
Race: Other,583,0.4557926654815674,0.2971014380455017,0.5,0.37272727489471436,0.5942029356956482
Overall,584,0.5550287961959839,0.27627119421958923,0.5,0.35589519143104553,0.5525423884391785
Gender: Male,584,0.5102992653846741,0.2862069010734558,0.5,0.36403509974479675,0.5724138021469116
Gender: Female,584,0.5966071486473083,0.2666666805744171,0.5,0.3478260934352875,0.5333333611488342
Age: <40,584,0.5855879783630371,0.25,0.5,0.3333333432674408,0.5
Age: 40-50,584,0.4893617033958435,0.297468364238739,0.5,0.3730158805847168,0.594936728477478
Age: 50-65,584,0.5784600377082825,0.29347825050354004,0.5,0.36986300349235535,0.5869565606117249
Race: White,584,0.5886868238449097,0.26595744490623474,0.5,0.3472222089767456,0.5319148898124695
Race: Black,584,0.5537190437316895,0.25,0.5,0.3333333432674408,0.5
Race: Other,584,0.5279811024665833,0.2916666567325592,0.5,0.3684210479259491,0.5833333730697632
Overall,585,0.518875241279602,0.2864077687263489,0.5,0.3641975224018097,0.5728155374526978
Gender: Male,585,0.5344605445861816,0.2830188572406769,0.5,0.3614457845687866,0.5660377144813538
Gender: Female,585,0.5008209943771362,0.28999999165534973,0.5,0.3670886158943176,0.5800000429153442
Age: <40,585,0.5876905918121338,0.2926829159259796,0.5,0.3692307770252228,0.5853658318519592
Age: 40-50,585,0.44731405377388,0.25,0.5,0.3333333432674408,0.5
Age: 50-65,585,0.4940186142921448,0.31122449040412903,0.5,0.3836477994918823,0.6224489808082581
Race: White,585,0.6093499660491943,0.30689653754234314,0.5,0.38034188747406006,0.6137930750846863
Race: Black,585,0.5147929191589355,0.25,0.5,0.3333333432674408,0.5
Race: Other,585,0.4579894244670868,0.27173912525177,0.5,0.35211268067359924,0.54347825050354
Overall,586,0.45707136392593384,0.2983606457710266,0.5,0.3737166225910187,0.5967212915420532
Gender: Male,586,0.48300763964653015,0.30924856662750244,0.5,0.3821428716182709,0.6184970736503601
Gender: Female,586,0.4147368371486664,0.28409090638160706,0.5,0.36231884360313416,0.5681818127632141
Age: <40,586,0.5216049551963806,0.2857142984867096,0.5,0.3636363744735718,0.5714285969734192
Age: 40-50,586,0.39301586151123047,0.28125,0.5,0.36000001430511475,0.5625
Age: 50-65,586,0.41493213176727295,0.32828283309936523,0.5,0.396341472864151,0.6565656661987305
Race: White,586,0.5017073154449463,0.31060606241226196,0.5,0.38317757844924927,0.6212121248245239
Race: Black,586,0.4475308656692505,0.25,0.5,0.3333333432674408,0.5
Race: Other,586,0.4192904829978943,0.29927006363868713,0.5,0.37442922592163086,0.5985401272773743
Overall,587,0.4920244812965393,0.30689653754234314,0.5,0.38034188747406006,0.6137930750846863
Gender: Male,587,0.5196258425712585,0.30921053886413574,0.5,0.38211381435394287,0.6184210777282715
Gender: Female,587,0.468474417924881,0.30434781312942505,0.5,0.37837839126586914,0.6086956858634949
Age: <40,587,0.5621705055236816,0.31779661774635315,0.5,0.38860103487968445,0.6355932354927063
Age: 40-50,587,0.4492753744125366,0.29113924503326416,0.5,0.36800000071525574,0.5822784900665283
Age: 50-65,587,0.4429824650287628,0.30645161867141724,0.5,0.3799999952316284,0.6129032373428345
Race: White,587,0.5601123571395874,0.29865771532058716,0.5,0.3739495873451233,0.5973154306411743
Race: Black,587,0.6041666269302368,0.3199999928474426,0.5,0.39024388790130615,0.6399999856948853
Race: Other,587,0.4017202854156494,0.3146551847457886,0.5,0.38624337315559387,0.6293103694915771
Overall,588,0.5322427749633789,0.3055555522441864,0.5,0.37931033968925476,0.6111111044883728
Gender: Male,588,0.5796293020248413,0.28797468543052673,0.5,0.3654618561267853,0.5759493708610535
Gender: Female,588,0.4765625,0.3243243098258972,0.5,0.39344263076782227,0.6486486792564392
Age: <40,588,0.6301403045654297,0.2977099120616913,0.5,0.3732057511806488,0.5954198241233826
Age: 40-50,588,0.3473761975765228,0.27702704071998596,0.5,0.35652172565460205,0.5540540814399719
Age: 50-65,588,0.5516934394836426,0.3366336524486542,0.5,0.40236687660217285,0.6732673048973083
Race: White,588,0.5800049304962158,0.29615384340286255,0.5,0.3719806671142578,0.5923076868057251
Race: Black,588,0.5098038911819458,0.2931034564971924,0.5,0.3695652186870575,0.5862069129943848
Race: Other,588,0.5011947154998779,0.3163265287876129,0.5,0.38749998807907104,0.6326530575752258
Overall,589,0.5692756175994873,0.29209622740745544,0.5,0.3687635660171509,0.5841924548149109
Gender: Male,589,0.602336585521698,0.2934131622314453,0.5,0.3698113262653351,0.5868263840675354
Gender: Female,589,0.5368589758872986,0.29032257199287415,0.5,0.36734694242477417,0.5806451439857483
Age: <40,589,0.5843243598937988,0.2983871102333069,0.5,0.3737373650074005,0.596774160861969
Age: 40-50,589,0.6097561120986938,0.27702704071998596,0.5,0.35652172565460205,0.5540540814399719
Age: 50-65,589,0.520095705986023,0.2956989109516144,0.5,0.37162160873413086,0.5913978219032288
Race: White,589,0.5652929544448853,0.2945736348628998,0.5,0.3707317113876343,0.5891472697257996
Race: Black,589,0.5580357313156128,0.23333333432674408,0.5,0.3181818127632141,0.46666669845581055
Race: Other,589,0.5682692527770996,0.3030303120613098,0.5,0.37735849618911743,0.6060606241226196
Overall,590,0.4941503405570984,0.27241379022598267,0.5,0.3526785671710968,0.5448275804519653
Gender: Male,590,0.45675504207611084,0.30368098616600037,0.5,0.3778626024723053,0.6073619723320007
Gender: Female,590,0.5363907814025879,0.23228345811367035,0.5,0.3172042965888977,0.4645669162273407
Age: <40,590,0.5316205620765686,0.3130081295967102,0.5,0.38499999046325684,0.6260162591934204
Age: 40-50,590,0.3689258098602295,0.21250000596046448,0.5,0.2982456088066101,0.42500001192092896
Age: 50-65,590,0.533510684967041,0.270114928483963,0.5,0.3507462739944458,0.540229856967926
Race: White,590,0.5111111402511597,0.25,0.5,0.3333333432674408,0.5
Race: Black,590,0.6601307392120361,0.32692307233810425,0.5,0.39534884691238403,0.6538462042808533
Race: Other,590,0.4563981890678406,0.28125,0.5,0.36000001430511475,0.5625
Overall,591,0.5036489367485046,0.2928082048892975,0.5,0.3693304657936096,0.585616409778595
Gender: Male,591,0.5177068710327148,0.29870128631591797,0.5,0.3739837408065796,0.5974025726318359
Gender: Female,591,0.48144176602363586,0.2862318754196167,0.5,0.3640553057193756,0.5724637508392334
Age: <40,591,0.5475000143051147,0.26978418231010437,0.5,0.3504672944545746,0.5395683646202087
Age: 40-50,591,0.41744840145111084,0.305970162153244,0.5,0.37962964177131653,0.6119402647018433
Age: 50-65,591,0.485044002532959,0.31976744532585144,0.5,0.39007091522216797,0.6395348906517029
Race: White,591,0.622252345085144,0.2745901644229889,0.5,0.35449734330177307,0.549180269241333
Race: Black,591,0.5857142806053162,0.2916666567325592,0.5,0.3684210479259491,0.5833333730697632
Race: Other,591,0.4055555462837219,0.30821916460990906,0.5,0.3813559412956238,0.6164383292198181
Overall,592,0.5295605659484863,0.31085526943206787,0.5,0.3833671510219574,0.6217105388641357
Gender: Male,592,0.5410428047180176,0.3089887499809265,0.5,0.3819444477558136,0.6179775595664978
Gender: Female,592,0.5154861211776733,0.3134920597076416,0.5,0.3853658437728882,0.626984179019928
Age: <40,592,0.5379999876022339,0.3214285671710968,0.5,0.3913043439388275,0.6428571343421936
Age: 40-50,592,0.44916343688964844,0.31896552443504333,0.5,0.38947367668151855,0.6379310488700867
Age: 50-65,592,0.5718475580215454,0.2924528419971466,0.5,0.369047611951828,0.5849056839942932
Race: White,592,0.6077674627304077,0.2857142984867096,0.5,0.3636363744735718,0.5714285969734192
Race: Black,592,0.4779411852359772,0.25757575035095215,0.5,0.3400000035762787,0.5151515007019043
Race: Other,592,0.4553333520889282,0.3448275923728943,0.5,0.40816327929496765,0.6896551847457886
Overall,593,0.5420329570770264,0.32154881954193115,0.5,0.3913934528827667,0.6430976390838623
Gender: Male,593,0.5633141994476318,0.3196202516555786,0.5,0.3899613916873932,0.6392405033111572
Gender: Female,593,0.5276644229888916,0.32374101877212524,0.5,0.3930130898952484,0.6474820375442505
Age: <40,593,0.597873330116272,0.3333333432674408,0.5,0.4000000059604645,0.6666666865348816
Age: 40-50,593,0.4729965329170227,0.2971014380455017,0.5,0.37272727489471436,0.5942029356956482
Age: 50-65,593,0.5370370149612427,0.3214285671710968,0.5,0.3913043439388275,0.6428571343421936
Race: White,593,0.6477058529853821,0.3162393271923065,0.5,0.38743454217910767,0.632478654384613
Race: Black,593,0.5153846144676208,0.3488371968269348,0.5,0.4109589159488678,0.6976743936538696
Race: Other,593,0.48413795232772827,0.3175182342529297,0.5,0.3883928656578064,0.6350364685058594
Overall,594,0.5905570983886719,0.25513699650764465,0.5,0.33786848187446594,0.5102739930152893
Gender: Male,594,0.5844907760620117,0.26923078298568726,0.5,0.3499999940395355,0.5384615659713745
Gender: Female,594,0.5921993255615234,0.2389705926179886,0.5,0.323383092880249,0.4779411852359772
Age: <40,594,0.5712329149246216,0.2744360864162445,0.5,0.3543689250946045,0.548872172832489
Age: 40-50,594,0.6181818246841431,0.18867924809455872,0.5,0.27397260069847107,0.37735849618911743
Age: 50-65,594,0.6189285516738892,0.2641509473323822,0.5,0.34567901492118835,0.5283018946647644
Race: White,594,0.5792156457901001,0.2622377574443817,0.5,0.34403669834136963,0.5244755148887634
Race: Black,594,0.6363636255264282,0.1764705926179886,0.5,0.260869562625885,0.3529411852359772
Race: Other,594,0.5753676891326904,0.25757575035095215,0.5,0.3400000035762787,0.5151515007019043
Overall,595,0.45489463210105896,0.274137943983078,0.5,0.35412025451660156,0.548275887966156
Gender: Male,595,0.48777347803115845,0.26582279801368713,0.5,0.3471074402332306,0.5316455960273743
Gender: Female,595,0.4126315712928772,0.28409090638160706,0.5,0.36231884360313416,0.5681818127632141
Age: <40,595,0.4737415015697479,0.30241936445236206,0.5,0.37688443064689636,0.6048386693000793
Age: 40-50,595,0.410783052444458,0.2594936788082123,0.5,0.34166666865348816,0.5189873576164246
Age: 50-65,595,0.47304439544677734,0.24712643027305603,0.5,0.33076924085617065,0.49425286054611206
Race: White,595,0.39191919565200806,0.261904776096344,0.5,0.34375,0.523809552192688
Race: Black,595,0.6470588445663452,0.32692307233810425,0.5,0.39534884691238403,0.6538462042808533
Race: Other,595,0.4980899691581726,0.2753623127937317,0.5,0.35514017939567566,0.5507246255874634
Overall,596,0.5187220573425293,0.2806122303009033,0.5,0.35947713255882263,0.5612244606018066
Gender: Male,596,0.49068814516067505,0.30368098616600037,0.5,0.3778626024723053,0.6073619723320007
Gender: Female,596,0.5473193526268005,0.25190839171409607,0.5,0.3350253701210022,0.5038167834281921
Age: <40,596,0.5997726917266846,0.29629629850387573,0.5,0.3720930218696594,0.5925925970077515
Age: 40-50,596,0.4162161946296692,0.2430555522441864,0.5,0.32710281014442444,0.4861111044883728
Age: 50-65,596,0.4951351284980774,0.28735631704330444,0.5,0.36496350169181824,0.5747126340866089
Race: White,596,0.6034362316131592,0.2765151560306549,0.5,0.356097549200058,0.5530303120613098
Race: Black,596,0.8671875,0.3333333432674408,0.5,0.4000000059604645,0.6666666865348816
Race: Other,596,0.4261460304260254,0.2753623127937317,0.5,0.35514017939567566,0.5507246255874634
Overall,597,0.5567814111709595,0.300335556268692,0.5,0.375262051820755,0.6006711721420288
Gender: Male,597,0.5644640922546387,0.2914285659790039,0.5,0.36823105812072754,0.5828571319580078
Gender: Female,597,0.551948070526123,0.3130081295967102,0.5,0.38499999046325684,0.6260162591934204
Age: <40,597,0.6520459651947021,0.3237704932689667,0.5,0.39303481578826904,0.6475409269332886
Age: 40-50,597,0.4594016969203949,0.25999999046325684,0.5,0.34210526943206787,0.5200000405311584
Age: 50-65,597,0.4991803467273712,0.301980197429657,0.5,0.37654322385787964,0.603960394859314
Race: White,597,0.616576075553894,0.3174603283405304,0.5,0.3883495032787323,0.6349206566810608
Race: Black,597,0.7583333253860474,0.32608696818351746,0.5,0.3947368562221527,0.6521739363670349
Race: Other,597,0.5087912082672119,0.281879186630249,0.5,0.3605150282382965,0.563758373260498
Overall,598,0.5026881694793701,0.29194632172584534,0.5,0.3686440587043762,0.5838926434516907
Gender: Male,598,0.46663057804107666,0.29139071702957153,0.5,0.3682008385658264,0.5827814340591431
Gender: Female,598,0.5533740520477295,0.2925170063972473,0.5,0.3690987229347229,0.5850340127944946
Age: <40,598,0.4842677116394043,0.31147539615631104,0.5,0.38383838534355164,0.6229507923126221
Age: 40-50,598,0.4673992395401001,0.23648647964000702,0.5,0.3211009204387665,0.4729729890823364
Age: 50-65,598,0.5478225946426392,0.30882352590560913,0.5,0.38181817531585693,0.6176470518112183
Race: White,598,0.5394960641860962,0.28709676861763,0.5,0.3647541105747223,0.57419353723526
Race: Black,598,0.875,0.2142857164144516,0.5,0.30000001192092896,0.4285714626312256
Race: Other,598,0.4311392307281494,0.3062015473842621,0.5,0.3798076808452606,0.6124030947685242
Overall,599,0.5318266749382019,0.30730897188186646,0.5,0.38065844774246216,0.6146179437637329
Gender: Male,599,0.598090410232544,0.2993420958518982,0.5,0.374485582113266,0.5986841917037964
Gender: Female,599,0.4630560874938965,0.3154362440109253,0.5,0.38683128356933594,0.6308724880218506
Age: <40,599,0.6514183282852173,0.33955225348472595,0.5,0.40444445610046387,0.6791044473648071
Age: 40-50,599,0.3614864945411682,0.23188406229019165,0.5,0.31683167815208435,0.4637681245803833
Age: 50-65,599,0.5349462032318115,0.3163265287876129,0.5,0.38749998807907104,0.6326530575752258
Race: White,599,0.5521783232688904,0.3206106722354889,0.5,0.3906976878643036,0.6412214040756226
Race: Black,599,0.5647058486938477,0.234375,0.5,0.3191489279270172,0.46875
Race: Other,599,0.4988819360733032,0.3115941882133484,0.5,0.3839285671710968,0.6231884360313416
Overall,600,0.49078667163848877,0.27483442425727844,0.5,0.35470086336135864,0.5496688485145569
Gender: Male,600,0.5350813865661621,0.2651006579399109,0.5,0.3464912176132202,0.5302013158798218
Gender: Female,600,0.44932079315185547,0.28431373834609985,0.5,0.36250001192092896,0.5686274766921997
Age: <40,600,0.5222384929656982,0.2578125,0.5,0.34020617604255676,0.515625
Age: 40-50,600,0.40245479345321655,0.2721518874168396,0.5,0.35245901346206665,0.544303834438324
Age: 50-65,600,0.5184671878814697,0.30000001192092896,0.5,0.375,0.6000000238418579
Race: White,600,0.552718460559845,0.28308823704719543,0.5,0.36150234937667847,0.5661764740943909
Race: Black,600,0.6231883764266968,0.3285714387893677,0.5,0.3965517282485962,0.6571428775787354
Race: Other,600,0.42261070013046265,0.25190839171409607,0.5,0.3350253701210022,0.5038167834281921
Overall,601,0.4686766266822815,0.2864406704902649,0.5,0.3642241358757019,0.5728813409805298
Gender: Male,601,0.5097979307174683,0.2822085916996002,0.5,0.3607843220233917,0.5644171833992004
Gender: Female,601,0.4233766198158264,0.2916666567325592,0.5,0.3684210479259491,0.5833333730697632
Age: <40,601,0.4593128263950348,0.30859375,0.5,0.38164252042770386,0.6171875
Age: 40-50,601,0.48859167098999023,0.2847222089767456,0.5,0.36283186078071594,0.569444477558136
Age: 50-65,601,0.4680567979812622,0.25789472460746765,0.5,0.3402777910232544,0.5157895088195801
Race: White,601,0.5548105239868164,0.29411765933036804,0.5,0.37037035822868347,0.5882353186607361
Race: Black,601,0.5952380895614624,0.24137930572032928,0.5,0.3255814015865326,0.48275861144065857
Race: Other,601,0.3838709890842438,0.28911563754081726,0.5,0.3663793206214905,0.5782312750816345
Overall,602,0.5756955146789551,0.28082191944122314,0.5,0.359649121761322,0.5616438388824463
Gender: Male,602,0.576839804649353,0.2800000011920929,0.5,0.3589743673801422,0.5600000023841858
Gender: Female,602,0.5786290168762207,0.28169015049934387,0.5,0.36036035418510437,0.563380241394043
Age: <40,602,0.5900177955627441,0.30078125,0.5,0.37560975551605225,0.6015625
Age: 40-50,602,0.514285683631897,0.25609755516052246,0.5,0.33870968222618103,0.5121951103210449
Age: 50-65,602,0.6150150299072266,0.27439025044441223,0.5,0.35433071851730347,0.5487804412841797
Race: White,602,0.6372135877609253,0.2633587718009949,0.5,0.3449999988079071,0.5267175436019897
Race: Black,602,0.6015625,0.3333333432674408,0.5,0.4000000059604645,0.6666666865348816
Race: Other,602,0.524443507194519,0.2883211672306061,0.5,0.36574074625968933,0.5766423344612122
Overall,603,0.572508692741394,0.30434781312942505,0.5,0.37837839126586914,0.6086956262588501
Gender: Male,603,0.5478515625,0.30000001192092896,0.5,0.375,0.6000000238418579
Gender: Female,603,0.602895975112915,0.3093525171279907,0.5,0.3822222352027893,0.6187050342559814
Age: <40,603,0.6499999761581421,0.3252032399177551,0.5,0.39408865571022034,0.6504064798355103
Age: 40-50,603,0.435353547334671,0.261904776096344,0.5,0.34375,0.523809552192688
Age: 50-65,603,0.5612648129463196,0.3053097426891327,0.5,0.3791208863258362,0.6106194853782654
Race: White,603,0.6860060691833496,0.2846715450286865,0.5,0.36279070377349854,0.569343090057373
Race: Black,603,0.4595959782600403,0.3103448152542114,0.5,0.38297873735427856,0.6206896305084229
Race: Other,603,0.4685799479484558,0.3233082592487335,0.5,0.39269405603408813,0.6466165781021118
Overall,604,0.5747843384742737,0.2731788158416748,0.5,0.35331904888153076,0.5463576316833496
Gender: Male,604,0.5385251045227051,0.26923078298568726,0.5,0.3499999940395355,0.5384615659713745
Gender: Female,604,0.614814817905426,0.2773972749710083,0.5,0.3568281829357147,0.5547944903373718
Age: <40,604,0.6312597990036011,0.251748263835907,0.5,0.3348837196826935,0.503496527671814
Age: 40-50,604,0.5499558448791504,0.2867647111415863,0.5,0.3644859790802002,0.5735294222831726
Age: 50-65,604,0.511011004447937,0.2967033088207245,0.5,0.3724137842655182,0.593406617641449
Race: White,604,0.6110726594924927,0.2777777910232544,0.5,0.3571428656578064,0.5555555820465088
Race: Black,604,0.658730149269104,0.19565217196941376,0.5,0.28125,0.3913043439388275
Race: Other,604,0.5180537700653076,0.2817460298538208,0.5,0.3604061007499695,0.5634921193122864
Overall,605,0.5758988857269287,0.3146258592605591,0.5,0.3862212896347046,0.6292516589164734
Gender: Male,605,0.523949146270752,0.3394160568714142,0.5,0.40434783697128296,0.6788321137428284
Gender: Female,605,0.6088628768920898,0.2929936349391937,0.5,0.36947789788246155,0.5859872698783875
Age: <40,605,0.6479637622833252,0.3427419364452362,0.5,0.4066985547542572,0.6854838728904724
Age: 40-50,605,0.4979591965675354,0.2777777910232544,0.5,0.3571428656578064,0.5555555820465088
Age: 50-65,605,0.5703296661376953,0.3037383258342743,0.5,0.3779069781303406,0.6074765920639038
Race: White,605,0.6026262640953064,0.3103448152542114,0.5,0.38297873735427856,0.6206896305084229
Race: Black,605,0.7916666269302368,0.3333333432674408,0.5,0.4000000059604645,0.6666666865348816
Race: Other,605,0.5283634662628174,0.31679388880729675,0.5,0.38785046339035034,0.6335877776145935
Overall,606,0.5022895336151123,0.27013424038887024,0.5,0.3507625162601471,0.5402684807777405
Gender: Male,606,0.4935222864151001,0.2745664715766907,0.5,0.3544776141643524,0.5491329431533813
Gender: Female,606,0.5154083371162415,0.2639999985694885,0.5,0.34554973244667053,0.527999997138977
Age: <40,606,0.5684895515441895,0.25806450843811035,0.5,0.3404255211353302,0.5161290168762207
Age: 40-50,606,0.4353276491165161,0.2321428507566452,0.5,0.31707316637039185,0.4642857313156128
Age: 50-65,606,0.453125,0.3222222328186035,0.5,0.3918918967247009,0.644444465637207
Race: White,606,0.603329062461853,0.2817460298538208,0.5,0.3604061007499695,0.5634921193122864
Race: Black,606,0.5933014154434204,0.3166666626930237,0.5,0.3877550959587097,0.6333333849906921
Race: Other,606,0.4219400882720947,0.25,0.5,0.3333333432674408,0.5
Overall,607,0.5689854621887207,0.3050847351551056,0.5,0.378947377204895,0.6101694703102112
Gender: Male,607,0.5527272820472717,0.32258063554763794,0.5,0.3921568691730499,0.6451612710952759
Gender: Female,607,0.5845833420753479,0.2857142984867096,0.5,0.3636363744735718,0.5714285969734192
Age: <40,607,0.6311546564102173,0.3191489279270172,0.5,0.3896103799343109,0.6382978558540344
Age: 40-50,607,0.4753761887550354,0.2792207896709442,0.5,0.3583333194255829,0.5584415793418884
Age: 50-65,607,0.5432623624801636,0.30519479513168335,0.5,0.3790322542190552,0.6103895902633667
Race: White,607,0.6746575236320496,0.2829457223415375,0.5,0.36138615012168884,0.565891444683075
Race: Black,607,0.6470588445663452,0.3400000035762787,0.5,0.4047619104385376,0.6800000071525574
Race: Other,607,0.4629629850387573,0.3191489279270172,0.5,0.3896103799343109,0.6382978558540344
Overall,608,0.5202304124832153,0.29264214634895325,0.5,0.3691983222961426,0.5852842926979065
Gender: Male,608,0.4996512830257416,0.30747127532958984,0.5,0.38078293204307556,0.6149425506591797
Gender: Female,608,0.5446336269378662,0.2720000147819519,0.5,0.35233160853385925,0.5440000295639038
Age: <40,608,0.5696202516555786,0.2969924807548523,0.5,0.37264150381088257,0.5939849615097046
Age: 40-50,608,0.4538026452064514,0.26875001192092896,0.5,0.34959349036216736,0.5375000238418579
Age: 50-65,608,0.5042881965637207,0.30813953280448914,0.5,0.38129496574401855,0.6162790656089783
Race: White,608,0.5832641124725342,0.30281689763069153,0.5,0.37719297409057617,0.6056337952613831
Race: Black,608,0.4285714030265808,0.28125,0.5,0.36000001430511475,0.5625
Race: Other,608,0.4908711910247803,0.2840000092983246,0.5,0.3622449040412903,0.5680000185966492
Overall,609,0.5484278202056885,0.31081080436706543,0.5,0.38333332538604736,0.6216216087341309
Gender: Male,609,0.5358760356903076,0.31528663635253906,0.5,0.38671875,0.6305732727050781
Gender: Female,609,0.5684095621109009,0.3057554066181183,0.5,0.3794642984867096,0.6115108132362366
Age: <40,609,0.6338558197021484,0.30633804202079773,0.5,0.37991267442703247,0.6126760244369507
Age: 40-50,609,0.5267857313156128,0.3055555522441864,0.5,0.37931033968925476,0.6111111044883728
Age: 50-65,609,0.4189980626106262,0.3231707215309143,0.5,0.39259257912635803,0.6463414430618286
Race: White,609,0.581088662147522,0.3240000009536743,0.5,0.39320388436317444,0.6480000019073486
Race: Black,609,0.7083333730697632,0.25,0.5,0.3333333432674408,0.5
Race: Other,609,0.48744112253189087,0.3095238208770752,0.5,0.38235294818878174,0.6190475821495056
Overall,610,0.6007285118103027,0.28135591745376587,0.5,0.3600867688655853,0.5627118349075317
Gender: Male,610,0.5874406695365906,0.2785235047340393,0.5,0.35775861144065857,0.5570470094680786
Gender: Female,610,0.615414023399353,0.284246563911438,0.5,0.3624454140663147,0.568493127822876
Age: <40,610,0.6763736009597778,0.28688523173332214,0.5,0.3645833432674408,0.5737704634666443
Age: 40-50,610,0.4670824706554413,0.2565789520740509,0.5,0.3391304314136505,0.5131579041481018
Age: 50-65,610,0.6144737005233765,0.29381442070007324,0.5,0.37012988328933716,0.5876288414001465
Race: White,610,0.6613836288452148,0.29296875,0.5,0.3694581389427185,0.5859375
Race: Black,610,0.6634615659713745,0.27586206793785095,0.5,0.35555556416511536,0.5517241358757019
Race: Other,610,0.5411640405654907,0.27173912525177,0.5,0.35211268067359924,0.54347825050354
Overall,611,0.5202919244766235,0.28125,0.5,0.36000001430511475,0.5625
Gender: Male,611,0.5398443341255188,0.25850340723991394,0.5,0.340807169675827,0.5170068144798279
Gender: Female,611,0.5178267955780029,0.30254778265953064,0.5,0.3769841194152832,0.6050955653190613
Age: <40,611,0.5298317670822144,0.29133859276771545,0.5,0.3681592047214508,0.5826771855354309
Age: 40-50,611,0.5055803060531616,0.2666666805744171,0.5,0.3478260934352875,0.5333333611488342
Age: 50-65,611,0.5257396697998047,0.2777777910232544,0.5,0.3571428656578064,0.5555555820465088
Race: White,611,0.5890740752220154,0.30000001192092896,0.5,0.375,0.6000000238418579
Race: Black,611,0.5076923370361328,0.28260868787765503,0.5,0.3611111044883728,0.5652173757553101
Race: Other,611,0.45261436700820923,0.25954198837280273,0.5,0.34170854091644287,0.5190839767456055
Overall,612,0.5578852891921997,0.29605263471603394,0.5,0.3719008266925812,0.5921052694320679
Gender: Male,612,0.5668686628341675,0.300595223903656,0.5,0.37546467781066895,0.6011905074119568
Gender: Female,612,0.5509660243988037,0.2904411852359772,0.5,0.367441862821579,0.5808823704719543
Age: <40,612,0.6239073276519775,0.3142857253551483,0.5,0.38596490025520325,0.6285714507102966
Age: 40-50,612,0.4895833134651184,0.22535210847854614,0.5,0.3106796145439148,0.4507042169570923
Age: 50-65,612,0.49242424964904785,0.32258063554763794,0.5,0.3921568691730499,0.6451612710952759
Race: White,612,0.6816059350967407,0.31111112236976624,0.5,0.3835616409778595,0.6222221851348877
Race: Black,612,0.5537190437316895,0.25,0.5,0.3333333432674408,0.5
Race: Other,612,0.4711574912071228,0.28911563754081726,0.5,0.3663793206214905,0.5782312750816345
Overall,613,0.4711427688598633,0.3097642958164215,0.5,0.382536381483078,0.619528591632843
Gender: Male,613,0.49537819623947144,0.3100000023841858,0.5,0.3827160596847534,0.6200000047683716
Gender: Female,613,0.44505494832992554,0.3095238208770752,0.5,0.38235294818878174,0.6190475821495056
Age: <40,613,0.5225396156311035,0.3205128312110901,0.5,0.390625,0.6410256624221802
Age: 40-50,613,0.4257294535636902,0.32098764181137085,0.5,0.3909774422645569,0.6419752836227417
Age: 50-65,613,0.45279866456985474,0.28787878155708313,0.5,0.36538460850715637,0.5757575631141663
Race: White,613,0.578289270401001,0.2874999940395355,0.5,0.3650793731212616,0.5750000476837158
Race: Black,613,0.5913043022155762,0.4107142984867096,0.5,0.45098039507865906,0.8214285969734192
Race: Other,613,0.3892067074775696,0.3087248206138611,0.5,0.3817427456378937,0.6174496412277222
Overall,614,0.5477645397186279,0.2693602740764618,0.5,0.35010939836502075,0.5387205481529236
Gender: Male,614,0.5718518495559692,0.25961539149284363,0.5,0.3417721390724182,0.5192307829856873
Gender: Female,614,0.5214372873306274,0.28014183044433594,0.5,0.3590908944606781,0.5602836608886719
Age: <40,614,0.5375629663467407,0.27819550037384033,0.5,0.35748791694641113,0.5563910007476807
Age: 40-50,614,0.5259697437286377,0.25,0.5,0.3333333432674408,0.5
Age: 50-65,614,0.5881068706512451,0.2732558250427246,0.5,0.35338345170021057,0.5465116500854492
Race: White,614,0.5885617733001709,0.2846153974533081,0.5,0.36274510622024536,0.5692307949066162
Race: Black,614,0.6519607901573181,0.2068965584039688,0.5,0.2926829159259796,0.41379308700561523
Race: Other,614,0.5063344240188599,0.26811593770980835,0.5,0.349056601524353,0.5362318754196167
Overall,615,0.433580219745636,0.3097642958164215,0.5,0.382536381483078,0.619528591632843
Gender: Male,615,0.42573556303977966,0.29738563299179077,0.5,0.37295082211494446,0.5947712659835815
Gender: Female,615,0.44887202978134155,0.3229166567325592,0.5,0.39240506291389465,0.6458333134651184
Age: <40,615,0.49634504318237305,0.27142858505249023,0.5,0.35185185074806213,0.5428571701049805
Age: 40-50,615,0.4136054515838623,0.27272728085517883,0.5,0.3529411852359772,0.5454545617103577
Age: 50-65,615,0.38235294818878174,0.3695652186870575,0.5,0.42500001192092896,0.7391303777694702
Race: White,615,0.49739164113998413,0.30689653754234314,0.5,0.38034188747406006,0.6137930750846863
Race: Black,615,0.5621302127838135,0.25,0.5,0.3333333432674408,0.5
Race: Other,615,0.3256651759147644,0.3253968358039856,0.5,0.39423078298568726,0.6507936716079712
Overall,616,0.49323171377182007,0.306291401386261,0.5,0.3798767924308777,0.612582802772522
Gender: Male,616,0.44945356249809265,0.2896551787853241,0.5,0.36681222915649414,0.5793103575706482
Gender: Female,616,0.549858570098877,0.3216560482978821,0.5,0.39147287607192993,0.6433120965957642
Age: <40,616,0.5489920377731323,0.2969924807548523,0.5,0.37264150381088257,0.5939849615097046
Age: 40-50,616,0.5032051205635071,0.29032257199287415,0.5,0.36734694242477417,0.5806451439857483
Age: 50-65,616,0.39845559000968933,0.32710281014442444,0.5,0.395480215549469,0.6542055606842041
Race: White,616,0.5576447248458862,0.34306567907333374,0.5,0.40692639350891113,0.6861313581466675
Race: Black,616,0.5303030014038086,0.260869562625885,0.5,0.34285715222358704,0.52173912525177
Race: Other,616,0.44243520498275757,0.27816900610923767,0.5,0.35746607184410095,0.5563380122184753
Overall,617,0.5524232387542725,0.2854785621166229,0.5,0.36344537138938904,0.5709571242332458
Gender: Male,617,0.5532006025314331,0.28106507658958435,0.5,0.3598484992980957,0.5621302127838135
Gender: Female,617,0.5599817037582397,0.29104477167129517,0.5,0.3679245412349701,0.5820895433425903
Age: <40,617,0.5526374578475952,0.2977941036224365,0.5,0.3732718825340271,0.5955882668495178
Age: 40-50,617,0.420341432094574,0.25333333015441895,0.5,0.3362831771373749,0.5066666603088379
Age: 50-65,617,0.6593567132949829,0.29347825050354004,0.5,0.36986300349235535,0.5869565606117249
Race: White,617,0.6188939809799194,0.2651515007019043,0.5,0.3465346395969391,0.5303030610084534
Race: Black,617,0.5535714626312256,0.2666666805744171,0.5,0.3478260934352875,0.5333333611488342
Race: Other,617,0.4934014678001404,0.3085106313228607,0.5,0.3815789520740509,0.6170212626457214
Overall,618,0.4865248203277588,0.2534964978694916,0.5,0.33642691373825073,0.5069929957389832
Gender: Male,618,0.45014333724975586,0.2704402506351471,0.5,0.3510203957557678,0.5408805012702942
Gender: Female,618,0.5279163122177124,0.23228345811367035,0.5,0.3172042965888977,0.4645669162273407
Age: <40,618,0.5349937677383423,0.2699114978313446,0.5,0.35057470202445984,0.5398229956626892
Age: 40-50,618,0.3448275923728943,0.2132352888584137,0.5,0.2989690601825714,0.4264705777168274
Age: 50-65,618,0.5403636693954468,0.261904776096344,0.5,0.34375,0.523809552192688
Race: White,618,0.5505650043487549,0.2521008551120758,0.5,0.33519554138183594,0.5042017102241516
Race: Black,618,0.5808823108673096,0.25757575035095215,0.5,0.3400000035762787,0.5151515007019043
Race: Other,618,0.41978609561920166,0.2537313401699066,0.5,0.3366336524486542,0.5074626803398132
Overall,619,0.599806547164917,0.30463576316833496,0.5,0.3786008358001709,0.6092715263366699
Gender: Male,619,0.5803489685058594,0.30000001192092896,0.5,0.375,0.5999999642372131
Gender: Female,619,0.6212669610977173,0.3102189898490906,0.5,0.38288289308547974,0.6204379796981812
Age: <40,619,0.5811855792999268,0.33448275923728943,0.5,0.40082645416259766,0.6689655184745789
Age: 40-50,619,0.5984848737716675,0.2461538463830948,0.5,0.3298968970775604,0.4923076927661896
Age: 50-65,619,0.6314496397972107,0.29891303181648254,0.5,0.3741496503353119,0.5978261232376099
Race: White,619,0.6352862119674683,0.3115941882133484,0.5,0.3839285671710968,0.6231884360313416
Race: Black,619,0.6833333373069763,0.22727273404598236,0.5,0.3125,0.4545454680919647
Race: Other,619,0.566919207572937,0.30985915660858154,0.5,0.38260868191719055,0.6197183132171631
Overall,620,0.5425913333892822,0.2878289520740509,0.5,0.36534446477890015,0.5756579041481018
Gender: Male,620,0.5731707811355591,0.28306877613067627,0.5,0.3614864945411682,0.5661375522613525
Gender: Female,620,0.49906134605407715,0.2956521809101105,0.5,0.3715847134590149,0.5913043022155762
Age: <40,620,0.5592727661132812,0.2884615361690521,0.5,0.3658536672592163,0.5769230723381042
Age: 40-50,620,0.5285714268684387,0.24137930572032928,0.5,0.3255814015865326,0.48275861144065857
Age: 50-65,620,0.5350378751754761,0.3103448152542114,0.5,0.38297873735427856,0.6206896305084229
Race: White,620,0.5679857730865479,0.28740158677101135,0.5,0.36500000953674316,0.5748031735420227
Race: Black,620,0.5428571701049805,0.2586206793785095,0.5,0.34090909361839294,0.517241358757019
Race: Other,620,0.5264744758605957,0.2939189076423645,0.5,0.37021276354789734,0.5878378748893738
Overall,621,0.545714259147644,0.2986348271369934,0.5,0.3739316165447235,0.597269594669342
Gender: Male,621,0.539057731628418,0.28658536076545715,0.5,0.3643410801887512,0.5731707215309143
Gender: Female,621,0.570730447769165,0.3139534890651703,0.5,0.3857142925262451,0.6279069781303406
Age: <40,621,0.598584771156311,0.284246563911438,0.5,0.3624454140663147,0.568493127822876
Age: 40-50,621,0.5075757503509521,0.28947368264198303,0.5,0.36666667461395264,0.5789473652839661
Age: 50-65,621,0.47895026206970215,0.32777777314186096,0.5,0.3959731459617615,0.6555555462837219
Race: White,621,0.5330687761306763,0.2956204414367676,0.5,0.37155961990356445,0.5912408828735352
Race: Black,621,0.5370370149612427,0.2142857164144516,0.5,0.30000001192092896,0.4285714328289032
Race: Other,621,0.5555294156074524,0.31481480598449707,0.5,0.3863636255264282,0.6296296119689941
Overall,622,0.567585825920105,0.27508649230003357,0.5,0.3549107015132904,0.5501730442047119
Gender: Male,622,0.6384615898132324,0.2847682237625122,0.5,0.3628692030906677,0.5695364475250244
Gender: Female,622,0.48640674352645874,0.2644927501678467,0.5,0.34597155451774597,0.5289855003356934
Age: <40,622,0.6148351430892944,0.28688523173332214,0.5,0.3645833432674408,0.5737704634666443
Age: 40-50,622,0.5031898021697998,0.23239436745643616,0.5,0.3173076808452606,0.4647887349128723
Age: 50-65,622,0.5499999523162842,0.2916666567325592,0.5,0.3684210479259491,0.5833333730697632
Race: White,622,0.6071428060531616,0.2535211145877838,0.5,0.336448609828949,0.5070422291755676
Race: Black,622,0.5857142210006714,0.2916666567325592,0.5,0.3684210479259491,0.5833333730697632
Race: Other,622,0.5317808389663696,0.29674795269966125,0.5,0.37244898080825806,0.5934959053993225
Overall,623,0.5698143243789673,0.29207921028137207,0.5,0.3687500059604645,0.5841584205627441
Gender: Male,623,0.5919355154037476,0.29605263471603394,0.5,0.3719008266925812,0.5921052694320679
Gender: Female,623,0.5420258641242981,0.28807947039604187,0.5,0.36554622650146484,0.5761589407920837
Age: <40,623,0.6101694703102112,0.29655173420906067,0.5,0.3722943663597107,0.5931034684181213
Age: 40-50,623,0.4824073910713196,0.27272728085517883,0.5,0.3529411852359772,0.5454545617103577
Age: 50-65,623,0.5675675868988037,0.29891303181648254,0.5,0.3741496503353119,0.5978261232376099
Race: White,623,0.6491903066635132,0.26950353384017944,0.5,0.3502304255962372,0.5390070676803589
Race: Black,623,0.5444444417953491,0.3571428656578064,0.5,0.4166666567325592,0.7142857313156128
Race: Other,623,0.4695560336112976,0.304964542388916,0.5,0.3788546323776245,0.609929084777832
Overall,624,0.4550420045852661,0.3010033369064331,0.5,0.37578287720680237,0.6020066738128662
Gender: Male,624,0.4400259852409363,0.3117283880710602,0.5,0.38403043150901794,0.6234567761421204
Gender: Female,624,0.4661719799041748,0.2883211672306061,0.5,0.36574074625968933,0.5766423344612122
Age: <40,624,0.47983479499816895,0.31578946113586426,0.5,0.3870967626571655,0.6315789818763733
Age: 40-50,624,0.3853820562362671,0.2756410241127014,0.5,0.35537189245224,0.5512820482254028
Age: 50-65,624,0.4754716753959656,0.3011363744735718,0.5,0.3758865296840668,0.6022727489471436
Race: White,624,0.5291666984558105,0.30534350872039795,0.5,0.379146933555603,0.6106870174407959
Race: Black,624,0.3529411554336548,0.3400000035762787,0.5,0.4047619104385376,0.6800000071525574
Race: Other,624,0.4186747074127197,0.2902098000049591,0.5,0.36725664138793945,0.5804196000099182
Overall,625,0.5933570861816406,0.25,0.5,0.3333333432674408,0.5
Gender: Male,625,0.6207317113876343,0.2697368562221527,0.5,0.3504273593425751,0.5394737124443054
Gender: Female,625,0.5690789222717285,0.22857142984867096,0.5,0.3137255012989044,0.4571428596973419
Age: <40,625,0.650586724281311,0.23790322244167328,0.5,0.3224043846130371,0.47580644488334656
Age: 40-50,625,0.47894734144210815,0.2602739632129669,0.5,0.342342346906662,0.5205479264259338
Age: 50-65,625,0.6131322383880615,0.25789472460746765,0.5,0.3402777910232544,0.5157895088195801
Race: White,625,0.6712204217910767,0.27067670226097107,0.5,0.35121950507164,0.5413534045219421
Race: Black,625,0.6871795058250427,0.2678571343421936,0.5,0.3488371968269348,0.535714328289032
Race: Other,625,0.5263653993606567,0.22519083321094513,0.5,0.3105263113975525,0.45038166642189026
Overall,626,0.4595017731189728,0.286912739276886,0.5,0.36460554599761963,0.573825478553772
Gender: Male,626,0.523795485496521,0.27710843086242676,0.5,0.356589138507843,0.5542168617248535
Gender: Female,626,0.3840458393096924,0.29924243688583374,0.5,0.3744075894355774,0.5984848737716675
Age: <40,626,0.5129554271697998,0.29794520139694214,0.5,0.3733905553817749,0.5958904027938843
Age: 40-50,626,0.3449920415878296,0.26056337356567383,0.5,0.34259259700775146,0.5211267471313477
Age: 50-65,626,0.4680851101875305,0.29012346267700195,0.5,0.3671875,0.5802469253540039
Race: White,626,0.5495283007621765,0.2735042870044708,0.5,0.3535911738872528,0.5470085740089417
Race: Black,626,0.6428571939468384,0.26923078298568726,0.5,0.3499999940395355,0.5384615659713745
Race: Other,626,0.3647242784500122,0.30000001192092896,0.5,0.375,0.5999999642372131
Overall,627,0.5881541967391968,0.2794612646102905,0.5,0.35853132605552673,0.558922529220581
Gender: Male,627,0.6033951044082642,0.3103448152542114,0.5,0.38297873735427856,0.6206896305084229
Gender: Female,627,0.5763925313949585,0.23577235639095306,0.5,0.32044199109077454,0.47154468297958374
Age: <40,627,0.6557692289352417,0.28688523173332214,0.5,0.3645833432674408,0.5737704634666443
Age: 40-50,627,0.5306267738342285,0.25999999046325684,0.5,0.34210526943206787,0.5200000405311584
Age: 50-65,627,0.545491635799408,0.2849999964237213,0.5,0.36305731534957886,0.5699999928474426
Race: White,627,0.5866396427154541,0.26950353384017944,0.5,0.3502304255962372,0.5390070676803589
Race: Black,627,0.7265625,0.3333333432674408,0.5,0.4000000059604645,0.6666666865348816
Race: Other,627,0.5955265760421753,0.280303031206131,0.5,0.35922330617904663,0.560606062412262
Overall,628,0.5134711265563965,0.3070469796657562,0.5,0.3804573714733124,0.6140939593315125
Gender: Male,628,0.48183390498161316,0.30000001192092896,0.5,0.375,0.6000000238418579
Gender: Female,628,0.5626477003097534,0.31640625,0.5,0.38755980134010315,0.6328125
Age: <40,628,0.5492785573005676,0.3246268630027771,0.5,0.3936651647090912,0.6492537260055542
Age: 40-50,628,0.5096153616905212,0.3030303120613098,0.5,0.37735849618911743,0.6060606241226196
Age: 50-65,628,0.49149662256240845,0.2857142984867096,0.5,0.3636363744735718,0.5714285373687744
Race: White,628,0.5883239507675171,0.30201342701911926,0.5,0.3765690326690674,0.6040268540382385
Race: Black,628,0.6208333373069763,0.3125,0.5,0.38461539149284363,0.625
Race: Other,628,0.41718554496765137,0.31196582317352295,0.5,0.3842105269432068,0.6239316463470459
Overall,629,0.5050585269927979,0.2946127951145172,0.5,0.3707627058029175,0.5892255902290344
Gender: Male,629,0.5647590160369873,0.28231292963027954,0.5,0.36086955666542053,0.5646258592605591
Gender: Female,629,0.4582083821296692,0.30666667222976685,0.5,0.3801652789115906,0.6133333444595337
Age: <40,629,0.5922995805740356,0.31102362275123596,0.5,0.38349515199661255,0.6220472455024719
Age: 40-50,629,0.37151163816452026,0.2590361535549164,0.5,0.341269850730896,0.518072247505188
Age: 50-65,629,0.5149833559989929,0.3045977056026459,0.5,0.37857142090797424,0.6091954112052917
Race: White,629,0.5760869979858398,0.3203125,0.5,0.39047619700431824,0.640625
Race: Black,629,0.5333333015441895,0.2678571343421936,0.5,0.3488371968269348,0.535714328289032
Race: Other,629,0.45584046840667725,0.27659574151039124,0.5,0.3561643958091736,0.5531914830207825
Overall,630,0.567825198173523,0.28999999165534973,0.5,0.3670886158943176,0.5800000429153442
Gender: Male,630,0.5815005302429199,0.299450546503067,0.5,0.37457045912742615,0.598901093006134
Gender: Female,630,0.5436865091323853,0.27542373538017273,0.5,0.35519126057624817,0.5508474707603455
Age: <40,630,0.6187179088592529,0.29527559876441956,0.5,0.37128713726997375,0.5905511975288391
Age: 40-50,630,0.5333333015441895,0.2945205569267273,0.5,0.37068966031074524,0.5890411138534546
Age: 50-65,630,0.5531655550003052,0.2800000011920929,0.5,0.3589743673801422,0.5600000023841858
Race: White,630,0.5677193403244019,0.28409090638160706,0.5,0.36231884360313416,0.5681818127632141
Race: Black,630,0.44505494832992554,0.24074074625968933,0.5,0.32499998807907104,0.48148149251937866
Race: Other,630,0.5718816518783569,0.304964542388916,0.5,0.3788546323776245,0.609929084777832
Overall,631,0.5174869894981384,0.2989690601825714,0.5,0.37419354915618896,0.5979381799697876
Gender: Male,631,0.49569952487945557,0.3150289058685303,0.5,0.38652482628822327,0.6300578117370605
Gender: Female,631,0.5433962345123291,0.27542373538017273,0.5,0.35519126057624817,0.5508474707603455
Age: <40,631,0.6048237085342407,0.32116788625717163,0.5,0.3911111056804657,0.6423357725143433
Age: 40-50,631,0.38122332096099854,0.25333333015441895,0.5,0.3362831771373749,0.5066666603088379
Age: 50-65,631,0.4818548560142517,0.3037974536418915,0.5,0.3779527544975281,0.6075949668884277
Race: White,631,0.5909090638160706,0.3103448152542114,0.5,0.38297873735427856,0.6206896305084229
Race: Black,631,0.8461538553237915,0.15789473056793213,0.5,0.23999999463558197,0.31578946113586426
Race: Other,631,0.38147568702697754,0.30708661675453186,0.5,0.3804877996444702,0.6141732335090637
Overall,632,0.5226984024047852,0.2947019934654236,0.5,0.3708333373069763,0.5894039869308472
Gender: Male,632,0.46260684728622437,0.3095238208770752,0.5,0.38235294818878174,0.6190475821495056
Gender: Female,632,0.6024590134620667,0.2699114978313446,0.5,0.35057470202445984,0.5398229956626892
Age: <40,632,0.6207588911056519,0.29411765933036804,0.5,0.37037035822868347,0.5882353186607361
Age: 40-50,632,0.4431818127632141,0.29729729890823364,0.5,0.37288135290145874,0.5945945978164673
Age: 50-65,632,0.44249510765075684,0.29347825050354004,0.5,0.36986300349235535,0.5869565606117249
Race: White,632,0.5781420469284058,0.2757352888584137,0.5,0.35545024275779724,0.5514705777168274
Race: Black,632,0.35947710275650024,0.32692307233810425,0.5,0.39534884691238403,0.6538462042808533
Race: Other,632,0.47911280393600464,0.30714285373687744,0.5,0.38053098320961,0.6142857074737549
Overall,633,0.53435218334198,0.302325576543808,0.5,0.37681159377098083,0.604651153087616
Gender: Male,633,0.49317091703414917,0.28859061002731323,0.5,0.36595743894577026,0.5771812200546265
Gender: Female,633,0.5786830186843872,0.31578946113586426,0.5,0.3870967626571655,0.6315789222717285
Age: <40,633,0.5124074220657349,0.30000001192092896,0.5,0.375,0.6000000238418579
Age: 40-50,633,0.4800570011138916,0.24528302252292633,0.5,0.3291139304637909,0.49056604504585266
Age: 50-65,633,0.607007622718811,0.33673468232154846,0.5,0.40243902802467346,0.6734693646430969
Race: White,633,0.6302937269210815,0.30573248863220215,0.5,0.3794466257095337,0.6114649772644043
Race: Black,633,0.5611110925674438,0.2777777910232544,0.5,0.3571428656578064,0.5555555820465088
Race: Other,633,0.4179424047470093,0.3034188151359558,0.5,0.3776595890522003,0.6068376302719116
Overall,634,0.592047929763794,0.2859589159488678,0.5,0.363834410905838,0.5719178318977356
Gender: Male,634,0.6245838403701782,0.3045977056026459,0.5,0.37857142090797424,0.6091954112052917
Gender: Female,634,0.528041422367096,0.25847458839416504,0.5,0.34078213572502136,0.5169491767883301
Age: <40,634,0.644994854927063,0.29921260476112366,0.5,0.37438422441482544,0.5984252095222473
Age: 40-50,634,0.5481029748916626,0.26623377203941345,0.5,0.347457617521286,0.5324675440788269
Age: 50-65,634,0.5442105531692505,0.28409090638160706,0.5,0.36231884360313416,0.5681818127632141
Race: White,634,0.608029842376709,0.2871621549129486,0.5,0.3648068606853485,0.5743243098258972
Race: Black,634,0.6545454263687134,0.2380952388048172,0.5,0.32258063554763794,0.4761904776096344
Race: Other,634,0.5713507533073425,0.2926829159259796,0.5,0.3692307770252228,0.5853658318519592
Overall,635,0.5641295909881592,0.2976190447807312,0.5,0.3731343150138855,0.5952380895614624
Gender: Male,635,0.5832695960998535,0.2655172348022461,0.5,0.3468468487262726,0.5310344696044922
Gender: Female,635,0.5504201650619507,0.3288590610027313,0.5,0.39676111936569214,0.6577181220054626
Age: <40,635,0.6058194637298584,0.30514705181121826,0.5,0.37899544835090637,0.6102941036224365
Age: 40-50,635,0.583695650100708,0.3174603283405304,0.5,0.3883495032787323,0.6349206566810608
Age: 50-65,635,0.49865832924842834,0.27368420362472534,0.5,0.35374149680137634,0.5473684668540955
Race: White,635,0.5954786539077759,0.25581395626068115,0.5,0.3384615480899811,0.5116279125213623
Race: Black,635,0.6122448444366455,0.25,0.5,0.3333333432674408,0.5
Race: Other,635,0.5534213781356812,0.33774834871292114,0.5,0.40316206216812134,0.6754966974258423
Overall,636,0.5985477566719055,0.31655845046043396,0.5,0.387673944234848,0.6331169009208679
Gender: Male,636,0.602492094039917,0.30965909361839294,0.5,0.3824561536312103,0.6193181872367859
Gender: Female,636,0.5932760238647461,0.32575756311416626,0.5,0.39449542760849,0.6515151858329773
Age: <40,636,0.6212512254714966,0.32094594836235046,0.5,0.39094650745391846,0.6418918967247009
Age: 40-50,636,0.5711538195610046,0.3030303120613098,0.5,0.37735849618911743,0.6060606241226196
Age: 50-65,636,0.5642156600952148,0.3191489279270172,0.5,0.3896103799343109,0.6382978558540344
Race: White,636,0.6114952564239502,0.3156028389930725,0.5,0.38695651292800903,0.631205677986145
Race: Black,636,0.5512820482254028,0.29032257199287415,0.5,0.36734694242477417,0.5806451439857483
Race: Other,636,0.6010890007019043,0.3235294222831726,0.5,0.3928571343421936,0.6470588445663452
Overall,637,0.6015737056732178,0.2675585150718689,0.5,0.3485838770866394,0.5351170301437378
Gender: Male,637,0.5821627378463745,0.2800000011920929,0.5,0.3589743673801422,0.5600000023841858
Gender: Female,637,0.6248699426651001,0.25,0.5,0.3333333432674408,0.5
Age: <40,637,0.5865013599395752,0.22727273404598236,0.5,0.3125,0.45454543828964233
Age: 40-50,637,0.575581431388855,0.2590361535549164,0.5,0.341269850730896,0.518072247505188
Age: 50-65,637,0.659824013710022,0.3263157904148102,0.5,0.3949044644832611,0.6526315808296204
Race: White,637,0.7381609082221985,0.28195488452911377,0.5,0.36057692766189575,0.5639097690582275
Race: Black,637,0.6130952835083008,0.26923078298568726,0.5,0.3499999940395355,0.5384615659713745
Race: Other,637,0.48234331607818604,0.25357142090797424,0.5,0.3364928960800171,0.5071428418159485
Overall,638,0.5183160305023193,0.2707641124725342,0.5,0.3512931168079376,0.5415282249450684
Gender: Male,638,0.5251302123069763,0.27272728085517883,0.5,0.3529411852359772,0.5454545617103577
Gender: Female,638,0.5110653638839722,0.2680000066757202,0.5,0.3489583432674408,0.5360000133514404
Age: <40,638,0.5246913433074951,0.29136690497398376,0.5,0.36818182468414307,0.5827338099479675
Age: 40-50,638,0.5198198556900024,0.2238806039094925,0.5,0.30927833914756775,0.4477611780166626
Age: 50-65,638,0.4991055130958557,0.27368420362472534,0.5,0.35374149680137634,0.5473684668540955
Race: White,638,0.5724053382873535,0.25390625,0.5,0.33678755164146423,0.5078125
Race: Black,638,0.6666666269302368,0.30000001192092896,0.5,0.375,0.6000000238418579
Race: Other,638,0.46685177087783813,0.2810457646846771,0.5,0.35983264446258545,0.5620915293693542
Overall,639,0.5731393098831177,0.27491408586502075,0.5,0.35476717352867126,0.5498281717300415
Gender: Male,639,0.5729490518569946,0.29888269305229187,0.5,0.3741258680820465,0.597765326499939
Gender: Female,639,0.5567636489868164,0.2366071492433548,0.5,0.32121211290359497,0.4732142984867096
Age: <40,639,0.5912299156188965,0.3035714328289032,0.5,0.3777777850627899,0.6071428656578064
Age: 40-50,639,0.5590000152587891,0.19230769574642181,0.5,0.2777777910232544,0.38461539149284363
Age: 50-65,639,0.550000011920929,0.2906976640224457,0.5,0.36764705181121826,0.5813953280448914
Race: White,639,0.7225806713104248,0.25590550899505615,0.5,0.3385416567325592,0.5118110179901123
Race: Black,639,0.5367647409439087,0.3400000035762787,0.5,0.4047619104385376,0.6800000071525574
Race: Other,639,0.4592265486717224,0.28057554364204407,0.5,0.35944700241088867,0.5611510872840881
Overall,640,0.5718331336975098,0.2820945978164673,0.5,0.3606911301612854,0.5641891956329346
Gender: Male,640,0.5656284689903259,0.29194632172584534,0.5,0.3686440587043762,0.5838926434516907
Gender: Female,640,0.5822761058807373,0.27210885286331177,0.5,0.35242289304733276,0.5442177057266235
Age: <40,640,0.6608890295028687,0.2991803288459778,0.5,0.37435898184776306,0.5983605980873108
Age: 40-50,640,0.44804319739341736,0.2467532455921173,0.5,0.33043476939201355,0.4935064911842346
Age: 50-65,640,0.5622822046279907,0.2886597812175751,0.5,0.3660130798816681,0.5773195624351501
Race: White,640,0.6813293695449829,0.2578125,0.5,0.34020617604255676,0.515625
Race: Black,640,0.5545454025268555,0.32258063554763794,0.5,0.3921568691730499,0.6451612710952759
Race: Other,640,0.48589062690734863,0.2956204414367676,0.5,0.37155961990356445,0.5912408828735352
Overall,641,0.5534327030181885,0.2970297038555145,0.5,0.3726707994937897,0.594059407711029
Gender: Male,641,0.5544161796569824,0.3028571307659149,0.5,0.3772242069244385,0.6057142615318298
Gender: Female,641,0.5528028011322021,0.2890625,0.5,0.3663366436958313,0.578125
Age: <40,641,0.5928306579589844,0.29794520139694214,0.5,0.3733905553817749,0.5958904027938843
Age: 40-50,641,0.447408527135849,0.28082191944122314,0.5,0.359649121761322,0.5616438388824463
Age: 50-65,641,0.575120210647583,0.3095238208770752,0.5,0.38235294818878174,0.6190476417541504
Race: White,641,0.61760413646698,0.30416667461395264,0.5,0.37823835015296936,0.6083333492279053
Race: Black,641,0.5615384578704834,0.28260868787765503,0.5,0.3611111044883728,0.5652173757553101
Race: Other,641,0.51241135597229,0.29374998807907104,0.5,0.3700787425041199,0.5875000357627869
Overall,642,0.5873665809631348,0.28082191944122314,0.5,0.359649121761322,0.5616438388824463
Gender: Male,642,0.5967321991920471,0.272455096244812,0.5,0.3527131676673889,0.544910192489624
Gender: Female,642,0.5787671208381653,0.2919999957084656,0.5,0.36868685483932495,0.5840000510215759
Age: <40,642,0.6471861600875854,0.2704918086528778,0.5,0.3510638177394867,0.5409835577011108
Age: 40-50,642,0.5061728954315186,0.2777777910232544,0.5,0.3571428656578064,0.5555555820465088
Age: 50-65,642,0.5728511810302734,0.2977527976036072,0.5,0.3732394278049469,0.5955055952072144
Race: White,642,0.6523987054824829,0.2785714268684387,0.5,0.35779815912246704,0.5571428537368774
Race: Black,642,0.6944444179534912,0.25,0.5,0.3333333432674408,0.5
Race: Other,642,0.5117617845535278,0.2890625,0.5,0.3663366436958313,0.578125
Overall,643,0.5170454382896423,0.2815699577331543,0.5,0.360262006521225,0.5631399154663086
Gender: Male,643,0.5580542087554932,0.2950310707092285,0.5,0.37109375,0.590062141418457
Gender: Female,643,0.4601382315158844,0.2651515007019043,0.5,0.3465346395969391,0.5303030610084534
Age: <40,643,0.549653172492981,0.2785235047340393,0.5,0.35775861144065857,0.5570470094680786
Age: 40-50,643,0.4124668538570404,0.26363635063171387,0.5,0.3452380895614624,0.5272727012634277
Age: 50-65,643,0.539832353591919,0.2977527976036072,0.5,0.3732394278049469,0.5955055952072144
Race: White,643,0.5915915966033936,0.2890625,0.5,0.3663366436958313,0.578125
Race: Black,643,0.32380950450897217,0.2586206793785095,0.5,0.34090909361839294,0.517241358757019
Race: Other,643,0.4655701816082001,0.27941176295280457,0.5,0.35849055647850037,0.5588235259056091
Overall,644,0.4516949951648712,0.30169492959976196,0.5,0.37632134556770325,0.6033897995948792
Gender: Male,644,0.4632776379585266,0.300595223903656,0.5,0.37546467781066895,0.6011905074119568
Gender: Female,644,0.4415584206581116,0.30314961075782776,0.5,0.37745097279548645,0.6062992215156555
Age: <40,644,0.4866715669631958,0.3246268630027771,0.5,0.3936651647090912,0.6492537260055542
Age: 40-50,644,0.4392856955528259,0.26119402050971985,0.5,0.343137264251709,0.5223880410194397
Age: 50-65,644,0.4144737124443054,0.2978723347187042,0.5,0.3733333349227905,0.5957446694374084
Race: White,644,0.5225155353546143,0.2759999930858612,0.5,0.35567009449005127,0.5520000457763672
Race: Black,644,0.6715686321258545,0.2931034564971924,0.5,0.3695652186870575,0.5862069129943848
Race: Other,644,0.3629103899002075,0.326241135597229,0.5,0.3948497772216797,0.652482271194458
Overall,645,0.5040384531021118,0.27586206793785095,0.5,0.35555556416511536,0.5517241358757019
Gender: Male,645,0.5065562725067139,0.27450981736183167,0.5,0.3544303774833679,0.5490196347236633
Gender: Female,645,0.5032355785369873,0.277372270822525,0.5,0.35680750012397766,0.55474454164505
Age: <40,645,0.5102128982543945,0.2846715450286865,0.5,0.36279070377349854,0.569343090057373
Age: 40-50,645,0.5104166269302368,0.27464789152145386,0.5,0.3545454442501068,0.5492957830429077
Age: 50-65,645,0.4752534329891205,0.2621951103210449,0.5,0.3440000116825104,0.5243902206420898
Race: White,645,0.605555534362793,0.3076923191547394,0.5,0.380952388048172,0.6153846383094788
Race: Black,645,0.7272727489471436,0.20370370149612427,0.5,0.28947368264198303,0.40740740299224854
Race: Other,645,0.4114435911178589,0.26369863748550415,0.5,0.34529146552085876,0.5273972749710083
Overall,646,0.5124837756156921,0.28938356041908264,0.5,0.3665943741798401,0.5787671208381653
Gender: Male,646,0.47146791219711304,0.26923078298568726,0.5,0.3499999940395355,0.5384615063667297
Gender: Female,646,0.5665522813796997,0.3087248206138611,0.5,0.3817427456378937,0.6174496412277222
Age: <40,646,0.570864200592041,0.2906976640224457,0.5,0.36764705181121826,0.5813953280448914
Age: 40-50,646,0.35591834783554077,0.25,0.5,0.3333333432674408,0.5
Age: 50-65,646,0.5468593835830688,0.3172042965888977,0.5,0.3881579041481018,0.6344085931777954
Race: White,646,0.5558613538742065,0.3160000145435333,0.5,0.38725489377975464,0.6320000290870667
Race: Black,646,0.625,0.2777777910232544,0.5,0.3571428656578064,0.5555555820465088
Race: Other,646,0.4621376395225525,0.268456369638443,0.5,0.34934496879577637,0.536912739276886
Overall,647,0.5606525540351868,0.3125,0.5,0.38461539149284363,0.625
Gender: Male,647,0.5459381341934204,0.34057971835136414,0.5,0.4051724076271057,0.6811594367027283
Gender: Female,647,0.5625717639923096,0.28797468543052673,0.5,0.3654618561267853,0.5759493708610535
Age: <40,647,0.5724431872367859,0.32258063554763794,0.5,0.3921568691730499,0.6451612710952759
Age: 40-50,647,0.45370370149612427,0.2985074520111084,0.5,0.37383177876472473,0.5970149040222168
Age: 50-65,647,0.5915384292602539,0.3095238208770752,0.5,0.38235294818878174,0.6190476417541504
Race: White,647,0.6183907985687256,0.30405405163764954,0.5,0.3781512677669525,0.6081081032752991
Race: Black,647,0.48148149251937866,0.375,0.5,0.4285714328289032,0.75
Race: Other,647,0.5189278721809387,0.3104838728904724,0.5,0.38308456540107727,0.6209677457809448
Overall,648,0.5596390962600708,0.3030303120613098,0.5,0.37735849618911743,0.6060605645179749
Gender: Male,648,0.5805263519287109,0.30645161867141724,0.5,0.3799999952316284,0.6129032373428345
Gender: Female,648,0.5432404279708862,0.2992957830429077,0.5,0.37444934248924255,0.5985915660858154
Age: <40,648,0.6592517495155334,0.3080357015132904,0.5,0.38121548295021057,0.6160714626312256
Age: 40-50,648,0.35277777910232544,0.2922077775001526,0.5,0.3688524663448334,0.5844155550003052
Age: 50-65,648,0.6010100841522217,0.3055555522441864,0.5,0.37931033968925476,0.6111111044883728
Race: White,648,0.5838675498962402,0.3095238208770752,0.5,0.38235294818878174,0.6190476417541504
Race: Black,648,0.6333333253860474,0.25806450843811035,0.5,0.3404255211353302,0.5161290168762207
Race: Other,648,0.536821722984314,0.30714285373687744,0.5,0.38053098320961,0.6142857074737549
Overall,649,0.518843412399292,0.28787878155708313,0.5,0.36538460850715637,0.5757575631141663
Gender: Male,649,0.5449274778366089,0.30263158679008484,0.5,0.37704917788505554,0.6052631735801697
Gender: Female,649,0.4915611743927002,0.27241379022598267,0.5,0.3526785671710968,0.5448275804519653
Age: <40,649,0.5739148259162903,0.26428571343421936,0.5,0.3457943797111511,0.5285714268684387
Age: 40-50,649,0.490143358707428,0.23134328424930573,0.5,0.3163265287876129,0.46268656849861145
Age: 50-65,649,0.41856059432029724,0.36666667461395264,0.5,0.42307692766189575,0.7333333492279053
Race: White,649,0.5798587799072266,0.28731343150138855,0.5,0.3649289011955261,0.5746268630027771
Race: Black,649,0.5320513248443604,0.25999999046325684,0.5,0.34210526943206787,0.5199999809265137
Race: Other,649,0.4604721665382385,0.29347825050354004,0.5,0.36986300349235535,0.5869565606117249
Overall,650,0.49158957600593567,0.2929292917251587,0.5,0.36942675709724426,0.5858585834503174
Gender: Male,650,0.45618557929992676,0.30124223232269287,0.5,0.3759689927101135,0.6024844646453857
Gender: Female,650,0.5271846055984497,0.28308823704719543,0.5,0.36150234937667847,0.5661764740943909
Age: <40,650,0.5226554274559021,0.2644927501678467,0.5,0.34597155451774597,0.5289855003356934
Age: 40-50,650,0.47428572177886963,0.2916666567325592,0.5,0.3684210479259491,0.5833333730697632
Age: 50-65,650,0.4449036121368408,0.3333333432674408,0.5,0.4000000059604645,0.6666666865348816
Race: White,650,0.5787037014961243,0.3139534890651703,0.5,0.3857142925262451,0.6279069781303406
Race: Black,650,0.8365384340286255,0.3095238208770752,0.5,0.38235294818878174,0.6190476417541504
Race: Other,650,0.3960821032524109,0.27210885286331177,0.5,0.35242289304733276,0.5442177057266235
Overall,651,0.5388786792755127,0.28523489832878113,0.5,0.3632478713989258,0.5704697966575623
Gender: Male,651,0.5745662450790405,0.28859061002731323,0.5,0.36595743894577026,0.5771812200546265
Gender: Female,651,0.5040292739868164,0.281879186630249,0.5,0.3605150282382965,0.563758373260498
Age: <40,651,0.5400509834289551,0.3100775182247162,0.5,0.38277512788772583,0.6201550364494324
Age: 40-50,651,0.5081300735473633,0.23376622796058655,0.5,0.3185840845108032,0.4675324559211731
Age: 50-65,651,0.5614035129547119,0.29347825050354004,0.5,0.36986300349235535,0.5869565606117249
Race: White,651,0.6045918464660645,0.2647058963775635,0.5,0.3461538553237915,0.529411792755127
Race: Black,651,0.5416666269302368,0.36206895112991333,0.5,0.41999998688697815,0.7241379022598267
Race: Other,651,0.4807412922382355,0.2866666615009308,0.5,0.3644067943096161,0.5733333230018616
Overall,652,0.5355371832847595,0.2956081032752991,0.5,0.37154990434646606,0.5912162065505981
Gender: Male,652,0.581391453742981,0.29936304688453674,0.5,0.3745020031929016,0.5987261533737183
Gender: Female,652,0.49318861961364746,0.29136690497398376,0.5,0.36818182468414307,0.5827338099479675
Age: <40,652,0.5068716406822205,0.302238792181015,0.5,0.37674418091773987,0.60447758436203
Age: 40-50,652,0.4605262875556946,0.2638888955116272,0.5,0.34545454382896423,0.5277777910232544
Age: 50-65,652,0.6523109674453735,0.31111112236976624,0.5,0.3835616409778595,0.6222222447395325
Race: White,652,0.575109601020813,0.30645161867141724,0.5,0.3799999952316284,0.6129032373428345
Race: Black,652,0.6319444179534912,0.3199999928474426,0.5,0.39024388790130615,0.6399999856948853
Race: Other,652,0.4986822307109833,0.28231292963027954,0.5,0.36086955666542053,0.5646258592605591
Overall,653,0.5443938374519348,0.2615131437778473,0.5,0.34341251850128174,0.5230263471603394
Gender: Male,653,0.5542483925819397,0.2439759075641632,0.5,0.32793521881103516,0.48795178532600403
Gender: Female,653,0.528205156326294,0.28260868787765503,0.5,0.3611111044883728,0.5652173757553101
Age: <40,653,0.5909502506256104,0.25563910603523254,0.5,0.3383084535598755,0.5112782120704651
Age: 40-50,653,0.586363673210144,0.22151899337768555,0.5,0.3070175349712372,0.4430379867553711
Age: 50-65,653,0.4459325671195984,0.30434781312942505,0.5,0.37837839126586914,0.6086956858634949
Race: White,653,0.7003588676452637,0.26760563254356384,0.5,0.3486238420009613,0.5352112650871277
Race: Black,653,0.5514705777168274,0.3400000035762787,0.5,0.4047619104385376,0.6800000071525574
Race: Other,653,0.4152795672416687,0.24087591469287872,0.5,0.3251231610774994,0.48175182938575745
Overall,654,0.523371696472168,0.28833332657814026,0.5,0.3657505214214325,0.5766666531562805
Gender: Male,654,0.4904435873031616,0.30718955397605896,0.5,0.38056680560112,0.6143791079521179
Gender: Female,654,0.5640357732772827,0.2687074840068817,0.5,0.3495575189590454,0.5374149680137634
Age: <40,654,0.617749810218811,0.302238792181015,0.5,0.37674418091773987,0.60447758436203
Age: 40-50,654,0.47960370779037476,0.2650602459907532,0.5,0.34645670652389526,0.5301204919815063
Age: 50-65,654,0.40833333134651184,0.28915661573410034,0.5,0.3664122223854065,0.5783132314682007
Race: White,654,0.5592362284660339,0.2613636255264282,0.5,0.34328359365463257,0.5227273106575012
Race: Black,654,0.44999998807907104,0.37037035822868347,0.5,0.42553192377090454,0.7407407760620117
Race: Other,654,0.5004177093505859,0.2978723347187042,0.5,0.3733333349227905,0.5957446694374084
Overall,655,0.5332261323928833,0.28523489832878113,0.5,0.3632478713989258,0.5704697966575623
Gender: Male,655,0.4886363744735718,0.2802547812461853,0.5,0.359183669090271,0.5605095624923706
Gender: Female,655,0.5814386010169983,0.29078012704849243,0.5,0.36771300435066223,0.5815602540969849
Age: <40,655,0.5341991186141968,0.2810218930244446,0.5,0.3598130941390991,0.5620437860488892
Age: 40-50,655,0.5233333110809326,0.2857142984867096,0.5,0.3636363744735718,0.5714285969734192
Age: 50-65,655,0.5526315569877625,0.29120880365371704,0.5,0.3680555522441864,0.5824176073074341
Race: White,655,0.5703296661376953,0.26859503984451294,0.5,0.3494623601436615,0.5371900796890259
Race: Black,655,0.6366666555404663,0.2857142984867096,0.5,0.3636363744735718,0.5714285969734192
Race: Other,655,0.4914344549179077,0.2992957830429077,0.5,0.37444934248924255,0.5985915660858154
Overall,656,0.4970470666885376,0.30471381545066833,0.5,0.3786610960960388,0.6094275712966919
Gender: Male,656,0.4618929624557495,0.29738563299179077,0.5,0.37295082211494446,0.5947712659835815
Gender: Female,656,0.5415637493133545,0.3125,0.5,0.38461539149284363,0.625
Age: <40,656,0.5124731063842773,0.32517483830451965,0.5,0.39406779408454895,0.6503496170043945
Age: 40-50,656,0.40067338943481445,0.2750000059604645,0.5,0.35483869910240173,0.550000011920929
Age: 50-65,656,0.5361305475234985,0.292553186416626,0.5,0.3691275119781494,0.585106372833252
Race: White,656,0.5534924268722534,0.31294962763786316,0.5,0.3849557638168335,0.6258993148803711
Race: Black,656,0.25,0.380952388048172,0.5,0.4324324429035187,0.761904776096344
Race: Other,656,0.4754454493522644,0.2846715450286865,0.5,0.36279070377349854,0.569343090057373
Overall,657,0.4975775480270386,0.2945205569267273,0.5,0.37068966031074524,0.5890411138534546
Gender: Male,657,0.4160177707672119,0.29194632172584534,0.5,0.3686440587043762,0.5838926434516907
Gender: Female,657,0.6133874654769897,0.29720279574394226,0.5,0.37280702590942383,0.5944055914878845
Age: <40,657,0.6580004692077637,0.2964285612106323,0.5,0.37219730019569397,0.5928571224212646
Age: 40-50,657,0.3032873868942261,0.3203125,0.5,0.39047619700431824,0.640625
Age: 50-65,657,0.4140625,0.27272728085517883,0.5,0.3529411852359772,0.5454545617103577
Race: White,657,0.6240741014480591,0.2822580635547638,0.5,0.36082473397254944,0.5645161271095276
Race: Black,657,0.6893939971923828,0.239130437374115,0.5,0.3235294222831726,0.47826087474823
Race: Other,657,0.37749290466308594,0.3137930929660797,0.5,0.3855932056903839,0.6275861859321594
Overall,658,0.5002376437187195,0.28498294949531555,0.5,0.36304348707199097,0.5699658393859863
Gender: Male,658,0.44835615158081055,0.28901734948158264,0.5,0.3663003742694855,0.5780346393585205
Gender: Female,658,0.5629400014877319,0.27916666865348816,0.5,0.3582887649536133,0.5583333373069763
Age: <40,658,0.5661587715148926,0.2986111044883728,0.5,0.373913049697876,0.5972222089767456
Age: 40-50,658,0.3678571581840515,0.26119402050971985,0.5,0.343137264251709,0.5223880410194397
Age: 50-65,658,0.5060386657714844,0.2804878056049347,0.5,0.359375,0.5609756112098694
Race: White,658,0.6249347925186157,0.2840000092983246,0.5,0.3622449040412903,0.5680000185966492
Race: Black,658,0.6319444179534912,0.25,0.5,0.3333333432674408,0.5
Race: Other,658,0.4051586985588074,0.2916666567325592,0.5,0.3684210479259491,0.5833333134651184
Overall,659,0.4894863963127136,0.27681660652160645,0.5,0.3563474416732788,0.5536332130432129
Gender: Male,659,0.5112517476081848,0.2615894079208374,0.5,0.343478262424469,0.5231788158416748
Gender: Female,659,0.4758501350879669,0.29347825050354004,0.5,0.36986300349235535,0.5869565606117249
Age: <40,659,0.5594542026519775,0.29347825050354004,0.5,0.36986300349235535,0.5869565606117249
Age: 40-50,659,0.37931036949157715,0.280303031206131,0.5,0.35922330617904663,0.560606062412262
Age: 50-65,659,0.4684385359287262,0.24705882370471954,0.5,0.33070865273475647,0.4941176474094391
Race: White,659,0.5911588668823242,0.2984496057033539,0.5,0.37378641963005066,0.5968992114067078
Race: Black,659,0.5562130212783813,0.25,0.5,0.3333333432674408,0.5
Race: Other,659,0.38482141494750977,0.26119402050971985,0.5,0.343137264251709,0.5223880410194397
Overall,660,0.5738272070884705,0.2753378450870514,0.5,0.35511982440948486,0.5506756901741028
Gender: Male,660,0.5748659372329712,0.26851850748062134,0.5,0.34939759969711304,0.5370370149612427
Gender: Female,660,0.5691924095153809,0.28358209133148193,0.5,0.3619047701358795,0.5671641826629639
Age: <40,660,0.6310325860977173,0.2750000059604645,0.5,0.35483869910240173,0.550000011920929
Age: 40-50,660,0.5023437738418579,0.2222222238779068,0.5,0.3076923191547394,0.4444444477558136
Age: 50-65,660,0.5928994417190552,0.3125,0.5,0.38461539149284363,0.625
Race: White,660,0.6317031383514404,0.2700729966163635,0.5,0.3507108986377716,0.540145993232727
Race: Black,660,0.7384614944458008,0.1388888955116272,0.5,0.21739129722118378,0.2777777910232544
Race: Other,660,0.490810364484787,0.2978723347187042,0.5,0.3733333349227905,0.5957446694374084
Overall,661,0.5237518548965454,0.29530200362205505,0.5,0.37130802869796753,0.5906040072441101
Gender: Male,661,0.5688130855560303,0.2750000059604645,0.5,0.35483869910240173,0.550000011920929
Gender: Female,661,0.47545453906059265,0.3188405930995941,0.5,0.389380544424057,0.6376811861991882
Age: <40,661,0.5456818342208862,0.3188405930995941,0.5,0.389380544424057,0.6376811861991882
Age: 40-50,661,0.4573002755641937,0.25,0.5,0.3333333432674408,0.5
Age: 50-65,661,0.5543123483657837,0.292553186416626,0.5,0.3691275119781494,0.585106372833252
Race: White,661,0.590753436088562,0.2829457223415375,0.5,0.36138615012168884,0.565891444683075
Race: Black,661,0.36666667461395264,0.3125,0.5,0.38461539149284363,0.625
Race: Other,661,0.5004462003707886,0.3029197156429291,0.5,0.37727272510528564,0.6058394312858582
Overall,662,0.5012895464897156,0.26677852869033813,0.5,0.347921222448349,0.5335570573806763
Gender: Male,662,0.46487343311309814,0.24842767417430878,0.5,0.33193278312683105,0.49685531854629517
Gender: Female,662,0.5597457885742188,0.28776979446411133,0.5,0.3652968108654022,0.5755395889282227
Age: <40,662,0.5552545785903931,0.288617879152298,0.5,0.3659793734550476,0.577235758304596
Age: 40-50,662,0.25431036949157715,0.21014492213726044,0.5,0.29591837525367737,0.42028987407684326
Age: 50-65,662,0.5647313594818115,0.2783018946647644,0.5,0.35757574439048767,0.5566037893295288
Race: White,662,0.6463941335678101,0.26818183064460754,0.5,0.3491124212741852,0.5363636016845703
Race: Black,662,0.40909093618392944,0.261904776096344,0.5,0.34375,0.523809552192688
Race: Other,662,0.42840683460235596,0.26646706461906433,0.5,0.34765625,0.5329341292381287
Overall,663,0.5305801630020142,0.2943143844604492,0.5,0.3705263137817383,0.5886287689208984
Gender: Male,663,0.5544458627700806,0.30124223232269287,0.5,0.3759689927101135,0.6024844646453857
Gender: Female,663,0.5039690732955933,0.2862318754196167,0.5,0.3640553057193756,0.5724637508392334
Age: <40,663,0.6463353633880615,0.31679388880729675,0.5,0.38785046339035034,0.6335877776145935
Age: 40-50,663,0.3382352888584137,0.2926829159259796,0.5,0.3692307770252228,0.5853658318519592
Age: 50-65,663,0.514363169670105,0.2616279125213623,0.5,0.3435114622116089,0.5232558250427246
Race: White,663,0.5137195587158203,0.2971014380455017,0.5,0.37272727489471436,0.5942029356956482
Race: Black,663,0.7118055820465088,0.23529411852359772,0.5,0.3199999928474426,0.47058823704719543
Race: Other,663,0.5217163562774658,0.30708661675453186,0.5,0.3804877996444702,0.6141732335090637
Overall,664,0.5370370149612427,0.25999999046325684,0.5,0.34210526943206787,0.5200000405311584
Gender: Male,664,0.5650684833526611,0.24496644735336304,0.5,0.3288288414478302,0.4899328947067261
Gender: Female,664,0.498405396938324,0.27483442425727844,0.5,0.35470086336135864,0.5496688485145569
Age: <40,664,0.5948197841644287,0.2761194109916687,0.5,0.35576921701431274,0.5522388219833374
Age: 40-50,664,0.47411853075027466,0.20945945382118225,0.5,0.29523810744285583,0.4189189374446869
Age: 50-65,664,0.5016738176345825,0.2771739065647125,0.5,0.35664334893226624,0.554347813129425
Race: White,664,0.6142578125,0.2777777910232544,0.5,0.3571428656578064,0.5555555820465088
Race: Black,664,0.4670329689979553,0.24074074625968933,0.5,0.32499998807907104,0.48148149251937866
Race: Other,664,0.4598364233970642,0.24418604373931885,0.5,0.328125,0.4883720874786377
Overall,665,0.5595580339431763,0.2689655125141144,0.5,0.3497757911682129,0.5379310250282288
Gender: Male,665,0.533388614654541,0.27243590354919434,0.5,0.35269710421562195,0.5448718070983887
Gender: Female,665,0.5899843573570251,0.26492536067962646,0.5,0.34634146094322205,0.5298507213592529
Age: <40,665,0.5735489130020142,0.27407407760620117,0.5,0.35406699776649475,0.5481481552124023
Age: 40-50,665,0.6051020622253418,0.2777777910232544,0.5,0.3571428656578064,0.5555555820465088
Age: 50-65,665,0.5092198848724365,0.2554347813129425,0.5,0.3381294906139374,0.510869562625885
Race: White,665,0.5762711763381958,0.26771652698516846,0.5,0.34871795773506165,0.5354330539703369
Race: Black,665,0.625,0.24193547666072845,0.5,0.32608696818351746,0.4838709533214569
Race: Other,665,0.5340143442153931,0.2765151560306549,0.5,0.356097549200058,0.5530303120613098
Overall,666,0.4960140585899353,0.2795138955116272,0.5,0.35857459902763367,0.5590277910232544
Gender: Male,666,0.5155038833618164,0.28289473056793213,0.5,0.3613445460796356,0.5657894611358643
Gender: Female,666,0.46775954961776733,0.2757352888584137,0.5,0.35545024275779724,0.5514705777168274
Age: <40,666,0.5471380949020386,0.29389312863349915,0.5,0.3701923191547394,0.5877862572669983
Age: 40-50,666,0.517463207244873,0.25757575035095215,0.5,0.3400000035762787,0.5151515007019043
Age: 50-65,666,0.3990243971347809,0.2747252881526947,0.5,0.3546099364757538,0.5494505763053894
Race: White,666,0.48288440704345703,0.2750000059604645,0.5,0.35483869910240173,0.550000011920929
Race: Black,666,0.8090909719467163,0.2380952388048172,0.5,0.32258063554763794,0.4761904776096344
Race: Other,666,0.4705882668495178,0.28911563754081726,0.5,0.3663793206214905,0.5782312750816345
Overall,667,0.5395424365997314,0.3010033369064331,0.5,0.37578287720680237,0.6020066738128662
Gender: Male,667,0.5561797618865967,0.3027210831642151,0.5,0.37711864709854126,0.6054421663284302
Gender: Female,667,0.5224283933639526,0.2993420958518982,0.5,0.374485582113266,0.5986841917037964
Age: <40,667,0.6364473104476929,0.3037036955356598,0.5,0.37788018584251404,0.6074073910713196
Age: 40-50,667,0.4546218514442444,0.25362318754196167,0.5,0.3365384638309479,0.5072463750839233
Age: 50-65,667,0.4707341194152832,0.33157894015312195,0.5,0.3987341821193695,0.6631579399108887
Race: White,667,0.6415841579437256,0.3344370722770691,0.5,0.4007936418056488,0.6688741445541382
Race: Black,667,0.7058823704719543,0.4047619104385376,0.5,0.44736841320991516,0.8095238208770752
Race: Other,667,0.49280399084091187,0.24409449100494385,0.5,0.32804232835769653,0.4881889820098877
Overall,668,0.5089621543884277,0.2908163368701935,0.5,0.3677419424057007,0.5816326141357422
Gender: Male,668,0.5118371248245239,0.29629629850387573,0.5,0.3720930218696594,0.5925925970077515
Gender: Female,668,0.5019882917404175,0.28409090638160706,0.5,0.36231884360313416,0.5681818127632141
Age: <40,668,0.5504658222198486,0.2759999930858612,0.5,0.35567009449005127,0.5520000457763672
Age: 40-50,668,0.4717608094215393,0.30281689763069153,0.5,0.37719297409057617,0.6056337952613831
Age: 50-65,668,0.5067362189292908,0.30102041363716125,0.5,0.3757961690425873,0.6020408272743225
Race: White,668,0.6239451169967651,0.31102362275123596,0.5,0.38349515199661255,0.6220472455024719
Race: Black,668,0.5520833134651184,0.30000001192092896,0.5,0.375,0.6000000238418579
Race: Other,668,0.4195895791053772,0.27210885286331177,0.5,0.35242289304733276,0.5442177057266235
Overall,669,0.5006074905395508,0.2737704813480377,0.5,0.3538135588169098,0.5475409626960754
Gender: Male,669,0.49637264013290405,0.27247190475463867,0.5,0.3527272641658783,0.5449438095092773
Gender: Female,669,0.5087718963623047,0.27559053897857666,0.5,0.3553299605846405,0.5511810779571533
Age: <40,669,0.5663454532623291,0.27734375,0.5,0.356783926486969,0.5546875
Age: 40-50,669,0.4524886906147003,0.267123281955719,0.5,0.3482142984867096,0.534246563911438
Age: 50-65,669,0.45614033937454224,0.2740384638309479,0.5,0.35403725504875183,0.5480769276618958
Race: White,669,0.5767195224761963,0.2666666805744171,0.5,0.3478260934352875,0.5333333015441895
Race: Black,669,0.6066666841506958,0.2857142984867096,0.5,0.3636363744735718,0.5714285969734192
Race: Other,669,0.4300000071525574,0.2777777910232544,0.5,0.3571428656578064,0.555555522441864
Overall,670,0.6096392869949341,0.27627119421958923,0.5,0.35589519143104553,0.5525423884391785
Gender: Male,670,0.601075291633606,0.2852760851383209,0.5,0.36328125,0.5705521106719971
Gender: Female,670,0.6218894124031067,0.2651515007019043,0.5,0.3465346395969391,0.5303030610084534
Age: <40,670,0.7035603523254395,0.2720000147819519,0.5,0.35233160853385925,0.5440000295639038
Age: 40-50,670,0.41503268480300903,0.2571428716182709,0.5,0.3396226465702057,0.5142857432365417
Age: 50-65,670,0.6283588409423828,0.29499998688697815,0.5,0.37106919288635254,0.5899999737739563
Race: White,670,0.7182432413101196,0.2761194109916687,0.5,0.35576921701431274,0.5522388219833374
Race: Black,670,0.7037037014961243,0.22727273404598236,0.5,0.3125,0.4545454680919647
Race: Other,670,0.5182682871818542,0.2890625,0.5,0.3663366436958313,0.578125
Overall,671,0.511725664138794,0.2916666567325592,0.5,0.3684210479259491,0.5833333730697632
Gender: Male,671,0.4933679401874542,0.30000001192092896,0.5,0.375,0.6000000238418579
Gender: Female,671,0.5378514528274536,0.2807692289352417,0.5,0.35960590839385986,0.5615384578704834
Age: <40,671,0.6590243577957153,0.31060606241226196,0.5,0.38317757844924927,0.6212121248245239
Age: 40-50,671,0.3605651259422302,0.2716049253940582,0.5,0.35199999809265137,0.5432099103927612
Age: 50-65,671,0.4248120188713074,0.2816092073917389,0.5,0.3602941036224365,0.5632184147834778
Race: White,671,0.5603448152542114,0.3041957914829254,0.5,0.37826088070869446,0.6083915829658508
Race: Black,671,0.6458332538604736,0.24193547666072845,0.5,0.32608696818351746,0.4838709533214569
Race: Other,671,0.4399069547653198,0.289682537317276,0.5,0.3668341636657715,0.5793651342391968
Overall,672,0.48021119832992554,0.2777777910232544,0.5,0.3571428656578064,0.555555522441864
Gender: Male,672,0.4880302846431732,0.2699386477470398,0.5,0.350597620010376,0.5398772954940796
Gender: Female,672,0.4755069613456726,0.28731343150138855,0.5,0.3649289011955261,0.5746268630027771
Age: <40,672,0.5471620559692383,0.32534247636795044,0.5,0.39419087767601013,0.6506849527359009
Age: 40-50,672,0.40974968671798706,0.2053571492433548,0.5,0.29113924503326416,0.4107142984867096
Age: 50-65,672,0.4596630930900574,0.24736842513084412,0.5,0.3309859037399292,0.49473685026168823
Race: White,672,0.5174603462219238,0.25609755516052246,0.5,0.33870968222618103,0.5121951103210449
Race: Black,672,0.4215686321258545,0.2931034564971924,0.5,0.3695652186870575,0.5862069129943848
Race: Other,672,0.4692156910896301,0.2931034564971924,0.5,0.3695652186870575,0.5862069129943848
Overall,673,0.5603746175765991,0.3081967234611511,0.5,0.3813387453556061,0.6163934469223022
Gender: Male,673,0.5705242156982422,0.3117283880710602,0.5,0.38403043150901794,0.6234567761421204
Gender: Female,673,0.5416666269302368,0.3041957914829254,0.5,0.37826088070869446,0.6083915829658508
Age: <40,673,0.664014458656311,0.3464912176132202,0.5,0.409326434135437,0.6929824352264404
Age: 40-50,673,0.418586790561676,0.2876712381839752,0.5,0.365217387676239,0.5753424763679504
Age: 50-65,673,0.5419958829879761,0.2838982939720154,0.5,0.36216217279434204,0.5677965879440308
Race: White,673,0.6674346923828125,0.3120805323123932,0.5,0.38429751992225647,0.6241610646247864
Race: Black,673,0.6987179517745972,0.23999999463558197,0.5,0.3243243098258972,0.47999998927116394
Race: Other,673,0.4216867685317993,0.31679388880729675,0.5,0.38785046339035034,0.6335877776145935
Overall,674,0.4798649847507477,0.2908163368701935,0.5,0.3677419424057007,0.5816326141357422
Gender: Male,674,0.5163713693618774,0.29931971430778503,0.5,0.3744680881500244,0.5986394286155701
Gender: Female,674,0.4480421543121338,0.28231292963027954,0.5,0.36086955666542053,0.5646258592605591
Age: <40,674,0.5443148612976074,0.29411765933036804,0.5,0.37037035822868347,0.5882353186607361
Age: 40-50,674,0.37048667669296265,0.3266666531562805,0.5,0.39516130089759827,0.6533333659172058
Age: 50-65,674,0.5028045177459717,0.25999999046325684,0.5,0.34210526943206787,0.5199999809265137
Race: White,674,0.5405982732772827,0.2954545319080353,0.5,0.37142857909202576,0.5909091234207153
Race: Black,674,0.3037037253379822,0.3125,0.5,0.38461539149284363,0.625
Race: Other,674,0.44957268238067627,0.28260868787765503,0.5,0.3611111044883728,0.5652173757553101
Overall,675,0.6063721179962158,0.28956228494644165,0.5,0.3667377531528473,0.5791245698928833
Gender: Male,675,0.6030020713806152,0.2967741787433624,0.5,0.37246963381767273,0.5935483574867249
Gender: Female,675,0.5975806713104248,0.28169015049934387,0.5,0.36036035418510437,0.563380241394043
Age: <40,675,0.6750856637954712,0.2664233446121216,0.5,0.34761905670166016,0.5328466892242432
Age: 40-50,675,0.5848485231399536,0.27397260069847107,0.5,0.3539822995662689,0.5479452013969421
Age: 50-65,675,0.508474588394165,0.33908045291900635,0.5,0.4041095972061157,0.6781609058380127
Race: White,675,0.6424366235733032,0.259398490190506,0.5,0.34158414602279663,0.518796980381012
Race: Black,675,0.5714285373687744,0.33870968222618103,0.5,0.4038461446762085,0.6774193048477173
Race: Other,675,0.5889526605606079,0.308270663022995,0.5,0.3813953399658203,0.6165413856506348
Overall,676,0.5062267184257507,0.3143322467803955,0.5,0.38600000739097595,0.628664493560791
Gender: Male,676,0.49104976654052734,0.3083832263946533,0.5,0.38148146867752075,0.6167665123939514
Gender: Female,676,0.5337778329849243,0.3214285671710968,0.5,0.3913043439388275,0.6428571343421936
Age: <40,676,0.5905544757843018,0.3229166567325592,0.5,0.39240506291389465,0.6458333134651184
Age: 40-50,676,0.3040078282356262,0.2578125,0.5,0.34020617604255676,0.515625
Age: 50-65,676,0.534981369972229,0.33838382363319397,0.5,0.40361446142196655,0.6767676472663879
Race: White,676,0.5994361639022827,0.3107142746448517,0.5,0.38325992226600647,0.6214285492897034
Race: Black,676,0.5102040767669678,0.25,0.5,0.3333333432674408,0.5
Race: Other,676,0.4135802388191223,0.3235294222831726,0.5,0.3928571343421936,0.6470588445663452
Overall,677,0.5152993202209473,0.30536913871765137,0.5,0.3791666626930237,0.6107382774353027
Gender: Male,677,0.46257394552230835,0.3076923191547394,0.5,0.380952388048172,0.6153846383094788
Gender: Female,677,0.5889894366264343,0.302325576543808,0.5,0.37681159377098083,0.604651153087616
Age: <40,677,0.5518500804901123,0.3015267252922058,0.5,0.3761904835700989,0.6030534505844116
Age: 40-50,677,0.44477319717407227,0.30000001192092896,0.5,0.375,0.6000000238418579
Age: 50-65,677,0.5287829041481018,0.3137255012989044,0.5,0.3855421543121338,0.6274510025978088
Race: White,677,0.578044593334198,0.3120567500591278,0.5,0.3842794895172119,0.6241134405136108
Race: Black,677,0.6363636255264282,0.3103448152542114,0.5,0.38297873735427856,0.6206896305084229
Race: Other,677,0.4504048824310303,0.296875,0.5,0.37254902720451355,0.59375
Overall,678,0.5645375847816467,0.28498294949531555,0.5,0.36304348707199097,0.5699658393859863
Gender: Male,678,0.5438499450683594,0.2848837077617645,0.5,0.3629629611968994,0.569767415523529
Gender: Female,678,0.5916945934295654,0.2851239740848541,0.5,0.36315789818763733,0.5702478885650635
Age: <40,678,0.6531282067298889,0.2678571343421936,0.5,0.3488371968269348,0.5357142686843872
Age: 40-50,678,0.47209301590919495,0.2945205569267273,0.5,0.37068966031074524,0.5890411138534546
Age: 50-65,678,0.5095458030700684,0.3062500059604645,0.5,0.3798449635505676,0.612500011920929
Race: White,678,0.628484845161438,0.2844827473163605,0.5,0.36263737082481384,0.568965494632721
Race: Black,678,0.5680473446846008,0.25,0.5,0.3333333432674408,0.5
Race: Other,678,0.5120851397514343,0.29139071702957153,0.5,0.3682008385658264,0.5827814340591431
Overall,679,0.5283868312835693,0.28145694732666016,0.5,0.36016950011253357,0.5629138946533203
Gender: Male,679,0.5687564611434937,0.28651684522628784,0.5,0.3642857074737549,0.5730336904525757
Gender: Female,679,0.46481090784072876,0.27419355511665344,0.5,0.3541666567325592,0.5483870506286621
Age: <40,679,0.6403378248214722,0.25984251499176025,0.5,0.34196892380714417,0.5196850299835205
Age: 40-50,679,0.4632478356361389,0.28260868787765503,0.5,0.3611111044883728,0.5652173757553101
Age: 50-65,679,0.42814260721206665,0.3066037595272064,0.5,0.3801169693470001,0.6132075786590576
Race: White,679,0.6020471453666687,0.2719298303127289,0.5,0.35227271914482117,0.5438596606254578
Race: Black,679,0.40234375,0.25,0.5,0.3333333432674408,0.5
Race: Other,679,0.48692256212234497,0.29487180709838867,0.5,0.3709677457809448,0.5897436141967773
Overall,680,0.4949539303779602,0.2760416567325592,0.5,0.3557046949863434,0.5520833134651184
Gender: Male,680,0.5810593366622925,0.2927631437778473,0.5,0.3692946135997772,0.5855263471603394
Gender: Female,680,0.402164489030838,0.25735294818878174,0.5,0.33980581164360046,0.5147058963775635
Age: <40,680,0.5907647609710693,0.2330508530139923,0.5,0.3179190754890442,0.4661017060279846
Age: 40-50,680,0.2720930576324463,0.2945205569267273,0.5,0.37068966031074524,0.5890411138534546
Age: 50-65,680,0.5500910878181458,0.3144329786300659,0.5,0.3860759437084198,0.6288659572601318
Race: White,680,0.5565476417541504,0.28125,0.5,0.36000001430511475,0.5625
Race: Black,680,0.6632653474807739,0.25,0.5,0.3333333432674408,0.5
Race: Other,680,0.4116554260253906,0.2765151560306549,0.5,0.356097549200058,0.5530303120613098
Overall,681,0.5388058423995972,0.28282827138900757,0.5,0.3612903356552124,0.5656565427780151
Gender: Male,681,0.5567522048950195,0.29032257199287415,0.5,0.36734694242477417,0.5806451439857483
Gender: Female,681,0.5152243375778198,0.27464789152145386,0.5,0.3545454442501068,0.5492957830429077
Age: <40,681,0.6297571659088135,0.284246563911438,0.5,0.3624454140663147,0.568493127822876
Age: 40-50,681,0.3504273295402527,0.23999999463558197,0.5,0.3243243098258972,0.48000001907348633
Age: 50-65,681,0.545729398727417,0.32236841320991516,0.5,0.3919999897480011,0.6447368264198303
Race: White,681,0.5831643342971802,0.26605504751205444,0.5,0.34730538725852966,0.5321100950241089
Race: Black,681,0.699999988079071,0.2142857164144516,0.5,0.30000001192092896,0.4285714328289032
Race: Other,681,0.46769511699676514,0.3104575276374817,0.5,0.38306450843811035,0.6209150552749634
Overall,682,0.5200680494308472,0.25907590985298157,0.5,0.34130436182022095,0.5181518197059631
Gender: Male,682,0.5140705108642578,0.25,0.5,0.3333333432674408,0.5
Gender: Female,682,0.5276029109954834,0.27131783962249756,0.5,0.35175880789756775,0.5426356792449951
Age: <40,682,0.6247771978378296,0.24626865983009338,0.5,0.33000001311302185,0.4925372898578644
Age: 40-50,682,0.3663194179534912,0.23529411852359772,0.5,0.3199999928474426,0.47058823704719543
Age: 50-65,682,0.47941887378692627,0.29207921028137207,0.5,0.3687500059604645,0.5841584205627441
Race: White,682,0.5971282124519348,0.2678571343421936,0.5,0.3488371968269348,0.5357142686843872
Race: Black,682,0.5705128312110901,0.23999999463558197,0.5,0.3243243098258972,0.47999998927116394
Race: Other,682,0.4367647171020508,0.25362318754196167,0.5,0.3365384638309479,0.5072463750839233
Overall,683,0.4631021022796631,0.29522183537483215,0.5,0.3712446391582489,0.5904436707496643
Gender: Male,683,0.4863053560256958,0.30588236451148987,0.5,0.37956205010414124,0.6117647290229797
Gender: Female,683,0.42673105001449585,0.2804878056049347,0.5,0.359375,0.5609756112098694
Age: <40,683,0.526830792427063,0.3103448152542114,0.5,0.38297873735427856,0.6206896305084229
Age: 40-50,683,0.38823533058166504,0.2702702581882477,0.5,0.35087719559669495,0.5405405759811401
Age: 50-65,683,0.4293520450592041,0.29611650109291077,0.5,0.37195122241973877,0.5922330021858215
Race: White,683,0.49425575137138367,0.2984496057033539,0.5,0.37378641963005066,0.5968992114067078
Race: Black,683,0.5274724960327148,0.32499998807907104,0.5,0.39393940567970276,0.6500000357627869
Race: Other,683,0.4451906085014343,0.2881944477558136,0.5,0.36563876271247864,0.5763888955116272
Overall,684,0.5054531097412109,0.2795138955116272,0.5,0.35857459902763367,0.5590277910232544
Gender: Male,684,0.5486515760421753,0.3181818127632141,0.5,0.3888888955116272,0.6363636255264282
Gender: Female,684,0.4379611015319824,0.23507462441921234,0.5,0.31979694962501526,0.4701492488384247
Age: <40,684,0.5340577363967896,0.3055555522441864,0.5,0.37931033968925476,0.6111111640930176
Age: 40-50,684,0.34956395626068115,0.2866666615009308,0.5,0.3644067943096161,0.5733333230018616
Age: 50-65,684,0.5864262580871582,0.23563218116760254,0.5,0.3203125,0.4712643623352051
Race: White,684,0.558118462562561,0.2518796920776367,0.5,0.33500000834465027,0.5037593841552734
Race: Black,684,0.692307710647583,0.2954545319080353,0.5,0.37142857909202576,0.5909091234207153
Race: Other,684,0.45180433988571167,0.30451127886772156,0.5,0.3785046637058258,0.6090225577354431
Overall,685,0.5370361804962158,0.2840135991573334,0.5,0.3622559607028961,0.5680271983146667
Gender: Male,685,0.5699506998062134,0.2770700752735138,0.5,0.35655736923217773,0.5541401505470276
Gender: Female,685,0.4918859601020813,0.29197078943252563,0.5,0.36866360902786255,0.5839415788650513
Age: <40,685,0.49059510231018066,0.29741379618644714,0.5,0.3729729652404785,0.5948275923728943
Age: 40-50,685,0.5,0.28723403811454773,0.5,0.36486485600471497,0.5744680762290955
Age: 50-65,685,0.6193181872367859,0.261904776096344,0.5,0.34375,0.523809552192688
Race: White,685,0.5923829078674316,0.2680000066757202,0.5,0.3489583432674408,0.5360000133514404
Race: Black,685,0.6521738767623901,0.2804878056049347,0.5,0.359375,0.5609756112098694
Race: Other,685,0.46294882893562317,0.30078125,0.5,0.37560975551605225,0.6015625
Overall,686,0.5334935188293457,0.2939189076423645,0.5,0.37021276354789734,0.5878378748893738
Gender: Male,686,0.5650950074195862,0.31410256028175354,0.5,0.3858267664909363,0.6282051205635071
Gender: Female,686,0.5084292888641357,0.27142858505249023,0.5,0.35185185074806213,0.5428571701049805
Age: <40,686,0.5825368165969849,0.30859375,0.5,0.38164252042770386,0.6171875
Age: 40-50,686,0.4695121645927429,0.26623377203941345,0.5,0.347457617521286,0.5324675440788269
Age: 50-65,686,0.5050050020217896,0.2967033088207245,0.5,0.3724137842655182,0.593406617641449
Race: White,686,0.6104651093482971,0.2986111044883728,0.5,0.373913049697876,0.5972222089767456
Race: Black,686,0.4636363983154297,0.2380952388048172,0.5,0.32258063554763794,0.4761904776096344
Race: Other,686,0.44775035977363586,0.2977099120616913,0.5,0.3732057511806488,0.5954198241233826
Overall,687,0.5579198598861694,0.27491408586502075,0.5,0.35476717352867126,0.5498281717300415
Gender: Male,687,0.5332968235015869,0.28999999165534973,0.5,0.3670886158943176,0.5800000429153442
Gender: Female,687,0.5906527042388916,0.25886523723602295,0.5,0.34112149477005005,0.5177304744720459
Age: <40,687,0.6170085668563843,0.25431033968925476,0.5,0.33714285492897034,0.5086206793785095
Age: 40-50,687,0.44042232632637024,0.267123281955719,0.5,0.3482142984867096,0.534246563911438
Age: 50-65,687,0.5540322661399841,0.30392158031463623,0.5,0.37804877758026123,0.6078431606292725
Race: White,687,0.616536021232605,0.23461538553237915,0.5,0.3193717300891876,0.4692307710647583
Race: Black,687,0.5785714387893677,0.2916666567325592,0.5,0.3684210479259491,0.5833333730697632
Race: Other,687,0.5124434232711792,0.3102189898490906,0.5,0.38288289308547974,0.6204379796981812
Overall,688,0.52675461769104,0.3279742896556854,0.5,0.3961164951324463,0.6559485197067261
Gender: Male,688,0.5307029485702515,0.3296089470386505,0.5,0.3973063826560974,0.6592178344726562
Gender: Female,688,0.5194641351699829,0.32575756311416626,0.5,0.39449542760849,0.6515151858329773
Age: <40,688,0.6046245098114014,0.3273381292819977,0.5,0.395652174949646,0.6546762585639954
Age: 40-50,688,0.41428571939468384,0.2777777910232544,0.5,0.3571428656578064,0.5555555820465088
Age: 50-65,688,0.5074442028999329,0.35779815912246704,0.5,0.4171122908592224,0.7155963182449341
Race: White,688,0.6097679138183594,0.32592591643333435,0.5,0.39461883902549744,0.6518518328666687
Race: Black,688,0.31111109256744385,0.3448275923728943,0.5,0.40816327929496765,0.6896551847457886
Race: Other,688,0.49754902720451355,0.3265306055545807,0.5,0.395061731338501,0.6530612111091614
Overall,689,0.5515626668930054,0.2804878056049347,0.5,0.359375,0.5609756112098694
Gender: Male,689,0.5614700317382812,0.2628205120563507,0.5,0.3445378243923187,0.5256410241127014
Gender: Female,689,0.5408958196640015,0.3015267252922058,0.5,0.3761904835700989,0.6030534505844116
Age: <40,689,0.529272198677063,0.31102362275123596,0.5,0.38349515199661255,0.6220472455024719
Age: 40-50,689,0.5487179756164551,0.2321428507566452,0.5,0.31707316637039185,0.4642857313156128
Age: 50-65,689,0.5591517686843872,0.26923078298568726,0.5,0.3499999940395355,0.5384615659713745
Race: White,689,0.6582892537117004,0.2956204414367676,0.5,0.37155961990356445,0.5912408828735352
Race: Black,689,0.7083333730697632,0.23529411852359772,0.5,0.3199999928474426,0.47058823704719543
Race: Other,689,0.437841534614563,0.27067670226097107,0.5,0.35121950507164,0.5413534045219421
Overall,690,0.5367333889007568,0.2775919735431671,0.5,0.3569892346858978,0.5551839470863342
Gender: Male,690,0.5151119232177734,0.2784431278705597,0.5,0.35769230127334595,0.5568862557411194
Gender: Female,690,0.5765033960342407,0.2765151560306549,0.5,0.356097549200058,0.5530303120613098
Age: <40,690,0.5732500553131104,0.3076923191547394,0.5,0.380952388048172,0.6153846383094788
Age: 40-50,690,0.46684587001800537,0.23134328424930573,0.5,0.3163265287876129,0.46268656849861145
Age: 50-65,690,0.5423597097396851,0.2696078419685364,0.5,0.35031846165657043,0.5392156839370728
Race: White,690,0.5769312381744385,0.27173912525177,0.5,0.35211268067359924,0.54347825050354
Race: Black,690,0.5714285373687744,0.25,0.5,0.3333333432674408,0.5
Race: Other,690,0.4904916286468506,0.28947368264198303,0.5,0.36666667461395264,0.5789473652839661
Overall,691,0.5256483554840088,0.29491525888442993,0.5,0.3710021376609802,0.5898305177688599
Gender: Male,691,0.5185451507568359,0.2797619104385376,0.5,0.35877862572669983,0.5595238208770752
Gender: Female,691,0.5385638475418091,0.31496062874794006,0.5,0.3864734172821045,0.6299212574958801
Age: <40,691,0.5363945960998535,0.3125,0.5,0.38461539149284363,0.625
Age: 40-50,691,0.4456762671470642,0.27702704071998596,0.5,0.35652172565460205,0.5540540814399719
Age: 50-65,691,0.5645272731781006,0.2889908254146576,0.5,0.36627906560897827,0.5779816508293152
Race: White,691,0.692307710647583,0.3196721374988556,0.5,0.38999998569488525,0.6393442153930664
Race: Black,691,0.6240601539611816,0.28787878155708313,0.5,0.36538460850715637,0.575757622718811
Race: Other,691,0.4215625524520874,0.2750000059604645,0.5,0.35483869910240173,0.550000011920929
Overall,692,0.5486413240432739,0.26520270109176636,0.5,0.34657835960388184,0.5304054021835327
Gender: Male,692,0.5160775184631348,0.26795580983161926,0.5,0.3489208519458771,0.5359116196632385
Gender: Female,692,0.6112121343612671,0.260869562625885,0.5,0.34285715222358704,0.52173912525177
Age: <40,692,0.6220425367355347,0.2715517282485962,0.5,0.3519552946090698,0.5431034564971924
Age: 40-50,692,0.4742547273635864,0.23376622796058655,0.5,0.3185840845108032,0.4675324559211731
Age: 50-65,692,0.5298850536346436,0.28155338764190674,0.5,0.3602484464645386,0.5631067752838135
Race: White,692,0.5983805656433105,0.26950353384017944,0.5,0.3502304255962372,0.5390070676803589
Race: Black,692,0.6209150552749634,0.17307692766189575,0.5,0.2571428716182709,0.3461538553237915
Race: Other,692,0.485867440700531,0.27906978130340576,0.5,0.35820895433425903,0.5581395626068115
Overall,693,0.5709047317504883,0.29661017656326294,0.5,0.3723404109477997,0.5932203531265259
Gender: Male,693,0.5911543965339661,0.300561785697937,0.5,0.3754386007785797,0.6011236310005188
Gender: Female,693,0.5435174703598022,0.2905983030796051,0.5,0.3675675690174103,0.5811966061592102
Age: <40,693,0.6183035373687744,0.29411765933036804,0.5,0.37037035822868347,0.5882353186607361
Age: 40-50,693,0.46260684728622437,0.29032257199287415,0.5,0.36734694242477417,0.5806451439857483
Age: 50-65,693,0.5807315111160278,0.3041236996650696,0.5,0.3782051205635071,0.6082473993301392
Race: White,693,0.6254699230194092,0.28787878155708313,0.5,0.36538460850715637,0.575757622718811
Race: Black,693,0.4705882668495178,0.3541666567325592,0.5,0.4146341383457184,0.7083333730697632
Race: Other,693,0.5590500831604004,0.2949640154838562,0.5,0.3710407316684723,0.5899280905723572
Overall,694,0.4634071886539459,0.3202054798603058,0.5,0.3903966546058655,0.6404109597206116
Gender: Male,694,0.476162314414978,0.3175675570964813,0.5,0.38842976093292236,0.6351351737976074
Gender: Female,694,0.4634197950363159,0.3229166567325592,0.5,0.39240506291389465,0.6458333134651184
Age: <40,694,0.5682605504989624,0.3391304314136505,0.5,0.40414509177207947,0.678260862827301
Age: 40-50,694,0.38062286376953125,0.30000001192092896,0.5,0.375,0.6000000238418579
Age: 50-65,694,0.430020272731781,0.31521740555763245,0.5,0.3866666555404663,0.6304348111152649
Race: White,694,0.5226505994796753,0.3120300769805908,0.5,0.38425925374031067,0.6240601539611816
Race: Black,694,0.6785714626312256,0.3181818127632141,0.5,0.3888888955116272,0.6363636255264282
Race: Other,694,0.3891252875328064,0.32846716046333313,0.5,0.39647576212882996,0.6569343209266663
Overall,695,0.5217412710189819,0.2955326437950134,0.5,0.3714902698993683,0.5910652875900269
Gender: Male,695,0.5232558250427246,0.29054054617881775,0.5,0.36752137541770935,0.5810810923576355
Gender: Female,695,0.5218278169631958,0.30069929361343384,0.5,0.375545859336853,0.6013985872268677
Age: <40,695,0.5712143182754517,0.32706767320632935,0.5,0.3954545557498932,0.6541353464126587
Age: 40-50,695,0.394957959651947,0.22580644488334656,0.5,0.31111112236976624,0.4516128897666931
Age: 50-65,695,0.5362123250961304,0.296875,0.5,0.37254902720451355,0.59375
Race: White,695,0.553107738494873,0.2847222089767456,0.5,0.36283186078071594,0.569444477558136
Race: Black,695,0.559808611869812,0.3166666626930237,0.5,0.3877550959587097,0.6333333849906921
Race: Other,695,0.48591548204421997,0.3034188151359558,0.5,0.3776595890522003,0.6068376302719116
Overall,696,0.5057607889175415,0.3006756901741028,0.5,0.37552741169929504,0.6013513803482056
Gender: Male,696,0.45198768377304077,0.2764706015586853,0.5,0.35606059432029724,0.5529412031173706
Gender: Female,696,0.5864512324333191,0.3333333432674408,0.5,0.4000000059604645,0.6666666865348816
Age: <40,696,0.6025316715240479,0.3464912176132202,0.5,0.409326434135437,0.6929824352264404
Age: 40-50,696,0.3891834616661072,0.26436781883239746,0.5,0.3458646535873413,0.5287356376647949
Age: 50-65,696,0.5152740478515625,0.2789473831653595,0.5,0.3581081032752991,0.557894766330719
Race: White,696,0.612146258354187,0.31081080436706543,0.5,0.38333332538604736,0.6216216087341309
Race: Black,696,0.4934210479259491,0.27906978130340576,0.5,0.35820895433425903,0.5581395626068115
Race: Other,696,0.4396284818649292,0.2992957830429077,0.5,0.37444934248924255,0.5985915660858154
Overall,697,0.5663942694664001,0.29765886068344116,0.5,0.3731656074523926,0.5953177213668823
Gender: Male,697,0.566006600856781,0.29190751910209656,0.5,0.3686131238937378,0.5838150382041931
Gender: Female,697,0.5555261373519897,0.3055555522441864,0.5,0.37931033968925476,0.6111111640930176
Age: <40,697,0.6060606241226196,0.30633804202079773,0.5,0.37991267442703247,0.6126760244369507
Age: 40-50,697,0.5750507116317749,0.2698412835597992,0.5,0.3505154550075531,0.5396825671195984
Age: 50-65,697,0.5182551145553589,0.30319148302078247,0.5,0.37748345732688904,0.6063829660415649
Race: White,697,0.6595454812049866,0.3472222089767456,0.5,0.4098360538482666,0.694444477558136
Race: Black,697,0.6428571939468384,0.2916666567325592,0.5,0.3684210479259491,0.5833333730697632
Race: Other,697,0.5023320913314819,0.2442748099565506,0.5,0.3282051384449005,0.4885496199131012
Overall,698,0.5581555366516113,0.2639860212802887,0.5,0.3455377519130707,0.5279720425605774
Gender: Male,698,0.5285515785217285,0.2746913433074951,0.5,0.35458168387413025,0.549382746219635
Gender: Female,698,0.5923516750335693,0.25,0.5,0.3333333432674408,0.5
Age: <40,698,0.6227962970733643,0.29914531111717224,0.5,0.3743315637111664,0.5982906222343445
Age: 40-50,698,0.47386759519577026,0.23026315867900848,0.5,0.315315306186676,0.46052631735801697
Age: 50-65,698,0.5157262086868286,0.24731183052062988,0.5,0.3309352397918701,0.49462366104125977
Race: White,698,0.6430559158325195,0.2658730149269104,0.5,0.3471502661705017,0.5317460894584656
Race: Black,698,0.6363636255264282,0.25,0.5,0.3333333432674408,0.5
Race: Other,698,0.49968385696411133,0.2644927501678467,0.5,0.34597155451774597,0.5289855003356934
Overall,699,0.5347508192062378,0.26791808009147644,0.5,0.3488888740539551,0.5358361601829529
Gender: Male,699,0.532694935798645,0.2514619827270508,0.5,0.3346303403377533,0.5029239654541016
Gender: Female,699,0.5476387739181519,0.2909836173057556,0.5,0.3678756356239319,0.5819671750068665
Age: <40,699,0.5695754885673523,0.2735042870044708,0.5,0.3535911738872528,0.5470085740089417
Age: 40-50,699,0.5052631497383118,0.25641027092933655,0.5,0.33898305892944336,0.5128205418586731
Age: 50-65,699,0.5312368869781494,0.27040815353393555,0.5,0.3509933650493622,0.5408163070678711
Race: White,699,0.6533710956573486,0.2680000066757202,0.5,0.3489583432674408,0.5360000133514404
Race: Black,699,0.6315789222717285,0.3392857015132904,0.5,0.40425533056259155,0.6785714626312256
Race: Other,699,0.4335578680038452,0.25357142090797424,0.5,0.3364928960800171,0.5071428418159485
Overall,700,0.5251731276512146,0.266211599111557,0.5,0.3474387526512146,0.532423198223114
Gender: Male,700,0.5750311613082886,0.2732919156551361,0.5,0.3534136414527893,0.546583890914917
Gender: Female,700,0.45680147409439087,0.25757575035095215,0.5,0.3400000035762787,0.5151515007019043
Age: <40,700,0.5662088394165039,0.28688523173332214,0.5,0.3645833432674408,0.5737704634666443
Age: 40-50,700,0.5432432889938354,0.2761194109916687,0.5,0.35576921701431274,0.5522388219833374
Age: 50-65,700,0.4623376727104187,0.23557692766189575,0.5,0.3202614486217499,0.4711538553237915
Race: White,700,0.5382888317108154,0.2723880708217621,0.5,0.3526569902896881,0.5447760820388794
Race: Black,700,0.6666666865348816,0.20000000298023224,0.5,0.2857142984867096,0.4000000059604645
Race: Other,700,0.4856249690055847,0.26978418231010437,0.5,0.3504672944545746,0.5395683646202087
Overall,701,0.48494166135787964,0.31833332777023315,0.5,0.3890020251274109,0.6366666555404663
Gender: Male,701,0.5449587106704712,0.3333333432674408,0.5,0.4000000059604645,0.6666666269302368
Gender: Female,701,0.42889803647994995,0.30000001192092896,0.5,0.375,0.5999999642372131
Age: <40,701,0.5758730173110962,0.36000001430511475,0.5,0.41860464215278625,0.7200000286102295
Age: 40-50,701,0.42222222685813904,0.2922077775001526,0.5,0.3688524663448334,0.5844155550003052
Age: 50-65,701,0.4574829936027527,0.2857142984867096,0.5,0.3636363744735718,0.5714285373687744
Race: White,701,0.5647937059402466,0.3159722089767456,0.5,0.38723403215408325,0.631944477558136
Race: Black,701,0.6783626079559326,0.3392857015132904,0.5,0.40425533056259155,0.6785714626312256
Race: Other,701,0.3848174214363098,0.31640625,0.5,0.38755980134010315,0.6328125
Overall,702,0.5110260248184204,0.2940199375152588,0.5,0.37029287219047546,0.5880398750305176
Gender: Male,702,0.5130063891410828,0.30523255467414856,0.5,0.37906137108802795,0.6104651093482971
Gender: Female,702,0.5194932222366333,0.27906978130340576,0.5,0.35820895433425903,0.5581395626068115
Age: <40,702,0.6672269105911255,0.31716418266296387,0.5,0.388127863407135,0.6343283653259277
Age: 40-50,702,0.26721763610839844,0.25,0.5,0.3333333432674408,0.5
Age: 50-65,702,0.4753834009170532,0.29207921028137207,0.5,0.3687500059604645,0.5841584205627441
Race: White,702,0.5765283107757568,0.3029197156429291,0.5,0.37727272510528564,0.6058394312858582
Race: Black,702,0.46666663885116577,0.2916666567325592,0.5,0.3684210479259491,0.5833333134651184
Race: Other,702,0.4749688506126404,0.28515625,0.5,0.3631840944290161,0.5703125
Overall,703,0.6293953657150269,0.28956228494644165,0.5,0.3667377531528473,0.5791245698928833
Gender: Male,703,0.6030927896499634,0.29754599928855896,0.5,0.3730769157409668,0.5950919985771179
Gender: Female,703,0.652881383895874,0.2798507511615753,0.5,0.35885167121887207,0.5597015023231506
Age: <40,703,0.6573809385299683,0.31343284249305725,0.5,0.38532111048698425,0.6268656849861145
Age: 40-50,703,0.635062575340271,0.23780487477779388,0.5,0.32231405377388,0.47560974955558777
Age: 50-65,703,0.5414540767669678,0.3024691343307495,0.5,0.3769230842590332,0.604938268661499
Race: White,703,0.6800612211227417,0.2689655125141144,0.5,0.3497757911682129,0.5379310250282288
Race: Black,703,0.6615384817123413,0.28260868787765503,0.5,0.3611111044883728,0.5652173757553101
Race: Other,703,0.560442328453064,0.3139534890651703,0.5,0.3857142925262451,0.6279069781303406
Overall,704,0.5070383548736572,0.2936241626739502,0.5,0.3699788451194763,0.5872483253479004
Gender: Male,704,0.49425140023231506,0.287709504365921,0.5,0.3652482330799103,0.5754189491271973
Gender: Female,704,0.5401891469955444,0.3025210201740265,0.5,0.376963347196579,0.605042040348053
Age: <40,704,0.584029495716095,0.2868216931819916,0.5,0.3645320236682892,0.5736433863639832
Age: 40-50,704,0.40018147230148315,0.28358209133148193,0.5,0.3619047701358795,0.5671641826629639
Age: 50-65,704,0.49043548107147217,0.30882352590560913,0.5,0.38181817531585693,0.6176470518112183
Race: White,704,0.5630234479904175,0.3090277910232544,0.5,0.3819742500782013,0.6180555820465088
Race: Black,704,0.44117647409439087,0.27419355511665344,0.5,0.3541666567325592,0.5483870506286621
Race: Other,704,0.4731615483760834,0.2804878056049347,0.5,0.359375,0.5609756112098694
Overall,705,0.5432192087173462,0.2854785621166229,0.5,0.36344537138938904,0.5709571242332458
Gender: Male,705,0.5212631225585938,0.27941176295280457,0.5,0.35849055647850037,0.5588235259056091
Gender: Female,705,0.5799533724784851,0.29323309659957886,0.5,0.36966824531555176,0.5864661931991577
Age: <40,705,0.5706731081008911,0.3030303120613098,0.5,0.37735849618911743,0.6060606241226196
Age: 40-50,705,0.49577704071998596,0.26811593770980835,0.5,0.349056601524353,0.5362318754196167
Age: 50-65,705,0.5427019000053406,0.27450981736183167,0.5,0.3544303774833679,0.5490196347236633
Race: White,705,0.6155462265014648,0.3014184534549713,0.5,0.3761062026023865,0.6028368473052979
Race: Black,705,0.5291666388511658,0.25806450843811035,0.5,0.3404255211353302,0.5161290168762207
Race: Other,705,0.4814029932022095,0.2748091518878937,0.5,0.35467979311943054,0.5496183037757874
Overall,706,0.5565891265869141,0.2878289520740509,0.5,0.36534446477890015,0.5756579041481018
Gender: Male,706,0.5744559168815613,0.2869822382926941,0.5,0.36466166377067566,0.5739644765853882
Gender: Female,706,0.5542060136795044,0.2888889014720917,0.5,0.3661971688270569,0.5777777433395386
Age: <40,706,0.6135593056678772,0.2951388955116272,0.5,0.3711790442466736,0.5902777910232544
Age: 40-50,706,0.5749129056930542,0.2697368562221527,0.5,0.3504273593425751,0.5394737124443054
Age: 50-65,706,0.453644335269928,0.2916666567325592,0.5,0.3684210479259491,0.5833333730697632
Race: White,706,0.6417169570922852,0.277372270822525,0.5,0.35680750012397766,0.55474454164505
Race: Black,706,0.5791854858398438,0.28333333134651184,0.5,0.3617021143436432,0.5666667222976685
Race: Other,706,0.47716188430786133,0.29927006363868713,0.5,0.37442922592163086,0.5985401272773743
Overall,707,0.5740824937820435,0.2866666615009308,0.5,0.3644067943096161,0.5733333230018616
Gender: Male,707,0.5604333877563477,0.2994185984134674,0.5,0.37454545497894287,0.5988371968269348
Gender: Female,707,0.5858510732650757,0.26953125,0.5,0.3502538204193115,0.5390625
Age: <40,707,0.6066771149635315,0.2840000092983246,0.5,0.3622449040412903,0.5680000185966492
Age: 40-50,707,0.5219638347625732,0.2721518874168396,0.5,0.35245901346206665,0.544303834438324
Age: 50-65,707,0.5821233987808228,0.3020833432674408,0.5,0.37662336230278015,0.6041666865348816
Race: White,707,0.6099231243133545,0.26451611518859863,0.5,0.3459915518760681,0.5290322303771973
Race: Black,707,0.5164835453033447,0.32499998807907104,0.5,0.39393940567970276,0.6500000357627869
Race: Other,707,0.5403138399124146,0.30799999833106995,0.5,0.38118812441825867,0.6160000562667847
Overall,708,0.5352253913879395,0.2826797366142273,0.5,0.36116909980773926,0.5653594732284546
Gender: Male,708,0.5488095283508301,0.30337077379226685,0.5,0.3776223659515381,0.6067416071891785
Gender: Female,708,0.5135530829429626,0.25390625,0.5,0.33678755164146423,0.5078125
Age: <40,708,0.5813817381858826,0.2896551787853241,0.5,0.36681222915649414,0.5793103575706482
Age: 40-50,708,0.36647728085517883,0.2538461685180664,0.5,0.33673468232154846,0.5076923370361328
Age: 50-65,708,0.5874999761581421,0.2916666567325592,0.5,0.3684210479259491,0.5833333730697632
Race: White,708,0.5542957782745361,0.3115384578704834,0.5,0.3838862478733063,0.6230769157409668
Race: Black,708,0.7866666316986084,0.2142857164144516,0.5,0.30000001192092896,0.4285714328289032
Race: Other,708,0.4776785671710968,0.27304965257644653,0.5,0.35321101546287537,0.5460992455482483
Overall,709,0.5505894422531128,0.28833332657814026,0.5,0.3657505214214325,0.5766666531562805
Gender: Male,709,0.5797535181045532,0.26490065455436707,0.5,0.34632036089897156,0.5298013091087341
Gender: Female,709,0.516321063041687,0.3120805323123932,0.5,0.38429751992225647,0.6241610646247864
Age: <40,709,0.6201680898666382,0.2871621549129486,0.5,0.3648068606853485,0.5743243098258972
Age: 40-50,709,0.4673721194267273,0.30434781312942505,0.5,0.37837839126586914,0.6086956858634949
Age: 50-65,709,0.5029377341270447,0.27710843086242676,0.5,0.356589138507843,0.5542168617248535
Race: White,709,0.6049679517745972,0.29032257199287415,0.5,0.36734694242477417,0.5806451439857483
Race: Black,709,0.6530612707138062,0.25,0.5,0.3333333432674408,0.5
Race: Other,709,0.49718397855758667,0.29012346267700195,0.5,0.3671875,0.5802469253540039
Overall,710,0.553152322769165,0.276450514793396,0.5,0.3560439646244049,0.552901029586792
Gender: Male,710,0.5776596069335938,0.270114928483963,0.5,0.3507462739944458,0.540229856967926
Gender: Female,710,0.5167243480682373,0.2857142984867096,0.5,0.3636363744735718,0.5714285969734192
Age: <40,710,0.6461148262023926,0.30327868461608887,0.5,0.37755101919174194,0.6065573692321777
Age: 40-50,710,0.4264507293701172,0.2532467544078827,0.5,0.3362068831920624,0.5064935088157654
Age: 50-65,710,0.5487527847290039,0.2606382966041565,0.5,0.3426573574542999,0.521276593208313
Race: White,710,0.6666666269302368,0.27941176295280457,0.5,0.35849055647850037,0.5588235259056091
Race: Black,710,0.5461538434028625,0.21739129722118378,0.5,0.3030303120613098,0.43478262424468994
Race: Other,710,0.4364791512489319,0.28358209133148193,0.5,0.3619047701358795,0.5671641826629639
Overall,711,0.5845632553100586,0.2745762765407562,0.5,0.35448578000068665,0.5491525530815125
Gender: Male,711,0.5615133047103882,0.2648809552192688,0.5,0.3463034927845001,0.5297619104385376
Gender: Female,711,0.6339421272277832,0.28740158677101135,0.5,0.36500000953674316,0.5748031735420227
Age: <40,711,0.6451033353805542,0.30656933784484863,0.5,0.38009050488471985,0.6131386756896973
Age: 40-50,711,0.4879032373428345,0.2460317462682724,0.5,0.3297872245311737,0.4920635223388672
Age: 50-65,711,0.5642731189727783,0.24736842513084412,0.5,0.3309859037399292,0.49473685026168823
Race: White,711,0.6454293727874756,0.2857142984867096,0.5,0.3636363744735718,0.5714285969734192
Race: Black,711,0.5555555820465088,0.21875,0.5,0.30434781312942505,0.4375
Race: Other,711,0.5335348844528198,0.2705479562282562,0.5,0.35111111402511597,0.5410959124565125
Overall,712,0.5165925025939941,0.29194632172584534,0.5,0.3686440587043762,0.5838926434516907
Gender: Male,712,0.5774804353713989,0.28437501192092896,0.5,0.3625498116016388,0.5687500238418579
Gender: Female,712,0.451259583234787,0.3007246255874634,0.5,0.37556561827659607,0.6014493107795715
Age: <40,712,0.5334146022796631,0.31060606241226196,0.5,0.38317757844924927,0.6212121248245239
Age: 40-50,712,0.4390065670013428,0.25,0.5,0.3333333432674408,0.5
Age: 50-65,712,0.5783783793449402,0.29891303181648254,0.5,0.3741496503353119,0.5978261232376099
Race: White,712,0.5249510407447815,0.2829457223415375,0.5,0.36138615012168884,0.565891444683075
Race: Black,712,0.5857143402099609,0.2916666567325592,0.5,0.3684210479259491,0.5833333730697632
Race: Other,712,0.5077289342880249,0.30000001192092896,0.5,0.375,0.6000000238418579
Overall,713,0.4331812858581543,0.2785467207431793,0.5,0.35777777433395386,0.5570934414863586
Gender: Male,713,0.4098621606826782,0.2715231776237488,0.5,0.3519313335418701,0.5430463552474976
Gender: Female,713,0.4647071361541748,0.2862318754196167,0.5,0.3640553057193756,0.5724637508392334
Age: <40,713,0.4442603588104248,0.25,0.5,0.3333333432674408,0.5
Age: 40-50,713,0.413690447807312,0.28915661573410034,0.5,0.3664122223854065,0.5783132314682007
Age: 50-65,713,0.445684552192688,0.31578946113586426,0.5,0.3870967626571655,0.6315789222717285
Race: White,713,0.48366010189056396,0.2786885201931,0.5,0.35789474844932556,0.5573770403862
Race: Black,713,0.4632352888584137,0.3400000035762787,0.5,0.4047619104385376,0.6800000071525574
Race: Other,713,0.3981260061264038,0.26760563254356384,0.5,0.3486238420009613,0.5352112650871277
Overall,714,0.4613909125328064,0.25951558351516724,0.5,0.3416856527328491,0.5190311670303345
Gender: Male,714,0.43790850043296814,0.2707006335258484,0.5,0.3512396812438965,0.5414012670516968
Gender: Female,714,0.47944891452789307,0.24621212482452393,0.5,0.3299492299556732,0.49242424964904785
Age: <40,714,0.5224171876907349,0.26249998807907104,0.5,0.3442623019218445,0.5250000357627869
Age: 40-50,714,0.3501683473587036,0.22499999403953552,0.5,0.3103448152542114,0.45000001788139343
Age: 50-65,714,0.46768707036972046,0.2752293646335602,0.5,0.3550295829772949,0.5504586696624756
Race: White,714,0.5058956742286682,0.2631579041481018,0.5,0.3448275923728943,0.5263158082962036
Race: Black,714,0.4346153736114502,0.3030303120613098,0.5,0.37735849618911743,0.6060606241226196
Race: Other,714,0.45185184478759766,0.24390244483947754,0.5,0.32786884903907776,0.4878048598766327
Overall,715,0.5902702808380127,0.27906978130340576,0.5,0.35820895433425903,0.5581395030021667
Gender: Male,715,0.6073592901229858,0.269461065530777,0.5,0.3501945436000824,0.5389221906661987
Gender: Female,715,0.5769230723381042,0.29104477167129517,0.5,0.3679245412349701,0.5820895433425903
Age: <40,715,0.6399145126342773,0.2862069010734558,0.5,0.36403509974479675,0.5724138021469116
Age: 40-50,715,0.5222222208976746,0.27272728085517883,0.5,0.3529411852359772,0.5454545617103577
Age: 50-65,715,0.5415629148483276,0.27222222089767456,0.5,0.3525179922580719,0.5444444417953491
Race: White,715,0.6306424140930176,0.2647058963775635,0.5,0.3461538553237915,0.529411792755127
Race: Black,715,0.6538461446762085,0.21739129722118378,0.5,0.3030303120613098,0.43478262424468994
Race: Other,715,0.5373754501342773,0.30281689763069153,0.5,0.37719297409057617,0.6056337952613831
Overall,716,0.5552570819854736,0.2861952781677246,0.5,0.36402568221092224,0.5723905563354492
Gender: Male,716,0.5190615653991699,0.27352941036224365,0.5,0.35361215472221375,0.5470588207244873
Gender: Female,716,0.6166234016418457,0.30314961075782776,0.5,0.37745097279548645,0.6062992215156555
Age: <40,716,0.6287728548049927,0.31785714626312256,0.5,0.38864627480506897,0.6357142925262451
Age: 40-50,716,0.5267379283905029,0.24626865983009338,0.5,0.33000001311302185,0.4925372898578644
Age: 50-65,716,0.4742063581943512,0.2666666805744171,0.5,0.3478260934352875,0.5333333611488342
Race: White,716,0.6638165712356567,0.2862069010734558,0.5,0.36403509974479675,0.5724138021469116
Race: Black,716,0.39915966987609863,0.27419355511665344,0.5,0.3541666567325592,0.5483870506286621
Race: Other,716,0.5014005899429321,0.28925618529319763,0.5,0.3664921522140503,0.5785123705863953
Overall,717,0.5145324468612671,0.29765886068344116,0.5,0.3731656074523926,0.5953177213668823
Gender: Male,717,0.48788636922836304,0.32407405972480774,0.5,0.3932584226131439,0.6481481790542603
Gender: Female,717,0.5419520735740662,0.2664233446121216,0.5,0.34761905670166016,0.5328466892242432
Age: <40,717,0.4988499879837036,0.33955225348472595,0.5,0.40444445610046387,0.6791044473648071
Age: 40-50,717,0.494459867477417,0.25,0.5,0.3333333432674408,0.5
Age: 50-65,717,0.5122449398040771,0.2752808928489685,0.5,0.3550724685192108,0.550561785697937
Race: White,717,0.6197859048843384,0.28859061002731323,0.5,0.36595743894577026,0.5771812200546265
Race: Black,717,0.4285714030265808,0.34090909361839294,0.5,0.4054054021835327,0.6818181872367859
Race: Other,717,0.4191494882106781,0.30078125,0.5,0.37560975551605225,0.6015625
Overall,718,0.5794123411178589,0.2857142984867096,0.5,0.3636363744735718,0.5714285373687744
Gender: Male,718,0.6126270294189453,0.2572254240512848,0.5,0.33969464898109436,0.5144508481025696
Gender: Female,718,0.5566606521606445,0.3264462947845459,0.5,0.39500001072883606,0.652892529964447
Age: <40,718,0.6778425574302673,0.31578946113586426,0.5,0.3870967626571655,0.6315789818763733
Age: 40-50,718,0.44505494832992554,0.29104477167129517,0.5,0.3679245412349701,0.5820895433425903
Age: 50-65,718,0.5582766532897949,0.2393617033958435,0.5,0.32374101877212524,0.4787233769893646
Race: White,718,0.5631241798400879,0.2817460298538208,0.5,0.3604061007499695,0.5634921193122864
Race: Black,718,0.5952380895614624,0.2586206793785095,0.5,0.34090909361839294,0.517241358757019
Race: Other,718,0.5894308686256409,0.2949640154838562,0.5,0.3710407316684723,0.5899280905723572
Overall,719,0.5520957708358765,0.28114476799964905,0.5,0.35991379618644714,0.5622895359992981
Gender: Male,719,0.5569796562194824,0.2836257219314575,0.5,0.36194029450416565,0.567251443862915
Gender: Female,719,0.5553570985794067,0.2777777910232544,0.5,0.3571428656578064,0.5555555820465088
Age: <40,719,0.6091529130935669,0.2743055522441864,0.5,0.35426008701324463,0.5486111044883728
Age: 40-50,719,0.3887999653816223,0.25,0.5,0.3333333432674408,0.5
Age: 50-65,719,0.5496031045913696,0.30582523345947266,0.5,0.379518061876297,0.6116504669189453
Race: White,719,0.6482900977134705,0.2735042870044708,0.5,0.3535911738872528,0.5470085740089417
Race: Black,719,0.41428571939468384,0.37037035822868347,0.5,0.42553192377090454,0.7407407760620117
Race: Other,719,0.5127366781234741,0.27124184370040894,0.5,0.35169491171836853,0.5424836874008179
Overall,720,0.5994332432746887,0.3075657784938812,0.5,0.38085541129112244,0.6151315569877625
Gender: Male,720,0.5720765590667725,0.3037974536418915,0.5,0.3779527544975281,0.6075949668884277
Gender: Female,720,0.6275724172592163,0.3116438388824463,0.5,0.38396623730659485,0.6232876777648926
Age: <40,720,0.6002805233001709,0.29870128631591797,0.5,0.3739837408065796,0.5974025726318359
Age: 40-50,720,0.547764241695404,0.3153846263885498,0.5,0.38679245114326477,0.6307692527770996
Age: 50-65,720,0.6565113067626953,0.3176470696926117,0.5,0.3884892165660858,0.6352941393852234
Race: White,720,0.6379598379135132,0.3194444477558136,0.5,0.38983049988746643,0.6388888955116272
Race: Black,720,0.7888888716697693,0.3571428656578064,0.5,0.4166666567325592,0.7142857313156128
Race: Other,720,0.5548728704452515,0.28776979446411133,0.5,0.3652968108654022,0.5755395889282227
Overall,721,0.5303971767425537,0.27474403381347656,0.5,0.35462555289268494,0.5494880080223083
Gender: Male,721,0.5469765663146973,0.2877906858921051,0.5,0.36531364917755127,0.5755813717842102
Gender: Female,721,0.4945325255393982,0.25619834661483765,0.5,0.33879780769348145,0.5123966932296753
Age: <40,721,0.6617190837860107,0.27407407760620117,0.5,0.35406699776649475,0.5481481552124023
Age: 40-50,721,0.34236451983451843,0.2957746386528015,0.5,0.37168142199516296,0.591549277305603
Age: 50-65,721,0.4883597791194916,0.2586206793785095,0.5,0.34090909361839294,0.517241358757019
Race: White,721,0.6009962558746338,0.28515625,0.5,0.3631840944290161,0.5703125
Race: Black,721,0.5925925970077515,0.1875,0.5,0.27272728085517883,0.375
Race: Other,721,0.4518170952796936,0.28014183044433594,0.5,0.3590908944606781,0.5602836608886719
Overall,722,0.5413841605186462,0.30201342701911926,0.5,0.3765690326690674,0.6040268540382385
Gender: Male,722,0.5535138845443726,0.29374998807907104,0.5,0.3700787425041199,0.5875000357627869
Gender: Female,722,0.5337656736373901,0.3115941882133484,0.5,0.3839285671710968,0.6231884360313416
Age: <40,722,0.5593929290771484,0.30708661675453186,0.5,0.3804877996444702,0.6141732335090637
Age: 40-50,722,0.5477430820465088,0.2647058963775635,0.5,0.3461538553237915,0.529411792755127
Age: 50-65,722,0.5098279714584351,0.3203883469104767,0.5,0.39053255319595337,0.6407766938209534
Race: White,722,0.5945997834205627,0.29109588265419006,0.5,0.36796537041664124,0.5821917653083801
Race: Black,722,0.45499998331069946,0.3333333432674408,0.5,0.4000000059604645,0.6666666865348816
Race: Other,722,0.4995744824409485,0.30737704038619995,0.5,0.3807106614112854,0.6147540807723999
Overall,723,0.6031078696250916,0.2705479562282562,0.5,0.35111111402511597,0.5410959124565125
Gender: Male,723,0.6472845077514648,0.2666666805744171,0.5,0.3478260934352875,0.5333333015441895
Gender: Female,723,0.5328320860862732,0.27559053897857666,0.5,0.3553299605846405,0.5511810779571533
Age: <40,723,0.6510378122329712,0.25390625,0.5,0.33678755164146423,0.5078125
Age: 40-50,723,0.49838709831237793,0.28169015049934387,0.5,0.36036035418510437,0.563380241394043
Age: 50-65,723,0.6358490586280823,0.2849462330341339,0.5,0.36301368474960327,0.5698924660682678
Race: White,723,0.7179425954818726,0.290076345205307,0.5,0.3671497702598572,0.580152690410614
Race: Black,723,0.5364583134651184,0.2142857164144516,0.5,0.30000001192092896,0.4285714626312256
Race: Other,723,0.5167800188064575,0.2631579041481018,0.5,0.3448275923728943,0.5263158082962036
Overall,724,0.5216390490531921,0.3006644546985626,0.5,0.37551867961883545,0.6013289093971252
Gender: Male,724,0.5366666316986084,0.28125,0.5,0.36000001430511475,0.5625
Gender: Female,724,0.49912089109420776,0.3226950466632843,0.5,0.39224138855934143,0.6453900337219238
Age: <40,724,0.5825477838516235,0.3134920597076416,0.5,0.3853658437728882,0.626984179019928
Age: 40-50,724,0.42507123947143555,0.2678571343421936,0.5,0.3488371968269348,0.5357142686843872
Age: 50-65,724,0.5288957357406616,0.3131868243217468,0.5,0.38513514399528503,0.6263736486434937
Race: White,724,0.5434303283691406,0.2666666805744171,0.5,0.3478260934352875,0.5333333015441895
Race: Black,724,0.5692307949066162,0.2678571343421936,0.5,0.3488371968269348,0.535714328289032
Race: Other,724,0.4910541772842407,0.34057971835136414,0.5,0.4051724076271057,0.6811594367027283
Overall,725,0.5438405275344849,0.30263158679008484,0.5,0.37704917788505554,0.6052631735801697
Gender: Male,725,0.5357762575149536,0.29109588265419006,0.5,0.36796537041664124,0.5821917653083801
Gender: Female,725,0.558637261390686,0.31329113245010376,0.5,0.3852140009403229,0.6265822649002075
Age: <40,725,0.6003525257110596,0.31785714626312256,0.5,0.38864627480506897,0.6357142925262451
Age: 40-50,725,0.37362635135650635,0.28688523173332214,0.5,0.3645833432674408,0.5737704634666443
Age: 50-65,725,0.5709302425384521,0.291262149810791,0.5,0.3680981695652008,0.582524299621582
Race: White,725,0.6106442213058472,0.31111112236976624,0.5,0.3835616409778595,0.6222221851348877
Race: Black,725,0.6181818246841431,0.261904776096344,0.5,0.34375,0.523809552192688
Race: Other,725,0.49685773253440857,0.3006756901741028,0.5,0.37552741169929504,0.6013513803482056
Overall,726,0.5658441781997681,0.2915254235267639,0.5,0.3683083653450012,0.5830508470535278
Gender: Male,726,0.6011993885040283,0.30666667222976685,0.5,0.3801652789115906,0.6133333444595337
Gender: Female,726,0.5369230508804321,0.27586206793785095,0.5,0.35555556416511536,0.5517241358757019
Age: <40,726,0.6076245307922363,0.27666667103767395,0.5,0.3562231659889221,0.5533333420753479
Age: 40-50,726,0.5634920597076416,0.28125,0.5,0.36000001430511475,0.5625
Age: 50-65,726,0.4743935465812683,0.327160507440567,0.5,0.3955223858356476,0.654321014881134
Race: White,726,0.5510913133621216,0.28125,0.5,0.36000001430511475,0.5625
Race: Black,726,0.5911111235618591,0.25,0.5,0.3333333432674408,0.5
Race: Other,726,0.5821267366409302,0.3102189898490906,0.5,0.38288289308547974,0.6204379796981812
Overall,727,0.5104023218154907,0.29288026690483093,0.5,0.36938774585723877,0.5857605338096619
Gender: Male,727,0.48845356702804565,0.28437501192092896,0.5,0.3625498116016388,0.5687500238418579
Gender: Female,727,0.5242937803268433,0.30201342701911926,0.5,0.3765690326690674,0.6040268540382385
Age: <40,727,0.4931657910346985,0.2956204414367676,0.5,0.37155961990356445,0.5912408828735352
Age: 40-50,727,0.38329237699508667,0.23571428656578064,0.5,0.3203883469104767,0.4714285731315613
Age: 50-65,727,0.5927505493164062,0.3284313678741455,0.5,0.3964497148990631,0.6568627953529358
Race: White,727,0.6461167335510254,0.3093525171279907,0.5,0.3822222352027893,0.6187050342559814
Race: Black,727,0.4739583432674408,0.2857142984867096,0.5,0.3636363744735718,0.5714285969734192
Race: Other,727,0.40446051955223083,0.27816900610923767,0.5,0.35746607184410095,0.5563380122184753
Overall,728,0.601965606212616,0.2549668848514557,0.5,0.33771929144859314,0.5099337697029114
Gender: Male,728,0.5912162065505981,0.26582279801368713,0.5,0.3471074402332306,0.5316455960273743
Gender: Female,728,0.6108108162879944,0.2430555522441864,0.5,0.32710281014442444,0.4861111044883728
Age: <40,728,0.5702537298202515,0.28787878155708313,0.5,0.36538460850715637,0.575757622718811
Age: 40-50,728,0.5270061492919922,0.18000000715255737,0.5,0.2647058963775635,0.36000001430511475
Age: 50-65,728,0.6639928817749023,0.2684210538864136,0.5,0.3493150770664215,0.5368421077728271
Race: White,728,0.6747239828109741,0.25517240166664124,0.5,0.3378995358943939,0.5103448033332825
Race: Black,728,0.6153846383094788,0.23999999463558197,0.5,0.3243243098258972,0.47999998927116394
Race: Other,728,0.5238970518112183,0.25757575035095215,0.5,0.3400000035762787,0.5151515007019043
Overall,729,0.5321131944656372,0.2869415879249573,0.5,0.3646288216114044,0.5738831758499146
Gender: Male,729,0.5083649158477783,0.29629629850387573,0.5,0.3720930218696594,0.5925925970077515
Gender: Female,729,0.554638147354126,0.27519381046295166,0.5,0.35499998927116394,0.5503876209259033
Age: <40,729,0.6297872066497803,0.29914531111717224,0.5,0.3743315637111664,0.5982906222343445
Age: 40-50,729,0.48362571001052856,0.27108433842658997,0.5,0.3515625,0.5421686768531799
Age: 50-65,729,0.45611441135406494,0.2857142984867096,0.5,0.3636363744735718,0.5714285969734192
Race: White,729,0.5667968988418579,0.2777777910232544,0.5,0.3571428656578064,0.5555555820465088
Race: Black,729,0.5357142686843872,0.31578946113586426,0.5,0.3870967626571655,0.6315789222717285
Race: Other,729,0.4944789409637451,0.2889908254146576,0.5,0.36627906560897827,0.5779816508293152
Overall,730,0.5246154069900513,0.28333333134651184,0.5,0.3617021143436432,0.5666666626930237
Gender: Male,730,0.49931600689888,0.2792207896709442,0.5,0.3583333194255829,0.5584415793418884
Gender: Female,730,0.5600998401641846,0.2876712381839752,0.5,0.365217387676239,0.5753424763679504
Age: <40,730,0.6329364776611328,0.2956204414367676,0.5,0.37155961990356445,0.5912408828735352
Age: 40-50,730,0.3897435665130615,0.24683544039726257,0.5,0.3305084705352783,0.49367091059684753
Age: 50-65,730,0.5041176080703735,0.2976190447807312,0.5,0.3731343150138855,0.5952380895614624
Race: White,730,0.6031061410903931,0.24152542650699615,0.5,0.3257142901420593,0.4830508530139923
Race: Black,730,0.3916666507720947,0.3529411852359772,0.5,0.4137931168079376,0.7058823704719543
Race: Other,730,0.4837173819541931,0.3006756901741028,0.5,0.37552741169929504,0.6013513803482056
Overall,731,0.5537872314453125,0.2989690601825714,0.5,0.37419354915618896,0.5979381799697876
Gender: Male,731,0.574999988079071,0.3086419701576233,0.5,0.38167938590049744,0.6172839403152466
Gender: Female,731,0.5304667949676514,0.2868216931819916,0.5,0.3645320236682892,0.5736433863639832
Age: <40,731,0.6207292079925537,0.3266128897666931,0.5,0.3951219618320465,0.6532257795333862
Age: 40-50,731,0.40630629658699036,0.2238806039094925,0.5,0.30927833914756775,0.4477611780166626
Age: 50-65,731,0.5765765905380249,0.3149999976158142,0.5,0.38650307059288025,0.6299999952316284
Race: White,731,0.6618653535842896,0.2916666567325592,0.5,0.3684210479259491,0.5833333730697632
Race: Black,731,0.46568626165390015,0.2931034564971924,0.5,0.3695652186870575,0.5862069129943848
Race: Other,731,0.47200000286102295,0.3076923191547394,0.5,0.380952388048172,0.6153846383094788
Overall,732,0.5653640031814575,0.27702704071998596,0.5,0.35652172565460205,0.5540540814399719
Gender: Male,732,0.6122480630874634,0.29573169350624084,0.5,0.37164750695228577,0.5914633870124817
Gender: Female,732,0.5008037090301514,0.2537878751754761,0.5,0.3366834223270416,0.5075757503509521
Age: <40,732,0.6355931758880615,0.2846715450286865,0.5,0.36279070377349854,0.569343090057373
Age: 40-50,732,0.4579741358757019,0.26229506731033325,0.5,0.34408602118492126,0.5245901346206665
Age: 50-65,732,0.5387204885482788,0.27551019191741943,0.5,0.3552631437778473,0.5510203838348389
Race: White,732,0.6226579546928406,0.3057554066181183,0.5,0.3794642984867096,0.6115108132362366
Race: Black,732,0.6944444179534912,0.1538461595773697,0.5,0.23529411852359772,0.3076923191547394
Race: Other,732,0.5031883716583252,0.2604166567325592,0.5,0.34246575832366943,0.5208333134651184
Overall,733,0.5527263879776001,0.31561461091041565,0.5,0.3869653642177582,0.6312292218208313
Gender: Male,733,0.5580357313156128,0.3294117748737335,0.5,0.39716312289237976,0.658823549747467
Gender: Female,733,0.5370101928710938,0.2977099120616913,0.5,0.3732057511806488,0.5954198241233826
Age: <40,733,0.5945566892623901,0.3240000009536743,0.5,0.39320388436317444,0.6480000019073486
Age: 40-50,733,0.5040369033813477,0.30000001192092896,0.5,0.375,0.6000000238418579
Age: 50-65,733,0.5768024921417236,0.3186813294887543,0.5,0.38926175236701965,0.6373626589775085
Race: White,733,0.5728441476821899,0.3229166567325592,0.5,0.39240506291389465,0.6458333134651184
Race: Black,733,0.5399999618530273,0.3333333432674408,0.5,0.4000000059604645,0.6666666865348816
Race: Other,733,0.5511687994003296,0.30314961075782776,0.5,0.37745097279548645,0.6062992215156555
Overall,734,0.5633609294891357,0.29900333285331726,0.5,0.3742203712463379,0.5980066061019897
Gender: Male,734,0.5745097398757935,0.2848101258277893,0.5,0.3629032373428345,0.5696202516555786
Gender: Female,734,0.557442307472229,0.31468531489372253,0.5,0.3862660825252533,0.6293706297874451
Age: <40,734,0.563721776008606,0.31456953287124634,0.5,0.3861788511276245,0.6291390657424927
Age: 40-50,734,0.5363175868988037,0.26811593770980835,0.5,0.349056601524353,0.5362318754196167
Age: 50-65,734,0.5738636255264282,0.29629629850387573,0.5,0.3720930218696594,0.5925925970077515
Race: White,734,0.6669950485229492,0.2734375,0.5,0.35353535413742065,0.546875
Race: Black,734,0.5561497211456299,0.3035714328289032,0.5,0.3777777850627899,0.6071428656578064
Race: Other,734,0.4904879927635193,0.3206896483898163,0.5,0.3907563090324402,0.6413792967796326
Overall,735,0.5471630692481995,0.2831125855445862,0.5,0.36152219772338867,0.5662251710891724
Gender: Male,735,0.5695852637290955,0.2852760851383209,0.5,0.36328125,0.5705521106719971
Gender: Female,735,0.5266919136047363,0.28057554364204407,0.5,0.35944700241088867,0.5611510872840881
Age: <40,735,0.5703833103179932,0.2697368562221527,0.5,0.3504273593425751,0.5394737124443054
Age: 40-50,735,0.505050539970398,0.22499999403953552,0.5,0.3103448152542114,0.45000001788139343
Age: 50-65,735,0.5535714626312256,0.3444444537162781,0.5,0.40789473056793213,0.6888889074325562
Race: White,735,0.7017053365707397,0.2991803288459778,0.5,0.37435898184776306,0.5983605980873108
Race: Black,735,0.4017093777656555,0.2954545319080353,0.5,0.37142857909202576,0.5909091234207153
Race: Other,735,0.47510072588920593,0.2689873278141022,0.5,0.3497942388057709,0.5379747152328491
Overall,736,0.5037444829940796,0.2646048069000244,0.5,0.3460674285888672,0.5292096138000488
Gender: Male,736,0.5620657205581665,0.2568493187427521,0.5,0.33936652541160583,0.5136986374855042
Gender: Female,736,0.444380521774292,0.27241379022598267,0.5,0.3526785671710968,0.5448275804519653
Age: <40,736,0.5650415420532227,0.27898550033569336,0.5,0.3581395447254181,0.5579710006713867
Age: 40-50,736,0.38235294818878174,0.24637681245803833,0.5,0.3300970792770386,0.49275362491607666
Age: 50-65,736,0.49688032269477844,0.255952388048172,0.5,0.3385826647281647,0.511904776096344
Race: White,736,0.4927902817726135,0.2658730149269104,0.5,0.3471502661705017,0.5317460894584656
Race: Black,736,0.8240741491317749,0.2857142984867096,0.5,0.3636363744735718,0.5714285969734192
Race: Other,736,0.4908212423324585,0.2604166567325592,0.5,0.34246575832366943,0.5208333134651184
Overall,737,0.5203360319137573,0.2861842215061188,0.5,0.36401674151420593,0.5723684430122375
Gender: Male,737,0.4720303416252136,0.30397728085517883,0.5,0.37809187173843384,0.6079545617103577
Gender: Female,737,0.5823342204093933,0.26171875,0.5,0.34358975291252136,0.5234375
Age: <40,737,0.5945885181427002,0.3115941882133484,0.5,0.3839285671710968,0.6231884360313416
Age: 40-50,737,0.3955357074737549,0.26119402050971985,0.5,0.343137264251709,0.5223880410194397
Age: 50-65,737,0.49138641357421875,0.26767677068710327,0.5,0.3486842215061188,0.5353535413742065
Race: White,737,0.5266666412353516,0.26923078298568726,0.5,0.3499999940395355,0.5384615659713745
Race: Black,737,0.5170454382896423,0.29629629850387573,0.5,0.3720930218696594,0.5925925970077515
Race: Other,737,0.5096302032470703,0.29931971430778503,0.5,0.3744680881500244,0.5986394286155701
Overall,738,0.5437689423561096,0.27040815353393555,0.5,0.3509933650493622,0.5408163070678711
Gender: Male,738,0.5482723712921143,0.26623377203941345,0.5,0.347457617521286,0.5324675440788269
Gender: Female,738,0.5438053607940674,0.2750000059604645,0.5,0.35483869910240173,0.550000011920929
Age: <40,738,0.56916344165802,0.24380165338516235,0.5,0.32777777314186096,0.4876032769680023
Age: 40-50,738,0.5498338937759399,0.25294119119644165,0.5,0.3359375,0.5058823823928833
Age: 50-65,738,0.5387662649154663,0.3238636255264282,0.5,0.3931034505367279,0.6477273106575012
Race: White,738,0.6121938824653625,0.2788461446762085,0.5,0.3580246865749359,0.557692289352417
Race: Black,738,0.6449704170227051,0.25,0.5,0.3333333432674408,0.5
Race: Other,738,0.4368404150009155,0.2633928656578064,0.5,0.34502923488616943,0.5267857313156128
Overall,739,0.5076118111610413,0.28135591745376587,0.5,0.3600867688655853,0.5627118349075317
Gender: Male,739,0.5511559247970581,0.2923497259616852,0.5,0.3689655065536499,0.5846994519233704
Gender: Female,739,0.44291654229164124,0.2633928656578064,0.5,0.34502923488616943,0.5267857313156128
Age: <40,739,0.5356305837631226,0.2969924807548523,0.5,0.37264150381088257,0.5939849615097046
Age: 40-50,739,0.4475446343421936,0.2666666805744171,0.5,0.3478260934352875,0.5333333611488342
Age: 50-65,739,0.508317232131958,0.2696078419685364,0.5,0.35031846165657043,0.5392156839370728
Race: White,739,0.5656709671020508,0.28244274854660034,0.5,0.36097562313079834,0.5648854970932007
Race: Black,739,0.5263158082962036,0.32758620381355286,0.5,0.3958333432674408,0.6551724076271057
Race: Other,739,0.4677419364452362,0.27037036418914795,0.5,0.3509615361690521,0.5407407283782959
Overall,740,0.5972235202789307,0.2525423765182495,0.5,0.3355855941772461,0.505084753036499
Gender: Male,740,0.6092478036880493,0.26433122158050537,0.5,0.34583333134651184,0.5286624431610107
Gender: Female,740,0.5829124450683594,0.239130437374115,0.5,0.3235294222831726,0.47826087474823
Age: <40,740,0.6761904358863831,0.23076923191547394,0.5,0.31578946113586426,0.4615384638309479
Age: 40-50,740,0.4672531485557556,0.2578125,0.5,0.34020617604255676,0.515625
Age: 50-65,740,0.5837301015853882,0.2772277295589447,0.5,0.35668790340423584,0.5544554591178894
Race: White,740,0.6714996099472046,0.24460431933403015,0.5,0.3285024166107178,0.4892086386680603
Race: Black,740,0.5934065580368042,0.24074074625968933,0.5,0.32499998807907104,0.48148149251937866
Race: Other,740,0.5277242660522461,0.26356589794158936,0.5,0.34517765045166016,0.5271317958831787
Overall,741,0.5279077291488647,0.2746710479259491,0.5,0.35456475615501404,0.5493420958518982
Gender: Male,741,0.514893651008606,0.270114928483963,0.5,0.3507462739944458,0.540229856967926
Gender: Female,741,0.5505887866020203,0.2807692289352417,0.5,0.35960590839385986,0.5615384578704834
Age: <40,741,0.5167473554611206,0.2937062978744507,0.5,0.3700440526008606,0.5874125957489014
Age: 40-50,741,0.4673060178756714,0.2720588147640228,0.5,0.3523809611797333,0.5441176295280457
Age: 50-65,741,0.5800185203552246,0.24731183052062988,0.5,0.3309352397918701,0.49462366104125977
Race: White,741,0.6671335697174072,0.24045801162719727,0.5,0.32474225759506226,0.48091602325439453
Race: Black,741,0.6363636255264282,0.34375,0.5,0.40740740299224854,0.6875
Race: Other,741,0.3886088728904724,0.29617834091186523,0.5,0.3720000088214874,0.5923566818237305
Overall,742,0.5540076494216919,0.27491408586502075,0.5,0.35476717352867126,0.5498281717300415
Gender: Male,742,0.5162025690078735,0.2816455662250519,0.5,0.36032387614250183,0.5632911324501038
Gender: Female,742,0.5976828336715698,0.26691728830337524,0.5,0.3480392098426819,0.5338345766067505
Age: <40,742,0.6075148582458496,0.28378379344940186,0.5,0.36206895112991333,0.5675675868988037
Age: 40-50,742,0.5111111402511597,0.261904776096344,0.5,0.34375,0.523809552192688
Age: 50-65,742,0.4940289258956909,0.26875001192092896,0.5,0.34959349036216736,0.5375000238418579
Race: White,742,0.688712477684021,0.26923078298568726,0.5,0.3499999940395355,0.5384615659713745
Race: Black,742,0.7435897588729858,0.25999999046325684,0.5,0.34210526943206787,0.5199999809265137
Race: Other,742,0.4384615421295166,0.281879186630249,0.5,0.3605150282382965,0.563758373260498
Overall,743,0.44822636246681213,0.2959866225719452,0.5,0.3718487322330475,0.5919732451438904
Gender: Male,743,0.4401288330554962,0.30536913871765137,0.5,0.3791666626930237,0.6107382774353027
Gender: Female,743,0.4611191749572754,0.2866666615009308,0.5,0.3644067943096161,0.5733333230018616
Age: <40,743,0.5365967750549316,0.29323309659957886,0.5,0.36966824531555176,0.5864661931991577
Age: 40-50,743,0.3498263955116272,0.23529411852359772,0.5,0.3199999928474426,0.47058823704719543
Age: 50-65,743,0.4309099614620209,0.34183672070503235,0.5,0.4060606062412262,0.6836734414100647
Race: White,743,0.464576780796051,0.30633804202079773,0.5,0.37991267442703247,0.6126760244369507
Race: Black,743,0.4583333432674408,0.3461538553237915,0.5,0.40909090638160706,0.692307710647583
Race: Other,743,0.4307909607887268,0.2748091518878937,0.5,0.35467979311943054,0.5496183037757874
Overall,744,0.587365984916687,0.255972683429718,0.5,0.3386004567146301,0.511945366859436
Gender: Male,744,0.5811452865600586,0.2597765326499939,0.5,0.34191176295280457,0.5195530652999878
Gender: Female,744,0.6060326099395752,0.25,0.5,0.3333333432674408,0.5
Age: <40,744,0.6156736612319946,0.2804878056049347,0.5,0.359375,0.5609756112098694
Age: 40-50,744,0.44411763548851013,0.234375,0.5,0.3191489279270172,0.46875
Age: 50-65,744,0.6310160160064697,0.24056604504585266,0.5,0.3248407542705536,0.4811320900917053
Race: White,744,0.5788898468017578,0.28278687596321106,0.5,0.36125653982162476,0.5655737519264221
Race: Black,744,0.6363636255264282,0.12068965286016464,0.5,0.1944444477558136,0.24137930572032928
Race: Other,744,0.566375195980072,0.26056337356567383,0.5,0.34259259700775146,0.5211267471313477
Overall,745,0.5329403877258301,0.285953164100647,0.5,0.3638297915458679,0.571906328201294
Gender: Male,745,0.5361607074737549,0.31065088510513306,0.5,0.3832116723060608,0.6213017702102661
Gender: Female,745,0.5390625,0.2538461685180664,0.5,0.33673468232154846,0.5076923370361328
Age: <40,745,0.5699561834335327,0.29197078943252563,0.5,0.36866360902786255,0.5839415788650513
Age: 40-50,745,0.4810810983181,0.25974026322364807,0.5,0.34188035130500793,0.5194805264472961
Age: 50-65,745,0.5271049737930298,0.30000001192092896,0.5,0.375,0.6000000238418579
Race: White,745,0.6466165781021118,0.26249998807907104,0.5,0.3442623019218445,0.5250000357627869
Race: Black,745,0.6470588445663452,0.3695652186870575,0.5,0.42500001192092896,0.739130437374115
Race: Other,745,0.4466610252857208,0.2916666567325592,0.5,0.3684210479259491,0.5833333134651184
Overall,746,0.5209834575653076,0.31596091389656067,0.5,0.38722553849220276,0.6319218277931213
Gender: Male,746,0.5086781978607178,0.3022598922252655,0.5,0.3767605721950531,0.604519784450531
Gender: Female,746,0.5372895002365112,0.3346153795719147,0.5,0.40092167258262634,0.6692307591438293
Age: <40,746,0.4610256552696228,0.3046875,0.5,0.3786407709121704,0.609375
Age: 40-50,746,0.5741627216339111,0.26760563254356384,0.5,0.3486238420009613,0.5352112650871277
Age: 50-65,746,0.5551282167434692,0.3611111044883728,0.5,0.4193548262119293,0.7222222089767456
Race: White,746,0.5811128616333008,0.30136987566947937,0.5,0.3760683834552765,0.602739691734314
Race: Black,746,0.5833333730697632,0.31578946113586426,0.5,0.3870967626571655,0.6315789222717285
Race: Other,746,0.4479166865348816,0.3309859037399292,0.5,0.39830508828163147,0.6619718074798584
Overall,747,0.5302861928939819,0.2959866225719452,0.5,0.3718487322330475,0.5919732451438904
Gender: Male,747,0.5284286141395569,0.29754599928855896,0.5,0.3730769157409668,0.5950919985771179
Gender: Female,747,0.5366071462631226,0.29411765933036804,0.5,0.37037035822868347,0.5882353186607361
Age: <40,747,0.593144953250885,0.34210526943206787,0.5,0.40625,0.6842105388641357
Age: 40-50,747,0.42329543828964233,0.2461538463830948,0.5,0.3298968970775604,0.4923076927661896
Age: 50-65,747,0.5118203163146973,0.2673267424106598,0.5,0.34838709235191345,0.5346534848213196
Race: White,747,0.6007969379425049,0.2969924807548523,0.5,0.37264150381088257,0.5939849615097046
Race: Black,747,0.6151315569877625,0.27142858505249023,0.5,0.35185185074806213,0.5428571701049805
Race: Other,747,0.4427945613861084,0.3015267252922058,0.5,0.3761904835700989,0.6030534505844116
Overall,748,0.5688705444335938,0.2777777910232544,0.5,0.3571428656578064,0.555555522441864
Gender: Male,748,0.6287950277328491,0.27950310707092285,0.5,0.3585657477378845,0.5590062141418457
Gender: Female,748,0.4913661479949951,0.2757352888584137,0.5,0.35545024275779724,0.5514705777168274
Age: <40,748,0.5806697607040405,0.28740158677101135,0.5,0.36500000953674316,0.5748031735420227
Age: 40-50,748,0.5353094935417175,0.22794117033481598,0.5,0.31313130259513855,0.45588234066963196
Age: 50-65,748,0.5885645151138306,0.29901960492134094,0.5,0.3742331266403198,0.5980392098426819
Race: White,748,0.615726113319397,0.2964285612106323,0.5,0.37219730019569397,0.5928571224212646
Race: Black,748,0.8181818723678589,0.21052631735801697,0.5,0.29629629850387573,0.42105263471603394
Race: Other,748,0.49049830436706543,0.26811593770980835,0.5,0.349056601524353,0.5362318754196167
Overall,749,0.5313235521316528,0.2931034564971924,0.5,0.3695652186870575,0.5862069129943848
Gender: Male,749,0.5224913358688354,0.30000001192092896,0.5,0.375,0.6000000238418579
Gender: Female,749,0.5466629266738892,0.28333333134651184,0.5,0.3617021143436432,0.5666667222976685
Age: <40,749,0.613326907157898,0.29924243688583374,0.5,0.3744075894355774,0.5984848737716675
Age: 40-50,749,0.5365622043609619,0.2954545319080353,0.5,0.37142857909202576,0.5909091234207153
Age: 50-65,749,0.42259615659713745,0.28260868787765503,0.5,0.3611111044883728,0.5652173757553101
Race: White,749,0.606467604637146,0.26377952098846436,0.5,0.34536081552505493,0.5275590419769287
Race: Black,749,0.5394736528396606,0.30645161867141724,0.5,0.3799999952316284,0.6129032373428345
Race: Other,749,0.4719741940498352,0.3181818127632141,0.5,0.3888888955116272,0.6363636255264282
Overall,750,0.5558162331581116,0.28546711802482605,0.5,0.36343613266944885,0.5709342956542969
Gender: Male,750,0.5727587938308716,0.29629629850387573,0.5,0.3720930218696594,0.5925925970077515
Gender: Female,750,0.5289855003356934,0.27165353298187256,0.5,0.3520408272743225,0.5433070659637451
Age: <40,750,0.5600000023841858,0.31343284249305725,0.5,0.38532111048698425,0.6268656849861145
Age: 40-50,750,0.4880308508872986,0.2569444477558136,0.5,0.33944955468177795,0.5138888955116272
Age: 50-65,750,0.6107226014137268,0.2650602459907532,0.5,0.34645670652389526,0.5301204919815063
Race: White,750,0.5730043649673462,0.27542373538017273,0.5,0.35519126057624817,0.5508474707603455
Race: Black,750,0.6115384101867676,0.3030303120613098,0.5,0.37735849618911743,0.6060606241226196
Race: Other,750,0.5409482717514038,0.28985506296157837,0.5,0.3669724762439728,0.5797101259231567
Overall,751,0.536800742149353,0.2875817120075226,0.5,0.3651452362537384,0.5751634240150452
Gender: Male,751,0.5547221899032593,0.28070175647735596,0.5,0.3595505654811859,0.5614035129547119
Gender: Female,751,0.5329545736312866,0.29629629850387573,0.5,0.3720930218696594,0.5925925970077515
Age: <40,751,0.5971235632896423,0.28947368264198303,0.5,0.36666667461395264,0.5789473652839661
Age: 40-50,751,0.30929988622665405,0.2661290466785431,0.5,0.34736841917037964,0.5322580337524414
Age: 50-65,751,0.5823096036911011,0.29891303181648254,0.5,0.3741496503353119,0.5978261232376099
Race: White,751,0.5584299564361572,0.28148147463798523,0.5,0.3601895868778229,0.5629629492759705
Race: Black,751,0.4222222566604614,0.3448275923728943,0.5,0.40816327929496765,0.6896551847457886
Race: Other,751,0.5469757914543152,0.28169015049934387,0.5,0.36036035418510437,0.563380241394043
Overall,752,0.5178259611129761,0.3036912679672241,0.5,0.3778705596923828,0.6073825359344482
Gender: Male,752,0.5242457389831543,0.31168830394744873,0.5,0.3840000033378601,0.6233766078948975
Gender: Female,752,0.5124626159667969,0.2951388955116272,0.5,0.3711790442466736,0.5902777910232544
Age: <40,752,0.5770662426948547,0.303846150636673,0.5,0.3779904246330261,0.607692301273346
Age: 40-50,752,0.38669300079345703,0.29113924503326416,0.5,0.36800000071525574,0.5822784900665283
Age: 50-65,752,0.5530303716659546,0.31460675597190857,0.5,0.38620689511299133,0.6292135119438171
Race: White,752,0.6054041385650635,0.302238792181015,0.5,0.37674418091773987,0.60447758436203
Race: Black,752,0.42500001192092896,0.38461539149284363,0.5,0.43478259444236755,0.7692307829856873
Race: Other,752,0.4709051847457886,0.28985506296157837,0.5,0.3669724762439728,0.5797101259231567
Overall,753,0.5521842241287231,0.2773972749710083,0.5,0.3568281829357147,0.5547944903373718
Gender: Male,753,0.5209048986434937,0.2869822382926941,0.5,0.36466166377067566,0.5739644765853882
Gender: Female,753,0.5843501091003418,0.26422762870788574,0.5,0.34574466943740845,0.5284552574157715
Age: <40,753,0.5578975081443787,0.2540322542190552,0.5,0.3368983864784241,0.5080645084381104
Age: 40-50,753,0.4624999761581421,0.24193547666072845,0.5,0.32608696818351746,0.4838709533214569
Age: 50-65,753,0.58597731590271,0.3254716992378235,0.5,0.3942857086658478,0.650943398475647
Race: White,753,0.6365914344787598,0.2733812928199768,0.5,0.35348838567733765,0.5467625856399536
Race: Black,753,0.5333333015441895,0.3125,0.5,0.38461539149284363,0.625
Race: Other,753,0.4922347068786621,0.277372270822525,0.5,0.35680750012397766,0.55474454164505
Overall,754,0.5542076826095581,0.2534482777118683,0.5,0.33638444542884827,0.5068965554237366
Gender: Male,754,0.5307298302650452,0.276729553937912,0.5,0.3562752902507782,0.553459107875824
Gender: Female,754,0.5717984437942505,0.22519083321094513,0.5,0.3105263113975525,0.45038166642189026
Age: <40,754,0.6316614151000977,0.2338709682226181,0.5,0.3186813294887543,0.4677419066429138
Age: 40-50,754,0.5007143020629883,0.2666666805744171,0.5,0.3478260934352875,0.5333333611488342
Age: 50-65,754,0.499514102935791,0.26923078298568726,0.5,0.3499999940395355,0.5384615659713745
Race: White,754,0.5944097638130188,0.24568966031074524,0.5,0.32947975397109985,0.4913793206214905
Race: Black,754,0.7329545021057129,0.20370370149612427,0.5,0.28947368264198303,0.40740740299224854
Race: Other,754,0.5087490677833557,0.2687074840068817,0.5,0.3495575189590454,0.5374149680137634
Overall,755,0.5540738105773926,0.2710437774658203,0.5,0.3515283763408661,0.5420875549316406
Gender: Male,755,0.5625261068344116,0.26764705777168274,0.5,0.3486590087413788,0.5352941155433655
Gender: Female,755,0.553884744644165,0.27559053897857666,0.5,0.3553299605846405,0.5511810779571533
Age: <40,755,0.6400742530822754,0.28947368264198303,0.5,0.36666667461395264,0.5789473652839661
Age: 40-50,755,0.4431977868080139,0.20129869878292084,0.5,0.28703704476356506,0.4025973975658417
Age: 50-65,755,0.5360710620880127,0.3045977056026459,0.5,0.37857142090797424,0.6091954112052917
Race: White,755,0.6000467538833618,0.2633587718009949,0.5,0.3449999988079071,0.5267175436019897
Race: Black,755,0.59183669090271,0.25,0.5,0.3333333432674408,0.5
Race: Other,755,0.5115385055541992,0.28260868787765503,0.5,0.3611111044883728,0.5652173757553101
Overall,756,0.6013879776000977,0.27871620655059814,0.5,0.35791757702827454,0.5574324727058411
Gender: Male,756,0.6434152126312256,0.28378379344940186,0.5,0.36206895112991333,0.5675675868988037
Gender: Female,756,0.5607149600982666,0.2736486494541168,0.5,0.3537117838859558,0.5472972989082336
Age: <40,756,0.6560975313186646,0.29927006363868713,0.5,0.37442922592163086,0.5985401272773743
Age: 40-50,756,0.4945799708366394,0.26623377203941345,0.5,0.347457617521286,0.5324675440788269
Age: 50-65,756,0.6023809313774109,0.25609755516052246,0.5,0.33870968222618103,0.5121951103210449
Race: White,756,0.6102732419967651,0.2757352888584137,0.5,0.35545024275779724,0.5514705777168274
Race: Black,756,0.7200000286102295,0.375,0.5,0.4285714328289032,0.75
Race: Other,756,0.6014358997344971,0.2678571343421936,0.5,0.3488371968269348,0.5357142686843872
Overall,757,0.5579578876495361,0.2866666615009308,0.5,0.3644067943096161,0.5733333230018616
Gender: Male,757,0.5860666036605835,0.2909604609012604,0.5,0.3678571283817291,0.5819209218025208
Gender: Female,757,0.523349404335022,0.2804878056049347,0.5,0.359375,0.5609756112098694
Age: <40,757,0.6623376607894897,0.30215826630592346,0.5,0.3766816258430481,0.6043165326118469
Age: 40-50,757,0.42460882663726807,0.24666666984558105,0.5,0.3303571343421936,0.4933333396911621
Age: 50-65,757,0.4952380657196045,0.29651162028312683,0.5,0.37226277589797974,0.5930232405662537
Race: White,757,0.6325396299362183,0.279720276594162,0.5,0.35874438285827637,0.559440553188324
Race: Black,757,0.4285714030265808,0.3499999940395355,0.5,0.4117647111415863,0.699999988079071
Race: Other,757,0.483268141746521,0.2846715450286865,0.5,0.36279070377349854,0.569343090057373
Overall,758,0.5721864104270935,0.30536913871765137,0.5,0.3791666626930237,0.6107382774353027
Gender: Male,758,0.5455607175827026,0.29888269305229187,0.5,0.3741258680820465,0.597765326499939
Gender: Female,758,0.6181818246841431,0.31512606143951416,0.5,0.3865979313850403,0.6302521228790283
Age: <40,758,0.6184210777282715,0.29230770468711853,0.5,0.3689320385456085,0.5846154093742371
Age: 40-50,758,0.5701013803482056,0.26811593770980835,0.5,0.349056601524353,0.5362318754196167
Age: 50-65,758,0.52173912525177,0.3484848439693451,0.5,0.4107142984867096,0.6969696879386902
Race: White,758,0.640702486038208,0.3076923191547394,0.5,0.380952388048172,0.615384578704834
Race: Black,758,0.4000000059604645,0.30000001192092896,0.5,0.375,0.5999999642372131
Race: Other,758,0.5363613367080688,0.303846150636673,0.5,0.3779904246330261,0.607692301273346
Overall,759,0.5165019035339355,0.2820945978164673,0.5,0.3606911301612854,0.5641891956329346
Gender: Male,759,0.5222791433334351,0.3038673996925354,0.5,0.37800687551498413,0.6077348589897156
Gender: Female,759,0.5235934257507324,0.24782608449459076,0.5,0.33139535784721375,0.49565213918685913
Age: <40,759,0.547619104385376,0.30215826630592346,0.5,0.3766816258430481,0.6043165326118469
Age: 40-50,759,0.5519713163375854,0.23134328424930573,0.5,0.3163265287876129,0.46268656849861145
Age: 50-65,759,0.43522265553474426,0.2888889014720917,0.5,0.3661971688270569,0.5777778029441833
Race: White,759,0.5779563188552856,0.2537878751754761,0.5,0.3366834223270416,0.5075757503509521
Race: Black,759,0.5187499523162842,0.3076923191547394,0.5,0.380952388048172,0.6153846383094788
Race: Other,759,0.4614197611808777,0.30434781312942505,0.5,0.37837839126586914,0.6086956858634949
Overall,760,0.5145248770713806,0.28333333134651184,0.5,0.3617021143436432,0.5666666626930237
Gender: Male,760,0.5612343549728394,0.29109588265419006,0.5,0.36796537041664124,0.5821917653083801
Gender: Female,760,0.4738277792930603,0.2759740352630615,0.5,0.35564854741096497,0.551948070526123
Age: <40,760,0.5535939931869507,0.28057554364204407,0.5,0.35944700241088867,0.5611510872840881
Age: 40-50,760,0.4504983425140381,0.2756410241127014,0.5,0.35537189245224,0.5512820482254028
Age: 50-65,760,0.4957982897758484,0.29518070816993713,0.5,0.3712121248245239,0.5903614163398743
Race: White,760,0.5717172026634216,0.3103448152542114,0.5,0.38297873735427856,0.6206896305084229
Race: Black,760,0.6190476417541504,0.30434781312942505,0.5,0.37837839126586914,0.6086956858634949
Race: Other,760,0.4593663811683655,0.25,0.5,0.3333333432674408,0.5
Overall,761,0.5604122877120972,0.2883959114551544,0.5,0.3658008575439453,0.5767917633056641
Gender: Male,761,0.5148484706878662,0.29573169350624084,0.5,0.37164750695228577,0.5914633870124817
Gender: Female,761,0.6094054579734802,0.27906978130340576,0.5,0.35820895433425903,0.5581395626068115
Age: <40,761,0.5920448303222656,0.29133859276771545,0.5,0.3681592047214508,0.5826771855354309
Age: 40-50,761,0.4818313717842102,0.2866666615009308,0.5,0.3644067943096161,0.5733333230018616
Age: 50-65,761,0.5705127716064453,0.2857142984867096,0.5,0.3636363744735718,0.5714285969734192
Race: White,761,0.6461411714553833,0.2957746386528015,0.5,0.37168142199516296,0.591549277305603
Race: Black,761,0.3737373650074005,0.22499999403953552,0.5,0.3103448152542114,0.45000001788139343
Race: Other,761,0.4851675033569336,0.290076345205307,0.5,0.3671497702598572,0.580152690410614
Overall,762,0.4894849359989166,0.29672130942344666,0.5,0.37242797017097473,0.5934426188468933
Gender: Male,762,0.4749799370765686,0.28857141733169556,0.5,0.3659420311450958,0.5771428346633911
Gender: Female,762,0.5112500190734863,0.3076923191547394,0.5,0.380952388048172,0.6153846383094788
Age: <40,762,0.5336467027664185,0.3233082592487335,0.5,0.39269405603408813,0.6466165781021118
Age: 40-50,762,0.37753379344940186,0.26811593770980835,0.5,0.349056601524353,0.5362318754196167
Age: 50-65,762,0.5080459117889404,0.28155338764190674,0.5,0.3602484464645386,0.5631067752838135
Race: White,762,0.5137931108474731,0.30405405163764954,0.5,0.3781512677669525,0.6081081032752991
Race: Black,762,0.7272727489471436,0.239130437374115,0.5,0.3235294222831726,0.47826087474823
Race: Other,762,0.427314817905426,0.2985074520111084,0.5,0.37383177876472473,0.5970149040222168
Overall,763,0.5179846286773682,0.2728813588619232,0.5,0.3530701696872711,0.5457627177238464
Gender: Male,763,0.5967742204666138,0.28911563754081726,0.5,0.3663793206214905,0.5782312750816345
Gender: Female,763,0.44535818696022034,0.2567567527294159,0.5,0.3392857015132904,0.5135135054588318
Age: <40,763,0.5240963697433472,0.27124184370040894,0.5,0.35169491171836853,0.5424836874008179
Age: 40-50,763,0.47983869910240173,0.2460317462682724,0.5,0.3297872245311737,0.4920635223388672
Age: 50-65,763,0.5458776950836182,0.297468364238739,0.5,0.3730158805847168,0.594936728477478
Race: White,763,0.6744686365127563,0.25819671154022217,0.5,0.3405405282974243,0.5163934230804443
Race: Black,763,0.7093424797058105,0.25,0.5,0.3333333432674408,0.5
Race: Other,763,0.35312896966934204,0.29136690497398376,0.5,0.36818182468414307,0.5827338099479675
Overall,764,0.5633945465087891,0.302325576543808,0.5,0.37681159377098083,0.604651153087616
Gender: Male,764,0.6275704503059387,0.3042168617248535,0.5,0.37827715277671814,0.608433723449707
Gender: Female,764,0.49474167823791504,0.30000001192092896,0.5,0.375,0.5999999642372131
Age: <40,764,0.5538606643676758,0.30201342701911926,0.5,0.3765690326690674,0.6040268540382385
Age: 40-50,764,0.5566802024841309,0.296875,0.5,0.37254902720451355,0.59375
Age: 50-65,764,0.5517429113388062,0.3068181872367859,0.5,0.3802816867828369,0.6136363744735718
Race: White,764,0.586821973323822,0.2751677930355072,0.5,0.3549783527851105,0.5503355860710144
Race: Black,764,0.6791666746139526,0.3125,0.5,0.38461539149284363,0.625
Race: Other,764,0.5106250047683716,0.3333333432674408,0.5,0.4000000059604645,0.6666666865348816
Overall,765,0.5018918514251709,0.28859061002731323,0.5,0.36595743894577026,0.5771812200546265
Gender: Male,765,0.5622667074203491,0.2857142984867096,0.5,0.3636363744735718,0.5714285373687744
Gender: Female,765,0.41503268480300903,0.2926829159259796,0.5,0.3692307770252228,0.5853658318519592
Age: <40,765,0.568845272064209,0.3057554066181183,0.5,0.3794642984867096,0.6115108132362366
Age: 40-50,765,0.43184882402420044,0.2532467544078827,0.5,0.3362068831920624,0.5064935088157654
Age: 50-65,765,0.4785539507865906,0.2926829159259796,0.5,0.3692307770252228,0.5853658318519592
Race: White,765,0.5118687152862549,0.28346458077430725,0.5,0.36180904507637024,0.5669291019439697
Race: Black,765,0.5864661931991577,0.28787878155708313,0.5,0.36538460850715637,0.575757622718811
Race: Other,765,0.49794235825538635,0.29347825050354004,0.5,0.36986300349235535,0.5869565606117249
Overall,766,0.5932810306549072,0.27013424038887024,0.5,0.3507625162601471,0.5402684807777405
Gender: Male,766,0.6021934151649475,0.2951388955116272,0.5,0.3711790442466736,0.5902777910232544
Gender: Female,766,0.5823211669921875,0.2467532455921173,0.5,0.33043476939201355,0.4935064911842346
Age: <40,766,0.6976316571235657,0.28014183044433594,0.5,0.3590908944606781,0.5602836608886719
Age: 40-50,766,0.4957911968231201,0.260869562625885,0.5,0.34285715222358704,0.52173912525177
Age: 50-65,766,0.4994823932647705,0.2613636255264282,0.5,0.34328359365463257,0.5227273106575012
Race: White,766,0.6654244661331177,0.24820144474506378,0.5,0.33173078298568726,0.49640288949012756
Race: Black,766,0.7727272510528564,0.260869562625885,0.5,0.34285715222358704,0.52173912525177
Race: Other,766,0.5138392448425293,0.29411765933036804,0.5,0.37037035822868347,0.5882353186607361
Overall,767,0.45477819442749023,0.2733564078807831,0.5,0.35346755385398865,0.5467128157615662
Gender: Male,767,0.5108422040939331,0.26875001192092896,0.5,0.34959349036216736,0.5375000238418579
Gender: Female,767,0.38499027490615845,0.27906978130340576,0.5,0.35820895433425903,0.5581395626068115
Age: <40,767,0.44795918464660645,0.2777777910232544,0.5,0.3571428656578064,0.5555555820465088
Age: 40-50,767,0.40844154357910156,0.27848100662231445,0.5,0.35772356390953064,0.5569620132446289
Age: 50-65,767,0.5249999761581421,0.261904776096344,0.5,0.34375,0.523809552192688
Race: White,767,0.49147123098373413,0.2723577320575714,0.5,0.3526315689086914,0.544715404510498
Race: Black,767,0.5824176073074341,0.32499998807907104,0.5,0.39393940567970276,0.6500000357627869
Race: Other,767,0.42496228218078613,0.267123281955719,0.5,0.3482142984867096,0.534246563911438
Overall,768,0.5492202639579773,0.29381442070007324,0.5,0.37012988328933716,0.5876289010047913
Gender: Male,768,0.5735554695129395,0.29738563299179077,0.5,0.37295082211494446,0.5947712659835815
Gender: Female,768,0.5228447914123535,0.28985506296157837,0.5,0.3669724762439728,0.5797101259231567
Age: <40,768,0.5649529695510864,0.27685949206352234,0.5,0.35638296604156494,0.5537189841270447
Age: 40-50,768,0.5323275923728943,0.31168830394744873,0.5,0.3840000033378601,0.6233766078948975
Age: 50-65,768,0.5641891956329346,0.301075279712677,0.5,0.3758389353752136,0.602150559425354
Race: White,768,0.6697587966918945,0.3055555522441864,0.5,0.37931033968925476,0.6111111640930176
Race: Black,768,0.46666663885116577,0.27941176295280457,0.5,0.35849055647850037,0.5588235259056091
Race: Other,768,0.47285711765289307,0.2862595319747925,0.5,0.3640776574611664,0.572519063949585
Overall,769,0.5849909782409668,0.2651006579399109,0.5,0.3464912176132202,0.5302013158798218
Gender: Male,769,0.5913715362548828,0.2645348906517029,0.5,0.3460076153278351,0.5290697813034058
Gender: Female,769,0.5780419707298279,0.2658730149269104,0.5,0.3471502661705017,0.5317460894584656
Age: <40,769,0.5948914289474487,0.2730769217014313,0.5,0.35323384404182434,0.5461538434028625
Age: 40-50,769,0.5153152942657471,0.2238806039094925,0.5,0.30927833914756775,0.4477611780166626
Age: 50-65,769,0.590510368347168,0.28217822313308716,0.5,0.3607594966888428,0.5643564462661743
Race: White,769,0.6292207837104797,0.25735294818878174,0.5,0.33980581164360046,0.5147058963775635
Race: Black,769,0.5555555820465088,0.2777777910232544,0.5,0.3571428656578064,0.5555555820465088
Race: Other,769,0.5585505962371826,0.27037036418914795,0.5,0.3509615361690521,0.5407407283782959
Overall,770,0.5673962831497192,0.284280925989151,0.5,0.36247333884239197,0.568561851978302
Gender: Male,770,0.571293294429779,0.31460675597190857,0.5,0.38620689511299133,0.6292135119438171
Gender: Female,770,0.5561028718948364,0.23966942727565765,0.5,0.3240223526954651,0.4793388247489929
Age: <40,770,0.6300773620605469,0.29374998807907104,0.5,0.3700787425041199,0.5875000357627869
Age: 40-50,770,0.5975422263145447,0.29807692766189575,0.5,0.3734939694404602,0.5961538553237915
Age: 50-65,770,0.44814813137054443,0.2586206793785095,0.5,0.34090909361839294,0.517241358757019
Race: White,770,0.629416823387146,0.29136690497398376,0.5,0.36818182468414307,0.5827338099479675
Race: Black,770,0.5606060028076172,0.3103448152542114,0.5,0.38297873735427856,0.6206896305084229
Race: Other,770,0.5255868434906006,0.27099236845970154,0.5,0.35148516297340393,0.5419847369194031
Overall,771,0.5390413999557495,0.2786885201931,0.5,0.35789474844932556,0.5573770403862
Gender: Male,771,0.6033862829208374,0.28484848141670227,0.5,0.3629343509674072,0.5696969628334045
Gender: Female,771,0.4607319235801697,0.27142858505249023,0.5,0.35185185074806213,0.5428571701049805
Age: <40,771,0.587172269821167,0.27483442425727844,0.5,0.35470086336135864,0.5496688485145569
Age: 40-50,771,0.36047983169555664,0.29629629850387573,0.5,0.3720930218696594,0.5925925970077515
Age: 50-65,771,0.6244343519210815,0.267123281955719,0.5,0.3482142984867096,0.534246563911438
Race: White,771,0.6140079498291016,0.27037036418914795,0.5,0.3509615361690521,0.5407407283782959
Race: Black,771,0.4802631735801697,0.35185185074806213,0.5,0.41304346919059753,0.7037037014961243
Race: Other,771,0.48619329929351807,0.27272728085517883,0.5,0.3529411852359772,0.5454545617103577
Overall,772,0.5287997722625732,0.28253424167633057,0.5,0.3610503375530243,0.5650684833526611
Gender: Male,772,0.5659153461456299,0.25465837121009827,0.5,0.3374485671520233,0.5093168020248413
Gender: Female,772,0.514809250831604,0.31679388880729675,0.5,0.38785046339035034,0.6335877776145935
Age: <40,772,0.5528273582458496,0.28125,0.5,0.36000001430511475,0.5625
Age: 40-50,772,0.5610947608947754,0.2578125,0.5,0.34020617604255676,0.515625
Age: 50-65,772,0.49000000953674316,0.30000001192092896,0.5,0.375,0.5999999642372131
Race: White,772,0.5347852110862732,0.25217390060424805,0.5,0.3352601230144501,0.5043478012084961
Race: Black,772,0.49444445967674255,0.3448275923728943,0.5,0.40816327929496765,0.6896551847457886
Race: Other,772,0.5336347818374634,0.2939189076423645,0.5,0.37021276354789734,0.5878378748893738
Overall,773,0.5166382789611816,0.27986347675323486,0.5,0.35886213183403015,0.5597269535064697
Gender: Male,773,0.48108747601509094,0.29936304688453674,0.5,0.3745020031929016,0.5987261533737183
Gender: Female,773,0.5432900190353394,0.25735294818878174,0.5,0.33980581164360046,0.5147058963775635
Age: <40,773,0.5177595615386963,0.27067670226097107,0.5,0.35121950507164,0.5413534045219421
Age: 40-50,773,0.3930704593658447,0.26724138855934143,0.5,0.3483146131038666,0.5344827771186829
Age: 50-65,773,0.5697721242904663,0.29901960492134094,0.5,0.3742331266403198,0.5980392098426819
Race: White,773,0.6613965630531311,0.2782258093357086,0.5,0.3575129508972168,0.5564516186714172
Race: Black,773,0.39047616720199585,0.34090909361839294,0.5,0.4054054021835327,0.6818181872367859
Race: Other,773,0.4430970549583435,0.27210885286331177,0.5,0.35242289304733276,0.5442177057266235
Overall,774,0.5570918321609497,0.27441078424453735,0.5,0.354347825050354,0.5488215088844299
Gender: Male,774,0.5466834306716919,0.2705882489681244,0.5,0.35114502906799316,0.5411764979362488
Gender: Female,774,0.5779678225517273,0.27952754497528076,0.5,0.3585858643054962,0.5590550899505615
Age: <40,774,0.5832495093345642,0.27952754497528076,0.5,0.3585858643054962,0.5590550899505615
Age: 40-50,774,0.600835919380188,0.2661290466785431,0.5,0.34736841917037964,0.5322580337524414
Age: 50-65,774,0.5053614377975464,0.27314814925193787,0.5,0.35329341888427734,0.5462962985038757
Race: White,774,0.6237507462501526,0.28125,0.5,0.36000001430511475,0.5625
Race: Black,774,0.8285714387893677,0.29411765933036804,0.5,0.37037035822868347,0.5882353186607361
Race: Other,774,0.4741753339767456,0.2647058963775635,0.5,0.3461538553237915,0.529411792755127
Overall,775,0.5090961456298828,0.30236485600471497,0.5,0.37684211134910583,0.6047297716140747
Gender: Male,775,0.48436176776885986,0.2916666567325592,0.5,0.3684210479259491,0.5833333134651184
Gender: Female,775,0.5443618297576904,0.3142857253551483,0.5,0.38596490025520325,0.6285714507102966
Age: <40,775,0.5522662401199341,0.28014183044433594,0.5,0.3590908944606781,0.5602836608886719
Age: 40-50,775,0.37376725673675537,0.30000001192092896,0.5,0.375,0.6000000238418579
Age: 50-65,775,0.5630300045013428,0.33888888359069824,0.5,0.4039735198020935,0.6777777671813965
Race: White,775,0.5959876775741577,0.3076923191547394,0.5,0.380952388048172,0.6153846383094788
Race: Black,775,0.5333333015441895,0.2916666567325592,0.5,0.3684210479259491,0.5833333134651184
Race: Other,775,0.431660532951355,0.30069929361343384,0.5,0.375545859336853,0.6013985872268677
Overall,776,0.5286569595336914,0.2783333361148834,0.5,0.35760170221328735,0.5566666722297668
Gender: Male,776,0.5210871696472168,0.29754599928855896,0.5,0.3730769157409668,0.5950919985771179
Gender: Female,776,0.5298507213592529,0.2554744482040405,0.5,0.33816424012184143,0.510948896408081
Age: <40,776,0.5123456716537476,0.30434781312942505,0.5,0.37837839126586914,0.6086956858634949
Age: 40-50,776,0.47409579157829285,0.2421875,0.5,0.3263157904148102,0.484375
Age: 50-65,776,0.5773411393165588,0.26530611515045166,0.5,0.3466666638851166,0.5306122303009033
Race: White,776,0.5605038404464722,0.2888889014720917,0.5,0.3661971688270569,0.5777777433395386
Race: Black,776,0.6363636255264282,0.2199999988079071,0.5,0.3055555522441864,0.4399999976158142
Race: Other,776,0.4770471453666687,0.2785714268684387,0.5,0.35779815912246704,0.5571428537368774
Overall,777,0.5373313426971436,0.28947368264198303,0.5,0.36666667461395264,0.5789473652839661
Gender: Male,777,0.549392580986023,0.2874999940395355,0.5,0.3650793731212616,0.574999988079071
Gender: Female,777,0.5301587581634521,0.2916666567325592,0.5,0.3684210479259491,0.5833333134651184
Age: <40,777,0.572359561920166,0.3201438784599304,0.5,0.390350878238678,0.6402877569198608
Age: 40-50,777,0.36752134561538696,0.20454545319080353,0.5,0.29032257199287415,0.40909093618392944
Age: 50-65,777,0.581623911857605,0.3030303120613098,0.5,0.37735849618911743,0.6060606241226196
Race: White,777,0.5373622179031372,0.28014183044433594,0.5,0.3590908944606781,0.5602836608886719
Race: Black,777,0.6142857074737549,0.37037035822868347,0.5,0.42553192377090454,0.7407407760620117
Race: Other,777,0.5538190603256226,0.28308823704719543,0.5,0.36150234937667847,0.5661764740943909
Overall,778,0.5419666767120361,0.30536913871765137,0.5,0.3791666626930237,0.6107382774353027
Gender: Male,778,0.535484790802002,0.29597702622413635,0.5,0.371841162443161,0.5919539928436279
Gender: Female,778,0.5558368563652039,0.31854838132858276,0.5,0.3891625702381134,0.6370967626571655
Age: <40,778,0.6174135208129883,0.3385826647281647,0.5,0.40375587344169617,0.6771653294563293
Age: 40-50,778,0.3961952030658722,0.2785714268684387,0.5,0.35779815912246704,0.5571428537368774
Age: 50-65,778,0.5625996589660645,0.28217822313308716,0.5,0.3607594966888428,0.5643564462661743
Race: White,778,0.6711938381195068,0.3007246255874634,0.5,0.37556561827659607,0.6014493107795715
Race: Black,778,0.6428571343421936,0.25925925374031067,0.5,0.3414634168148041,0.5185185074806213
Race: Other,778,0.39803922176361084,0.3195488750934601,0.5,0.3899082541465759,0.6390977501869202
Overall,779,0.49044525623321533,0.2857142984867096,0.5,0.3636363744735718,0.5714285373687744
Gender: Male,779,0.5229095220565796,0.2869822382926941,0.5,0.36466166377067566,0.5739644765853882
Gender: Female,779,0.46222221851348877,0.28409090638160706,0.5,0.36231884360313416,0.5681818127632141
Age: <40,779,0.5197092294692993,0.2991803288459778,0.5,0.37435898184776306,0.5983605980873108
Age: 40-50,779,0.5019736289978027,0.25641027092933655,0.5,0.33898305892944336,0.5128205418586731
Age: 50-65,779,0.4552058279514313,0.29207921028137207,0.5,0.3687500059604645,0.5841584205627441
Race: White,779,0.5910701751708984,0.27483442425727844,0.5,0.35470086336135864,0.5496688485145569
Race: Black,779,0.5125000476837158,0.3076923191547394,0.5,0.380952388048172,0.6153846383094788
Race: Other,779,0.37657803297042847,0.2943548262119293,0.5,0.37055838108062744,0.5887096524238586
Overall,780,0.5397040843963623,0.3026755750179291,0.5,0.37708333134651184,0.6053511500358582
Gender: Male,780,0.5201241970062256,0.31081080436706543,0.5,0.38333332538604736,0.6216216087341309
Gender: Female,780,0.5751262903213501,0.28947368264198303,0.5,0.36666667461395264,0.5789473652839661
Age: <40,780,0.518608808517456,0.27407407760620117,0.5,0.35406699776649475,0.5481481552124023
Age: 40-50,780,0.5678571462631226,0.32786884903907776,0.5,0.39603960514068604,0.6557376384735107
Age: 50-65,780,0.5717247128486633,0.3252427279949188,0.5,0.39411765336990356,0.6504854559898376
Race: White,780,0.506903350353241,0.30000001192092896,0.5,0.375,0.6000000238418579
Race: Black,780,0.6649999618530273,0.3333333432674408,0.5,0.4000000059604645,0.6666666865348816
Race: Other,780,0.5690619945526123,0.298561155796051,0.5,0.37387385964393616,0.597122311592102
Overall,781,0.5398257970809937,0.28807947039604187,0.5,0.36554622650146484,0.5761589407920837
Gender: Male,781,0.567147433757782,0.2981366515159607,0.5,0.37354084849357605,0.5962733030319214
Gender: Female,781,0.5026454925537109,0.27659574151039124,0.5,0.3561643958091736,0.5531914830207825
Age: <40,781,0.6715190410614014,0.2841726541519165,0.5,0.3623853325843811,0.568345308303833
Age: 40-50,781,0.40238094329833984,0.2535211145877838,0.5,0.336448609828949,0.5070422291755676
Age: 50-65,781,0.43656909465789795,0.32065218687057495,0.5,0.3907284736633301,0.6413043737411499
Race: White,781,0.6782641410827637,0.27551019191741943,0.5,0.3552631437778473,0.5510203838348389
Race: Black,781,0.47058823704719543,0.3035714328289032,0.5,0.3777777850627899,0.6071428656578064
Race: Other,781,0.413312703371048,0.29921260476112366,0.5,0.37438422441482544,0.5984252095222473
Overall,782,0.49619460105895996,0.2969798743724823,0.5,0.37263157963752747,0.5939597487449646
Gender: Male,782,0.4847058653831482,0.2976190447807312,0.5,0.3731343150138855,0.5952380895614624
Gender: Female,782,0.5258514881134033,0.29615384340286255,0.5,0.3719806671142578,0.5923076868057251
Age: <40,782,0.48953890800476074,0.3027210831642151,0.5,0.37711864709854126,0.6054421663284302
Age: 40-50,782,0.4212121069431305,0.261904776096344,0.5,0.34375,0.523809552192688
Age: 50-65,782,0.5614324808120728,0.3125,0.5,0.38461539149284363,0.625
Race: White,782,0.5911409854888916,0.32116788625717163,0.5,0.3911111056804657,0.6423357725143433
Race: Black,782,0.39560437202453613,0.32499998807907104,0.5,0.39393940567970276,0.6500000357627869
Race: Other,782,0.4633603096008301,0.26950353384017944,0.5,0.3502304255962372,0.5390070676803589
Overall,783,0.5493485927581787,0.2916666567325592,0.5,0.3684210479259491,0.5833333730697632
Gender: Male,783,0.6037966012954712,0.28431373834609985,0.5,0.36250001192092896,0.5686274766921997
Gender: Female,783,0.4971109628677368,0.29931971430778503,0.5,0.3744680881500244,0.5986394286155701
Age: <40,783,0.5858070850372314,0.32116788625717163,0.5,0.3911111056804657,0.6423357725143433
Age: 40-50,783,0.42405766248703003,0.25882354378700256,0.5,0.341085284948349,0.5176470875740051
Age: 50-65,783,0.6398670673370361,0.2756410241127014,0.5,0.35537189245224,0.5512820482254028
Race: White,783,0.64585280418396,0.280303031206131,0.5,0.35922330617904663,0.560606062412262
Race: Black,783,0.6529412269592285,0.31481480598449707,0.5,0.3863636255264282,0.6296296119689941
Race: Other,783,0.46010857820510864,0.2978723347187042,0.5,0.3733333349227905,0.5957446694374084
Overall,784,0.5371702909469604,0.27361562848091125,0.5,0.3536842167377472,0.5472312569618225
Gender: Male,784,0.5858482122421265,0.2759740352630615,0.5,0.35564854741096497,0.551948070526123
Gender: Female,784,0.4925989508628845,0.27124184370040894,0.5,0.35169491171836853,0.5424836874008179
Age: <40,784,0.5373467206954956,0.28437501192092896,0.5,0.3625498116016388,0.5687500238418579
Age: 40-50,784,0.5390475988388062,0.23076923191547394,0.5,0.31578946113586426,0.4615384638309479
Age: 50-65,784,0.5331307649612427,0.28658536076545715,0.5,0.3643410801887512,0.5731707215309143
Race: White,784,0.6246752738952637,0.25735294818878174,0.5,0.33980581164360046,0.5147058963775635
Race: Black,784,0.5227272510528564,0.29629629850387573,0.5,0.3720930218696594,0.5925925970077515
Race: Other,784,0.4586939215660095,0.2847222089767456,0.5,0.36283186078071594,0.569444477558136
Overall,785,0.4670528173446655,0.2804054021835327,0.5,0.35930734872817993,0.5608108043670654
Gender: Male,785,0.4738841652870178,0.29032257199287415,0.5,0.36734694242477417,0.5806451439857483
Gender: Female,785,0.45192307233810425,0.26363635063171387,0.5,0.3452380895614624,0.5272727012634277
Age: <40,785,0.5039653778076172,0.2807692289352417,0.5,0.35960590839385986,0.5615384578704834
Age: 40-50,785,0.38433292508125305,0.26543208956718445,0.5,0.3467741906642914,0.5308641791343689
Age: 50-65,785,0.486857146024704,0.29411765933036804,0.5,0.37037035822868347,0.5882353186607361
Race: White,785,0.5302982330322266,0.2850877046585083,0.5,0.3631284832954407,0.5701754689216614
Race: Black,785,0.48076921701431274,0.27586206793785095,0.5,0.35555556416511536,0.5517241358757019
Race: Other,785,0.4394463300704956,0.2777777910232544,0.5,0.3571428656578064,0.5555555820465088
Overall,786,0.5388697385787964,0.284246563911438,0.5,0.3624454140663147,0.568493127822876
Gender: Male,786,0.563369631767273,0.2668711543083191,0.5,0.3479999899864197,0.5337423086166382
Gender: Female,786,0.5222784876823425,0.3062015473842621,0.5,0.3798076808452606,0.6124030947685242
Age: <40,786,0.5865384340286255,0.28333333134651184,0.5,0.3617021143436432,0.5666667222976685
Age: 40-50,786,0.4791666865348816,0.2750000059604645,0.5,0.35483869910240173,0.550000011920929
Age: 50-65,786,0.515107274055481,0.29347825050354004,0.5,0.36986300349235535,0.5869565606117249
Race: White,786,0.5943396091461182,0.2945736348628998,0.5,0.3707317113876343,0.5891472697257996
Race: Black,786,0.6916667222976685,0.22727273404598236,0.5,0.3125,0.4545454680919647
Race: Other,786,0.47295081615448,0.283687949180603,0.5,0.36199095845222473,0.567375898361206
Overall,787,0.5683205127716064,0.27040815353393555,0.5,0.3509933650493622,0.5408163070678711
Gender: Male,787,0.6157985925674438,0.2631579041481018,0.5,0.3448275923728943,0.5263158082962036
Gender: Female,787,0.5296363234519958,0.27816900610923767,0.5,0.35746607184410095,0.5563380122184753
Age: <40,787,0.6576441526412964,0.27559053897857666,0.5,0.3553299605846405,0.5511810779571533
Age: 40-50,787,0.4464464783668518,0.2890625,0.5,0.3663366436958313,0.578125
Age: 50-65,787,0.5301659107208252,0.25242719054222107,0.5,0.3354838788509369,0.5048543810844421
Race: White,787,0.5751633644104004,0.25954198837280273,0.5,0.34170854091644287,0.5190839767456055
Race: Black,787,0.5892857313156128,0.3181818127632141,0.5,0.3888888955116272,0.6363636255264282
Race: Other,787,0.5627028942108154,0.27304965257644653,0.5,0.35321101546287537,0.5460992455482483
Overall,788,0.5126913189888,0.3112582862377167,0.5,0.38367345929145813,0.6225165724754333
Gender: Male,788,0.5292804837226868,0.31111112236976624,0.5,0.3835616409778595,0.6222222447395325
Gender: Female,788,0.4939931035041809,0.31147539615631104,0.5,0.38383838534355164,0.6229507923126221
Age: <40,788,0.5731778144836426,0.29411765933036804,0.5,0.37037035822868347,0.5882353186607361
Age: 40-50,788,0.4260355234146118,0.25,0.5,0.3333333432674408,0.5
Age: 50-65,788,0.43963000178337097,0.3761904835700989,0.5,0.42934781312942505,0.7523809671401978
Race: White,788,0.5723925232887268,0.3074324429035187,0.5,0.38075312972068787,0.6148648858070374
Race: Black,788,0.5833333134651184,0.4615384638309479,0.5,0.47999998927116394,0.9230769872665405
Race: Other,788,0.4783613383769989,0.3014184534549713,0.5,0.3761062026023865,0.6028368473052979
Overall,789,0.49087679386138916,0.30169492959976196,0.5,0.37632134556770325,0.6033897995948792
Gender: Male,789,0.5151666402816772,0.3125,0.5,0.38461539149284363,0.625
Gender: Female,789,0.46311289072036743,0.2888889014720917,0.5,0.3661971688270569,0.5777777433395386
Age: <40,789,0.5848889350891113,0.3214285671710968,0.5,0.3913043439388275,0.6428571343421936
Age: 40-50,789,0.44285714626312256,0.25362318754196167,0.5,0.3365384638309479,0.5072463750839233
Age: 50-65,789,0.38421952724456787,0.30813953280448914,0.5,0.38129496574401855,0.6162790656089783
Race: White,789,0.56192547082901,0.2977099120616913,0.5,0.3732057511806488,0.5954198241233826
Race: Black,789,0.5,0.2777777910232544,0.5,0.3571428656578064,0.5555555820465088
Race: Other,789,0.42126697301864624,0.3102189898490906,0.5,0.38288289308547974,0.6204379796981812
Overall,790,0.4784226417541504,0.28378379344940186,0.5,0.36206895112991333,0.5675675868988037
Gender: Male,790,0.520380437374115,0.29487180709838867,0.5,0.3709677457809448,0.5897436141967773
Gender: Female,790,0.42249178886413574,0.27142858505249023,0.5,0.35185185074806213,0.5428571701049805
Age: <40,790,0.4798237681388855,0.28947368264198303,0.5,0.36666667461395264,0.5789473652839661
Age: 40-50,790,0.4472537338733673,0.2720588147640228,0.5,0.3523809611797333,0.5441176295280457
Age: 50-65,790,0.5085817575454712,0.28421053290367126,0.5,0.3624161183834076,0.5684210658073425
Race: White,790,0.6030107736587524,0.2737226188182831,0.5,0.3537735939025879,0.5474452376365662
Race: Black,790,0.40909087657928467,0.3513513505458832,0.5,0.4126984179019928,0.7027027010917664
Race: Other,790,0.39701491594314575,0.2745901644229889,0.5,0.35449734330177307,0.549180269241333
Overall,791,0.5364047288894653,0.2970297038555145,0.5,0.3726707994937897,0.594059407711029
Gender: Male,791,0.5232974886894226,0.3074534237384796,0.5,0.3807692229747772,0.6149068474769592
Gender: Female,791,0.5502934455871582,0.2852112650871277,0.5,0.3632287085056305,0.5704225301742554
Age: <40,791,0.5419048070907593,0.31343284249305725,0.5,0.38532111048698425,0.6268656849861145
Age: 40-50,791,0.5301132798194885,0.2621951103210449,0.5,0.3440000116825104,0.5243902206420898
Age: 50-65,791,0.5382907390594482,0.3045977056026459,0.5,0.37857142090797424,0.6091954112052917
Race: White,791,0.6142489910125732,0.2949640154838562,0.5,0.3710407316684723,0.5899280905723572
Race: Black,791,0.5274724960327148,0.24074074625968933,0.5,0.32499998807907104,0.48148149251937866
Race: Other,791,0.44977372884750366,0.3102189898490906,0.5,0.38288289308547974,0.6204379796981812
Overall,792,0.5075623989105225,0.2896551787853241,0.5,0.36681222915649414,0.5793103575706482
Gender: Male,792,0.48855966329574585,0.25961539149284363,0.5,0.3417721390724182,0.5192307829856873
Gender: Female,792,0.5607727766036987,0.3246268630027771,0.5,0.3936651647090912,0.6492537260055542
Age: <40,792,0.5138888955116272,0.2711864411830902,0.5,0.35164836049079895,0.5423728823661804
Age: 40-50,792,0.6034798622131348,0.30882352590560913,0.5,0.38181817531585693,0.6176470518112183
Age: 50-65,792,0.4581413269042969,0.29807692766189575,0.5,0.3734939694404602,0.5961538553237915
Race: White,792,0.5949152708053589,0.27131783962249756,0.5,0.35175880789756775,0.5426356792449951
Race: Black,792,0.4055555462837219,0.3214285671710968,0.5,0.3913043439388275,0.6428571939468384
Race: Other,792,0.46014150977134705,0.30075186491012573,0.5,0.3755868673324585,0.6015037894248962
Overall,793,0.4962150454521179,0.2785467207431793,0.5,0.35777777433395386,0.5570934414863586
Gender: Male,793,0.4383373558521271,0.2679738700389862,0.5,0.34893617033958435,0.5359477400779724
Gender: Female,793,0.5673995018005371,0.2904411852359772,0.5,0.367441862821579,0.5808823704719543
Age: <40,793,0.5059751272201538,0.2738095223903656,0.5,0.35384616255760193,0.547619104385376
Age: 40-50,793,0.546002984046936,0.267123281955719,0.5,0.3482142984867096,0.534246563911438
Age: 50-65,793,0.43396225571632385,0.2944444417953491,0.5,0.37062937021255493,0.5888888835906982
Race: White,793,0.5240476131439209,0.26923078298568726,0.5,0.3499999940395355,0.5384615659713745
Race: Black,793,0.5416666269302368,0.3461538553237915,0.5,0.40909090638160706,0.692307710647583
Race: Other,793,0.4936073422431946,0.2744360864162445,0.5,0.3543689250946045,0.548872172832489
Overall,794,0.4622390568256378,0.3050000071525574,0.5,0.3788819909095764,0.6100000143051147
Gender: Male,794,0.43044131994247437,0.31562501192092896,0.5,0.38697317242622375,0.6312500238418579
Gender: Female,794,0.49537426233291626,0.2928571403026581,0.5,0.36936935782432556,0.5857142806053162
Age: <40,794,0.4725012183189392,0.308270663022995,0.5,0.3813953399658203,0.6165413856506348
Age: 40-50,794,0.31918656826019287,0.2867647111415863,0.5,0.3644859790802002,0.5735294222831726
Age: 50-65,794,0.5387969017028809,0.31313130259513855,0.5,0.38509318232536316,0.6262626051902771
Race: White,794,0.4820512533187866,0.3013245165348053,0.5,0.37603306770324707,0.6026490330696106
Race: Black,794,0.5486111044883728,0.3461538553237915,0.5,0.40909090638160706,0.692307710647583
Race: Other,794,0.44098180532455444,0.3008130192756653,0.5,0.3756345212459564,0.6016259789466858
Overall,795,0.4880351424217224,0.27704918384552,0.5,0.35654008388519287,0.55409836769104
Gender: Male,795,0.5425472259521484,0.26923078298568726,0.5,0.3499999940395355,0.5384615659713745
Gender: Female,795,0.41821396350860596,0.2867647111415863,0.5,0.3644859790802002,0.5735294222831726
Age: <40,795,0.462056964635849,0.26838234066963196,0.5,0.34928229451179504,0.5367646813392639
Age: 40-50,795,0.5335752964019775,0.28358209133148193,0.5,0.3619047701358795,0.5671641826629639
Age: 50-65,795,0.4815830588340759,0.28431373834609985,0.5,0.36250001192092896,0.5686274766921997
Race: White,795,0.5593607425689697,0.28740158677101135,0.5,0.36500000953674316,0.5748031735420227
Race: Black,795,0.6547619104385376,0.23076923191547394,0.5,0.31578946113586426,0.46153849363327026
Race: Other,795,0.40808820724487305,0.2763157784938812,0.5,0.35593220591545105,0.5526315569877625
Overall,796,0.6029844284057617,0.2777777910232544,0.5,0.3571428656578064,0.555555522441864
Gender: Male,796,0.6050344705581665,0.28484848141670227,0.5,0.3629343509674072,0.5696969628334045
Gender: Female,796,0.6088663339614868,0.26893940567970276,0.5,0.3497537076473236,0.5378788113594055
Age: <40,796,0.6483416557312012,0.26691728830337524,0.5,0.3480392098426819,0.5338345766067505
Age: 40-50,796,0.5967479944229126,0.2887323796749115,0.5,0.3660714328289032,0.577464759349823
Age: 50-65,796,0.5448113679885864,0.2849462330341339,0.5,0.36301368474960327,0.5698924660682678
Race: White,796,0.6890969276428223,0.2658730149269104,0.5,0.3471502661705017,0.5317460894584656
Race: Black,796,0.576923131942749,0.27586206793785095,0.5,0.35555556416511536,0.5517241358757019
Race: Other,796,0.5394308567047119,0.2887323796749115,0.5,0.3660714328289032,0.577464759349823
Overall,797,0.5990175008773804,0.3033898174762726,0.5,0.37763711810112,0.6067796349525452
Gender: Male,797,0.5646994113922119,0.2933333218097687,0.5,0.36974790692329407,0.5866667032241821
Gender: Female,797,0.6479446887969971,0.3137930929660797,0.5,0.3855932056903839,0.6275861859321594
Age: <40,797,0.6932077407836914,0.3016528785228729,0.5,0.37628865242004395,0.6033057570457458
Age: 40-50,797,0.5037037134170532,0.2985074520111084,0.5,0.37383177876472473,0.5970149040222168
Age: 50-65,797,0.550997793674469,0.30841121077537537,0.5,0.3815028965473175,0.6168224215507507
Race: White,797,0.704402506351471,0.2879999876022339,0.5,0.36548224091529846,0.5760000348091125
Race: Black,797,0.6173469424247742,0.25,0.5,0.3333333432674408,0.5
Race: Other,797,0.5163484811782837,0.3274647891521454,0.5,0.3957446813583374,0.6549295783042908
Overall,798,0.5352550745010376,0.2820945978164673,0.5,0.3606911301612854,0.5641891956329346
Gender: Male,798,0.5186346173286438,0.28431373834609985,0.5,0.36250001192092896,0.5686274766921997
Gender: Female,798,0.5517857074737549,0.279720276594162,0.5,0.35874438285827637,0.559440553188324
Age: <40,798,0.540062665939331,0.2966666519641876,0.5,0.3723849356174469,0.59333336353302
Age: 40-50,798,0.42471593618392944,0.29629629850387573,0.5,0.3720930218696594,0.5925925970077515
Age: 50-65,798,0.6077505350112915,0.25,0.5,0.3333333432674408,0.5
Race: White,798,0.6490333080291748,0.30399999022483826,0.5,0.3781094551086426,0.6080000400543213
Race: Black,798,0.6777777671813965,0.2631579041481018,0.5,0.3448275923728943,0.5263158082962036
Race: Other,798,0.4482698440551758,0.26644736528396606,0.5,0.3476394712924957,0.5328947305679321
Overall,799,0.5663274526596069,0.2939189076423645,0.5,0.37021276354789734,0.5878378748893738
Gender: Male,799,0.5250219702720642,0.27960526943206787,0.5,0.3586497902870178,0.5592105388641357
Gender: Female,799,0.6108273267745972,0.3090277910232544,0.5,0.3819742500782013,0.6180555820465088
Age: <40,799,0.6323772668838501,0.3008130192756653,0.5,0.3756345212459564,0.6016259789466858
Age: 40-50,799,0.381280779838562,0.2734375,0.5,0.35353535413742065,0.546875
Age: 50-65,799,0.6066433191299438,0.29816514253616333,0.5,0.3735632300376892,0.5963302254676819
Race: White,799,0.6274763345718384,0.30714285373687744,0.5,0.38053098320961,0.6142857074737549
Race: Black,799,0.6399999856948853,0.25,0.5,0.3333333432674408,0.5
Race: Other,799,0.4918583631515503,0.289682537317276,0.5,0.3668341636657715,0.5793651342391968
Overall,800,0.4752139151096344,0.28378379344940186,0.5,0.36206895112991333,0.5675675868988037
Gender: Male,800,0.4919736981391907,0.28409090638160706,0.5,0.36231884360313416,0.5681818127632141
Gender: Female,800,0.4632353186607361,0.28333333134651184,0.5,0.3617021143436432,0.5666667222976685
Age: <40,800,0.5799053907394409,0.31018519401550293,0.5,0.38285714387893677,0.6203703880310059
Age: 40-50,800,0.33693692088127136,0.2238806039094925,0.5,0.30927833914756775,0.4477611780166626
Age: 50-65,800,0.45295774936676025,0.2933884263038635,0.5,0.3697916567325592,0.586776852607727
Race: White,800,0.5641274452209473,0.2862069010734558,0.5,0.36403509974479675,0.5724138021469116
Race: Black,800,0.38390088081359863,0.2638888955116272,0.5,0.34545454382896423,0.5277777910232544
Race: Other,800,0.3905380368232727,0.2869565188884735,0.5,0.36464089155197144,0.573913037776947
Overall,801,0.4958111643791199,0.3047945201396942,0.5,0.3787234127521515,0.6095890402793884
Gender: Male,801,0.46840405464172363,0.3218750059604645,0.5,0.3916349709033966,0.643750011920929
Gender: Female,801,0.5122807025909424,0.28409090638160706,0.5,0.36231884360313416,0.5681818127632141
Age: <40,801,0.5266436338424683,0.3125,0.5,0.38461539149284363,0.625
Age: 40-50,801,0.3467909097671509,0.32307693362236023,0.5,0.3925233781337738,0.6461538672447205
Age: 50-65,801,0.5617647171020508,0.28021979331970215,0.5,0.35915493965148926,0.5604395866394043
Race: White,801,0.6064007878303528,0.29924243688583374,0.5,0.3744075894355774,0.5984848737716675
Race: Black,801,0.45192307233810425,0.3095238208770752,0.5,0.38235294818878174,0.6190476417541504
Race: Other,801,0.4078543186187744,0.3093525171279907,0.5,0.3822222352027893,0.6187050342559814
Overall,802,0.5289313793182373,0.28282827138900757,0.5,0.3612903356552124,0.5656565427780151
Gender: Male,802,0.5045614242553711,0.27941176295280457,0.5,0.35849055647850037,0.5588235259056091
Gender: Female,802,0.5695078372955322,0.28740158677101135,0.5,0.36500000953674316,0.5748031735420227
Age: <40,802,0.6450704336166382,0.2933884263038635,0.5,0.3697916567325592,0.586776852607727
Age: 40-50,802,0.5261707901954651,0.2142857164144516,0.5,0.30000001192092896,0.4285714328289032
Age: 50-65,802,0.38526785373687744,0.3232323229312897,0.5,0.39263802766799927,0.6464646458625793
Race: White,802,0.637969970703125,0.2602739632129669,0.5,0.342342346906662,0.5205479264259338
Race: Black,802,0.3705882430076599,0.31481480598449707,0.5,0.3863636255264282,0.6296296119689941
Race: Other,802,0.43700680136680603,0.30241936445236206,0.5,0.37688443064689636,0.6048386693000793
Overall,803,0.524117648601532,0.28333333134651184,0.5,0.3617021143436432,0.5666666626930237
Gender: Male,803,0.5557823181152344,0.27272728085517883,0.5,0.3529411852359772,0.5454545617103577
Gender: Female,803,0.4908914566040039,0.2945205569267273,0.5,0.37068966031074524,0.5890411138534546
Age: <40,803,0.534815788269043,0.30656933784484863,0.5,0.38009050488471985,0.6131386756896973
Age: 40-50,803,0.5246211886405945,0.2461538463830948,0.5,0.3298968970775604,0.4923076927661896
Age: 50-65,803,0.4945286512374878,0.27551019191741943,0.5,0.3552631437778473,0.5510203838348389
Race: White,803,0.5843137502670288,0.234375,0.5,0.3191489279270172,0.46875
Race: Black,803,0.6347825527191162,0.3484848439693451,0.5,0.4107142984867096,0.696969747543335
Race: Other,803,0.47480106353759766,0.31294962763786316,0.5,0.3849557638168335,0.6258993148803711
Overall,804,0.4669458270072937,0.3006872832775116,0.5,0.3755364716053009,0.6013745665550232
Gender: Male,804,0.4792199730873108,0.2874999940395355,0.5,0.3650793731212616,0.574999988079071
Gender: Female,804,0.46310240030288696,0.31679388880729675,0.5,0.38785046339035034,0.6335877776145935
Age: <40,804,0.5204795598983765,0.3116438388824463,0.5,0.38396623730659485,0.6232876777648926
Age: 40-50,804,0.3709869384765625,0.25,0.5,0.3333333432674408,0.5
Age: 50-65,804,0.4420454502105713,0.31609195470809937,0.5,0.38732394576072693,0.6321839094161987
Race: White,804,0.5856236815452576,0.304964542388916,0.5,0.3788546323776245,0.609929084777832
Race: Black,804,0.4051281809806824,0.2678571343421936,0.5,0.3488371968269348,0.535714328289032
Race: Other,804,0.34403151273727417,0.30327868461608887,0.5,0.37755101919174194,0.6065573692321777
Overall,805,0.5138680934906006,0.30666667222976685,0.5,0.3801652789115906,0.6133333444595337
Gender: Male,805,0.5202809572219849,0.27960526943206787,0.5,0.3586497902870178,0.5592105388641357
Gender: Female,805,0.5079364776611328,0.33445945382118225,0.5,0.40080970525741577,0.6689189076423645
Age: <40,805,0.5480791330337524,0.30514705181121826,0.5,0.37899544835090637,0.6102941036224365
Age: 40-50,805,0.48726850748062134,0.2711864411830902,0.5,0.35164836049079895,0.5423728823661804
Age: 50-65,805,0.49355876445770264,0.3285714387893677,0.5,0.3965517282485962,0.6571428775787354
Race: White,805,0.53706294298172,0.29323309659957886,0.5,0.36966824531555176,0.5864661931991577
Race: Black,805,0.8472222089767456,0.18000000715255737,0.5,0.2647058963775635,0.35999998450279236
Race: Other,805,0.4215349555015564,0.3415493071079254,0.5,0.40585774183273315,0.683098554611206
Overall,806,0.541982889175415,0.28911563754081726,0.5,0.3663793206214905,0.5782312750816345
Gender: Male,806,0.5233752727508545,0.32098764181137085,0.5,0.3909774422645569,0.6419752836227417
Gender: Female,806,0.5280073285102844,0.25,0.5,0.3333333432674408,0.5
Age: <40,806,0.5998855829238892,0.2925170063972473,0.5,0.3690987229347229,0.5850340127944946
Age: 40-50,806,0.5268292427062988,0.31060606241226196,0.5,0.38317757844924927,0.6212121248245239
Age: 50-65,806,0.45287638902664185,0.26543208956718445,0.5,0.3467741906642914,0.5308641791343689
Race: White,806,0.6302107572555542,0.2671755850315094,0.5,0.34825870394706726,0.5343511700630188
Race: Black,806,0.79365074634552,0.36000001430511475,0.5,0.41860464215278625,0.7199999690055847
Race: Other,806,0.4549216032028198,0.2971014380455017,0.5,0.37272727489471436,0.5942029356956482
Overall,807,0.5819885730743408,0.2807309031486511,0.5,0.35957446694374084,0.5614618062973022
Gender: Male,807,0.5173755884170532,0.2827380895614624,0.5,0.3612167239189148,0.5654761791229248
Gender: Female,807,0.6596426963806152,0.27819550037384033,0.5,0.35748791694641113,0.5563910007476807
Age: <40,807,0.623869776725769,0.30859375,0.5,0.38164252042770386,0.6171875
Age: 40-50,807,0.4910394549369812,0.23275862634181976,0.5,0.3176470696926117,0.4655172526836395
Age: 50-65,807,0.5885225534439087,0.27391305565834045,0.5,0.35393258929252625,0.5478260517120361
Race: White,807,0.6728994846343994,0.27519381046295166,0.5,0.35499998927116394,0.5503876209259033
Race: Black,807,0.515625,0.2857142984867096,0.5,0.3636363744735718,0.5714285969734192
Race: Other,807,0.5257670879364014,0.2847222089767456,0.5,0.36283186078071594,0.569444477558136
Overall,808,0.48682278394699097,0.29900333285331726,0.5,0.3742203712463379,0.5980066061019897
Gender: Male,808,0.4573409855365753,0.3165680468082428,0.5,0.38768115639686584,0.6331360936164856
Gender: Female,808,0.5368005633354187,0.2765151560306549,0.5,0.356097549200058,0.5530303120613098
Age: <40,808,0.5227161645889282,0.3296296298503876,0.5,0.3973214328289032,0.6592592597007751
Age: 40-50,808,0.3794642686843872,0.26119402050971985,0.5,0.343137264251709,0.5223880410194397
Age: 50-65,808,0.49833884835243225,0.28282827138900757,0.5,0.3612903356552124,0.5656565427780151
Race: White,808,0.5052473545074463,0.30666667222976685,0.5,0.3801652789115906,0.6133333444595337
Race: Black,808,0.6333333253860474,0.3529411852359772,0.5,0.4137931168079376,0.7058823704719543
Race: Other,808,0.4691469669342041,0.28358209133148193,0.5,0.3619047701358795,0.5671641826629639
Overall,809,0.5871541500091553,0.3024055063724518,0.5,0.3768736720085144,0.6048110127449036
Gender: Male,809,0.5778923034667969,0.32119205594062805,0.5,0.3911290466785431,0.6423841118812561
Gender: Female,809,0.5899564027786255,0.28214284777641296,0.5,0.3607305884361267,0.5642856955528259
Age: <40,809,0.6691209077835083,0.3029197156429291,0.5,0.37727272510528564,0.6058394312858582
Age: 40-50,809,0.5474138259887695,0.28985506296157837,0.5,0.3669724762439728,0.5797101259231567
Age: 50-65,809,0.49351412057876587,0.3117647171020508,0.5,0.3840579688549042,0.6235294342041016
Race: White,809,0.6693505048751831,0.31889763474464417,0.5,0.38942307233810425,0.6377952694892883
Race: Black,809,0.625,0.3400000035762787,0.5,0.4047619104385376,0.6800000071525574
Race: Other,809,0.5491803288459778,0.28057554364204407,0.5,0.35944700241088867,0.5611510872840881
Overall,810,0.4924052953720093,0.2959866225719452,0.5,0.3718487322330475,0.5919732451438904
Gender: Male,810,0.5044230818748474,0.27586206793785095,0.5,0.35555556416511536,0.5517241358757019
Gender: Female,810,0.47639718651771545,0.3149350583553314,0.5,0.38645419478416443,0.6298701167106628
Age: <40,810,0.5213477611541748,0.3139534890651703,0.5,0.3857142925262451,0.6279069781303406
Age: 40-50,810,0.4112500250339508,0.25,0.5,0.3333333432674408,0.5
Age: 50-65,810,0.5336134433746338,0.31111112236976624,0.5,0.3835616409778595,0.6222222447395325
Race: White,810,0.5696470141410828,0.2964285612106323,0.5,0.37219730019569397,0.5928571224212646
Race: Black,810,0.6145833730697632,0.2857142984867096,0.5,0.3636363744735718,0.5714285969734192
Race: Other,810,0.4090469181537628,0.2977099120616913,0.5,0.3732057511806488,0.5954198241233826
Overall,811,0.5386943817138672,0.25945016741752625,0.5,0.3416289687156677,0.5189003348350525
Gender: Male,811,0.5388235449790955,0.25,0.5,0.3333333432674408,0.5
Gender: Female,811,0.5523415803909302,0.27272728085517883,0.5,0.3529411852359772,0.5454545021057129
Age: <40,811,0.575998067855835,0.24418604373931885,0.5,0.328125,0.4883720874786377
Age: 40-50,811,0.5082417726516724,0.29104477167129517,0.5,0.3679245412349701,0.5820895433425903
Age: 50-65,811,0.5159716606140137,0.25789472460746765,0.5,0.3402777910232544,0.5157895088195801
Race: White,811,0.6271634101867676,0.25193798542022705,0.5,0.3350515365600586,0.5038759708404541
Race: Black,811,0.6203007698059082,0.28787878155708313,0.5,0.36538460850715637,0.575757622718811
Race: Other,811,0.4617236256599426,0.25968992710113525,0.5,0.34183672070503235,0.5193798542022705
Overall,812,0.5772569179534912,0.3076923191547394,0.5,0.380952388048172,0.6153846383094788
Gender: Male,812,0.6110837459564209,0.31182795763015747,0.5,0.38410595059394836,0.6236559152603149
Gender: Female,812,0.5334210395812988,0.30158731341362,0.5,0.3762376308441162,0.60317462682724
Age: <40,812,0.585268497467041,0.33544304966926575,0.5,0.4015151560306549,0.6708860993385315
Age: 40-50,812,0.3991769552230835,0.2142857164144516,0.5,0.30000001192092896,0.4285714626312256
Age: 50-65,812,0.6885592937469482,0.3241758346557617,0.5,0.3933333456516266,0.6483516693115234
Race: White,812,0.640256404876709,0.29527559876441956,0.5,0.37128713726997375,0.5905511975288391
Race: Black,812,0.6428571939468384,0.31081080436706543,0.5,0.38333332538604736,0.6216216087341309
Race: Other,812,0.5313239097595215,0.3175675570964813,0.5,0.38842976093292236,0.6351351737976074
Overall,813,0.519952118396759,0.2859589159488678,0.5,0.363834410905838,0.5719178318977356
Gender: Male,813,0.4964538812637329,0.29374998807907104,0.5,0.3700787425041199,0.5875000357627869
Gender: Female,813,0.5312281847000122,0.2765151560306549,0.5,0.356097549200058,0.5530303120613098
Age: <40,813,0.5400547981262207,0.2887931168079376,0.5,0.36612021923065186,0.5775862336158752
Age: 40-50,813,0.5028570890426636,0.2666666805744171,0.5,0.3478260934352875,0.5333333611488342
Age: 50-65,813,0.4910569190979004,0.2970297038555145,0.5,0.3726707994937897,0.594059407711029
Race: White,813,0.6125422716140747,0.26811593770980835,0.5,0.349056601524353,0.5362318754196167
Race: Black,813,0.6071428060531616,0.3478260934352875,0.5,0.41025641560554504,0.695652186870575
Race: Other,813,0.4509379267692566,0.29389312863349915,0.5,0.3701923191547394,0.5877862572669983
Overall,814,0.47321024537086487,0.2890365421772003,0.5,0.3663157820701599,0.5780730843544006
Gender: Male,814,0.4087938070297241,0.3035714328289032,0.5,0.3777777850627899,0.6071428656578064
Gender: Female,814,0.5569217205047607,0.27067670226097107,0.5,0.35121950507164,0.5413534045219421
Age: <40,814,0.5729312896728516,0.2633587718009949,0.5,0.3449999988079071,0.5267175436019897
Age: 40-50,814,0.4447004795074463,0.26271185278892517,0.5,0.3444444537162781,0.5254237055778503
Age: 50-65,814,0.3962746262550354,0.3333333432674408,0.5,0.4000000059604645,0.6666666865348816
Race: White,814,0.6094831228256226,0.3137930929660797,0.5,0.3855932056903839,0.6275861859321594
Race: Black,814,0.5089285373687744,0.3478260934352875,0.5,0.41025641560554504,0.695652186870575
Race: Other,814,0.3842152953147888,0.2518796920776367,0.5,0.33500000834465027,0.5037593841552734
Overall,815,0.5747060775756836,0.27062705159187317,0.5,0.35117772221565247,0.5412541627883911
Gender: Male,815,0.5621108412742615,0.2732919156551361,0.5,0.3534136414527893,0.546583890914917
Gender: Female,815,0.5895135402679443,0.26760563254356384,0.5,0.3486238420009613,0.5352112650871277
Age: <40,815,0.6718995571136475,0.30708661675453186,0.5,0.3804877996444702,0.6141732335090637
Age: 40-50,815,0.4417989253997803,0.23076923191547394,0.5,0.31578946113586426,0.4615384638309479
Age: 50-65,815,0.512499988079071,0.2551020383834839,0.5,0.3378378450870514,0.5102040767669678
Race: White,815,0.5988324880599976,0.24468085169792175,0.5,0.3285714387893677,0.4893616735935211
Race: Black,815,0.3392857015132904,0.3478260934352875,0.5,0.41025641560554504,0.695652186870575
Race: Other,815,0.5864979028701782,0.2841726541519165,0.5,0.3623853325843811,0.568345308303833
Overall,816,0.48355722427368164,0.2775862216949463,0.5,0.3569844663143158,0.5551723837852478
Gender: Male,816,0.4665275812149048,0.26644736528396606,0.5,0.3476394712924957,0.5328947305679321
Gender: Female,816,0.5081896781921387,0.28985506296157837,0.5,0.3669724762439728,0.5797101259231567
Age: <40,816,0.5230104327201843,0.2738095223903656,0.5,0.35384616255760193,0.547619104385376
Age: 40-50,816,0.2991071343421936,0.26923078298568726,0.5,0.3499999940395355,0.5384615659713745
Age: 50-65,816,0.525390625,0.2857142984867096,0.5,0.3636363744735718,0.5714285969734192
Race: White,816,0.5840598344802856,0.28515625,0.5,0.3631840944290161,0.5703125
Race: Black,816,0.5179487466812134,0.2678571343421936,0.5,0.3488371968269348,0.535714328289032
Race: Other,816,0.38423535227775574,0.2723880708217621,0.5,0.3526569902896881,0.5447760820388794
Overall,817,0.5787228345870972,0.2892976701259613,0.5,0.36652541160583496,0.5785953402519226
Gender: Male,817,0.5597507953643799,0.2933333218097687,0.5,0.36974790692329407,0.5866667032241821
Gender: Female,817,0.5928308963775635,0.28523489832878113,0.5,0.3632478713989258,0.5704697966575623
Age: <40,817,0.6370192170143127,0.3030303120613098,0.5,0.37735849618911743,0.6060606241226196
Age: 40-50,817,0.5390475988388062,0.26923078298568726,0.5,0.3499999940395355,0.5384615659713745
Age: 50-65,817,0.5356583595275879,0.28431373834609985,0.5,0.36250001192092896,0.5686274766921997
Race: White,817,0.6508239507675171,0.29924243688583374,0.5,0.3744075894355774,0.5984848737716675
Race: Black,817,0.5989011526107788,0.25925925374031067,0.5,0.3414634168148041,0.5185185074806213
Race: Other,817,0.518958330154419,0.2857142984867096,0.5,0.3636363744735718,0.5714285969734192
Overall,818,0.5462605357170105,0.2908496856689453,0.5,0.3677685856819153,0.5816993713378906
Gender: Male,818,0.4852501153945923,0.2698863744735718,0.5,0.3505535125732422,0.5397727489471436
Gender: Female,818,0.6531658172607422,0.3192307651042938,0.5,0.38967135548591614,0.6384615302085876
Age: <40,818,0.6742081642150879,0.3427419364452362,0.5,0.4066985547542572,0.6854838728904724
Age: 40-50,818,0.45394736528396606,0.22857142984867096,0.5,0.3137255012989044,0.4571428596973419
Age: 50-65,818,0.4792671203613281,0.2723214328289032,0.5,0.35260117053985596,0.5446428656578064
Race: White,818,0.5887179374694824,0.29032257199287415,0.5,0.36734694242477417,0.5806451439857483
Race: Black,818,0.6285714507102966,0.34090909361839294,0.5,0.4054054021835327,0.6818181872367859
Race: Other,818,0.4919275641441345,0.2829457223415375,0.5,0.36138615012168884,0.565891444683075
Overall,819,0.5569016933441162,0.2902684509754181,0.5,0.36730360984802246,0.5805369019508362
Gender: Male,819,0.5696969628334045,0.2884615361690521,0.5,0.3658536672592163,0.5769230723381042
Gender: Female,819,0.5462528467178345,0.2922535240650177,0.5,0.36888888478279114,0.5845070481300354
Age: <40,819,0.5336921811103821,0.26760563254356384,0.5,0.3486238420009613,0.5352112650871277
Age: 40-50,819,0.48494625091552734,0.24590164422988892,0.5,0.32967033982276917,0.49180325865745544
Age: 50-65,819,0.693496823310852,0.3526315689086914,0.5,0.4135802388191223,0.7052631974220276
Race: White,819,0.6528947353363037,0.30158731341362,0.5,0.3762376308441162,0.60317462682724
Race: Black,819,0.4513888955116272,0.3199999928474426,0.5,0.39024388790130615,0.6399999856948853
Race: Other,819,0.5016834735870361,0.27551019191741943,0.5,0.3552631437778473,0.5510203838348389
Overall,820,0.4987179636955261,0.281879186630249,0.5,0.3605150282382965,0.563758373260498
Gender: Male,820,0.5088027715682983,0.276729553937912,0.5,0.3562752902507782,0.553459107875824
Gender: Female,820,0.4822033643722534,0.28776979446411133,0.5,0.3652968108654022,0.5755395889282227
Age: <40,820,0.544683575630188,0.26838234066963196,0.5,0.34928229451179504,0.5367646813392639
Age: 40-50,820,0.42735040187835693,0.25999999046325684,0.5,0.34210526943206787,0.5200000405311584
Age: 50-65,820,0.48156678676605225,0.3218390941619873,0.5,0.3916083872318268,0.6436781883239746
Race: White,820,0.6448801755905151,0.2926829159259796,0.5,0.3692307770252228,0.5853658318519592
Race: Black,820,0.5520833730697632,0.30000001192092896,0.5,0.375,0.6000000238418579
Race: Other,820,0.40509724617004395,0.2709677517414093,0.5,0.3514644205570221,0.5419355034828186
Overall,821,0.5262002944946289,0.27272728085517883,0.5,0.3529411852359772,0.5454545617103577
Gender: Male,821,0.5310196876525879,0.2716049253940582,0.5,0.35199999809265137,0.5432099103927612
Gender: Female,821,0.5243686437606812,0.27407407760620117,0.5,0.35406699776649475,0.5481481552124023
Age: <40,821,0.6263338327407837,0.28082191944122314,0.5,0.359649121761322,0.5616438388824463
Age: 40-50,821,0.40347492694854736,0.2846153974533081,0.5,0.36274510622024536,0.5692307949066162
Age: 50-65,821,0.4337479770183563,0.25,0.5,0.3333333432674408,0.5
Race: White,821,0.5625,0.24285714328289032,0.5,0.32692307233810425,0.48571428656578064
Race: Black,821,0.7654321193695068,0.25,0.5,0.3333333432674408,0.5
Race: Other,821,0.45686274766921997,0.3057554066181183,0.5,0.3794642984867096,0.6115108132362366
Overall,822,0.5228562355041504,0.2753378450870514,0.5,0.35511982440948486,0.5506756901741028
Gender: Male,822,0.5888468623161316,0.2857142984867096,0.5,0.3636363744735718,0.5714285969734192
Gender: Female,822,0.44454225897789,0.2629629671573639,0.5,0.3446601927280426,0.5259259343147278
Age: <40,822,0.5400866270065308,0.288617879152298,0.5,0.3659793734550476,0.577235758304596
Age: 40-50,822,0.35958486795425415,0.25925925374031067,0.5,0.3414634168148041,0.5185185074806213
Age: 50-65,822,0.6271428465843201,0.27173912525177,0.5,0.35211268067359924,0.54347825050354
Race: White,822,0.6390798091888428,0.2520325183868408,0.5,0.3351351320743561,0.5040650367736816
Race: Black,822,0.6753246784210205,0.3055555522441864,0.5,0.37931033968925476,0.6111111044883728
Race: Other,822,0.42700856924057007,0.29032257199287415,0.5,0.36734694242477417,0.5806451439857483
Overall,823,0.5005086660385132,0.2694915235042572,0.5,0.350220263004303,0.5389830470085144
Gender: Male,823,0.5498493909835815,0.25460124015808105,0.5,0.33739838004112244,0.5092024207115173
Gender: Female,823,0.45230263471603394,0.28787878155708313,0.5,0.36538460850715637,0.575757622718811
Age: <40,823,0.5095454454421997,0.29629629850387573,0.5,0.3720930218696594,0.5925925970077515
Age: 40-50,823,0.4314102530479431,0.24683544039726257,0.5,0.3305084705352783,0.49367091059684753
Age: 50-65,823,0.5207316875457764,0.2469135820865631,0.5,0.3305785059928894,0.4938271641731262
Race: White,823,0.5553960800170898,0.28151261806488037,0.5,0.36021506786346436,0.5630252361297607
Race: Black,823,0.6956521272659302,0.1805555522441864,0.5,0.26530611515045166,0.3611111044883728
Race: Other,823,0.42830461263656616,0.28214284777641296,0.5,0.3607305884361267,0.5642856955528259
Overall,824,0.5813248753547668,0.2685810923576355,0.5,0.34945055842399597,0.537162184715271
Gender: Male,824,0.5977247953414917,0.27906978130340576,0.5,0.35820895433425903,0.5581395626068115
Gender: Female,824,0.5490502119064331,0.2540322542190552,0.5,0.3368983864784241,0.5080645084381104
Age: <40,824,0.7025440335273743,0.23161764442920685,0.5,0.31658291816711426,0.4632352888584137
Age: 40-50,824,0.4629049003124237,0.2338709682226181,0.5,0.3186813294887543,0.4677419066429138
Age: 50-65,824,0.47231584787368774,0.34183672070503235,0.5,0.4060606062412262,0.6836734414100647
Race: White,824,0.6890873312950134,0.30821916460990906,0.5,0.3813559412956238,0.6164383292198181
Race: Black,824,0.5274724960327148,0.25925925374031067,0.5,0.3414634168148041,0.5185185074806213
Race: Other,824,0.5072192549705505,0.22357723116874695,0.5,0.3089887499809265,0.4471544623374939
Overall,825,0.5123721361160278,0.28956228494644165,0.5,0.3667377531528473,0.5791245698928833
Gender: Male,825,0.5285879373550415,0.28723403811454773,0.5,0.36486485600471497,0.5744680762290955
Gender: Female,825,0.4819444417953491,0.29357796907424927,0.5,0.36994218826293945,0.5871559381484985
Age: <40,825,0.5629425644874573,0.2847222089767456,0.5,0.36283186078071594,0.569444477558136
Age: 40-50,825,0.45112180709838867,0.27464789152145386,0.5,0.3545454442501068,0.5492957830429077
Age: 50-65,825,0.4724857807159424,0.3109756112098694,0.5,0.3834586441516876,0.6219512224197388
Race: White,825,0.5274064540863037,0.3035714328289032,0.5,0.3777777850627899,0.6071428656578064
Race: Black,825,0.6140350699424744,0.30645161867141724,0.5,0.3799999952316284,0.6129032373428345
Race: Other,825,0.5055413246154785,0.2759740352630615,0.5,0.35564854741096497,0.551948070526123
Overall,826,0.5647550821304321,0.2798013389110565,0.5,0.35881105065345764,0.559602677822113
Gender: Male,826,0.5960274934768677,0.2818181812763214,0.5,0.3604651093482971,0.5636363625526428
Gender: Female,826,0.5153149366378784,0.277372270822525,0.5,0.35680750012397766,0.55474454164505
Age: <40,826,0.5842245817184448,0.27642276883125305,0.5,0.3560209572315216,0.5528454780578613
Age: 40-50,826,0.4891892075538635,0.24025973677635193,0.5,0.3245614171028137,0.48051947355270386
Age: 50-65,826,0.6241776347160339,0.3137255012989044,0.5,0.3855421543121338,0.6274510025978088
Race: White,826,0.6243137121200562,0.2931034564971924,0.5,0.3695652186870575,0.5862069129943848
Race: Black,826,0.6333333253860474,0.24137930572032928,0.5,0.3255814015865326,0.48275861144065857
Race: Other,826,0.48620688915252686,0.2734375,0.5,0.35353535413742065,0.546875
Overall,827,0.4765409827232361,0.2857142984867096,0.5,0.3636363744735718,0.5714285969734192
Gender: Male,827,0.4597877264022827,0.27808988094329834,0.5,0.35740071535110474,0.5561797618865967
Gender: Female,827,0.5116392970085144,0.29615384340286255,0.5,0.3719806671142578,0.5923076868057251
Age: <40,827,0.5497076511383057,0.3403361439704895,0.5,0.4050000011920929,0.680672287940979
Age: 40-50,827,0.40432095527648926,0.2222222238779068,0.5,0.3076923191547394,0.4444444477558136
Age: 50-65,827,0.4738844633102417,0.27314814925193787,0.5,0.35329341888427734,0.5462962985038757
Race: White,827,0.48880165815353394,0.26893940567970276,0.5,0.3497537076473236,0.5378788113594055
Race: Black,827,0.5432692170143127,0.22413793206214905,0.5,0.3095238208770752,0.4482758641242981
Race: Other,827,0.4584980010986328,0.31292515993118286,0.5,0.38493722677230835,0.6258503198623657
Overall,828,0.5467722415924072,0.2959866225719452,0.5,0.3718487322330475,0.5919732451438904
Gender: Male,828,0.5680596828460693,0.299401193857193,0.5,0.3745318353176117,0.5988024473190308
Gender: Female,828,0.523966908454895,0.2916666567325592,0.5,0.3684210479259491,0.5833333730697632
Age: <40,828,0.5790500640869141,0.3107142746448517,0.5,0.38325992226600647,0.6214285492897034
Age: 40-50,828,0.4696078300476074,0.265625,0.5,0.3469387888908386,0.53125
Age: 50-65,828,0.5567765235900879,0.2947368323802948,0.5,0.3708609342575073,0.5894737243652344
Race: White,828,0.637250542640686,0.29927006363868713,0.5,0.37442922592163086,0.5985401272773743
Race: Black,828,0.4636363387107849,0.32258063554763794,0.5,0.3921568691730499,0.6451612710952759
Race: Other,828,0.47976189851760864,0.2862595319747925,0.5,0.3640776574611664,0.572519063949585
Overall,829,0.5579530000686646,0.2993079721927643,0.5,0.3744588792324066,0.5986159443855286
Gender: Male,829,0.5094518065452576,0.2857142984867096,0.5,0.3636363744735718,0.5714285969734192
Gender: Female,829,0.6246387958526611,0.31640625,0.5,0.38755980134010315,0.6328125
Age: <40,829,0.6223886609077454,0.29655173420906067,0.5,0.3722943663597107,0.5931034684181213
Age: 40-50,829,0.5543345212936401,0.32499998807907104,0.5,0.39393940567970276,0.6500000357627869
Age: 50-65,829,0.44212961196899414,0.2857142984867096,0.5,0.3636363744735718,0.5714285969734192
Race: White,829,0.6262338161468506,0.30314961075782776,0.5,0.37745097279548645,0.6062992215156555
Race: Black,829,0.796875,0.3333333432674408,0.5,0.4000000059604645,0.6666666865348816
Race: Other,829,0.45862072706222534,0.28985506296157837,0.5,0.3669724762439728,0.5797101259231567
Overall,830,0.5602859258651733,0.26599326729774475,0.5,0.347252756357193,0.5319865345954895
Gender: Male,830,0.5515590906143188,0.24534161388874054,0.5,0.3291666805744171,0.4906832277774811
Gender: Female,830,0.5929380655288696,0.2904411852359772,0.5,0.367441862821579,0.5808823704719543
Age: <40,830,0.6380997896194458,0.2730769217014313,0.5,0.35323384404182434,0.5461538434028625
Age: 40-50,830,0.4218146800994873,0.2153846174478531,0.5,0.301075279712677,0.4307692348957062
Age: 50-65,830,0.5711470246315002,0.28921568393707275,0.5,0.3664596378803253,0.5784313678741455
Race: White,830,0.6222339868545532,0.2919999957084656,0.5,0.36868685483932495,0.5840000510215759
Race: Black,830,0.7272727489471436,0.2800000011920929,0.5,0.3589743673801422,0.5600000023841858
Race: Other,830,0.520941436290741,0.24149659276008606,0.5,0.32568806409835815,0.4829931855201721
Overall,831,0.5454943180084229,0.2802768051624298,0.5,0.3592017590999603,0.5605536699295044
Gender: Male,831,0.5542372465133667,0.30201342701911926,0.5,0.3765690326690674,0.6040268540382385
Gender: Female,831,0.53125,0.2571428716182709,0.5,0.3396226465702057,0.5142857432365417
Age: <40,831,0.5769230723381042,0.28333333134651184,0.5,0.3617021143436432,0.5666667222976685
Age: 40-50,831,0.5582137107849121,0.26760563254356384,0.5,0.3486238420009613,0.5352112650871277
Age: 50-65,831,0.5042517185211182,0.2857142984867096,0.5,0.3636363744735718,0.5714285373687744
Race: White,831,0.5527670383453369,0.2700729966163635,0.5,0.3507108986377716,0.540145993232727
Race: Black,831,0.673076868057251,0.190476194024086,0.5,0.27586206793785095,0.380952388048172
Race: Other,831,0.5112744569778442,0.30534350872039795,0.5,0.379146933555603,0.6106870174407959
Overall,832,0.5001385807991028,0.2677966058254242,0.5,0.3487858772277832,0.5355932116508484
Gender: Male,832,0.5226757526397705,0.2857142984867096,0.5,0.3636363744735718,0.5714285373687744
Gender: Female,832,0.48246896266937256,0.25,0.5,0.3333333432674408,0.5
Age: <40,832,0.5267857313156128,0.2704918086528778,0.5,0.3510638177394867,0.5409835577011108
Age: 40-50,832,0.4769144058227539,0.21764706075191498,0.5,0.30327868461608887,0.43529412150382996
Age: 50-65,832,0.46666669845581055,0.3125,0.5,0.38461539149284363,0.625
Race: White,832,0.5431931018829346,0.24812030792236328,0.5,0.3316583037376404,0.49624061584472656
Race: Black,832,0.4517543911933899,0.30645161867141724,0.5,0.3799999952316284,0.6129032373428345
Race: Other,832,0.4598488211631775,0.2786259651184082,0.5,0.3578431308269501,0.5572519302368164
Overall,833,0.5382870435714722,0.2792642116546631,0.5,0.3583691120147705,0.5585284233093262
Gender: Male,833,0.5146287679672241,0.26298701763153076,0.5,0.3446808457374573,0.5259740352630615
Gender: Female,833,0.5666141510009766,0.29655173420906067,0.5,0.3722943663597107,0.5931034684181213
Age: <40,833,0.5870316028594971,0.30000001192092896,0.5,0.375,0.6000000238418579
Age: 40-50,833,0.4378378391265869,0.2430555522441864,0.5,0.32710281014442444,0.4861111044883728
Age: 50-65,833,0.5249784588813782,0.27835050225257874,0.5,0.3576158881187439,0.5567010045051575
Race: White,833,0.5492063760757446,0.246478870511055,0.5,0.33018869161605835,0.49295774102211
Race: Black,833,0.5714285373687744,0.23333333432674408,0.5,0.3181818127632141,0.46666669845581055
Race: Other,833,0.5175213813781738,0.31690141558647156,0.5,0.38793104887008667,0.6338028311729431
Overall,834,0.5414036512374878,0.284246563911438,0.5,0.3624454140663147,0.568493127822876
Gender: Male,834,0.453843355178833,0.28807947039604187,0.5,0.36554622650146484,0.5761589407920837
Gender: Female,834,0.6212739944458008,0.28014183044433594,0.5,0.3590908944606781,0.5602836608886719
Age: <40,834,0.609144926071167,0.30859375,0.5,0.38164252042770386,0.6171875
Age: 40-50,834,0.47652918100357056,0.25333333015441895,0.5,0.3362831771373749,0.5066666603088379
Age: 50-65,834,0.5030612349510193,0.2752808928489685,0.5,0.3550724685192108,0.550561785697937
Race: White,834,0.6194102764129639,0.2868216931819916,0.5,0.3645320236682892,0.5736433863639832
Race: Black,834,0.5892857313156128,0.2666666805744171,0.5,0.3478260934352875,0.5333333611488342
Race: Other,834,0.4753000736236572,0.2857142984867096,0.5,0.3636363744735718,0.5714285969734192
Overall,835,0.6526190042495728,0.286689430475235,0.5,0.3644251525402069,0.5733788013458252
Gender: Male,835,0.629461407661438,0.28930819034576416,0.5,0.36653387546539307,0.5786163210868835
Gender: Female,835,0.6833031177520752,0.28358209133148193,0.5,0.3619047701358795,0.5671641826629639
Age: <40,835,0.771998941898346,0.31640625,0.5,0.38755980134010315,0.6328125
Age: 40-50,835,0.5146604776382446,0.25,0.5,0.3333333432674408,0.5
Age: 50-65,835,0.6325863599777222,0.27419355511665344,0.5,0.3541666567325592,0.5483871102333069
Race: White,835,0.6781674027442932,0.267123281955719,0.5,0.3482142984867096,0.534246563911438
Race: Black,835,0.8240740299224854,0.2857142984867096,0.5,0.3636363744735718,0.5714285969734192
Race: Other,835,0.6079059839248657,0.3095238208770752,0.5,0.38235294818878174,0.6190476417541504
Overall,836,0.561298131942749,0.2845117747783661,0.5,0.3626609444618225,0.5690235495567322
Gender: Male,836,0.5896962285041809,0.3041957914829254,0.5,0.37826088070869446,0.6083915829658508
Gender: Female,836,0.5389566421508789,0.26623377203941345,0.5,0.347457617521286,0.5324675440788269
Age: <40,836,0.6810344457626343,0.2957746386528015,0.5,0.37168142199516296,0.591549277305603
Age: 40-50,836,0.36622393131256104,0.23846153914928436,0.5,0.3229166567325592,0.4769230782985687
Age: 50-65,836,0.5138888955116272,0.30000001192092896,0.5,0.375,0.6000000238418579
Race: White,836,0.6073668003082275,0.2661290466785431,0.5,0.34736841917037964,0.5322580337524414
Race: Black,836,0.6304347515106201,0.31081080436706543,0.5,0.38333332538604736,0.6216216087341309
Race: Other,836,0.5337053537368774,0.29411765933036804,0.5,0.37037035822868347,0.5882353186607361
Overall,837,0.5659208297729492,0.2845117747783661,0.5,0.3626609444618225,0.5690235495567322
Gender: Male,837,0.5729503631591797,0.29428571462631226,0.5,0.37050360441207886,0.5885714292526245
Gender: Female,837,0.5546536445617676,0.2704918086528778,0.5,0.3510638177394867,0.5409835577011108
Age: <40,837,0.6197214722633362,0.30656933784484863,0.5,0.38009050488471985,0.6131386756896973
Age: 40-50,837,0.48875856399536133,0.2421875,0.5,0.3263157904148102,0.484375
Age: 50-65,837,0.5476190447807312,0.28125,0.5,0.36000001430511475,0.5625
Race: White,837,0.5725067853927612,0.28455284237861633,0.5,0.36269429326057434,0.5691056847572327
Race: Black,837,0.6000000238418579,0.3125,0.5,0.38461539149284363,0.625
Race: Other,837,0.5699856281280518,0.2800000011920929,0.5,0.3589743673801422,0.5600000023841858
Overall,838,0.5136686563491821,0.2940199375152588,0.5,0.37029287219047546,0.5880398750305176
Gender: Male,838,0.5301816463470459,0.2954545319080353,0.5,0.37142857909202576,0.5909091234207153
Gender: Female,838,0.4844573140144348,0.2919999957084656,0.5,0.36868685483932495,0.5840000510215759
Age: <40,838,0.5817286968231201,0.2949640154838562,0.5,0.3710407316684723,0.5899280905723572
Age: 40-50,838,0.3928571343421936,0.28915661573410034,0.5,0.3664122223854065,0.5783132314682007
Age: 50-65,838,0.5345745086669922,0.297468364238739,0.5,0.3730158805847168,0.594936728477478
Race: White,838,0.5906926393508911,0.30215826630592346,0.5,0.3766816258430481,0.6043165326118469
Race: Black,838,0.5555555820465088,0.3125,0.5,0.38461539149284363,0.625
Race: Other,838,0.4491453170776367,0.28260868787765503,0.5,0.3611111044883728,0.5652173757553101
Overall,839,0.5266871452331543,0.28787878155708313,0.5,0.36538460850715637,0.5757575631141663
Gender: Male,839,0.5047694444656372,0.26729559898376465,0.5,0.34836065769195557,0.5345911979675293
Gender: Female,839,0.5693202018737793,0.3115941882133484,0.5,0.3839285671710968,0.6231884360313416
Age: <40,839,0.592432975769043,0.2769230902194977,0.5,0.3564356565475464,0.5538461804389954
Age: 40-50,839,0.4949832856655121,0.3194444477558136,0.5,0.38983049988746643,0.6388888955116272
Age: 50-65,839,0.4784366488456726,0.2789473831653595,0.5,0.3581081032752991,0.557894766330719
Race: White,839,0.6430906057357788,0.31111112236976624,0.5,0.3835616409778595,0.6222221851348877
Race: Black,839,0.5428571701049805,0.2916666567325592,0.5,0.3684210479259491,0.5833333730697632
Race: Other,839,0.430347740650177,0.2644927501678467,0.5,0.34597155451774597,0.5289855003356934
Overall,840,0.5628759860992432,0.2602739632129669,0.5,0.342342346906662,0.5205479264259338
Gender: Male,840,0.6028708219528198,0.2761628031730652,0.5,0.35580524802207947,0.5523256063461304
Gender: Female,840,0.4965190887451172,0.23749999701976776,0.5,0.32203391194343567,0.4750000238418579
Age: <40,840,0.644169270992279,0.2992957830429077,0.5,0.37444934248924255,0.5985915660858154
Age: 40-50,840,0.4035087525844574,0.22058823704719543,0.5,0.30612245202064514,0.44117647409439087
Age: 50-65,840,0.5513513088226318,0.22560974955558777,0.5,0.31092438101768494,0.45121949911117554
Race: White,840,0.6125807762145996,0.23076923191547394,0.5,0.31578946113586426,0.46153849363327026
Race: Black,840,0.5408163070678711,0.25,0.5,0.3333333432674408,0.5
Race: Other,840,0.5309901833534241,0.2857142984867096,0.5,0.3636363744735718,0.5714285373687744
Overall,841,0.5153748989105225,0.300335556268692,0.5,0.375262051820755,0.6006711721420288
Gender: Male,841,0.57861328125,0.30000001192092896,0.5,0.375,0.6000000238418579
Gender: Female,841,0.45301204919815063,0.3007246255874634,0.5,0.37556561827659607,0.6014493107795715
Age: <40,841,0.5617002844810486,0.3107142746448517,0.5,0.38325992226600647,0.6214285492897034
Age: 40-50,841,0.4247404932975769,0.25,0.5,0.3333333432674408,0.5
Age: 50-65,841,0.5242456793785095,0.3222222328186035,0.5,0.3918918967247009,0.644444465637207
Race: White,841,0.687464714050293,0.3130081295967102,0.5,0.38499999046325684,0.6260162591934204
Race: Black,841,0.4107142686843872,0.3478260934352875,0.5,0.41025641560554504,0.695652186870575
Race: Other,841,0.4131430387496948,0.28289473056793213,0.5,0.3613445460796356,0.5657894611358643
Overall,842,0.5803002715110779,0.26430976390838623,0.5,0.345814973115921,0.5286195278167725
Gender: Male,842,0.6446833610534668,0.2540983557701111,0.5,0.33695653080940247,0.5081967115402222
Gender: Female,842,0.4790624976158142,0.28070175647735596,0.5,0.3595505654811859,0.5614035129547119
Age: <40,842,0.6474671363830566,0.2789115607738495,0.5,0.35807859897613525,0.557823121547699
Age: 40-50,842,0.375,0.20370370149612427,0.5,0.28947368264198303,0.40740740299224854
Age: 50-65,842,0.5607722997665405,0.2760416567325592,0.5,0.3557046949863434,0.5520833730697632
Race: White,842,0.6328912377357483,0.26422762870788574,0.5,0.34574466943740845,0.5284552574157715
Race: Black,842,0.6599999666213989,0.20000000298023224,0.5,0.2857142984867096,0.3999999761581421
Race: Other,842,0.5285766124725342,0.2751677930355072,0.5,0.3549783527851105,0.5503355860710144
Overall,843,0.47672122716903687,0.28355705738067627,0.5,0.36188435554504395,0.5671141147613525
Gender: Male,843,0.48924022912979126,0.2946428656578064,0.5,0.37078651785850525,0.5892857313156128
Gender: Female,843,0.4635714292526245,0.26923078298568726,0.5,0.3499999940395355,0.5384615659713745
Age: <40,843,0.5528455376625061,0.3136363625526428,0.5,0.3854748606681824,0.6272727251052856
Age: 40-50,843,0.3157622814178467,0.2556818127632141,0.5,0.33834585547447205,0.5113636255264282
Age: 50-65,843,0.5434343814849854,0.2750000059604645,0.5,0.35483869910240173,0.550000011920929
Race: White,843,0.4845525026321411,0.26691728830337524,0.5,0.3480392098426819,0.5338345766067505
Race: Black,843,0.4211764633655548,0.2976190447807312,0.5,0.3731343150138855,0.5952380895614624
Race: Other,843,0.4808219075202942,0.29674795269966125,0.5,0.37244898080825806,0.5934959053993225
Overall,844,0.539665937423706,0.28833332657814026,0.5,0.3657505214214325,0.5766666531562805
Gender: Male,844,0.5262212753295898,0.2951388955116272,0.5,0.3711790442466736,0.5902777910232544
Gender: Female,844,0.5596591234207153,0.28205129504203796,0.5,0.3606557250022888,0.5641025900840759
Age: <40,844,0.6007552146911621,0.26056337356567383,0.5,0.34259259700775146,0.5211267471313477
Age: 40-50,844,0.5415019989013672,0.3382352888584137,0.5,0.4035087823867798,0.6764705777168274
Age: 50-65,844,0.45130035281181335,0.2944444417953491,0.5,0.37062937021255493,0.5888888835906982
Race: White,844,0.5333333015441895,0.29296875,0.5,0.3694581389427185,0.5859375
Race: Black,844,0.696969747543335,0.2884615361690521,0.5,0.3658536672592163,0.5769230723381042
Race: Other,844,0.5249569416046143,0.284246563911438,0.5,0.3624454140663147,0.568493127822876
Overall,845,0.5419319868087769,0.3009868562221527,0.5,0.37577003240585327,0.6019737124443054
Gender: Male,845,0.638822078704834,0.3095238208770752,0.5,0.38235294818878174,0.6190476417541504
Gender: Female,845,0.4281589984893799,0.2904411852359772,0.5,0.367441862821579,0.5808823704719543
Age: <40,845,0.6000881791114807,0.2956204414367676,0.5,0.37155961990356445,0.5912408828735352
Age: 40-50,845,0.44090908765792847,0.29729729890823364,0.5,0.37288135290145874,0.5945945978164673
Age: 50-65,845,0.5300492644309998,0.31182795763015747,0.5,0.38410595059394836,0.6236559152603149
Race: White,845,0.5800094604492188,0.2954545319080353,0.5,0.37142857909202576,0.5909091234207153
Race: Black,845,0.6282051205635071,0.23999999463558197,0.5,0.3243243098258972,0.47999998927116394
Race: Other,845,0.49044203758239746,0.3163265287876129,0.5,0.38749998807907104,0.6326530575752258
Overall,846,0.4873813986778259,0.28911563754081726,0.5,0.3663793206214905,0.5782312750816345
Gender: Male,846,0.543441891670227,0.2733812928199768,0.5,0.35348838567733765,0.5467625856399536
Gender: Female,846,0.43529820442199707,0.3032258152961731,0.5,0.37751004099845886,0.6064516305923462
Age: <40,846,0.5327736139297485,0.288617879152298,0.5,0.3659793734550476,0.577235758304596
Age: 40-50,846,0.40939152240753174,0.26923078298568726,0.5,0.3499999940395355,0.5384615659713745
Age: 50-65,846,0.48099416494369507,0.30645161867141724,0.5,0.3799999952316284,0.6129032373428345
Race: White,846,0.5702211856842041,0.27666667103767395,0.5,0.3562231659889221,0.5533333420753479
Race: Black,846,0.5619834661483765,0.25,0.5,0.3333333432674408,0.5
Race: Other,846,0.3512585759162903,0.31147539615631104,0.5,0.38383838534355164,0.6229507923126221
Overall,847,0.5586233139038086,0.2622149884700775,0.5,0.3440170884132385,0.524429976940155
Gender: Male,847,0.5451332330703735,0.25,0.5,0.3333333432674408,0.5
Gender: Female,847,0.5801657438278198,0.27906978130340576,0.5,0.35820895433425903,0.5581395626068115
Age: <40,847,0.6490148305892944,0.2734375,0.5,0.35353535413742065,0.546875
Age: 40-50,847,0.4794372320175171,0.2295081913471222,0.5,0.31460675597190857,0.4590163826942444
Age: 50-65,847,0.5122655034065247,0.2669491469860077,0.5,0.3480663001537323,0.5338982939720154
Race: White,847,0.6604710817337036,0.25,0.5,0.3333333432674408,0.5
Race: Black,847,0.5714285373687744,0.32499998807907104,0.5,0.39393940567970276,0.6500000357627869
Race: Other,847,0.45652174949645996,0.26744186878204346,0.5,0.3484848439693451,0.5348837375640869
Overall,848,0.5850945711135864,0.25833332538604736,0.5,0.34065935015678406,0.5166666507720947
Gender: Male,848,0.60597825050354,0.25531914830207825,0.5,0.3380281627178192,0.5106382966041565
Gender: Female,848,0.5551646947860718,0.2633928656578064,0.5,0.34502923488616943,0.5267857313156128
Age: <40,848,0.6014605760574341,0.2840000092983246,0.5,0.3622449040412903,0.5680000185966492
Age: 40-50,848,0.5059523582458496,0.24390244483947754,0.5,0.32786884903907776,0.4878048598766327
Age: 50-65,848,0.6377550363540649,0.23655913770198822,0.5,0.32116788625717163,0.47311827540397644
Race: White,848,0.6731778383255005,0.25,0.5,0.3333333432674408,0.5
Race: Black,848,0.671875,0.3333333432674408,0.5,0.4000000059604645,0.6666666865348816
Race: Other,848,0.5216386318206787,0.25362318754196167,0.5,0.3365384638309479,0.5072463750839233
Overall,849,0.5299575924873352,0.2715231776237488,0.5,0.3519313335418701,0.5430463552474976
Gender: Male,849,0.5254632830619812,0.2680722773075104,0.5,0.3490196168422699,0.5361445546150208
Gender: Female,849,0.5300546884536743,0.2757352888584137,0.5,0.35545024275779724,0.5514705777168274
Age: <40,849,0.5092676281929016,0.2925925850868225,0.5,0.36915886402130127,0.585185170173645
Age: 40-50,849,0.5247386693954468,0.23026315867900848,0.5,0.315315306186676,0.46052631735801697
Age: 50-65,849,0.5653658509254456,0.2747252881526947,0.5,0.3546099364757538,0.5494505763053894
Race: White,849,0.6965044736862183,0.2786259651184082,0.5,0.3578431308269501,0.5572519302368164
Race: Black,849,0.48295456171035767,0.29629629850387573,0.5,0.3720930218696594,0.5925925970077515
Race: Other,849,0.42705315351486206,0.2604166567325592,0.5,0.34246575832366943,0.5208333134651184
Overall,850,0.5434273481369019,0.30236485600471497,0.5,0.37684211134910583,0.6047297716140747
Gender: Male,850,0.4679117202758789,0.30254778265953064,0.5,0.3769841194152832,0.6050955653190613
Gender: Female,850,0.6279220581054688,0.30215826630592346,0.5,0.3766816258430481,0.6043165326118469
Age: <40,850,0.6039832234382629,0.31468531489372253,0.5,0.3862660825252533,0.6293706297874451
Age: 40-50,850,0.6159874200820923,0.28431373834609985,0.5,0.36250001192092896,0.5686274766921997
Age: 50-65,850,0.4273809790611267,0.29411765933036804,0.5,0.37037035822868347,0.5882353186607361
Race: White,850,0.583152174949646,0.30263158679008484,0.5,0.37704917788505554,0.6052631735801697
Race: Black,850,0.5666667222976685,0.32608696818351746,0.5,0.3947368562221527,0.6521739363670349
Race: Other,850,0.509920597076416,0.2975206673145294,0.5,0.3730570077896118,0.5950412750244141
Overall,851,0.5232914090156555,0.2962328791618347,0.5,0.37204301357269287,0.5924657583236694
Gender: Male,851,0.5451852083206177,0.30000001192092896,0.5,0.375,0.6000000238418579
Gender: Female,851,0.5029609799385071,0.2922535240650177,0.5,0.36888888478279114,0.5845070481300354
Age: <40,851,0.5514427423477173,0.30416667461395264,0.5,0.37823835015296936,0.6083333492279053
Age: 40-50,851,0.3548387289047241,0.2720588147640228,0.5,0.3523809611797333,0.5441176295280457
Age: 50-65,851,0.5919473171234131,0.30288460850715637,0.5,0.3772455155849457,0.6057692766189575
Race: White,851,0.6035827398300171,0.2644927501678467,0.5,0.34597155451774597,0.5289855003356934
Race: Black,851,0.5,0.28947368264198303,0.5,0.36666667461395264,0.5789473652839661
Race: Other,851,0.45505619049072266,0.3296296298503876,0.5,0.3973214328289032,0.6592592597007751
Overall,852,0.5004058480262756,0.25838926434516907,0.5,0.3407079577445984,0.5167785286903381
Gender: Male,852,0.5232198238372803,0.2639751434326172,0.5,0.3455284535884857,0.5279503464698792
Gender: Female,852,0.46589940786361694,0.25182482600212097,0.5,0.3349514603614807,0.5036496520042419
Age: <40,852,0.511273205280304,0.2867647111415863,0.5,0.3644859790802002,0.5735294222831726
Age: 40-50,852,0.4552364945411682,0.23188406229019165,0.5,0.31683167815208435,0.4637681245803833
Age: 50-65,852,0.5255101919174194,0.23655913770198822,0.5,0.32116788625717163,0.47311827540397644
Race: White,852,0.6011993885040283,0.27165353298187256,0.5,0.3520408272743225,0.5433070659637451
Race: Black,852,0.8060605525970459,0.2884615361690521,0.5,0.3658536672592163,0.5769230723381042
Race: Other,852,0.392380952835083,0.24137930572032928,0.5,0.3255814015865326,0.48275861144065857
Overall,853,0.5045596957206726,0.29491525888442993,0.5,0.3710021376609802,0.5898305177688599
Gender: Male,853,0.48929622769355774,0.28857141733169556,0.5,0.3659420311450958,0.5771428346633911
Gender: Female,853,0.5307490825653076,0.30416667461395264,0.5,0.37823835015296936,0.6083333492279053
Age: <40,853,0.5623897910118103,0.30434781312942505,0.5,0.37837839126586914,0.6086956858634949
Age: 40-50,853,0.2722722887992859,0.2890625,0.5,0.3663366436958313,0.578125
Age: 50-65,853,0.5646226406097412,0.2849462330341339,0.5,0.36301368474960327,0.5698924660682678
Race: White,853,0.5021141767501831,0.304964542388916,0.5,0.3788546323776245,0.609929084777832
Race: Black,853,1.0,0.3529411852359772,0.5,0.4137931168079376,0.7058823704719543
Race: Other,853,0.4764883518218994,0.277372270822525,0.5,0.35680750012397766,0.55474454164505
Overall,854,0.6024531126022339,0.24659864604473114,0.5,0.330296128988266,0.4931972622871399
Gender: Male,854,0.6410256624221802,0.24838709831237793,0.5,0.3318965435028076,0.49677419662475586
Gender: Female,854,0.5631731748580933,0.24460431933403015,0.5,0.3285024166107178,0.4892086386680603
Age: <40,854,0.6695095896720886,0.2673611044883728,0.5,0.3484162986278534,0.5347222089767456
Age: 40-50,854,0.5531531572341919,0.2238806039094925,0.5,0.30927833914756775,0.4477611780166626
Age: 50-65,854,0.5333333015441895,0.22891566157341003,0.5,0.3140496015548706,0.45783132314682007
Race: White,854,0.6598557233810425,0.24806201457977295,0.5,0.3316062092781067,0.4961240291595459
Race: Black,854,0.6666666269302368,0.20000000298023224,0.5,0.2857142984867096,0.4000000059604645
Race: Other,854,0.54813551902771,0.25172412395477295,0.5,0.3348623812198639,0.5034482479095459
Overall,855,0.536299467086792,0.30201342701911926,0.5,0.3765690326690674,0.6040268540382385
Gender: Male,855,0.5865483283996582,0.3176100552082062,0.5,0.38846153020858765,0.6352201104164124
Gender: Female,855,0.4746835231781006,0.2841726541519165,0.5,0.3623853325843811,0.568345308303833
Age: <40,855,0.5794117450714111,0.3195488750934601,0.5,0.3899082541465759,0.6390977501869202
Age: 40-50,855,0.5525227785110474,0.2785714268684387,0.5,0.35779815912246704,0.5571428537368774
Age: 50-65,855,0.4670329689979553,0.2947368323802948,0.5,0.3708609342575073,0.5894737243652344
Race: White,855,0.5375502109527588,0.2902098000049591,0.5,0.36725664138793945,0.5804196000099182
Race: Black,855,0.6370370388031006,0.27272728085517883,0.5,0.3529411852359772,0.5454545617103577
Race: Other,855,0.508095383644104,0.3237704932689667,0.5,0.39303481578826904,0.6475409269332886
Overall,856,0.5011163949966431,0.27684563398361206,0.5,0.3563714921474457,0.5536912679672241
Gender: Male,856,0.48641306161880493,0.2874999940395355,0.5,0.3650793731212616,0.574999988079071
Gender: Female,856,0.5190727114677429,0.2644927501678467,0.5,0.34597155451774597,0.5289855003356934
Age: <40,856,0.5672844648361206,0.2943548262119293,0.5,0.37055838108062744,0.5887096524238586
Age: 40-50,856,0.46018892526626587,0.2532467544078827,0.5,0.3362068831920624,0.5064935088157654
Age: 50-65,856,0.4493996500968933,0.27319586277008057,0.5,0.35333332419395447,0.5463917255401611
Race: White,856,0.5602430701255798,0.2631579041481018,0.5,0.3448275923728943,0.5263158082962036
Race: Black,856,0.34166669845581055,0.27272728085517883,0.5,0.3529411852359772,0.5454545617103577
Race: Other,856,0.4700510501861572,0.2943548262119293,0.5,0.37055838108062744,0.5887096524238586
Overall,857,0.5130652189254761,0.2717770040035248,0.5,0.3521444797515869,0.5435540080070496
Gender: Male,857,0.5367790460586548,0.2836257219314575,0.5,0.36194029450416565,0.567251443862915
Gender: Female,857,0.4760630130767822,0.25431033968925476,0.5,0.33714285492897034,0.5086206793785095
Age: <40,857,0.522773265838623,0.296875,0.5,0.37254902720451355,0.59375
Age: 40-50,857,0.4416666626930237,0.22727273404598236,0.5,0.3125,0.4545454680919647
Age: 50-65,857,0.523720920085907,0.2688172161579132,0.5,0.3496503531932831,0.5376344323158264
Race: White,857,0.592410683631897,0.26119402050971985,0.5,0.343137264251709,0.5223880410194397
Race: Black,857,0.5865384340286255,0.27586206793785095,0.5,0.35555556416511536,0.5517241358757019
Race: Other,857,0.43227511644363403,0.2822580635547638,0.5,0.36082473397254944,0.5645161271095276
Overall,858,0.5123556852340698,0.29139071702957153,0.5,0.3682008385658264,0.5827814340591431
Gender: Male,858,0.4975072145462036,0.2909604609012604,0.5,0.3678571283817291,0.5819209218025208
Gender: Female,858,0.5410958528518677,0.2919999957084656,0.5,0.36868685483932495,0.5840000510215759
Age: <40,858,0.5603222846984863,0.2971014380455017,0.5,0.37272727489471436,0.5942029356956482
Age: 40-50,858,0.4448612332344055,0.29054054617881775,0.5,0.36752137541770935,0.5810810923576355
Age: 50-65,858,0.4891905188560486,0.28333333134651184,0.5,0.3617021143436432,0.5666666626930237
Race: White,858,0.5734508037567139,0.29032257199287415,0.5,0.36734694242477417,0.5806451439857483
Race: Black,858,0.4166666865348816,0.2857142984867096,0.5,0.3636363744735718,0.5714285969734192
Race: Other,858,0.4868035316467285,0.2933333218097687,0.5,0.36974790692329407,0.5866667032241821
Overall,859,0.5186505913734436,0.2852233648300171,0.5,0.36323851346969604,0.5704467296600342
Gender: Male,859,0.46084970235824585,0.2908496856689453,0.5,0.3677685856819153,0.5816993713378906
Gender: Female,859,0.5822865962982178,0.27898550033569336,0.5,0.3581395447254181,0.5579710006713867
Age: <40,859,0.6119281053543091,0.2926829159259796,0.5,0.3692307770252228,0.5853658318519592
Age: 40-50,859,0.4197031259536743,0.2467532455921173,0.5,0.33043476939201355,0.4935064911842346
Age: 50-65,859,0.49438774585723877,0.3076923191547394,0.5,0.380952388048172,0.6153846383094788
Race: White,859,0.6435771584510803,0.289682537317276,0.5,0.3668341636657715,0.5793651342391968
Race: Black,859,0.3984375,0.3333333432674408,0.5,0.4000000059604645,0.6666666865348816
Race: Other,859,0.44358766078948975,0.27304965257644653,0.5,0.35321101546287537,0.5460992455482483
Overall,860,0.5804533958435059,0.3056478500366211,0.5,0.3793814480304718,0.6112956404685974
Gender: Male,860,0.5159432888031006,0.32102271914482117,0.5,0.39100345969200134,0.6420454978942871
Gender: Female,860,0.667188286781311,0.2840000092983246,0.5,0.3622449040412903,0.5680000185966492
Age: <40,860,0.6158729791641235,0.3426573574542999,0.5,0.4066390097141266,0.6853146553039551
Age: 40-50,860,0.524193525314331,0.2181818187236786,0.5,0.3037974536418915,0.4363636374473572
Age: 50-65,860,0.5550747513771057,0.3009708821773529,0.5,0.3757575750350952,0.6019417643547058
Race: White,860,0.6693364381790161,0.31147539615631104,0.5,0.38383838534355164,0.6229507923126221
Race: Black,860,0.5666666626930237,0.2777777910232544,0.5,0.3571428656578064,0.5555555820465088
Race: Other,860,0.5378166437149048,0.3059210479259491,0.5,0.37959182262420654,0.6118420958518982
Overall,861,0.5486960411071777,0.2675585150718689,0.5,0.3485838770866394,0.5351170301437378
Gender: Male,861,0.5823171138763428,0.2530864179134369,0.5,0.3360655605792999,0.5061728358268738
Gender: Female,861,0.5078226923942566,0.2846715450286865,0.5,0.36279070377349854,0.569343090057373
Age: <40,861,0.5458090305328369,0.27906978130340576,0.5,0.35820895433425903,0.5581395626068115
Age: 40-50,861,0.5134271383285522,0.21250000596046448,0.5,0.2982456088066101,0.42500001192092896
Age: 50-65,861,0.5925925970077515,0.30000001192092896,0.5,0.375,0.6000000238418579
Race: White,861,0.650712251663208,0.2773972749710083,0.5,0.3568281829357147,0.5547944903373718
Race: Black,861,0.5416666269302368,0.22727273404598236,0.5,0.3125,0.4545454680919647
Race: Other,861,0.4417952299118042,0.2633587718009949,0.5,0.3449999988079071,0.5267175436019897
Overall,862,0.5165733098983765,0.2871621549129486,0.5,0.3648068606853485,0.5743243098258972
Gender: Male,862,0.5030511617660522,0.3087248206138611,0.5,0.3817427456378937,0.6174496412277222
Gender: Female,862,0.5274990797042847,0.26530611515045166,0.5,0.3466666638851166,0.5306122303009033
Age: <40,862,0.607809841632843,0.2753623127937317,0.5,0.35514017939567566,0.5507246255874634
Age: 40-50,862,0.4546591639518738,0.24375000596046448,0.5,0.32773110270500183,0.48750001192092896
Age: 50-65,862,0.4529644250869751,0.35256409645080566,0.5,0.4135338366031647,0.7051281929016113
Race: White,862,0.5732581615447998,0.25600001215934753,0.5,0.33862432837486267,0.5120000243186951
Race: Black,862,0.4693877696990967,0.30000001192092896,0.5,0.375,0.6000000238418579
Race: Other,862,0.46459054946899414,0.3125,0.5,0.38461539149284363,0.625
Overall,863,0.5411441922187805,0.31528663635253906,0.5,0.38671875,0.6305732727050781
Gender: Male,863,0.5529050827026367,0.30687829852104187,0.5,0.38032788038253784,0.6137565970420837
Gender: Female,863,0.5360181331634521,0.328000009059906,0.5,0.39613527059555054,0.656000018119812
Age: <40,863,0.5404255390167236,0.3345070481300354,0.5,0.40084388852119446,0.6690140962600708
Age: 40-50,863,0.518812894821167,0.28977271914482117,0.5,0.36690646409988403,0.5795454978942871
Age: 50-65,863,0.575120210647583,0.3095238208770752,0.5,0.38235294818878174,0.6190476417541504
Race: White,863,0.6478413343429565,0.31679388880729675,0.5,0.38785046339035034,0.6335877776145935
Race: Black,863,0.5375000238418579,0.3076923191547394,0.5,0.380952388048172,0.6153846383094788
Race: Other,863,0.46064090728759766,0.31528663635253906,0.5,0.38671875,0.6305732727050781
Overall,864,0.5827492475509644,0.2929292917251587,0.5,0.36942675709724426,0.5858585834503174
Gender: Male,864,0.5836489796638489,0.29629629850387573,0.5,0.3720930218696594,0.5925925970077515
Gender: Female,864,0.5872694253921509,0.2888889014720917,0.5,0.3661971688270569,0.5777777433395386
Age: <40,864,0.594994068145752,0.29655173420906067,0.5,0.3722943663597107,0.5931034684181213
Age: 40-50,864,0.621564507484436,0.28289473056793213,0.5,0.3613445460796356,0.5657894611358643
Age: 50-65,864,0.4982079267501831,0.29605263471603394,0.5,0.3719008266925812,0.5921052694320679
Race: White,864,0.6177083253860474,0.26978418231010437,0.5,0.3504672944545746,0.5395683646202087
Race: Black,864,0.6333333253860474,0.2368421107530594,0.5,0.3214285671710968,0.4736842215061188
Race: Other,864,0.5297052264213562,0.32374101877212524,0.5,0.3930130898952484,0.6474820375442505
Overall,865,0.5353747606277466,0.29421767592430115,0.5,0.3704496920108795,0.5884353518486023
Gender: Male,865,0.5474439859390259,0.2763157784938812,0.5,0.35593220591545105,0.5526315569877625
Gender: Female,865,0.5463218688964844,0.31338027119636536,0.5,0.38528138399124146,0.6267605423927307
Age: <40,865,0.6181818246841431,0.2817460298538208,0.5,0.3604061007499695,0.5634921193122864
Age: 40-50,865,0.4806201457977295,0.3208955228328705,0.5,0.3909091055393219,0.641791045665741
Age: 50-65,865,0.4769975543022156,0.29207921028137207,0.5,0.3687500059604645,0.5841584205627441
Race: White,865,0.6159844398498535,0.29347825050354004,0.5,0.36986300349235535,0.5869565606117249
Race: Black,865,0.6499999761581421,0.380952388048172,0.5,0.4324324429035187,0.761904776096344
Race: Other,865,0.47123104333877563,0.28148147463798523,0.5,0.3601895868778229,0.5629629492759705
Overall,866,0.5631884336471558,0.3050847351551056,0.5,0.378947377204895,0.6101694703102112
Gender: Male,866,0.6088911294937134,0.2898089289665222,0.5,0.36693549156188965,0.5796178579330444
Gender: Female,866,0.5223572254180908,0.3224637806415558,0.5,0.392070472240448,0.6449275612831116
Age: <40,866,0.6195987462997437,0.2857142984867096,0.5,0.3636363744735718,0.5714285969734192
Age: 40-50,866,0.4719848036766052,0.2954545319080353,0.5,0.37142857909202576,0.5909091234207153
Age: 50-65,866,0.5341006517410278,0.3349514603614807,0.5,0.4011628031730652,0.6699029207229614
Race: White,866,0.5866814851760864,0.3079710006713867,0.5,0.38116592168807983,0.6159420609474182
Race: Black,866,0.6745562553405762,0.25,0.5,0.3333333432674408,0.5
Race: Other,866,0.5049775838851929,0.3129771053791046,0.5,0.3849765360355377,0.6259542107582092
Overall,867,0.5319263935089111,0.2906574308872223,0.5,0.36761486530303955,0.5813149213790894
Gender: Male,867,0.6034058928489685,0.2908496856689453,0.5,0.3677685856819153,0.5816993713378906
Gender: Female,867,0.46235841512680054,0.2904411852359772,0.5,0.367441862821579,0.5808823704719543
Age: <40,867,0.5947396755218506,0.2804878056049347,0.5,0.359375,0.5609756112098694
Age: 40-50,867,0.4663636088371277,0.3188405930995941,0.5,0.389380544424057,0.6376811861991882
Age: 50-65,867,0.5043289661407471,0.2835051417350769,0.5,0.3618420958518982,0.5670102834701538
Race: White,867,0.5468531847000122,0.29323309659957886,0.5,0.36966824531555176,0.5864661931991577
Race: Black,867,0.5,0.25,0.5,0.3333333432674408,0.5
Race: Other,867,0.5068850517272949,0.2954545319080353,0.5,0.37142857909202576,0.5909091234207153
Overall,868,0.5121101140975952,0.29421767592430115,0.5,0.3704496920108795,0.5884353518486023
Gender: Male,868,0.49189987778663635,0.3031249940395355,0.5,0.3774318993091583,0.606249988079071
Gender: Female,868,0.5419691801071167,0.28358209133148193,0.5,0.3619047701358795,0.5671641826629639
Age: <40,868,0.6167635917663574,0.3208955228328705,0.5,0.3909091055393219,0.641791045665741
Age: 40-50,868,0.3799019455909729,0.24285714328289032,0.5,0.32692307233810425,0.48571428656578064
Age: 50-65,868,0.4798572063446045,0.2944444417953491,0.5,0.37062937021255493,0.5888888835906982
Race: White,868,0.5820271968841553,0.30633804202079773,0.5,0.37991267442703247,0.6126760244369507
Race: Black,868,0.5740740299224854,0.2857142984867096,0.5,0.3636363744735718,0.5714285969734192
Race: Other,868,0.4476054906845093,0.28244274854660034,0.5,0.36097562313079834,0.5648854970932007
Overall,869,0.49171221256256104,0.28478965163230896,0.5,0.36288660764694214,0.5695793032646179
Gender: Male,869,0.4775868058204651,0.2774193584918976,0.5,0.35684648156166077,0.5548387169837952
Gender: Female,869,0.5201388597488403,0.2922077775001526,0.5,0.3688524663448334,0.5844155550003052
Age: <40,869,0.5376218557357788,0.30612245202064514,0.5,0.37974682450294495,0.6122449040412903
Age: 40-50,869,0.39391446113586426,0.22857142984867096,0.5,0.3137255012989044,0.4571428596973419
Age: 50-65,869,0.4990253448486328,0.29347825050354004,0.5,0.36986300349235535,0.5869565606117249
Race: White,869,0.5258333683013916,0.3048780560493469,0.5,0.3787878751754761,0.6097560524940491
Race: Black,869,0.6597222089767456,0.3199999928474426,0.5,0.39024388790130615,0.6399999856948853
Race: Other,869,0.482662558555603,0.2639751434326172,0.5,0.3455284535884857,0.5279503464698792
Overall,870,0.5610716342926025,0.30936455726623535,0.5,0.3822314143180847,0.6187291145324707
Gender: Male,870,0.5641926527023315,0.2946428656578064,0.5,0.37078651785850525,0.5892857313156128
Gender: Female,870,0.5622739195823669,0.32824426889419556,0.5,0.3963133692741394,0.6564885377883911
Age: <40,870,0.6992380023002625,0.33916082978248596,0.5,0.40416666865348816,0.6783216595649719
Age: 40-50,870,0.3247126340866089,0.2769230902194977,0.5,0.3564356565475464,0.5538461804389954
Age: 50-65,870,0.5488165616989136,0.2857142984867096,0.5,0.3636363744735718,0.5714285969734192
Race: White,870,0.578911542892456,0.3125,0.5,0.38461539149284363,0.625
Race: Black,870,0.5508021116256714,0.3035714328289032,0.5,0.3777777850627899,0.6071428656578064
Race: Other,870,0.5538641214370728,0.30817610025405884,0.5,0.3813229501247406,0.6163522005081177
Overall,871,0.6166754961013794,0.28289473056793213,0.5,0.3613445460796356,0.5657894611358643
Gender: Male,871,0.6524790525436401,0.2818181812763214,0.5,0.3604651093482971,0.5636363625526428
Gender: Female,871,0.5706751346588135,0.2841726541519165,0.5,0.3623853325843811,0.568345308303833
Age: <40,871,0.6833495497703552,0.2743055522441864,0.5,0.35426008701324463,0.5486111044883728
Age: 40-50,871,0.5254083871841431,0.28358209133148193,0.5,0.3619047701358795,0.5671641826629639
Age: 50-65,871,0.5741627216339111,0.2956989109516144,0.5,0.37162160873413086,0.5913978219032288
Race: White,871,0.6171649098396301,0.26356589794158936,0.5,0.34517765045166016,0.5271317958831787
Race: Black,871,0.5954545736312866,0.32258063554763794,0.5,0.3921568691730499,0.6451612710952759
Race: Other,871,0.6361111402511597,0.2916666567325592,0.5,0.3684210479259491,0.5833333134651184
Overall,872,0.5174418687820435,0.2857142984867096,0.5,0.3636363744735718,0.5714285373687744
Gender: Male,872,0.5009162425994873,0.2788461446762085,0.5,0.3580246865749359,0.557692289352417
Gender: Female,872,0.5439215898513794,0.2931034564971924,0.5,0.3695652186870575,0.5862069129943848
Age: <40,872,0.5676470994949341,0.30534350872039795,0.5,0.379146933555603,0.6106870174407959
Age: 40-50,872,0.44615381956100464,0.2635135054588318,0.5,0.3451327383518219,0.5270270109176636
Age: 50-65,872,0.5028520822525024,0.2760416567325592,0.5,0.3557046949863434,0.5520833730697632
Race: White,872,0.6307470798492432,0.2769230902194977,0.5,0.3564356565475464,0.5538461804389954
Race: Black,872,0.529411792755127,0.31481480598449707,0.5,0.3863636255264282,0.6296296119689941
Race: Other,872,0.42563700675964355,0.2881944477558136,0.5,0.36563876271247864,0.5763888955116272
Overall,873,0.5617917776107788,0.2817869484424591,0.5,0.36043956875801086,0.5635738968849182
Gender: Male,873,0.5072782039642334,0.2951388955116272,0.5,0.3711790442466736,0.5902777910232544
Gender: Female,873,0.6230454444885254,0.2687074840068817,0.5,0.3495575189590454,0.5374149680137634
Age: <40,873,0.659188985824585,0.277372270822525,0.5,0.35680750012397766,0.55474454164505
Age: 40-50,873,0.29027777910232544,0.2777777910232544,0.5,0.3571428656578064,0.5555555820465088
Age: 50-65,873,0.563218355178833,0.28999999165534973,0.5,0.3670886158943176,0.5799999833106995
Race: White,873,0.625,0.2925925850868225,0.5,0.36915886402130127,0.585185170173645
Race: Black,873,0.5347222089767456,0.25,0.5,0.3333333432674408,0.5
Race: Other,873,0.49686557054519653,0.2765151560306549,0.5,0.356097549200058,0.5530303120613098
Overall,874,0.5898715257644653,0.3024055063724518,0.5,0.3768736720085144,0.6048110127449036
Gender: Male,874,0.5415959358215332,0.30254778265953064,0.5,0.3769841194152832,0.6050955653190613
Gender: Female,874,0.630561351776123,0.302238792181015,0.5,0.37674418091773987,0.60447758436203
Age: <40,874,0.6687554121017456,0.3156028389930725,0.5,0.38695651292800903,0.631205677986145
Age: 40-50,874,0.5374564528465271,0.2971014380455017,0.5,0.37272727489471436,0.5942029356956482
Age: 50-65,874,0.5192546844482422,0.2839506268501282,0.5,0.36220473051071167,0.5679012537002563
Race: White,874,0.6759259104728699,0.2786885201931,0.5,0.35789474844932556,0.5573770403862
Race: Black,874,0.759358286857605,0.3035714328289032,0.5,0.3777777850627899,0.6071428656578064
Race: Other,874,0.4916483461856842,0.3226950466632843,0.5,0.39224138855934143,0.6453900337219238
Overall,875,0.5303155183792114,0.27272728085517883,0.5,0.3529411852359772,0.5454545617103577
Gender: Male,875,0.48469388484954834,0.2916666567325592,0.5,0.3684210479259491,0.5833333730697632
Gender: Female,875,0.579807698726654,0.24806201457977295,0.5,0.3316062092781067,0.4961240291595459
Age: <40,875,0.5885469913482666,0.29032257199287415,0.5,0.36734694242477417,0.5806451439857483
Age: 40-50,875,0.5281853675842285,0.2430555522441864,0.5,0.32710281014442444,0.4861111044883728
Age: 50-65,875,0.4299754500389099,0.26428571343421936,0.5,0.3457943797111511,0.5285714268684387
Race: White,875,0.5584453344345093,0.252136766910553,0.5,0.33522728085517883,0.504273533821106
Race: Black,875,0.6372549533843994,0.2571428716182709,0.5,0.3396226465702057,0.5142857432365417
Race: Other,875,0.4725490212440491,0.2931034564971924,0.5,0.3695652186870575,0.5862069129943848
Overall,876,0.5245014429092407,0.2680412232875824,0.5,0.34899330139160156,0.5360825061798096
Gender: Male,876,0.5101495981216431,0.27586206793785095,0.5,0.35555556416511536,0.5517241358757019
Gender: Female,876,0.5377193093299866,0.25641027092933655,0.5,0.33898305892944336,0.5128205418586731
Age: <40,876,0.6267361640930176,0.25196850299835205,0.5,0.33507853746414185,0.5039370059967041
Age: 40-50,876,0.4579150676727295,0.2569444477558136,0.5,0.33944955468177795,0.5138888955116272
Age: 50-65,876,0.41031941771507263,0.29891303181648254,0.5,0.3741496503353119,0.5978261232376099
Race: White,876,0.6189473867416382,0.28409090638160706,0.5,0.36231884360313416,0.5681818127632141
Race: Black,876,0.38245612382888794,0.27941176295280457,0.5,0.35849055647850037,0.5588235259056091
Race: Other,876,0.46543776988983154,0.24799999594688416,0.5,0.33155080676078796,0.4960000216960907
Overall,877,0.5828471183776855,0.2959866225719452,0.5,0.3718487322330475,0.5919732451438904
Gender: Male,877,0.6776272058486938,0.2834394872188568,0.5,0.36178863048553467,0.5668789744377136
Gender: Female,877,0.47832489013671875,0.30985915660858154,0.5,0.38260868191719055,0.6197183132171631
Age: <40,877,0.6169898509979248,0.3125,0.5,0.38461539149284363,0.625
Age: 40-50,877,0.5532467365264893,0.25735294818878174,0.5,0.33980581164360046,0.5147058963775635
Age: 50-65,877,0.5265957117080688,0.297468364238739,0.5,0.3730158805847168,0.594936728477478
Race: White,877,0.6065163016319275,0.2978723347187042,0.5,0.3733333349227905,0.5957446694374084
Race: Black,877,0.6794872283935547,0.34210526943206787,0.5,0.40625,0.6842105388641357
Race: Other,877,0.5576270818710327,0.28776979446411133,0.5,0.3652968108654022,0.5755395889282227
Overall,878,0.5185084342956543,0.2792642116546631,0.5,0.3583691120147705,0.5585284233093262
Gender: Male,878,0.5557476282119751,0.26646706461906433,0.5,0.34765625,0.5329341292381287
Gender: Female,878,0.47483378648757935,0.2954545319080353,0.5,0.37142857909202576,0.5909091234207153
Age: <40,878,0.5619906187057495,0.2700729966163635,0.5,0.3507108986377716,0.540145993232727
Age: 40-50,878,0.4736841917037964,0.2405063360929489,0.5,0.32478633522987366,0.4810126721858978
Age: 50-65,878,0.5103895664215088,0.3313252925872803,0.5,0.39855071902275085,0.6626505851745605
Race: White,878,0.509615421295166,0.2936508059501648,0.5,0.3700000047683716,0.5873016119003296
Race: Black,878,0.585185170173645,0.22727273404598236,0.5,0.3125,0.4545454680919647
Race: Other,878,0.5161290168762207,0.2785714268684387,0.5,0.35779815912246704,0.5571428537368774
Overall,879,0.5346484184265137,0.2636054456233978,0.5,0.34521159529685974,0.5272108912467957
Gender: Male,879,0.5603106021881104,0.26174497604370117,0.5,0.34361234307289124,0.5234899520874023
Gender: Female,879,0.5127960443496704,0.2655172348022461,0.5,0.3468468487262726,0.5310344696044922
Age: <40,879,0.5845770835876465,0.2689655125141144,0.5,0.3497757911682129,0.5379310250282288
Age: 40-50,879,0.43252032995224,0.2112676054239273,0.5,0.2970297038555145,0.4225352108478546
Age: 50-65,879,0.5394646525382996,0.30128204822540283,0.5,0.37599998712539673,0.6025640964508057
Race: White,879,0.6061769127845764,0.2567567527294159,0.5,0.3392857015132904,0.5135135054588318
Race: Black,879,0.6666666269302368,0.27272728085517883,0.5,0.3529411852359772,0.5454545617103577
Race: Other,879,0.43938201665878296,0.27016130089759827,0.5,0.35078534483909607,0.5403225421905518
Overall,880,0.5211840271949768,0.31896552443504333,0.5,0.38947367668151855,0.6379310488700867
Gender: Male,880,0.4316239356994629,0.32781457901000977,0.5,0.3959999978542328,0.6556291580200195
Gender: Female,880,0.6316367387771606,0.3093525171279907,0.5,0.3822222352027893,0.6187050342559814
Age: <40,880,0.5997844934463501,0.3134920597076416,0.5,0.3853658437728882,0.626984179019928
Age: 40-50,880,0.43685299158096313,0.32307693362236023,0.5,0.3925233781337738,0.6461538672447205
Age: 50-65,880,0.48973214626312256,0.3232323229312897,0.5,0.39263802766799927,0.6464646458625793
Race: White,880,0.6372549533843994,0.3008849620819092,0.5,0.37569060921669006,0.6017699241638184
Race: Black,880,0.699999988079071,0.29411765933036804,0.5,0.37037035822868347,0.5882353186607361
Race: Other,880,0.42690885066986084,0.3343749940395355,0.5,0.4007490575313568,0.668749988079071
Overall,881,0.5475953817367554,0.27226027846336365,0.5,0.35254988074302673,0.5445205569267273
Gender: Male,881,0.5751065015792847,0.28947368264198303,0.5,0.36666667461395264,0.5789473652839661
Gender: Female,881,0.52173912525177,0.25357142090797424,0.5,0.3364928960800171,0.5071428418159485
Age: <40,881,0.5825037360191345,0.2801724076271057,0.5,0.3591160178184509,0.5603448152542114
Age: 40-50,881,0.48176470398902893,0.2976190447807312,0.5,0.3731343150138855,0.5952380895614624
Age: 50-65,881,0.5648674368858337,0.239130437374115,0.5,0.3235294222831726,0.47826087474823
Race: White,881,0.5821340084075928,0.25590550899505615,0.5,0.3385416567325592,0.5118110179901123
Race: Black,881,0.6776316165924072,0.35185185074806213,0.5,0.41304346919059753,0.7037037014961243
Race: Other,881,0.5248677730560303,0.27173912525177,0.5,0.35211268067359924,0.54347825050354
Overall,882,0.47781112790107727,0.27166667580604553,0.5,0.35205182433128357,0.5433333516120911
Gender: Male,882,0.45379066467285156,0.27034884691238403,0.5,0.350943386554718,0.5406976938247681
Gender: Female,882,0.5113300681114197,0.2734375,0.5,0.35353535413742065,0.546875
Age: <40,882,0.5401408672332764,0.27099236845970154,0.5,0.35148516297340393,0.5419847369194031
Age: 40-50,882,0.3700000047683716,0.25,0.5,0.3333333432674408,0.5
Age: 50-65,882,0.45504462718963623,0.2844036817550659,0.5,0.3625730872154236,0.5688073039054871
Race: White,882,0.5627706050872803,0.2810218930244446,0.5,0.3598130941390991,0.5620437860488892
Race: Black,882,0.6458333730697632,0.25,0.5,0.3333333432674408,0.5
Race: Other,882,0.3752598762512207,0.26618704199790955,0.5,0.34741783142089844,0.5323740839958191
Overall,883,0.5167778730392456,0.3079470098018646,0.5,0.3811475336551666,0.6158940196037292
Gender: Male,883,0.5092817544937134,0.3154761791229248,0.5,0.38686132431030273,0.6309524178504944
Gender: Female,883,0.5212962627410889,0.2985074520111084,0.5,0.37383177876472473,0.5970149040222168
Age: <40,883,0.6065044403076172,0.2945736348628998,0.5,0.3707317113876343,0.5891472697257996
Age: 40-50,883,0.4589371681213379,0.31506848335266113,0.5,0.38655462861061096,0.6301369667053223
Age: 50-65,883,0.4565972089767456,0.3199999928474426,0.5,0.39024388790130615,0.6399999856948853
Race: White,883,0.586904764175415,0.31343284249305725,0.5,0.38532111048698425,0.6268656849861145
Race: Black,883,0.637499988079071,0.25806450843811035,0.5,0.3404255211353302,0.5161290168762207
Race: Other,883,0.4377565085887909,0.31386861205101013,0.5,0.3856502175331116,0.6277372241020203
Overall,884,0.5915120840072632,0.3202614486217499,0.5,0.3904382586479187,0.6405228972434998
Gender: Male,884,0.5693265199661255,0.3238636255264282,0.5,0.3931034505367279,0.6477273106575012
Gender: Female,884,0.6130589246749878,0.3153846263885498,0.5,0.38679245114326477,0.6307692527770996
Age: <40,884,0.6711339950561523,0.3540146052837372,0.5,0.4145299196243286,0.7080292105674744
Age: 40-50,884,0.5411020517349243,0.3014705777168274,0.5,0.3761467933654785,0.6029411554336548
Age: 50-65,884,0.5593423843383789,0.2871287167072296,0.5,0.36477985978126526,0.5742574334144592
Race: White,884,0.6068376302719116,0.3137930929660797,0.5,0.3855932056903839,0.6275861859321594
Race: Black,884,0.6515836715698242,0.28333333134651184,0.5,0.3617021143436432,0.5666667222976685
Race: Other,884,0.5655391216278076,0.3358778655529022,0.5,0.4018264710903168,0.6717557311058044
Overall,885,0.5126992464065552,0.3079470098018646,0.5,0.3811475336551666,0.6158940196037292
Gender: Male,885,0.47115659713745117,0.2982456088066101,0.5,0.37362638115882874,0.5964912176132202
Gender: Female,885,0.5729483366012573,0.3206106722354889,0.5,0.3906976878643036,0.6412214040756226
Age: <40,885,0.5583332777023315,0.3571428656578064,0.5,0.4166666567325592,0.7142857313156128
Age: 40-50,885,0.5425926446914673,0.22727273404598236,0.5,0.3125,0.4545454680919647
Age: 50-65,885,0.4683195650577545,0.30000001192092896,0.5,0.375,0.5999999642372131
Race: White,885,0.5334586501121521,0.31456953287124634,0.5,0.3861788511276245,0.6291390657424927
Race: Black,885,0.6089743375778198,0.23999999463558197,0.5,0.3243243098258972,0.47999998927116394
Race: Other,885,0.47320228815078735,0.3134920597076416,0.5,0.3853658437728882,0.626984179019928
Overall,886,0.5074878931045532,0.300335556268692,0.5,0.375262051820755,0.6006711721420288
Gender: Male,886,0.4564586281776428,0.33544304966926575,0.5,0.4015151560306549,0.6708860993385315
Gender: Female,886,0.5536700487136841,0.2607142925262451,0.5,0.34272301197052,0.5214285850524902
Age: <40,886,0.530512809753418,0.29527559876441956,0.5,0.37128713726997375,0.5905511975288391
Age: 40-50,886,0.5428571701049805,0.34090909361839294,0.5,0.4054054021835327,0.6818181872367859
Age: 50-65,886,0.46573323011398315,0.2809523940086365,0.5,0.35975611209869385,0.561904788017273
Race: White,886,0.513157844543457,0.2733812928199768,0.5,0.35348838567733765,0.5467625856399536
Race: Black,886,0.4624999761581421,0.3571428656578064,0.5,0.4166666567325592,0.7142857313156128
Race: Other,886,0.4992470145225525,0.31679388880729675,0.5,0.38785046339035034,0.6335877776145935
Overall,887,0.5283209085464478,0.3057432472705841,0.5,0.37945494055747986,0.6114864945411682
Gender: Male,887,0.5223881006240845,0.3029411733150482,0.5,0.37728938460350037,0.6058823466300964
Gender: Female,887,0.5395299196243286,0.3095238208770752,0.5,0.38235294818878174,0.6190476417541504
Age: <40,887,0.5518207550048828,0.30909091234207153,0.5,0.3820224702358246,0.6181818246841431
Age: 40-50,887,0.5428571701049805,0.28658536076545715,0.5,0.3643410801887512,0.5731707215309143
Age: 50-65,887,0.49242424964904785,0.3173076808452606,0.5,0.38823530077934265,0.634615421295166
Race: White,887,0.6245700120925903,0.2868216931819916,0.5,0.3645320236682892,0.5736433863639832
Race: Black,887,0.6299999952316284,0.4000000059604645,0.5,0.4444444477558136,0.7999999523162842
Race: Other,887,0.4512016773223877,0.30633804202079773,0.5,0.37991267442703247,0.6126760244369507
Overall,888,0.503830075263977,0.28355705738067627,0.5,0.36188435554504395,0.5671141147613525
Gender: Male,888,0.43559929728507996,0.2847682237625122,0.5,0.3628692030906677,0.5695364475250244
Gender: Female,888,0.5792545080184937,0.28231292963027954,0.5,0.36086955666542053,0.5646258592605591
Age: <40,888,0.4868197441101074,0.30000001192092896,0.5,0.375,0.6000000238418579
Age: 40-50,888,0.5208333134651184,0.26923078298568726,0.5,0.3499999940395355,0.5384615659713745
Age: 50-65,888,0.5255997180938721,0.2688679099082947,0.5,0.349693238735199,0.5377358794212341
Race: White,888,0.6138782501220703,0.29136690497398376,0.5,0.36818182468414307,0.5827338099479675
Race: Black,888,0.7692307829856873,0.25,0.5,0.3333333432674408,0.5
Race: Other,888,0.3448275923728943,0.28195488452911377,0.5,0.36057692766189575,0.5639097690582275
Overall,889,0.6033767461776733,0.2898305058479309,0.5,0.3669527769088745,0.5796610116958618
Gender: Male,889,0.6154873371124268,0.31470587849617004,0.5,0.3862815797328949,0.6294117569923401
Gender: Female,889,0.5796618461608887,0.25600001215934753,0.5,0.33862432837486267,0.5120000243186951
Age: <40,889,0.6002113819122314,0.304964542388916,0.5,0.3788546323776245,0.609929084777832
Age: 40-50,889,0.5302520990371704,0.25362318754196167,0.5,0.3365384638309479,0.5072463750839233
Age: 50-65,889,0.647428572177887,0.29411765933036804,0.5,0.37037035822868347,0.5882353186607361
Race: White,889,0.7108796834945679,0.2985074520111084,0.5,0.37383177876472473,0.5970149040222168
Race: Black,889,0.5454545021057129,0.22499999403953552,0.5,0.3103448152542114,0.45000001788139343
Race: Other,889,0.5134353041648865,0.29078012704849243,0.5,0.36771300435066223,0.5815602540969849
Overall,890,0.5003924369812012,0.2574257552623749,0.5,0.33986929059028625,0.5148515105247498
Gender: Male,890,0.5126307010650635,0.2530120611190796,0.5,0.335999995470047,0.5060240626335144
Gender: Female,890,0.4910256564617157,0.262773722410202,0.5,0.3444976210594177,0.525547444820404
Age: <40,890,0.5419270992279053,0.24193547666072845,0.5,0.32608696818351746,0.4838709533214569
Age: 40-50,890,0.4639498293399811,0.2661290466785431,0.5,0.34736841917037964,0.5322580337524414
Age: 50-65,890,0.48589062690734863,0.26923078298568726,0.5,0.3499999940395355,0.5384615659713745
Race: White,890,0.614393949508667,0.27397260069847107,0.5,0.3539822995662689,0.5479452013969421
Race: Black,890,0.6020408272743225,0.25,0.5,0.3333333432674408,0.5
Race: Other,890,0.3572460412979126,0.24031007289886475,0.5,0.32460734248161316,0.4806201457977295
Overall,891,0.5119091868400574,0.2804054021835327,0.5,0.35930734872817993,0.5608108043670654
Gender: Male,891,0.47006145119667053,0.27960526943206787,0.5,0.3586497902870178,0.5592105388641357
Gender: Female,891,0.5575151443481445,0.28125,0.5,0.36000001430511475,0.5625
Age: <40,891,0.5534722208976746,0.27272728085517883,0.5,0.3529411852359772,0.5454545617103577
Age: 40-50,891,0.4075268507003784,0.24590164422988892,0.5,0.32967033982276917,0.49180325865745544
Age: 50-65,891,0.4979967474937439,0.3106796145439148,0.5,0.38323354721069336,0.6213592290878296
Race: White,891,0.6570911407470703,0.2759999930858612,0.5,0.35567009449005127,0.5520000457763672
Race: Black,891,0.529411792755127,0.25757575035095215,0.5,0.3400000035762787,0.5151515007019043
Race: Other,891,0.3956896662712097,0.28985506296157837,0.5,0.3669724762439728,0.5797101259231567
Overall,892,0.5918786525726318,0.26767677068710327,0.5,0.3486842215061188,0.5353535413742065
Gender: Male,892,0.603378415107727,0.28735631704330444,0.5,0.36496350169181824,0.5747126340866089
Gender: Female,892,0.5744173526763916,0.2398373931646347,0.5,0.3241758346557617,0.4796747863292694
Age: <40,892,0.6656394600868225,0.28308823704719543,0.5,0.36150234937667847,0.5661764740943909
Age: 40-50,892,0.5945945978164673,0.21969696879386902,0.5,0.3052631616592407,0.43939393758773804
Age: 50-65,892,0.5031446218490601,0.2789473831653595,0.5,0.3581081032752991,0.557894766330719
Race: White,892,0.6077097654342651,0.2368421107530594,0.5,0.3214285671710968,0.4736842215061188
Race: Black,892,0.4935064911842346,0.3055555522441864,0.5,0.37931033968925476,0.6111111044883728
Race: Other,892,0.5855351686477661,0.29109588265419006,0.5,0.36796537041664124,0.5821917653083801
Overall,893,0.4896091818809509,0.2909699082374573,0.5,0.3678646981716156,0.5819398164749146
Gender: Male,893,0.41604799032211304,0.30116960406303406,0.5,0.3759123980998993,0.6023392081260681
Gender: Female,893,0.5821596384048462,0.27734375,0.5,0.356783926486969,0.5546875
Age: <40,893,0.5234588384628296,0.31200000643730164,0.5,0.3842364549636841,0.6240000128746033
Age: 40-50,893,0.47030752897262573,0.26436781883239746,0.5,0.3458646535873413,0.5287356376647949
Age: 50-65,893,0.4562162160873413,0.28735631704330444,0.5,0.36496350169181824,0.5747126340866089
Race: White,893,0.5477745532989502,0.28014183044433594,0.5,0.3590908944606781,0.5602836608886719
Race: Black,893,0.42105263471603394,0.32758620381355286,0.5,0.3958333432674408,0.6551724076271057
Race: Other,893,0.4530784487724304,0.2945736348628998,0.5,0.3707317113876343,0.5891472697257996
Overall,894,0.5360978841781616,0.28135591745376587,0.5,0.3600867688655853,0.5627118349075317
Gender: Male,894,0.5556842088699341,0.2711864411830902,0.5,0.35164836049079895,0.5423728823661804
Gender: Female,894,0.5330357551574707,0.29661017656326294,0.5,0.3723404109477997,0.5932203531265259
Age: <40,894,0.5409586429595947,0.3057554066181183,0.5,0.3794642984867096,0.6115108132362366
Age: 40-50,894,0.5109890103340149,0.21311475336551666,0.5,0.29885056614875793,0.42622947692871094
Age: 50-65,894,0.5277272462844849,0.28947368264198303,0.5,0.36666667461395264,0.5789473652839661
Race: White,894,0.5864197015762329,0.30451127886772156,0.5,0.3785046637058258,0.6090225577354431
Race: Black,894,0.523809552192688,0.30434781312942505,0.5,0.37837839126586914,0.6086956858634949
Race: Other,894,0.5186412334442139,0.25539568066596985,0.5,0.3380952477455139,0.5107913613319397
Overall,895,0.5179403424263,0.30730897188186646,0.5,0.38065844774246216,0.6146179437637329
Gender: Male,895,0.5196079015731812,0.3207547068595886,0.5,0.39080458879470825,0.6415094137191772
Gender: Female,895,0.5078619718551636,0.2922535240650177,0.5,0.36888888478279114,0.5845070481300354
Age: <40,895,0.588266134262085,0.3217054307460785,0.5,0.39150944352149963,0.643410861492157
Age: 40-50,895,0.3611270785331726,0.2797619104385376,0.5,0.35877862572669983,0.5595238208770752
Age: 50-65,895,0.5768595337867737,0.3125,0.5,0.38461539149284363,0.625
Race: White,895,0.608380138874054,0.3248175084590912,0.5,0.39380529522895813,0.6496350169181824
Race: Black,895,0.6145833730697632,0.3636363744735718,0.5,0.42105263471603394,0.7272727489471436
Race: Other,895,0.44657260179519653,0.28169015049934387,0.5,0.36036035418510437,0.563380241394043
Overall,896,0.622881293296814,0.30201342701911926,0.5,0.3765690326690674,0.6040268540382385
Gender: Male,896,0.5751969814300537,0.33012819290161133,0.5,0.39768341183662415,0.6602564454078674
Gender: Female,896,0.6543456315994263,0.27112674713134766,0.5,0.35159817337989807,0.5422534942626953
Age: <40,896,0.6736470460891724,0.31481480598449707,0.5,0.3863636255264282,0.6296296119689941
Age: 40-50,896,0.5371516942977905,0.2638888955116272,0.5,0.34545454382896423,0.5277777910232544
Age: 50-65,896,0.6088751554489136,0.3131868243217468,0.5,0.38513514399528503,0.6263736486434937
Race: White,896,0.709250271320343,0.2743055522441864,0.5,0.35426008701324463,0.5486111044883728
Race: Black,896,0.5892857313156128,0.3181818127632141,0.5,0.3888888955116272,0.6363636255264282
Race: Other,896,0.5496807098388672,0.3295454680919647,0.5,0.39726027846336365,0.6590909361839294
Overall,897,0.49624061584472656,0.27226027846336365,0.5,0.35254988074302673,0.5445205569267273
Gender: Male,897,0.4597998559474945,0.27450981736183167,0.5,0.3544303774833679,0.5490196347236633
Gender: Female,897,0.5414583683013916,0.26978418231010437,0.5,0.3504672944545746,0.5395683646202087
Age: <40,897,0.5177364945411682,0.26811593770980835,0.5,0.349056601524353,0.5362318754196167
Age: 40-50,897,0.4117647111415863,0.265625,0.5,0.3469387888908386,0.53125
Age: 50-65,897,0.5022624135017395,0.28333333134651184,0.5,0.3617021143436432,0.5666666626930237
Race: White,897,0.5363636016845703,0.261904776096344,0.5,0.34375,0.523809552192688
Race: Black,897,0.7013888359069824,0.25,0.5,0.3333333432674408,0.5
Race: Other,897,0.44161099195480347,0.2852112650871277,0.5,0.3632287085056305,0.5704225301742554
Overall,898,0.4916115701198578,0.2918088734149933,0.5,0.36853447556495667,0.5836177468299866
Gender: Male,898,0.4850192368030548,0.30571427941322327,0.5,0.3794326186180115,0.6114285588264465
Gender: Female,898,0.4947916865348816,0.2711864411830902,0.5,0.35164836049079895,0.5423728823661804
Age: <40,898,0.48731666803359985,0.30000001192092896,0.5,0.375,0.6000000238418579
Age: 40-50,898,0.4886363744735718,0.28947368264198303,0.5,0.36666667461395264,0.5789473652839661
Age: 50-65,898,0.49215686321258545,0.28021979331970215,0.5,0.35915493965148926,0.5604395866394043
Race: White,898,0.5503393411636353,0.28333333134651184,0.5,0.3617021143436432,0.5666667222976685
Race: Black,898,0.610714316368103,0.29411765933036804,0.5,0.37037035822868347,0.5882353186607361
Race: Other,898,0.4391136169433594,0.298561155796051,0.5,0.37387385964393616,0.597122311592102
Overall,899,0.6129032373428345,0.29672130942344666,0.5,0.37242797017097473,0.5934426188468933
Gender: Male,899,0.6058084964752197,0.30061349272727966,0.5,0.37547892332077026,0.6012269854545593
Gender: Female,899,0.6211966276168823,0.2922535240650177,0.5,0.36888888478279114,0.5845070481300354
Age: <40,899,0.6955276727676392,0.31785714626312256,0.5,0.38864627480506897,0.6357142925262451
Age: 40-50,899,0.41577062010765076,0.26865673065185547,0.5,0.34951457381248474,0.5373134016990662
Age: 50-65,899,0.6428571343421936,0.2857142984867096,0.5,0.3636363744735718,0.5714285373687744
Race: White,899,0.6832122802734375,0.2937062978744507,0.5,0.3700440526008606,0.5874125957489014
Race: Black,899,0.5511363744735718,0.29629629850387573,0.5,0.3720930218696594,0.5925925970077515
Race: Other,899,0.5724736452102661,0.30000001192092896,0.5,0.375,0.5999999642372131
Overall,900,0.584502100944519,0.28382837772369385,0.5,0.36210525035858154,0.5676567554473877
Gender: Male,900,0.5862284898757935,0.27950310707092285,0.5,0.3585657477378845,0.5590062141418457
Gender: Female,900,0.5817073583602905,0.2887323796749115,0.5,0.3660714328289032,0.577464759349823
Age: <40,900,0.6444219350814819,0.29720279574394226,0.5,0.37280702590942383,0.5944055914878845
Age: 40-50,900,0.5490931272506714,0.24375000596046448,0.5,0.32773110270500183,0.48750001192092896
Age: 50-65,900,0.5345051884651184,0.30000001192092896,0.5,0.375,0.6000000238418579
Race: White,900,0.6631944179534912,0.2647058963775635,0.5,0.3461538553237915,0.529411792755127
Race: Black,900,0.545098066329956,0.234375,0.5,0.3191489279270172,0.46875
Race: Other,900,0.5105882883071899,0.31481480598449707,0.5,0.3863636255264282,0.6296296119689941
Overall,901,0.49799609184265137,0.2840135991573334,0.5,0.3622559607028961,0.5680271983146667
Gender: Male,901,0.5341325402259827,0.2898089289665222,0.5,0.36693549156188965,0.5796178579330444
Gender: Female,901,0.45664364099502563,0.277372270822525,0.5,0.35680750012397766,0.55474454164505
Age: <40,901,0.5525054931640625,0.3057554066181183,0.5,0.3794642984867096,0.6115108132362366
Age: 40-50,901,0.43011581897735596,0.2569444477558136,0.5,0.33944955468177795,0.5138888955116272
Age: 50-65,901,0.46198830008506775,0.27108433842658997,0.5,0.3515625,0.5421686768531799
Race: White,901,0.6083582043647766,0.28632479906082153,0.5,0.364130437374115,0.5726495981216431
Race: Black,901,0.4336734712123871,0.25,0.5,0.3333333432674408,0.5
Race: Other,901,0.44241416454315186,0.28859061002731323,0.5,0.36595743894577026,0.5771812200546265
Overall,902,0.5367318391799927,0.29933109879493713,0.5,0.37447699904441833,0.5986621975898743
Gender: Male,902,0.5495867729187012,0.2857142984867096,0.5,0.3636363744735718,0.5714285969734192
Gender: Female,902,0.5457875728607178,0.3137930929660797,0.5,0.3855932056903839,0.6275861859321594
Age: <40,902,0.5831128358840942,0.2956204414367676,0.5,0.37155961990356445,0.5912408828735352
Age: 40-50,902,0.5211161375045776,0.3311688303947449,0.5,0.3984375,0.6623376607894897
Age: 50-65,902,0.4725643992424011,0.2764706015586853,0.5,0.35606059432029724,0.5529412031173706
Race: White,902,0.5703431367874146,0.30534350872039795,0.5,0.379146933555603,0.6106870174407959
Race: Black,902,0.5888888835906982,0.27272728085517883,0.5,0.3529411852359772,0.5454545617103577
Race: Other,902,0.48399633169174194,0.30000001192092896,0.5,0.375,0.5999999642372131
Overall,903,0.5035451054573059,0.2915254235267639,0.5,0.3683083653450012,0.5830508470535278
Gender: Male,903,0.5201265811920166,0.2793295979499817,0.5,0.3584229350090027,0.5586591958999634
Gender: Female,903,0.4873737692832947,0.3103448152542114,0.5,0.38297873735427856,0.6206896305084229
Age: <40,903,0.5562841892242432,0.29801324009895325,0.5,0.37344399094581604,0.5960264801979065
Age: 40-50,903,0.416233092546463,0.25,0.5,0.3333333432674408,0.5
Age: 50-65,903,0.4301075339317322,0.3109756112098694,0.5,0.3834586441516876,0.6219512224197388
Race: White,903,0.569609522819519,0.2753623127937317,0.5,0.35514017939567566,0.5507246255874634
Race: Black,903,0.547619104385376,0.36000001430511475,0.5,0.41860464215278625,0.7199999690055847
Race: Other,903,0.45180436968803406,0.2954545319080353,0.5,0.37142857909202576,0.5909091234207153
Overall,904,0.5384297370910645,0.29900333285331726,0.5,0.3742203712463379,0.5980066061019897
Gender: Male,904,0.5015294551849365,0.3258427083492279,0.5,0.3945578336715698,0.6516854166984558
Gender: Female,904,0.5672669410705566,0.2601625919342041,0.5,0.34224599599838257,0.5203251838684082
Age: <40,904,0.5992039442062378,0.3034188151359558,0.5,0.3776595890522003,0.6068376302719116
Age: 40-50,904,0.4115646481513977,0.30000001192092896,0.5,0.375,0.6000000238418579
Age: 50-65,904,0.5658939480781555,0.29385966062545776,0.5,0.37016573548316956,0.5877193212509155
Race: White,904,0.5976835489273071,0.3142857253551483,0.5,0.38596490025520325,0.6285714507102966
Race: Black,904,0.3888888955116272,0.3199999928474426,0.5,0.39024388790130615,0.6399999856948853
Race: Other,904,0.5326754450798035,0.27941176295280457,0.5,0.35849055647850037,0.5588235259056091
Overall,905,0.5489750504493713,0.2880258858203888,0.5,0.36550307273864746,0.5760517716407776
Gender: Male,905,0.5792484283447266,0.3068181872367859,0.5,0.3802816867828369,0.6136363744735718
Gender: Female,905,0.5192743539810181,0.2631579041481018,0.5,0.3448275923728943,0.5263158082962036
Age: <40,905,0.5787684917449951,0.28671327233314514,0.5,0.36444443464279175,0.5734265446662903
Age: 40-50,905,0.3887755274772644,0.2222222238779068,0.5,0.3076923191547394,0.444444477558136
Age: 50-65,905,0.6151260137557983,0.3300970792770386,0.5,0.3976608216762543,0.6601941585540771
Race: White,905,0.5599489212036133,0.3024691343307495,0.5,0.3769230842590332,0.604938268661499
Race: Black,905,0.615384578704834,0.17499999701976776,0.5,0.25925925374031067,0.3499999940395355
Race: Other,905,0.5007610321044922,0.28740158677101135,0.5,0.36500000953674316,0.5748031735420227
Overall,906,0.5248161554336548,0.2638888955116272,0.5,0.34545454382896423,0.5277777910232544
Gender: Male,906,0.5385578870773315,0.27000001072883606,0.5,0.350649356842041,0.5400000214576721
Gender: Female,906,0.5122976303100586,0.25724637508392334,0.5,0.339712917804718,0.5144927501678467
Age: <40,906,0.5524961352348328,0.2680000066757202,0.5,0.3489583432674408,0.5360000133514404
Age: 40-50,906,0.4696969985961914,0.2537313401699066,0.5,0.3366336524486542,0.5074626803398132
Age: 50-65,906,0.5119825601577759,0.265625,0.5,0.3469387888908386,0.53125
Race: White,906,0.6095890402793884,0.27037036418914795,0.5,0.3509615361690521,0.5407407283782959
Race: Black,906,0.42222222685813904,0.3125,0.5,0.38461539149284363,0.625
Race: Other,906,0.45048075914382935,0.24806201457977295,0.5,0.3316062092781067,0.4961240291595459
Overall,907,0.5080276727676392,0.28999999165534973,0.5,0.3670886158943176,0.5800000429153442
Gender: Male,907,0.5257338285446167,0.300561785697937,0.5,0.3754386007785797,0.6011236310005188
Gender: Female,907,0.487109899520874,0.2745901644229889,0.5,0.35449734330177307,0.549180269241333
Age: <40,907,0.549453616142273,0.329365074634552,0.5,0.3971291780471802,0.6587302088737488
Age: 40-50,907,0.4492329955101013,0.25,0.5,0.3333333432674408,0.5
Age: 50-65,907,0.488325297832489,0.27000001072883606,0.5,0.350649356842041,0.5399999618530273
Race: White,907,0.5606611371040344,0.25,0.5,0.3333333432674408,0.4999999701976776
Race: Black,907,0.6000000238418579,0.38461539149284363,0.5,0.43478259444236755,0.7692307829856873
Race: Other,907,0.471639484167099,0.3018292784690857,0.5,0.3764258623123169,0.6036584973335266
Overall,908,0.5429093241691589,0.24493242800235748,0.5,0.32879817485809326,0.48986488580703735
Gender: Male,908,0.5587899684906006,0.24827586114406586,0.5,0.3317972421646118,0.4965517222881317
Gender: Female,908,0.5170354843139648,0.24172185361385345,0.5,0.3258928656578064,0.4834437072277069
Age: <40,908,0.5912044048309326,0.22834645211696625,0.5,0.31351351737976074,0.4566929042339325
Age: 40-50,908,0.44675642251968384,0.23456789553165436,0.5,0.3193277418613434,0.4691358208656311
Age: 50-65,908,0.5724751949310303,0.27840909361839294,0.5,0.35766422748565674,0.5568181872367859
Race: White,908,0.6387816667556763,0.2700729966163635,0.5,0.3507108986377716,0.540145993232727
Race: Black,908,0.7266666889190674,0.20000000298023224,0.5,0.2857142984867096,0.3999999761581421
Race: Other,908,0.4322928488254547,0.2276119440793991,0.5,0.31282052397727966,0.45522385835647583
Overall,909,0.4786670207977295,0.27627119421958923,0.5,0.35589519143104553,0.5525423884391785
Gender: Male,909,0.5122925043106079,0.27358490228652954,0.5,0.353658527135849,0.5471698045730591
Gender: Female,909,0.4364035129547119,0.27941176295280457,0.5,0.35849055647850037,0.5588235259056091
Age: <40,909,0.5615530014038086,0.2538461685180664,0.5,0.33673468232154846,0.5076923370361328
Age: 40-50,909,0.34584176540374756,0.2698412835597992,0.5,0.3505154550075531,0.5396825671195984
Age: 50-65,909,0.44403743743896484,0.30882352590560913,0.5,0.38181817531585693,0.6176470518112183
Race: White,909,0.5479452013969421,0.28740158677101135,0.5,0.36500000953674316,0.5748031735420227
Race: Black,909,0.5439560413360596,0.25925925374031067,0.5,0.3414634168148041,0.5185185074806213
Race: Other,909,0.4180161952972412,0.26950353384017944,0.5,0.3502304255962372,0.5390070676803589
Overall,910,0.5840336084365845,0.302325576543808,0.5,0.37681159377098083,0.604651153087616
Gender: Male,910,0.5380659699440002,0.3198924660682678,0.5,0.39016392827033997,0.6397849321365356
Gender: Female,910,0.6437729001045227,0.27391305565834045,0.5,0.35393258929252625,0.5478260517120361
Age: <40,910,0.6940332651138306,0.33571428060531616,0.5,0.4017094075679779,0.6714285612106323
Age: 40-50,910,0.4875478744506836,0.2230769246816635,0.5,0.3085106313228607,0.446153849363327
Age: 50-65,910,0.4938158392906189,0.3072916567325592,0.5,0.38064515590667725,0.6145833730697632
Race: White,910,0.5959091186523438,0.29629629850387573,0.5,0.3720930218696594,0.5925925970077515
Race: Black,910,0.476190447807312,0.3499999940395355,0.5,0.4117647111415863,0.699999988079071
Race: Other,910,0.6059952974319458,0.30136987566947937,0.5,0.3760683834552765,0.602739691734314
Overall,911,0.546570897102356,0.2705479562282562,0.5,0.35111111402511597,0.5410959124565125
Gender: Male,911,0.5652899742126465,0.2730061411857605,0.5,0.3531745970249176,0.546012282371521
Gender: Female,911,0.5321255922317505,0.26744186878204346,0.5,0.3484848439693451,0.5348837375640869
Age: <40,911,0.5331659317016602,0.28928571939468384,0.5,0.3665158450603485,0.5785714387893677
Age: 40-50,911,0.5513879060745239,0.20945945382118225,0.5,0.29523810744285583,0.4189189374446869
Age: 50-65,911,0.5733696222305298,0.29487180709838867,0.5,0.3709677457809448,0.5897436141967773
Race: White,911,0.6309124231338501,0.289682537317276,0.5,0.3668341636657715,0.5793651342391968
Race: Black,911,0.6149733066558838,0.21794871985912323,0.5,0.3035714328289032,0.43589743971824646
Race: Other,911,0.4690927267074585,0.26771652698516846,0.5,0.34871795773506165,0.5354330539703369
Overall,912,0.5589940547943115,0.2859589159488678,0.5,0.363834410905838,0.5719178318977356
Gender: Male,912,0.5636200904846191,0.29605263471603394,0.5,0.3719008266925812,0.5921052694320679
Gender: Female,912,0.5475159883499146,0.2750000059604645,0.5,0.35483869910240173,0.550000011920929
Age: <40,912,0.6074429750442505,0.31716418266296387,0.5,0.388127863407135,0.6343283653259277
Age: 40-50,912,0.4699999690055847,0.23333333432674408,0.5,0.3181818127632141,0.46666666865348816
Age: 50-65,912,0.5561466217041016,0.28313252329826355,0.5,0.36153846979141235,0.5662650465965271
Race: White,912,0.6019999980926514,0.3076923191547394,0.5,0.380952388048172,0.6153846383094788
Race: Black,912,0.7142857313156128,0.25925925374031067,0.5,0.3414634168148041,0.5185185074806213
Race: Other,912,0.5136985778808594,0.27037036418914795,0.5,0.3509615361690521,0.5407407283782959
Overall,913,0.5708563327789307,0.3006644546985626,0.5,0.37551867961883545,0.6013289093971252
Gender: Male,913,0.5101556777954102,0.28614458441734314,0.5,0.3639846742153168,0.5722891092300415
Gender: Female,913,0.6589938402175903,0.3185185194015503,0.5,0.3891402781009674,0.6370370388031006
Age: <40,913,0.5463335514068604,0.2943548262119293,0.5,0.37055838108062744,0.5887096524238586
Age: 40-50,913,0.5396952629089355,0.2986111044883728,0.5,0.373913049697876,0.5972222089767456
Age: 50-65,913,0.6057692170143127,0.3095238208770752,0.5,0.38235294818878174,0.6190476417541504
Race: White,913,0.6994186639785767,0.2945205569267273,0.5,0.37068966031074524,0.5890411138534546
Race: Black,913,0.5648148059844971,0.2857142984867096,0.5,0.3636363744735718,0.5714285969734192
Race: Other,913,0.43609732389450073,0.30970150232315063,0.5,0.382488489151001,0.6194029450416565
Overall,914,0.5337985754013062,0.2951388955116272,0.5,0.3711790442466736,0.5902777910232544
Gender: Male,914,0.5483871102333069,0.2933333218097687,0.5,0.36974790692329407,0.5866667032241821
Gender: Female,914,0.5137195587158203,0.2971014380455017,0.5,0.37272727489471436,0.5942029356956482
Age: <40,914,0.5653164386749268,0.3062015473842621,0.5,0.3798076808452606,0.6124030947685242
Age: 40-50,914,0.5062500238418579,0.25806450843811035,0.5,0.3404255211353302,0.5161290168762207
Age: 50-65,914,0.5191792845726013,0.3041236996650696,0.5,0.3782051205635071,0.6082473993301392
Race: White,914,0.5555821061134338,0.3272058963775635,0.5,0.3955555558204651,0.654411792755127
Race: Black,914,0.6234568357467651,0.3333333432674408,0.5,0.4000000059604645,0.6666666865348816
Race: Other,914,0.5343061685562134,0.25200000405311584,0.5,0.33510637283325195,0.5040000081062317
Overall,915,0.5548970699310303,0.31099656224250793,0.5,0.38347458839416504,0.6219931244850159
Gender: Male,915,0.5438596606254578,0.3196202516555786,0.5,0.3899613916873932,0.6392405033111572
Gender: Female,915,0.570283055305481,0.30075186491012573,0.5,0.3755868673324585,0.6015037894248962
Age: <40,915,0.6115978956222534,0.32413792610168457,0.5,0.3933054506778717,0.6482758522033691
Age: 40-50,915,0.3379310369491577,0.2542372941970825,0.5,0.33707866072654724,0.508474588394165
Age: 50-65,915,0.5836256742477417,0.32758620381355286,0.5,0.3958333432674408,0.6551724076271057
Race: White,915,0.6085858345031738,0.33582088351249695,0.5,0.4017857015132904,0.6716417670249939
Race: Black,915,0.5520833730697632,0.23529411852359772,0.5,0.3199999928474426,0.47058823704719543
Race: Other,915,0.5019444227218628,0.3048780560493469,0.5,0.3787878751754761,0.6097560524940491
Overall,916,0.5109599232673645,0.2549999952316284,0.5,0.33774834871292114,0.5099999904632568
Gender: Male,916,0.5019248723983765,0.23275862634181976,0.5,0.3176470696926117,0.4655172526836395
Gender: Female,916,0.5421810746192932,0.2857142984867096,0.5,0.3636363744735718,0.5714285969734192
Age: <40,916,0.5575699210166931,0.29109588265419006,0.5,0.36796537041664124,0.5821917653083801
Age: 40-50,916,0.5326340198516846,0.22033898532390594,0.5,0.30588236451148987,0.4406779706478119
Age: 50-65,916,0.402515709400177,0.2210526317358017,0.5,0.30656933784484863,0.4421052932739258
Race: White,916,0.5466517806053162,0.26119402050971985,0.5,0.343137264251709,0.5223880410194397
Race: Black,916,0.6013985872268677,0.2708333432674408,0.5,0.3513513505458832,0.5416666865348816
Race: Other,916,0.4710317552089691,0.246478870511055,0.5,0.33018869161605835,0.49295774102211
Overall,917,0.5357705950737,0.26724138855934143,0.5,0.3483146131038666,0.5344827771186829
Gender: Male,917,0.5249618887901306,0.28082191944122314,0.5,0.359649121761322,0.5616438388824463
Gender: Female,917,0.5406135320663452,0.2534722089767456,0.5,0.33640551567077637,0.506944477558136
Age: <40,917,0.537581205368042,0.26754385232925415,0.5,0.34857141971588135,0.5350877046585083
Age: 40-50,917,0.5610389709472656,0.25735294818878174,0.5,0.33980581164360046,0.5147058963775635
Age: 50-65,917,0.5157384872436523,0.27314814925193787,0.5,0.35329341888427734,0.5462962985038757
Race: White,917,0.49555718898773193,0.24829931557178497,0.5,0.33181819319725037,0.49659863114356995
Race: Black,917,0.5588235259056091,0.2931034564971924,0.5,0.3695652186870575,0.5862069129943848
Race: Other,917,0.5927786827087402,0.2850877046585083,0.5,0.3631284832954407,0.5701754689216614
Overall,918,0.5079009532928467,0.2710437774658203,0.5,0.3515283763408661,0.5420875549316406
Gender: Male,918,0.5414698719978333,0.2705479562282562,0.5,0.35111111402511597,0.5410959124565125
Gender: Female,918,0.47225165367126465,0.2715231776237488,0.5,0.3519313335418701,0.5430463552474976
Age: <40,918,0.505084753036499,0.27131783962249756,0.5,0.35175880789756775,0.5426356792449951
Age: 40-50,918,0.4523809552192688,0.25925925374031067,0.5,0.3414634168148041,0.5185185074806213
Age: 50-65,918,0.5569280385971069,0.2816092073917389,0.5,0.3602941036224365,0.5632184147834778
Race: White,918,0.682092547416687,0.27952754497528076,0.5,0.3585858643054962,0.5590550899505615
Race: Black,918,0.4912280738353729,0.30645161867141724,0.5,0.3799999952316284,0.6129032373428345
Race: Other,918,0.3742750287055969,0.25539568066596985,0.5,0.3380952477455139,0.5107913613319397
Overall,919,0.505118727684021,0.28548386693000793,0.5,0.36344969272613525,0.5709677338600159
Gender: Male,919,0.5390681028366089,0.2767857015132904,0.5,0.3563218414783478,0.5535714626312256
Gender: Female,919,0.4825533628463745,0.2957746386528015,0.5,0.37168142199516296,0.591549277305603
Age: <40,919,0.6257444024085999,0.27819550037384033,0.5,0.35748791694641113,0.5563910007476807
Age: 40-50,919,0.3303571343421936,0.28378379344940186,0.5,0.36206895112991333,0.5675675868988037
Age: 50-65,919,0.48087430000305176,0.29611650109291077,0.5,0.37195122241973877,0.5922330021858215
Race: White,919,0.5879629850387573,0.2926829159259796,0.5,0.3692307770252228,0.5853658318519592
Race: Black,919,0.4058823585510254,0.31481480598449707,0.5,0.3863636255264282,0.6296296119689941
Race: Other,919,0.46843433380126953,0.2750000059604645,0.5,0.35483869910240173,0.550000011920929
Overall,920,0.5362808704376221,0.2713310718536377,0.5,0.35176992416381836,0.5426620841026306
Gender: Male,920,0.5506715774536133,0.27659574151039124,0.5,0.3561643958091736,0.5531914830207825
Gender: Female,920,0.523734986782074,0.26644736528396606,0.5,0.3476394712924957,0.5328947305679321
Age: <40,920,0.5819092988967896,0.28731343150138855,0.5,0.3649289011955261,0.5746268630027771
Age: 40-50,920,0.49247312545776367,0.24590164422988892,0.5,0.32967033982276917,0.49180325865745544
Age: 50-65,920,0.5175585746765137,0.26530611515045166,0.5,0.3466666638851166,0.5306122303009033
Race: White,920,0.6251317262649536,0.2919999957084656,0.5,0.36868685483932495,0.5840000510215759
Race: Black,920,0.704081654548645,0.25,0.5,0.3333333432674408,0.5
Race: Other,920,0.4534313678741455,0.2571428716182709,0.5,0.3396226465702057,0.5142857432365417
Overall,921,0.5626229047775269,0.2946127951145172,0.5,0.3707627058029175,0.5892255902290344
Gender: Male,921,0.564153790473938,0.3030303120613098,0.5,0.37735849618911743,0.6060605645179749
Gender: Female,921,0.5602339506149292,0.28409090638160706,0.5,0.36231884360313416,0.5681818127632141
Age: <40,921,0.6508826017379761,0.329365074634552,0.5,0.3971291780471802,0.6587302088737488
Age: 40-50,921,0.5142857432365417,0.24264705181121826,0.5,0.32673266530036926,0.4852941334247589
Age: 50-65,921,0.47226500511169434,0.2864077687263489,0.5,0.3641975224018097,0.5728155374526978
Race: White,921,0.629256010055542,0.28057554364204407,0.5,0.35944700241088867,0.5611510872840881
Race: Black,921,0.5857988595962524,0.25,0.5,0.3333333432674408,0.5
Race: Other,921,0.48908731341362,0.3181818127632141,0.5,0.3888888955116272,0.6363636255264282
Overall,922,0.5326976776123047,0.28956228494644165,0.5,0.3667377531528473,0.5791245698928833
Gender: Male,922,0.5235586166381836,0.27743902802467346,0.5,0.35686275362968445,0.5548780560493469
Gender: Female,922,0.5486704707145691,0.30451127886772156,0.5,0.3785046637058258,0.6090225577354431
Age: <40,922,0.6714518070220947,0.288617879152298,0.5,0.3659793734550476,0.577235758304596
Age: 40-50,922,0.49572086334228516,0.3062500059604645,0.5,0.3798449635505676,0.612500011920929
Age: 50-65,922,0.40109890699386597,0.27659574151039124,0.5,0.3561643958091736,0.5531914830207825
Race: White,922,0.7081495523452759,0.2765151560306549,0.5,0.356097549200058,0.5530303120613098
Race: Black,922,0.5800000429153442,0.3333333432674408,0.5,0.4000000059604645,0.6666666865348816
Race: Other,922,0.37296563386917114,0.2925925850868225,0.5,0.36915886402130127,0.585185170173645
Overall,923,0.5382603406906128,0.2791095972061157,0.5,0.3582417666912079,0.5582191944122314
Gender: Male,923,0.5239748954772949,0.26923078298568726,0.5,0.3499999940395355,0.5384615659713745
Gender: Female,923,0.5627359747886658,0.2904411852359772,0.5,0.367441862821579,0.5808823704719543
Age: <40,923,0.5763458013534546,0.2759999930858612,0.5,0.35567009449005127,0.5520000457763672
Age: 40-50,923,0.5008960962295532,0.26865673065185547,0.5,0.34951457381248474,0.5373134016990662
Age: 50-65,923,0.5303776860237122,0.28999999165534973,0.5,0.3670886158943176,0.5799999833106995
Race: White,923,0.6042042970657349,0.2925925850868225,0.5,0.36915886402130127,0.585185170173645
Race: Black,923,0.6296296119689941,0.2857142984867096,0.5,0.3636363744735718,0.5714285969734192
Race: Other,923,0.462890625,0.2647058963775635,0.5,0.3461538553237915,0.529411792755127
Overall,924,0.5565885305404663,0.28327643871307373,0.5,0.3616557717323303,0.5665528774261475
Gender: Male,924,0.5409550666809082,0.2888198792934418,0.5,0.36614173650741577,0.5776397585868835
Gender: Female,924,0.5785929560661316,0.2765151560306549,0.5,0.356097549200058,0.5530303120613098
Age: <40,924,0.6145384907722473,0.308270663022995,0.5,0.3813953399658203,0.6165413856506348
Age: 40-50,924,0.5053061246871948,0.25,0.5,0.3333333432674408,0.5
Age: 50-65,924,0.4977600574493408,0.27222222089767456,0.5,0.3525179922580719,0.5444444417953491
Race: White,924,0.6444700360298157,0.2651515007019043,0.5,0.3465346395969391,0.5303030610084534
Race: Black,924,0.5714285373687744,0.3333333432674408,0.5,0.4000000059604645,0.6666666865348816
Race: Other,924,0.4911690354347229,0.2928571403026581,0.5,0.36936935782432556,0.5857142806053162
Overall,925,0.4777582585811615,0.28688523173332214,0.5,0.3645833432674408,0.5737704634666443
Gender: Male,925,0.5113048553466797,0.300595223903656,0.5,0.37546467781066895,0.6011905074119568
Gender: Female,925,0.4476619362831116,0.2700729966163635,0.5,0.3507108986377716,0.540145993232727
Age: <40,925,0.5552036166191101,0.3102189898490906,0.5,0.38288289308547974,0.6204379796981812
Age: 40-50,925,0.32952380180358887,0.23076923191547394,0.5,0.31578946113586426,0.4615384638309479
Age: 50-65,925,0.4674418568611145,0.291262149810791,0.5,0.3680981695652008,0.582524299621582
Race: White,925,0.5584377646446228,0.30416667461395264,0.5,0.37823835015296936,0.6083333492279053
Race: Black,925,0.5,0.2777777910232544,0.5,0.3571428656578064,0.5555555820465088
Race: Other,925,0.41718238592147827,0.2751677930355072,0.5,0.3549783527851105,0.5503355860710144
Overall,926,0.564119279384613,0.30730897188186646,0.5,0.38065844774246216,0.6146179437637329
Gender: Male,926,0.5853208303451538,0.29573169350624084,0.5,0.37164750695228577,0.5914633870124817
Gender: Female,926,0.5526437759399414,0.32116788625717163,0.5,0.3911111056804657,0.6423357725143433
Age: <40,926,0.5715116262435913,0.341269850730896,0.5,0.40566039085388184,0.682539701461792
Age: 40-50,926,0.579081654548645,0.3024691343307495,0.5,0.3769230842590332,0.604938268661499
Age: 50-65,926,0.5409091114997864,0.26595744490623474,0.5,0.3472222089767456,0.5319148898124695
Race: White,926,0.588700532913208,0.2798507511615753,0.5,0.35885167121887207,0.5597015023231506
Race: Black,926,0.5394736528396606,0.35185185074806213,0.5,0.41304346919059753,0.7037037014961243
Race: Other,926,0.5312850475311279,0.32499998807907104,0.5,0.39393940567970276,0.6499999761581421
Overall,927,0.5080476999282837,0.2874564528465271,0.5,0.3650442361831665,0.5749129056930542
Gender: Male,927,0.5005155801773071,0.28012049198150635,0.5,0.35907337069511414,0.5602409243583679
Gender: Female,927,0.5266439914703369,0.2975206673145294,0.5,0.3730570077896118,0.5950412750244141
Age: <40,927,0.5746331214904785,0.31468531489372253,0.5,0.3862660825252533,0.6293706297874451
Age: 40-50,927,0.4203628897666931,0.2539682686328888,0.5,0.3368421196937561,0.5079365372657776
Age: 50-65,927,0.4541003704071045,0.26543208956718445,0.5,0.3467741906642914,0.5308641791343689
Race: White,927,0.5784313678741455,0.2786885201931,0.5,0.35789474844932556,0.5573770403862
Race: Black,927,0.5277777910232544,0.3333333432674408,0.5,0.4000000059604645,0.6666666865348816
Race: Other,927,0.45275142788887024,0.28911563754081726,0.5,0.3663793206214905,0.5782312750816345
Overall,928,0.47768497467041016,0.28807947039604187,0.5,0.36554622650146484,0.5761589407920837
Gender: Male,928,0.46379950642585754,0.3060606122016907,0.5,0.3796992599964142,0.6121211647987366
Gender: Female,928,0.4927225708961487,0.2664233446121216,0.5,0.34761905670166016,0.5328466892242432
Age: <40,928,0.5451532602310181,0.2909836173057556,0.5,0.3678756356239319,0.5819671750068665
Age: 40-50,928,0.4651494026184082,0.24666666984558105,0.5,0.3303571343421936,0.4933333396911621
Age: 50-65,928,0.39665889739990234,0.3142857253551483,0.5,0.38596490025520325,0.6285714507102966
Race: White,928,0.4795321822166443,0.29347825050354004,0.5,0.36986300349235535,0.5869565606117249
Race: Black,928,0.5555555820465088,0.2631579041481018,0.5,0.3448275923728943,0.5263158082962036
Race: Other,928,0.47745823860168457,0.2862069010734558,0.5,0.36403509974479675,0.5724138021469116
Overall,929,0.5490477085113525,0.2845117747783661,0.5,0.3626609444618225,0.5690235495567322
Gender: Male,929,0.5659722089767456,0.3076923191547394,0.5,0.380952388048172,0.6153846383094788
Gender: Female,929,0.5122884511947632,0.25886523723602295,0.5,0.34112149477005005,0.5177304744720459
Age: <40,929,0.5647727251052856,0.32258063554763794,0.5,0.3921568691730499,0.6451612710952759
Age: 40-50,929,0.44871795177459717,0.20000000298023224,0.5,0.2857142984867096,0.4000000059604645
Age: 50-65,929,0.565432071685791,0.2916666567325592,0.5,0.3684210479259491,0.5833333134651184
Race: White,929,0.602759599685669,0.2718120813369751,0.5,0.35217392444610596,0.5436241626739502
Race: Black,929,0.36274510622024536,0.3695652186870575,0.5,0.42500001192092896,0.739130437374115
Race: Other,929,0.5185185074806213,0.2840000092983246,0.5,0.3622449040412903,0.5680000185966492
Overall,930,0.5420569181442261,0.28125,0.5,0.36000001430511475,0.5625
Gender: Male,930,0.5391277074813843,0.2718749940395355,0.5,0.35222673416137695,0.543749988079071
Gender: Female,930,0.5474206209182739,0.2916666567325592,0.5,0.3684210479259491,0.5833333134651184
Age: <40,930,0.5996376872062683,0.2759999930858612,0.5,0.35567009449005127,0.5520000457763672
Age: 40-50,930,0.434472918510437,0.25999999046325684,0.5,0.34210526943206787,0.5200000405311584
Age: 50-65,930,0.5509097576141357,0.30288460850715637,0.5,0.3772455155849457,0.6057692766189575
Race: White,930,0.5314828157424927,0.29530200362205505,0.5,0.37130802869796753,0.5906040072441101
Race: Black,930,0.5178571939468384,0.3888888955116272,0.5,0.4375,0.7777777910232544
Race: Other,930,0.5782182216644287,0.25182482600212097,0.5,0.3349514603614807,0.5036496520042419
Overall,931,0.551871657371521,0.2794612646102905,0.5,0.35853132605552673,0.558922529220581
Gender: Male,931,0.5437448024749756,0.2836257219314575,0.5,0.36194029450416565,0.567251443862915
Gender: Female,931,0.5634375810623169,0.2738095223903656,0.5,0.35384616255760193,0.547619104385376
Age: <40,931,0.6489563584327698,0.28911563754081726,0.5,0.3663793206214905,0.5782312750816345
Age: 40-50,931,0.43290042877197266,0.2704918086528778,0.5,0.3510638177394867,0.5409835577011108
Age: 50-65,931,0.4822154641151428,0.26966291666030884,0.5,0.35036495327949524,0.5393258333206177
Race: White,931,0.5690256357192993,0.2678571343421936,0.5,0.3488371968269348,0.5357142686843872
Race: Black,931,0.6820513010025024,0.2678571343421936,0.5,0.3488371968269348,0.535714328289032
Race: Other,931,0.5029791593551636,0.2945736348628998,0.5,0.3707317113876343,0.5891472697257996
Overall,932,0.5784209966659546,0.3118970990180969,0.5,0.3841584026813507,0.6237941980361938
Gender: Male,932,0.5870295763015747,0.3037974536418915,0.5,0.3779527544975281,0.6075949668884277
Gender: Female,932,0.56623375415802,0.3202614486217499,0.5,0.3904382586479187,0.6405228972434998
Age: <40,932,0.6455172300338745,0.3175182342529297,0.5,0.3883928656578064,0.6350364685058594
Age: 40-50,932,0.5449560880661011,0.30645161867141724,0.5,0.3799999952316284,0.6129032373428345
Age: 50-65,932,0.5321874022483826,0.3080357015132904,0.5,0.38121548295021057,0.6160714626312256
Race: White,932,0.5768728256225586,0.2971014380455017,0.5,0.37272727489471436,0.5942029356956482
Race: Black,932,0.6527777314186096,0.25,0.5,0.3333333432674408,0.5
Race: Other,932,0.5640816688537598,0.33557048439979553,0.5,0.4016064405441284,0.6711409687995911
Overall,933,0.575493335723877,0.2885245978832245,0.5,0.3659043610095978,0.577049195766449
Gender: Male,933,0.5519429445266724,0.27714285254478455,0.5,0.35661765933036804,0.5542857050895691
Gender: Female,933,0.6157855987548828,0.303846150636673,0.5,0.3779904246330261,0.607692301273346
Age: <40,933,0.6780648231506348,0.3206106722354889,0.5,0.3906976878643036,0.6412214040756226
Age: 40-50,933,0.5240641832351685,0.24626865983009338,0.5,0.33000001311302185,0.4925372898578644
Age: 50-65,933,0.4894067645072937,0.2757009267807007,0.5,0.35542169213294983,0.5514018535614014
Race: White,933,0.6158328056335449,0.27816900610923767,0.5,0.35746607184410095,0.5563380122184753
Race: Black,933,0.644444465637207,0.3125,0.5,0.38461539149284363,0.625
Race: Other,933,0.540008544921875,0.2949640154838562,0.5,0.3710407316684723,0.5899280905723572
Overall,934,0.5464352965354919,0.2789115607738495,0.5,0.35807859897613525,0.557823121547699
Gender: Male,934,0.5586271286010742,0.2954545319080353,0.5,0.37142857909202576,0.5909091234207153
Gender: Female,934,0.5192528963088989,0.2542372941970825,0.5,0.33707866072654724,0.508474588394165
Age: <40,934,0.5707906484603882,0.31640625,0.5,0.38755980134010315,0.6328125
Age: 40-50,934,0.5522273778915405,0.21232876181602478,0.5,0.29807692766189575,0.42465752363204956
Age: 50-65,934,0.5112570524215698,0.2795698940753937,0.5,0.35862070322036743,0.5591397881507874
Race: White,934,0.5884466767311096,0.27685949206352234,0.5,0.35638296604156494,0.5537189841270447
Race: Black,934,0.5267857313156128,0.3181818127632141,0.5,0.3888888955116272,0.6363636255264282
Race: Other,934,0.5313607454299927,0.27483442425727844,0.5,0.35470086336135864,0.5496688485145569
Overall,935,0.49692338705062866,0.29124578833580017,0.5,0.368085116147995,0.5824915766716003
Gender: Male,935,0.4961199164390564,0.29411765933036804,0.5,0.37037035822868347,0.5882353186607361
Gender: Female,935,0.48963063955307007,0.2881944477558136,0.5,0.36563876271247864,0.5763888955116272
Age: <40,935,0.52585768699646,0.29807692766189575,0.5,0.3734939694404602,0.5961538553237915
Age: 40-50,935,0.38825756311416626,0.239130437374115,0.5,0.3235294222831726,0.47826087474823
Age: 50-65,935,0.4916123151779175,0.3052631616592407,0.5,0.379084974527359,0.6105263233184814
Race: White,935,0.6411290168762207,0.2719298303127289,0.5,0.35227271914482117,0.5438596606254578
Race: Black,935,0.43801653385162354,0.3333333432674408,0.5,0.4000000059604645,0.6666666865348816
Race: Other,935,0.41149383783340454,0.2966666519641876,0.5,0.3723849356174469,0.59333336353302
Overall,936,0.5586812496185303,0.28084415197372437,0.5,0.3596673607826233,0.5616883039474487
Gender: Male,936,0.5665130615234375,0.2852760851383209,0.5,0.36328125,0.5705521106719971
Gender: Female,936,0.5509614944458008,0.27586206793785095,0.5,0.35555556416511536,0.5517241358757019
Age: <40,936,0.6134817600250244,0.2750000059604645,0.5,0.35483869910240173,0.550000011920929
Age: 40-50,936,0.4074394702911377,0.25,0.5,0.3333333432674408,0.5
Age: 50-65,936,0.5891340970993042,0.3100000023841858,0.5,0.3827160596847534,0.6200000047683716
Race: White,936,0.5774130821228027,0.2569444477558136,0.5,0.33944955468177795,0.5138888955116272
Race: Black,936,0.4444444179534912,0.2857142984867096,0.5,0.3636363744735718,0.5714285969734192
Race: Other,936,0.542487621307373,0.3041957914829254,0.5,0.37826088070869446,0.6083915829658508
Overall,937,0.5552254319190979,0.2898305058479309,0.5,0.3669527769088745,0.5796610116958618
Gender: Male,937,0.541718602180481,0.2877906858921051,0.5,0.36531364917755127,0.5755813717842102
Gender: Female,937,0.5672658085823059,0.2926829159259796,0.5,0.3692307770252228,0.5853658318519592
Age: <40,937,0.567632794380188,0.31889763474464417,0.5,0.38942307233810425,0.6377952694892883
Age: 40-50,937,0.5265151262283325,0.28947368264198303,0.5,0.36666667461395264,0.5789473652839661
Age: 50-65,937,0.5575048923492432,0.2567567527294159,0.5,0.3392857015132904,0.5135135054588318
Race: White,937,0.6383461952209473,0.26691728830337524,0.5,0.3480392098426819,0.5338345766067505
Race: Black,937,0.5378150939941406,0.3541666567325592,0.5,0.4146341383457184,0.7083333730697632
Race: Other,937,0.47842279076576233,0.3007246255874634,0.5,0.37556561827659607,0.6014493107795715
Overall,938,0.5536312460899353,0.30194804072380066,0.5,0.37651821970939636,0.6038960814476013
Gender: Male,938,0.5097575187683105,0.3047945201396942,0.5,0.3787234127521515,0.6095890402793884
Gender: Female,938,0.5882632732391357,0.2993827164173126,0.5,0.37451738119125366,0.5987654328346252
Age: <40,938,0.5710622668266296,0.3013245165348053,0.5,0.37603306770324707,0.6026490330696106
Age: 40-50,938,0.44758063554763794,0.28169015049934387,0.5,0.36036035418510437,0.563380241394043
Age: 50-65,938,0.6252199411392212,0.31976744532585144,0.5,0.39007091522216797,0.6395348906517029
Race: White,938,0.6519649028778076,0.3194444477558136,0.5,0.38983049988746643,0.6388888955116272
Race: Black,938,0.6198346614837646,0.25,0.5,0.3333333432674408,0.5
Race: Other,938,0.47498470544815063,0.2922535240650177,0.5,0.36888888478279114,0.5845070481300354
Overall,939,0.543696939945221,0.28859061002731323,0.5,0.36595743894577026,0.5771812200546265
Gender: Male,939,0.6044822931289673,0.29629629850387573,0.5,0.3720930218696594,0.5925925970077515
Gender: Female,939,0.47324562072753906,0.27941176295280457,0.5,0.35849055647850037,0.5588235259056091
Age: <40,939,0.5850614309310913,0.3120805323123932,0.5,0.38429751992225647,0.6241610646247864
Age: 40-50,939,0.4624999761581421,0.26119402050971985,0.5,0.343137264251709,0.5223880410194397
Age: 50-65,939,0.5263158082962036,0.26829269528388977,0.5,0.3492063581943512,0.5365853309631348
Race: White,939,0.5919539928436279,0.2542372941970825,0.5,0.33707866072654724,0.508474588394165
Race: Black,939,0.7487179040908813,0.2321428507566452,0.5,0.31707316637039185,0.4642857313156128
Race: Other,939,0.4875166416168213,0.3256579041481018,0.5,0.394422322511673,0.6513158082962036
Overall,940,0.5655080080032349,0.28145694732666016,0.5,0.36016950011253357,0.5629138946533203
Gender: Male,940,0.5577259063720703,0.2916666567325592,0.5,0.3684210479259491,0.5833333730697632
Gender: Female,940,0.5864695310592651,0.26865673065185547,0.5,0.34951457381248474,0.5373134016990662
Age: <40,940,0.6413043737411499,0.259398490190506,0.5,0.34158414602279663,0.518796980381012
Age: 40-50,940,0.4780564308166504,0.28431373834609985,0.5,0.36250001192092896,0.5686274766921997
Age: 50-65,940,0.5157004594802856,0.3050847351551056,0.5,0.378947377204895,0.6101694703102112
Race: White,940,0.6049519777297974,0.27702704071998596,0.5,0.35652172565460205,0.5540540814399719
Race: Black,940,0.6666666865348816,0.27272728085517883,0.5,0.3529411852359772,0.5454545617103577
Race: Other,940,0.5253759622573853,0.28787878155708313,0.5,0.36538460850715637,0.575757622718811
Overall,941,0.506517767906189,0.2798013389110565,0.5,0.35881105065345764,0.559602677822113
Gender: Male,941,0.5001301765441895,0.27272728085517883,0.5,0.3529411852359772,0.5454545617103577
Gender: Female,941,0.5301111936569214,0.289682537317276,0.5,0.3668341636657715,0.5793651342391968
Age: <40,941,0.6021220088005066,0.2861842215061188,0.5,0.36401674151420593,0.5723684430122375
Age: 40-50,941,0.38127410411834717,0.2846153974533081,0.5,0.36274510622024536,0.5692307949066162
Age: 50-65,941,0.45277777314186096,0.2647058963775635,0.5,0.3461538553237915,0.529411792755127
Race: White,941,0.611495852470398,0.2857142984867096,0.5,0.3636363744735718,0.5714285969734192
Race: Black,941,0.7053571343421936,0.3181818127632141,0.5,0.3888888955116272,0.6363636255264282
Race: Other,941,0.3968726694583893,0.2687074840068817,0.5,0.3495575189590454,0.5374149680137634
Overall,942,0.541214108467102,0.28787878155708313,0.5,0.36538460850715637,0.5757575631141663
Gender: Male,942,0.5392045378684998,0.3178808093070984,0.5,0.38866397738456726,0.6357616186141968
Gender: Female,942,0.5282629132270813,0.2568493187427521,0.5,0.33936652541160583,0.5136986374855042
Age: <40,942,0.6178029775619507,0.3178808093070984,0.5,0.38866397738456726,0.6357616186141968
Age: 40-50,942,0.41477835178375244,0.2265625,0.5,0.31182795763015747,0.453125
Age: 50-65,942,0.5452898740768433,0.2804878056049347,0.5,0.359375,0.5609756112098694
Race: White,942,0.5820626020431519,0.289682537317276,0.5,0.3668341636657715,0.5793651342391968
Race: Black,942,0.6096256971359253,0.3035714328289032,0.5,0.3777777850627899,0.6071428656578064
Race: Other,942,0.497013121843338,0.28321677446365356,0.5,0.3616071343421936,0.5664335489273071
Overall,943,0.5299375653266907,0.29769736528396606,0.5,0.3731958866119385,0.5953947305679321
Gender: Male,943,0.5332611799240112,0.3060606122016907,0.5,0.3796992599964142,0.6121211647987366
Gender: Female,943,0.5228813290596008,0.28776979446411133,0.5,0.3652968108654022,0.5755395889282227
Age: <40,943,0.5417748689651489,0.2810218930244446,0.5,0.3598130941390991,0.5620437860488892
Age: 40-50,943,0.4406593441963196,0.28688523173332214,0.5,0.3645833432674408,0.5737704634666443
Age: 50-65,943,0.5542498826980591,0.3254716992378235,0.5,0.3942857086658478,0.650943398475647
Race: White,943,0.5794498920440674,0.30514705181121826,0.5,0.37899544835090637,0.6102941036224365
Race: Black,943,0.6266666650772095,0.30000001192092896,0.5,0.375,0.5999999642372131
Race: Other,943,0.4748995900154114,0.2902098000049591,0.5,0.36725664138793945,0.5804196000099182
Overall,944,0.4477176368236542,0.2881355881690979,0.5,0.3655914068222046,0.5762711763381958
Gender: Male,944,0.432134747505188,0.30434781312942505,0.5,0.37837839126586914,0.6086956858634949
Gender: Female,944,0.45654118061065674,0.26865673065185547,0.5,0.34951457381248474,0.5373134016990662
Age: <40,944,0.4611908793449402,0.26829269528388977,0.5,0.3492063581943512,0.5365853309631348
Age: 40-50,944,0.46617648005485535,0.2702702581882477,0.5,0.35087719559669495,0.5405405759811401
Age: 50-65,944,0.4126838147640228,0.3265306055545807,0.5,0.395061731338501,0.6530612111091614
Race: White,944,0.5277969837188721,0.3125,0.5,0.38461539149284363,0.625
Race: Black,944,0.6083915829658508,0.2708333432674408,0.5,0.3513513505458832,0.5416666865348816
Race: Other,944,0.37962961196899414,0.2666666805744171,0.5,0.3478260934352875,0.5333333015441895
Overall,945,0.49331963062286377,0.2683333456516266,0.5,0.349240779876709,0.5366666913032532
Gender: Male,945,0.5270034074783325,0.2844827473163605,0.5,0.36263737082481384,0.568965494632721
Gender: Female,945,0.44027215242385864,0.2460317462682724,0.5,0.3297872245311737,0.4920635223388672
Age: <40,945,0.5259552001953125,0.2782258093357086,0.5,0.3575129508972168,0.5564516186714172
Age: 40-50,945,0.412517786026001,0.25333333015441895,0.5,0.3362831771373749,0.5066666603088379
Age: 50-65,945,0.5153664350509644,0.2673267424106598,0.5,0.34838709235191345,0.5346534848213196
Race: White,945,0.5781954526901245,0.2397260218858719,0.5,0.32407405972480774,0.4794520437717438
Race: Black,945,0.6095238327980042,0.4038461446762085,0.5,0.44680851697921753,0.8076923489570618
Race: Other,945,0.4049261212348938,0.2734375,0.5,0.35353535413742065,0.546875
Overall,946,0.5533020496368408,0.2946127951145172,0.5,0.3707627058029175,0.5892255902290344
Gender: Male,946,0.5573663711547852,0.3190183937549591,0.5,0.3895131051540375,0.6380367875099182
Gender: Female,946,0.5421417355537415,0.26492536067962646,0.5,0.34634146094322205,0.5298507213592529
Age: <40,946,0.5400717854499817,0.30344828963279724,0.5,0.3776824176311493,0.6068965196609497
Age: 40-50,946,0.57695472240448,0.3125,0.5,0.38461539149284363,0.625
Age: 50-65,946,0.5657894611358643,0.26249998807907104,0.5,0.3442623019218445,0.5250000357627869
Race: White,946,0.5938297510147095,0.29133859276771545,0.5,0.3681592047214508,0.5826771855354309
Race: Black,946,0.7473684549331665,0.27941176295280457,0.5,0.35849055647850037,0.5588235259056091
Race: Other,946,0.4828364849090576,0.3014705777168274,0.5,0.3761467933654785,0.6029411554336548
Overall,947,0.6182976961135864,0.2847457528114319,0.5,0.36285096406936646,0.5694915056228638
Gender: Male,947,0.612987756729126,0.2988165616989136,0.5,0.3740740716457367,0.5976331233978271
Gender: Female,947,0.6238299608230591,0.2658730149269104,0.5,0.3471502661705017,0.5317460894584656
Age: <40,947,0.6137022972106934,0.2782258093357086,0.5,0.3575129508972168,0.5564516186714172
Age: 40-50,947,0.5858107805252075,0.25974026322364807,0.5,0.34188035130500793,0.5194805264472961
Age: 50-65,947,0.6629539728164673,0.31382977962493896,0.5,0.38562092185020447,0.6276595592498779
Race: White,947,0.6533854007720947,0.3125,0.5,0.38461539149284363,0.625
Race: Black,947,0.7037037014961243,0.22727273404598236,0.5,0.3125,0.4545454680919647
Race: Other,947,0.589714765548706,0.2723880708217621,0.5,0.3526569902896881,0.5447760820388794
Overall,948,0.5015264749526978,0.2585616409778595,0.5,0.34085777401924133,0.517123281955719
Gender: Male,948,0.43146926164627075,0.27906978130340576,0.5,0.35820895433425903,0.5581395626068115
Gender: Female,948,0.5787412524223328,0.2291666716337204,0.5,0.3142857253551483,0.4583333432674408
Age: <40,948,0.5373271703720093,0.2651515007019043,0.5,0.3465346395969391,0.5303030610084534
Age: 40-50,948,0.47306394577026367,0.239130437374115,0.5,0.3235294222831726,0.47826087474823
Age: 50-65,948,0.45784884691238403,0.2637362778186798,0.5,0.34532374143600464,0.5274725556373596
Race: White,948,0.5105494260787964,0.25925925374031067,0.5,0.3414634168148041,0.5185185074806213
Race: Black,948,0.6888889074325562,0.2631579041481018,0.5,0.3448275923728943,0.5263158082962036
Race: Other,948,0.4774017333984375,0.25724637508392334,0.5,0.339712917804718,0.5144927501678467
Overall,949,0.4742457866668701,0.29037800431251526,0.5,0.36739131808280945,0.5807560086250305
Gender: Male,949,0.4646154046058655,0.296875,0.5,0.37254902720451355,0.59375
Gender: Female,949,0.4815078377723694,0.28244274854660034,0.5,0.36097562313079834,0.5648854970932007
Age: <40,949,0.4938271641731262,0.302238792181015,0.5,0.37674418091773987,0.60447758436203
Age: 40-50,949,0.4108695387840271,0.3174603283405304,0.5,0.3883495032787323,0.6349206566810608
Age: 50-65,949,0.47509056329727173,0.25531914830207825,0.5,0.3380281627178192,0.5106382966041565
Race: White,949,0.5625,0.3076923191547394,0.5,0.380952388048172,0.6153846383094788
Race: Black,949,0.5493826866149902,0.25,0.5,0.3333333432674408,0.5
Race: Other,949,0.4127155542373657,0.28807947039604187,0.5,0.36554622650146484,0.5761589407920837
Overall,950,0.5086801052093506,0.2919580340385437,0.5,0.36865341663360596,0.5839160680770874
Gender: Male,950,0.5115207433700562,0.29738563299179077,0.5,0.37295082211494446,0.5947712659835815
Gender: Female,950,0.5133887529373169,0.2857142984867096,0.5,0.3636363744735718,0.5714285969734192
Age: <40,950,0.5566756129264832,0.26865673065185547,0.5,0.34951457381248474,0.5373134016990662
Age: 40-50,950,0.3755411207675934,0.3384615480899811,0.5,0.40366971492767334,0.6769230961799622
Age: 50-65,950,0.5059912800788879,0.2931034564971924,0.5,0.3695652186870575,0.5862069129943848
Race: White,950,0.578529417514801,0.2881355881690979,0.5,0.3655914068222046,0.5762711763381958
Race: Black,950,0.5328947305679321,0.35185185074806213,0.5,0.41304346919059753,0.7037037014961243
Race: Other,950,0.4647541046142578,0.283687949180603,0.5,0.36199095845222473,0.567375898361206
Overall,951,0.6147181987762451,0.3135313391685486,0.5,0.38539552688598633,0.6270627379417419
Gender: Male,951,0.6651917695999146,0.33832335472106934,0.5,0.4035714268684387,0.6766467094421387
Gender: Female,951,0.5659255981445312,0.28308823704719543,0.5,0.36150234937667847,0.5661764740943909
Age: <40,951,0.7039764523506165,0.3321917951107025,0.5,0.3991769552230835,0.6643835306167603
Age: 40-50,951,0.46273547410964966,0.26428571343421936,0.5,0.3457943797111511,0.5285714268684387
Age: 50-65,951,0.5875575542449951,0.3218390941619873,0.5,0.3916083872318268,0.6436781883239746
Race: White,951,0.6830917596817017,0.33576643466949463,0.5,0.4017467200756073,0.6715328693389893
Race: Black,951,0.5693780183792114,0.3166666626930237,0.5,0.3877550959587097,0.6333333849906921
Race: Other,951,0.5600711107254028,0.2904411852359772,0.5,0.367441862821579,0.5808823704719543
Overall,952,0.6052489280700684,0.25838926434516907,0.5,0.3407079577445984,0.5167785286903381
Gender: Male,952,0.6593172550201416,0.25333333015441895,0.5,0.3362831771373749,0.5066666603088379
Gender: Female,952,0.5521978139877319,0.2635135054588318,0.5,0.3451327383518219,0.5270270109176636
Age: <40,952,0.641828179359436,0.25984251499176025,0.5,0.34196892380714417,0.5196850299835205
Age: 40-50,952,0.5360749959945679,0.2800000011920929,0.5,0.3589743673801422,0.5600000023841858
Age: 50-65,952,0.6143478155136108,0.2395833283662796,0.5,0.3239436745643616,0.4791666865348816
Race: White,952,0.6708333492279053,0.27272728085517883,0.5,0.3529411852359772,0.5454545617103577
Race: Black,952,0.6527777910232544,0.18000000715255737,0.5,0.2647058963775635,0.35999998450279236
Race: Other,952,0.5197421312332153,0.25886523723602295,0.5,0.34112149477005005,0.5177304744720459
Overall,953,0.5643198490142822,0.2882736027240753,0.5,0.36570248007774353,0.5765472054481506
Gender: Male,953,0.5616161823272705,0.29289939999580383,0.5,0.3694029748439789,0.5857987999916077
Gender: Female,953,0.5775641202926636,0.28260868787765503,0.5,0.3611111044883728,0.5652173757553101
Age: <40,953,0.6047577857971191,0.2883211672306061,0.5,0.36574074625968933,0.5766423344612122
Age: 40-50,953,0.5073529481887817,0.24285714328289032,0.5,0.32692307233810425,0.48571428656578064
Age: 50-65,953,0.5711805820465088,0.3199999928474426,0.5,0.39024388790130615,0.6399999856948853
Race: White,953,0.5897136330604553,0.29794520139694214,0.5,0.3733905553817749,0.5958904027938843
Race: Black,953,0.5102040767669678,0.25,0.5,0.3333333432674408,0.5
Race: Other,953,0.545933723449707,0.28231292963027954,0.5,0.36086955666542053,0.5646258592605591
Overall,954,0.5913432240486145,0.28547295928001404,0.5,0.3634408712387085,0.5709459781646729
Gender: Male,954,0.6440476179122925,0.31065088510513306,0.5,0.3832116723060608,0.6213017702102661
Gender: Female,954,0.5178570747375488,0.25196850299835205,0.5,0.33507853746414185,0.5039370059967041
Age: <40,954,0.6351271867752075,0.3047945201396942,0.5,0.3787234127521515,0.6095890402793884
Age: 40-50,954,0.4846225678920746,0.21969696879386902,0.5,0.3052631616592407,0.43939393758773804
Age: 50-65,954,0.575757622718811,0.3035714328289032,0.5,0.3777777850627899,0.6071428656578064
Race: White,954,0.6549718379974365,0.2789115607738495,0.5,0.35807859897613525,0.557823121547699
Race: Black,954,0.8520407676696777,0.25,0.5,0.3333333432674408,0.5
Race: Other,954,0.4897260069847107,0.3016528785228729,0.5,0.37628865242004395,0.6033057570457458
Overall,955,0.5279083251953125,0.3118644058704376,0.5,0.38413360714912415,0.6237288117408752
Gender: Male,955,0.466280996799469,0.3333333432674408,0.5,0.4000000059604645,0.6666666269302368
Gender: Female,955,0.5907336473464966,0.2846153974533081,0.5,0.36274510622024536,0.5692307949066162
Age: <40,955,0.5662142038345337,0.3427419364452362,0.5,0.4066985547542572,0.6854838728904724
Age: 40-50,955,0.546875,0.30000001192092896,0.5,0.375,0.6000000238418579
Age: 50-65,955,0.4789215922355652,0.28021979331970215,0.5,0.35915493965148926,0.5604395866394043
Race: White,955,0.5693744421005249,0.2871621549129486,0.5,0.3648068606853485,0.5743243098258972
Race: Black,955,0.4444444477558136,0.30434781312942505,0.5,0.37837839126586914,0.6086956858634949
Race: Other,955,0.4859728217124939,0.3427419364452362,0.5,0.4066985547542572,0.6854838728904724
Overall,956,0.4985188841819763,0.30639731884002686,0.5,0.37995824217796326,0.6127945780754089
Gender: Male,956,0.5087366104125977,0.3037974536418915,0.5,0.3779527544975281,0.6075949668884277
Gender: Female,956,0.4925405979156494,0.3093525171279907,0.5,0.3822222352027893,0.6187050342559814
Age: <40,956,0.5413533449172974,0.3074324429035187,0.5,0.38075312972068787,0.6148648858070374
Age: 40-50,956,0.48124998807907104,0.3125,0.5,0.38461539149284363,0.625
Age: 50-65,956,0.4573240876197815,0.30000001192092896,0.5,0.375,0.6000000238418579
Race: White,956,0.5237420201301575,0.30970150232315063,0.5,0.382488489151001,0.6194029450416565
Race: Black,956,0.5424836874008179,0.32692307233810425,0.5,0.39534884691238403,0.6538462042808533
Race: Other,956,0.4840354919433594,0.29927006363868713,0.5,0.37442922592163086,0.5985401272773743
Overall,957,0.5202776193618774,0.2792642116546631,0.5,0.3583691120147705,0.5585284233093262
Gender: Male,957,0.5496335625648499,0.272988498210907,0.5,0.3531598448753357,0.545976996421814
Gender: Female,957,0.48322850465774536,0.2879999876022339,0.5,0.36548224091529846,0.5760000348091125
Age: <40,957,0.5513577461242676,0.2916666567325592,0.5,0.3684210479259491,0.5833333730697632
Age: 40-50,957,0.4071815609931946,0.26623377203941345,0.5,0.347457617521286,0.5324675440788269
Age: 50-65,957,0.572424054145813,0.27222222089767456,0.5,0.3525179922580719,0.5444444417953491
Race: White,957,0.5745454430580139,0.2800000011920929,0.5,0.3589743673801422,0.5600000023841858
Race: Black,957,0.4151785969734192,0.23333333432674408,0.5,0.3181818127632141,0.46666669845581055
Race: Other,957,0.480347603559494,0.2881944477558136,0.5,0.36563876271247864,0.5763888955116272
Overall,958,0.5412360429763794,0.32081910967826843,0.5,0.3908523917198181,0.6416382193565369
Gender: Male,958,0.5285736322402954,0.318452388048172,0.5,0.389090895652771,0.636904776096344
Gender: Female,958,0.5448933839797974,0.3240000009536743,0.5,0.39320388436317444,0.6480000019073486
Age: <40,958,0.584654688835144,0.3244274854660034,0.5,0.39351850748062134,0.6488549709320068
Age: 40-50,958,0.5257452726364136,0.26623377203941345,0.5,0.347457617521286,0.5324675440788269
Age: 50-65,958,0.5119214653968811,0.364705890417099,0.5,0.4217686951160431,0.729411780834198
Race: White,958,0.6478909254074097,0.3139534890651703,0.5,0.3857142925262451,0.6279069781303406
Race: Black,958,0.4920634925365448,0.3499999940395355,0.5,0.4117647111415863,0.7000000476837158
Race: Other,958,0.4738372266292572,0.3208955228328705,0.5,0.3909091055393219,0.641791045665741
Overall,959,0.5925166606903076,0.26767677068710327,0.5,0.3486842215061188,0.5353535413742065
Gender: Male,959,0.6411764621734619,0.2707006335258484,0.5,0.3512396812438965,0.5414012670516968
Gender: Female,959,0.5456593036651611,0.26428571343421936,0.5,0.3457943797111511,0.5285714268684387
Age: <40,959,0.70322585105896,0.2737226188182831,0.5,0.3537735939025879,0.5474452376365662
Age: 40-50,959,0.4587838053703308,0.24025973677635193,0.5,0.3245614171028137,0.48051947355270386
Age: 50-65,959,0.5070921778678894,0.28313252329826355,0.5,0.36153846979141235,0.5662650465965271
Race: White,959,0.6984632015228271,0.29600000381469727,0.5,0.37185928225517273,0.5920000076293945
Race: Black,959,0.6814814805984497,0.1875,0.5,0.27272728085517883,0.375
Race: Other,959,0.49671053886413574,0.2567567527294159,0.5,0.3392857015132904,0.5135135054588318
Overall,960,0.5283239483833313,0.2897351086139679,0.5,0.3668763041496277,0.5794702172279358
Gender: Male,960,0.5121224522590637,0.30397728085517883,0.5,0.37809187173843384,0.6079545617103577
Gender: Female,960,0.5502028465270996,0.2698412835597992,0.5,0.3505154550075531,0.5396825671195984
Age: <40,960,0.5962834358215332,0.2922535240650177,0.5,0.36888888478279114,0.5845070481300354
Age: 40-50,960,0.42688173055648804,0.24590164422988892,0.5,0.32967033982276917,0.49180325865745544
Age: 50-65,960,0.5148212909698486,0.31313130259513855,0.5,0.38509318232536316,0.6262626051902771
Race: White,960,0.5850895643234253,0.2919999957084656,0.5,0.36868685483932495,0.5840000510215759
Race: Black,960,0.5858585834503174,0.22499999403953552,0.5,0.3103448152542114,0.45000001788139343
Race: Other,960,0.4610215127468109,0.29617834091186523,0.5,0.3720000088214874,0.5923566818237305
Overall,961,0.6100547909736633,0.27361562848091125,0.5,0.3536842167377472,0.5472312569618225
Gender: Male,961,0.617877721786499,0.27272728085517883,0.5,0.3529411852359772,0.5454545617103577
Gender: Female,961,0.5951178073883057,0.2750000059604645,0.5,0.35483869910240173,0.550000011920929
Age: <40,961,0.668541669845581,0.26978418231010437,0.5,0.3504672944545746,0.5395683646202087
Age: 40-50,961,0.5182291269302368,0.30000001192092896,0.5,0.375,0.6000000238418579
Age: 50-65,961,0.609302282333374,0.2556818127632141,0.5,0.33834585547447205,0.5113636255264282
Race: White,961,0.6761786937713623,0.2785714268684387,0.5,0.35779815912246704,0.5571428537368774
Race: Black,961,0.47727271914482117,0.32258063554763794,0.5,0.3921568691730499,0.6451612710952759
Race: Other,961,0.5950216054916382,0.25735294818878174,0.5,0.33980581164360046,0.5147058963775635
Overall,962,0.5161600708961487,0.3097642958164215,0.5,0.382536381483078,0.619528591632843
Gender: Male,962,0.520108699798584,0.30263158679008484,0.5,0.37704917788505554,0.6052631735801697
Gender: Female,962,0.5108696222305298,0.317241370677948,0.5,0.38818565011024475,0.634482741355896
Age: <40,962,0.4488283097743988,0.308270663022995,0.5,0.3813953399658203,0.6165413856506348
Age: 40-50,962,0.5195245742797852,0.2753623127937317,0.5,0.35514017939567566,0.5507246255874634
Age: 50-65,962,0.6103830337524414,0.3368421196937561,0.5,0.402515709400177,0.6736842393875122
Race: White,962,0.5223184823989868,0.2904411852359772,0.5,0.367441862821579,0.5808823704719543
Race: Black,962,0.740384578704834,0.3095238208770752,0.5,0.38235294818878174,0.6190476417541504
Race: Other,962,0.46716487407684326,0.3285714387893677,0.5,0.3965517282485962,0.6571428775787354
Overall,963,0.49917691946029663,0.27272728085517883,0.5,0.3529411852359772,0.5454545617103577
Gender: Male,963,0.47910964488983154,0.28999999165534973,0.5,0.3670886158943176,0.5800000429153442
Gender: Female,963,0.5129629373550415,0.2551020383834839,0.5,0.3378378450870514,0.5102040767669678
Age: <40,963,0.5490998029708862,0.31200000643730164,0.5,0.3842364549636841,0.6240000128746033
Age: 40-50,963,0.40340134501457214,0.22727273404598236,0.5,0.3125,0.4545454680919647
Age: 50-65,963,0.500443696975708,0.25789472460746765,0.5,0.3402777910232544,0.5157895088195801
Race: White,963,0.6551339626312256,0.2666666805744171,0.5,0.3478260934352875,0.5333333611488342
Race: Black,963,0.6136363744735718,0.20370370149612427,0.5,0.28947368264198303,0.40740740299224854
Race: Other,963,0.38259440660476685,0.28999999165534973,0.5,0.3670886158943176,0.5800000429153442
Overall,964,0.552889347076416,0.2636054456233978,0.5,0.34521159529685974,0.5272108912467957
Gender: Male,964,0.5595352053642273,0.2761628031730652,0.5,0.35580524802207947,0.5523256063461304
Gender: Female,964,0.5311827659606934,0.24590164422988892,0.5,0.32967033982276917,0.49180325865745544
Age: <40,964,0.6147732734680176,0.2633587718009949,0.5,0.3449999988079071,0.5267175436019897
Age: 40-50,964,0.5004081726074219,0.25,0.5,0.3333333432674408,0.5
Age: 50-65,964,0.5093370676040649,0.27419355511665344,0.5,0.3541666567325592,0.5483871102333069
Race: White,964,0.5958241820335388,0.25925925374031067,0.5,0.3414634168148041,0.5185185074806213
Race: Black,964,0.6000000238418579,0.28260868787765503,0.5,0.3611111044883728,0.5652173757553101
Race: Other,964,0.5243055820465088,0.2647058963775635,0.5,0.3461538553237915,0.529411792755127
Overall,965,0.5136088728904724,0.2933333218097687,0.5,0.36974790692329407,0.5866667032241821
Gender: Male,965,0.4911412000656128,0.2853107452392578,0.5,0.3633093535900116,0.5706214904785156
Gender: Female,965,0.5558333396911621,0.3048780560493469,0.5,0.3787878751754761,0.6097560524940491
Age: <40,965,0.6857553720474243,0.3041957914829254,0.5,0.37826088070869446,0.6083915829658508
Age: 40-50,965,0.3379310369491577,0.2734375,0.5,0.35353535413742065,0.546875
Age: 50-65,965,0.390788197517395,0.29032257199287415,0.5,0.36734694242477417,0.5806451439857483
Race: White,965,0.5140625238418579,0.25806450843811035,0.5,0.3404255211353302,0.5161290168762207
Race: Black,965,0.47448980808258057,0.25,0.5,0.3333333432674408,0.5
Race: Other,965,0.5053061246871948,0.3310810923576355,0.5,0.3983739912509918,0.662162184715271
Overall,966,0.5274378061294556,0.30034130811691284,0.5,0.37526652216911316,0.6006825566291809
Gender: Male,966,0.5345437526702881,0.29573169350624084,0.5,0.37164750695228577,0.5914633870124817
Gender: Female,966,0.5227848291397095,0.3062015473842621,0.5,0.3798076808452606,0.6124030947685242
Age: <40,966,0.4951937794685364,0.31779661774635315,0.5,0.38860103487968445,0.6355932354927063
Age: 40-50,966,0.5402777791023254,0.2631579041481018,0.5,0.3448275923728943,0.5263158082962036
Age: 50-65,966,0.5629853010177612,0.3080808222293854,0.5,0.3812499940395355,0.6161616444587708
Race: White,966,0.5534638166427612,0.31679388880729675,0.5,0.38785046339035034,0.6335877776145935
Race: Black,966,0.5,0.2777777910232544,0.5,0.3571428656578064,0.5555555820465088
Race: Other,966,0.5020242929458618,0.2888889014720917,0.5,0.3661971688270569,0.5777777433395386
Overall,967,0.5916220545768738,0.2864406704902649,0.5,0.3642241358757019,0.5728813409805298
Gender: Male,967,0.5843214988708496,0.2802547812461853,0.5,0.359183669090271,0.5605095624923706
Gender: Female,967,0.6097033023834229,0.29347825050354004,0.5,0.36986300349235535,0.5869565606117249
Age: <40,967,0.6008086204528809,0.28455284237861633,0.5,0.36269429326057434,0.5691056847572327
Age: 40-50,967,0.5455688238143921,0.26875001192092896,0.5,0.34959349036216736,0.5375000238418579
Age: 50-65,967,0.6378968358039856,0.30434781312942505,0.5,0.37837839126586914,0.6086956858634949
Race: White,967,0.6535087823867798,0.29921260476112366,0.5,0.37438422441482544,0.5984252095222473
Race: Black,967,0.658730149269104,0.21875,0.5,0.30434781312942505,0.4375
Race: Other,967,0.5485231876373291,0.2904411852359772,0.5,0.367441862821579,0.5808823704719543
Overall,968,0.4896298050880432,0.28378379344940186,0.5,0.36206895112991333,0.5675675868988037
Gender: Male,968,0.5016421675682068,0.2889610528945923,0.5,0.36625513434410095,0.5779221057891846
Gender: Female,968,0.48101264238357544,0.27816900610923767,0.5,0.35746607184410095,0.5563380122184753
Age: <40,968,0.5151759386062622,0.2943548262119293,0.5,0.37055838108062744,0.5887096524238586
Age: 40-50,968,0.4433608055114746,0.29054054617881775,0.5,0.36752137541770935,0.5810810923576355
Age: 50-65,968,0.49163877964019775,0.26530611515045166,0.5,0.3466666638851166,0.5306122303009033
Race: White,968,0.5326520204544067,0.26771652698516846,0.5,0.34871795773506165,0.5354330539703369
Race: Black,968,0.6285713911056519,0.2916666567325592,0.5,0.3684210479259491,0.5833333730697632
Race: Other,968,0.44048088788986206,0.29655173420906067,0.5,0.3722943663597107,0.5931034684181213
Overall,969,0.5007892847061157,0.31040269136428833,0.5,0.3830227851867676,0.6208053827285767
Gender: Male,969,0.48379087448120117,0.3128654956817627,0.5,0.384892076253891,0.6257309913635254
Gender: Female,969,0.5065411329269409,0.30708661675453186,0.5,0.3804877996444702,0.6141732335090637
Age: <40,969,0.5781121850013733,0.33203125,0.5,0.39906102418899536,0.6640625
Age: 40-50,969,0.5098814964294434,0.29113924503326416,0.5,0.36800000071525574,0.5822784900665283
Age: 50-65,969,0.3988988995552063,0.2967033088207245,0.5,0.3724137842655182,0.593406617641449
Race: White,969,0.6058834791183472,0.29794520139694214,0.5,0.3733905553817749,0.5958904027938843
Race: Black,969,0.37362635135650635,0.32499998807907104,0.5,0.39393940567970276,0.6500000357627869
Race: Other,969,0.4067584276199341,0.3219696879386902,0.5,0.39170506596565247,0.6439394354820251
Overall,970,0.4559059739112854,0.2685810923576355,0.5,0.34945055842399597,0.537162184715271
Gender: Male,970,0.4766891896724701,0.25974026322364807,0.5,0.34188035130500793,0.5194805264472961
Gender: Female,970,0.440626859664917,0.27816900610923767,0.5,0.35746607184410095,0.5563380122184753
Age: <40,970,0.46225398778915405,0.25367647409439087,0.5,0.3365853726863861,0.5073529481887817
Age: 40-50,970,0.32568150758743286,0.273333340883255,0.5,0.3534482717514038,0.54666668176651
Age: 50-65,970,0.569727897644043,0.28823530673980713,0.5,0.36567163467407227,0.5764706134796143
Race: White,970,0.5413793325424194,0.26422762870788574,0.5,0.34574466943740845,0.5284552574157715
Race: Black,970,0.3684210777282715,0.3392857015132904,0.5,0.40425533056259155,0.6785714626312256
Race: Other,970,0.4165714383125305,0.2586206793785095,0.5,0.34090909361839294,0.517241358757019
Overall,971,0.5358680486679077,0.29010239243507385,0.5,0.36717063188552856,0.5802047848701477
Gender: Male,971,0.568728506565094,0.30891719460487366,0.5,0.3818897604942322,0.6178343892097473
Gender: Female,971,0.4929332435131073,0.26838234066963196,0.5,0.34928229451179504,0.5367646813392639
Age: <40,971,0.5772358179092407,0.2949640154838562,0.5,0.3710407316684723,0.5899280905723572
Age: 40-50,971,0.46386945247650146,0.2708333432674408,0.5,0.3513513505458832,0.5416666865348816
Age: 50-65,971,0.5213358402252197,0.29878050088882446,0.5,0.37404578924179077,0.5975609421730042
Race: White,971,0.5760135054588318,0.2846153974533081,0.5,0.36274510622024536,0.5692307949066162
Race: Black,971,0.5740740299224854,0.2857142984867096,0.5,0.3636363744735718,0.5714285969734192
Race: Other,971,0.5002052783966064,0.2957746386528015,0.5,0.37168142199516296,0.591549277305603
Overall,972,0.5346903800964355,0.28938907384872437,0.5,0.36659878492355347,0.5787781476974487
Gender: Male,972,0.5564706325531006,0.2976190447807312,0.5,0.3731343150138855,0.5952380895614624
Gender: Female,972,0.5055555105209351,0.279720276594162,0.5,0.35874438285827637,0.559440553188324
Age: <40,972,0.5776181817054749,0.307407408952713,0.5,0.3807339370250702,0.614814817905426
Age: 40-50,972,0.534077525138855,0.27710843086242676,0.5,0.356589138507843,0.5542168617248535
Age: 50-65,972,0.4822595715522766,0.27419355511665344,0.5,0.3541666567325592,0.5483871102333069
Race: White,972,0.6207983493804932,0.25362318754196167,0.5,0.3365384638309479,0.5072463750839233
Race: Black,972,0.5370370149612427,0.30000001192092896,0.5,0.375,0.6000000238418579
Race: Other,972,0.46014493703842163,0.3216783106327057,0.5,0.3914893567562103,0.6433566212654114
Overall,973,0.4976615607738495,0.27272728085517883,0.5,0.3529411852359772,0.5454545617103577
Gender: Male,973,0.48647522926330566,0.2617647051811218,0.5,0.3436293303966522,0.5235294103622437
Gender: Female,973,0.519631028175354,0.2862318754196167,0.5,0.3640553057193756,0.5724637508392334
Age: <40,973,0.5382051467895508,0.29527559876441956,0.5,0.37128713726997375,0.5905511975288391
Age: 40-50,973,0.5343023538589478,0.2590361535549164,0.5,0.341269850730896,0.518072247505188
Age: 50-65,973,0.4337500333786011,0.2551020383834839,0.5,0.3378378450870514,0.5102040767669678
Race: White,973,0.5369862914085388,0.25524476170539856,0.5,0.33796295523643494,0.5104895234107971
Race: Black,973,0.1931818127632141,0.36666667461395264,0.5,0.42307692766189575,0.7333333492279053
Race: Other,973,0.49955812096595764,0.27037036418914795,0.5,0.3509615361690521,0.5407407283782959
Overall,974,0.5083637237548828,0.2929292917251587,0.5,0.36942675709724426,0.5858585834503174
Gender: Male,974,0.5238180160522461,0.3129032254219055,0.5,0.3849206268787384,0.625806450843811
Gender: Female,974,0.4909090995788574,0.27112674713134766,0.5,0.35159817337989807,0.5422534942626953
Age: <40,974,0.5751560926437378,0.28148147463798523,0.5,0.3601895868778229,0.5629629492759705
Age: 40-50,974,0.37578946352005005,0.28409090638160706,0.5,0.36231884360313416,0.5681818127632141
Age: 50-65,974,0.5424679517745972,0.3243243098258972,0.5,0.39344263076782227,0.6486486792564392
Race: White,974,0.5416841506958008,0.27697840332984924,0.5,0.35648149251937866,0.5539568662643433
Race: Black,974,0.5297619104385376,0.26923078298568726,0.5,0.3499999940395355,0.5384615659713745
Race: Other,974,0.46569952368736267,0.31439393758773804,0.5,0.38604649901390076,0.6287878751754761
Overall,975,0.5239636898040771,0.2733564078807831,0.5,0.35346755385398865,0.5467128157615662
Gender: Male,975,0.48689883947372437,0.2866241931915283,0.5,0.36437246203422546,0.5732483863830566
Gender: Female,975,0.564338207244873,0.25757575035095215,0.5,0.3400000035762787,0.5151515007019043
Age: <40,975,0.6372320652008057,0.280303031206131,0.5,0.35922330617904663,0.560606062412262
Age: 40-50,975,0.4135338366031647,0.28787878155708313,0.5,0.36538460850715637,0.575757622718811
Age: 50-65,975,0.44975847005844116,0.2527472674846649,0.5,0.33576643466949463,0.5054945349693298
Race: White,975,0.6102925539016724,0.28214284777641296,0.5,0.3607305884361267,0.5642856955528259
Race: Black,975,0.7870370149612427,0.30000001192092896,0.5,0.375,0.6000000238418579
Race: Other,975,0.3945732116699219,0.25630253553390503,0.5,0.33888888359069824,0.5126050710678101
Overall,976,0.4801751673221588,0.28547295928001404,0.5,0.3634408712387085,0.5709459781646729
Gender: Male,976,0.4622727036476135,0.3012048304080963,0.5,0.37593984603881836,0.6024096012115479
Gender: Female,976,0.4975053668022156,0.26538461446762085,0.5,0.3467336595058441,0.5307692289352417
Age: <40,976,0.5385753512382507,0.2964285612106323,0.5,0.37219730019569397,0.5928571224212646
Age: 40-50,976,0.4895833134651184,0.25806450843811035,0.5,0.3404255211353302,0.5161290168762207
Age: 50-65,976,0.41111111640930176,0.28723403811454773,0.5,0.36486485600471497,0.5744680762290955
Race: White,976,0.42184096574783325,0.2786885201931,0.5,0.35789474844932556,0.5573770403862
Race: Black,976,0.5111111402511597,0.25,0.5,0.3333333432674408,0.5
Race: Other,976,0.5162389874458313,0.2986111044883728,0.5,0.373913049697876,0.5972222089767456
Overall,977,0.5452007055282593,0.26116839051246643,0.5,0.3431151211261749,0.5223367810249329
Gender: Male,977,0.5170323848724365,0.2738853394985199,0.5,0.3539094626903534,0.5477707386016846
Gender: Female,977,0.5775401592254639,0.24626865983009338,0.5,0.33000001311302185,0.4925372898578644
Age: <40,977,0.6143444776535034,0.26923078298568726,0.5,0.3499999940395355,0.5384615659713745
Age: 40-50,977,0.4146730303764343,0.26760563254356384,0.5,0.3486238420009613,0.5352112650871277
Age: 50-65,977,0.5671191215515137,0.24757280945777893,0.5,0.3311688303947449,0.49514564871788025
Race: White,977,0.6293120980262756,0.25357142090797424,0.5,0.3364928960800171,0.5071428418159485
Race: Black,977,0.4809523820877075,0.2586206793785095,0.5,0.34090909361839294,0.517241358757019
Race: Other,977,0.46266233921051025,0.2704918086528778,0.5,0.3510638177394867,0.5409835577011108
Overall,978,0.5691215395927429,0.26744186878204346,0.5,0.3484848439693451,0.5348837375640869
Gender: Male,978,0.5235382318496704,0.2645348906517029,0.5,0.3460076153278351,0.5290697813034058
Gender: Female,978,0.6307505965232849,0.27131783962249756,0.5,0.35175880789756775,0.5426356792449951
Age: <40,978,0.6017777919769287,0.2777777910232544,0.5,0.3571428656578064,0.555555522441864
Age: 40-50,978,0.6046512126922607,0.17910447716712952,0.5,0.2637362778186798,0.35820895433425903
Age: 50-65,978,0.5039232969284058,0.31313130259513855,0.5,0.38509318232536316,0.6262626051902771
Race: White,978,0.567602276802063,0.2668918967247009,0.5,0.3480176329612732,0.5337837934494019
Race: Black,978,0.4375,0.2857142984867096,0.5,0.3636363744735718,0.5714285969734192
Race: Other,978,0.6104263067245483,0.2639999985694885,0.5,0.34554973244667053,0.527999997138977
Overall,979,0.5985605120658875,0.3118644058704376,0.5,0.38413360714912415,0.6237288117408752
Gender: Male,979,0.5788866877555847,0.29113924503326416,0.5,0.36800000071525574,0.5822784900665283
Gender: Female,979,0.6403381824493408,0.33576643466949463,0.5,0.4017467200756073,0.6715328693389893
Age: <40,979,0.7050011157989502,0.31785714626312256,0.5,0.38864627480506897,0.6357142925262451
Age: 40-50,979,0.3658810257911682,0.22499999403953552,0.5,0.3103448152542114,0.45000001788139343
Age: 50-65,979,0.5713507533073425,0.35789474844932556,0.5,0.4171779155731201,0.7157894968986511
Race: White,979,0.6521176099777222,0.3156028389930725,0.5,0.38695651292800903,0.631205677986145
Race: Black,979,0.5799999833106995,0.30000001192092896,0.5,0.375,0.5999999642372131
Race: Other,979,0.550000011920929,0.3100775182247162,0.5,0.38277512788772583,0.6201550364494324
Overall,980,0.5356643199920654,0.27966102957725525,0.5,0.3586956560611725,0.5593219995498657
Gender: Male,980,0.5899683833122253,0.28994083404541016,0.5,0.3670412003993988,0.5798816680908203
Gender: Female,980,0.46875789761543274,0.2658730149269104,0.5,0.3471502661705017,0.5317460894584656
Age: <40,980,0.5361400842666626,0.29530200362205505,0.5,0.37130802869796753,0.5906040072441101
Age: 40-50,980,0.4227430522441864,0.2647058963775635,0.5,0.3461538553237915,0.529411792755127
Age: 50-65,980,0.6058009266853333,0.2628205120563507,0.5,0.3445378243923187,0.5256410241127014
Race: White,980,0.5995711088180542,0.2931034564971924,0.5,0.3695652186870575,0.5862069129943848
Race: Black,980,0.3999999761581421,0.261904776096344,0.5,0.34375,0.523809552192688
Race: Other,980,0.5140503644943237,0.2721518874168396,0.5,0.35245901346206665,0.544303834438324
Overall,981,0.5142168402671814,0.2906574308872223,0.5,0.36761486530303955,0.5813149213790894
Gender: Male,981,0.5036458373069763,0.3076923191547394,0.5,0.380952388048172,0.6153846383094788
Gender: Female,981,0.5157103538513184,0.27067670226097107,0.5,0.35121950507164,0.5413534045219421
Age: <40,981,0.5324786305427551,0.31690141558647156,0.5,0.38793104887008667,0.6338028311729431
Age: 40-50,981,0.46071428060531616,0.26119402050971985,0.5,0.343137264251709,0.5223880410194397
Age: 50-65,981,0.5298554301261902,0.26875001192092896,0.5,0.34959349036216736,0.5375000238418579
Race: White,981,0.5013077259063721,0.31313130259513855,0.5,0.38509318232536316,0.6262626051902771
Race: Black,981,0.5664335489273071,0.3142857253551483,0.5,0.38596490025520325,0.6285714507102966
Race: Other,981,0.5134137868881226,0.2709677517414093,0.5,0.3514644205570221,0.5419355034828186
Overall,982,0.5128737688064575,0.28859061002731323,0.5,0.36595743894577026,0.5771812200546265
Gender: Male,982,0.47641587257385254,0.2916666567325592,0.5,0.3684210479259491,0.5833333134651184
Gender: Female,982,0.5519125461578369,0.2852112650871277,0.5,0.3632287085056305,0.5704225301742554
Age: <40,982,0.576764702796936,0.2881355881690979,0.5,0.3655914068222046,0.5762711763381958
Age: 40-50,982,0.4517184793949127,0.2732558250427246,0.5,0.35338345170021057,0.5465116500854492
Age: 50-65,982,0.4954954981803894,0.30319148302078247,0.5,0.37748345732688904,0.6063829660415649
Race: White,982,0.6029255390167236,0.31496062874794006,0.5,0.3864734172821045,0.6299212574958801
Race: Black,982,0.6177778244018555,0.25,0.5,0.3333333432674408,0.5
Race: Other,982,0.42918020486831665,0.27304965257644653,0.5,0.35321101546287537,0.5460992455482483
Overall,983,0.4530779719352722,0.284280925989151,0.5,0.36247333884239197,0.568561851978302
Gender: Male,983,0.46779054403305054,0.27906978130340576,0.5,0.35820895433425903,0.5581395626068115
Gender: Female,983,0.4370219111442566,0.29133859276771545,0.5,0.3681592047214508,0.5826771855354309
Age: <40,983,0.46960484981536865,0.3206106722354889,0.5,0.3906976878643036,0.6412214040756226
Age: 40-50,983,0.4849624037742615,0.28787878155708313,0.5,0.36538460850715637,0.575757622718811
Age: 50-65,983,0.395061731338501,0.23529411852359772,0.5,0.3199999928474426,0.4705882668495178
Race: White,983,0.4594302177429199,0.2783018946647644,0.5,0.35757574439048767,0.5566037893295288
Race: Black,983,0.5423077344894409,0.3030303120613098,0.5,0.37735849618911743,0.6060606241226196
Race: Other,983,0.45182353258132935,0.28437501192092896,0.5,0.3625498116016388,0.5687500238418579
Overall,984,0.5116444826126099,0.3090277910232544,0.5,0.3819742500782013,0.6180555820465088
Gender: Male,984,0.5240697860717773,0.3343749940395355,0.5,0.4007490575313568,0.668749988079071
Gender: Female,984,0.4996293783187866,0.27734375,0.5,0.356783926486969,0.5546875
Age: <40,984,0.5963964462280273,0.31092438101768494,0.5,0.3834196925163269,0.6218487620353699
Age: 40-50,984,0.5503029823303223,0.3012048304080963,0.5,0.37593984603881836,0.6024096012115479
Age: 50-65,984,0.3709490895271301,0.3139534890651703,0.5,0.3857142925262451,0.6279069781303406
Race: White,984,0.5328525900840759,0.3095238208770752,0.5,0.38235294818878174,0.6190476417541504
Race: Black,984,0.529411792755127,0.3695652186870575,0.5,0.42500001192092896,0.739130437374115
Race: Other,984,0.5096815824508667,0.298561155796051,0.5,0.37387385964393616,0.597122311592102
Overall,985,0.5392156839370728,0.2871621549129486,0.5,0.3648068606853485,0.5743243098258972
Gender: Male,985,0.4790154695510864,0.2911764681339264,0.5,0.36802974343299866,0.5823529362678528
Gender: Female,985,0.619462251663208,0.2817460298538208,0.5,0.3604061007499695,0.5634921193122864
Age: <40,985,0.6547979712486267,0.3308270573616028,0.5,0.39819005131721497,0.6616541743278503
Age: 40-50,985,0.4261954426765442,0.2434210479259491,0.5,0.32743361592292786,0.4868420958518982
Age: 50-65,985,0.47989416122436523,0.2586206793785095,0.5,0.34090909361839294,0.517241358757019
Race: White,985,0.6317204236984253,0.26724138855934143,0.5,0.3483146131038666,0.5344827771186829
Race: Black,985,0.5666666030883789,0.2631579041481018,0.5,0.3448275923728943,0.5263158082962036
Race: Other,985,0.47285354137420654,0.30985915660858154,0.5,0.38260868191719055,0.6197183132171631
Overall,986,0.5997357368469238,0.2940199375152588,0.5,0.37029287219047546,0.5880398750305176
Gender: Male,986,0.6651681661605835,0.2898089289665222,0.5,0.36693549156188965,0.5796178579330444
Gender: Female,986,0.5447072982788086,0.2986111044883728,0.5,0.373913049697876,0.5972222089767456
Age: <40,986,0.6161376237869263,0.2822580635547638,0.5,0.36082473397254944,0.5645161271095276
Age: 40-50,986,0.5773857831954956,0.2986111044883728,0.5,0.373913049697876,0.5972222089767456
Age: 50-65,986,0.5967987775802612,0.3047619163990021,0.5,0.3786982297897339,0.6095238327980042
Race: White,986,0.6563025116920471,0.3014184534549713,0.5,0.3761062026023865,0.6028368473052979
Race: Black,986,0.6071428060531616,0.25,0.5,0.3333333432674408,0.5
Race: Other,986,0.5567426681518555,0.2954545319080353,0.5,0.37142857909202576,0.5909091234207153
Overall,987,0.4695701599121094,0.27226027846336365,0.5,0.35254988074302673,0.5445205569267273
Gender: Male,987,0.47996973991394043,0.2857142984867096,0.5,0.3636363744735718,0.5714285373687744
Gender: Female,987,0.4641904830932617,0.2586206793785095,0.5,0.34090909361839294,0.517241358757019
Age: <40,987,0.5309289693832397,0.2757352888584137,0.5,0.35545024275779724,0.5514705777168274
Age: 40-50,987,0.3906809985637665,0.23134328424930573,0.5,0.3163265287876129,0.46268656849861145
Age: 50-65,987,0.44025155901908875,0.2977527976036072,0.5,0.3732394278049469,0.5955055952072144
Race: White,987,0.5582571029663086,0.25968992710113525,0.5,0.34183672070503235,0.5193798542022705
Race: Black,987,0.5473684072494507,0.32758620381355286,0.5,0.3958333432674408,0.6551724076271057
Race: Other,987,0.4046710133552551,0.2723880708217621,0.5,0.3526569902896881,0.5447760820388794
Overall,988,0.5824358463287354,0.274350643157959,0.5,0.3542976975440979,0.548701286315918
Gender: Male,988,0.6092292666435242,0.3031249940395355,0.5,0.3774318993091583,0.606249988079071
Gender: Female,988,0.558845043182373,0.2432432472705841,0.5,0.3272727131843567,0.4864864945411682
Age: <40,988,0.6321594715118408,0.2638888955116272,0.5,0.34545454382896423,0.5277777910232544
Age: 40-50,988,0.5198135375976562,0.22033898532390594,0.5,0.30588236451148987,0.4406779706478119
Age: 50-65,988,0.5404556393623352,0.31904762983322144,0.5,0.3895348906517029,0.6380952596664429
Race: White,988,0.6973373889923096,0.2774193584918976,0.5,0.35684648156166077,0.5548387169837952
Race: Black,988,0.7222222089767456,0.2857142984867096,0.5,0.3636363744735718,0.5714285969734192
Race: Other,988,0.44470101594924927,0.26893940567970276,0.5,0.3497537076473236,0.5378788113594055
Overall,989,0.5153993368148804,0.30689653754234314,0.5,0.38034188747406006,0.6137930750846863
Gender: Male,989,0.5215517282485962,0.3253012001514435,0.5,0.39416059851646423,0.650602400302887
Gender: Female,989,0.50343918800354,0.2822580635547638,0.5,0.36082473397254944,0.5645161271095276
Age: <40,989,0.5091358423233032,0.3091602921485901,0.5,0.3820754587650299,0.6183205842971802
Age: 40-50,989,0.3870689868927002,0.28985506296157837,0.5,0.3669724762439728,0.5797101259231567
Age: 50-65,989,0.5975544452667236,0.3166666626930237,0.5,0.3877550959587097,0.6333333253860474
Race: White,989,0.565333366394043,0.3214285671710968,0.5,0.3913043439388275,0.6428571343421936
Race: Black,989,0.7366071343421936,0.2666666805744171,0.5,0.3478260934352875,0.5333333611488342
Race: Other,989,0.4337384104728699,0.30000001192092896,0.5,0.375,0.6000000238418579
Overall,990,0.4895772933959961,0.3193979859352112,0.5,0.3897959291934967,0.6387959718704224
Gender: Male,990,0.43428730964660645,0.3296089470386505,0.5,0.3973063826560974,0.6592178344726562
Gender: Female,990,0.5695132613182068,0.30416667461395264,0.5,0.37823835015296936,0.6083333492279053
Age: <40,990,0.5742021203041077,0.31496062874794006,0.5,0.3864734172821045,0.6299212574958801
Age: 40-50,990,0.3136363625526428,0.3188405930995941,0.5,0.389380544424057,0.6376811861991882
Age: 50-65,990,0.5165838003158569,0.3252427279949188,0.5,0.39411765336990356,0.6504854559898376
Race: White,990,0.5354651212692261,0.341269850730896,0.5,0.40566039085388184,0.682539701461792
Race: Black,990,0.61654132604599,0.28787878155708313,0.5,0.36538460850715637,0.575757622718811
Race: Other,990,0.44659775495529175,0.30714285373687744,0.5,0.38053098320961,0.6142857074737549
Overall,991,0.5146306753158569,0.2815699577331543,0.5,0.360262006521225,0.5631399154663086
Gender: Male,991,0.4803542494773865,0.2830188572406769,0.5,0.3614457845687866,0.5660377144813538
Gender: Female,991,0.5550282597541809,0.2798507511615753,0.5,0.35885167121887207,0.5597015023231506
Age: <40,991,0.5584905743598938,0.30075186491012573,0.5,0.3755868673324585,0.6015037894248962
Age: 40-50,991,0.3067227005958557,0.25362318754196167,0.5,0.3365384638309479,0.5072463750839233
Age: 50-65,991,0.6180487871170044,0.2747252881526947,0.5,0.3546099364757538,0.5494505763053894
Race: White,991,0.6178160905838013,0.2769230902194977,0.5,0.3564356565475464,0.5538461804389954
Race: Black,991,0.5,0.27419355511665344,0.5,0.3541666567325592,0.5483870506286621
Race: Other,991,0.43632519245147705,0.28787878155708313,0.5,0.36538460850715637,0.575757622718811
Overall,992,0.5880274772644043,0.2827586233615875,0.5,0.3612334728240967,0.565517246723175
Gender: Male,992,0.5459864139556885,0.2832369804382324,0.5,0.361623615026474,0.5664739608764648
Gender: Female,992,0.6544860601425171,0.28205129504203796,0.5,0.3606557250022888,0.5641025900840759
Age: <40,992,0.7411305904388428,0.27941176295280457,0.5,0.35849055647850037,0.5588235259056091
Age: 40-50,992,0.4935574233531952,0.29651162028312683,0.5,0.37226277589797974,0.5930232405662537
Age: 50-65,992,0.5205745697021484,0.27450981736183167,0.5,0.3544303774833679,0.5490196347236633
Race: White,992,0.6394604444503784,0.30000001192092896,0.5,0.375,0.5999999642372131
Race: Black,992,0.6818181276321411,0.239130437374115,0.5,0.3235294222831726,0.47826087474823
Race: Other,992,0.5368055105209351,0.27272728085517883,0.5,0.3529411852359772,0.5454545617103577
Overall,993,0.5828195810317993,0.2983606457710266,0.5,0.3737166225910187,0.5967212915420532
Gender: Male,993,0.5515850782394409,0.3258427083492279,0.5,0.3945578336715698,0.6516854166984558
Gender: Female,993,0.61723792552948,0.25984251499176025,0.5,0.34196892380714417,0.5196850299835205
Age: <40,993,0.6836134195327759,0.3014184534549713,0.5,0.3761062026023865,0.6028368473052979
Age: 40-50,993,0.46666669845581055,0.2857142984867096,0.5,0.3636363744735718,0.5714285969734192
Age: 50-65,993,0.5244191288948059,0.30319148302078247,0.5,0.37748345732688904,0.6063829660415649
Race: White,993,0.6275324821472168,0.30314961075782776,0.5,0.37745097279548645,0.6062992215156555
Race: Black,993,0.7268908023834229,0.22580644488334656,0.5,0.31111112236976624,0.4516128897666931
Race: Other,993,0.5268838405609131,0.3095238208770752,0.5,0.38235294818878174,0.6190475821495056
Overall,994,0.6335678100585938,0.29139071702957153,0.5,0.3682008385658264,0.5827814340591431
Gender: Male,994,0.6180979013442993,0.3125,0.5,0.38461539149284363,0.625
Gender: Female,994,0.6457327008247375,0.27000001072883606,0.5,0.350649356842041,0.5400000214576721
Age: <40,994,0.6936169862747192,0.30519479513168335,0.5,0.3790322542190552,0.6103895902633667
Age: 40-50,994,0.5748847723007202,0.23728813230991364,0.5,0.3218390941619873,0.47457626461982727
Age: 50-65,994,0.5756613612174988,0.30337077379226685,0.5,0.3776223659515381,0.6067416071891785
Race: White,994,0.6991196870803833,0.26490065455436707,0.5,0.34632036089897156,0.5298013091087341
Race: Black,994,0.5178571939468384,0.3181818127632141,0.5,0.3888888955116272,0.6363636255264282
Race: Other,994,0.5716139078140259,0.3178294599056244,0.5,0.3886255919933319,0.6356589198112488
Overall,995,0.5933023691177368,0.28327643871307373,0.5,0.3616557717323303,0.5665528774261475
Gender: Male,995,0.6011347770690918,0.2781065106391907,0.5,0.35741445422172546,0.5562130212783813
Gender: Female,995,0.5860042572021484,0.29032257199287415,0.5,0.36734694242477417,0.5806451439857483
Age: <40,995,0.6733267307281494,0.2984496057033539,0.5,0.37378641963005066,0.5968992114067078
Age: 40-50,995,0.5308879613876343,0.2846153974533081,0.5,0.36274510622024536,0.5692307949066162
Age: 50-65,995,0.5327332019805908,0.2626262605190277,0.5,0.34437087178230286,0.5252525210380554
Race: White,995,0.6168643236160278,0.2782258093357086,0.5,0.3575129508972168,0.5564516186714172
Race: Black,995,0.5909090638160706,0.239130437374115,0.5,0.3235294222831726,0.47826087474823
Race: Other,995,0.5732558369636536,0.2945205569267273,0.5,0.37068966031074524,0.5890411138534546
Overall,996,0.5677539110183716,0.30730897188186646,0.5,0.38065844774246216,0.6146179437637329
Gender: Male,996,0.6023809909820557,0.30674847960472107,0.5,0.3802281320095062,0.6134968996047974
Gender: Female,996,0.5342952013015747,0.3079710006713867,0.5,0.38116592168807983,0.6159420609474182
Age: <40,996,0.5797618627548218,0.2862595319747925,0.5,0.3640776574611664,0.572519063949585
Age: 40-50,996,0.5070270299911499,0.2983871102333069,0.5,0.3737373650074005,0.596774160861969
Age: 50-65,996,0.5682975053787231,0.33796295523643494,0.5,0.4033149182796478,0.6759259104728699
Race: White,996,0.6604198217391968,0.32706767320632935,0.5,0.3954545557498932,0.6541353464126587
Race: Black,996,0.6380090713500977,0.28333333134651184,0.5,0.3617021143436432,0.5666667222976685
Race: Other,996,0.4966428577899933,0.29347825050354004,0.5,0.36986300349235535,0.5869565606117249
Overall,997,0.6110963821411133,0.31350481510162354,0.5,0.3853754997253418,0.6270096302032471
Gender: Male,997,0.5705513954162598,0.30978259444236755,0.5,0.38255032896995544,0.6195652484893799
Gender: Female,997,0.6763285398483276,0.31889763474464417,0.5,0.38942307233810425,0.6377952694892883
Age: <40,997,0.7408370971679688,0.3107142746448517,0.5,0.38325992226600647,0.6214285492897034
Age: 40-50,997,0.5587719678878784,0.27941176295280457,0.5,0.35849055647850037,0.5588235259056091
Age: 50-65,997,0.47532469034194946,0.33980581164360046,0.5,0.4046242833137512,0.6796116828918457
Race: White,997,0.6218189001083374,0.34228187799453735,0.5,0.4063745141029358,0.6845637559890747
Race: Black,997,0.5625,0.25,0.5,0.3333333432674408,0.5
Race: Other,997,0.6206812262535095,0.29615384340286255,0.5,0.3719806671142578,0.5923076868057251
Overall,998,0.5685151815414429,0.2847682237625122,0.5,0.3628692030906677,0.5695364475250244
Gender: Male,998,0.5564063787460327,0.29597702622413635,0.5,0.371841162443161,0.5919539928436279
Gender: Female,998,0.5804470777511597,0.26953125,0.5,0.3502538204193115,0.5390625
Age: <40,998,0.6139774918556213,0.305970162153244,0.5,0.37962964177131653,0.6119402647018433
Age: 40-50,998,0.49049705266952515,0.2432432472705841,0.5,0.3272727131843567,0.4864864945411682
Age: 50-65,998,0.572685182094574,0.28723403811454773,0.5,0.36486485600471497,0.5744680762290955
Race: White,998,0.6075148582458496,0.2922535240650177,0.5,0.36888888478279114,0.5845070481300354
Race: Black,998,0.5384615659713745,0.24074074625968933,0.5,0.32499998807907104,0.48148149251937866
Race: Other,998,0.540397047996521,0.2857142984867096,0.5,0.3636363744735718,0.5714285969734192
Overall,999,0.5523708462715149,0.2607973515987396,0.5,0.3427947461605072,0.5215946435928345
Gender: Male,999,0.5419859886169434,0.27358490228652954,0.5,0.353658527135849,0.5471698045730591
Gender: Female,999,0.5601190328598022,0.246478870511055,0.5,0.33018869161605835,0.49295774102211
Age: <40,999,0.6111111640930176,0.28346458077430725,0.5,0.36180904507637024,0.5669291019439697
Age: 40-50,999,0.4490254819393158,0.19333332777023315,0.5,0.2788461446762085,0.3866666853427887
Age: 50-65,999,0.5548173189163208,0.28282827138900757,0.5,0.3612903356552124,0.5656565427780151
Race: White,999,0.6113913059234619,0.28057554364204407,0.5,0.35944700241088867,0.5611510872840881
Race: Black,999,0.5888888835906982,0.2631579041481018,0.5,0.3448275923728943,0.5263158082962036
Race: Other,999,0.5160595178604126,0.24125874042510986,0.5,0.3254716992378235,0.4825174808502197
